thermal_demand;electricity_price;co2_price;gas_price
0.576714824;50.05;82.25;70.807
0.577404222;41.33;82.25;70.807
0.573565963;43.22;82.25;70.807
0.566674212;45.46;82.25;70.807
0.567115353;37.67;82.25;70.807
0.571046037;39.7;82.25;70.807
0.563588191;40.59;82.25;70.807
0.574651346;43.26;82.25;70.807
0.589555902;49.66;82.25;70.807
0.63459964;70.05;82.25;70.807
0.639707068;76.79;82.25;70.807
0.671873028;84.1;82.25;70.807
0.67632593;94.74;82.25;70.807
0.714153579;96.8;82.25;70.807
0.696800753;97.17;82.25;70.807
0.697927807;101;82.25;70.807
0.70975863;126.6;82.25;70.807
0.66486599;149.97;82.25;70.807
0.671904367;146.33;82.25;70.807
0.641796917;140.28;82.25;70.807
0.679285034;121.88;82.25;70.807
0.666183672;102.61;82.25;70.807
0.645783462;97.46;82.25;70.807
0.638852324;85.16;82.25;70.807
0.635862329;57.08;82.25;70.807
0.622226484;52.59;82.25;70.807
0.618023959;48.97;82.25;70.807
0.60247822;34.94;82.25;70.807
0.601885253;29.56;82.25;70.807
0.60558017;33.97;82.25;70.807
0.619336489;34.52;82.25;70.807
0.630950335;41.8;82.25;70.807
0.624109712;48.95;82.25;70.807
0.645336453;60.01;82.25;70.807
0.632250515;70.09;82.25;70.807
0.626482149;66.26;82.25;70.807
0.599112205;64.54;82.25;70.807
0.599677542;46.96;82.25;70.807
0.585072171;40.01;82.25;70.807
0.592935095;29.11;82.25;70.807
0.610688814;32.76;82.25;70.807
0.574946129;42.97;82.25;70.807
0.606685743;60.96;82.25;70.807
0.601882323;60.94;82.25;70.807
0.630341857;54.12;82.25;70.807
0.606281163;46.16;82.25;70.807
0.589507854;46.29;82.25;70.807
0.570746476;32.93;82.25;70.807
0.55318884;0.31;82.25;70.807
0.538834075;-0.01;82.25;70.807
0.532714596;-0.07;82.25;70.807
0.539204006;-1.05;82.25;70.807
0.548016219;-1;82.25;70.807
0.584559577;0.32;82.25;70.807
0.624801832;37.55;82.25;70.807
0.663661177;88.76;82.25;70.807
0.660727844;122.93;82.25;70.807
0.664636981;110.17;82.25;70.807
0.637179304;93.38;82.25;70.807
0.640216;90.73;82.25;70.807
0.619043074;82.37;82.25;70.807
0.640301529;80.9;82.25;70.807
0.643436294;80.99;82.25;70.807
0.67090135;98.05;82.25;70.807
0.683374668;123.51;82.25;70.807
0.640850338;148.49;82.25;70.807
0.648900074;138;82.25;70.807
0.639080983;117.64;82.25;70.807
0.677018525;117.71;82.25;70.807
0.646441782;95.95;82.25;70.807
0.635564257;105.68;82.25;70.807
0.612421947;95.26;82.25;70.807
0.594649007;103.7;82.25;70.807
0.573609644;108.27;82.25;70.807
0.560729305;105.92;82.25;70.807
0.550806305;103.41;82.25;70.807
0.567682008;102.71;82.25;70.807
0.621258865;114.23;82.25;70.807
0.66770312;156.91;82.25;70.807
0.737736563;182.64;82.25;70.807
0.748416968;178.91;82.25;70.807
0.782903954;190;82.25;70.807
0.762576124;189.88;82.25;70.807
0.787311963;182.42;82.25;70.807
0.778139344;182.46;82.25;70.807
0.772824544;179.59;82.25;70.807
0.751626495;179;82.25;70.807
0.744988889;180.93;82.25;70.807
0.750576463;166.69;82.25;70.807
0.719916166;189.88;82.25;70.807
0.738797296;184.94;82.25;70.807
0.726467627;178.99;82.25;70.807
0.781019262;156.12;82.25;70.807
0.75845731;140.92;82.25;70.807
0.713718871;137.92;82.25;70.807
0.675636418;97.56;82.25;70.807
0.656906148;105.31;82.25;91.338
0.641510534;97.29;82.25;91.338
0.632531787;84.5;82.25;91.338
0.630526096;75.38;82.25;91.338
0.642563322;79.11;82.25;91.338
0.658705272;94.79;82.25;91.338
0.678238457;99.16;82.25;91.338
0.713188421;101.15;82.25;91.338
0.719249417;129.56;82.25;91.338
0.747441276;113.37;82.25;91.338
0.753365543;94.43;82.25;91.338
0.769634034;98.1;82.25;91.338
0.750014407;95.68;82.25;91.338
0.782333724;96.8;82.25;91.338
0.774890217;107.32;82.25;91.338
0.771129218;119.48;82.25;91.338
0.786645424;137.28;82.25;91.338
0.762482328;148.09;82.25;91.338
0.782003309;139.88;82.25;91.338
0.747432023;135.75;82.25;91.338
0.762524334;119.93;82.25;91.338
0.75527514;98.09;82.25;91.338
0.773987907;118.71;82.25;91.338
0.753387733;99.68;82.25;91.338
0.750986609;99.85;82.25;92.598
0.739860011;101.32;82.25;92.598
0.737021468;110.01;82.25;92.598
0.734686476;111.55;82.25;92.598
0.749690664;123.37;82.25;92.598
0.764859209;149.94;82.25;92.598
0.774146742;185.92;82.25;92.598
0.803382098;228.25;82.25;92.598
0.852687991;228.92;82.25;92.598
0.911844119;212.9;82.25;92.598
0.904355927;215.5;82.25;92.598
0.940105247;231.9;82.25;92.598
0.92121574;226;82.25;92.598
0.918084811;209.2;82.25;92.598
0.889655913;216.06;82.25;92.598
0.887046768;230.77;82.25;92.598
0.889069091;245.95;82.25;92.598
0.862140644;274.11;82.25;92.598
0.889360767;273.44;82.25;92.598
0.878214487;245.48;82.25;92.598
0.886652335;226.14;82.25;92.598
0.87041104;208.31;82.25;92.598
0.856021926;178.75;82.25;92.598
0.853941386;124.7;82.25;92.598
0.83053011;128.92;82.25;94.548
0.803816627;118.4;82.25;94.548
0.80592557;103.01;82.25;94.548
0.802071938;101.91;82.25;94.548
0.813608988;101.98;82.25;94.548
0.821372288;114.99;82.25;94.548
0.829877016;140.19;82.25;94.548
0.866638605;152.64;82.25;94.548
0.881653418;160.97;82.25;94.548
0.919816538;161.85;82.25;94.548
0.906453073;161.37;82.25;94.548
0.917557046;166.06;82.25;94.548
0.884324711;166.54;82.25;94.548
0.886323357;166.04;82.25;94.548
0.873972152;169.43;82.25;94.548
0.879238053;189.7;82.25;94.548
0.87889328;201.97;82.25;94.548
0.830622298;243.11;82.25;94.548
0.834432477;253.81;82.25;94.548
0.789854083;237.05;82.25;94.548
0.810045433;224.33;82.25;94.548
0.780174045;213.81;82.25;94.548
0.738559776;185.94;82.25;94.548
0.714791521;148.32;82.25;94.548
0.693654059;164.17;82.25;90.886
0.686214443;152.83;82.25;90.886
0.674444086;166;82.25;90.886
0.669481712;160.86;82.25;90.886
0.68498035;160;82.25;90.886
0.728163597;154.3;82.25;90.886
0.777373429;166;82.25;90.886
0.822010773;182.91;82.25;90.886
0.782152566;215.89;82.25;90.886
0.780477741;231;82.25;90.886
0.760254238;228.95;82.25;90.886
0.769055672;215.39;82.25;90.886
0.753205179;206.68;82.25;90.886
0.761053746;185;82.25;90.886
0.759350415;169.52;82.25;90.886
0.773975357;162.8;82.25;90.886
0.786736654;161.34;82.25;90.886
0.76785631;189.9;82.25;90.886
0.797157037;170.71;82.25;90.886
0.791519345;140.23;82.25;90.886
0.804592098;102.54;82.25;90.886
0.764983683;102.18;82.25;90.886
0.733657141;102.29;82.25;90.886
0.700783554;90.05;82.25;90.886
0.679748465;85.03;82.25;90.886
0.675876452;84.4;82.25;90.886
0.664965641;80.24;82.25;90.886
0.663345893;55.46;82.25;90.886
0.660830939;49.29;82.25;90.886
0.688304325;50.64;82.25;90.886
0.734455746;74.29;82.25;90.886
0.785702349;84.44;82.25;90.886
0.756855244;97.26;82.25;90.886
0.764393393;119.97;82.25;90.886
0.738608424;134.96;82.25;90.886
0.736178931;149.4;82.25;90.886
0.726577515;165.13;82.25;90.886
0.744826307;165.06;82.25;90.886
0.744815156;170.09;82.25;90.886
0.762756305;189.04;82.25;90.886
0.78897046;190.96;82.25;90.886
0.751506702;223.3;82.25;90.886
0.772070547;243.94;82.25;90.886
0.758513631;240;82.25;90.886
0.805148212;230.82;82.25;90.886
0.804618023;214.02;82.25;90.886
0.792437354;215.88;82.25;90.886
0.74892208;203.8;82.25;90.886
0.720843382;196.23;82.25;91.43
0.704211616;191.85;82.25;91.43
0.707026004;195.91;82.25;91.43
0.714245477;186.66;82.25;91.43
0.721407502;178.04;82.25;91.43
0.754061018;191.65;82.25;91.43
0.814301477;237.44;82.25;91.43
0.852190829;299.95;82.25;91.43
0.833029415;313.92;82.25;91.43
0.824930327;315;82.25;91.43
0.797918891;310.41;82.25;91.43
0.800364493;310.08;82.25;91.43
0.782919484;300;82.25;91.43
0.801240251;297.01;82.25;91.43
0.814792305;299.96;82.25;91.43
0.822354577;306.45;82.25;91.43
0.840408939;302.73;82.25;91.43
0.810417792;315.47;82.25;91.43
0.822634566;310.82;82.25;91.43
0.79980012;294.98;82.25;91.43
0.827996743;267.45;82.25;91.43
0.821474253;242.29;82.25;91.43
0.792690399;217.03;82.25;91.43
0.764401898;195.83;82.25;91.43
0.743743289;210.34;82.25;88.498
0.741793692;202.42;82.25;88.498
0.74589737;197.6;82.25;88.498
0.767562832;193;82.25;88.498
0.788608844;194.9;82.25;88.498
0.851976576;204.45;82.25;88.498
0.936743668;237.13;82.25;88.498
0.977059735;298.68;82.25;88.498
0.912926209;302.02;82.25;88.498
0.878953046;297.16;82.25;88.498
0.839510544;277.02;82.25;88.498
0.821954607;266.43;82.25;88.498
0.783589814;254.92;82.25;88.498
0.785470421;248.89;82.25;88.498
0.786025164;255.01;82.25;88.498
0.813578101;277.9;82.25;88.498
0.845687536;289.94;82.25;88.498
0.823453371;316.4;82.25;88.498
0.847994949;315.9;82.25;88.498
0.812310168;309.2;82.25;88.498
0.841622783;285.33;82.25;88.498
0.824847554;245.44;82.25;88.498
0.788466238;237.27;82.25;88.498
0.739841174;212.49;82.25;88.498
0.703069901;196.65;82.25;82.675
0.688886664;187.1;82.25;82.675
0.696920184;184.27;82.25;82.675
0.688631778;179.58;82.25;82.675
0.699121307;178.33;82.25;82.675
0.728974615;193.5;82.25;82.675
0.807046458;240.56;82.25;82.675
0.871298548;273.18;82.25;82.675
0.855551904;300.1;82.25;82.675
0.861475757;292.74;82.25;82.675
0.832639334;275.5;82.25;82.675
0.824636513;258.65;82.25;82.675
0.793576593;245.11;82.25;82.675
0.809441847;232.08;82.25;82.675
0.806864843;234.77;82.25;82.675
0.805889564;240.01;82.25;82.675
0.81858797;255;82.25;82.675
0.785823298;284.82;82.25;82.675
0.807675738;285.97;82.25;82.675
0.776387023;269.03;82.25;82.675
0.788215527;235.25;82.25;82.675
0.752640656;191.5;82.25;82.675
0.701251226;193.69;82.25;82.675
0.664960106;172.18;82.25;82.675
0.642226662;173.14;82.25;79.105
0.628454508;161.69;82.25;79.105
0.621777884;153.58;82.25;79.105
0.616135881;147.07;82.25;79.105
0.622638967;152.47;82.25;79.105
0.645064634;171.26;82.25;79.105
0.660879162;192.03;82.25;79.105
0.697497333;215.24;82.25;79.105
0.721733884;235.9;82.25;79.105
0.763645867;219.99;82.25;79.105
0.77455167;180.08;82.25;79.105
0.792399452;170.16;82.25;79.105
0.774309581;152.53;82.25;79.105
0.766055175;134.13;82.25;79.105
0.732344329;171.01;82.25;79.105
0.736555115;201.59;82.25;79.105
0.758493267;205.38;82.25;79.105
0.712129123;220.3;82.25;79.105
0.718437964;212.76;82.25;79.105
0.696140926;210;82.25;79.105
0.711400831;192.69;82.25;79.105
0.685750533;164.46;82.25;79.105
0.670155816;164.2;82.25;79.105
0.644631172;122.09;82.25;79.105
0.623692146;120.04;82.25;79.105
0.606737153;110.03;82.25;79.105
0.602220215;108.24;82.25;79.105
0.596352645;107.46;82.25;79.105
0.598125264;109.82;82.25;79.105
0.602114432;140.52;82.25;79.105
0.60301709;176.04;82.25;79.105
0.643208842;190.97;82.25;79.105
0.700490293;216.99;82.25;79.105
0.781055442;196.91;82.25;79.105
0.80216145;162.92;82.25;79.105
0.779740841;160.04;81.7;79.105
0.743914181;154.01;81.52;79.105
0.793292465;152.29;81.52;79.105
0.789214037;186.94;81.52;79.105
0.814145634;217.18;81.52;79.105
0.833573092;224.91;81.52;79.105
0.807592338;262;81.52;79.105
0.826018003;260.04;81.52;79.105
0.809526382;234.32;81.52;79.105
0.837104997;215.04;81.52;79.105
0.814350786;204.39;81.52;79.105
0.795207608;194.29;81.52;79.105
0.752558924;184.9;81.52;79.105
0.726830147;222.01;81.52;89.824
0.706339353;205.08;81.52;89.824
0.705776776;194.62;81.52;89.824
0.714249631;182.64;81.52;89.824
0.743081386;187.83;81.52;89.824
0.810747857;190.58;81.52;89.824
0.861252538;190.27;81.52;89.824
0.876420364;204.46;81.52;89.824
0.844669901;212.84;81.52;89.824
0.872840721;230;81.52;89.824
0.839037605;222.39;81.52;89.824
0.821282091;214.92;81.52;89.824
0.81145264;208.43;81.52;89.824
0.845972119;200;81.52;89.824
0.82912737;203.09;81.52;89.824
0.834601756;213.98;81.52;89.824
0.857874304;226.32;81.52;89.824
0.840847142;260;81.52;89.824
0.855076257;267.03;81.52;89.824
0.830823867;261.41;81.52;89.824
0.8565856;243.62;81.52;89.824
0.83310577;220.1;81.52;89.824
0.784949097;212.85;81.52;89.824
0.749170471;209.41;81.52;89.824
0.721635058;225.92;81.52;89.824
0.701829847;216;81.52;89.824
0.683811619;189.49;81.52;89.824
0.667826115;181.98;81.52;89.824
0.666076804;174.98;81.52;89.824
0.696557681;165.91;81.52;89.824
0.734582738;118.71;81.52;89.824
0.757171321;119.45;81.52;89.824
0.706084276;125.86;81.52;89.824
0.725813459;129.46;81.52;89.824
0.719946629;125.99;81.52;89.824
0.728567961;131.83;81.52;89.824
0.710263714;123.01;81.52;89.824
0.74856741;122.49;81.52;89.824
0.758967351;102.67;81.52;89.824
0.760671439;121.95;81.52;89.824
0.748809841;115;81.52;89.824
0.704815362;125.42;81.52;89.824
0.733334785;112.4;81.52;89.824
0.727205537;97.49;81.52;89.824
0.774156153;90.14;81.52;89.824
0.769861104;97.09;81.52;89.824
0.739724545;93.85;81.52;89.824
0.703623704;87.2;81.52;89.824
0.684824733;78.08;81.52;90.021
0.672087255;34;81.52;90.021
0.677374965;12.33;81.52;90.021
0.6866673;10.09;81.52;90.021
0.718843447;12.83;81.52;90.021
0.785209633;36.16;81.52;90.021
0.844168634;92.03;81.52;90.021
0.873792486;102.8;81.52;90.021
0.847953269;126;81.52;90.021
0.837038444;100.9;81.52;90.021
0.793625586;112.03;81.52;90.021
0.773167027;111.25;81.52;90.021
0.751938751;100.58;81.52;90.021
0.787268996;111.65;81.52;90.021
0.8008134;127.38;81.52;90.021
0.8322402;168.85;81.52;90.021
0.850886839;199.85;81.52;90.021
0.841626528;249.99;81.52;90.021
0.875611159;254.37;81.52;90.021
0.858114811;237.28;81.52;90.021
0.879662069;220;81.52;90.021
0.847218604;215.94;81.52;90.021
0.81129354;209.16;81.52;90.021
0.776053608;180;81.52;90.021
0.763360387;188.94;81.52;80.637
0.751548799;192.68;81.52;80.637
0.751335499;180.09;81.52;80.637
0.758191631;188.09;81.52;80.637
0.769748323;193.99;81.52;80.637
0.821092291;205.07;81.52;80.637
0.915432383;229.1;81.52;80.637
0.961083188;273.71;81.52;80.637
0.937183963;294.4;81.52;80.637
0.915906116;290.64;81.52;80.637
0.861651459;275.4;81.52;80.637
0.83600149;265.1;81.52;80.637
0.788599762;250;81.52;80.637
0.802528192;244.27;81.52;80.637
0.791361597;243.02;81.52;80.637
0.804884694;249.22;81.52;80.637
0.814571695;260;81.52;80.637
0.78670447;278;81.52;80.637
0.802690255;276.39;81.52;80.637
0.775273077;255.03;81.52;80.637
0.803639939;237.28;81.52;80.637
0.814866674;224.19;81.52;80.637
0.8164616;190.78;81.52;80.637
0.789361616;175.49;81.52;80.637
0.745829061;169.01;81.52;78.242
0.723681944;163.48;81.52;78.242
0.705222106;162.93;81.52;78.242
0.692312946;160.01;81.52;78.242
0.70374932;163.16;81.52;78.242
0.739310069;165.59;81.52;78.242
0.785714403;198.39;81.52;78.242
0.822463558;227.42;81.52;78.242
0.805497757;261.65;81.52;78.242
0.803866566;252.67;81.52;78.242
0.766359812;221.75;81.52;78.242
0.76656636;193.62;81.52;78.242
0.751360312;170.14;81.52;78.242
0.761833593;160.47;81.52;78.242
0.762813418;164.13;81.52;78.242
0.778960159;180.5;81.52;78.242
0.803659602;179.26;81.52;78.242
0.778416722;173.99;81.52;78.242
0.7937367;167.34;81.52;78.242
0.78968931;135.61;81.52;78.242
0.817867046;125.05;81.52;78.242
0.810337728;120.9;81.52;78.242
0.783705638;118.08;81.52;78.242
0.749117484;97.16;81.52;78.242
0.721799505;90.05;81.52;74.748
0.724939498;78.94;81.52;74.748
0.744499193;75.05;81.52;74.748
0.753307569;72.13;81.52;74.748
0.771205106;70.99;81.52;74.748
0.781686802;87.7;81.52;74.748
0.819285927;96.26;81.52;74.748
0.864363119;118.95;81.52;74.748
0.922559813;140.51;81.52;74.748
0.974061721;130.27;81.52;74.748
0.955817769;128.47;81.52;74.748
0.926466817;111.95;81.52;74.748
0.877473242;94.15;81.52;74.748
0.878361751;85.54;81.52;74.748
0.877103034;105.37;81.52;74.748
0.91111104;111.32;81.52;74.748
0.942776855;134.86;81.52;74.748
0.920055093;176.05;81.52;74.748
0.921797261;192.74;81.52;74.748
0.894555208;180;81.52;74.748
0.900631304;152.33;81.52;74.748
0.870113357;137.91;81.52;74.748
0.85050582;131.76;81.52;74.748
0.833641971;121.39;81.52;74.748
0.808265789;119.19;81.52;74.4
0.78074365;117.87;81.52;74.4
0.772311953;110.92;81.52;74.4
0.780457472;113.14;81.52;74.4
0.795252492;119.15;81.52;74.4
0.816600752;120.73;81.52;74.4
0.831511025;148.76;81.52;74.4
0.882029283;207.59;81.52;74.4
0.918582645;223.15;81.52;74.4
0.978177014;215.79;81.52;74.4
0.948056766;206.51;81.52;74.4
0.917633842;206.43;83.4;74.4
0.854035783;190;84.03;74.4
0.837629175;170.08;84.03;74.4
0.810629177;169.29;84.03;74.4
0.828094296;190;84.03;74.4
0.861342053;177.44;84.03;74.4
0.870237892;179.99;84.03;74.4
0.910590576;165.05;84.03;74.4
0.87415406;145.81;84.03;74.4
0.885169862;139.73;84.03;74.4
0.850575893;132.25;84.03;74.4
0.832585495;133.59;84.03;74.4
0.810749007;120.01;84.03;74.4
0.787028559;123.58;84.03;79.12
0.774697332;120.3;84.03;79.12
0.773315238;119.99;84.03;79.12
0.778485722;121.8;84.03;79.12
0.800925455;123.57;84.03;79.12
0.84946811;123.68;84.03;79.12
0.916971653;120;84.03;79.12
0.966284221;148.35;84.03;79.12
0.909356804;186;84.03;79.12
0.882382424;207.46;84.03;79.12
0.838844303;211.25;84.03;79.12
0.829921266;209.69;84.03;79.12
0.823105701;200.83;84.03;79.12
0.854653659;188.54;84.03;79.12
0.841186426;185.88;84.03;79.12
0.828341776;196.5;84.03;79.12
0.839431668;197.25;84.03;79.12
0.830315589;222.31;84.03;79.12
0.860762413;230.82;84.03;79.12
0.851511097;214.32;84.03;79.12
0.885401769;207.14;84.03;79.12
0.870453396;190.33;84.03;79.12
0.803188094;193.52;84.03;79.12
0.750840741;175.07;84.03;79.12
0.726783601;171.69;84.03;79.12
0.713799009;183.01;84.03;79.12
0.710866194;185.22;84.03;79.12
0.698225598;179.73;84.03;79.12
0.71283905;179.04;84.03;79.12
0.738986507;179.49;84.03;79.12
0.782938997;168.23;84.03;79.12
0.811417863;172.45;84.03;79.12
0.791770442;184.93;84.03;79.12
0.79245318;195.31;84.03;79.12
0.75824281;195.34;84.03;79.12
0.746525005;195.87;84.03;79.12
0.706026333;195.41;84.03;79.12
0.716876726;186.29;84.03;79.12
0.713658334;184.49;84.03;79.12
0.721261016;190;84.03;79.12
0.743784335;194;84.03;79.12
0.729945462;214.95;84.03;79.12
0.78182418;239.49;84.03;79.12
0.792588073;242.97;84.03;79.12
0.832177734;224.96;84.03;79.12
0.803901399;204.84;84.03;79.12
0.742855963;201;84.03;79.12
0.689576934;179.97;84.03;79.12
0.638279298;183.33;84.03;79.422
0.607407468;179.61;84.03;79.422
0.598282466;178.3;84.03;79.422
0.606112414;177.46;84.03;79.422
0.620622984;177.61;84.03;79.422
0.662707845;187.48;84.03;79.422
0.717015091;225.19;84.03;79.422
0.739164717;265;84.03;79.422
0.717695312;300.02;84.03;79.422
0.694552791;299.39;84.03;79.422
0.648326896;275.88;84.03;79.422
0.647705018;270;84.03;79.422
0.639086757;245.84;84.03;79.422
0.663650036;240.08;84.03;79.422
0.674887689;244;84.03;79.422
0.685981106;256.49;84.03;79.422
0.70835309;273.57;84.03;79.422
0.686166769;307.38;84.03;79.422
0.707879296;341.85;84.03;79.422
0.682847584;315.31;84.03;79.422
0.72287716;274.98;84.03;79.422
0.713126075;250;84.03;79.422
0.673828841;226.81;84.03;79.422
0.62369461;206.92;84.03;79.422
0.583381848;215.98;84.03;91.752
0.564930256;212.9;84.03;91.752
0.565004711;203.75;84.03;91.752
0.563817298;196.24;84.03;91.752
0.58013859;198.99;84.03;91.752
0.621014986;219.03;84.03;91.752
0.688608729;279.96;84.03;91.752
0.765677442;356.24;84.03;91.752
0.752896799;399.85;84.03;91.752
0.751660602;399.01;84.03;91.752
0.708214691;360;84.03;91.752
0.697289509;347.4;84.03;91.752
0.654566818;328.92;84.03;91.752
0.660239381;305;84.03;91.752
0.664847841;310;84.03;91.752
0.698758621;313;84.03;91.752
0.755434552;318.67;84.03;91.752
0.763886409;366.43;84.03;91.752
0.83134111;399.06;84.03;91.752
0.818581237;373.75;84.03;91.752
0.834949686;309.68;84.03;91.752
0.816985745;265;84.03;91.752
0.785636683;240.89;84.03;91.752
0.742943087;215.17;84.03;91.752
0.727613704;209.57;84.03;93.457
0.708041461;212.36;84.03;93.457
0.706016092;215.41;84.03;93.457
0.692570592;209.89;84.03;93.457
0.702838297;209.14;84.03;93.457
0.750209322;215.09;84.03;93.457
0.810688559;240.16;84.03;93.457
0.858801688;294.88;84.03;93.457
0.815629248;312.32;84.03;93.457
0.798668925;312.69;84.03;93.457
0.737782744;300.02;84.03;93.457
0.704358962;282.65;84.03;93.457
0.675119521;259.68;84.03;93.457
0.690046088;241.54;84.03;93.457
0.696886934;238.24;84.03;93.457
0.714608835;236.76;84.03;93.457
0.725665794;240.11;84.03;93.457
0.713727064;268.08;84.03;93.457
0.758784802;262.46;84.03;93.457
0.728538957;224.45;84.03;93.457
0.734535718;217.43;84.03;93.457
0.728076154;171.34;84.03;93.457
0.713937883;142.94;84.03;93.457
0.705609993;122.34;84.03;93.457
0.680046044;131.59;84.03;91.861
0.662753947;115.02;84.03;91.861
0.640074591;108.65;84.03;91.861
0.621501461;100.94;84.03;91.861
0.633129911;103.06;84.03;91.861
0.657388755;110.03;84.03;91.861
0.67430135;104.03;84.03;91.861
0.718108796;138.79;84.03;91.861
0.754361834;138.23;84.03;91.861
0.80507504;128.79;84.03;91.861
0.793360745;128.74;84.03;91.861
0.782036334;127.8;84.03;91.861
0.737008586;126.24;84.03;91.861
0.736973048;135.78;84.03;91.861
0.733315708;139.66;84.03;91.861
0.744811714;138.69;84.03;91.861
0.768930846;137.58;84.03;91.861
0.745485372;141.17;84.03;91.861
0.775783374;125.96;84.03;91.861
0.751315164;114.73;84.03;91.861
0.761582404;104.04;84.03;91.861
0.756786973;110.1;84.03;91.861
0.74246893;101.19;84.03;91.861
0.718758408;86.31;84.03;91.861
0.696540084;82.03;84.03;92.469
0.684653283;84.03;84.03;92.469
0.661373968;81.59;84.03;92.469
0.649640643;77.26;84.03;92.469
0.644058012;100.7;84.03;92.469
0.662397186;100.69;84.03;92.469
0.678220005;121.69;84.03;92.469
0.734655105;175.29;84.03;92.469
0.78089291;186.17;84.03;92.469
0.833721098;198.05;84.03;92.469
0.849242688;190.92;84.03;92.469
0.840271742;220.07;87.94;92.469
0.80442424;214.74;89.25;92.469
0.789145963;231.6;89.25;92.469
0.771271145;233.67;89.25;92.469
0.752281474;237.08;89.25;92.469
0.773753662;237.92;89.25;92.469
0.769068246;260;89.25;92.469
0.796401957;255.6;89.25;92.469
0.789765328;222.37;89.25;92.469
0.827556982;222.74;89.25;92.469
0.80848361;177.8;89.25;92.469
0.783169473;148.98;89.25;92.469
0.737471776;123.36;89.25;92.469
0.708041356;130.25;89.25;92.726
0.696640027;115.01;89.25;92.726
0.687716226;105.64;89.25;92.726
0.682923573;77.57;89.25;92.726
0.68104993;43.95;89.25;92.726
0.714924687;79.07;89.25;92.726
0.768975925;32.94;89.25;92.726
0.814219889;85.64;89.25;92.726
0.776248982;85.18;89.25;92.726
0.761513754;101.13;89.25;92.726
0.738893886;88.51;89.25;92.726
0.733313253;118.32;89.25;92.726
0.706738599;101.02;89.25;92.726
0.720730057;85.64;89.25;92.726
0.705034133;105.59;89.25;92.726
0.711347275;100.01;89.25;92.726
0.714934423;108.14;89.25;92.726
0.698683259;118.75;89.25;92.726
0.714136284;123.02;89.25;92.726
0.692707515;101.19;89.25;92.726
0.709301029;84.47;89.25;92.726
0.705410319;51.62;89.25;92.726
0.697285216;88.81;89.25;92.726
0.661592943;79.63;89.25;92.726
0.66233329;2.3;89.25;92.726
0.664221475;4.49;89.25;92.726
0.665155324;10.08;89.25;92.726
0.659887507;10.01;89.25;92.726
0.679597944;10.15;89.25;92.726
0.732392473;11.37;89.25;92.726
0.811820432;3.73;89.25;92.726
0.846863517;9.95;89.25;92.726
0.809749657;11.09;89.25;92.726
0.774516757;11.98;89.25;92.726
0.729347536;11.09;89.25;92.726
0.722224506;11.78;89.25;92.726
0.72817163;10;89.25;92.726
0.769571418;10;89.25;92.726
0.775633029;11.69;89.25;92.726
0.769662724;14.04;89.25;92.726
0.784281031;60.06;89.25;92.726
0.759973025;171.74;89.25;92.726
0.775378769;158.07;89.25;92.726
0.762081733;163.37;89.25;92.726
0.804967924;157.94;89.25;92.726
0.830243658;158.13;89.25;92.726
0.796829295;159.94;89.25;92.726
0.777252936;144.21;89.25;92.726
0.759918036;122.16;89.25;92.831
0.756735193;110.17;89.25;92.831
0.747458924;105.3;89.25;92.831
0.756069093;100;89.25;92.831
0.77268039;100.13;89.25;92.831
0.817960382;135.4;89.25;92.831
0.897788052;185.14;89.25;92.831
0.924343713;240;89.25;92.831
0.89461087;248.92;89.25;92.831
0.861498411;251.92;89.25;92.831
0.833270556;248.08;89.25;92.831
0.82483348;243.42;89.25;92.831
0.79953468;238.11;89.25;92.831
0.807767735;221.52;89.25;92.831
0.810645332;206.28;89.25;92.831
0.831697129;191.75;89.25;92.831
0.849860428;193.54;89.25;92.831
0.845191404;240.67;89.25;92.831
0.888634523;253.93;89.25;92.831
0.867967254;240.4;89.25;92.831
0.900408758;231.59;89.25;92.831
0.919550747;212.96;89.25;92.831
0.907420305;201.96;89.25;92.831
0.880310699;161.51;89.25;92.831
0.831548951;160.15;89.25;86.425
0.813408872;154.54;89.25;86.425
0.806133186;156.24;89.25;86.425
0.830752889;155.17;89.25;86.425
0.857301553;165.13;89.25;86.425
0.902927782;163.01;89.25;86.425
0.951842165;206.15;89.25;86.425
0.987114034;239.17;89.25;86.425
0.938910535;243.72;89.25;86.425
0.91613813;213;89.25;86.425
0.861739307;209.94;89.25;86.425
0.852914858;172.81;89.25;86.425
0.840246028;143.7;89.25;86.425
0.861622606;137.69;89.25;86.425
0.854121;130.9;89.25;86.425
0.847475128;126.42;89.25;86.425
0.85971636;124.2;89.25;86.425
0.845617994;127.37;89.25;86.425
0.870528012;129.95;89.25;86.425
0.852388484;121.63;89.25;86.425
0.860096137;101.03;89.25;86.425
0.852123612;84.66;89.25;86.425
0.817531042;84.61;89.25;86.425
0.79090311;54.74;89.25;86.425
0.778037253;35.54;89.25;76.484
0.771267448;11.84;89.25;76.484
0.750703706;10.05;89.25;76.484
0.730404928;10.36;89.25;76.484
0.741264874;20.03;89.25;76.484
0.776462914;67.31;89.25;76.484
0.829648532;105.03;89.25;76.484
0.887549356;136.92;89.25;76.484
0.878465114;150.15;89.25;76.484
0.877776689;136.14;89.25;76.484
0.845951279;134.6;89.25;76.484
0.862350444;135.71;89.25;76.484
0.848955923;133.1;89.25;76.484
0.862234613;138.92;89.25;76.484
0.853556656;155.13;89.25;76.484
0.873031613;193.09;89.25;76.484
0.90178871;201.53;89.25;76.484
0.905920398;238.01;89.25;76.484
0.936698885;266.9;89.25;76.484
0.940610111;265;89.25;76.484
0.922541094;237;89.25;76.484
0.90233497;203.47;89.25;76.484
0.874720152;195.21;89.25;76.484
0.859593195;184.26;89.25;76.484
0.850530343;156.98;89.25;77.928
0.843023099;159.06;89.25;77.928
0.836784756;159.33;89.25;77.928
0.833305288;157.56;89.25;77.928
0.827792537;158.81;89.25;77.928
0.853937034;162.92;89.25;77.928
0.867090693;192.17;89.25;77.928
0.923254012;209.91;89.25;77.928
0.955923338;226.97;89.25;77.928
1;223.33;89.25;77.928
0.967986543;213.26;89.25;77.928
0.958656537;209;89.25;77.928
0.920367414;194.85;89.25;77.928
0.934614354;191.46;89.25;77.928
0.918533192;196.97;89.25;77.928
0.917875937;209.67;89.25;77.928
0.909970991;207.61;89.25;77.928
0.875136182;224.15;89.25;77.928
0.876535439;237.78;89.25;77.928
0.848580343;224.96;89.25;77.928
0.854035772;209.53;89.25;77.928
0.825683028;186.82;89.25;77.928
0.787379808;187.24;89.25;77.928
0.774315364;145.05;89.25;77.928
0.759804004;138.71;89.25;78.694
0.749691566;128;89.25;78.694
0.731582236;126.17;89.25;78.694
0.743330282;127.69;89.25;78.694
0.753067643;124.27;89.25;78.694
0.777211597;120.37;89.25;78.694
0.784377934;151.45;89.25;78.694
0.82031109;192.43;89.25;78.694
0.859231341;219.12;89.25;78.694
0.905548764;169.66;89.25;78.694
0.888367363;133.05;89.25;78.694
0.895231136;133;93.3;78.694
0.869661;131.04;94.65;78.694
0.845326524;120.57;94.65;78.694
0.837592767;117.45;94.65;78.694
0.824804475;117.81;94.65;78.694
0.830648008;119.04;94.65;78.694
0.817440316;128.44;94.65;78.694
0.849551126;151.28;94.65;78.694
0.846679;119.27;94.65;78.694
0.869241082;106.86;94.65;78.694
0.822165262;108.21;94.65;78.694
0.793439231;105.57;94.65;78.694
0.781392294;87.38;94.65;78.694
0.780635049;98.96;94.65;82.064
0.783877997;88.81;94.65;82.064
0.769757942;65.56;94.65;82.064
0.76848072;49.98;94.65;82.064
0.775357094;57.59;94.65;82.064
0.829499473;63.11;94.65;82.064
0.896624813;84.95;94.65;82.064
0.917859091;114.57;94.65;82.064
0.866841662;115.88;94.65;82.064
0.861382317;135.14;94.65;82.064
0.833809073;102.51;94.65;82.064
0.821622333;114.34;94.65;82.064
0.79649799;88.77;94.65;82.064
0.80496152;74.32;94.65;82.064
0.806609364;69.03;94.65;82.064
0.809504691;87.82;94.65;82.064
0.838231217;120.12;94.65;82.064
0.825874448;150.6;94.65;82.064
0.881998246;146.6;94.65;82.064
0.879427558;115.86;94.65;82.064
0.899688596;106.12;94.65;82.064
0.868932292;39.87;94.65;82.064
0.841422403;31.98;94.65;82.064
0.802142391;10.98;94.65;82.064
0.778969562;10.36;94.65;82.064
0.771156232;9.23;94.65;82.064
0.760580657;5.8;94.65;82.064
0.758318879;0.17;94.65;82.064
0.76187298;1.38;94.65;82.064
0.808944923;7.45;94.65;82.064
0.865953132;0.12;94.65;82.064
0.880393444;4.2;94.65;82.064
0.817043082;10.84;94.65;82.064
0.797804655;12.36;94.65;82.064
0.771913808;13.75;94.65;82.064
0.772021026;20.68;94.65;82.064
0.766287337;85.2;94.65;82.064
0.777527909;90.23;94.65;82.064
0.780759266;70.05;94.65;82.064
0.789865282;70.02;94.65;82.064
0.800824913;94.93;94.65;82.064
0.78456914;116.52;94.65;82.064
0.838249749;125;94.65;82.064
0.864443618;118.7;94.65;82.064
0.921170702;102.05;94.65;82.064
0.938554149;90.35;94.65;82.064
0.907830394;112.47;94.65;82.064
0.881860736;94.96;94.65;82.064
0.861654667;20.04;94.65;82.235
0.839896958;15.91;94.65;82.235
0.828685893;14.27;94.65;82.235
0.827989877;10.08;94.65;82.235
0.856335857;13.8;94.65;82.235
0.914775225;21;94.65;82.235
0.970412699;60.9;94.65;82.235
0.998082047;128.07;94.65;82.235
0.971712285;130.17;94.65;82.235
0.96377343;127.26;94.65;82.235
0.904073891;95;94.65;82.235
0.861283802;94.96;94.65;82.235
0.819849505;70.43;94.65;82.235
0.818224826;30.83;94.65;82.235
0.793910661;22.05;94.65;82.235
0.800840899;80.04;94.65;82.235
0.843160652;108.08;94.65;82.235
0.846735007;148.74;94.65;82.235
0.893863496;169.94;94.65;82.235
0.882884588;160.1;94.65;82.235
0.922730382;155.01;94.65;82.235
0.918538139;129.64;94.65;82.235
0.919790438;123.16;94.65;82.235
0.886572078;102.74;94.65;82.235
0.877265882;121.96;94.65;78.596
0.869746346;112.08;94.65;78.596
0.85458087;107.86;94.65;78.596
0.839535851;104.97;94.65;78.596
0.847285415;104.12;94.65;78.596
0.871615581;109.32;94.65;78.596
0.929329433;134.05;94.65;78.596
0.958860267;128.54;94.65;78.596
0.903317099;146.16;94.65;78.596
0.882960217;131.13;94.65;78.596
0.833765423;120.06;94.65;78.596
0.802373297;125.35;94.65;78.596
0.75403047;122.14;94.65;78.596
0.744620469;119.41;94.65;78.596
0.746357231;123.95;94.65;78.596
0.763451795;149;94.65;78.596
0.787894101;161.94;94.65;78.596
0.783016297;196.98;94.65;78.596
0.823295067;209.56;94.65;78.596
0.809398923;199.95;94.65;78.596
0.855655181;182.94;94.65;78.596
0.83601349;139.82;94.65;78.596
0.819156079;132.71;94.65;78.596
0.776125142;123.39;94.65;78.596
0.758386138;115.08;94.65;79.451
0.738793063;114.87;94.65;79.451
0.725209215;118.79;94.65;79.451
0.718048162;109.58;94.65;79.451
0.730535293;116.95;94.65;79.451
0.796879684;119.34;94.65;79.451
0.878922233;139.38;94.65;79.451
0.919113236;177.16;94.65;79.451
0.888350989;180.64;94.65;79.451
0.874083756;179.5;94.65;79.451
0.809609817;127.06;94.65;79.451
0.765799852;122.01;94.65;79.451
0.72736072;123.35;94.65;79.451
0.738770559;136.91;94.65;79.451
0.742332013;149.42;94.65;79.451
0.74544418;179.92;94.65;79.451
0.775995217;189.95;94.65;79.451
0.782673281;219;94.65;79.451
0.818549885;249.12;94.65;79.451
0.79774848;257.28;94.65;79.451
0.824709066;231.79;94.65;79.451
0.828284397;215.81;94.65;79.451
0.836139898;211.79;94.65;79.451
0.823410255;196.7;94.65;79.451
0.801194319;200.46;94.65;75.915
0.789469188;192.61;94.65;75.915
0.790644645;185.1;94.65;75.915
0.78524957;172.23;94.65;75.915
0.79030742;172.91;94.65;75.915
0.807072061;174.88;94.65;75.915
0.833906714;203.67;94.65;75.915
0.888235282;233.46;94.65;75.915
0.927352949;240.32;94.65;75.915
0.954766227;225.56;94.65;75.915
0.910227235;199.99;94.65;75.915
0.8736112;193.67;94.65;75.915
0.835511574;169.97;94.65;75.915
0.824704476;167.9;94.65;75.915
0.826330931;176.35;94.65;75.915
0.843089813;184.55;94.65;75.915
0.862937549;195.98;94.65;75.915
0.867716098;215.77;94.65;75.915
0.882621734;229.58;94.65;75.915
0.846300513;212.49;94.65;75.915
0.858015304;187.28;94.65;75.915
0.828834658;179.37;94.65;75.915
0.81498511;176.91;94.65;75.915
0.795882446;136.66;94.65;75.915
0.789508069;180.01;94.65;74.39
0.775165808;176.73;94.65;74.39
0.767383774;168.87;94.65;74.39
0.758215681;164.09;94.65;74.39
0.779315046;165;94.65;74.39
0.805151279;171.3;94.65;74.39
0.846820229;196.95;94.65;74.39
0.881036487;221.46;94.65;74.39
0.914333987;221.78;94.65;74.39
0.934893329;179.53;94.65;74.39
0.913655364;151.36;94.65;74.39
0.916052863;135.02;91.15;74.39
0.889374009;128.35;89.98;74.39
0.88285052;133.68;89.98;74.39
0.894506933;140.61;89.98;74.39
0.890197;168.15;89.98;74.39
0.904024593;191.92;89.98;74.39
0.879701638;220.57;89.98;74.39
0.914026839;243.35;89.98;74.39
0.895962682;241.18;89.98;74.39
0.908380531;221.31;89.98;74.39
0.885538335;213.13;89.98;74.39
0.874403778;205.48;89.98;74.39
0.843673442;190.1;89.98;74.39
0.815916793;195.91;89.98;75.533
0.799327432;187.2;89.98;75.533
0.782225939;184.89;89.98;75.533
0.776483486;170.24;89.98;75.533
0.768488904;166;89.98;75.533
0.816757937;162.45;89.98;75.533
0.880082654;160.64;89.98;75.533
0.921294488;162.56;89.98;75.533
0.867065109;157.24;89.98;75.533
0.831335435;121.8;89.98;75.533
0.781310222;115.76;89.98;75.533
0.7616335;121.27;89.98;75.533
0.746557441;97.47;89.98;75.533
0.791405589;87.12;89.98;75.533
0.795399861;89.83;89.98;75.533
0.791997211;116.85;89.98;75.533
0.801451656;171.56;89.98;75.533
0.783990881;194.89;89.98;75.533
0.800521521;191.8;89.98;75.533
0.783040423;140.88;89.98;75.533
0.804199156;121.12;89.98;75.533
0.796636032;104.74;89.98;75.533
0.776693003;109.29;89.98;75.533
0.744046644;101.7;89.98;75.533
0.719271283;88.07;89.98;75.533
0.703781242;98.65;89.98;75.533
0.698539671;99.78;89.98;75.533
0.696504275;99.14;89.98;75.533
0.718136013;104.22;89.98;75.533
0.765502463;99.91;89.98;75.533
0.817475029;93.99;89.98;75.533
0.821530453;88.55;89.98;75.533
0.776516972;88.06;89.98;75.533
0.766159027;60;89.98;75.533
0.72582718;73.03;89.98;75.533
0.728033878;67.23;89.98;75.533
0.702699047;30.08;89.98;75.533
0.725582876;43.25;89.98;75.533
0.725676889;50.12;89.98;75.533
0.752280565;81.78;89.98;75.533
0.768493041;92.47;89.98;75.533
0.763481936;115.71;89.98;75.533
0.78695304;119.11;89.98;75.533
0.772371413;92.33;89.98;75.533
0.794467691;87.18;89.98;75.533
0.818574843;81.39;89.98;75.533
0.797236207;88.59;89.98;75.533
0.779466275;63.23;89.98;75.533
0.755764651;46.55;89.98;75.554
0.734683004;13.33;89.98;75.554
0.73275653;12.94;89.98;75.554
0.726527829;13.78;89.98;75.554
0.742760557;35.25;89.98;75.554
0.785368597;87.91;89.98;75.554
0.834859034;104.25;89.98;75.554
0.856327051;117.19;89.98;75.554
0.799715731;117.11;89.98;75.554
0.779106648;98.58;89.98;75.554
0.72383266;94.91;89.98;75.554
0.699105237;95.89;89.98;75.554
0.663911833;98.52;89.98;75.554
0.687325345;104.18;89.98;75.554
0.691251269;107.01;89.98;75.554
0.7015944;114.51;89.98;75.554
0.73627228;144.52;89.98;75.554
0.73895239;184.58;89.98;75.554
0.786808573;197.13;89.98;75.554
0.780668571;167.3;89.98;75.554
0.823696139;148.44;89.98;75.554
0.799930715;115.49;89.98;75.554
0.754048271;123.05;89.98;75.554
0.702777103;110.94;89.98;75.554
0.689880461;112.68;89.98;81.19
0.679227714;114.82;89.98;81.19
0.692351343;112.3;89.98;81.19
0.703761741;118.28;89.98;81.19
0.726381908;126.86;89.98;81.19
0.775552957;152.72;89.98;81.19
0.834304686;204.2;89.98;81.19
0.869658015;234.06;89.98;81.19
0.820382005;250.06;89.98;81.19
0.776517471;240;89.98;81.19
0.713644573;220.43;89.98;81.19
0.689831901;199.03;89.98;81.19
0.670202722;182.56;89.98;81.19
0.678758743;150.85;89.98;81.19
0.689723732;149.28;89.98;81.19
0.719485802;157.27;89.98;81.19
0.76471905;145.26;89.98;81.19
0.768989292;173.23;89.98;81.19
0.818778646;174.29;89.98;81.19
0.805055618;115.28;89.98;81.19
0.810345342;105.31;89.98;81.19
0.795475456;91.51;89.98;81.19
0.774848639;101.91;89.98;81.19
0.742406666;87.91;89.98;81.19
0.707592453;94.68;89.98;72.742
0.691556658;93.97;89.98;72.742
0.682443984;99.45;89.98;72.742
0.683660805;106.67;89.98;72.742
0.699591112;103.6;89.98;72.742
0.736446376;110.4;89.98;72.742
0.783419873;134.02;89.98;72.742
0.828300734;184.7;89.98;72.742
0.797745511;194.83;89.98;72.742
0.790712083;174.52;89.98;72.742
0.752533472;137.84;89.98;72.742
0.724712574;136.04;89.98;72.742
0.697316899;118.22;89.98;72.742
0.716130044;111.4;89.98;72.742
0.728025897;105.65;89.98;72.742
0.750630504;97.57;89.98;72.742
0.794557151;99.11;89.98;72.742
0.79716427;110.76;89.98;72.742
0.815821699;118.61;89.98;72.742
0.775069469;117.99;89.98;72.742
0.7815432;102.9;89.98;72.742
0.751236493;95.01;89.98;72.742
0.739336254;95.01;89.98;72.742
0.713976719;74.12;89.98;72.742
0.706606646;17.92;89.98;69.371
0.684910886;15.04;89.98;69.371
0.679630951;15.02;89.98;69.371
0.690480154;13.97;89.98;69.371
0.701322179;15.04;89.98;69.371
0.718585098;33.02;89.98;69.371
0.742680418;90.93;89.98;69.371
0.816995268;123.22;89.98;69.371
0.878998418;107.23;89.98;69.371
0.91350525;102.55;89.98;69.371
0.883833763;95.06;89.98;69.371
0.873835475;77.47;89.98;69.371
0.827109957;65.06;89.98;69.371
0.825165747;35.98;89.98;69.371
0.817157469;42.68;89.98;69.371
0.786711314;67.3;89.98;69.371
0.809470978;86.08;89.98;69.371
0.809081967;108.83;89.98;69.371
0.82846357;110.63;89.98;69.371
0.806090485;101.54;89.98;69.371
0.817983176;86.9;89.98;69.371
0.798393109;86.48;89.98;69.371
0.771434234;86.3;89.98;69.371
0.736786401;63.04;89.98;69.371
0.707110636;71.45;89.98;73.103
0.702220505;62.57;89.98;73.103
0.701011125;74.76;89.98;73.103
0.699730429;84.92;89.98;73.103
0.702360962;95.19;89.98;73.103
0.713799088;119.09;89.98;73.103
0.728485967;140.99;89.98;73.103
0.785981474;185.05;89.98;73.103
0.824797323;189.28;89.98;73.103
0.836018862;173.24;89.98;73.103
0.809559124;150;89.98;73.103
0.798075822;130.99;88.23;73.103
0.756884495;123.17;87.65;73.103
0.780031162;106.81;87.65;73.103
0.7759526;99.89;87.65;73.103
0.764602172;99.26;87.65;73.103
0.772418125;97.42;87.65;73.103
0.779886799;113.84;87.65;73.103
0.805233121;130.9;87.65;73.103
0.783666308;140.49;87.65;73.103
0.783081361;115.87;87.65;73.103
0.751726865;109.75;87.65;73.103
0.749465918;115.66;87.65;73.103
0.728337452;92.46;87.65;73.103
0.690028956;73.73;87.65;72.302
0.66634212;54.32;87.65;72.302
0.651095607;16.63;87.65;72.302
0.646175684;14.38;87.65;72.302
0.659647939;10.96;87.65;72.302
0.711016386;9.06;87.65;72.302
0.777726782;0.1;87.65;72.302
0.810337086;3.62;87.65;72.302
0.770357244;9.42;87.65;72.302
0.762037523;1.94;87.65;72.302
0.749608217;0;87.65;72.302
0.752122561;-0.08;87.65;72.302
0.744442662;-0.35;87.65;72.302
0.763897009;-0.52;87.65;72.302
0.749228039;-0.08;87.65;72.302
0.74829348;0.08;87.65;72.302
0.757364916;15.69;87.65;72.302
0.741374212;99.95;87.65;72.302
0.784250816;121.97;87.65;72.302
0.793344054;112.63;87.65;72.302
0.845581155;102.52;87.65;72.302
0.827684155;101.89;87.65;72.302
0.769422044;101.99;87.65;72.302
0.719615013;100.93;87.65;72.302
0.696878512;104.38;87.65;72.302
0.684715668;99.9;87.65;72.302
0.670210352;98.71;87.65;72.302
0.676952871;92.01;87.65;72.302
0.686786476;88.53;87.65;72.302
0.732183355;87.17;87.65;72.302
0.768658332;80;87.65;72.302
0.785048541;80.08;87.65;72.302
0.742021583;88.28;87.65;72.302
0.745388852;95.06;87.65;72.302
0.707975556;98.22;87.65;72.302
0.695185972;95.09;87.65;72.302
0.673652461;88.15;87.65;72.302
0.688208729;51.8;87.65;72.302
0.694525131;43.11;87.65;72.302
0.707781162;21.24;87.65;72.302
0.724462997;21.56;87.65;72.302
0.728518685;63.16;87.65;72.302
0.794090298;76.93;87.65;72.302
0.788772325;51.28;87.65;72.302
0.825755247;20.02;87.65;72.302
0.848092003;15.39;87.65;72.302
0.81388074;40.06;87.65;72.302
0.765316586;14.62;87.65;72.302
0.720884142;10.73;87.65;72.542
0.696893506;7.48;87.65;72.542
0.687806427;5.71;87.65;72.542
0.663801173;1.43;87.65;72.542
0.666586185;7.6;87.65;72.542
0.701942321;14.37;87.65;72.542
0.760066367;19.75;87.65;72.542
0.778235417;106.69;87.65;72.542
0.721651037;110.06;87.65;72.542
0.715777782;88.28;87.65;72.542
0.691730988;65.51;87.65;72.542
0.685811991;78.22;87.65;72.542
0.668861482;92.02;87.65;72.542
0.682421846;99.9;87.65;72.542
0.688551907;104.92;87.65;72.542
0.715303565;108.77;87.65;72.542
0.754223698;103.46;87.65;72.542
0.757288917;117.78;87.65;72.542
0.815493724;135.59;87.65;72.542
0.82249539;123.63;87.65;72.542
0.864435953;110.71;87.65;72.542
0.848845759;102;87.65;72.542
0.838250072;102.83;87.65;72.542
0.798697283;92.55;87.65;72.542
0.786459666;89.99;87.65;73.225
0.768741915;82.14;87.65;73.225
0.761065111;80.34;87.65;73.225
0.749533125;79.9;87.65;73.225
0.757611756;88.16;87.65;73.225
0.806081456;95.36;87.65;73.225
0.885074404;117.86;87.65;73.225
0.922060825;185.78;87.65;73.225
0.891296968;211.59;87.65;73.225
0.862171411;180.27;87.65;73.225
0.809534058;144.08;87.65;73.225
0.792096488;135.04;87.65;73.225
0.767913806;121.25;87.65;73.225
0.784117714;117.66;87.65;73.225
0.767885353;118.87;87.65;73.225
0.78619177;125.29;87.65;73.225
0.839458657;136.7;87.65;73.225
0.85953761;155.21;87.65;73.225
0.906660109;162.62;87.65;73.225
0.887067448;135.49;87.65;73.225
0.906609677;108.62;87.65;73.225
0.854103724;100.54;87.65;73.225
0.806332763;99.99;87.65;73.225
0.761417928;85.08;87.65;73.225
0.734969743;81.79;87.65;79.432
0.715078652;78.96;87.65;79.432
0.703337887;82.28;87.65;79.432
0.697785933;88.34;87.65;79.432
0.714702797;97.32;87.65;79.432
0.76447708;101.7;87.65;79.432
0.845346068;118.36;87.65;79.432
0.904701485;147.54;87.65;79.432
0.856790024;155.03;87.65;79.432
0.817562077;126.44;87.65;79.432
0.778439029;109.43;87.65;79.432
0.773710637;103.51;87.65;79.432
0.747918418;89.9;87.65;79.432
0.776565242;89.9;87.65;79.432
0.785507565;100.9;87.65;79.432
0.7837876;109.49;87.65;79.432
0.778990857;162.8;87.65;79.432
0.776700828;205.72;87.65;79.432
0.818722997;230;87.65;79.432
0.80504753;236.86;87.65;79.432
0.836659452;187.04;87.65;79.432
0.822548177;164.6;87.65;79.432
0.791885331;146.62;87.65;79.432
0.763482078;107.6;87.65;79.432
0.754386594;115.07;87.65;87.042
0.730340126;113.04;87.65;87.042
0.715777007;110.33;87.65;87.042
0.701211347;109.29;87.65;87.042
0.703407531;112.36;87.65;87.042
0.712608574;116.77;87.65;87.042
0.719941736;168.5;87.65;87.042
0.778628456;184.77;87.65;87.042
0.82451727;160;87.65;87.042
0.8466159;137.34;87.65;87.042
0.794509233;117.47;87.65;87.042
0.76236185;112.78;87.65;87.042
0.714086074;107.58;87.65;87.042
0.701759753;105.02;87.65;87.042
0.707038863;105.1;87.65;87.042
0.718777491;112.4;87.65;87.042
0.73728064;113.73;87.65;87.042
0.700658118;146.57;87.65;87.042
0.723595996;155.38;87.65;87.042
0.707568332;134.74;87.65;87.042
0.736839307;110.07;87.65;87.042
0.716680202;104.53;87.65;87.042
0.685291968;109.95;87.65;87.042
0.669960528;98.51;87.65;87.042
0.660522382;94.78;87.65;125.967
0.66420392;100.4;87.65;125.967
0.685299469;98.67;87.65;125.967
0.707251824;99.61;87.65;125.967
0.724867338;100.25;87.65;125.967
0.719046374;95.98;87.65;125.967
0.724357169;116.99;87.65;125.967
0.767886221;133.53;87.65;125.967
0.802232377;125.02;87.65;125.967
0.814162783;107.16;87.65;125.967
0.763317935;98.38;87.65;125.967
0.736067146;100.25;87.09;125.967
0.683183321;89.93;86.9;125.967
0.688660117;97.07;86.9;125.967
0.690371571;93.67;86.9;125.967
0.675410601;98.52;86.9;125.967
0.687461658;119.54;86.9;125.967
0.679629378;146.87;86.9;125.967
0.711956682;190.05;86.9;125.967
0.693068304;198.07;86.9;125.967
0.717611573;160.68;86.9;125.967
0.720011713;145.54;86.9;125.967
0.721762414;135.13;86.9;125.967
0.711481401;132.89;86.9;125.967
0.699559094;150.09;86.9;97.273
0.692878477;152.6;86.9;97.273
0.681750767;174.05;86.9;97.273
0.689767871;187.92;86.9;97.273
0.707993858;190.69;86.9;97.273
0.749936385;237.17;86.9;97.273
0.794760353;249.98;86.9;97.273
0.847423084;263.46;86.9;97.273
0.807062815;275.57;86.9;97.273
0.784144526;267.37;86.9;97.273
0.72309032;245.75;86.9;97.273
0.686376507;213.02;86.9;97.273
0.658257792;196.64;86.9;97.273
0.667752905;178.97;86.9;97.273
0.655348803;177.04;86.9;97.273
0.673701497;197.47;86.9;97.273
0.697329327;225.08;86.9;97.273
0.695809535;259.9;86.9;97.273
0.765055698;299;86.9;97.273
0.779828343;300.7;86.9;97.273
0.826837997;277.91;86.9;97.273
0.817974846;235.8;86.9;97.273
0.810284703;242.15;86.9;97.273
0.785940974;212.09;86.9;97.273
0.782139065;195.65;86.9;97.273
0.780230965;180.7;86.9;97.273
0.785601952;174.44;86.9;97.273
0.799902828;172.31;86.9;97.273
0.816926616;174.5;86.9;97.273
0.853839555;177.1;86.9;97.273
0.879979999;186.05;86.9;97.273
0.904149353;191.54;86.9;97.273
0.87167011;189.37;86.9;97.273
0.859482896;173.75;86.9;97.273
0.800101915;154.07;86.9;97.273
0.760382457;144.76;86.9;97.273
0.717021188;116.53;86.9;97.273
0.715371307;114;86.9;97.273
0.710165603;111.68;86.9;97.273
0.719592442;151.54;86.9;97.273
0.746598878;176.15;86.9;97.273
0.738737436;229.9;86.9;97.273
0.79397427;275.76;86.9;97.273
0.826435617;274.5;86.9;97.273
0.876044078;220.7;86.9;97.273
0.885809191;197.8;86.9;97.273
0.874033655;197.78;86.9;97.273
0.861589212;197.22;86.9;97.273
0.850137003;177.39;86.9;98.02
0.837963292;174.06;86.9;98.02
0.836994106;185.57;86.9;98.02
0.834481432;178.26;86.9;98.02
0.853655405;197;86.9;98.02
0.89434648;217;86.9;98.02
0.943430101;284.97;86.9;98.02
0.989427501;322.9;86.9;98.02
0.942885431;308.9;86.9;98.02
0.881664041;267.3;86.9;98.02
0.796998656;163.82;86.9;98.02
0.759455658;145.55;86.9;98.02
0.72219392;137.09;86.9;98.02
0.738418188;135.4;86.9;98.02
0.722620377;141.17;86.9;98.02
0.729671166;198.24;86.9;98.02
0.759453988;253.79;86.9;98.02
0.774054949;280.56;86.9;98.02
0.831924351;300;86.9;98.02
0.841981379;282.19;86.9;98.02
0.905958413;207.32;86.9;98.02
0.89685028;137.24;86.9;98.02
0.89497857;163.3;86.9;98.02
0.865706692;140.09;86.9;98.02
0.847902654;143.17;86.9;104.734
0.831078675;143.15;86.9;104.734
0.81375682;149.74;86.9;104.734
0.802411578;163.5;86.9;104.734
0.82496154;173.15;86.9;104.734
0.852471233;194.03;86.9;104.734
0.901457503;268.04;86.9;104.734
0.949119276;286.73;86.9;104.734
0.928606478;284.91;86.9;104.734
0.886193266;217.58;86.9;104.734
0.810637859;179.33;86.9;104.734
0.760987158;222.33;86.9;104.734
0.717557884;220;86.9;104.734
0.727987363;221.5;86.9;104.734
0.723508028;235.02;86.9;104.734
0.721540539;261.24;86.9;104.734
0.736645865;283.2;86.9;104.734
0.733811426;315.87;86.9;104.734
0.808862719;362.75;86.9;104.734
0.811765195;354.11;86.9;104.734
0.848547391;315.87;86.9;104.734
0.839877109;286;86.9;104.734
0.820341887;266.94;86.9;104.734
0.79878608;245.47;86.9;104.734
0.786976649;251.04;86.9;117.791
0.758489955;248.43;86.9;117.791
0.762336993;242.06;86.9;117.791
0.772026454;233.14;86.9;117.791
0.811918572;233.62;86.9;117.791
0.846460739;250;86.9;117.791
0.88305531;291.55;86.9;117.791
0.930180773;329.07;86.9;117.791
0.914237075;337.09;86.9;117.791
0.876615226;298.1;86.9;117.791
0.790517623;267.85;86.9;117.791
0.720116765;257.95;86.9;117.791
0.666039953;245.82;86.9;117.791
0.657921373;234.99;86.9;117.791
0.643425686;236.29;86.9;117.791
0.652022576;249.66;86.9;117.791
0.67955653;272.58;86.9;117.791
0.687096364;316.56;86.9;117.791
0.732834961;384.83;86.9;117.791
0.741847926;385;86.9;117.791
0.788897622;321.09;86.9;117.791
0.797476933;288.47;86.9;117.791
0.798904096;265.78;86.9;117.791
0.789398872;249.66;86.9;117.791
0.790063101;331.16;86.9;166.246
0.784244211;322.53;86.9;166.246
0.777124531;316;86.9;166.246
0.769091551;307.01;86.9;166.246
0.777702365;307.3;86.9;166.246
0.808253356;332.27;86.9;166.246
0.827160941;371.41;86.9;166.246
0.858981982;405;86.9;166.246
0.861570182;400;86.9;166.246
0.8558438;359.96;86.9;166.246
0.816915735;294.76;86.9;166.246
0.783668199;276.94;86.9;166.246
0.723376428;266.04;86.9;166.246
0.722232519;269.92;86.9;166.246
0.727253554;293.02;86.9;166.246
0.745647054;319.58;86.9;166.246
0.762422189;336.53;86.9;166.246
0.761613142;398.53;86.9;166.246
0.79254137;410;86.9;166.246
0.77923087;405.05;86.9;166.246
0.809754738;390;86.9;166.246
0.820334336;350;86.9;166.246
0.815934899;333.88;86.9;166.246
0.809968726;319.9;86.9;166.246
0.801794078;351.07;86.9;164.459
0.790959366;346.6;86.9;164.459
0.798708678;329.4;86.9;164.459
0.803932765;304.05;86.9;164.459
0.807155399;315;86.9;164.459
0.820036333;349.07;86.9;164.459
0.832677591;398.6;86.9;164.459
0.877658467;410;86.9;164.459
0.900370064;410.05;86.9;164.459
0.902304923;385.16;86.9;164.459
0.852977997;362.95;86.9;164.459
0.814225663;349.78;72.14;164.459
0.774733178;310.69;67.22;164.459
0.770039051;292.16;67.22;164.459
0.778771373;307.43;67.22;164.459
0.792020153;329.95;67.22;164.459
0.836416235;355.77;67.22;164.459
0.834433097;380.94;67.22;164.459
0.873463628;410;67.22;164.459
0.862604192;410;67.22;164.459
0.887799791;400.08;67.22;164.459
0.881925431;381.83;67.22;164.459
0.853872188;359.07;67.22;164.459
0.826285165;361.01;67.22;164.459
0.811964314;363.87;67.22;188.305
0.796509201;360;67.22;188.305
0.793187779;350;67.22;188.305
0.799846065;330;67.22;188.305
0.820139777;338.85;67.22;188.305
0.884247018;347.04;67.22;188.305
0.956794372;369;67.22;188.305
0.970670479;378.1;67.22;188.305
0.897379757;370.53;67.22;188.305
0.826723092;322.34;67.22;188.305
0.763288666;293.81;67.22;188.305
0.725530184;290.57;67.22;188.305
0.696741041;279.3;67.22;188.305
0.71568703;260.35;67.22;188.305
0.719186677;260.56;67.22;188.305
0.721042244;301.36;67.22;188.305
0.729540217;339.99;67.22;188.305
0.713497033;385.63;67.22;188.305
0.76216677;405.78;67.22;188.305
0.788279629;409.3;67.22;188.305
0.829698236;400;67.22;188.305
0.819814793;377.25;67.22;188.305
0.799777477;369.63;67.22;188.305
0.765993168;362.4;67.22;188.305
0.754477711;390.61;67.22;188.305
0.735043243;353;67.22;188.305
0.722817623;345.16;67.22;188.305
0.706682597;334.21;67.22;188.305
0.718213121;339.44;67.22;188.305
0.761429757;342.09;67.22;188.305
0.81732211;350.06;67.22;188.305
0.825665575;340.44;67.22;188.305
0.744364574;336.52;67.22;188.305
0.709232128;210.01;67.22;188.305
0.656383381;259.02;67.22;188.305
0.633537448;268.05;67.22;188.305
0.593975749;279;67.22;188.305
0.605809398;249.18;67.22;188.305
0.600776802;246.29;67.22;188.305
0.613524171;281.41;67.22;188.305
0.629188852;308.1;67.22;188.305
0.629287732;385.16;67.22;188.305
0.694587001;435.08;67.22;188.305
0.708981857;454.28;67.22;188.305
0.766896738;436.35;67.22;188.305
0.800461516;412.02;67.22;188.305
0.799896541;412.02;67.22;188.305
0.765070268;411.65;67.22;188.305
0.718315747;377.56;67.22;189.474
0.703976221;369.83;67.22;189.474
0.703771227;368.94;67.22;189.474
0.706583194;359.21;67.22;189.474
0.718140046;361.71;67.22;189.474
0.764512134;397.23;67.22;189.474
0.841501789;465.77;67.22;189.474
0.872582202;512.36;67.22;189.474
0.81202343;515.01;67.22;189.474
0.755419339;483;67.22;189.474
0.700247631;390.61;67.22;189.474
0.67797994;341.84;67.22;189.474
0.652643346;340.22;67.22;189.474
0.653432872;320.8;67.22;189.474
0.65912113;312.82;67.22;189.474
0.683245637;351.54;67.22;189.474
0.71750112;400;67.22;189.474
0.71920878;450.39;67.22;189.474
0.758822498;507.54;67.22;189.474
0.775766179;522.91;67.22;189.474
0.838736545;475;67.22;189.474
0.824938167;434.97;67.22;189.474
0.797408509;415.42;67.22;189.474
0.757258015;367.72;67.22;189.474
0.742663764;456.05;67.22;246.942
0.733771826;449.5;67.22;246.942
0.725886758;449.5;67.22;246.942
0.72430934;424.88;67.22;246.942
0.746396664;437.51;67.22;246.942
0.793258771;457.57;67.22;246.942
0.875493849;622.3;67.22;246.942
0.901662631;690;67.22;246.942
0.820229094;650;67.22;246.942
0.773468863;541.51;67.22;246.942
0.696245667;353.31;67.22;246.942
0.670843861;333.83;67.22;246.942
0.636846278;316.52;67.22;246.942
0.638264433;294.77;67.22;246.942
0.638011388;310.6;67.22;246.942
0.652662471;366.99;67.22;246.942
0.683522287;514.31;67.22;246.942
0.678273045;603.08;67.22;246.942
0.724021472;674.93;67.22;246.942
0.751647226;700;67.22;246.942
0.802802917;619.92;67.22;246.942
0.805296267;542.9;67.22;246.942
0.778773602;492.05;67.22;246.942
0.7381197;399.73;67.22;246.942
0.730515092;430.07;67.22;212.93
0.720657303;408.91;67.22;212.93
0.718052118;418.38;67.22;212.93
0.714803692;420.03;67.22;212.93
0.725476415;420.03;67.22;212.93
0.77595239;440;67.22;212.93
0.848100583;523.76;67.22;212.93
0.890758723;579.45;67.22;212.93
0.846503912;554.76;67.22;212.93
0.794509859;449.99;67.22;212.93
0.715317412;389;67.22;212.93
0.684144851;350.83;67.22;212.93
0.658156822;305.11;67.22;212.93
0.676339483;316.75;67.22;212.93
0.686898763;341.86;67.22;212.93
0.714257752;382.44;67.22;212.93
0.727312757;425.09;67.22;212.93
0.734217133;529.43;67.22;212.93
0.7645751;574.93;67.22;212.93
0.750573557;605;67.22;212.93
0.771497506;528.03;67.22;212.93
0.745513161;448.75;67.22;212.93
0.719042013;449.06;67.22;212.93
0.69395791;418.45;67.22;212.93
0.679290685;350;67.22;163.493
0.666269705;320;67.22;163.493
0.67340478;321.59;67.22;163.493
0.679220768;310.09;67.22;163.493
0.694492049;310.07;67.22;163.493
0.715445763;335.01;67.22;163.493
0.744951191;414.66;67.22;163.493
0.805419881;436.06;67.22;163.493
0.854111867;421.17;67.22;163.493
0.874193773;311.99;67.22;163.493
0.855563629;240.33;67.22;163.493
0.835763853;199.82;67.22;163.493
0.791244356;171.7;67.22;163.493
0.777679608;150.01;67.22;163.493
0.780657742;162.66;67.22;163.493
0.799602189;199.85;67.22;163.493
0.809336766;276.58;67.22;163.493
0.780850511;379.95;67.22;163.493
0.797498091;412.4;67.22;163.493
0.794925825;326.39;67.22;163.493
0.815864441;179.01;67.22;163.493
0.812316217;173.6;67.22;163.493
0.821435684;172.74;67.22;163.493
0.817293103;123.93;67.22;163.493
0.797463178;88.96;67.22;133.528
0.773715086;91.02;67.22;133.528
0.767948203;88.93;67.22;133.528
0.76495056;97.03;67.22;133.528
0.769259473;91.15;67.22;133.528
0.783560452;109.92;67.22;133.528
0.806207413;172.57;67.22;133.528
0.845400969;185.06;67.22;133.528
0.855455623;112.35;67.22;133.528
0.857126161;67.3;67.22;133.528
0.800165254;23.07;67.22;133.528
0.787015043;15.52;74.18;133.528
0.720899107;10.1;76.5;133.528
0.714575782;0.1;76.5;133.528
0.701058946;0.08;76.5;133.528
0.698008134;10.04;76.5;133.528
0.707133352;23.87;76.5;133.528
0.684555011;118.86;76.5;133.528
0.7388972;170.06;76.5;133.528
0.752562508;151.98;76.5;133.528
0.80652161;84.48;76.5;133.528
0.803475395;69.77;76.5;133.528
0.769875663;81.05;76.5;133.528
0.724697835;67.27;76.5;133.528
0.692167439;68.93;76.5;125.259
0.681504234;69.07;76.5;125.259
0.672882397;72.97;76.5;125.259
0.682909018;72.99;76.5;125.259
0.689355776;72.93;76.5;125.259
0.742014054;73.11;76.5;125.259
0.799217227;89.05;76.5;125.259
0.83210874;87.52;76.5;125.259
0.76211113;79.07;76.5;125.259
0.719740487;78.9;76.5;125.259
0.656766834;72.95;76.5;125.259
0.636029056;67.84;76.5;125.259
0.597459989;72.91;76.5;125.259
0.601674795;68.95;76.5;125.259
0.586719174;80.07;76.5;125.259
0.583919937;118.95;76.5;125.259
0.588549391;189.3;76.5;125.259
0.584728075;287.3;76.5;125.259
0.637193376;323.3;76.5;125.259
0.664969502;235;76.5;125.259
0.715139206;173;76.5;125.259
0.728096137;176.5;76.5;125.259
0.715739835;182.51;76.5;125.259
0.688793376;168.88;76.5;125.259
0.669523104;160.1;76.5;125.259
0.665055853;150.01;76.5;125.259
0.664572371;124.27;76.5;125.259
0.678835168;102.54;76.5;125.259
0.697934953;130.25;76.5;125.259
0.742681667;120.7;76.5;125.259
0.783469844;100.05;76.5;125.259
0.795590277;90.92;76.5;125.259
0.742173482;77.49;76.5;125.259
0.700626645;72.82;76.5;125.259
0.646685571;56.15;76.5;125.259
0.635382605;30.07;76.5;125.259
0.608960449;24.76;76.5;125.259
0.610958026;8.55;76.5;125.259
0.605945374;10.05;76.5;125.259
0.613015471;30.07;76.5;125.259
0.614599619;104.03;76.5;125.259
0.596291444;212.12;76.5;125.259
0.676090314;234.21;76.5;125.259
0.722286456;199.9;76.5;125.259
0.797291242;170.08;76.5;125.259
0.81935317;163.12;76.5;125.259
0.791197732;190.67;76.5;125.259
0.762996283;199.42;76.5;125.259
0.738803287;205.9;76.5;127.709
0.737414842;204.44;76.5;127.709
0.739685493;211.64;76.5;127.709
0.739860927;207.03;76.5;127.709
0.745482873;219.91;76.5;127.709
0.782550209;230.06;76.5;127.709
0.842461021;301.92;76.5;127.709
0.861373297;335.88;76.5;127.709
0.797860802;344.24;76.5;127.709
0.756331832;300.83;76.5;127.709
0.685051421;265.91;76.5;127.709
0.655160424;258.34;76.5;127.709
0.621011743;240.57;76.5;127.709
0.631303825;224.25;76.5;127.709
0.616819274;218.34;76.5;127.709
0.6213881;269.8;76.5;127.709
0.648381308;293.02;76.5;127.709
0.654989982;346.5;76.5;127.709
0.718903999;390.01;76.5;127.709
0.726257059;435.42;76.5;127.709
0.788706115;365.26;76.5;127.709
0.791928931;322.7;76.5;127.709
0.798571735;300.73;76.5;127.709
0.752580293;261.86;76.5;127.709
0.744096273;248.92;76.5;114.935
0.733159735;245.03;76.5;114.935
0.745138038;241.79;76.5;114.935
0.756117697;240.07;76.5;114.935
0.776216122;242.69;76.5;114.935
0.834168691;262.4;76.5;114.935
0.90354482;318.93;76.5;114.935
0.921328487;340.29;76.5;114.935
0.839486051;349.98;76.5;114.935
0.778796989;329.45;76.5;114.935
0.711498918;318.46;76.5;114.935
0.668710046;296.17;76.5;114.935
0.62404552;279.49;76.5;114.935
0.636696676;283.24;76.5;114.935
0.638601282;287.96;76.5;114.935
0.657747132;297.17;76.5;114.935
0.682973777;317.53;76.5;114.935
0.679897246;332.36;76.5;114.935
0.734122776;375;76.5;114.935
0.74764058;405.02;76.5;114.935
0.82283039;335.24;76.5;114.935
0.820556787;312.09;76.5;114.935
0.787433741;288.99;76.5;114.935
0.748296891;264.63;76.5;114.935
0.728307378;253.41;76.5;116.426
0.726903176;251.4;76.5;116.426
0.729971463;247.5;76.5;116.426
0.733733595;240.01;76.5;116.426
0.758732302;238.5;76.5;116.426
0.810040311;249.72;76.5;116.426
0.878486647;296.96;76.5;116.426
0.90374001;317.7;76.5;116.426
0.844593598;314;76.5;116.426
0.802153843;295.94;76.5;116.426
0.735966896;276.6;76.5;116.426
0.703286483;260.14;76.5;116.426
0.674280597;207.44;76.5;116.426
0.68492095;204.01;76.5;116.426
0.687596725;200.03;76.5;116.426
0.714646375;198.22;76.5;116.426
0.751575752;248.97;76.5;116.426
0.740214891;294.92;76.5;116.426
0.786119465;319.13;76.5;116.426
0.762295796;296.49;76.5;116.426
0.780694772;215.58;76.5;116.426
0.77051686;165.96;76.5;116.426
0.779519187;165.22;76.5;116.426
0.764178457;129.27;76.5;116.426
0.74463475;157.27;76.5;106.087
0.729039979;127.99;76.5;106.087
0.713830518;119.71;76.5;106.087
0.715985962;126.58;76.5;106.087
0.725787057;147.97;76.5;106.087
0.754737101;180;76.5;106.087
0.766491941;206.5;76.5;106.087
0.814457276;262.89;76.5;106.087
0.836750967;270;76.5;106.087
0.858932885;254.94;76.5;106.087
0.798253728;211.6;76.5;106.087
0.759933724;220.02;76.5;106.087
0.709643715;206.21;76.5;106.087
0.699071142;214.09;76.5;106.087
0.686347394;229.97;76.5;106.087
0.69796119;246.2;76.5;106.087
0.717305853;257.36;76.5;106.087
0.710945015;276.22;76.5;106.087
0.743865835;310.03;76.5;106.087
0.727074253;347.21;76.5;106.087
0.740920535;295.92;76.5;106.087
0.729235911;259.29;76.5;106.087
0.706561168;244.66;76.5;106.087
0.700319694;237.2;76.5;106.087
0.680322269;203.03;76.5;105.083
0.662154431;206.97;76.5;105.083
0.648141065;201.38;76.5;105.083
0.651525456;206.5;76.5;105.083
0.672793434;209.9;76.5;105.083
0.694643806;217.06;76.5;105.083
0.711832552;262.97;76.5;105.083
0.741219729;291.51;76.5;105.083
0.764319461;287.81;76.5;105.083
0.770834517;249.9;76.5;105.083
0.729284517;228.58;76.5;105.083
0.687247571;204.87;78.53;105.083
0.630127056;205.01;79.21;105.083
0.629910319;201.14;79.21;105.083
0.607741457;200.31;79.21;105.083
0.599448675;202.48;79.21;105.083
0.62456627;212.4;79.21;105.083
0.625855498;245.54;79.21;105.083
0.689186299;275.31;79.21;105.083
0.689558518;286.52;79.21;105.083
0.695924873;251.15;79.21;105.083
0.685719374;216.95;79.21;105.083
0.658142024;228.5;79.21;105.083
0.644748489;197.81;79.21;105.083
0.632919669;196.67;79.21;101.046
0.627625367;194.82;79.21;101.046
0.631756483;187.02;79.21;101.046
0.642227215;187;79.21;101.046
0.652492514;185.06;79.21;101.046
0.695302449;190.8;79.21;101.046
0.754649451;198.23;79.21;101.046
0.766701161;204.14;79.21;101.046
0.690539016;196.11;79.21;101.046
0.634639558;135.07;79.21;101.046
0.578397373;99.55;79.21;101.046
0.566839094;85.08;79.21;101.046
0.560402966;69.71;79.21;101.046
0.576760199;10;79.21;101.046
0.580483571;8.84;79.21;101.046
0.587647611;14.74;79.21;101.046
0.602763308;79;79.21;101.046
0.617107484;151.01;79.21;101.046
0.676885447;192.8;79.21;101.046
0.691223935;173.27;79.21;101.046
0.727794183;119.96;79.21;101.046
0.734614654;89.99;79.21;101.046
0.723756516;91.13;79.21;101.046
0.696176698;82.85;79.21;101.046
0.675682511;84.04;79.21;101.046
0.663923279;70.99;79.21;101.046
0.66945727;74.78;79.21;101.046
0.675614711;68.38;79.21;101.046
0.693354649;75.9;79.21;101.046
0.735347999;75.9;79.21;101.046
0.785902068;68.53;79.21;101.046
0.78689485;20.56;79.21;101.046
0.683808624;8.81;79.21;101.046
0.631198723;0.07;79.21;101.046
0.565319189;-0.1;79.21;101.046
0.544758107;-5.31;79.21;101.046
0.517529903;-16.81;79.21;101.046
0.531543554;-19.04;79.21;101.046
0.531197708;-13.35;79.21;101.046
0.525797281;-1.06;79.21;101.046
0.553562657;0.06;79.21;101.046
0.561992003;69.93;79.21;101.046
0.635353469;122.32;79.21;101.046
0.667863349;122.95;79.21;101.046
0.730376223;85.97;79.21;101.046
0.76436268;80.08;79.21;101.046
0.776736951;110.07;79.21;101.046
0.756382416;93.36;79.21;101.046
0.726828239;114.18;79.21;101.487
0.71766949;118.82;79.21;101.487
0.715594482;118.85;79.21;101.487
0.716715954;119;79.21;101.487
0.731384256;137.03;79.21;101.487
0.769793454;189.41;79.21;101.487
0.826708794;264;79.21;101.487
0.846080538;288;79.21;101.487
0.786217971;270.6;79.21;101.487
0.721171696;196.47;79.21;101.487
0.623401223;153.06;79.21;101.487
0.579769087;163.68;79.21;101.487
0.523807934;156.99;79.21;101.487
0.503116679;171.35;79.21;101.487
0.484740372;170.67;79.21;101.487
0.490901793;212.63;79.21;101.487
0.515223173;232.98;79.21;101.487
0.528960316;273.68;79.21;101.487
0.615410408;309.6;79.21;101.487
0.648946571;336.98;79.21;101.487
0.704322026;277.16;79.21;101.487
0.72684214;240.91;79.21;101.487
0.730415174;222.81;79.21;101.487
0.718564775;199.25;79.21;101.487
0.715916448;223;79.21;96.216
0.702784307;215;79.21;96.216
0.697668897;207;79.21;96.216
0.698038802;206.36;79.21;96.216
0.713560526;203;79.21;96.216
0.759108965;220.92;79.21;96.216
0.814245397;273.7;79.21;96.216
0.835670304;287.34;79.21;96.216
0.754066016;281.1;79.21;96.216
0.69388705;240.15;79.21;96.216
0.598239338;199.9;79.21;96.216
0.551344222;192.2;79.21;96.216
0.488077027;183.66;79.21;96.216
0.464516715;185.21;79.21;96.216
0.430465841;193.92;79.21;96.216
0.423662358;199.86;79.21;96.216
0.442250363;230.01;79.21;96.216
0.466174052;269.97;79.21;96.216
0.510556286;301.03;79.21;96.216
0.516312501;351;79.21;96.216
0.56771632;290.84;79.21;96.216
0.580694532;255.9;79.21;96.216
0.577710186;242.27;79.21;96.216
0.574419112;222.38;79.21;96.216
0.573943503;215.39;79.21;96.188
0.580012736;200.05;79.21;96.188
0.592840019;200.62;79.21;96.188
0.617708034;198.08;79.21;96.188
0.640108702;204.09;79.21;96.188
0.692214613;226.15;79.21;96.188
0.738785879;275.45;79.21;96.188
0.713353342;299.25;79.21;96.188
0.633687497;280.72;79.21;96.188
0.563014152;217.11;79.21;96.188
0.481635212;199.7;79.21;96.188
0.449459673;191.54;79.21;96.188
0.414705362;181.07;79.21;96.188
0.423779276;181.93;79.21;96.188
0.410700778;190.31;79.21;96.188
0.409883497;202.34;79.21;96.188
0.447893558;217.99;79.21;96.188
0.467055715;266.05;79.21;96.188
0.516624739;312.28;79.21;96.188
0.527844075;374.14;79.21;96.188
0.560793066;311.03;79.21;96.188
0.575402692;270;79.21;96.188
0.581621288;245.12;79.21;96.188
0.573251822;216.4;79.21;96.188
0.570761927;213.01;79.21;109.395
0.564362446;212.33;79.21;109.395
0.579266819;211.5;79.21;109.395
0.58119103;211.8;79.21;109.395
0.592272718;212.93;79.21;109.395
0.592047332;223.32;79.21;109.395
0.592693464;282.97;79.21;109.395
0.62755885;305.07;79.21;109.395
0.628396518;267.73;79.21;109.395
0.61432757;218.91;79.21;109.395
0.557276973;194.92;79.21;109.395
0.526801844;194.94;79.21;109.395
0.481786983;185.97;79.21;109.395
0.463378151;181.94;79.21;109.395
0.424887283;192.7;79.21;109.395
0.417137332;208.42;79.21;109.395
0.43715811;232.58;79.21;109.395
0.460574938;266.99;79.21;109.395
0.520397264;310.76;79.21;109.395
0.503022946;371.11;79.21;109.395
0.483530234;295.4;79.21;109.395
0.490657582;256.86;79.21;109.395
0.496210488;240.04;79.21;109.395
0.488990853;219.76;79.21;109.395
0.481313151;262.48;79.21;114.125
0.477197718;244.31;79.21;114.125
0.493133798;234.29;79.21;114.125
0.503041048;230.15;79.21;114.125
0.509364318;226.01;79.21;114.125
0.518873999;254.91;79.21;114.125
0.5265272;315;79.21;114.125
0.556707379;333.86;79.21;114.125
0.573561652;285.12;79.21;114.125
0.550468716;248.37;79.21;114.125
0.487340519;185.6;79.21;114.125
0.45075199;185.87;78.68;114.125
0.404780327;172.57;78.5;114.125
0.405230371;169.75;78.5;114.125
0.382480913;178.57;78.5;114.125
0.374013271;210;78.5;114.125
0.415494947;251.07;78.5;114.125
0.458353341;276.28;78.5;114.125
0.494275487;300.77;78.5;114.125
0.484387124;339.9;78.5;114.125
0.467807746;283.38;78.5;114.125
0.452620963;242.2;78.5;114.125
0.459388007;244.56;78.5;114.125
0.451169598;190.07;78.5;114.125
0.445583175;235.96;78.5;100.981
0.44878459;221.16;78.5;100.981
0.453710166;185.58;78.5;100.981
0.464571657;191.02;78.5;100.981
0.508336626;206.58;78.5;100.981
0.584545804;216.18;78.5;100.981
0.594688622;199.56;78.5;100.981
0.548230078;190.28;78.5;100.981
0.499028803;152.18;78.5;100.981
0.498155129;159.37;78.5;100.981
0.467652725;110.05;78.5;100.981
0.474399104;85.94;78.5;100.981
0.454146932;83.11;78.5;100.981
0.45453085;80.38;78.5;100.981
0.441351501;89.35;78.5;100.981
0.454646661;157.71;78.5;100.981
0.483484834;199.95;78.5;100.981
0.496244604;232.42;78.5;100.981
0.552711541;262.5;78.5;100.981
0.558663179;292.24;78.5;100.981
0.606644336;270.07;78.5;100.981
0.616367826;244.98;78.5;100.981
0.60512709;244.94;78.5;100.981
0.597731805;237.75;78.5;100.981
0.588127714;235;78.5;100.981
0.59624147;221.93;78.5;100.981
0.602684272;214.02;78.5;100.981
0.613368165;212;78.5;100.981
0.645717878;211.09;78.5;100.981
0.695057777;210.31;78.5;100.981
0.674405307;214.03;78.5;100.981
0.63445003;214.08;78.5;100.981
0.579517681;214.07;78.5;100.981
0.551881979;205.02;78.5;100.981
0.49658591;194.4;78.5;100.981
0.472345231;161.5;78.5;100.981
0.444215736;89.9;78.5;100.981
0.44712538;77.97;78.5;100.981
0.436349151;92;78.5;100.981
0.445153634;141.59;78.5;100.981
0.481002745;194.83;78.5;100.981
0.50358828;220;78.5;100.981
0.562382522;263.02;78.5;100.981
0.551976182;281.68;78.5;100.981
0.57858756;265.63;78.5;100.981
0.566236309;251.59;78.5;100.981
0.566276549;228;78.5;100.981
0.543186613;196;78.5;100.981
0.535242917;192.04;78.5;101.827
0.540442638;189.45;78.5;101.827
0.54434312;194.89;78.5;101.827
0.553284266;195.01;78.5;101.827
0.59582832;208.62;78.5;101.827
0.669528638;274.95;78.5;101.827
0.683298924;316.95;78.5;101.827
0.640775533;313.95;78.5;101.827
0.571043143;266.98;78.5;101.827
0.541290079;224.94;78.5;101.827
0.491269216;204.14;78.5;101.827
0.4775637;173.87;78.5;101.827
0.439903101;163.51;78.5;101.827
0.438948677;130.99;78.5;101.827
0.429478094;161.5;78.5;101.827
0.445297231;170.68;78.5;101.827
0.482254652;197.56;78.5;101.827
0.501933098;260.31;78.5;101.827
0.556142615;304.62;78.5;101.827
0.556412747;274.06;78.5;101.827
0.584477277;252.61;78.5;101.827
0.589958617;229.53;78.5;101.827
0.575929086;220.54;78.5;101.827
0.576129393;209.83;78.5;101.827
0.586975013;210.18;78.5;101.957
0.602196182;208.96;78.5;101.957
0.611847003;210;78.5;101.957
0.634142449;209.87;78.5;101.957
0.679514408;225.27;78.5;101.957
0.747177043;270.27;78.5;101.957
0.774138185;302.12;78.5;101.957
0.750055748;318.74;78.5;101.957
0.664699379;299.9;78.5;101.957
0.628691041;278.48;78.5;101.957
0.57824369;275.94;78.5;101.957
0.552879826;236.43;78.5;101.957
0.529561617;230.85;78.5;101.957
0.564728741;223.52;78.5;101.957
0.555575237;222.41;78.5;101.957
0.579514167;228.01;78.5;101.957
0.604138256;246.53;78.5;101.957
0.593230273;280.04;78.5;101.957
0.629842229;302.49;78.5;101.957
0.613045702;297.67;78.5;101.957
0.638798617;260.04;78.5;101.957
0.631059218;237;78.5;101.957
0.629920409;219.84;78.5;101.957
0.626853866;233.07;78.5;101.957
0.631131243;228.86;78.5;110.03
0.628338121;229.61;78.5;110.03
0.624194078;229.08;78.5;110.03
0.626628384;232.33;78.5;110.03
0.645211271;242;78.5;110.03
0.686725544;283;78.5;110.03
0.708040174;315;78.5;110.03
0.735675429;346.91;78.5;110.03
0.707044864;328.11;78.5;110.03
0.684893181;302.07;78.5;110.03
0.621430765;312.56;78.5;110.03
0.594078621;295.99;78.5;110.03
0.572675485;272.89;78.5;110.03
0.572760772;278.3;78.5;110.03
0.548413931;266.52;78.5;110.03
0.547096811;256.34;78.5;110.03
0.565263617;269.81;78.5;110.03
0.544072634;294.7;78.5;110.03
0.589623862;309.97;78.5;110.03
0.59469357;285.73;78.5;110.03
0.657771028;253.36;78.5;110.03
0.664400757;240.52;78.5;110.03
0.670190116;197.92;78.5;110.03
0.670514827;200.66;78.5;110.03
0.675048304;204.29;78.5;119.844
0.675295327;195.02;78.5;119.844
0.671078616;181.93;78.5;119.844
0.679770804;186.3;78.5;119.844
0.687594724;200.69;78.5;119.844
0.713946006;270;78.5;119.844
0.722768916;305.76;78.5;119.844
0.734615469;324.23;78.5;119.844
0.706003741;271;78.5;119.844
0.702265607;250.75;78.5;119.844
0.652213094;219.54;78.5;119.844
0.633503542;203.92;78.5;119.844
0.601609251;193.43;78.5;119.844
0.624261964;190.8;78.5;119.844
0.612573949;185.62;78.5;119.844
0.608624244;184.96;78.5;119.844
0.611479155;188.01;78.5;119.844
0.585885991;200.01;78.5;119.844
0.619837931;229.49;78.5;119.844
0.634966557;199.08;78.5;119.844
0.686864148;164.35;78.5;119.844
0.701148266;150.64;78.5;119.844
0.695876341;120.08;78.5;119.844
0.690888047;111.72;78.5;119.844
0.687625122;99.64;78.5;121.255
0.679049477;94.48;78.5;121.255
0.682500965;99.59;78.5;121.255
0.686735186;109.02;78.5;121.255
0.698485475;140.01;78.5;121.255
0.716768064;178.63;78.5;121.255
0.729492681;200.03;78.5;121.255
0.759798464;208.47;78.5;121.255
0.744371554;200.35;78.5;121.255
0.727061643;193.08;78.5;121.255
0.674361531;181.14;78.12;121.255
0.662512266;171.94;78;121.255
0.61800925;159.91;78;121.255
0.615913116;147.1;78;121.255
0.61365993;140.82;78;121.255
0.625076472;142.33;78;121.255
0.651812423;172.4;78;121.255
0.624301188;191.7;78;121.255
0.641468527;205.96;78;121.255
0.618959182;200.19;78;121.255
0.652589409;174.92;78;121.255
0.650821332;167.85;78;121.255
0.642763889;151.86;78;121.255
0.633003643;112.01;78;121.255
0.621315796;125.01;78;120.241
0.622025122;131.72;78;120.241
0.621932781;140.54;78;120.241
0.628390754;131.79;78;120.241
0.636551319;145.07;78;120.241
0.653238933;135.84;78;120.241
0.654705345;168.06;78;120.241
0.65635484;190.3;78;120.241
0.636347992;192.15;78;120.241
0.646084255;169.77;78;120.241
0.613355095;166.94;78;120.241
0.604831928;160.63;78;120.241
0.574637608;132.18;78;120.241
0.583199115;120.6;78;120.241
0.575141664;128.45;78;120.241
0.581989138;137.45;78;120.241
0.578440463;171.27;78;120.241
0.561831658;227.6;78;120.241
0.606293874;259.15;78;120.241
0.605633826;241.63;78;120.241
0.662221703;210;78;120.241
0.669437443;206.14;78;120.241
0.666758673;189.38;78;120.241
0.667043628;199.08;78;120.241
0.671504184;193.08;78;120.241
0.670906363;195.76;78;120.241
0.668958212;194.44;78;120.241
0.678437294;195.55;78;120.241
0.707320751;193.82;78;120.241
0.754625678;190.88;78;120.241
0.748313156;192.6;78;120.241
0.683230813;197.24;78;120.241
0.599200622;182.07;78;120.241
0.570399053;180.76;78;120.241
0.508862775;179.13;78;120.241
0.490389768;174.2;78;120.241
0.455157276;119.64;78;120.241
0.459685278;97.07;78;120.241
0.444083291;104;78;120.241
0.452610061;121.39;78;120.241
0.47405746;132.21;78;120.241
0.4742181;177.39;78;120.241
0.535678604;211.79;78;120.241
0.560463206;204.95;78;120.241
0.615510902;179.74;78;120.241
0.619215565;177.45;78;120.241
0.60708626;155.03;78;120.241
0.59904049;118.63;78;120.241
0.584163473;91.81;78;120.346
0.569492385;88;78;120.346
0.55843471;81.56;78;120.346
0.567161389;87.49;78;120.346
0.589956831;91.6;78;120.346
0.63405043;133;78;120.346
0.644805524;120.6;78;120.346
0.611830302;101.16;78;120.346
0.56249942;87.6;78;120.346
0.561740664;74.54;78;120.346
0.522933507;68.27;78;120.346
0.522369255;40.08;78;120.346
0.519859145;30.98;78;120.346
0.53822747;25.6;78;120.346
0.554179935;37.56;78;120.346
0.590815483;47.24;78;120.346
0.627339427;69.78;78;120.346
0.596705206;69.93;78;120.346
0.587243148;74.86;78;120.346
0.557319807;74.52;78;120.346
0.590954252;69.96;78;120.346
0.589134973;72.98;78;120.346
0.5788385;50.09;78;120.346
0.559857574;23.53;78;120.346
0.548378291;30;78;111.258
0.547844262;35.09;78;111.258
0.562301626;42.35;78;111.258
0.587302197;74.53;78;111.258
0.630886053;83.97;78;111.258
0.686029547;163.27;78;111.258
0.697927905;220.07;78;111.258
0.691086723;232.03;78;111.258
0.679280893;229.51;78;111.258
0.692382677;227;78;111.258
0.650271354;230.09;78;111.258
0.634281536;214.24;78;111.258
0.593820662;222.98;78;111.258
0.594314993;208.49;78;111.258
0.570090606;222.97;78;111.258
0.577129864;224.41;78;111.258
0.599867547;262.21;78;111.258
0.573573978;278.24;78;111.258
0.584399965;309.93;78;111.258
0.589460179;277.91;78;111.258
0.656621882;226.47;78;111.258
0.652447468;189.65;78;111.258
0.625649743;163.64;78;111.258
0.595537314;112.87;78;111.258
0.602303972;140;78;109.154
0.609826729;126.56;78;109.154
0.620716351;121.67;78;109.154
0.640767521;126.59;78;109.154
0.676041965;118.48;78;109.154
0.742054349;165.6;78;109.154
0.748620388;177.84;78;109.154
0.731819907;175.3;78;109.154
0.702149637;159.36;78;109.154
0.690762345;95.69;78;109.154
0.63308853;74.86;78;109.154
0.597889551;77.8;78;109.154
0.555404481;74.73;78;109.154
0.590287382;71.98;78;109.154
0.619538345;74.75;78;109.154
0.662184276;74.81;78;109.154
0.680332559;126.26;78;109.154
0.638888926;165.54;78;109.154
0.650157689;178.43;78;109.154
0.628462031;171;78;109.154
0.651751718;132.42;78;109.154
0.651776451;109.11;78;109.154
0.631023591;60.37;78;109.154
0.620154958;73.02;78;109.154
0.600215365;67.74;78;108.819
0.589748062;59.64;78;108.819
0.578140373;67.58;78;108.819
0.568405373;73.58;78;108.819
0.568547539;74.13;78;108.819
0.587726806;74.5;78;108.819
0.58572494;90.03;78;108.819
0.615926784;113.23;78;108.819
0.634516239;77.35;78;108.819
0.651399148;71.93;78;108.819
0.590747117;71.94;78;108.819
0.563198866;77.38;78;108.819
0.508149188;70.38;78;108.819
0.510136908;70.15;78;108.819
0.515423579;73.35;78;108.819
0.521024372;74.82;78;108.819
0.538599737;80.91;78;108.819
0.510034183;82.06;78;108.819
0.536330339;94.41;78;108.819
0.534606001;79.56;78;108.819
0.576371364;65.45;78;108.819
0.566181728;69.19;78;108.819
0.537130236;27.35;78;108.819
0.529741693;2.02;78;108.819
0.52594389;1.03;78;105.453
0.530629166;1.02;78;105.453
0.536745605;2.47;78;105.453
0.538612477;8.58;78;105.453
0.550292384;44.51;78;105.453
0.562895103;95.37;78;105.453
0.58729;147.26;78;105.453
0.633813693;150;78;105.453
0.659633573;87;78;105.453
0.657157071;81.85;78;105.453
0.600268935;86.54;79.66;105.453
0.572220153;88.19;80.21;105.453
0.524187653;91.41;80.21;105.453
0.52024483;130.77;80.21;105.453
0.519272518;166.11;80.21;105.453
0.539697169;186.11;80.21;105.453
0.562056743;202.31;80.21;105.453
0.563785493;229.9;80.21;105.453
0.62575117;267.77;80.21;105.453
0.614845177;259.04;80.21;105.453
0.647158625;221.8;80.21;105.453
0.620264538;189.8;80.21;105.453
0.593224408;159.98;80.21;105.453
0.569293912;119.25;80.21;105.453
0.564050108;110.6;80.21;107.069
0.570336272;92.51;80.21;107.069
0.576944324;83.22;80.21;107.069
0.589961265;79.12;80.21;107.069
0.621976137;76.14;80.21;107.069
0.681681703;76.56;80.21;107.069
0.668826256;88.15;80.21;107.069
0.596755433;82.9;80.21;107.069
0.529883102;69.72;80.21;107.069
0.523160507;25.14;80.21;107.069
0.486317153;5.04;80.21;107.069
0.461247422;-0.01;80.21;107.069
0.435736895;-0.28;80.21;107.069
0.457067002;-2.49;80.21;107.069
0.474548991;-0.1;80.21;107.069
0.490349083;-0.03;80.21;107.069
0.518104129;1.98;80.21;107.069
0.517709341;75.81;80.21;107.069
0.581067468;96.97;80.21;107.069
0.588185204;105;80.21;107.069
0.64696954;90.95;80.21;107.069
0.614313409;89.77;80.21;107.069
0.574253961;69.88;80.21;107.069
0.552825422;70.96;80.21;107.069
0.545313142;26.15;80.21;107.069
0.538032514;24.59;80.21;107.069
0.539475436;25.67;80.21;107.069
0.544934925;40.04;80.21;107.069
0.588867764;36.85;80.21;107.069
0.65329336;25.95;80.21;107.069
0.632182438;45.02;80.21;107.069
0.563916316;35.76;80.21;107.069
0.501326616;22.23;80.21;107.069
0.47707952;12.29;80.21;107.069
0.431570548;13;80.21;107.069
0.42028024;5.31;80.21;107.069
0.39650337;0.1;80.21;107.069
0.419161;0.09;80.21;107.069
0.414795538;0.42;80.21;107.069
0.426142343;8.52;80.21;107.069
0.454480798;71.03;80.21;107.069
0.457610868;139.9;80.21;107.069
0.515154151;233.51;80.21;107.069
0.529864988;252.18;80.21;107.069
0.576450703;239.54;80.21;107.069
0.57611664;238.28;80.21;107.069
0.570131769;224.3;80.21;107.069
0.565732707;182.38;80.21;107.069
0.565271021;184.98;80.21;107.325
0.570835553;184.6;80.21;107.325
0.586833325;185.68;80.21;107.325
0.604793532;195.55;80.21;107.325
0.639638389;220.56;80.21;107.325
0.704430988;264.91;80.21;107.325
0.704127808;299.93;80.21;107.325
0.628523842;285.03;80.21;107.325
0.54717154;255;80.21;107.325
0.484358679;214.92;80.21;107.325
0.425235214;190.71;80.21;107.325
0.420045666;187.85;80.21;107.325
0.401239003;181.84;80.21;107.325
0.411375748;179.98;80.21;107.325
0.407081608;179.77;80.21;107.325
0.439346403;182.86;80.21;107.325
0.489715183;219.39;80.21;107.325
0.50676499;263.32;80.21;107.325
0.55342304;296.99;80.21;107.325
0.562618674;290.37;80.21;107.325
0.588997388;267.81;80.21;107.325
0.585481363;247.99;80.21;107.325
0.577354855;204.4;80.21;107.325
0.55677429;192.9;80.21;107.325
0.559495993;188.71;80.21;102.816
0.569009156;184.13;80.21;102.816
0.595586976;183;80.21;102.816
0.613065522;185.55;80.21;102.816
0.648129063;191.53;80.21;102.816
0.71022587;229.54;80.21;102.816
0.686394404;268.78;80.21;102.816
0.622920898;260.33;80.21;102.816
0.539253076;219.02;80.21;102.816
0.501045725;182.51;80.21;102.816
0.440809908;172.32;80.21;102.816
0.429521222;136.12;80.21;102.816
0.414167231;110.02;80.21;102.816
0.435141648;100.01;80.21;102.816
0.427678615;118.14;80.21;102.816
0.438875618;139.9;80.21;102.816
0.469209713;179.4;80.21;102.816
0.47088806;215.47;80.21;102.816
0.502608013;235.09;80.21;102.816
0.511773531;233.47;80.21;102.816
0.563652447;189.08;80.21;102.816
0.559897495;177.46;80.21;102.816
0.556836599;137.74;80.21;102.816
0.553868482;161.67;80.21;102.816
0.568945921;165.81;80.21;103.685
0.583989893;163.31;80.21;103.685
0.593982211;167.63;80.21;103.685
0.610096352;180.73;80.21;103.685
0.646817649;212.32;80.21;103.685
0.698929634;248.74;80.21;103.685
0.693990603;267.52;80.21;103.685
0.634124531;273.83;80.21;103.685
0.558368457;254.25;80.21;103.685
0.516460592;212.9;80.21;103.685
0.462128084;192.45;80.21;103.685
0.45124797;188.72;80.21;103.685
0.430282152;195.04;80.21;103.685
0.443908784;200.05;80.21;103.685
0.44703904;196;80.21;103.685
0.468706175;200.47;80.21;103.685
0.49225787;241.25;80.21;103.685
0.477747865;266.2;80.21;103.685
0.507838428;298.95;80.21;103.685
0.502191869;301.63;80.21;103.685
0.54004926;269.03;80.21;103.685
0.530836926;250;80.21;103.685
0.524327813;231.94;80.21;103.685
0.528509898;232.45;80.21;103.685
0.527899715;207.63;80.21;104.715
0.534669628;200.14;80.21;104.715
0.536432968;198.05;80.21;104.715
0.536837234;199.97;80.21;104.715
0.530700437;204.46;80.21;104.715
0.531032836;254;80.21;104.715
0.52506096;272.33;80.21;104.715
0.552467331;282.11;80.21;104.715
0.551564641;252.78;80.21;104.715
0.544899749;216.35;80.21;104.715
0.478996052;212.54;80.21;104.715
0.443772904;202.24;80.21;104.715
0.389163847;195.19;80.21;104.715
0.407390621;193.64;80.21;104.715
0.435521714;191.99;80.21;104.715
0.485015126;194.53;80.21;104.715
0.50499054;212.8;80.21;104.715
0.488037822;244.94;80.21;104.715
0.502831908;271.07;80.21;104.715
0.472763026;272.31;80.21;104.715
0.502908362;265.46;80.21;104.715
0.492095727;253.68;80.21;104.715
0.486060489;234.36;80.21;104.715
0.477785005;214.9;80.21;104.715
0.468788605;198.45;80.21;97.33
0.465247319;194.28;80.21;97.33
0.474368622;190.49;80.21;97.33
0.478729048;191.86;80.21;97.33
0.487771992;196.86;80.21;97.33
0.493944801;205.33;80.21;97.33
0.509176722;220.78;80.21;97.33
0.554446992;209.88;80.21;97.33
0.579413185;189.92;80.21;97.33
0.594975706;190.62;80.21;97.33
0.531415465;186.55;80.21;97.33
0.498550797;160.03;80.21;97.33
0.468604797;167.65;80.21;97.33
0.478897372;157.38;80.21;97.33
0.47021985;151.11;80.21;97.33
0.460266717;155.01;80.21;97.33
0.468730666;179.32;80.21;97.33
0.464263781;196.21;80.21;97.33
0.507881688;228.35;80.21;97.33
0.494029596;235.99;80.21;97.33
0.528064925;208.84;80.21;97.33
0.528727479;205.09;80.21;97.33
0.522908258;196.24;80.21;97.33
0.522924134;191.16;80.21;97.33
0.525162481;183.37;80.21;97.33
0.529245396;178;80.21;97.33
0.523074414;174.21;80.21;97.33
0.5275059;171.81;80.21;97.33
0.555663143;179.54;80.21;97.33
0.609144379;188.98;80.21;97.33
0.584601562;191.12;80.21;97.33
0.505256017;189.6;80.21;97.33
0.448451296;172.62;80.21;97.33
0.44762253;146.58;80.21;97.33
0.407896906;121.99;80.21;97.33
0.394518136;82.36;80.21;97.33
0.367268914;52.9;80.21;97.33
0.373888581;33.78;80.21;97.33
0.356864582;40.32;80.21;97.33
0.358097368;65.84;80.21;97.33
0.37870176;107.71;80.21;97.33
0.377753591;171.19;80.21;97.33
0.40758691;195.08;80.21;97.33
0.438893011;205.81;80.21;97.33
0.491084948;194.47;80.21;97.33
0.494571284;175.84;80.21;97.33
0.482548308;166.88;80.21;97.33
0.469627532;160.22;80.21;97.33
0.457502276;139.97;80.21;97.33
0.455546688;121.76;80.21;97.33
0.459249483;123.38;80.21;97.33
0.468037165;133.96;80.21;97.33
0.499359527;139.96;80.21;97.33
0.555895338;146.1;80.21;97.33
0.525986396;144.01;80.21;97.33
0.439772672;133.55;80.21;97.33
0.38775655;100;80.21;97.33
0.393265655;75.92;80.21;97.33
0.357935332;41.29;80.21;97.33
0.345482484;20.73;80.21;97.33
0.325018484;0.07;80.21;97.33
0.337851991;0;80.21;97.33
0.322501121;0.08;80.21;97.33
0.313418269;15;80.21;97.33
0.336659361;66.2;80.21;97.33
0.369925781;158.02;80.21;97.33
0.403403617;182.55;80.21;97.33
0.415863527;191.54;80.21;97.33
0.441867511;187.88;80.21;97.33
0.439687147;171.46;80.21;97.33
0.431706529;158.07;80.21;97.33
0.4286737;95.9;80.21;97.33
0.43008013;81;80.21;97.33
0.435143561;84;80.21;97.33
0.446937602;81;80.21;97.33
0.461795046;85.25;80.21;97.33
0.499725052;92.31;80.21;97.33
0.549752826;95.23;80.21;97.33
0.52197509;105;80.21;97.33
0.451995433;108.65;80.21;97.33
0.395635092;101.18;80.21;97.33
0.384280356;95.51;80.21;97.33
0.335423234;82.92;80.21;97.33
0.328145956;75.98;80.21;97.33
0.300268353;61.17;80.21;97.33
0.303011389;45;80.21;97.33
0.298974443;60.58;80.21;97.33
0.302403024;82.92;80.21;97.33
0.321209248;121.25;80.21;97.33
0.323766298;189.84;80.21;97.33
0.378317577;240.3;80.21;97.33
0.400998506;250.73;80.21;97.33
0.445411735;226.6;80.21;97.33
0.440387712;221.23;80.21;97.33
0.43295606;202;80.21;97.33
0.427540584;205;80.21;97.33
0.424659307;192.98;80.21;98.46
0.429262769;191.14;80.21;98.46
0.438719536;190.95;80.21;98.46
0.455434019;190;80.21;98.46
0.50468538;200.61;80.21;98.46
0.5670318;251.27;80.21;98.46
0.553980087;291.43;80.21;98.46
0.480836479;295.43;80.21;98.46
0.389096302;255.71;80.21;98.46
0.362078712;232.54;80.21;98.46
0.315675983;207.71;80.21;98.46
0.308866533;193.56;80.21;98.46
0.293002883;187.06;80.21;98.46
0.300791338;176.57;80.21;98.46
0.306603059;176.11;80.21;98.46
0.312914628;168.94;80.21;98.46
0.340531031;193.33;80.21;98.46
0.344631264;224.93;80.21;98.46
0.398554248;239.03;80.21;98.46
0.430936508;240.01;80.21;98.46
0.480620914;223.6;80.21;98.46
0.467808569;200;80.21;98.46
0.443799224;184.2;80.21;98.46
0.433412833;191;80.21;98.46
0.433006692;189.55;80.21;93.519
0.438322076;183.1;80.21;93.519
0.443678143;183.28;80.21;93.519
0.450788102;183.38;80.21;93.519
0.479454555;197.96;80.21;93.519
0.52747179;227.24;80.21;93.519
0.510360094;249.92;80.21;93.519
0.439446661;249.9;80.21;93.519
0.377528073;209.96;80.21;93.519
0.356811655;193.5;80.21;93.519
0.303474279;188.91;80.21;93.519
0.294714377;175.87;80.21;93.519
0.274935957;168.37;80.21;93.519
0.298293915;158.9;80.21;93.519
0.298710588;171.95;80.21;93.519
0.313166944;175.85;80.21;93.519
0.346834567;196.15;80.21;93.519
0.337679021;222.95;80.21;93.519
0.371330216;249;80.21;93.519
0.375426876;250;80.21;93.519
0.415683871;239.18;80.21;93.519
0.410404457;220.1;80.21;93.519
0.395973468;201.97;80.21;93.519
0.375186616;188.55;80.21;93.519
0.378151268;179.92;80.21;96.083
0.402603194;181.08;80.21;96.083
0.419162885;178.92;80.21;96.083
0.431556843;180.5;80.21;96.083
0.43877694;199.92;80.21;96.083
0.442237253;229.76;80.21;96.083
0.433153368;256.02;80.21;96.083
0.44183144;256.25;80.21;96.083
0.408989433;232.26;80.21;96.083
0.409122289;207.93;80.21;96.083
0.362366731;197.01;80.21;96.083
0.356711869;185.06;80.21;96.083
0.314249524;176.25;80.21;96.083
0.314937294;167.93;80.21;96.083
0.30712766;168.05;80.21;96.083
0.320527718;173.4;80.21;96.083
0.336212879;185.34;80.21;96.083
0.341719304;204.96;80.21;96.083
0.381244243;220.62;80.21;96.083
0.409110674;223.61;80.21;96.083
0.445454587;220.44;80.21;96.083
0.439710327;199.71;80.21;96.083
0.42294935;174.62;80.21;96.083
0.398888974;191.07;80.21;96.083
0.397310693;183.93;80.21;97.471
0.403682284;187.01;80.21;97.471
0.421526453;179.41;80.21;97.471
0.431136683;176.09;80.21;97.471
0.45178259;189.58;80.21;97.471
0.473662367;218.07;80.21;97.471
0.470656411;239.95;80.21;97.471
0.485332286;244.1;80.21;97.471
0.495465923;221.05;80.21;97.471
0.517252924;196.56;80.21;97.471
0.481146663;156.71;85.6;97.471
0.462782344;122.43;87.4;97.471
0.427642242;98.52;87.4;97.471
0.418930622;86.77;87.4;97.471
0.425118553;86.77;87.4;97.471
0.441834863;102.34;87.4;97.471
0.461513198;137;87.4;97.471
0.474178833;180.26;87.4;97.471
0.484028187;209.61;87.4;97.471
0.477734757;209.97;87.4;97.471
0.483826087;185;87.4;97.471
0.476119208;190.17;87.4;97.471
0.465366015;147.32;87.4;97.471
0.454928588;130.46;87.4;97.471
0.456064349;116.44;87.4;95.486
0.460221958;108.65;87.4;95.486
0.46317841;119.04;87.4;95.486
0.470285393;119.4;87.4;95.486
0.509002507;122.32;87.4;95.486
0.562947272;128.32;87.4;95.486
0.53542434;143.64;87.4;95.486
0.454984854;141.5;87.4;95.486
0.396688508;82.69;87.4;95.486
0.391912863;55.43;87.4;95.486
0.36758534;15.92;87.4;95.486
0.367840428;2.43;87.4;95.486
0.362099407;0.01;87.4;95.486
0.3830028;0.08;87.4;95.486
0.39431799;5.07;87.4;95.486
0.411396825;20.45;87.4;95.486
0.428065419;94.85;87.4;95.486
0.420686334;138.87;87.4;95.486
0.44511512;168.19;87.4;95.486
0.457240979;171.36;87.4;95.486
0.476361854;138.05;87.4;95.486
0.460350562;118.23;87.4;95.486
0.444520035;97.95;87.4;95.486
0.43265767;100.58;87.4;95.486
0.431887054;93.14;87.4;95.486
0.43005305;91.92;87.4;95.486
0.425242249;87.88;87.4;95.486
0.430459432;84.06;87.4;95.486
0.45195984;87.84;87.4;95.486
0.507930805;87.81;87.4;95.486
0.47904708;95.1;87.4;95.486
0.439751965;96.51;87.4;95.486
0.408716555;81.88;87.4;95.486
0.416738882;74.9;87.4;95.486
0.383120294;73.03;87.4;95.486
0.389542424;54.86;87.4;95.486
0.380118155;34.51;87.4;95.486
0.394917341;34.2;87.4;95.486
0.379661911;44.09;87.4;95.486
0.390053904;72.81;87.4;95.486
0.423831532;111.73;87.4;95.486
0.435423918;165.01;87.4;95.486
0.489650524;198.65;87.4;95.486
0.52439425;224.95;87.4;95.486
0.534710677;216.66;87.4;95.486
0.517897753;205.73;87.4;95.486
0.499654269;186.99;87.4;95.486
0.490583915;184.96;87.4;95.486
0.484629779;183.78;87.4;96.422
0.479241018;185.63;87.4;96.422
0.478203721;186.1;87.4;96.422
0.483869947;188.12;87.4;96.422
0.518510168;200.06;87.4;96.422
0.57373225;237.23;87.4;96.422
0.557925714;261.87;87.4;96.422
0.504645017;272.47;87.4;96.422
0.45502741;249.06;87.4;96.422
0.448564667;232.59;87.4;96.422
0.414313592;227.97;87.4;96.422
0.400877968;211;87.4;96.422
0.387560174;200;87.4;96.422
0.397382034;194.9;87.4;96.422
0.400525422;191.99;87.4;96.422
0.404652058;189.5;87.4;96.422
0.41339717;209.25;87.4;96.422
0.412283757;252.71;87.4;96.422
0.457313626;273.88;87.4;96.422
0.475688498;275.71;87.4;96.422
0.512468699;264.93;87.4;96.422
0.505142492;254;87.4;96.422
0.486758709;235.44;87.4;96.422
0.482893077;212.54;87.4;96.422
0.46879918;205.01;87.4;96.892
0.477538039;204.59;87.4;96.892
0.487193221;201.07;87.4;96.892
0.503505222;204.16;87.4;96.892
0.544294755;232.95;87.4;96.892
0.613776715;266.52;87.4;96.892
0.604029997;290;87.4;96.892
0.52682491;290;87.4;96.892
0.461046059;260.48;87.4;96.892
0.450919218;235.88;87.4;96.892
0.425918233;224.28;87.4;96.892
0.423864687;219.41;87.4;96.892
0.412551606;210.49;87.4;96.892
0.42689666;214.19;87.4;96.892
0.441566811;215.42;87.4;96.892
0.461900795;211.03;87.4;96.892
0.496666325;239.93;87.4;96.892
0.487527795;260.63;87.4;96.892
0.511834738;281;87.4;96.892
0.498274088;286.76;87.4;96.892
0.545899871;270.01;87.4;96.892
0.518459191;255;87.4;96.892
0.487287019;231.91;87.4;96.892
0.472206466;206.72;87.4;96.892
0.473083899;198.01;87.4;94.689
0.476826438;196.36;87.4;94.689
0.483181967;194.53;87.4;94.689
0.488045335;197.51;87.4;94.689
0.514521953;209.94;87.4;94.689
0.569007564;244.2;87.4;94.689
0.558291293;271.01;87.4;94.689
0.521504209;265.98;87.4;94.689
0.458199704;252.74;87.4;94.689
0.450787742;225.22;87.4;94.689
0.41056843;214.12;87.4;94.689
0.419100151;207.66;87.4;94.689
0.396306415;200.62;87.4;94.689
0.406571732;193.22;87.4;94.689
0.404181171;190.96;87.4;94.689
0.411074546;191.35;87.4;94.689
0.431081334;206.49;87.4;94.689
0.42433299;239.31;87.4;94.689
0.462286359;267.9;87.4;94.689
0.468103945;266.33;87.4;94.689
0.528173152;254.94;87.4;94.689
0.513591045;235.33;87.4;94.689
0.50866114;202.57;87.4;94.689
0.510586538;214.63;87.4;94.689
0.511730348;201.94;87.4;108.398
0.501764847;198;87.4;108.398
0.504401773;201.37;87.4;108.398
0.521343826;201.5;87.4;108.398
0.537990049;218.35;87.4;108.398
0.547811592;255;87.4;108.398
0.529432075;283.37;87.4;108.398
0.538965268;279.29;87.4;108.398
0.516748432;251.26;87.4;108.398
0.494105171;224.93;87.4;108.398
0.425375112;213.56;87.4;108.398
0.386774849;208;87.4;108.398
0.349750178;200.09;87.4;108.398
0.33979804;197.05;87.4;108.398
0.34335875;196.3;87.4;108.398
0.359799598;197.13;87.4;108.398
0.384655901;217.63;87.4;108.398
0.402101854;255;87.4;108.398
0.430732989;279.09;87.4;108.398
0.412572676;284.91;87.4;108.398
0.435010981;268.91;87.4;108.398
0.441970049;253.56;87.4;108.398
0.46075146;222.78;87.4;108.398
0.475487741;206.05;87.4;108.398
0.483420378;203.15;87.4;101.985
0.482713068;202.52;87.4;101.985
0.482954914;203.23;87.4;101.985
0.494047026;205.09;87.4;101.985
0.507993799;213.86;87.4;101.985
0.521770316;255.77;87.4;101.985
0.507975755;280.06;87.4;101.985
0.497679817;291.22;87.4;101.985
0.470222987;256.34;87.4;101.985
0.463660846;230.33;87.4;101.985
0.433644385;217.4;84;101.985
0.423324781;208.37;82.86;101.985
0.398129279;197.25;82.86;101.985
0.41149061;195.24;82.86;101.985
0.415787327;195.04;82.86;101.985
0.431816123;206;82.86;101.985
0.436213869;216.3;82.86;101.985
0.418176645;246.98;82.86;101.985
0.451927664;262.08;82.86;101.985
0.462373923;265.87;82.86;101.985
0.489092118;254.97;82.86;101.985
0.481664414;241.56;82.86;101.985
0.474505355;217.91;82.86;101.985
0.452099236;204.78;82.86;101.985
0.443953651;189.1;82.86;100.434
0.438184321;189.91;82.86;100.434
0.430094507;187.47;82.86;100.434
0.42751432;189.96;82.86;100.434
0.43271881;194.81;82.86;100.434
0.448179759;201;82.86;100.434
0.435589196;206.59;82.86;100.434
0.426141914;210.01;82.86;100.434
0.406772143;205.85;82.86;100.434
0.398709555;195.95;82.86;100.434
0.363711583;186.58;82.86;100.434
0.360206105;180.04;82.86;100.434
0.346838393;172.94;82.86;100.434
0.350714896;166.35;82.86;100.434
0.34019407;159.69;82.86;100.434
0.35649271;166.65;82.86;100.434
0.377698195;192.02;82.86;100.434
0.364641568;226.09;82.86;100.434
0.404804267;246.97;82.86;100.434
0.411501896;252.64;82.86;100.434
0.435180618;247.11;82.86;100.434
0.42981118;239.09;82.86;100.434
0.421240988;219;82.86;100.434
0.420095988;206;82.86;100.434
0.416742464;199.7;82.86;100.434
0.421196034;197.56;82.86;100.434
0.424249141;192.2;82.86;100.434
0.423887119;197.43;82.86;100.434
0.428253116;201.32;82.86;100.434
0.433326937;195;82.86;100.434
0.412270667;194.95;82.86;100.434
0.415457956;186.94;82.86;100.434
0.399573717;182.04;82.86;100.434
0.423104308;177.31;82.86;100.434
0.391327769;176.5;82.86;100.434
0.378389104;174.92;82.86;100.434
0.34693938;150.74;82.86;100.434
0.350593354;140.4;82.86;100.434
0.348763177;138.9;82.86;100.434
0.359047973;155.9;82.86;100.434
0.381255431;187.04;82.86;100.434
0.386509216;215.85;82.86;100.434
0.453150278;249.43;82.86;100.434
0.467019084;254.94;82.86;100.434
0.486315359;243.03;82.86;100.434
0.47681501;239.72;82.86;100.434
0.46187586;215.97;82.86;100.434
0.457460306;206.46;82.86;100.434
0.44718259;199.87;82.86;100.434
0.441051906;194.69;82.86;100.434
0.426939245;193.76;82.86;100.434
0.423904224;196.34;82.86;100.434
0.460243494;209.96;82.86;100.434
0.504531271;248.88;82.86;100.434
0.471597953;270;82.86;100.434
0.414903508;264.57;82.86;100.434
0.359073427;238.98;82.86;100.434
0.347620596;194.27;82.86;100.434
0.324762318;189.97;82.86;100.434
0.322287715;190.68;82.86;100.434
0.293140763;190.45;82.86;100.434
0.293006647;187.65;82.86;100.434
0.286905827;185.05;82.86;100.434
0.299349109;188.2;82.86;100.434
0.327264151;218.72;82.86;100.434
0.356128286;244.11;82.86;100.434
0.395040038;263.97;82.86;100.434
0.404249729;265.41;82.86;100.434
0.423214354;253.52;82.86;100.434
0.424200291;241.11;82.86;100.434
0.404522909;219.92;82.86;100.434
0.390644298;184.5;82.86;100.434
0.388072161;182.09;82.86;100.813
0.391831528;184.08;82.86;100.813
0.405062872;185.12;82.86;100.813
0.422064817;187.04;82.86;100.813
0.448910726;191.19;82.86;100.813
0.492399886;236.26;82.86;100.813
0.475688621;255.96;82.86;100.813
0.414131866;255.96;82.86;100.813
0.369945035;232.7;82.86;100.813
0.370360708;206.07;82.86;100.813
0.352576498;200.24;82.86;100.813
0.371143407;195.79;82.86;100.813
0.371483477;197.29;82.86;100.813
0.3951484;194.89;82.86;100.813
0.407321137;195.54;82.86;100.813
0.420077337;197.99;82.86;100.813
0.44801661;218.99;82.86;100.813
0.447261473;249.96;82.86;100.813
0.461506767;269.94;82.86;100.813
0.441827491;270.23;82.86;100.813
0.490748265;261.77;82.86;100.813
0.506537648;253.21;82.86;100.813
0.496451235;228.94;82.86;100.813
0.487623358;206;82.86;100.813
0.478902318;200;82.86;98.744
0.479055194;200.34;82.86;98.744
0.488961747;201.12;82.86;98.744
0.504972299;201.14;82.86;98.744
0.540182086;224.32;82.86;98.744
0.579894566;256.58;82.86;98.744
0.545424008;296.9;82.86;98.744
0.47194582;280.1;82.86;98.744
0.406885721;255.09;82.86;98.744
0.389141865;226.01;82.86;98.744
0.343980428;209.41;82.86;98.744
0.33790301;204.64;82.86;98.744
0.320915735;202.15;82.86;98.744
0.339496057;199.51;82.86;98.744
0.333025016;200.6;82.86;98.744
0.343611864;206.24;82.86;98.744
0.357804851;231.16;82.86;98.744
0.374957643;249.98;82.86;98.744
0.406113253;275.44;82.86;98.744
0.405514502;281.49;82.86;98.744
0.439478242;263.37;82.86;98.744
0.444764685;246.9;82.86;98.744
0.434169496;232.47;82.86;98.744
0.431735368;225.2;82.86;98.744
0.427489386;208.44;82.86;103.21
0.436277527;208.12;82.86;103.21
0.458476565;205.09;82.86;103.21
0.481215519;204.9;82.86;103.21
0.507213264;220.77;82.86;103.21
0.52911181;254.96;82.86;103.21
0.519269639;275.06;82.86;103.21
0.499891057;268.02;82.86;103.21
0.464151814;252.96;82.86;103.21
0.433513983;235.03;82.86;103.21
0.404775413;232.09;82.86;103.21
0.377204555;224.5;82.86;103.21
0.354588437;215.04;82.86;103.21
0.355324914;210.9;82.86;103.21
0.343596542;210;82.86;103.21
0.33912709;210.35;82.86;103.21
0.351198991;229;82.86;103.21
0.355551174;247.28;82.86;103.21
0.36713774;263;82.86;103.21
0.355941124;276.61;82.86;103.21
0.370600164;259.96;82.86;103.21
0.368201707;251.84;82.86;103.21
0.352465351;238.52;82.86;103.21
0.35567644;220.69;82.86;103.21
0.356846275;213.74;82.86;101.49
0.363678043;207.56;82.86;101.49
0.36684369;204.02;82.86;101.49
0.380995085;206.57;82.86;101.49
0.395915053;219.07;82.86;101.49
0.409759623;255.91;82.86;101.49
0.400039656;274.92;82.86;101.49
0.400065913;262.97;82.86;101.49
0.392318155;236.8;82.86;101.49
0.40009571;220;82.86;101.49
0.383365867;208.13;88.79;101.49
0.381540909;207.4;90.77;101.49
0.348643723;191.81;90.77;101.49
0.344208363;190.01;90.77;101.49
0.341911963;187.01;90.77;101.49
0.357116654;192.7;90.77;101.49
0.374744287;211.59;90.77;101.49
0.368633366;239.09;90.77;101.49
0.385472247;256.79;90.77;101.49
0.364261759;262.69;90.77;101.49
0.361577189;255.91;90.77;101.49
0.35453267;247.78;90.77;101.49
0.338468416;235.46;90.77;101.49
0.325729314;225.12;90.77;101.49
0.320704444;216.94;90.77;93.875
0.32294885;207.36;90.77;93.875
0.330864014;200.01;90.77;93.875
0.341002792;199.5;90.77;93.875
0.382118152;200.1;90.77;93.875
0.423511069;201.78;90.77;93.875
0.415903929;216.28;90.77;93.875
0.375554311;217.04;90.77;93.875
0.332758288;208.57;90.77;93.875
0.338588916;194.17;90.77;93.875
0.333462441;190.67;90.77;93.875
0.331262167;186.55;90.77;93.875
0.306832685;174.37;90.77;93.875
0.296700393;166.7;90.77;93.875
0.28965941;159.17;90.77;93.875
0.29449398;168.22;90.77;93.875
0.310881552;185.3;90.77;93.875
0.330008759;201.62;90.77;93.875
0.366658659;222.74;90.77;93.875
0.360088919;231.57;90.77;93.875
0.36940554;229;90.77;93.875
0.360153317;223.12;90.77;93.875
0.353416538;208.38;90.77;93.875
0.348567549;208.1;90.77;93.875
0.349256686;193.3;90.77;93.875
0.349771384;191.92;90.77;93.875
0.355983778;186.01;90.77;93.875
0.362318868;182.98;90.77;93.875
0.391149362;186.06;90.77;93.875
0.419820327;184.97;90.77;93.875
0.389429197;185.93;90.77;93.875
0.336644993;183.62;90.77;93.875
0.299659465;163.45;90.77;93.875
0.30601668;140.33;90.77;93.875
0.284841871;123.17;90.77;93.875
0.287387853;114.65;90.77;93.875
0.270817738;86.18;90.77;93.875
0.283668457;78.5;90.77;93.875
0.283825768;93.26;90.77;93.875
0.297057752;113.6;90.77;93.875
0.317288543;155.8;90.77;93.875
0.335287823;196.04;90.77;93.875
0.356119253;234.6;90.77;93.875
0.353656744;238.99;90.77;93.875
0.388205685;238.35;90.77;93.875
0.411387102;225.91;90.77;93.875
0.405456579;217.9;90.77;93.875
0.398978288;209.08;90.77;93.875
0.405323369;199.21;90.77;94.918
0.409848002;196.07;90.77;94.918
0.419333218;191.11;90.77;94.918
0.425877032;193.68;90.77;94.918
0.453897762;210.72;90.77;94.918
0.491831094;240;90.77;94.918
0.444247685;256.23;90.77;94.918
0.38012183;250.04;90.77;94.918
0.317431693;219.21;90.77;94.918
0.30797381;199.95;90.77;94.918
0.290074044;194.39;90.77;94.918
0.295045721;185.51;90.77;94.918
0.272022059;183.46;90.77;94.918
0.275404978;179.55;90.77;94.918
0.280139498;183.94;90.77;94.918
0.291330245;190.63;90.77;94.918
0.311144679;220.93;90.77;94.918
0.328849172;247.97;90.77;94.918
0.355762152;280;90.77;94.918
0.347598954;280;90.77;94.918
0.357966425;250.44;90.77;94.918
0.372824485;237.08;90.77;94.918
0.378827185;204.25;90.77;94.918
0.375919291;216.41;90.77;94.918
0.381880317;205.61;90.77;88
0.387800888;184.72;90.77;88
0.395466552;169.98;90.77;88
0.406741188;167.73;90.77;88
0.417985292;187.06;90.77;88
0.421958535;224.08;90.77;88
0.402234851;237.95;90.77;88
0.389257555;232.72;90.77;88
0.350915955;210.25;90.77;88
0.328064036;185;90.77;88
0.295137792;165.46;90.77;88
0.296754499;106.9;90.77;88
0.261465;88.44;90.77;88
0.231055765;78.65;90.77;88
0.222185759;88.49;90.77;88
0.222900297;113.58;90.77;88
0.228086058;184.43;90.77;88
0.245091903;209.78;90.77;88
0.271519731;234.92;90.77;88
0.256278139;239.95;90.77;88
0.2680334;236.96;90.77;88
0.274409905;229.09;90.77;88
0.280496074;201.49;90.77;88
0.267259759;207.15;90.77;88
0.254768542;192.8;90.77;84.058
0.253374494;185.5;90.77;84.058
0.255347924;179;90.77;84.058
0.263460507;179.46;90.77;84.058
0.273506211;185.72;90.77;84.058
0.284821935;216.37;90.77;84.058
0.26980077;233.22;90.77;84.058
0.272754067;224;90.77;84.058
0.254841851;200;90.77;84.058
0.260309068;148.46;90.77;84.058
0.237175191;95.19;90.77;84.058
0.2326733;70.1;90.77;84.058
0.211718808;25.23;90.77;84.058
0.207809947;3.74;90.77;84.058
0.202462869;31.26;90.77;84.058
0.217098258;79.05;90.77;84.058
0.231931038;117.6;90.77;84.058
0.239983754;184.18;90.77;84.058
0.255835327;219.3;90.77;84.058
0.251939029;221.93;90.77;84.058
0.2688098;220;90.77;84.058
0.269986403;206.01;90.77;84.058
0.263878996;192.93;90.77;84.058
0.260806152;149.9;90.77;84.058
0.251322341;145.01;90.77;84.575
0.249664312;140.01;90.77;84.575
0.258553892;145.66;90.77;84.575
0.260827111;148.91;90.77;84.575
0.262023365;172.42;90.77;84.575
0.262268372;211.94;90.77;84.575
0.261496676;230.56;90.77;84.575
0.28750339;223.46;90.77;84.575
0.28022865;189.21;90.77;84.575
0.27412658;144.04;90.77;84.575
0.260012479;122.63;90.77;84.575
0.254261196;98.46;90.77;84.575
0.227497489;82.38;90.77;84.575
0.229854895;82.3;90.77;84.575
0.230729666;98.74;90.77;84.575
0.235736395;137.32;90.77;84.575
0.236688977;183.91;90.77;84.575
0.234784039;213.69;90.77;84.575
0.255495739;233.5;90.77;84.575
0.248546146;241.77;90.77;84.575
0.269112378;233.17;90.77;84.575
0.271204361;224.32;90.77;84.575
0.27227648;205.56;90.77;84.575
0.275351591;210;90.77;84.575
0.278139653;202.71;90.77;96.188
0.279257195;189;90.77;96.188
0.282588231;174.74;90.77;96.188
0.287371278;176.26;90.77;96.188
0.294462718;203.2;90.77;96.188
0.29496776;226.93;90.77;96.188
0.2751536;242.74;90.77;96.188
0.278290528;242.29;90.77;96.188
0.277055822;225.1;90.77;96.188
0.293886301;180.04;90.77;96.188
0.261656887;122.95;89.26;96.188
0.254423335;89.81;88.75;96.188
0.237871693;60.5;88.75;96.188
0.246261787;25.66;88.75;96.188
0.230740448;29.8;88.75;96.188
0.225223619;49.1;88.75;96.188
0.235716453;113.7;88.75;96.188
0.249283212;188.59;88.75;96.188
0.271454437;220.77;88.75;96.188
0.270313644;231.09;88.75;96.188
0.28013282;229;88.75;96.188
0.272776136;220.36;88.75;96.188
0.251169249;196.57;88.75;96.188
0.233366572;181;88.75;96.188
0.22833324;158.66;88.75;91.051
0.228950857;150.01;88.75;91.051
0.232739946;133.9;88.75;91.051
0.239385264;155.18;88.75;91.051
0.268806408;168.99;88.75;91.051
0.316821437;184.07;88.75;91.051
0.315415598;194.3;88.75;91.051
0.267894717;184.94;88.75;91.051
0.233708052;160;88.75;91.051
0.232539111;124.05;88.75;91.051
0.223227296;89.46;88.75;91.051
0.225527867;76.46;88.75;91.051
0.205888407;20.11;88.75;91.051
0.203938449;6.28;88.75;91.051
0.203546606;55.98;88.75;91.051
0.208784269;89.4;88.75;91.051
0.225463775;162.02;88.75;91.051
0.245856981;206.38;88.75;91.051
0.27888998;225;88.75;91.051
0.265967692;240.04;88.75;91.051
0.26866771;241.87;88.75;91.051
0.248925201;239;88.75;91.051
0.234934582;224.15;88.75;91.051
0.226765761;214.91;88.75;91.051
0.223647045;196.35;88.75;91.051
0.231674483;185.43;88.75;91.051
0.242718678;174.15;88.75;91.051
0.257206104;170.17;88.75;91.051
0.286361182;170.25;88.75;91.051
0.3156955;162.92;88.75;91.051
0.289461751;158.57;88.75;91.051
0.250035145;154.98;88.75;91.051
0.218656561;110.6;88.75;91.051
0.224095845;95.98;88.75;91.051
0.210932096;90;88.75;91.051
0.232763877;75;88.75;91.051
0.238613986;45.35;88.75;91.051
0.228750998;20.15;88.75;91.051
0.218650103;39.58;88.75;91.051
0.214444732;76.21;88.75;91.051
0.226314009;133.33;88.75;91.051
0.255521066;199.74;88.75;91.051
0.300542042;226.11;88.75;91.051
0.296131658;230.57;88.75;91.051
0.292421651;226.18;88.75;91.051
0.301425919;219.57;88.75;91.051
0.305962643;200.5;88.75;91.051
0.307395988;180.18;88.75;91.051
0.305007145;169.06;88.75;91.894
0.308795018;169.13;88.75;91.894
0.312319356;169.89;88.75;91.894
0.317735863;169.53;88.75;91.894
0.330635705;182.04;88.75;91.894
0.361306482;229.95;88.75;91.894
0.326832546;248.08;88.75;91.894
0.288237394;251.09;88.75;91.894
0.254966086;231.08;88.75;91.894
0.272948396;210.62;88.75;91.894
0.252785945;199.68;88.75;91.894
0.257046844;185.34;88.75;91.894
0.233381324;182.33;88.75;91.894
0.241080024;185.39;88.75;91.894
0.239881713;186.26;88.75;91.894
0.252497922;203.27;88.75;91.894
0.265480047;219.17;88.75;91.894
0.279528172;245.74;88.75;91.894
0.301160209;276.31;88.75;91.894
0.307198573;275.36;88.75;91.894
0.332971666;259.9;88.75;91.894
0.336885994;240.2;88.75;91.894
0.335869255;208.38;88.75;91.894
0.334840155;203.39;88.75;91.894
0.337144604;195.94;88.75;92.624
0.348638145;189.1;88.75;92.624
0.355892732;185.05;88.75;92.624
0.363519676;189.2;88.75;92.624
0.38749478;202.24;88.75;92.624
0.419751396;236.7;88.75;92.624
0.390616498;264.89;88.75;92.624
0.321683853;274.17;88.75;92.624
0.279105076;244.91;88.75;92.624
0.282731461;231.99;88.75;92.624
0.270107718;216.29;88.75;92.624
0.289867851;208.09;88.75;92.624
0.283280083;197.46;88.75;92.624
0.289052773;189.24;88.75;92.624
0.274908344;187.97;88.75;92.624
0.280467792;204.12;88.75;92.624
0.30211577;237.13;88.75;92.624
0.304544689;251.82;88.75;92.624
0.343799176;290;88.75;92.624
0.332320946;298.21;88.75;92.624
0.353540088;265.88;88.75;92.624
0.373658184;245.46;88.75;92.624
0.37256904;208.73;88.75;92.624
0.370645161;206.47;88.75;92.624
0.370463982;187.89;88.75;92.99
0.381374909;176.23;88.75;92.99
0.393332902;170.98;88.75;92.99
0.400604586;173.48;88.75;92.99
0.412048112;179.61;88.75;92.99
0.426557067;219.95;88.75;92.99
0.38764101;247.6;88.75;92.99
0.32560218;241.29;88.75;92.99
0.27626503;211.07;88.75;92.99
0.26106579;179.17;88.75;92.99
0.240052196;174.9;88.75;92.99
0.236124467;179.94;88.75;92.99
0.223322086;177.03;88.75;92.99
0.213786141;176.71;88.75;92.99
0.215577756;178.9;88.75;92.99
0.228523468;194.94;88.75;92.99
0.231444126;216.84;88.75;92.99
0.23944352;241.2;88.75;92.99
0.263725426;286.99;88.75;92.99
0.252082446;280;88.75;92.99
0.269172362;245.88;88.75;92.99
0.275369851;225.73;88.75;92.99
0.267663911;194.47;88.75;92.99
0.252423263;196.96;88.75;92.99
0.241610068;185.01;88.75;93.894
0.243344692;179.94;88.75;93.894
0.248526128;176.27;88.75;93.894
0.259396845;177.98;88.75;93.894
0.263078181;185.06;88.75;93.894
0.272103658;222.33;88.75;93.894
0.26997688;250.04;88.75;93.894
0.284301532;249.31;88.75;93.894
0.275130514;229.93;88.75;93.894
0.273138468;198.22;88.75;93.894
0.254061293;183.99;88.75;93.894
0.247188478;182.96;88.75;93.894
0.233701072;180.8;88.75;93.894
0.235377826;176.2;88.75;93.894
0.224027451;185.09;88.75;93.894
0.214377517;198.96;88.75;93.894
0.22512039;224.02;88.75;93.894
0.230134117;232.99;88.75;93.894
0.237473956;269.27;88.75;93.894
0.225230999;273.4;88.75;93.894
0.229331272;253;88.75;93.894
0.236456257;234.38;88.75;93.894
0.237384071;213.31;88.75;93.894
0.230897018;211.1;88.75;93.894
0.228958112;195.98;88.75;90.38
0.228707756;189.56;88.75;90.38
0.23396034;188;88.75;90.38
0.239130828;189.56;88.75;90.38
0.23821325;208.62;88.75;90.38
0.236071943;237.24;88.75;90.38
0.235392217;263.32;88.75;90.38
0.248253272;250;88.75;90.38
0.244175985;224;88.75;90.38
0.25151281;204.97;88.75;90.38
0.254809677;201.6;83.05;90.38
0.250831318;197.4;81.15;90.38
0.219677919;190.07;81.15;90.38
0.214346731;185.33;81.15;90.38
0.217422763;189.26;81.15;90.38
0.226071591;190;81.15;90.38
0.238340273;216.3;81.15;90.38
0.254020301;227.7;81.15;90.38
0.276720273;230.99;81.15;90.38
0.267228904;231.03;81.15;90.38
0.258217342;218.03;81.15;90.38
0.250199812;205.27;81.15;90.38
0.246808346;176.3;81.15;90.38
0.249277283;134.15;81.15;90.38
0.248311518;125.3;81.15;85.862
0.251167785;96.29;81.15;85.862
0.256061055;94.66;81.15;85.862
0.26488545;91.76;81.15;85.862
0.301740384;90.01;81.15;85.862
0.344112564;105.14;81.15;85.862
0.336415215;118.9;81.15;85.862
0.291780466;110.8;81.15;85.862
0.262882568;83.93;81.15;85.862
0.277762996;74.99;81.15;85.862
0.249551377;14.19;81.15;85.862
0.259431371;0.48;81.15;85.862
0.24171848;-0.06;81.15;85.862
0.252900835;-0.09;81.15;85.862
0.251217613;0.01;81.15;85.862
0.262068363;11.01;81.15;85.862
0.284283046;81.49;81.15;85.862
0.292865854;161.27;81.15;85.862
0.310780029;201;81.15;85.862
0.29789471;219.32;81.15;85.862
0.323009083;228.11;81.15;85.862
0.321459785;223.85;81.15;85.862
0.302141223;214.18;81.15;85.862
0.289279191;186.58;81.15;85.862
0.287818315;179.4;81.15;85.862
0.287863924;172.5;81.15;85.862
0.290628294;170;81.15;85.862
0.294963832;171;81.15;85.862
0.322181578;169.91;81.15;85.862
0.358628458;166.96;81.15;85.862
0.33102952;166.88;81.15;85.862
0.267370768;160;81.15;85.862
0.220986145;149.96;81.15;85.862
0.222859375;138.29;81.15;85.862
0.213484501;138.25;81.15;85.862
0.230184269;136.95;81.15;85.862
0.223193372;109.92;81.15;85.862
0.224498591;101.4;81.15;85.862
0.214011795;103.7;81.15;85.862
0.220489604;133.19;81.15;85.862
0.238986296;156.62;81.15;85.862
0.274486461;195.29;81.15;85.862
0.319286999;213.37;81.15;85.862
0.292622294;225.55;81.15;85.862
0.302429903;227.9;81.15;85.862
0.317951322;219.91;81.15;85.862
0.322570865;191.24;81.15;85.862
0.3362976;175.89;81.15;85.862
0.345163962;164.57;81.15;86.503
0.353449066;158.75;81.15;86.503
0.361205137;155.07;81.15;86.503
0.367047349;158.2;81.15;86.503
0.374569747;172.54;81.15;86.503
0.388024902;202.7;81.15;86.503
0.338973786;224.96;81.15;86.503
0.283974644;230.02;81.15;86.503
0.24076808;220.97;81.15;86.503
0.244181931;217.19;81.15;86.503
0.221047167;202.68;81.15;86.503
0.222680505;188.88;81.15;86.503
0.201158968;171.73;81.15;86.503
0.19623515;171.63;81.15;86.503
0.192698703;170.88;81.15;86.503
0.206146496;175.25;81.15;86.503
0.229891724;197.1;81.15;86.503
0.249375941;214.03;81.15;86.503
0.276291704;214.94;81.15;86.503
0.261777443;210.07;81.15;86.503
0.279005354;190;81.15;86.503
0.297426295;179.91;81.15;86.503
0.292193134;147.35;81.15;86.503
0.289302027;92.07;81.15;86.503
0.290372367;82.85;81.15;80.55
0.293305717;81.77;81.15;80.55
0.30083556;96.24;81.15;80.55
0.309708876;107.4;81.15;80.55
0.333820275;155.95;81.15;80.55
0.368016734;188.91;81.15;80.55
0.35131771;210.29;81.15;80.55
0.304029512;209.14;81.15;80.55
0.253109477;193;81.15;80.55
0.237850951;180.05;81.15;80.55
0.227493738;163.36;81.15;80.55
0.230670762;150.5;81.15;80.55
0.225181861;137.56;81.15;80.55
0.231166596;124.5;81.15;80.55
0.231453701;149.99;81.15;80.55
0.235948509;162.47;81.15;80.55
0.251009137;171.43;81.15;80.55
0.274226156;198.38;81.15;80.55
0.301116036;212.98;81.15;80.55
0.279873837;219.99;81.15;80.55
0.268978104;220.3;81.15;80.55
0.26465011;211.91;81.15;80.55
0.25832308;189.64;81.15;80.55
0.261796754;190.73;81.15;80.55
0.265932155;180.06;81.15;80.479
0.269640823;170.51;81.15;80.479
0.274401445;167.92;81.15;80.479
0.287200572;169.9;81.15;80.479
0.309893654;178.14;81.15;80.479
0.342998418;211.11;81.15;80.479
0.320930759;230;81.15;80.479
0.278974597;227.88;81.15;80.479
0.238335673;207.21;81.15;80.479
0.228347505;174.26;81.15;80.479
0.213119715;168.98;81.15;80.479
0.226404762;161.83;81.15;80.479
0.22866256;145.17;81.15;80.479
0.230575906;137.78;81.15;80.479
0.224451337;124.06;81.15;80.479
0.228638637;124.08;81.15;80.479
0.243762768;151.69;81.15;80.479
0.251500845;166.32;81.15;80.479
0.263198437;192.77;81.15;80.479
0.253646621;210.13;81.15;80.479
0.260398735;211.95;81.15;80.479
0.274635511;192.26;81.15;80.479
0.267400091;165.17;81.15;80.479
0.256518871;132.39;81.15;80.479
0.249748105;82.68;81.15;80.546
0.254150153;82.19;81.15;80.546
0.254042351;77.02;81.15;80.546
0.257724114;84.73;81.15;80.546
0.26342419;84.8;81.15;80.546
0.267804791;77.09;81.15;80.546
0.272902598;77.04;81.15;80.546
0.288729045;51.85;81.15;80.546
0.293061853;7.37;81.15;80.546
0.297092256;1.96;81.15;80.546
0.294676553;0.07;81.15;80.546
0.289262942;0;81.15;80.546
0.282377365;-0.08;81.15;80.546
0.279853853;-4.4;81.15;80.546
0.278833904;-1.36;81.15;80.546
0.285702539;0.01;81.15;80.546
0.285724984;9.29;81.15;80.546
0.285155033;113.27;81.15;80.546
0.29466091;154.12;81.15;80.546
0.278791047;168.09;81.15;80.546
0.266106554;162.26;81.15;80.546
0.268775539;159.17;81.15;80.546
0.27265324;110.82;81.15;80.546
0.290423723;77.15;81.15;80.546
0.294895688;56.99;81.15;81.6
0.298446052;50.06;81.15;81.6
0.300010257;50.02;81.15;81.6
0.303225807;76.43;81.15;81.6
0.30669783;90.9;81.15;81.6
0.308712794;112.28;81.15;81.6
0.301620972;138.59;81.15;81.6
0.318014258;76.44;81.15;81.6
0.335118116;44.31;81.15;81.6
0.35277506;3.01;81.15;81.6
0.340931086;0.06;81.15;81.6
0.33747351;0.03;81.15;81.6
0.319794572;-0.1;81.15;81.6
0.318672063;-10.8;81.15;81.6
0.311727207;-7.36;81.15;81.6
0.309322247;-0.04;81.15;81.6
0.308343931;0.1;81.15;81.6
0.318871373;7.11;81.15;81.6
0.34148277;51.65;81.15;81.6
0.331766756;75.97;81.15;81.6
0.332810296;77.12;81.15;81.6
0.343480813;75.96;81.15;81.6
0.321522223;76.49;81.15;81.6
0.30227014;9.79;81.15;81.6
0.290403456;8.11;81.15;81.798
0.299199826;3.78;81.15;81.798
0.318639297;2.73;81.15;81.798
0.330313045;2.99;81.15;81.798
0.359393174;1.93;81.15;81.798
0.399675285;2.97;81.15;81.798
0.385334129;1.96;81.15;81.798
0.333643168;0.59;81.15;81.798
0.297267228;0.02;81.15;81.798
0.298652273;-0.05;81.15;81.798
0.276768297;-0.28;81.15;81.798
0.267159964;-1.36;81.15;81.798
0.251136562;-13.85;81.15;81.798
0.249833824;-10.01;81.15;81.798
0.239714481;-3.15;81.15;81.798
0.237664282;-0.03;81.15;81.798
0.249428937;12.56;81.15;81.798
0.265711121;79.44;81.15;81.798
0.293480975;135.46;81.15;81.798
0.289296291;158.33;81.15;81.798
0.300247421;164.37;81.15;81.798
0.290019727;170;81.15;81.798
0.285141106;158.08;81.15;81.798
0.276543961;162.11;81.15;81.798
0.281772928;141.28;81.15;81.798
0.284152565;140.79;81.15;81.798
0.28150692;138.37;81.15;81.798
0.286072593;140.04;81.15;81.798
0.306204265;141.32;81.15;81.798
0.340250071;133.8;81.15;81.798
0.312291787;138.37;81.15;81.798
0.266799451;140.15;81.15;81.798
0.219535482;140.08;81.15;81.798
0.219459062;140;81.15;81.798
0.211865793;145.06;81.15;81.798
0.221031958;141;81.15;81.798
0.21209745;133.49;81.15;81.798
0.21184931;123.78;81.15;81.798
0.205809738;121.59;81.15;81.798
0.212648776;120;81.15;81.798
0.22347829;150;81.15;81.798
0.233951469;179.56;81.15;81.798
0.260220098;201.38;81.15;81.798
0.258501318;214.94;81.15;81.798
0.263913625;224.97;81.15;81.798
0.260673375;225;81.15;81.798
0.247606877;214.96;81.15;81.798
0.225877998;203.9;81.15;81.798
0.215123732;194.72;81.15;82.59
0.214652585;192.65;81.15;82.59
0.214725948;184.5;81.15;82.59
0.218238793;182.92;81.15;82.59
0.242471788;195.74;81.15;82.59
0.299219899;230.68;81.15;82.59
0.30550497;257.95;81.15;82.59
0.281297725;260.27;81.15;82.59
0.253633703;232.92;81.15;82.59
0.26046505;230;81.15;82.59
0.242097866;229.77;81.15;82.59
0.24135798;215;81.15;82.59
0.216562965;207.5;81.15;82.59
0.221083864;201.28;81.15;82.59
0.219259053;202.29;81.15;82.59
0.222667325;210.9;81.15;82.59
0.235941542;225.7;81.15;82.59
0.231742701;241.36;81.15;82.59
0.265642427;291.14;81.15;82.59
0.270905222;295;81.15;82.59
0.271786171;266.46;81.15;82.59
0.267842074;243.68;81.15;82.59
0.270437519;227.5;81.15;82.59
0.267377561;200.91;81.15;82.59
0.269993624;183;81.15;87.14
0.272544511;179.62;81.15;87.14
0.279078511;177.02;81.15;87.14
0.295139051;180.01;81.15;87.14
0.323487163;195.99;81.15;87.14
0.347714195;228.68;81.15;87.14
0.31803212;247.77;81.15;87.14
0.271671442;243.14;81.15;87.14
0.227614119;225.9;81.15;87.14
0.224054509;200.63;81.15;87.14
0.206667007;193.91;81.15;87.14
0.208998311;192.27;81.15;87.14
0.193126044;184.07;81.15;87.14
0.193981322;182.54;81.15;87.14
0.195742362;182.08;81.15;87.14
0.200601893;182.38;81.15;87.14
0.214190733;200;81.15;87.14
0.236316966;234.97;81.15;87.14
0.265427549;255.02;81.15;87.14
0.259325122;258.67;81.15;87.14
0.25706195;247.51;81.15;87.14
0.258017478;240.01;81.15;87.14
0.247060055;227.98;81.15;87.14
0.243466722;220;81.15;87.14
0.254294127;207.45;81.15;90.344
0.27461487;199.09;81.15;90.344
0.286181613;182.53;81.15;90.344
0.292058261;182.28;81.15;90.344
0.308915677;198.95;81.15;90.344
0.332144864;230;81.15;90.344
0.305892965;249.68;81.15;90.344
0.264388884;246.36;81.15;90.344
0.234343162;228.82;81.15;90.344
0.231363453;211.8;81.15;90.344
0.217577833;206.6;81.15;90.344
0.220637392;189.77;81.15;90.344
0.214625062;184.86;81.15;90.344
0.21434629;184.86;81.15;90.344
0.215453726;180.04;81.15;90.344
0.220048904;181.6;81.15;90.344
0.217974015;199.71;81.15;90.344
0.222663768;229.92;81.15;90.344
0.249739027;251.98;81.15;90.344
0.245020161;257.71;81.15;90.344
0.246701842;262.6;81.15;90.344
0.240035035;250;81.15;90.344
0.229157504;230.33;81.15;90.344
0.213027592;191;81.15;90.344
0.201254551;175.04;81.15;80.803
0.2026618;169.33;81.15;80.803
0.211544844;161.96;81.15;80.803
0.218018957;165.05;81.15;80.803
0.22062186;171.7;81.15;80.803
0.228769266;209.65;81.15;80.803
0.230116653;223.1;81.15;80.803
0.257013747;218.13;81.15;80.803
0.246583857;190.26;81.15;80.803
0.239832538;173.81;81.15;80.803
0.228225872;167.5;81.15;80.803
0.223101242;162.51;81.15;80.803
0.212847777;152.8;81.15;80.803
0.203956846;150.4;81.15;80.803
0.207682113;154.8;81.15;80.803
0.218541368;164.86;81.15;80.803
0.22548443;174.74;81.15;80.803
0.230292633;218.05;81.15;80.803
0.242652419;230.65;81.15;80.803
0.220975122;238.97;81.15;80.803
0.219017988;228.94;81.15;80.803
0.219395328;229.78;81.15;80.803
0.207046051;209.87;81.15;80.803
0.197463324;177.61;81.15;80.803
0.201199207;163.13;81.15;80.803
0.213255613;157.41;81.15;80.803
0.22432767;159.62;81.15;80.803
0.219952471;161.7;81.15;80.803
0.215687653;169.94;81.15;80.803
0.210871841;209.83;81.15;80.803
0.210767793;225.11;81.15;80.803
0.230519657;217.18;81.15;80.803
0.230479305;197.12;81.15;80.803
0.245918979;179.97;81.15;80.803
0.235795287;161.85;81.15;80.803
0.223655282;161.67;81.15;80.803
0.215266927;150.23;81.15;80.803
0.209008249;151.96;81.15;80.803
0.207397179;155.14;81.15;80.803
0.212807675;163.09;81.15;80.803
0.224235634;195.41;81.15;80.803
0.241639175;216.31;81.15;80.803
0.26536716;225;81.15;80.803
0.252634048;221.83;81.15;80.803
0.246672062;212.86;81.15;80.803
0.238266837;211.96;81.15;80.803
0.21329439;183.16;81.15;80.803
0.192840354;175.81;81.15;80.803
0.191689627;167.97;81.15;80.803
0.192657855;166.92;81.15;80.803
0.19824496;157.05;81.15;80.803
0.20318051;155.5;81.15;80.803
0.228084211;156.01;81.15;80.803
0.266200711;159.8;81.15;80.803
0.265719422;169.86;81.15;80.803
0.235543682;180;81.15;80.803
0.205197292;178.5;81.15;80.803
0.205559989;163.33;81.15;80.803
0.212261307;139.98;81.15;80.803
0.210718219;135.14;81.15;80.803
0.192007814;114.28;81.15;80.803
0.185512881;94.86;81.15;80.803
0.190924232;118.99;81.15;80.803
0.200962691;141.42;81.15;80.803
0.214944939;158.92;81.15;80.803
0.225778849;179.83;81.15;80.803
0.246822878;199.03;81.15;80.803
0.236041994;209.24;81.15;80.803
0.234128386;198.98;81.15;80.803
0.229847136;199.06;81.15;80.803
0.213465638;179.36;81.15;80.803
0.199005527;165.52;81.15;80.803
0.199333554;157.23;81.15;80.771
0.203501773;149.57;81.15;80.771
0.212174965;136.88;81.15;80.771
0.219837654;136.04;81.15;80.771
0.242183599;128.04;81.15;80.771
0.279664632;127.27;81.15;80.771
0.282244541;133.65;81.15;80.771
0.257619352;136.28;81.15;80.771
0.223340502;142.65;81.15;80.771
0.214292843;141.36;81.15;80.771
0.209785829;143.62;81.15;80.771
0.211261962;132.5;81.15;80.771
0.198148382;90.36;81.15;80.771
0.19424345;98.31;81.15;80.771
0.198786239;121.95;81.15;80.771
0.205079964;132.03;81.15;80.771
0.223471474;150.02;81.15;80.771
0.233104218;163.03;81.15;80.771
0.245696258;168.8;81.15;80.771
0.243946147;169.44;81.15;80.771
0.244741249;166.36;81.15;80.771
0.242913158;169.22;81.15;80.771
0.239624037;137.74;81.15;80.771
0.235834006;103.4;81.15;80.771
0.232226554;90.86;81.15;80.739
0.23223195;82.07;81.15;80.739
0.226211504;88.02;81.15;80.739
0.21656181;85.05;81.15;80.739
0.214408855;88.08;81.15;80.739
0.215450313;90.06;81.15;80.739
0.220685983;94.22;81.15;80.739
0.231565106;84.05;81.15;80.739
0.233671151;57.05;81.15;80.739
0.249855442;30;81.15;80.739
0.249133063;11.06;81.15;80.739
0.241385032;0.1;81.15;80.739
0.221475144;-0.08;81.15;80.739
0.207950803;-0.59;81.15;80.739
0.201892821;-0.01;81.15;80.739
0.214942898;0.81;81.15;80.739
0.220485405;82.06;81.15;80.739
0.24225842;169.55;81.15;80.739
0.275765828;200;81.15;80.739
0.267412226;214.97;81.15;80.739
0.260452542;214.04;81.15;80.739
0.251163526;217.42;81.15;80.739
0.238491418;189.7;81.15;80.739
0.227063049;163.72;81.15;80.739
0.222025708;154.34;81.15;79.768
0.221846799;150.61;81.15;79.768
0.222028569;145.72;81.15;79.768
0.223051769;146.88;81.15;79.768
0.247375694;154.33;81.15;79.768
0.278927073;175.7;81.15;79.768
0.268384434;216.93;81.15;79.768
0.228915551;220.12;81.15;79.768
0.201436529;210.99;81.15;79.768
0.191543734;191;81.15;79.768
0.18891986;173.32;81.15;79.768
0.198615506;168.7;81.15;79.768
0.18885889;168.7;81.15;79.768
0.185428172;165.52;81.15;79.768
0.190108815;163.87;81.15;79.768
0.198464165;164.07;81.15;79.768
0.214077395;173.1;81.15;79.768
0.224115883;200;81.15;79.768
0.237014658;218.04;81.15;79.768
0.214124352;227.46;81.15;79.768
0.221651756;228.81;81.15;79.768
0.217310935;220.26;81.15;79.768
0.211685375;210.97;81.15;79.768
0.209528604;185.05;81.15;79.768
0.206178834;168.95;81.15;78.361
0.204188185;165.1;81.15;78.361
0.207034528;162.96;81.15;78.361
0.213686915;164.92;81.15;78.361
0.235183027;175;81.15;78.361
0.27409439;197.42;81.15;78.361
0.266839671;213.93;81.15;78.361
0.2367172;215.01;81.15;78.361
0.205730582;205.29;81.15;78.361
0.192484343;191;81.15;78.361
0.186473656;183.58;81.15;78.361
0.192750053;180.58;81.15;78.361
0.187270007;174.43;81.15;78.361
0.185202102;176.43;81.15;78.361
0.179859666;178.99;81.15;78.361
0.189142716;181.73;81.15;78.361
0.198595164;199.66;81.15;78.361
0.222030947;209.69;81.15;78.361
0.246358227;227.2;81.15;78.361
0.227171491;212.36;81.15;78.361
0.224248277;211.98;81.15;78.361
0.226026004;211;81.15;78.361
0.220233046;176.09;81.15;78.361
0.209307525;189.01;81.15;78.361
0.205960136;170.63;81.15;77.288
0.203939051;165;81.15;77.288
0.205853552;164.81;81.15;77.288
0.209684004;164.85;81.15;77.288
0.212587742;174.54;81.15;77.288
0.213030205;205.75;81.15;77.288
0.203125384;215.06;81.15;77.288
0.212213403;221.92;81.15;77.288
0.227458477;214.21;81.15;77.288
0.240142296;205.13;81.15;77.288
0.238553228;189.43;81.15;77.288
0.235284396;183.18;81.15;77.288
0.210949533;169.63;81.15;77.288
0.19601902;161.16;81.15;77.288
0.196229585;154.04;81.15;77.288
0.199175206;153.31;81.15;77.288
0.20136298;166.76;81.15;77.288
0.210237134;177.73;81.15;77.288
0.221920968;191.97;81.15;77.288
0.213163654;202.28;81.15;77.288
0.20637935;210.24;81.15;77.288
0.198960119;209.09;81.15;77.288
0.187216604;192.07;81.15;77.288
0.181039185;196.58;81.15;77.288
0.182746125;170;81.15;83.934
0.184163237;164.24;81.15;83.934
0.181692085;163.81;81.15;83.934
0.180082389;163.84;81.15;83.934
0.176040065;179.14;81.15;83.934
0.180091033;207.91;81.15;83.934
0.190463194;213.76;81.15;83.934
0.213753245;212.84;81.15;83.934
0.226310018;194.94;81.15;83.934
0.235677681;175.16;81.15;83.934
0.230795182;164.17;80.84;83.934
0.217176545;157.77;80.73;83.934
0.203239257;159.07;80.73;83.934
0.198642063;151.61;80.73;83.934
0.202841451;155.83;80.73;83.934
0.20241644;162.8;80.73;83.934
0.210138227;185.78;80.73;83.934
0.222344156;202.44;80.73;83.934
0.244281666;218.51;80.73;83.934
0.228279702;220.46;80.73;83.934
0.233490995;216.9;80.73;83.934
0.22900471;215.48;80.73;83.934
0.194603731;205.07;80.73;83.934
0.184911219;202.71;80.73;83.934
0.190780027;186.01;80.73;80.453
0.192467905;173.39;80.73;80.453
0.193985257;165.68;80.73;80.453
0.191118257;158.56;80.73;80.453
0.192019244;155.46;80.73;80.453
0.202758348;157.84;80.73;80.453
0.208821671;151.42;80.73;80.453
0.209231543;149;80.73;80.453
0.201882791;111.05;80.73;80.453
0.200613;80.29;80.73;80.453
0.202340078;72.28;80.73;80.453
0.212832172;62.62;80.73;80.453
0.204232971;48.15;80.73;80.453
0.199386903;4.23;80.73;80.453
0.196853537;37.53;80.73;80.453
0.20092169;61.49;80.73;80.453
0.204103748;76.05;80.73;80.453
0.205870586;155.36;80.73;80.453
0.214648571;196.39;80.73;80.453
0.202224618;209.33;80.73;80.453
0.201712623;211.06;80.73;80.453
0.197863347;207.92;80.73;80.453
0.191586361;199;80.73;80.453
0.190767569;195;80.73;80.453
0.177464883;164.45;80.73;80.453
0.178538366;154.18;80.73;80.453
0.184717298;145.76;80.73;80.453
0.191282218;145.28;80.73;80.453
0.204986099;131.89;80.73;80.453
0.233230633;120.32;80.73;80.453
0.234315227;117.01;80.73;80.453
0.218912218;103.03;80.73;80.453
0.202239162;80.83;80.73;80.453
0.199074757;74.37;80.73;80.453
0.192441762;48.89;80.73;80.453
0.194758103;19.91;80.73;80.453
0.184215034;4.82;80.73;80.453
0.182433271;0.08;80.73;80.453
0.189627422;9.95;80.73;80.453
0.195480323;44.79;80.73;80.453
0.200729984;85.33;80.73;80.453
0.209475485;159.95;80.73;80.453
0.230014896;185.31;80.73;80.453
0.217505011;205.98;80.73;80.453
0.216752732;210.98;80.73;80.453
0.218367971;210;80.73;80.453
0.218027952;188.83;80.73;80.453
0.212201159;173.97;80.73;80.453
0.20990428;162.67;80.73;81.222
0.213093634;155.11;80.73;81.222
0.213300396;149.92;80.73;81.222
0.218890962;146.92;80.73;81.222
0.228549076;158.47;80.73;81.222
0.258191553;200.03;80.73;81.222
0.258805319;211.19;80.73;81.222
0.227676938;212.12;80.73;81.222
0.202378134;179.22;80.73;81.222
0.19784881;165.7;80.73;81.222
0.193804437;147.17;80.73;81.222
0.199806989;139.6;80.73;81.222
0.186464993;106.06;80.73;81.222
0.182155138;87.59;80.73;81.222
0.182988973;85.23;80.73;81.222
0.1905627;106.26;80.73;81.222
0.198535797;142.92;80.73;81.222
0.209237196;160.35;80.73;81.222
0.225051445;207.46;80.73;81.222
0.217677335;224.9;80.73;81.222
0.22661616;225.97;80.73;81.222
0.234542465;223.47;80.73;81.222
0.220266795;201.24;80.73;81.222
0.204897352;174.44;80.73;81.222
0.197624806;162.72;80.73;81.409
0.194648892;161.69;80.73;81.409
0.19542893;157.58;80.73;81.409
0.200948135;162.9;80.73;81.409
0.217914384;171;80.73;81.409
0.255563123;215.22;80.73;81.409
0.248150287;227.88;80.73;81.409
0.221639346;211.95;80.73;81.409
0.194511831;181.57;80.73;81.409
0.196718922;164.04;80.73;81.409
0.19448731;164.09;80.73;81.409
0.202449613;162.84;80.73;81.409
0.190682057;157.51;80.73;81.409
0.189866964;151.74;80.73;81.409
0.200635187;163.95;80.73;81.409
0.212078782;173.97;80.73;81.409
0.218792808;202.74;80.73;81.409
0.222432187;230.97;80.73;81.409
0.228504084;288.9;80.73;81.409
0.218456771;295.68;80.73;81.409
0.223817854;248.15;80.73;81.409
0.220250714;234.9;80.73;81.409
0.206850992;213.11;80.73;81.409
0.190822828;197.96;80.73;81.409
0.181529893;183.5;80.73;91.499
0.180384671;177.67;80.73;91.499
0.181395224;173.02;80.73;91.499
0.188934121;173.18;80.73;91.499
0.201540409;182.23;80.73;91.499
0.222741633;219.61;80.73;91.499
0.235373688;246.95;80.73;91.499
0.222468357;252.78;80.73;91.499
0.20402366;213.58;80.73;91.499
0.213543981;195.78;80.73;91.499
0.211427985;175.37;80.73;91.499
0.21374776;170.76;80.73;91.499
0.2000033;172.2;80.73;91.499
0.202196357;168.61;80.73;91.499
0.205984905;170.24;80.73;91.499
0.211063732;183.06;80.73;91.499
0.218552598;220.76;80.73;91.499
0.223291992;259.1;80.73;91.499
0.233625148;305.77;80.73;91.499
0.212269025;307.48;80.73;91.499
0.208733264;263.97;80.73;91.499
0.206015429;247.69;80.73;91.499
0.191911029;222.64;80.73;91.499
0.185989366;232.64;80.73;91.499
0.191107391;221.54;80.73;106.569
0.190925331;213.34;80.73;106.569
0.189264697;213.63;80.73;106.569
0.185824478;206.46;80.73;106.569
0.184365302;207.09;80.73;106.569
0.187060644;227.35;80.73;106.569
0.202459468;254.96;80.73;106.569
0.232985766;245;80.73;106.569
0.236841709;221.81;80.73;106.569
0.239753731;185.73;80.73;106.569
0.233990871;163.48;80.73;106.569
0.225274696;152.96;80.73;106.569
0.211378978;116.89;80.73;106.569
0.203335274;100;80.73;106.569
0.208465318;98.56;80.73;106.569
0.226779079;116.63;80.73;106.569
0.22862194;165.21;80.73;106.569
0.216402943;222.7;80.73;106.569
0.220007112;258.56;80.73;106.569
0.203937335;265.18;80.73;106.569
0.203572903;270.47;80.73;106.569
0.200059137;262.25;80.73;106.569
0.19662082;224.9;80.73;106.569
0.19574725;296.21;80.73;106.569
0.199405722;250.7;80.73;132.967
0.198808275;225.09;80.73;132.967
0.196659542;211.4;80.73;132.967
0.19081688;206.86;80.73;132.967
0.187279611;239.91;80.73;132.967
0.185769299;292.34;80.73;132.967
0.197913641;323.31;80.73;132.967
0.217946342;325.7;80.73;132.967
0.222836967;299.07;80.73;132.967
0.220601655;250.43;80.73;132.967
0.21599555;194.9;82.43;132.967
0.222954127;186.55;83;132.967
0.211555495;180.67;83;132.967
0.201551843;174.12;83;132.967
0.201169149;180.47;83;132.967
0.219098775;188.34;83;132.967
0.230945851;254.46;83;132.967
0.241665675;303.99;83;132.967
0.256539799;327.56;83;132.967
0.228951965;355.39;83;132.967
0.214643699;319.06;83;132.967
0.208024606;284.03;83;132.967
0.194125525;259.79;83;132.967
0.192110182;255.05;83;132.967
0.195383188;207.86;83;117.612
0.200104868;184.37;83;117.612
0.204250812;180.64;83;117.612
0.204722283;172.22;83;117.612
0.218532165;178.99;83;117.612
0.242271804;189.93;83;117.612
0.239684432;190.15;83;117.612
0.220500612;188.16;83;117.612
0.198012882;185.06;83;117.612
0.196166067;157.44;83;117.612
0.197536973;142.26;83;117.612
0.203552782;106.52;83;117.612
0.190696557;77.28;83;117.612
0.184663947;76.66;83;117.612
0.185850712;78.29;83;117.612
0.192356765;149.4;83;117.612
0.203416622;189.94;83;117.612
0.215880471;264.61;83;117.612
0.23353719;328.01;83;117.612
0.222479085;330.47;83;117.612
0.219985307;319.21;83;117.612
0.207615798;285.08;83;117.612
0.182988687;251.88;83;117.612
0.176107411;207.07;83;117.612
0.170056581;190;83;117.612
0.169344062;165.52;83;117.612
0.170283879;139.8;83;117.612
0.171314015;120.6;83;117.612
0.186084791;110.96;83;117.612
0.21912365;112.55;83;117.612
0.22813641;98.57;83;117.612
0.208366427;90.53;83;117.612
0.192364937;94.28;83;117.612
0.18683451;94.15;83;117.612
0.189715175;95.2;83;117.612
0.194903057;82.55;83;117.612
0.182829853;75;83;117.612
0.179951664;60.09;83;117.612
0.182841574;80.72;83;117.612
0.183485678;93.38;83;117.612
0.191788361;157.35;83;117.612
0.212094041;219.62;83;117.612
0.246665698;258.7;83;117.612
0.232788385;282.69;83;117.612
0.230980369;294.29;83;117.612
0.214853851;306.93;83;117.612
0.191423588;281.1;83;117.612
0.187376808;240.22;83;117.612
0.190095706;220.39;83;118.704
0.190208651;218.9;83;118.704
0.192397447;220.1;83;118.704
0.192765295;213.2;83;118.704
0.206477885;263.27;83;118.704
0.227121174;301.67;83;118.704
0.228837;370.14;83;118.704
0.206100741;500;83;118.704
0.189796328;348.28;83;118.704
0.184153059;310.28;83;118.704
0.178944522;305.97;83;118.704
0.184654099;263.54;83;118.704
0.182066359;213.87;83;118.704
0.183557197;193.09;83;118.704
0.189124414;183.58;83;118.704
0.194556625;180.44;83;118.704
0.201197044;198.2;83;118.704
0.220470026;209.23;83;118.704
0.254686555;291.19;83;118.704
0.239742519;316.32;83;118.704
0.233859203;316.32;83;118.704
0.230138816;288.71;83;118.704
0.215374642;250.01;83;118.704
0.199823501;264.91;83;118.704
0.193864114;242.42;83;120.925
0.194634563;232.91;83;120.925
0.196411228;219.95;83;120.925
0.196919095;217.17;83;120.925
0.20509185;228.91;83;120.925
0.227128625;297.61;83;120.925
0.245216453;338.9;83;120.925
0.23807173;332.02;83;120.925
0.230894708;279.45;83;120.925
0.218938852;237.03;83;120.925
0.203636647;225.21;83;120.925
0.203060109;219.86;83;120.925
0.196570328;212.61;83;120.925
0.19058591;210.81;83;120.925
0.19040668;230.74;83;120.925
0.197694056;239.93;83;120.925
0.20777719;304.48;83;120.925
0.214797444;373.93;83;120.925
0.232351545;450.25;83;120.925
0.21665106;458.04;83;120.925
0.220570684;410.35;83;120.925
0.216229995;373.25;83;120.925
0.21071899;325.51;83;120.925
0.207935928;272.45;83;120.925
0.207910428;268.49;83;123.114
0.212443491;268.9;83;123.114
0.213352563;248.5;83;123.114
0.213583507;255.02;83;123.114
0.214277254;284.29;83;123.114
0.223097724;348.49;83;123.114
0.241341801;429.95;83;123.114
0.269052746;387.88;83;123.114
0.272383304;339.79;83;123.114
0.265943759;301.49;83;123.114
0.244772572;292.44;83;123.114
0.243355241;268.9;83;123.114
0.216929262;249.7;83;123.114
0.206438193;244.46;83;123.114
0.194469267;258.12;83;123.114
0.192845596;284.1;83;123.114
0.191650497;331.47;83;123.114
0.193067026;398.36;83;123.114
0.19932054;491.04;83;123.114
0.192611724;462.91;83;123.114
0.206922155;399.3;83;123.114
0.214987017;374.55;83;123.114
0.209691279;299.58;83;123.114
0.203211312;288.59;83;123.114
0.201901351;257.91;83;127.129
0.204234216;250.11;83;127.129
0.204449523;245.82;83;127.129
0.205106194;255.08;83;127.129
0.200130996;279.68;83;127.129
0.200921292;336.1;83;127.129
0.203719368;363.35;83;127.129
0.211348045;350.39;83;127.129
0.202265203;316.23;83;127.129
0.206728107;277.83;83;127.129
0.204856903;246.34;83;127.129
0.211744491;240.7;83;127.129
0.20385163;227.92;83;127.129
0.200290329;228;83;127.129
0.207993185;248.7;83;127.129
0.20235055;263.06;83;127.129
0.198512268;333.96;83;127.129
0.201417792;367.43;83;127.129
0.209450033;429.06;83;127.129
0.192022429;413.99;83;127.129
0.202674856;358.95;83;127.129
0.218099295;292.36;83;127.129
0.213683427;210.37;83;127.129
0.206499507;224.84;83;127.129
0.205752534;211.69;83;132.001
0.208888478;204.21;83;132.001
0.20864987;218.93;83;132.001
0.212087081;223.23;83;132.001
0.207942506;231.6;83;132.001
0.197975858;302.85;83;132.001
0.191985958;335.17;83;132.001
0.197762315;345.74;83;132.001
0.198398529;329.98;83;132.001
0.201411847;304.03;83;132.001
0.206007167;263.8;82.93;132.001
0.203196386;244.01;82.9;132.001
0.193764491;240.72;82.9;132.001
0.193655003;214.81;82.9;132.001
0.203745098;243.18;82.9;132.001
0.206538313;245.47;82.9;132.001
0.208302824;296.41;82.9;132.001
0.210459645;322;82.9;132.001
0.224661722;329.94;82.9;132.001
0.201957484;335.2;82.9;132.001
0.199668454;330.92;82.9;132.001
0.216201399;320;82.9;132.001
0.213565528;264.47;82.9;132.001
0.202675767;260.65;82.9;132.001
0.194617725;236.9;82.9;126.877
0.194091345;214.91;82.9;126.877
0.193880037;217.08;82.9;126.877
0.194310358;203.74;82.9;126.877
0.206893053;209.06;82.9;126.877
0.228012415;226.73;82.9;126.877
0.222325074;261.09;82.9;126.877
0.204922863;269.03;82.9;126.877
0.186397238;228.26;82.9;126.877
0.185052373;185.73;82.9;126.877
0.179343177;184.96;82.9;126.877
0.184122074;197.65;82.9;126.877
0.178176218;180.43;82.9;126.877
0.179360783;164.06;82.9;126.877
0.184743625;184.94;82.9;126.877
0.190141211;220.66;82.9;126.877
0.194754119;269.07;82.9;126.877
0.201696012;271.57;82.9;126.877
0.217606732;314.1;82.9;126.877
0.201844853;327.17;82.9;126.877
0.195389526;322.68;82.9;126.877
0.189364684;324.02;82.9;126.877
0.18773243;294.94;82.9;126.877
0.18452308;288.91;82.9;126.877
0.189165235;261.33;82.9;126.877
0.181783376;217.9;82.9;126.877
0.178216807;206.62;82.9;126.877
0.174499519;196.78;82.9;126.877
0.179196764;180.25;82.9;126.877
0.208429595;174.44;82.9;126.877
0.212783173;167.67;82.9;126.877
0.19969717;155.09;82.9;126.877
0.187026263;112.14;82.9;126.877
0.183213302;101.36;82.9;126.877
0.184209702;95;82.9;126.877
0.186508804;83.02;82.9;126.877
0.175013372;79.82;82.9;126.877
0.174693516;79.82;82.9;126.877
0.179724698;112.45;82.9;126.877
0.194517064;176.23;82.9;126.877
0.20706266;218.31;82.9;126.877
0.209114973;289.02;82.9;126.877
0.217668371;324.79;82.9;126.877
0.199578639;333.38;82.9;126.877
0.201419658;334.19;82.9;126.877
0.205087609;335.71;82.9;126.877
0.200035928;315.87;82.9;126.877
0.193134259;295.62;82.9;126.877
0.188724211;263.7;82.9;128.124
0.187715676;258.07;82.9;128.124
0.186622925;256.14;82.9;128.124
0.184548166;254.55;82.9;128.124
0.190552847;268.87;82.9;128.124
0.206811805;330.91;82.9;128.124
0.213337308;357.94;82.9;128.124
0.215025906;371.07;82.9;128.124
0.191806802;348.38;82.9;128.124
0.185084292;332.54;82.9;128.124
0.184760956;293.5;82.9;128.124
0.187154111;268;82.9;128.124
0.181502596;250.91;82.9;128.124
0.178637562;251.87;82.9;128.124
0.180081556;259.91;82.9;128.124
0.180590246;288.57;82.9;128.124
0.189488648;340.91;82.9;128.124
0.203176153;378.59;82.9;128.124
0.220513679;443.5;82.9;128.124
0.201845249;390.37;82.9;128.124
0.200779605;375.64;82.9;128.124
0.197175825;372.17;82.9;128.124
0.18682195;347.81;82.9;128.124
0.172552668;266.05;82.9;128.124
0.168519444;272.47;82.9;131.202
0.16782922;254.91;82.9;131.202
0.167952379;256.31;82.9;131.202
0.167578502;267.66;82.9;131.202
0.177617713;282.41;82.9;131.202
0.201411632;359.1;82.9;131.202
0.219386786;381.88;82.9;131.202
0.216945619;400.93;82.9;131.202
0.1979807;372.62;82.9;131.202
0.18853811;313.99;82.9;131.202
0.187208998;270.09;82.9;131.202
0.192387724;250.41;82.9;131.202
0.183252478;259.7;82.9;131.202
0.181027481;252.43;82.9;131.202
0.18236514;299;82.9;131.202
0.185994973;324.02;82.9;131.202
0.199695501;368.83;82.9;131.202
0.212270368;434.99;82.9;131.202
0.2292072;470.9;82.9;131.202
0.210935257;453.14;82.9;131.202
0.206635366;410.92;82.9;131.202
0.193662022;396.38;82.9;131.202
0.185076604;337.23;82.9;131.202
0.179883117;275.06;82.9;131.202
0.176923803;261.27;82.9;129.346
0.175382294;246.47;82.9;129.346
0.181001972;238;82.9;129.346
0.186956121;243.27;82.9;129.346
0.201007146;254.02;82.9;129.346
0.222147724;315.46;82.9;129.346
0.238008001;350.85;82.9;129.346
0.231645731;386.95;82.9;129.346
0.211645957;365.41;82.9;129.346
0.202939399;329.64;82.9;129.346
0.191785872;320.93;82.9;129.346
0.197294148;303.91;82.9;129.346
0.191630737;291.4;82.9;129.346
0.194855105;294.55;82.9;129.346
0.19330783;300.85;82.9;129.346
0.19098525;308.91;82.9;129.346
0.201632353;341.07;82.9;129.346
0.205332954;368.86;82.9;129.346
0.218611202;390.9;82.9;129.346
0.205770214;390;82.9;129.346
0.205791848;366.9;82.9;129.346
0.209269432;352.77;82.9;129.346
0.208334334;275.58;82.9;129.346
0.193672679;285.04;82.9;129.346
0.186790973;272.58;82.9;138.89
0.185020724;274.72;82.9;138.89
0.192279554;278;82.9;138.89
0.196467075;267.63;82.9;138.89
0.201003598;277.86;82.9;138.89
0.202957441;339.77;82.9;138.89
0.206185643;369.89;82.9;138.89
0.221280096;379.63;82.9;138.89
0.226931413;341.75;82.9;138.89
0.228018451;299.02;82.9;138.89
0.214852638;274.02;82.9;138.89
0.215588686;276.32;82.9;138.89
0.210914834;268.97;82.9;138.89
0.205111069;278.07;82.9;138.89
0.196904404;285.79;82.9;138.89
0.194691907;324.09;82.9;138.89
0.203878229;372.44;82.9;138.89
0.213222448;409.41;82.9;138.89
0.222374148;479;82.9;138.89
0.199031379;450;82.9;138.89
0.207306759;394.21;82.9;138.89
0.211064987;355.17;82.9;138.89
0.204775955;258.08;82.9;138.89
0.200025628;268.71;82.9;138.89
0.202754997;265.86;82.9;147.263
0.206755791;268.01;82.9;147.263
0.209008205;266.12;82.9;147.263
0.209241305;265.38;82.9;147.263
0.210675659;282.13;82.9;147.263
0.210594799;355.19;82.9;147.263
0.206751329;378.85;82.9;147.263
0.214542438;385.19;82.9;147.263
0.215785114;378;82.9;147.263
0.226138967;360.06;82.9;147.263
0.223017706;354.77;86.89;147.263
0.219091356;325.63;88.22;147.263
0.20170216;300.72;88.22;147.263
0.197726167;266.68;88.22;147.263
0.194719111;261.06;88.22;147.263
0.201576383;220.69;88.22;147.263
0.210943854;259.95;88.22;147.263
0.213718648;289.07;88.22;147.263
0.223655344;329.39;88.22;147.263
0.203589989;359.56;88.22;147.263
0.200849217;356.91;88.22;147.263
0.194718581;385;88.22;147.263
0.200440013;362.3;88.22;147.263
0.198480497;285.72;88.22;147.263
0.195479818;255;88.22;146.233
0.197085886;237.2;88.22;146.233
0.200994932;230.71;88.22;146.233
0.203761724;222.31;88.22;146.233
0.213818832;214.2;88.22;146.233
0.224547498;233.84;88.22;146.233
0.234494008;244.56;88.22;146.233
0.21901749;208.6;88.22;146.233
0.205209779;154.08;88.22;146.233
0.199219226;125;88.22;146.233
0.203447315;113.85;88.22;146.233
0.201198145;89.37;88.22;146.233
0.191313855;76.33;88.22;146.233
0.191181012;89.34;88.22;146.233
0.195093511;89.17;88.22;146.233
0.195179082;131.11;88.22;146.233
0.199710791;240.3;88.22;146.233
0.195766054;285.03;88.22;146.233
0.209313043;350;88.22;146.233
0.194006085;362.85;88.22;146.233
0.193863144;359.96;88.22;146.233
0.190299385;353.44;88.22;146.233
0.176928837;302.17;88.22;146.233
0.168342194;270.08;88.22;146.233
0.170901411;237.95;88.22;146.233
0.180866093;199.08;88.22;146.233
0.18376388;195.6;88.22;146.233
0.184003898;185.6;88.22;146.233
0.191361216;182.71;88.22;146.233
0.19568655;176.71;88.22;146.233
0.205937005;192.31;88.22;146.233
0.202679812;185.07;88.22;146.233
0.187196704;170.26;88.22;146.233
0.18908146;128.2;88.22;146.233
0.193279627;107.43;88.22;146.233
0.200630768;93.1;88.22;146.233
0.195498013;68.55;88.22;146.233
0.190252786;65.82;88.22;146.233
0.187539998;74.46;88.22;146.233
0.18253047;123.8;88.22;146.233
0.183373576;175.99;88.22;146.233
0.191375663;272.77;88.22;146.233
0.20204607;327;88.22;146.233
0.186203211;340.1;88.22;146.233
0.184142009;348.43;88.22;146.233
0.181104133;348.45;88.22;146.233
0.177615155;333.06;88.22;146.233
0.170889678;319.65;88.22;146.233
0.174280113;277.83;88.22;146.617
0.179690643;265.16;88.22;146.617
0.172333511;254.35;88.22;146.617
0.17087177;258.03;88.22;146.617
0.180943659;302.44;88.22;146.617
0.198408747;361.88;88.22;146.617
0.219797067;376;88.22;146.617
0.206330433;385.17;88.22;146.617
0.195882778;366;88.22;146.617
0.195540258;291.7;88.22;146.617
0.187046966;221.3;88.22;146.617
0.190460703;181.8;88.22;146.617
0.178689488;184.36;88.22;146.617
0.176001932;172.35;88.22;146.617
0.174548049;171.19;88.22;146.617
0.17673438;182.64;88.22;146.617
0.186104542;211.1;88.22;146.617
0.188807094;329.99;88.22;146.617
0.203254757;379.62;88.22;146.617
0.191700638;398.72;88.22;146.617
0.195861477;385.52;88.22;146.617
0.185621936;396.92;88.22;146.617
0.180524372;379.64;88.22;146.617
0.183813513;359.96;88.22;146.617
0.186923731;319.24;88.22;162.411
0.181722304;309.33;88.22;162.411
0.178412422;301.08;88.22;162.411
0.180367548;299.91;88.22;162.411
0.181853417;324.82;88.22;162.411
0.197570924;380.47;88.22;162.411
0.208612222;412.59;88.22;162.411
0.208079619;409.61;88.22;162.411
0.196843201;338.68;88.22;162.411
0.189327123;283.72;88.22;162.411
0.182058572;286.6;88.22;162.411
0.186171596;243.95;88.22;162.411
0.175562588;227.94;88.22;162.411
0.174107054;210.95;88.22;162.411
0.175325814;213.06;88.22;162.411
0.18055403;237.8;88.22;162.411
0.186002023;301.14;88.22;162.411
0.195535577;336.25;88.22;162.411
0.205941302;363.98;88.22;162.411
0.186583752;370;88.22;162.411
0.188013302;370.4;88.22;162.411
0.184612761;378.29;88.22;162.411
0.182136234;361.16;88.22;162.411
0.174572179;351.39;88.22;162.411
0.172264758;309.3;88.22;170.708
0.181900931;293.84;88.22;170.708
0.183274661;280.18;88.22;170.708
0.179491136;299.44;88.22;170.708
0.180950612;322.79;88.22;170.708
0.194921824;389.83;88.22;170.708
0.203781908;413.89;88.22;170.708
0.209766152;406.93;88.22;170.708
0.193891384;355.89;88.22;170.708
0.188280339;287.9;88.22;170.708
0.182139704;265.29;88.22;170.708
0.192622917;230.68;88.22;170.708
0.187830617;204.77;88.22;170.708
0.185319307;172.44;88.22;170.708
0.185130454;163.21;88.22;170.708
0.187080799;180.04;88.22;170.708
0.18641752;239.08;88.22;170.708
0.18857248;313.06;88.22;170.708
0.204745498;376.09;88.22;170.708
0.190821302;387.46;88.22;170.708
0.185449472;381.59;88.22;170.708
0.177469434;379.91;88.22;170.708
0.173335136;279.85;88.22;170.708
0.172349028;267.5;88.22;170.708
0.16669013;209;88.22;166.69
0.163066712;195.77;88.22;166.69
0.162145777;189.58;88.22;166.69
0.162197075;186.88;88.22;166.69
0.163731582;190.77;88.22;166.69
0.170985462;223.6;88.22;166.69
0.175908988;282.38;88.22;166.69
0.188922706;296.72;88.22;166.69
0.190284727;256;88.22;166.69
0.195422004;235.48;88.22;166.69
0.194718045;220;88.22;166.69
0.203225739;201.99;88.22;166.69
0.188892934;190.48;88.22;166.69
0.19265237;165.62;88.22;166.69
0.188112669;159.07;88.22;166.69
0.181900721;155.02;88.22;166.69
0.178568454;169.68;88.22;166.69
0.182511283;179.01;88.22;166.69
0.204344759;197.23;88.22;166.69
0.195677734;242.42;88.22;166.69
0.195680526;258.96;88.22;166.69
0.180566642;246.15;88.22;166.69
0.172653365;197.94;88.22;166.69
0.176396992;200.08;88.22;166.69
0.182795193;224.05;88.22;183.585
0.185649677;228.55;88.22;183.585
0.177731135;227.26;88.22;183.585
0.170962132;210.33;88.22;183.585
0.171322664;248.33;88.22;183.585
0.171216788;371.95;88.22;183.585
0.174402531;418.92;88.22;183.585
0.191253582;420.67;88.22;183.585
0.196727457;351.7;88.22;183.585
0.201968477;318.59;88.22;183.585
0.203306204;272.28;84.03;183.585
0.201323848;215.05;82.63;183.585
0.185026107;210.59;82.63;183.585
0.17827151;178.56;82.63;183.585
0.174171032;207.56;82.63;183.585
0.181983989;210.02;82.63;183.585
0.185902617;258.71;82.63;183.585
0.195855758;319.26;82.63;183.585
0.213038138;387.92;82.63;183.585
0.200483352;410.89;82.63;183.585
0.192019145;422.59;82.63;183.585
0.186167075;416.11;82.63;183.585
0.181931231;372;82.63;183.585
0.183259877;350;82.63;183.585
0.18588704;283.47;82.63;177.326
0.183445053;221.32;82.63;177.326
0.180559079;216.81;82.63;177.326
0.178921965;203.12;82.63;177.326
0.179282806;209.86;82.63;177.326
0.186001392;241.95;82.63;177.326
0.199128597;247.14;82.63;177.326
0.209048967;241.43;82.63;177.326
0.201210872;179.83;82.63;177.326
0.196982884;154.72;82.63;177.326
0.193050342;136.51;82.63;177.326
0.198330945;93.54;82.63;177.326
0.190945746;74.35;82.63;177.326
0.186750299;21.94;82.63;177.326
0.189754041;11.94;82.63;177.326
0.192207731;16.03;82.63;177.326
0.188320661;64.84;82.63;177.326
0.18980043;90.02;82.63;177.326
0.206862475;94.98;82.63;177.326
0.189008045;100.86;82.63;177.326
0.191988118;100.59;82.63;177.326
0.187468873;120.16;82.63;177.326
0.180029609;79.89;82.63;177.326
0.175367232;77.12;82.63;177.326
0.167396875;49.32;82.63;177.326
0.161771791;50.03;82.63;177.326
0.160664335;31.39;82.63;177.326
0.162459009;63.31;82.63;177.326
0.16775165;58.57;82.63;177.326
0.179913556;67.67;82.63;177.326
0.194075378;41.89;82.63;177.326
0.203477573;36.75;82.63;177.326
0.19500659;30.01;82.63;177.326
0.181884357;30.08;82.63;177.326
0.179031485;49.77;82.63;177.326
0.190160585;20;82.63;177.326
0.186279305;19.14;82.63;177.326
0.180843998;11.85;82.63;177.326
0.178606864;21.31;82.63;177.326
0.187335367;40.29;82.63;177.326
0.183448924;77.11;82.63;177.326
0.184061015;157.13;82.63;177.326
0.195253314;322.13;82.63;177.326
0.186587695;369.9;82.63;177.326
0.189013234;378.07;82.63;177.326
0.188049425;389.17;82.63;177.326
0.182849753;371.92;82.63;177.326
0.173671209;320.08;82.63;177.326
0.165288586;278;82.63;178.569
0.165652555;275.96;82.63;178.569
0.167740189;269.27;82.63;178.569
0.168362829;272.15;82.63;178.569
0.167503574;298;82.63;178.569
0.177572609;395.95;82.63;178.569
0.188699316;415.08;82.63;178.569
0.19550675;433.97;82.63;178.569
0.184186976;416.32;82.63;178.569
0.184363871;404.98;82.63;178.569
0.180565887;396.9;82.63;178.569
0.186782468;380.42;82.63;178.569
0.183152921;369.28;82.63;178.569
0.179458249;333.76;82.63;178.569
0.177976048;332.61;82.63;178.569
0.182622162;319.82;82.63;178.569
0.180565571;375.48;82.63;178.569
0.179871522;405;82.63;178.569
0.199380679;458.03;82.63;178.569
0.18795938;469.9;82.63;178.569
0.183334155;452.12;82.63;178.569
0.186299804;450.05;82.63;178.569
0.191933177;419.15;82.63;178.569
0.182114861;395.49;82.63;178.569
0.179739083;349.57;82.63;169.884
0.178824212;330.04;82.63;169.884
0.176951539;331.5;82.63;169.884
0.178498967;334.34;82.63;169.884
0.180845819;362.1;82.63;169.884
0.186831886;419.64;82.63;169.884
0.200350314;453.66;82.63;169.884
0.203473716;448.9;82.63;169.884
0.188102647;382.42;82.63;169.884
0.188598476;328.74;82.63;169.884
0.187698841;338.32;82.63;169.884
0.194745643;297.47;82.63;169.884
0.181239514;260.07;82.63;169.884
0.181594712;262.23;82.63;169.884
0.177576533;287.22;82.63;169.884
0.175504907;314.81;82.63;169.884
0.177736754;395.9;82.63;169.884
0.179865725;429.08;82.63;169.884
0.197559435;481.59;82.63;169.884
0.182409293;506.69;82.63;169.884
0.180565203;480;82.63;169.884
0.176525568;470;82.63;169.884
0.1730252;404.09;82.63;169.884
0.166382943;416.05;82.63;169.884
0.1609777;365.61;82.63;173.908
0.161901486;325.34;82.63;173.908
0.165799023;339.99;82.63;173.908
0.1682483;325.04;82.63;173.908
0.170808906;332.22;82.63;173.908
0.178083244;411.97;82.63;173.908
0.182929946;435;82.63;173.908
0.195348808;456.57;82.63;173.908
0.196165492;423.14;82.63;173.908
0.192467838;365.76;82.63;173.908
0.188505328;350.25;82.63;173.908
0.191771769;273.05;82.63;173.908
0.18033688;246.1;82.63;173.908
0.173165038;190.02;82.63;173.908
0.172216408;183.63;82.63;173.908
0.176618362;211.39;82.63;173.908
0.178803999;294.48;82.63;173.908
0.184593975;370.44;82.63;173.908
0.20079897;431.7;82.63;173.908
0.195547832;448.22;82.63;173.908
0.186646342;446.34;82.63;173.908
0.181178848;435.93;82.63;173.908
0.173470653;373.57;82.63;173.908
0.167496756;400.44;82.63;173.908
0.166637752;378.06;82.63;182.356
0.162302006;345.47;82.63;182.356
0.161084804;334.1;82.63;182.356
0.160215434;335.01;82.63;182.356
0.160130456;371.63;82.63;182.356
0.164465193;421.32;82.63;182.356
0.172255006;433.31;82.63;182.356
0.188072817;434.07;82.63;182.356
0.192995458;419.94;82.63;182.356
0.198552638;379.9;82.63;182.356
0.194858037;355.93;82.63;182.356
0.196766443;301.49;82.63;182.356
0.182993599;274.85;82.63;182.356
0.176971385;239.44;82.63;182.356
0.176258506;254.96;82.63;182.356
0.179108951;282.6;82.63;182.356
0.181249039;346.37;82.63;182.356
0.184174602;394.63;82.63;182.356
0.198611164;420.92;82.63;182.356
0.189631124;436.27;82.63;182.356
0.188783257;433.93;82.63;182.356
0.176493224;422.39;82.63;182.356
0.173354672;400.04;82.63;182.356
0.167531817;350;82.63;182.356
0.162997898;320.07;82.63;176.314
0.159617327;298.49;82.63;176.314
0.158739227;305.01;82.63;176.314
0.159732952;307.55;82.63;176.314
0.162354902;330;82.63;176.314
0.166829405;404.9;82.63;176.314
0.173134978;429.92;82.63;176.314
0.185765276;416.65;82.63;176.314
0.186253745;334.06;82.63;176.314
0.187454923;262.45;82.63;176.314
0.185490711;243.92;83.44;176.314
0.194927235;218.1;83.71;176.314
0.181302453;190;83.71;176.314
0.18093489;191.8;83.71;176.314
0.179679134;222.15;83.71;176.314
0.179647924;225.39;83.71;176.314
0.183833837;335.35;83.71;176.314
0.183174982;409.07;83.71;176.314
0.199998215;421.86;83.71;176.314
0.190520711;430.45;83.71;176.314
0.195602892;433.99;83.71;176.314
0.189799039;432.89;83.71;176.314
0.17247062;404.09;83.71;176.314
0.164435189;384.91;83.71;176.314
0.16039269;349.96;83.71;161.715
0.159120284;289.8;83.71;161.715
0.158357577;252.86;83.71;161.715
0.159009853;236.19;83.71;161.715
0.161129493;233.1;83.71;161.715
0.168766309;211.55;83.71;161.715
0.17363468;199.74;83.71;161.715
0.184935175;139.93;83.71;161.715
0.182284984;52.49;83.71;161.715
0.191708875;35.53;83.71;161.715
0.196259199;1.07;83.71;161.715
0.193697443;0.07;83.71;161.715
0.17802571;-0.05;83.71;161.715
0.174857261;-0.1;83.71;161.715
0.173650106;0;83.71;161.715
0.174675173;1.03;83.71;161.715
0.176491161;31.66;83.71;161.715
0.180973451;143.75;83.71;161.715
0.195052969;264.3;83.71;161.715
0.17644595;334.25;83.71;161.715
0.177950622;344.13;83.71;161.715
0.178709896;357.55;83.71;161.715
0.17824003;331.77;83.71;161.715
0.167209479;290.06;83.71;161.715
0.159085943;240.8;83.71;161.715
0.156564759;200.64;83.71;161.715
0.156643781;192.63;83.71;161.715
0.158139102;193.81;83.71;161.715
0.158766981;190.46;83.71;161.715
0.163687233;195.02;83.71;161.715
0.168415711;190.14;83.71;161.715
0.181159391;189.51;83.71;161.715
0.183722013;164;83.71;161.715
0.180715737;115.77;83.71;161.715
0.178446668;110.21;83.71;161.715
0.183422284;87.59;83.71;161.715
0.173433655;72.92;83.71;161.715
0.166366137;40.02;83.71;161.715
0.168115072;83.42;83.71;161.715
0.167903378;109.3;83.71;161.715
0.172396651;200.89;83.71;161.715
0.171256049;344.42;83.71;161.715
0.18582613;415.01;83.71;161.715
0.17867002;426.4;83.71;161.715
0.176513455;434.95;83.71;161.715
0.173009437;430.02;83.71;161.715
0.165266162;406.57;83.71;161.715
0.160220602;389.77;83.71;161.715
0.15804896;328.49;83.71;161.951
0.158116708;299.23;83.71;161.951
0.158652963;282.44;83.71;161.951
0.157555983;287.08;83.71;161.951
0.158152089;305.11;83.71;161.951
0.16058807;393.11;83.71;161.951
0.163640951;424.94;83.71;161.951
0.169944947;401.82;83.71;161.951
0.176232317;373.93;83.71;161.951
0.175438969;324.03;83.71;161.951
0.172756315;303.44;83.71;161.951
0.177218832;291.35;83.71;161.951
0.168408701;271.57;83.71;161.951
0.166901391;277.89;83.71;161.951
0.170940074;279.97;83.71;161.951
0.177153454;386.25;83.71;161.951
0.175009649;455.42;83.71;161.951
0.172437717;512.56;83.71;161.951
0.18624819;637.64;83.71;161.951
0.172760753;679.54;83.71;161.951
0.17516837;600;83.71;161.951
0.175062466;530.13;83.71;161.951
0.176921645;469.86;83.71;161.951
0.172700023;402.46;83.71;161.951
0.165089767;368.99;83.71;159.589
0.162506827;336.39;83.71;159.589
0.163444728;325.24;83.71;159.589
0.164144198;318.72;83.71;159.589
0.161223656;350.98;83.71;159.589
0.166795354;440;83.71;159.589
0.17007646;483.43;83.71;159.589
0.177124217;452.95;83.71;159.589
0.176035397;385.6;83.71;159.589
0.177697757;364.07;83.71;159.589
0.178572006;342.88;83.71;159.589
0.184535935;344.33;83.71;159.589
0.178209941;339.53;83.71;159.589
0.175421208;322.72;83.71;159.589
0.176965473;348.17;83.71;159.589
0.180644276;380.01;83.71;159.589
0.178168491;443.42;83.71;159.589
0.178822915;484.1;83.71;159.589
0.200872543;581.25;83.71;159.589
0.187967598;570.05;83.71;159.589
0.187371711;466.15;83.71;159.589
0.185957935;392.7;83.71;159.589
0.176106916;285.91;83.71;159.589
0.167696676;268.35;83.71;159.589
0.166189389;241.92;83.71;158.329
0.166176233;234.63;83.71;158.329
0.165079237;236.89;83.71;158.329
0.163250723;235.99;83.71;158.329
0.16154929;280.09;83.71;158.329
0.16106288;377.03;83.71;158.329
0.167287591;425.07;83.71;158.329
0.175682405;394.46;83.71;158.329
0.180152989;334.09;83.71;158.329
0.18311388;299.15;83.71;158.329
0.178202337;230.98;83.71;158.329
0.181548351;228.72;83.71;158.329
0.171892915;235.91;83.71;158.329
0.175737661;238.46;83.71;158.329
0.178558817;287.4;83.71;158.329
0.175945814;319.97;83.71;158.329
0.177946096;380.32;83.71;158.329
0.178067519;439.1;83.71;158.329
0.192967501;513.99;83.71;158.329
0.179344592;526.26;83.71;158.329
0.178918121;467.73;83.71;158.329
0.176363687;413.57;83.71;158.329
0.172259794;374.83;83.71;158.329
0.167478958;336;83.71;158.329
0.165127461;328.74;83.71;156.781
0.163713987;332.29;83.71;156.781
0.16516836;335.67;83.71;156.781
0.165545682;327.24;83.71;156.781
0.168429972;334;83.71;156.781
0.168970621;436.95;83.71;156.781
0.173205835;493.88;83.71;156.781
0.190389656;488.31;83.71;156.781
0.197577233;462.98;83.71;156.781
0.196337388;431.95;83.71;156.781
0.190552762;381.09;83.71;156.781
0.194993342;346.06;83.71;156.781
0.18510606;319.96;83.71;156.781
0.17878375;314.82;83.71;156.781
0.175431008;307.94;83.71;156.781
0.17711711;337.08;83.71;156.781
0.186166239;346.19;83.71;156.781
0.187678067;427.87;83.71;156.781
0.199980679;488.71;83.71;156.781
0.181897966;515.45;83.71;156.781
0.176120865;495.18;83.71;156.781
0.17348295;513.29;83.71;156.781
0.170813571;419.96;83.71;156.781
0.16630561;372.69;83.71;156.781
0.164035562;334.1;83.71;151.333
0.162375079;333.41;83.71;151.333
0.163317186;327.35;83.71;151.333
0.162669444;328.25;83.71;151.333
0.164309182;336.95;83.71;151.333
0.1655184;409.88;83.71;151.333
0.169761721;450.9;83.71;151.333
0.178692955;436.92;83.71;151.333
0.183329779;409.4;83.71;151.333
0.188827314;342.65;83.71;151.333
0.188328661;334.03;79.47;151.333
0.187684451;307.56;78.06;151.333
0.17507408;274.04;78.06;151.333
0.177151535;275.57;78.06;151.333
0.176486389;300.99;78.06;151.333
0.178770632;301.09;78.06;151.333
0.178220864;391.04;78.06;151.333
0.185576641;450.56;78.06;151.333
0.19791748;479.99;78.06;151.333
0.181812347;480.9;78.06;151.333
0.182335088;494.6;78.06;151.333
0.18055821;461.04;78.06;151.333
0.179200906;424.92;78.06;151.333
0.170274735;404.56;78.06;151.333
0.168591782;344.67;78.06;161.078
0.166486042;351.99;78.06;161.078
0.165969024;337.01;78.06;161.078
0.163965912;332.04;78.06;161.078
0.166625217;331.27;78.06;161.078
0.171473345;337.03;78.06;161.078
0.180509828;333.12;78.06;161.078
0.189272642;343.78;78.06;161.078
0.184893437;350.96;78.06;161.078
0.185784088;337.02;78.06;161.078
0.186226272;307.36;78.06;161.078
0.191430172;285.06;78.06;161.078
0.18488524;242.73;78.06;161.078
0.1791982;183.97;78.06;161.078
0.177535111;185.45;78.06;161.078
0.179036661;226.44;78.06;161.078
0.182129717;285.03;78.06;161.078
0.184099638;336.02;78.06;161.078
0.200405905;372.87;78.06;161.078
0.183808028;402.15;78.06;161.078
0.182996667;405.61;78.06;161.078
0.183334522;396.9;78.06;161.078
0.179511801;366.61;78.06;161.078
0.175623603;393.26;78.06;161.078
0.170231375;379.24;78.06;161.078
0.168733206;355.06;78.06;161.078
0.166831047;331;78.06;161.078
0.167410101;316.18;78.06;161.078
0.165860285;302.82;78.06;161.078
0.169542764;272.76;78.06;161.078
0.179187373;260.93;78.06;161.078
0.192837946;222.42;78.06;161.078
0.184012869;162.89;78.06;161.078
0.183395289;149.99;78.06;161.078
0.179738632;100.16;78.06;161.078
0.187426699;71.72;78.06;161.078
0.179448956;58.48;78.06;161.078
0.178134204;48.77;78.06;161.078
0.176166953;64.4;78.06;161.078
0.179205054;120.06;78.06;161.078
0.182634435;255.88;78.06;161.078
0.184209505;355.02;78.06;161.078
0.196575855;390.4;78.06;161.078
0.183462013;418.85;78.06;161.078
0.183692302;433.15;78.06;161.078
0.182597165;417.16;78.06;161.078
0.18274033;374.48;78.06;161.078
0.174344352;346.4;78.06;161.078
0.169546097;276.76;78.06;161.864
0.167910951;264.97;78.06;161.864
0.164605717;266.03;78.06;161.864
0.164117285;261.71;78.06;161.864
0.166678246;286.29;78.06;161.864
0.172450608;375.08;78.06;161.864
0.178839967;410.14;78.06;161.864
0.185221207;412.34;78.06;161.864
0.184295212;350.64;78.06;161.864
0.186963163;295.58;78.06;161.864
0.182491542;265.25;78.06;161.864
0.18568113;235.09;78.06;161.864
0.175110539;231.32;78.06;161.864
0.17372361;222.45;78.06;161.864
0.173333411;203.61;78.06;161.864
0.172488012;259.43;78.06;161.864
0.174523591;266.29;78.06;161.864
0.176949192;333.55;78.06;161.864
0.196738433;379.2;78.06;161.864
0.182611767;383.81;78.06;161.864
0.178512785;386.86;78.06;161.864
0.182551275;391.69;78.06;161.864
0.180913816;330.98;78.06;161.864
0.170452175;330.38;78.06;161.864
0.166089174;316.03;78.06;169.55
0.164685041;276.85;78.06;169.55
0.16554788;292.79;78.06;169.55
0.165239811;300.31;78.06;169.55
0.165659498;346.94;78.06;169.55
0.170373981;408.23;78.06;169.55
0.1776287;454.37;78.06;169.55
0.191272434;391.64;78.06;169.55
0.186404813;293.5;78.06;169.55
0.184563728;235.59;78.06;169.55
0.184382955;262.81;78.06;169.55
0.191186429;200.01;78.06;169.55
0.18621798;188.58;78.06;169.55
0.183021592;183.1;78.06;169.55
0.177746773;179.58;78.06;169.55
0.17736223;190.16;78.06;169.55
0.178327905;264.3;78.06;169.55
0.181334573;350.01;78.06;169.55
0.194819001;432.55;78.06;169.55
0.183263945;438.97;78.06;169.55
0.179228881;447.5;78.06;169.55
0.179166473;437.28;78.06;169.55
0.178726811;376.27;78.06;169.55
0.171832347;405;78.06;169.55
0.169309907;351.19;78.06;196.615
0.164815092;347.08;78.06;196.615
0.162656073;349.99;78.06;196.615
0.164351998;348.33;78.06;196.615
0.168557303;377.14;78.06;196.615
0.173842502;460;78.06;196.615
0.180695326;499.94;78.06;196.615
0.191367582;492.41;78.06;196.615
0.184873223;434.99;78.06;196.615
0.182055796;425.61;78.06;196.615
0.183349694;418.4;78.06;196.615
0.19159107;389.92;78.06;196.615
0.181486464;348.89;78.06;196.615
0.184287692;337.95;78.06;196.615
0.178320974;353.31;78.06;196.615
0.177324671;371.24;78.06;196.615
0.180983918;429.65;78.06;196.615
0.185343025;500.91;78.06;196.615
0.193810901;532.67;78.06;196.615
0.180537827;549.87;78.06;196.615
0.178400846;529.36;78.06;196.615
0.1774188;504.98;78.06;196.615
0.171636578;428.97;78.06;196.615
0.169610188;437.79;78.06;196.615
0.16728604;400.91;78.06;211.113
0.164819979;399.97;78.06;211.113
0.162655118;399.71;78.06;211.113
0.162925312;399.97;78.06;211.113
0.162611535;400.04;78.06;211.113
0.164687152;493.93;78.06;211.113
0.169666291;559.28;78.06;211.113
0.182645204;539.56;78.06;211.113
0.18756541;501.42;78.06;211.113
0.190522471;451.16;78.06;211.113
0.185554185;418.45;78.06;211.113
0.192797608;426.07;78.06;211.113
0.185769073;409.58;78.06;211.113
0.185145072;425.1;78.06;211.113
0.182411615;433.66;78.06;211.113
0.180989553;454.39;78.06;211.113
0.185290598;513.93;78.06;211.113
0.189688895;563.85;78.06;211.113
0.20402669;598.94;78.06;211.113
0.184255602;586.99;78.06;211.113
0.183404037;557.43;78.06;211.113
0.178420168;534.23;78.06;211.113
0.17403898;451.72;78.06;211.113
0.167353013;400.02;78.06;211.113
0.164061683;384.1;78.06;205.351
0.161245241;373.81;78.06;205.351
0.160799017;388.51;78.06;205.351
0.160712166;374.83;78.06;205.351
0.16233016;402.61;78.06;205.351
0.165583931;463.16;78.06;205.351
0.170110966;508.14;78.06;205.351
0.179260863;517.17;78.06;205.351
0.178135636;503.93;78.06;205.351
0.183942582;463.44;78.06;205.351
0.183128105;448.93;77.98;205.351
0.193397488;394.44;77.96;205.351
0.184582411;366.45;77.96;205.351
0.183151232;365.04;77.96;205.351
0.185260546;404.98;77.96;205.351
0.18534039;407.08;77.96;205.351
0.186599414;461.52;77.96;205.351
0.188452871;489.87;77.96;205.351
0.201437034;512.51;77.96;205.351
0.185644963;504.33;77.96;205.351
0.185239507;484.94;77.96;205.351
0.183761264;482.05;77.96;205.351
0.17606278;425.74;77.96;205.351
0.168383498;425;77.96;205.351
0.164371346;404.3;77.96;193.504
0.164062091;405;77.96;193.504
0.164943708;395.85;77.96;193.504
0.165476666;377.06;77.96;193.504
0.167072611;383.98;77.96;193.504
0.170754111;406.78;77.96;193.504
0.179751453;423.02;77.96;193.504
0.19021357;412.72;77.96;193.504
0.185024751;388.65;77.96;193.504
0.180592005;335.48;77.96;193.504
0.181798225;308.54;77.96;193.504
0.188640143;268.46;77.96;193.504
0.177088568;236.78;77.96;193.504
0.175541374;247.78;77.96;193.504
0.173951021;291.73;77.96;193.504
0.176102997;316.43;77.96;193.504
0.182418291;388.44;77.96;193.504
0.182905984;425.86;77.96;193.504
0.19335339;454.15;77.96;193.504
0.176617736;467.71;77.96;193.504
0.178692447;466.69;77.96;193.504
0.176576631;466.24;77.96;193.504
0.174751319;441.93;77.96;193.504
0.167751988;382.79;77.96;193.504
0.165399933;339.88;77.96;193.504
0.161067526;300.1;77.96;193.504
0.162857123;293.05;77.96;193.504
0.165627757;271.3;77.96;193.504
0.167330787;272.41;77.96;193.504
0.172465329;261.03;77.96;193.504
0.175922456;264.8;77.96;193.504
0.189370919;300.01;77.96;193.504
0.179393956;286.37;77.96;193.504
0.179021798;261.1;77.96;193.504
0.174277284;255.76;77.96;193.504
0.17946758;263.08;77.96;193.504
0.16906482;219.08;77.96;193.504
0.167457394;208.74;77.96;193.504
0.171322171;226.08;77.96;193.504
0.175477316;252.07;77.96;193.504
0.179758592;316.01;77.96;193.504
0.187098355;394.79;77.96;193.504
0.199778914;449.55;77.96;193.504
0.184369627;452.95;77.96;193.504
0.183763486;464.52;77.96;193.504
0.182814797;465.67;77.96;193.504
0.174678666;425.89;77.96;193.504
0.167196899;385.06;77.96;193.504
0.165574437;344.06;77.96;193.846
0.162237771;338.81;77.96;193.846
0.159037185;320.86;77.96;193.846
0.15820793;329.72;77.96;193.846
0.157646151;380;77.96;193.846
0.166269627;429.66;77.96;193.846
0.175637277;467.91;77.96;193.846
0.181981985;474.9;77.96;193.846
0.17122563;459.05;77.96;193.846
0.172860851;447.89;77.96;193.846
0.173624645;428.22;77.96;193.846
0.1820986;392.1;77.96;193.846
0.174493772;388.2;77.96;193.846
0.173228872;377.4;77.96;193.846
0.173304652;385.09;77.96;193.846
0.174744212;398.9;77.96;193.846
0.175233059;437.25;77.96;193.846
0.177589436;461.06;77.96;193.846
0.195279594;510.66;77.96;193.846
0.180897523;530.88;77.96;193.846
0.185806251;524.33;77.96;193.846
0.183269381;509.33;77.96;193.846
0.176583241;469.58;77.96;193.846
0.172073778;440.98;77.96;193.846
0.1655372;390.1;77.96;200.291
0.164109119;382.1;77.96;200.291
0.163832001;359.89;77.96;200.291
0.162103384;352.69;77.96;200.291
0.162661463;393.03;77.96;200.291
0.169159204;457.04;77.96;200.291
0.183573843;479.9;77.96;200.291
0.195174935;478.9;77.96;200.291
0.183382963;397.91;77.96;200.291
0.177649491;328.26;77.96;200.291
0.174956937;307.77;77.96;200.291
0.185300939;234.87;77.96;200.291
0.1788639;227.41;77.96;200.291
0.175843949;198.39;77.96;200.291
0.178165335;219;77.96;200.291
0.183985619;274.71;77.96;200.291
0.184158884;324.11;77.96;200.291
0.191899793;435.36;77.96;200.291
0.206110828;499.47;77.96;200.291
0.197959648;511.07;77.96;200.291
0.19320604;513.17;77.96;200.291
0.190394763;484.91;77.96;200.291
0.186384215;441.26;77.96;200.291
0.184974122;383.95;77.96;200.291
0.1776303;368.07;77.96;205.316
0.174849678;340.14;77.96;205.316
0.175687502;326.3;77.96;205.316
0.177581431;329.96;77.96;205.316
0.181122172;368.76;77.96;205.316
0.185751577;440.47;77.96;205.316
0.197259633;453.86;77.96;205.316
0.204350397;444.21;77.96;205.316
0.191111283;370.24;77.96;205.316
0.191415358;317.82;77.96;205.316
0.193579872;244.61;77.96;205.316
0.197930202;243.56;77.96;205.316
0.182384879;182.52;77.96;205.316
0.177939402;199.08;77.96;205.316
0.183936906;291.92;77.96;205.316
0.187449752;361.59;77.96;205.316
0.187723029;438.52;77.96;205.316
0.192102722;500.35;77.96;205.316
0.212249792;550.06;77.96;205.316
0.200026785;566.89;77.96;205.316
0.202792811;560.76;77.96;205.316
0.187963171;500.02;77.96;205.316
0.180684815;452.18;77.96;205.316
0.182203355;450.3;77.96;205.316
0.181026342;414.26;77.96;202.24
0.174819697;375.07;77.96;202.24
0.172184454;348.49;77.96;202.24
0.170571451;345.3;77.96;202.24
0.170923963;375.07;77.96;202.24
0.175212241;452.27;77.96;202.24
0.1775054;480.1;77.96;202.24
0.18809509;479.79;77.96;202.24
0.195014454;449.9;77.96;202.24
0.203306469;408.25;77.96;202.24
0.209586112;370.91;77.96;202.24
0.21112815;344.28;77.96;202.24
0.195236745;284.02;77.96;202.24
0.189717816;319.51;77.96;202.24
0.185150274;342.64;77.96;202.24
0.186382059;366.51;77.96;202.24
0.189244211;416.97;77.96;202.24
0.19375643;492.73;77.96;202.24
0.205748251;513.74;77.96;202.24
0.197989088;504.33;77.96;202.24
0.194006208;499.83;77.96;202.24
0.186160459;480.6;77.96;202.24
0.181172508;424.96;77.96;202.24
0.177177181;406.06;77.96;202.24
0.173177638;358.18;77.96;196.406
0.176176803;337.64;77.96;196.406
0.175335551;339.17;77.96;196.406
0.175787002;338.52;77.96;196.406
0.176154514;390.05;77.96;196.406
0.176654194;449.91;77.96;196.406
0.179392284;468;77.96;196.406
0.18624996;483.91;77.96;196.406
0.190772469;447.14;77.96;196.406
0.200295048;428.44;77.96;196.406
0.201847607;405.1;82.86;196.406
0.210005195;394.2;84.5;196.406
0.206372695;331.05;84.5;196.406
0.205231246;297.06;84.5;196.406
0.198326665;256.21;84.5;196.406
0.193674376;252.44;84.5;196.406
0.193627188;291.18;84.5;196.406
0.195567867;355.02;84.5;196.406
0.205684258;419.54;84.5;196.406
0.192104355;424.89;84.5;196.406
0.19531922;437.3;84.5;196.406
0.197350072;429.91;84.5;196.406
0.18908776;386.55;84.5;196.406
0.180036875;361.76;84.5;196.406
0.175561055;315.05;84.5;196.133
0.176098203;308.59;84.5;196.133
0.176891631;276.45;84.5;196.133
0.177777763;267.76;84.5;196.133
0.183848831;261.14;84.5;196.133
0.190451981;290.83;84.5;196.133
0.203740388;315.03;84.5;196.133
0.206885845;309.56;84.5;196.133
0.19190415;273.36;84.5;196.133
0.196624791;238.11;84.5;196.133
0.1908779;202.19;84.5;196.133
0.19632144;170.12;84.5;196.133
0.185610845;149.31;84.5;196.133
0.183319236;116.02;84.5;196.133
0.179154434;139.77;84.5;196.133
0.184990491;175.16;84.5;196.133
0.19686824;239.05;84.5;196.133
0.197476767;318.16;84.5;196.133
0.216094295;372.49;84.5;196.133
0.203222988;396.81;84.5;196.133
0.19490834;380.64;84.5;196.133
0.190409076;369.08;84.5;196.133
0.181826729;324.98;84.5;196.133
0.171180607;277.89;84.5;196.133
0.167993841;232.85;84.5;196.133
0.167662005;218.28;84.5;196.133
0.168020411;206.4;84.5;196.133
0.176595196;200.47;84.5;196.133
0.182486251;205.23;84.5;196.133
0.191488719;205;84.5;196.133
0.194996418;206.29;84.5;196.133
0.190212856;162.27;84.5;196.133
0.182786588;142.7;84.5;196.133
0.188916625;100;84.5;196.133
0.197485909;87.69;84.5;196.133
0.199664425;86.82;84.5;196.133
0.185880618;69.74;84.5;196.133
0.181561232;70.02;84.5;196.133
0.177558277;86.15;84.5;196.133
0.181754786;102.82;84.5;196.133
0.19372074;199.42;84.5;196.133
0.203248968;301.67;84.5;196.133
0.215795499;393.3;84.5;196.133
0.201174427;421.99;84.5;196.133
0.195574919;419.92;84.5;196.133
0.19187994;401.86;84.5;196.133
0.182908411;359.42;84.5;196.133
0.175950652;310.08;84.5;196.133
0.170809683;271.57;84.5;195.67
0.168247023;281.49;84.5;195.67
0.168582473;278.39;84.5;195.67
0.174195835;272.89;84.5;195.67
0.180818814;310.38;84.5;195.67
0.193980081;408.54;84.5;195.67
0.198862786;419.99;84.5;195.67
0.197378829;414.68;84.5;195.67
0.187083259;384.55;84.5;195.67
0.187794087;339.44;84.5;195.67
0.185970362;307.07;84.5;195.67
0.190334382;292.66;84.5;195.67
0.180256038;294.01;84.5;195.67
0.17634836;294.68;84.5;195.67
0.173659191;307.77;84.5;195.67
0.17957589;329.86;84.5;195.67
0.185032991;406.02;84.5;195.67
0.187730622;439.98;84.5;195.67
0.210032145;495.9;84.5;195.67
0.19736018;493.85;84.5;195.67
0.194458738;455;84.5;195.67
0.187558812;429.15;84.5;195.67
0.179587134;391.2;84.5;195.67
0.171508507;330.76;84.5;195.67
0.167639422;298.92;84.5;195.46
0.164703236;298.95;84.5;195.46
0.164740343;289.2;84.5;195.46
0.167561075;295.75;84.5;195.46
0.177849657;320.01;84.5;195.46
0.190170499;382.92;84.5;195.46
0.2056944;414.98;84.5;195.46
0.20406105;426.22;84.5;195.46
0.19020088;383.99;84.5;195.46
0.189957729;310.09;84.5;195.46
0.192568841;282.44;84.5;195.46
0.197817023;277.57;84.5;195.46
0.189220695;258.94;84.5;195.46
0.184826526;260.64;84.5;195.46
0.184770783;266.89;84.5;195.46
0.190574223;289.37;84.5;195.46
0.19324857;351.34;84.5;195.46
0.194840221;420;84.5;195.46
0.210389968;469.8;84.5;195.46
0.206668655;469.72;84.5;195.46
0.202407969;428.67;84.5;195.46
0.187312349;406.45;84.5;195.46
0.174053075;343.31;84.5;195.46
0.167788734;297.01;84.5;195.46
0.16432475;286.98;84.5;190.161
0.165035044;298.71;84.5;190.161
0.164201366;285.6;84.5;190.161
0.164537049;293.99;84.5;190.161
0.172638407;297.74;84.5;190.161
0.182562947;343.67;84.5;190.161
0.193986946;392.98;84.5;190.161
0.202344775;395.51;84.5;190.161
0.191488628;356.26;84.5;190.161
0.192321173;302.9;84.5;190.161
0.193008031;284.9;84.5;190.161
0.200190983;274.76;84.5;190.161
0.189348677;253;84.5;190.161
0.191740656;253.96;84.5;190.161
0.198315157;272.34;84.5;190.161
0.205982117;303.1;84.5;190.161
0.20551744;353;84.5;190.161
0.199941305;409.93;84.5;190.161
0.217425859;449;84.5;190.161
0.200311952;454.73;84.5;190.161
0.196100784;420;84.5;190.161
0.189239367;406.84;84.5;190.161
0.180730825;355.01;84.5;190.161
0.176503408;309.92;84.5;190.161
0.172269882;300.03;84.5;202.467
0.170888591;310;84.5;202.467
0.169916757;306.3;84.5;202.467
0.170590655;312;84.5;202.467
0.172712205;347.06;84.5;202.467
0.17414739;406.65;84.5;202.467
0.184124999;419.97;84.5;202.467
0.199392253;414.9;84.5;202.467
0.205577736;397.16;84.5;202.467
0.207913075;355.1;84.5;202.467
0.206487951;313.97;84.5;202.467
0.216270257;298.97;84.5;202.467
0.20854071;269.86;84.5;202.467
0.204591233;267.86;84.5;202.467
0.194333368;294;84.5;202.467
0.194026304;334.8;84.5;202.467
0.201862676;401.31;84.5;202.467
0.208251552;450;84.5;202.467
0.215792741;539.9;84.5;202.467
0.197723652;534.75;84.5;202.467
0.195041805;446;84.5;202.467
0.19151213;414.99;84.5;202.467
0.183359883;390;84.5;202.467
0.175462664;422.1;84.5;202.467
0.173431369;405;84.5;210.885
0.169719384;395.69;84.5;210.885
0.170184569;391.95;84.5;210.885
0.174842937;402.56;84.5;210.885
0.178279154;408;84.5;210.885
0.178324929;469.21;84.5;210.885
0.182104235;513.31;84.5;210.885
0.194148878;508;84.5;210.885
0.204266962;472.56;84.5;210.885
0.216726138;419.9;84.5;210.885
0.222506415;405.6;86.6;210.885
0.221252674;376.39;87.3;210.885
0.214900196;328.45;87.3;210.885
0.208962888;334.37;87.3;210.885
0.202277073;372.09;87.3;210.885
0.20813272;393.24;87.3;210.885
0.211791537;448.08;87.3;210.885
0.213057805;489.99;87.3;210.885
0.237687716;560;87.3;210.885
0.227223515;565.4;87.3;210.885
0.23341189;507.78;87.3;210.885
0.225951108;469.47;87.3;210.885
0.206600668;424.02;87.3;210.885
0.187453027;427.23;87.3;210.885
0.183480244;400.71;87.3;203.648
0.182927892;387.87;87.3;203.648
0.185129109;374.09;87.3;203.648
0.186921862;375.79;87.3;203.648
0.202231649;382.76;87.3;203.648
0.232143284;379.9;87.3;203.648
0.232897451;388.74;87.3;203.648
0.208074737;399.9;87.3;203.648
0.188643169;374.5;87.3;203.648
0.186942251;333.41;87.3;203.648
0.18194662;300.02;87.3;203.648
0.190588722;247.22;87.3;203.648
0.187596919;192.11;87.3;203.648
0.193195162;213.62;87.3;203.648
0.188365342;292.05;87.3;203.648
0.18583493;341.76;87.3;203.648
0.192552692;412.3;87.3;203.648
0.196913544;466.2;87.3;203.648
0.224311557;503.26;87.3;203.648
0.216328369;504.7;87.3;203.648
0.212739137;479.94;87.3;203.648
0.200645722;461.91;87.3;203.648
0.194283261;425.89;87.3;203.648
0.192523484;416.3;87.3;203.648
0.186906689;397.2;87.3;203.648
0.187711119;377.9;87.3;203.648
0.188467305;354;87.3;203.648
0.194317938;350.06;87.3;203.648
0.207329933;351.01;87.3;203.648
0.22736599;352.77;87.3;203.648
0.224104888;350.05;87.3;203.648
0.204972852;355.17;87.3;203.648
0.18508934;339.94;87.3;203.648
0.180274693;309;87.3;203.648
0.180429399;249.58;87.3;203.648
0.191166428;136.72;87.3;203.648
0.185332036;84.93;87.3;203.648
0.181505906;74.02;87.3;203.648
0.176904388;164.37;87.3;203.648
0.182887885;268.13;87.3;203.648
0.203171579;343.52;87.3;203.648
0.206279365;415.9;87.3;203.648
0.217457313;454.91;87.3;203.648
0.21091941;459.96;87.3;203.648
0.207656622;462.6;87.3;203.648
0.194621035;455.42;87.3;203.648
0.182935115;407.48;87.3;203.648
0.175896651;375.03;87.3;203.648
0.172591533;361.09;87.3;203.639
0.181039245;360.64;87.3;203.639
0.186253913;350;87.3;203.639
0.188512541;352.99;87.3;203.639
0.201847675;363.59;87.3;203.639
0.225911946;381.41;87.3;203.639
0.22663323;429.12;87.3;203.639
0.210415409;467.34;87.3;203.639
0.195388275;452.8;87.3;203.639
0.193112774;431.41;87.3;203.639
0.185040411;407.06;87.3;203.639
0.189934393;402.31;87.3;203.639
0.183965976;392.13;87.3;203.639
0.187508999;392.77;87.3;203.639
0.183809755;380.09;87.3;203.639
0.184885156;400.05;87.3;203.639
0.198880024;448.84;87.3;203.639
0.212779133;495;87.3;203.639
0.232780291;520.01;87.3;203.639
0.220754904;555.72;87.3;203.639
0.210660614;536.69;87.3;203.639
0.199601986;507;87.3;203.639
0.184009492;475.42;87.3;203.639
0.175562611;465.26;87.3;203.639
0.17468774;430.65;87.3;212.846
0.179483728;430.94;87.3;212.846
0.175599316;416.42;87.3;212.846
0.181272049;422.59;87.3;212.846
0.203156707;440.99;87.3;212.846
0.223904786;502.52;87.3;212.846
0.225391248;517.99;87.3;212.846
0.211664773;514.9;87.3;212.846
0.198806082;488.44;87.3;212.846
0.194708567;450;87.3;212.846
0.196414285;424.95;87.3;212.846
0.202423052;417.08;87.3;212.846
0.195107441;410.06;87.3;212.846
0.193160329;410.09;87.3;212.846
0.193005375;418.06;87.3;212.846
0.196608891;442.53;87.3;212.846
0.204460881;506.91;87.3;212.846
0.213429295;600.05;87.3;212.846
0.232782412;664.89;87.3;212.846
0.212196092;662.05;87.3;212.846
0.201636586;648.38;87.3;212.846
0.197413972;580;87.3;212.846
0.192140844;513.28;87.3;212.846
0.181959366;523.94;87.3;212.846
0.17446567;483.88;87.3;235.643
0.172757539;472.13;87.3;235.643
0.175728792;459.22;87.3;235.643
0.17957004;463.42;87.3;235.643
0.192218123;489.64;87.3;235.643
0.209837678;547.74;87.3;235.643
0.222434908;597.04;87.3;235.643
0.217298931;616.33;87.3;235.643
0.200698516;575.1;87.3;235.643
0.201258078;549.97;87.3;235.643
0.198991552;526.89;87.3;235.643
0.205633656;509.09;87.3;235.643
0.194582657;500;87.3;235.643
0.192302534;493.09;87.3;235.643
0.193811104;509.47;87.3;235.643
0.193028575;541.6;87.3;235.643
0.189321336;593.3;87.3;235.643
0.200498241;676.04;87.3;235.643
0.214832289;747.93;87.3;235.643
0.213879993;681;87.3;235.643
0.215303675;629.09;87.3;235.643
0.20482209;552.03;87.3;235.643
0.194756906;508.92;87.3;235.643
0.188177297;523.92;87.3;235.643
0.188430727;479.9;87.3;231.385
0.196120205;480;87.3;231.385
0.198048056;474.46;87.3;231.385
0.200323484;478.13;87.3;231.385
0.200635469;499.24;87.3;231.385
0.20226739;550;87.3;231.385
0.206064253;598.9;87.3;231.385
0.218304389;620.1;87.3;231.385
0.2248135;613.59;87.3;231.385
0.238364016;610.19;87.3;231.385
0.238973836;577.65;87.3;231.385
0.245418884;559.87;87.3;231.385
0.225323424;563.11;87.3;231.385
0.216693125;543.34;87.3;231.385
0.211841946;541.9;87.3;231.385
0.215749705;586.23;87.3;231.385
0.213673143;593.97;87.3;231.385
0.214256517;642.99;87.3;231.385
0.22792423;657.98;87.3;231.385
0.21080372;646.96;87.3;231.385
0.207089029;600.06;87.3;231.385
0.204861117;562.82;87.3;231.385
0.203096921;524.93;87.3;231.385
0.197370946;510.09;87.3;231.385
0.192199683;467.63;87.3;234.537
0.186864466;450.1;87.3;234.537
0.184881409;434.14;87.3;234.537
0.186517975;439.39;87.3;234.537
0.188776012;469.62;87.3;234.537
0.195209493;528.21;87.3;234.537
0.203587799;571.24;87.3;234.537
0.22059415;587.56;87.3;234.537
0.223591461;575;87.3;234.537
0.229318673;566;87.3;234.537
0.226002764;547.26;94.48;234.537
0.235308875;527.8;96.87;234.537
0.222828843;488.24;96.87;234.537
0.220924489;461.14;96.87;234.537
0.218692537;461.17;96.87;234.537
0.218499137;490.86;96.87;234.537
0.215550782;517.42;96.87;234.537
0.227176595;545.56;96.87;234.537
0.259661759;568.99;96.87;234.537
0.247878091;569.4;96.87;234.537
0.236406437;550;96.87;234.537
0.21668216;530.58;96.87;234.537
0.195772807;504.93;96.87;234.537
0.185775054;512.09;96.87;234.537
0.181394184;500.05;96.87;243.841
0.179527862;480.09;96.87;243.841
0.181389859;460.04;96.87;243.841
0.191058188;452.61;96.87;243.841
0.215393715;452.15;96.87;243.841
0.24466984;471.69;96.87;243.841
0.259322018;475.03;96.87;243.841
0.2258051;484.93;96.87;243.841
0.201581256;480.02;96.87;243.841
0.194528848;464.5;96.87;243.841
0.189210389;443.19;96.87;243.841
0.195312904;432.48;96.87;243.841
0.192239359;364.68;96.87;243.841
0.194984543;344.13;96.87;243.841
0.196460657;339.28;96.87;243.841
0.198811327;361.23;96.87;243.841
0.209023459;402.56;96.87;243.841
0.217712406;475.06;96.87;243.841
0.236883943;529.91;96.87;243.841
0.216842289;552.48;96.87;243.841
0.210102255;540.09;96.87;243.841
0.213550556;514.12;96.87;243.841
0.209757919;458.96;96.87;243.841
0.201122603;430.27;96.87;243.841
0.199355076;381;96.87;243.841
0.199205533;374.94;96.87;243.841
0.204482089;344.27;96.87;243.841
0.211979089;323;96.87;243.841
0.236872617;324.07;96.87;243.841
0.268329152;365.99;96.87;243.841
0.270054799;348.35;96.87;243.841
0.239909071;332;96.87;243.841
0.211526808;317.26;96.87;243.841
0.199763079;254.52;96.87;243.841
0.197506839;176.88;96.87;243.841
0.200114254;97.31;96.87;243.841
0.193258166;77.46;96.87;243.841
0.191838622;97.34;96.87;243.841
0.192801498;204.21;96.87;243.841
0.195468513;313.88;96.87;243.841
0.205019863;455;96.87;243.841
0.224301864;530;96.87;243.841
0.248276423;592;96.87;243.841
0.230339461;623.89;96.87;243.841
0.232444353;609.96;96.87;243.841
0.240689755;595.46;96.87;243.841
0.236090259;570.11;96.87;243.841
0.226969518;504.25;96.87;243.841
0.230419504;477.42;96.87;244.68
0.232461052;467.94;96.87;244.68
0.233576748;447.93;96.87;244.68
0.238767171;450.02;96.87;244.68
0.260669266;497.08;96.87;244.68
0.291993703;561.74;96.87;244.68
0.274289335;599.9;96.87;244.68
0.23622564;610;96.87;244.68
0.206696298;595.59;96.87;244.68
0.201173178;583.46;96.87;244.68
0.196863987;567.5;96.87;244.68
0.203873061;534.3;96.87;244.68
0.197279393;540.91;96.87;244.68
0.195740177;557.06;96.87;244.68
0.194048562;577.2;96.87;244.68
0.199392033;586.67;96.87;244.68
0.213855041;613.55;96.87;244.68
0.225952544;640;96.87;244.68
0.244616558;675.55;96.87;244.68
0.229009379;679.97;96.87;244.68
0.219625687;629.63;96.87;244.68
0.211819812;588.86;96.87;244.68
0.193896897;545;96.87;244.68
0.189378261;550;96.87;244.68
0.184487415;504.73;96.87;282.309
0.183378311;507;96.87;282.309
0.184156171;500.57;96.87;282.309
0.186850988;503.32;96.87;282.309
0.207482475;531.02;96.87;282.309
0.248966243;627.95;96.87;282.309
0.25239952;668.21;96.87;282.309
0.225591493;680;96.87;282.309
0.203964702;640.1;96.87;282.309
0.196231059;614.01;96.87;282.309
0.190486925;551.4;96.87;282.309
0.198057792;518.71;96.87;282.309
0.189814367;518.46;96.87;282.309
0.19268292;549.81;96.87;282.309
0.195746866;572.78;96.87;282.309
0.200062841;604.43;96.87;282.309
0.209532464;648.15;96.87;282.309
0.217862473;713.65;96.87;282.309
0.241885445;794.95;96.87;282.309
0.23373613;771;96.87;282.309
0.230761737;708.83;96.87;282.309
0.217750663;644;96.87;282.309
0.201562485;599.99;96.87;282.309
0.195380692;581.8;96.87;282.309
0.194083782;550;96.87;272.212
0.194174608;550.19;96.87;272.212
0.191850026;535.98;96.87;272.212
0.193091686;539.01;96.87;272.212
0.214074916;574.18;96.87;272.212
0.255542263;648;96.87;272.212
0.249239259;683.25;96.87;272.212
0.231711976;694.26;96.87;272.212
0.211290106;649.92;96.87;272.212
0.207150683;588.06;96.87;272.212
0.202472694;576.89;96.87;272.212
0.208820454;516.12;96.87;272.212
0.19968352;541.97;96.87;272.212
0.199212213;545.11;96.87;272.212
0.202147469;577.34;96.87;272.212
0.205417107;613.48;96.87;272.212
0.212867677;672.33;96.87;272.212
0.231441273;750;96.87;272.212
0.243714153;850;96.87;272.212
0.220910556;783.56;96.87;272.212
0.209352947;724.96;96.87;272.212
0.206256661;659.37;96.87;272.212
0.207928026;578.42;96.87;272.212
0.208849246;535.2;96.87;272.212
0.208631601;522.92;96.87;283.492
0.209249712;520.07;96.87;283.492
0.209427912;513.06;96.87;283.492
0.210242938;518.6;96.87;283.492
0.212796768;530.07;96.87;283.492
0.213904182;606.61;96.87;283.492
0.218121253;668.24;96.87;283.492
0.229372253;689.87;96.87;283.492
0.226915917;639.34;96.87;283.492
0.232423983;576.99;96.87;283.492
0.229592726;535.04;96.87;283.492
0.226701148;505.88;96.87;283.492
0.21933382;504.19;96.87;283.492
0.212687485;502.59;96.87;283.492
0.208417962;524.96;96.87;283.492
0.210538394;564.35;96.87;283.492
0.224477093;686.8;96.87;283.492
0.237120541;714.23;96.87;283.492
0.242855659;766.79;96.87;283.492
0.229741687;760;96.87;283.492
0.232084875;710;96.87;283.492
0.243242688;673.4;96.87;283.492
0.239651629;626.73;96.87;283.492
0.230728736;607.15;96.87;283.492
0.226528612;580.07;96.87;312.156
0.222554967;572.53;96.87;312.156
0.217357651;571.04;96.87;312.156
0.212803445;569.21;96.87;312.156
0.21461594;598.99;96.87;312.156
0.223115082;750;96.87;312.156
0.233203568;769.23;96.87;312.156
0.243633181;802.99;96.87;312.156
0.243369588;781.62;96.87;312.156
0.237078227;763.2;96.87;312.156
0.237659083;750.03;91.39;312.156
0.238352336;702.33;89.56;312.156
0.223678833;676.88;89.56;312.156
0.221676495;643.55;89.56;312.156
0.227315714;665.93;89.56;312.156
0.240281009;685.56;89.56;312.156
0.261258881;750.01;89.56;312.156
0.268531065;770;89.56;312.156
0.291825179;780;89.56;312.156
0.27601718;778.54;89.56;312.156
0.264198719;770;89.56;312.156
0.25370837;747.74;89.56;312.156
0.243238112;700;89.56;312.156
0.231178157;685.14;89.56;312.156
0.229188903;644.2;89.56;312.137
0.230532789;636.8;89.56;312.137
0.23275191;587.9;89.56;312.137
0.235275069;563.47;89.56;312.137
0.25800414;573.1;89.56;312.137
0.30440719;580.9;89.56;312.137
0.295104474;636;89.56;312.137
0.257288123;682.59;89.56;312.137
0.224150652;685.95;89.56;312.137
0.22117787;660.75;89.56;312.137
0.217725575;601.84;89.56;312.137
0.219826854;578.03;89.56;312.137
0.210210046;488.82;89.56;312.137
0.207738691;500.16;89.56;312.137
0.204476149;461.73;89.56;312.137
0.212133684;489.19;89.56;312.137
0.225244043;554.67;89.56;312.137
0.236132247;669.91;89.56;312.137
0.267824851;704.62;89.56;312.137
0.266516619;700.06;89.56;312.137
0.267761905;665.98;89.56;312.137
0.247251397;659.94;89.56;312.137
0.229562822;576.39;89.56;312.137
0.216774674;585.03;89.56;312.137
0.213036056;491.4;89.56;312.137
0.213062408;467.7;89.56;312.137
0.212755215;430;89.56;312.137
0.211556744;425.97;89.56;312.137
0.222345309;409.92;89.56;312.137
0.25554888;427.29;89.56;312.137
0.245291818;441.91;89.56;312.137
0.22372899;467.45;89.56;312.137
0.201173034;437.62;89.56;312.137
0.203834992;275.09;89.56;312.137
0.201858139;256.88;89.56;312.137
0.208006781;115.98;89.56;312.137
0.200314831;75.8;89.56;312.137
0.198960659;13.29;89.56;312.137
0.198197059;62.16;89.56;312.137
0.205850125;105.92;89.56;312.137
0.211012971;336.2;89.56;312.137
0.223942884;579.24;89.56;312.137
0.252203466;676.4;89.56;312.137
0.246259463;700.75;89.56;312.137
0.243465195;646.06;89.56;312.137
0.224189794;606.7;89.56;312.137
0.205204984;590.03;89.56;312.137
0.203799681;590.85;89.56;312.137
0.207915288;544.14;89.56;312.137
0.208287132;523.3;89.56;312.137
0.20871651;521.03;89.56;312.137
0.209817981;516.07;89.56;312.137
0.224094975;582.36;89.56;312.137
0.257583987;696.75;89.56;312.137
0.252840059;769.92;89.56;312.137
0.219111241;793.99;89.56;312.137
0.19447177;668.06;89.56;312.137
0.188733606;661.36;89.56;312.137
0.183975708;574.27;89.56;312.137
0.196458832;548.77;89.56;312.137
0.184946654;553.42;89.56;312.137
0.183647051;541.57;89.56;312.137
0.183789912;548.41;89.56;312.137
0.193034201;645.73;89.56;312.137
0.197361543;773.91;89.56;312.137
0.213421683;837.66;89.56;312.137
0.237806038;871;89.56;312.137
0.23138424;860.89;89.56;312.137
0.232727912;800;89.56;312.137
0.232303488;762.48;89.56;312.137
0.224108681;615.91;89.56;312.137
0.213584938;617.49;89.56;312.137
0.211392453;595.07;89.56;313.553
0.210209255;585.01;89.56;313.553
0.209143536;584.96;89.56;313.553
0.211897962;594.99;89.56;313.553
0.227400431;612.55;89.56;313.553
0.263544831;763.3;89.56;313.553
0.265335745;778.06;89.56;313.553
0.240664423;791.31;89.56;313.553
0.20995787;759.95;89.56;313.553
0.199442901;664.79;89.56;313.553
0.1929903;580.26;89.56;313.553
0.199262894;569.34;89.56;313.553
0.193534076;571.95;89.56;313.553
0.192615272;553.98;89.56;313.553
0.196385388;581.3;89.56;313.553
0.203997849;573.89;89.56;313.553
0.214876773;746.77;89.56;313.553
0.221977203;793.71;89.56;313.553
0.248166012;855.46;89.56;313.553
0.228892505;765.99;89.56;313.553
0.22868211;705;89.56;313.553
0.228495985;626.74;89.56;313.553
0.208977656;573.8;89.56;313.553
0.197657527;531.48;89.56;313.553
0.196487031;523.31;89.56;262.711
0.196061076;541.87;89.56;262.711
0.193012049;498.16;89.56;262.711
0.190105656;541.83;89.56;262.711
0.211866305;543.26;89.56;262.711
0.258562158;649.99;89.56;262.711
0.25931101;724.46;89.56;262.711
0.239428253;736.97;89.56;262.711
0.211297781;697.72;89.56;262.711
0.204754538;633.31;89.56;262.711
0.199234175;644.83;89.56;262.711
0.202513211;552.93;89.56;262.711
0.195230237;529.08;89.56;262.711
0.197838059;496.98;89.56;262.711
0.201916466;519.64;89.56;262.711
0.211211452;541.81;89.56;262.711
0.21204949;641.74;89.56;262.711
0.220468287;720.67;89.56;262.711
0.235359838;750;89.56;262.711
0.219543497;714.45;89.56;262.711
0.216695193;677.26;89.56;262.711
0.215947897;563.52;89.56;262.711
0.207026926;532.51;89.56;262.711
0.199975164;490.77;89.56;262.711
0.191509922;484.36;89.56;244.325
0.19920287;486.34;89.56;244.325
0.21043635;480.02;89.56;244.325
0.221156396;495.18;89.56;244.325
0.226849749;532.8;89.56;244.325
0.244030723;644.71;89.56;244.325
0.245723548;669.21;89.56;244.325
0.26093761;665.46;89.56;244.325
0.25718223;614.15;89.56;244.325
0.257002388;567.93;89.56;244.325
0.236042684;522.02;89.56;244.325
0.233339801;495.26;89.56;244.325
0.22643759;491.55;89.56;244.325
0.227239636;511.25;89.56;244.325
0.221636478;539.65;89.56;244.325
0.220181453;559.97;89.56;244.325
0.221744547;631.45;89.56;244.325
0.222243629;686.23;89.56;244.325
0.235047747;729.9;89.56;244.325
0.218215057;702.09;89.56;244.325
0.224799998;640.72;89.56;244.325
0.229657661;572.54;89.56;244.325
0.23314155;495.19;89.56;244.325
0.23233566;456.05;89.56;244.325
0.233742869;418.74;89.56;229.117
0.239022418;395.35;89.56;229.117
0.242503438;362.68;89.56;229.117
0.248533661;391.73;89.56;229.117
0.2553548;445.42;89.56;229.117
0.257116253;532.08;89.56;229.117
0.256869929;566.1;89.56;229.117
0.26272703;581.97;89.56;229.117
0.258138236;529.89;89.56;229.117
0.258666534;497.53;89.56;229.117
0.251811951;404.22;81.2;229.117
0.244767008;260.08;78.41;229.117
0.223715384;238.59;78.41;229.117
0.213061136;244.16;78.41;229.117
0.205222696;309.98;78.41;229.117
0.21013644;367.53;78.41;229.117
0.219239168;489.39;78.41;229.117
0.234009101;550.1;78.41;229.117
0.262343482;574.34;78.41;229.117
0.245876379;562.86;78.41;229.117
0.244534693;401.96;78.41;229.117
0.2367169;343.25;78.41;229.117
0.248720883;210.06;78.41;229.117
0.249618791;230.18;78.41;229.117
0.251944247;244.97;78.41;194.61
0.249524895;262.46;78.41;194.61
0.25602977;249.99;78.41;194.61
0.260973706;235.3;78.41;194.61
0.284607869;291.67;78.41;194.61
0.330571969;275;78.41;194.61
0.319489905;370.08;78.41;194.61
0.260859573;400.43;78.41;194.61
0.21510027;378.67;78.41;194.61
0.212040835;206.73;78.41;194.61
0.20721739;128.28;78.41;194.61
0.214015152;75.27;78.41;194.61
0.206733069;51.01;78.41;194.61
0.204295411;77.55;78.41;194.61
0.203727542;165.93;78.41;194.61
0.207982838;249.98;78.41;194.61
0.220926816;401.54;78.41;194.61
0.23334277;453.63;78.41;194.61
0.270553131;530;78.41;194.61
0.259537965;514.93;78.41;194.61
0.25159888;411;78.41;194.61
0.246409583;381.71;78.41;194.61
0.243208117;319.72;78.41;194.61
0.238559951;210.27;78.41;194.61
0.239415887;204.77;78.41;194.61
0.243449958;200.05;78.41;194.61
0.247613589;204.16;78.41;194.61
0.253947444;220.08;78.41;194.61
0.266955712;222.72;78.41;194.61
0.307625718;211.07;78.41;194.61
0.310604734;226.39;78.41;194.61
0.276157069;209.95;78.41;194.61
0.235872564;183.72;78.41;194.61
0.221372343;125.91;78.41;194.61
0.217658958;83.97;78.41;194.61
0.224091232;72.61;78.41;194.61
0.21505153;52.91;78.41;194.61
0.217206277;65.48;78.41;194.61
0.215010523;86.63;78.41;194.61
0.219945664;204.12;78.41;194.61
0.237358506;375;78.41;194.61
0.254053427;455.47;78.41;194.61
0.270055749;509.93;78.41;194.61
0.255878583;509.93;78.41;194.61
0.2542113;445;78.41;194.61
0.24782512;409.67;78.41;194.61
0.250257727;335.28;78.41;194.61
0.249423955;269.25;78.41;194.61
0.24863226;220;78.41;194.04
0.257133292;212.45;78.41;194.04
0.264835941;222.84;78.41;194.04
0.273154409;239.33;78.41;194.04
0.295999525;367.52;78.41;194.04
0.339851528;459.9;78.41;194.04
0.331163302;506.5;78.41;194.04
0.292927656;519.93;78.41;194.04
0.251277678;470.49;78.41;194.04
0.238540436;400.99;78.41;194.04
0.222472964;308.08;78.41;194.04
0.217428653;250.01;78.41;194.04
0.201989473;182.56;78.41;194.04
0.200786735;204.1;78.41;194.04
0.202483636;267.37;78.41;194.04
0.210525302;346.51;78.41;194.04
0.229812649;487.05;78.41;194.04
0.235176297;564.27;78.41;194.04
0.250619219;601.62;78.41;194.04
0.247808533;523.03;78.41;194.04
0.257892236;420.15;78.41;194.04
0.258517027;309.49;78.41;194.04
0.250547266;225.45;78.41;194.04
0.249726864;273.51;78.41;194.04
0.253758002;298.29;78.41;233.347
0.258327473;275.68;78.41;233.347
0.265366244;282.87;78.41;233.347
0.282098545;286.75;78.41;233.347
0.318575085;340.91;78.41;233.347
0.371278434;513.03;78.41;233.347
0.362046899;553.88;78.41;233.347
0.323798183;561.75;78.41;233.347
0.269562148;478.46;78.41;233.347
0.252820262;431.07;78.41;233.347
0.227430056;304.49;78.41;233.347
0.223323602;255.17;78.41;233.347
0.206597211;267.1;78.41;233.347
0.20267353;279.92;78.41;233.347
0.204965601;363.97;78.41;233.347
0.208741785;443.33;78.41;233.347
0.21768733;525.81;78.41;233.347
0.229427334;564.44;78.41;233.347
0.245805842;633.97;78.41;233.347
0.229531929;594;78.41;233.347
0.241782284;530.03;78.41;233.347
0.249479393;484.81;78.41;233.347
0.241392617;471.21;78.41;233.347
0.233959969;415.26;78.41;233.347
0.229627564;384.07;78.41;212.006
0.239988593;367.45;78.41;212.006
0.250309657;366.11;78.41;212.006
0.269647001;387.67;78.41;212.006
0.299165563;394.01;78.41;212.006
0.346328315;484.68;78.41;212.006
0.331259604;519.9;78.41;212.006
0.288079611;524.77;78.41;212.006
0.243032044;501.18;78.41;212.006
0.223240998;469.94;78.41;212.006
0.20559136;450.38;78.41;212.006
0.207449475;392.98;78.41;212.006
0.198004236;390.39;78.41;212.006
0.199211585;396.65;78.41;212.006
0.198854166;399.97;78.41;212.006
0.208077807;445.33;78.41;212.006
0.212457677;521.75;78.41;212.006
0.223703573;576.75;78.41;212.006
0.231857344;633.49;78.41;212.006
0.211400737;599.98;78.41;212.006
0.209471567;551.3;78.41;212.006
0.208252952;486.44;78.41;212.006
0.196984736;438.87;78.41;212.006
0.187965881;442.12;78.41;212.006
0.18219223;407.83;78.41;215.547
0.181291794;400.35;78.41;215.547
0.179637624;382.07;78.41;215.547
0.190747439;379.29;78.41;215.547
0.208777686;404.13;78.41;215.547
0.222310089;500.91;78.41;215.547
0.22401719;520;78.41;215.547
0.242464749;524.06;78.41;215.547
0.232174798;509.98;78.41;215.547
0.23447353;483.69;78.41;215.547
0.236526004;455.56;78.41;215.547
0.22969384;432.9;78.41;215.547
0.216216513;399.93;78.41;215.547
0.211120845;392.84;78.41;215.547
0.207441384;394.96;78.41;215.547
0.215939264;403.04;78.41;215.547
0.21613514;450.15;78.41;215.547
0.213084093;504.91;78.41;215.547
0.226454333;525.82;78.41;215.547
0.210645645;510.24;78.41;215.547
0.210754488;479.91;78.41;215.547
0.21871362;394.55;78.41;215.547
0.217343085;345.17;78.41;215.547
0.209824712;300.01;78.41;215.547
0.210031294;238.2;78.41;198.332
0.21123261;205.01;78.41;198.332
0.215733115;192.6;78.41;198.332
0.219036194;226.87;78.41;198.332
0.223720558;278.7;78.41;198.332
0.223616647;375.58;78.41;198.332
0.227595254;431;78.41;198.332
0.243442206;431.46;78.41;198.332
0.24380868;401.74;78.41;198.332
0.231449555;353.07;78.41;198.332
0.224448966;329.86;68.51;198.332
0.229432127;339.76;65.21;198.332
0.220274095;292.47;65.21;198.332
0.209524045;293.88;65.21;198.332
0.202212603;291.02;65.21;198.332
0.208041089;364.23;65.21;198.332
0.216195358;390;65.21;198.332
0.233621587;435.31;65.21;198.332
0.248071491;467.35;65.21;198.332
0.228249288;465;65.21;198.332
0.221413169;419.95;65.21;198.332
0.221498893;398.29;65.21;198.332
0.208770057;375.44;65.21;198.332
0.200597312;400.85;65.21;198.332
0.199996261;359.09;65.21;193.91
0.200894812;352.09;65.21;193.91
0.202517679;348.07;65.21;193.91
0.206870568;348.09;65.21;193.91
0.232519736;356.04;65.21;193.91
0.272053729;381.3;65.21;193.91
0.263445857;411.07;65.21;193.91
0.223688633;427.72;65.21;193.91
0.201175683;429.18;65.21;193.91
0.201458661;419.9;65.21;193.91
0.198698348;418.36;65.21;193.91
0.202903482;399.98;65.21;193.91
0.192644777;355;65.21;193.91
0.189694687;348.99;65.21;193.91
0.192278785;353.39;65.21;193.91
0.196011129;371.98;65.21;193.91
0.211670209;436.24;65.21;193.91
0.225909935;469.52;65.21;193.91
0.235280055;491.86;65.21;193.91
0.229507291;483.98;65.21;193.91
0.237400241;459.95;65.21;193.91
0.229918169;443.97;65.21;193.91
0.210153995;437.01;65.21;193.91
0.19763536;421.45;65.21;193.91
0.19418224;385.07;65.21;193.91
0.194713167;385.06;65.21;193.91
0.200023739;369.22;65.21;193.91
0.204597574;358.54;65.21;193.91
0.229681885;369.02;65.21;193.91
0.263091509;379.02;65.21;193.91
0.265140723;385.01;65.21;193.91
0.222515811;402.13;65.21;193.91
0.199534017;402.13;65.21;193.91
0.197710454;388.5;65.21;193.91
0.197775181;380.04;65.21;193.91
0.204509494;360;65.21;193.91
0.194689261;295;65.21;193.91
0.193001155;251.8;65.21;193.91
0.194550163;297;65.21;193.91
0.206934101;343.1;65.21;193.91
0.231874847;404.32;65.21;193.91
0.252996607;459.99;65.21;193.91
0.270736063;505.94;65.21;193.91
0.251858978;517.2;65.21;193.91
0.236056754;484.94;65.21;193.91
0.219671151;451.26;65.21;193.91
0.203363614;400;65.21;193.91
0.189616636;347.09;65.21;193.91
0.190737561;355.48;65.21;194.45
0.197846379;355;65.21;194.45
0.209521857;349.9;65.21;194.45
0.22521188;353.39;65.21;194.45
0.261226851;389.05;65.21;194.45
0.30566744;466.11;65.21;194.45
0.300509037;502.68;65.21;194.45
0.264617323;502.29;65.21;194.45
0.225023224;458.97;65.21;194.45
0.216064506;405.02;65.21;194.45
0.194999272;359.35;65.21;194.45
0.192037989;351.33;65.21;194.45
0.185323509;329.91;65.21;194.45
0.184955177;336.94;65.21;194.45
0.189762272;344.22;65.21;194.45
0.201580605;385.97;65.21;194.45
0.218497764;471.71;65.21;194.45
0.228201823;515;65.21;194.45
0.245573687;540.64;65.21;194.45
0.246074038;515.64;65.21;194.45
0.243329522;443.31;65.21;194.45
0.233377232;369;65.21;194.45
0.219820537;344.74;65.21;194.45
0.209950022;345.06;65.21;194.45
0.209082622;294.93;65.21;186.644
0.208107032;282.3;65.21;186.644
0.212416893;295.04;65.21;186.644
0.223813256;302.86;65.21;186.644
0.25343918;338.74;65.21;186.644
0.303191511;421.1;65.21;186.644
0.300128746;447.28;65.21;186.644
0.265444153;461.19;65.21;186.644
0.23942661;449.78;65.21;186.644
0.228260923;422.29;65.21;186.644
0.218892212;429.55;65.21;186.644
0.218783071;335.95;65.21;186.644
0.205903205;325.35;65.21;186.644
0.206009362;331.05;65.21;186.644
0.209182315;344.96;65.21;186.644
0.21238516;364.53;65.21;186.644
0.221561976;450.11;65.21;186.644
0.235941524;503.46;65.21;186.644
0.279031765;520.95;65.21;186.644
0.27964128;521.15;65.21;186.644
0.271844742;459.13;65.21;186.644
0.261167655;425.21;65.21;186.644
0.258927833;344.91;65.21;186.644
0.252655196;345.08;65.21;186.644
0.248657343;329.47;65.21;189.042
0.250564595;339.9;65.21;189.042
0.254718076;335.64;65.21;189.042
0.264917018;343.29;65.21;189.042
0.287810732;377.77;65.21;189.042
0.326879935;468.6;65.21;189.042
0.327935337;506.06;65.21;189.042
0.289481573;571.51;65.21;189.042
0.247710009;545.08;65.21;189.042
0.244676644;505.76;65.21;189.042
0.23777623;503.5;65.21;189.042
0.232441468;485.02;65.21;189.042
0.218243795;454.41;65.21;189.042
0.216593805;435.15;65.21;189.042
0.215575307;448.28;65.21;189.042
0.220687729;485.94;65.21;189.042
0.230646633;502.08;65.21;189.042
0.245165239;550.97;65.21;189.042
0.266227525;630.25;65.21;189.042
0.250527149;540.31;65.21;189.042
0.244151219;460.34;65.21;189.042
0.235707463;421.71;65.21;189.042
0.226336311;353.41;65.21;189.042
0.218918752;391.63;65.21;189.042
0.215355467;338.77;65.21;210.517
0.216636433;317.25;65.21;210.517
0.220229447;301.87;65.21;210.517
0.220933888;271.99;65.21;210.517
0.227262152;322.58;65.21;210.517
0.25211979;450;65.21;210.517
0.268558301;465.56;65.21;210.517
0.290644312;500.1;65.21;210.517
0.271843954;470.74;65.21;210.517
0.273753464;420.61;65.21;210.517
0.25399174;375.02;65.21;210.517
0.247934245;330.87;65.21;210.517
0.228192677;302.5;65.21;210.517
0.227698943;297.03;65.21;210.517
0.228538802;260.82;65.21;210.517
0.23728467;274.7;65.21;210.517
0.248022431;366.08;65.21;210.517
0.264238543;457.8;65.21;210.517
0.29530672;464.19;65.21;210.517
0.287039467;460.33;65.21;210.517
0.289794395;405.79;65.21;210.517
0.297373068;364.46;65.21;210.517
0.29256798;254.09;65.21;210.517
0.289139862;182.6;65.21;210.517
0.282496299;163.73;65.21;212.864
0.280514841;140.92;65.21;212.864
0.284036195;138.26;65.21;212.864
0.291094381;142.59;65.21;212.864
0.297849169;211.52;65.21;212.864
0.311701517;354.1;65.21;212.864
0.317378178;421.07;65.21;212.864
0.327760852;446;65.21;212.864
0.310713143;333.78;65.21;212.864
0.305637285;190.32;65.21;212.864
0.279573412;111.86;69.55;212.864
0.279361577;80.95;71;212.864
0.266344072;67.84;71;212.864
0.25919363;38.19;71;212.864
0.252019797;43.97;71;212.864
0.25502558;83.09;71;212.864
0.282174933;149.92;71;212.864
0.297573844;313.75;71;212.864
0.324911734;363.93;71;212.864
0.306706945;350;71;212.864
0.29437284;219.56;71;212.864
0.285361409;160.86;71;212.864
0.267878743;119.91;71;212.864
0.26193932;92.62;71;212.864
0.257803433;80.24;71;170.953
0.256746014;71.17;71;170.953
0.255948374;80.2;71;170.953
0.259786726;71.11;71;170.953
0.288087627;72.69;71;170.953
0.329472138;82.24;71;170.953
0.326904538;86;71;170.953
0.300978352;97.88;71;170.953
0.271908495;74.03;71;170.953
0.256543074;79.55;71;170.953
0.242960147;60.06;71;170.953
0.242433659;43.92;71;170.953
0.233683421;5.09;71;170.953
0.236992996;7.13;71;170.953
0.239265423;2;71;170.953
0.247190258;35.18;71;170.953
0.257504534;66.72;71;170.953
0.277153294;104.5;71;170.953
0.313377104;144.33;71;170.953
0.298257119;106.36;71;170.953
0.296320674;72.68;71;170.953
0.289369019;70.42;71;170.953
0.279580144;44.28;71;170.953
0.261075159;26.62;71;170.953
0.254007006;27.06;71;170.953
0.249793876;22.19;71;170.953
0.252823737;27.17;71;170.953
0.259564752;34.02;71;170.953
0.284299835;31.59;71;170.953
0.316981582;22;71;170.953
0.307471374;60.05;71;170.953
0.271949291;74.57;71;170.953
0.246046697;67.95;71;170.953
0.244063853;72.55;71;170.953
0.237336725;72.46;71;170.953
0.239552366;68.49;71;170.953
0.228044433;35.37;71;170.953
0.224768945;20.02;71;170.953
0.219362275;33.97;71;170.953
0.231142726;47.93;71;170.953
0.247585974;81.73;71;170.953
0.273101654;182.5;71;170.953
0.296386124;201.92;71;170.953
0.288907854;214.68;71;170.953
0.294016985;182.75;71;170.953
0.288825936;149.5;71;170.953
0.282948539;113.28;71;170.953
0.272574529;83.82;71;170.953
0.270808989;97.02;71;171.008
0.276771548;84.28;71;171.008
0.278626421;83.89;71;171.008
0.279987325;98.33;71;171.008
0.298603072;169.4;71;171.008
0.350207253;344.87;71;171.008
0.335430999;400.03;71;171.008
0.300356373;415.38;71;171.008
0.269623389;355;71;171.008
0.271956801;325.98;71;171.008
0.255201481;230.69;71;171.008
0.258420855;190.78;71;171.008
0.24035532;153.35;71;171.008
0.246616115;170.13;71;171.008
0.250466777;215.41;71;171.008
0.259850682;228.15;71;171.008
0.276395657;350;71;171.008
0.28426694;407.43;71;171.008
0.307363248;442.05;71;171.008
0.292811522;420.05;71;171.008
0.294776766;375;71;171.008
0.286967195;342.68;71;171.008
0.270846896;296.69;71;171.008
0.264145703;261.77;71;171.008
0.264153054;260.1;71;164.889
0.271512181;275.39;71;164.889
0.275874028;262.47;71;164.889
0.276462549;260.1;71;164.889
0.298127805;278.3;71;164.889
0.343913893;375;71;164.889
0.337284843;433;71;164.889
0.318189343;440.76;71;164.889
0.296790366;401.65;71;164.889
0.294699543;364.15;71;164.889
0.273942968;344.3;71;164.889
0.272633141;318.48;71;164.889
0.256072233;306.78;71;164.889
0.259838503;308.31;71;164.889
0.264260107;325.61;71;164.889
0.271980298;355.69;71;164.889
0.291957704;420.7;71;164.889
0.304005449;469.05;71;164.889
0.343278114;580.61;71;164.889
0.349387881;508.1;71;164.889
0.367999902;429.9;71;164.889
0.36653665;388.2;71;164.889
0.353126353;353.78;71;164.889
0.343074602;310.3;71;164.889
0.347663165;299.58;71;170.398
0.350652469;299.54;71;170.398
0.356797235;299.58;71;170.398
0.368348679;297.28;71;170.398
0.388289485;340.94;71;170.398
0.429360613;427.01;71;170.398
0.422656727;534.75;71;170.398
0.385660659;527.71;71;170.398
0.342331727;429.07;71;170.398
0.32776681;358.15;71;170.398
0.296086482;321.62;71;170.398
0.281841378;298.37;71;170.398
0.26029283;302.26;71;170.398
0.263574513;311.38;71;170.398
0.269424021;331.88;71;170.398
0.292484978;364.32;71;170.398
0.298378186;406.74;71;170.398
0.294317384;470;71;170.398
0.314092659;574.51;71;170.398
0.314236027;490.53;71;170.398
0.352030915;403.66;71;170.398
0.37795422;370;71;170.398
0.390102501;349.39;71;170.398
0.391920304;373.07;71;170.398
0.386722422;339.41;71;185.602
0.387697738;330.08;71;185.602
0.392430286;310.94;71;185.602
0.395576397;322.2;71;185.602
0.40465414;360;71;185.602
0.428566373;435.1;71;185.602
0.444796753;536.03;71;185.602
0.446763591;498.8;71;185.602
0.421276738;387.88;71;185.602
0.39384274;333.9;71;185.602
0.32942773;301;71;185.602
0.301885792;294.36;71;185.602
0.277668635;275.84;71;185.602
0.275310263;288.07;71;185.602
0.27293691;310.94;71;185.602
0.279313326;376.92;71;185.602
0.291416435;437.74;71;185.602
0.300752208;493.68;71;185.602
0.328709359;600;71;185.602
0.326233498;510;71;185.602
0.341783762;418.38;71;185.602
0.348257365;396.34;71;185.602
0.349091953;378.69;71;185.602
0.34265782;352.56;71;185.602
0.335775462;320.23;71;175.829
0.328076008;312.58;71;175.829
0.321482453;300.48;71;175.829
0.323054219;303.12;71;175.829
0.329025339;324.57;71;175.829
0.349313176;410.66;71;175.829
0.359497601;455.29;71;175.829
0.382704345;424.57;71;175.829
0.372337209;376.02;71;175.829
0.370025372;350.92;71;175.829
0.329671372;338.56;68.42;175.829
0.300068913;318.16;67.56;175.829
0.26423228;295.3;67.56;175.829
0.268665302;324.92;67.56;175.829
0.267267264;330.76;67.56;175.829
0.279968428;372.14;67.56;175.829
0.30282612;422.09;67.56;175.829
0.325924675;460.13;67.56;175.829
0.344779873;473.02;67.56;175.829
0.319880852;435.61;67.56;175.829
0.319851527;395.48;67.56;175.829
0.325693188;381.86;67.56;175.829
0.312114119;360.93;67.56;175.829
0.305209808;377.94;67.56;175.829
0.309579776;344.12;67.56;167.866
0.322728781;312.03;67.56;167.866
0.340844488;307.23;67.56;167.866
0.358652779;306.29;67.56;167.866
0.393028344;312.74;67.56;167.866
0.448092347;345.2;67.56;167.866
0.442576965;371.78;67.56;167.866
0.399993928;370.66;67.56;167.866
0.356235083;375.15;67.56;167.866
0.343409661;369.93;67.56;167.866
0.31148834;363.49;67.56;167.866
0.310851594;330;67.56;167.866
0.28442265;298.29;67.56;167.866
0.279578662;299;67.56;167.866
0.281367124;317.11;67.56;167.866
0.304722787;357;67.56;167.866
0.326942908;374.47;67.56;167.866
0.350030691;409.63;67.56;167.866
0.384022588;427.76;67.56;167.866
0.359437485;407.68;67.56;167.866
0.351080382;371.55;67.56;167.866
0.34306887;362.73;67.56;167.866
0.33682935;314.97;67.56;167.866
0.33297448;268.66;67.56;167.866
0.330065499;230;67.56;167.866
0.324823364;215.24;67.56;167.866
0.328771065;215.16;67.56;167.866
0.334090718;194.4;67.56;167.866
0.355954211;197.6;67.56;167.866
0.398939308;228.14;67.56;167.866
0.394978723;239.9;67.56;167.866
0.364353537;278.74;67.56;167.866
0.340644195;291.6;67.56;167.866
0.337352834;271.97;67.56;167.866
0.3112676;277;67.56;167.866
0.302282811;266.48;67.56;167.866
0.269733003;238.34;67.56;167.866
0.263775422;211.34;67.56;167.866
0.252548066;218.59;67.56;167.866
0.254643335;266.2;67.56;167.866
0.275809329;328.13;67.56;167.866
0.302006882;380.09;67.56;167.866
0.344894491;412.03;67.56;167.866
0.345815076;393.92;67.56;167.866
0.362961826;369.97;67.56;167.866
0.348016052;348.17;67.56;167.866
0.341174795;294.43;67.56;167.866
0.348723877;248.77;67.56;167.866
0.352771559;179.85;67.56;169.689
0.343945679;156.84;67.56;169.689
0.327668171;121.24;67.56;169.689
0.318014531;98.22;67.56;169.689
0.339622568;155.92;67.56;169.689
0.384556176;244.59;67.56;169.689
0.390786934;333.89;67.56;169.689
0.364309761;329.99;67.56;169.689
0.336328247;291.5;67.56;169.689
0.328122058;259.75;67.56;169.689
0.290578049;217.48;67.56;169.689
0.27433032;162.98;67.56;169.689
0.24908162;173.93;67.56;169.689
0.241760221;154.25;67.56;169.689
0.229649229;165.24;67.56;169.689
0.241362239;197.39;67.56;169.689
0.279732854;309.08;67.56;169.689
0.318917687;389.01;67.56;169.689
0.355996983;419.01;67.56;169.689
0.352006123;396.58;67.56;169.689
0.354761759;329.7;67.56;169.689
0.33576046;303.08;67.56;169.689
0.317023827;263.91;67.56;169.689
0.297525602;190.95;67.56;169.689
0.29214049;180.24;67.56;166.093
0.301400336;169.8;67.56;166.093
0.305585784;151.3;67.56;166.093
0.306813177;167.35;67.56;166.093
0.326335103;209.97;67.56;166.093
0.376265075;327.48;67.56;166.093
0.36926173;415.95;67.56;166.093
0.337125532;443.51;67.56;166.093
0.301780155;412.29;67.56;166.093
0.282373911;366.86;67.56;166.093
0.258204483;351.37;67.56;166.093
0.254981215;301.37;67.56;166.093
0.24144731;293.27;67.56;166.093
0.252680706;288.65;67.56;166.093
0.266173407;295.21;67.56;166.093
0.297172187;308.29;67.56;166.093
0.328968655;365.3;67.56;166.093
0.33904988;381.5;67.56;166.093
0.368769679;418.99;67.56;166.093
0.352550192;400.52;67.56;166.093
0.348869076;351.43;67.56;166.093
0.32808328;333.69;67.56;166.093
0.315116853;319.71;67.56;166.093
0.305083936;306.42;67.56;166.093
0.304936927;275.78;67.56;189.562
0.309462929;245.94;67.56;189.562
0.31042589;242.98;67.56;189.562
0.311320376;273.77;67.56;189.562
0.331927396;307.13;67.56;189.562
0.374610743;383.17;67.56;189.562
0.38263281;472.63;67.56;189.562
0.350041368;500.38;67.56;189.562
0.329700177;429.91;67.56;189.562
0.319966154;409.97;67.56;189.562
0.308148924;394.6;67.56;189.562
0.309711747;353.76;67.56;189.562
0.307990766;346.45;67.56;189.562
0.317884634;331.8;67.56;189.562
0.330068792;357.91;67.56;189.562
0.342524708;384.98;67.56;189.562
0.353343287;435.59;67.56;189.562
0.360869522;510.79;67.56;189.562
0.383374114;640.42;67.56;189.562
0.367552597;510;67.56;189.562
0.368290661;419.99;67.56;189.562
0.356841638;372.61;67.56;189.562
0.335964854;361.8;67.56;189.562
0.323954634;351.45;67.56;189.562
0.322828892;336.51;67.56;200.991
0.333790102;326.14;67.56;200.991
0.338886873;315.19;67.56;200.991
0.350876873;320;67.56;200.991
0.357115149;345.53;67.56;200.991
0.369151902;440.07;67.56;200.991
0.375665985;569.93;67.56;200.991
0.413896892;583.44;67.56;200.991
0.421241397;478.2;67.56;200.991
0.405602054;443.38;67.56;200.991
0.350368975;377.86;67.56;200.991
0.339679645;394.98;67.56;200.991
0.316212802;344.25;67.56;200.991
0.314508173;335.99;67.56;200.991
0.322170956;368.94;67.56;200.991
0.344819562;389.75;67.56;200.991
0.363517944;445.01;67.56;200.991
0.352315678;523.19;67.56;200.991
0.37591611;605;67.56;200.991
0.361098937;520;67.56;200.991
0.371589606;424.99;67.56;200.991
0.362848332;397.03;67.56;200.991
0.356796256;374.46;67.56;200.991
0.354081112;349.44;67.56;200.991
0.347411878;336.1;67.56;184.858
0.346629822;325.03;67.56;184.858
0.34877919;322.42;67.56;184.858
0.352485751;324.8;67.56;184.858
0.362973643;348.44;67.56;184.858
0.389101417;429.99;67.56;184.858
0.412939157;524;67.56;184.858
0.435339441;538.92;67.56;184.858
0.426671297;431.37;67.56;184.858
0.409170812;376.35;67.56;184.858
0.364504666;334.17;67.04;184.858
0.345882102;279.01;66.87;184.858
0.328661538;252.2;66.87;184.858
0.348425581;200.03;66.87;184.858
0.340318827;195.36;66.87;184.858
0.359450348;218.23;66.87;184.858
0.367826102;306.61;66.87;184.858
0.362200103;365.85;66.87;184.858
0.390703214;356.73;66.87;184.858
0.375595732;308.23;66.87;184.858
0.382956412;192.44;66.87;184.858
0.370340841;164;66.87;184.858
0.352445947;91.95;66.87;184.858
0.33730947;64.41;66.87;184.858
0.334234049;63.59;66.87;164.578
0.335102828;50;66.87;164.578
0.341128181;21.48;66.87;164.578
0.348598588;16.91;66.87;164.578
0.382224393;15.03;66.87;164.578
0.437109105;15.02;66.87;164.578
0.42449905;23.84;66.87;164.578
0.388764062;45.02;66.87;164.578
0.348334973;73.05;66.87;164.578
0.34050202;109.85;66.87;164.578
0.311798422;106.77;66.87;164.578
0.31014609;90;66.87;164.578
0.28904752;74.04;66.87;164.578
0.283295779;66.16;66.87;164.578
0.276931037;66.9;66.87;164.578
0.296230603;69.82;66.87;164.578
0.318024818;137.8;66.87;164.578
0.341678051;169.32;66.87;164.578
0.364351761;195.77;66.87;164.578
0.349535821;180.27;66.87;164.578
0.368058576;144.9;66.87;164.578
0.365799295;110.29;66.87;164.578
0.337626147;77.45;66.87;164.578
0.320289447;64.54;66.87;164.578
0.311465686;64.04;66.87;164.578
0.312242015;58.24;66.87;164.578
0.318396442;61.95;66.87;164.578
0.324116923;59.19;66.87;164.578
0.353583408;59.53;66.87;164.578
0.394168954;59.38;66.87;164.578
0.396325916;59.17;66.87;164.578
0.3632109;85.03;66.87;164.578
0.334763815;92;66.87;164.578
0.33502776;74.15;66.87;164.578
0.30971574;62.08;66.87;164.578
0.305750075;57.47;66.87;164.578
0.293320701;56.37;66.87;164.578
0.315049517;64.55;66.87;164.578
0.314524794;67.01;66.87;164.578
0.325062501;91.36;66.87;164.578
0.345157074;192.05;66.87;164.578
0.35963523;280;66.87;164.578
0.40069603;311.72;66.87;164.578
0.40016993;289.98;66.87;164.578
0.4033691;230.47;66.87;164.578
0.385654298;162.7;66.87;164.578
0.382045211;150.92;66.87;164.578
0.362535891;80.84;66.87;164.578
0.347859222;94.04;66.87;164.097
0.341979211;82.92;66.87;164.097
0.339584822;84.27;66.87;164.097
0.346401052;95.21;66.87;164.097
0.370491266;126.95;66.87;164.097
0.423918453;192.68;66.87;164.097
0.436344811;279.94;66.87;164.097
0.395019156;304.1;66.87;164.097
0.344883124;243.02;66.87;164.097
0.346708347;193.73;66.87;164.097
0.332932696;117.1;66.87;164.097
0.32353641;100;66.87;164.097
0.286466782;121.96;66.87;164.097
0.287165565;83.43;66.87;164.097
0.292149558;140.3;66.87;164.097
0.31553716;204.07;66.87;164.097
0.345087895;322.59;66.87;164.097
0.36295717;391.11;66.87;164.097
0.400653585;466.62;66.87;164.097
0.408419601;379.85;66.87;164.097
0.424690829;321.3;66.87;164.097
0.426187278;318.42;66.87;164.097
0.405946384;279.93;66.87;164.097
0.391296785;205.48;66.87;164.097
0.382569122;188.59;66.87;140.882
0.375896266;187.67;66.87;140.882
0.381267658;169.1;66.87;140.882
0.400095708;187.69;66.87;140.882
0.439758331;196.92;66.87;140.882
0.499900983;329.97;66.87;140.882
0.51377233;427.5;66.87;140.882
0.491664202;497.39;66.87;140.882
0.44705917;317.09;66.87;140.882
0.423055732;258.9;66.87;140.882
0.365529953;217.24;66.87;140.882
0.335192979;161.91;66.87;140.882
0.295325317;150.69;66.87;140.882
0.291804552;140.07;66.87;140.882
0.29540198;144.08;66.87;140.882
0.309267229;182.98;66.87;140.882
0.329202341;261.1;66.87;140.882
0.354407581;376.44;66.87;140.882
0.396226364;447.11;66.87;140.882
0.372791358;319.09;66.87;140.882
0.355525595;229.25;66.87;140.882
0.334536105;176.97;66.87;140.882
0.317131681;138.12;66.87;140.882
0.300515688;139.99;66.87;140.882
0.293863194;103.36;66.87;107.251
0.286012638;96.27;66.87;107.251
0.285329189;89.09;66.87;107.251
0.292995877;109.9;66.87;107.251
0.317327583;82.67;66.87;107.251
0.368854564;178;66.87;107.251
0.360740097;226.24;66.87;107.251
0.337858995;225;66.87;107.251
0.303194141;190.5;66.87;107.251
0.291228244;107.23;66.87;107.251
0.270760911;58.01;66.87;107.251
0.255648452;36.23;66.87;107.251
0.236054498;3.91;66.87;107.251
0.239339488;0.38;66.87;107.251
0.258919103;12.46;66.87;107.251
0.282655134;59.83;66.87;107.251
0.306508558;112.43;66.87;107.251
0.317318983;183.75;66.87;107.251
0.33112741;170.06;66.87;107.251
0.314446235;108.51;66.87;107.251
0.318668356;63.84;66.87;107.251
0.311441925;63.92;66.87;107.251
0.296010308;54.98;66.87;107.251
0.296819026;0.93;66.87;107.251
0.292600252;0.39;66.87;91.862
0.294127384;0.1;66.87;91.862
0.29025734;0.49;66.87;91.862
0.284411918;0.5;66.87;91.862
0.28129105;36.01;66.87;91.862
0.291701196;90.1;66.87;91.862
0.303340983;148.09;66.87;91.862
0.337722285;149.11;66.87;91.862
0.360021182;72.97;66.87;91.862
0.37985592;62.9;66.87;91.862
0.360854485;9.23;66.87;91.862
0.325912616;8.54;66.87;91.862
0.293228316;9.04;66.87;91.862
0.284884042;33.29;66.87;91.862
0.291573339;61.25;66.87;91.862
0.317813101;72.65;66.87;91.862
0.33651691;190.83;66.87;91.862
0.336534696;297.27;66.87;91.862
0.345694627;360.08;66.87;91.862
0.334350323;274.09;66.87;91.862
0.332584611;190.56;66.87;91.862
0.327725151;175.38;66.87;91.862
0.326378513;175.37;66.87;91.862
0.323647356;178.95;66.87;91.862
0.313422375;145.4;66.87;122.21
0.30315491;145.73;66.87;122.21
0.308684648;148.52;66.87;122.21
0.312126936;151;66.87;122.21
0.324791272;172.83;66.87;122.21
0.345233684;209.57;66.87;122.21
0.365690862;301.66;66.87;122.21
0.400849515;250.11;66.87;122.21
0.413371928;188.96;66.87;122.21
0.417621473;160.65;66.87;122.21
0.372194196;76.4;67.36;122.21
0.358161302;66.64;67.52;122.21
0.33343424;64.02;67.52;122.21
0.311053371;64.9;67.52;122.21
0.29475496;72.71;67.52;122.21
0.304861954;143.89;67.52;122.21
0.324553942;205.28;67.52;122.21
0.355604082;252.56;67.52;122.21
0.397903421;289.47;67.52;122.21
0.404233176;197.57;67.52;122.21
0.414635867;155.02;67.52;122.21
0.408878593;169.49;67.52;122.21
0.385553557;122.03;67.52;122.21
0.357637708;131.32;67.52;122.21
0.354406985;114.67;67.52;117.656
0.348720003;117.62;67.52;117.656
0.339912266;121.91;67.52;117.656
0.340088285;119.99;67.52;117.656
0.357338751;130.05;67.52;117.656
0.397491433;116.89;67.52;117.656
0.405200812;142.86;67.52;117.656
0.37653494;167.72;67.52;117.656
0.353662251;191.09;67.52;117.656
0.353826611;165.29;67.52;117.656
0.339141581;106.03;67.52;117.656
0.334527738;68.36;67.52;117.656
0.299019804;49.58;67.52;117.656
0.290671479;45.91;67.52;117.656
0.287052071;78.34;67.52;117.656
0.301495235;76.42;67.52;117.656
0.328877852;166.4;67.52;117.656
0.345385757;244.64;67.52;117.656
0.368391714;302.03;67.52;117.656
0.361841845;229.95;67.52;117.656
0.378226243;231.06;67.52;117.656
0.360219742;189.32;67.52;117.656
0.351567071;180.66;67.52;117.656
0.339137094;216.13;67.52;117.656
0.335366277;195.02;67.52;117.656
0.343177442;189.41;67.52;117.656
0.349859268;162.1;67.52;117.656
0.351287854;141.95;67.52;117.656
0.369693761;147.12;67.52;117.656
0.399947633;153;67.52;117.656
0.386999156;195.68;67.52;117.656
0.359689352;196.7;67.52;117.656
0.33520956;150.85;67.52;117.656
0.335307317;116;67.52;117.656
0.295137654;87.69;67.52;117.656
0.278643339;60.1;67.52;117.656
0.244873599;51.6;67.52;117.656
0.250589497;56.51;67.52;117.656
0.251162218;80.09;67.52;117.656
0.258827836;132.38;67.52;117.656
0.276013508;183.08;67.52;117.656
0.292454278;198.84;67.52;117.656
0.34830816;258.74;67.52;117.656
0.351180766;178.58;67.52;117.656
0.362779377;147.61;67.52;117.656
0.351878927;122.35;67.52;117.656
0.342621041;99.86;67.52;117.656
0.339489355;69.37;67.52;117.656
0.3389017;70.87;67.52;119.323
0.345482897;70.83;67.52;119.323
0.347063007;70.89;67.52;119.323
0.355292158;80.67;67.52;119.323
0.381572535;141.4;67.52;119.323
0.429417558;167.79;67.52;119.323
0.428619637;227.26;67.52;119.323
0.4020018;266.36;67.52;119.323
0.373254844;217.18;67.52;119.323
0.355728825;165.03;67.52;119.323
0.296444726;160.58;67.52;119.323
0.273107434;133.46;67.52;119.323
0.249627627;131.08;67.52;119.323
0.260539187;131.17;67.52;119.323
0.267315518;139.37;67.52;119.323
0.279186014;158.86;67.52;119.323
0.314315905;210.58;67.52;119.323
0.333345046;247.81;67.52;119.323
0.352305206;276.74;67.52;119.323
0.338310456;227.97;67.52;119.323
0.345686223;197.78;67.52;119.323
0.333424216;167.77;67.52;119.323
0.310037807;159.34;67.52;119.323
0.301710951;155;67.52;119.323
0.299871971;174.3;67.52;105.449
0.292269442;174.3;67.52;105.449
0.291837271;171.54;67.52;105.449
0.305663426;170.13;67.52;105.449
0.354984702;169.2;67.52;105.449
0.42924665;253.98;67.52;105.449
0.46039322;299.91;67.52;105.449
0.429474242;348.98;67.52;105.449
0.378202837;300.72;67.52;105.449
0.357530894;258.72;67.52;105.449
0.311359567;239.35;67.52;105.449
0.309808273;206.75;67.52;105.449
0.291832288;203.35;67.52;105.449
0.314797773;207.92;67.52;105.449
0.320254706;225.26;67.52;105.449
0.332466738;258.95;67.52;105.449
0.361434686;323.9;67.52;105.449
0.378646153;442.72;67.52;105.449
0.410985382;484.75;67.52;105.449
0.41808525;351.65;67.52;105.449
0.446224616;295.02;67.52;105.449
0.445968473;262.03;67.52;105.449
0.436644421;258.54;67.52;105.449
0.442106936;236.57;67.52;105.449
0.452580552;222.21;67.52;106.853
0.459617933;207.56;67.52;106.853
0.463418619;198.99;67.52;106.853
0.465031316;219.9;67.52;106.853
0.483665337;240.68;67.52;106.853
0.527895579;307.75;67.52;106.853
0.546235843;480.12;67.52;106.853
0.518316004;479.3;67.52;106.853
0.463260346;334.03;67.52;106.853
0.426833329;283.73;67.52;106.853
0.363929248;232.08;67.52;106.853
0.339827195;213.64;67.52;106.853
0.298290268;217.9;67.52;106.853
0.303107024;217.58;67.52;106.853
0.310009416;224.31;67.52;106.853
0.33472198;241.53;67.52;106.853
0.368563081;295.09;67.52;106.853
0.381079637;378.4;67.52;106.853
0.414563933;479.97;67.52;106.853
0.403303304;324.38;67.52;106.853
0.411802642;273.02;67.52;106.853
0.398948396;243.55;67.52;106.853
0.393712011;228.57;67.52;106.853
0.396831603;218.66;67.52;106.853
0.407599072;210;67.52;105.416
0.409428115;193.8;67.52;105.416
0.401870951;182.96;67.52;105.416
0.394221035;195.02;67.52;105.416
0.393079714;218.46;67.52;105.416
0.404167793;257.47;67.52;105.416
0.416452535;285.81;67.52;105.416
0.447566264;332.53;67.52;105.416
0.433271093;301.56;67.52;105.416
0.424535469;280.05;67.52;105.416
0.37814595;277.7;67.52;105.416
0.35485847;262.7;67.52;105.416
0.322179621;254.99;67.52;105.416
0.313279534;255;67.52;105.416
0.302986555;263.58;67.52;105.416
0.321608464;267.05;67.52;105.416
0.336863366;292.35;67.52;105.416
0.348209239;319.66;67.52;105.416
0.381771561;343.7;67.52;105.416
0.376731844;290.1;67.52;105.416
0.3742654;248.54;67.52;105.416
0.364303755;225.19;67.52;105.416
0.359709112;202.06;67.52;105.416
0.368120205;231.32;67.52;105.416
0.371075997;219.6;67.52;98.389
0.368046486;212.12;67.52;98.389
0.367082208;211.62;67.52;98.389
0.368538667;218.92;67.52;98.389
0.366160865;229.49;67.52;98.389
0.377693325;278.37;67.52;98.389
0.394871129;350;67.52;98.389
0.430420381;412.65;67.52;98.389
0.435051818;327.39;67.52;98.389
0.437521711;297.26;67.52;98.389
0.387031906;282.41;67.66;98.389
0.3509619;262.01;67.7;98.389
0.317503606;238.37;67.7;98.389
0.317065282;221.42;67.7;98.389
0.321479731;242.69;67.7;98.389
0.328875351;258.6;67.7;98.389
0.351978795;274;67.7;98.389
0.377302132;290;67.7;98.389
0.40963186;299.3;67.7;98.389
0.39112412;266.99;67.7;98.389
0.411994934;217.94;67.7;98.389
0.408045276;220.03;67.7;98.389
0.376582106;193;67.7;98.389
0.346323919;191.76;67.7;98.389
0.335500664;174;67.7;70.556
0.327186577;163.8;67.7;70.556
0.321028485;144.74;67.7;70.556
0.322510927;139.9;67.7;70.556
0.351012684;133.36;67.7;70.556
0.405294488;147.49;67.7;70.556
0.395786386;159.44;67.7;70.556
0.371254977;186.62;67.7;70.556
0.338691472;199.33;67.7;70.556
0.328629039;185.09;67.7;70.556
0.299757379;160;67.7;70.556
0.299765704;144.91;67.7;70.556
0.284817764;136.57;67.7;70.556
0.294453351;118.78;67.7;70.556
0.297295428;120;67.7;70.556
0.311449983;133.21;67.7;70.556
0.34906603;169.45;67.7;70.556
0.379629208;184.83;67.7;70.556
0.385266154;195.73;67.7;70.556
0.373661399;158.04;67.7;70.556
0.381791689;143.39;67.7;70.556
0.375970233;140.08;67.7;70.556
0.357320717;128.71;67.7;70.556
0.34055353;76.54;67.7;70.556
0.341019747;67.9;67.7;70.556
0.34517089;65.99;67.7;70.556
0.349411484;69.44;67.7;70.556
0.358766238;79.12;67.7;70.556
0.385606057;75.55;67.7;70.556
0.432624109;71.4;67.7;70.556
0.433637025;75.95;67.7;70.556
0.383506922;87.58;67.7;70.556
0.347255118;84.83;67.7;70.556
0.320131185;75.32;67.7;70.556
0.308813364;67.51;67.7;70.556
0.309240356;51.01;67.7;70.556
0.290448429;12.49;67.7;70.556
0.295821202;16.74;67.7;70.556
0.307437366;64.99;67.7;70.556
0.322981664;75.44;67.7;70.556
0.343861848;168.01;67.7;70.556
0.360621288;195.27;67.7;70.556
0.385200765;222.87;67.7;70.556
0.396408099;177.16;67.7;70.556
0.420218813;144.96;67.7;70.556
0.415582068;140.04;67.7;70.556
0.394625805;134.55;67.7;70.556
0.363842206;128.31;67.7;70.556
0.35184371;114.41;67.7;72.295
0.352720926;105.65;67.7;72.295
0.355896614;89.64;67.7;72.295
0.353680883;86.14;67.7;72.295
0.378364209;108.44;67.7;72.295
0.430206299;129.28;67.7;72.295
0.442067443;158.64;67.7;72.295
0.429665229;182.42;67.7;72.295
0.408426314;161.1;67.7;72.295
0.395748799;128.32;67.7;72.295
0.354037437;128.92;67.7;72.295
0.336126886;117.49;67.7;72.295
0.313588765;117.64;67.7;72.295
0.320678735;123.27;67.7;72.295
0.327753641;139.38;67.7;72.295
0.348463235;169.71;67.7;72.295
0.381401079;222.32;67.7;72.295
0.399569275;266.23;67.7;72.295
0.415294044;272.22;67.7;72.295
0.388470513;229.93;67.7;72.295
0.387692264;175.42;67.7;72.295
0.370981562;162.65;67.7;72.295
0.346190409;145.02;67.7;72.295
0.3347221;141.64;67.7;72.295
0.327463148;135.71;67.7;62.112
0.317404253;140.35;67.7;62.112
0.316734075;139.95;67.7;62.112
0.326151498;150.3;67.7;62.112
0.352906889;149.51;67.7;62.112
0.410628034;198.47;67.7;62.112
0.425247928;258.73;67.7;62.112
0.406228118;277.3;67.7;62.112
0.390159993;242.16;67.7;62.112
0.396927099;201.96;67.7;62.112
0.372279477;180.01;67.7;62.112
0.368590569;167.15;67.7;62.112
0.345510815;152.92;67.7;62.112
0.338996263;145.93;67.7;62.112
0.332247196;153.57;67.7;62.112
0.359776613;158.83;67.7;62.112
0.399925249;219.78;67.7;62.112
0.431201681;245.16;67.7;62.112
0.468569662;251.43;67.7;62.112
0.479032219;201.05;67.7;62.112
0.493447799;167.09;67.7;62.112
0.474935623;163.29;67.7;62.112
0.453294668;153.92;67.7;62.112
0.451134693;131.62;67.7;62.112
0.462365471;125.18;67.7;60.722
0.472814583;121.42;67.7;60.722
0.486762497;125.12;67.7;60.722
0.505268222;133.18;67.7;60.722
0.550975503;148.6;67.7;60.722
0.608840992;169.43;67.7;60.722
0.640639201;240.65;67.7;60.722
0.646131561;247.74;67.7;60.722
0.604058762;216.69;67.7;60.722
0.576197781;187.31;67.7;60.722
0.50870609;174.76;68.39;60.722
0.489217662;152.62;68.62;60.722
0.454443803;148.19;68.62;60.722
0.45102456;142.48;68.62;60.722
0.432741911;151.26;68.62;60.722
0.447140182;168.93;68.62;60.722
0.48371724;197.84;68.62;60.722
0.477953924;240.16;68.62;60.722
0.534480841;226.92;68.62;60.722
0.537190816;166.5;68.62;60.722
0.572630598;146.57;68.62;60.722
0.562071499;148.15;68.62;60.722
0.557132993;131.57;68.62;60.722
0.570591814;127.53;68.62;60.722
0.573756349;114.89;68.62;70.452
0.564397773;77.39;68.62;70.452
0.552707717;76.02;68.62;70.452
0.541765304;71.97;68.62;70.452
0.539257881;112.34;68.62;70.452
0.561362717;149.52;68.62;70.452
0.592057134;172.71;68.62;70.452
0.628265242;195.81;68.62;70.452
0.630319926;167.65;68.62;70.452
0.627343705;167.41;68.62;70.452
0.553161357;155.51;68.62;70.452
0.492475671;132.2;68.62;70.452
0.415672235;129.66;68.62;70.452
0.405606184;130.3;68.62;70.452
0.408179474;138.61;68.62;70.452
0.425405083;149.14;68.62;70.452
0.459398985;169.34;68.62;70.452
0.451070218;177.68;68.62;70.452
0.492805863;184.05;68.62;70.452
0.507416937;167.18;68.62;70.452
0.584260585;141.48;68.62;70.452
0.598593508;132.73;68.62;70.452
0.579800712;124.11;68.62;70.452
0.569009129;131.73;68.62;70.452
0.582110984;118.62;68.62;63.773
0.575844988;113.36;68.62;63.773
0.540430982;111.01;68.62;63.773
0.510764074;115.97;68.62;63.773
0.493584628;136.36;68.62;63.773
0.518799269;155.77;68.62;63.773
0.531411;180.85;68.62;63.773
0.553906646;194.58;68.62;63.773
0.542530789;194.62;68.62;63.773
0.527185866;181.74;68.62;63.773
0.452288912;177.96;68.08;63.773
0.433274288;174.07;67.9;63.773
0.409655081;166.5;67.9;63.773
0.424972359;168.96;67.9;63.773
0.416997003;171.07;67.9;63.773
0.431736309;178.83;67.9;63.773
0.446354667;197.18;67.9;63.773
0.432581081;201.49;67.9;63.773
0.449584454;209.94;67.9;63.773
0.418462596;179.04;67.9;63.773
0.43647385;164.6;67.9;63.773
0.406667086;155.34;67.9;63.773
0.378591235;143.21;67.9;63.773
0.360079216;143.22;67.9;63.773
0.358256792;132.71;67.9;46.188
0.349925933;129.03;67.9;46.188
0.348030319;132.49;67.9;46.188
0.356530246;132.74;67.9;46.188
0.39073857;134.9;67.9;46.188
0.449696827;133.8;67.9;46.188
0.462450091;141.2;67.9;46.188
0.456766965;145.49;67.9;46.188
0.434333658;145.6;67.9;46.188
0.439651504;140.45;67.9;46.188
0.402127204;132.35;67.9;46.188
0.394691409;129.14;67.9;46.188
0.358481069;121.17;67.9;46.188
0.378468949;114.85;67.9;46.188
0.380105932;116.8;67.9;46.188
0.390091128;132.8;67.9;46.188
0.422458103;159.12;67.9;46.188
0.42545423;179.13;67.9;46.188
0.452043681;183.23;67.9;46.188
0.434794132;164.16;67.9;46.188
0.437238836;143;67.9;46.188
0.425562226;137.01;67.9;46.188
0.40222357;132.42;67.9;46.188
0.390416385;110.66;67.9;46.188
0.38149229;99.15;67.9;46.188
0.383351651;93.54;67.9;46.188
0.385418934;90;67.9;46.188
0.396162553;92.21;67.9;46.188
0.41997172;88.55;67.9;46.188
0.479089586;104.8;67.9;46.188
0.462109266;110;67.9;46.188
0.443937273;121.46;67.9;46.188
0.429053809;114.86;67.9;46.188
0.441300413;96;67.9;46.188
0.420197374;93.23;67.9;46.188
0.407882076;83.47;67.9;46.188
0.38657593;76.17;67.9;46.188
0.402108725;78.31;67.9;46.188
0.399793486;80.02;67.9;46.188
0.395910264;89.23;67.9;46.188
0.411098055;103.87;67.9;46.188
0.425740929;112.44;67.9;46.188
0.442720187;115.49;67.9;46.188
0.440317721;102.98;67.9;46.188
0.462939756;87.33;67.9;46.188
0.426393157;80.71;67.9;46.188
0.396711474;73.53;67.9;46.188
0.381645755;52.81;67.9;46.188
0.388949946;49.82;67.9;48.243
0.392407696;38.08;67.9;48.243
0.392960001;25.08;67.9;48.243
0.395253104;38.07;67.9;48.243
0.430197574;52.33;67.9;48.243
0.480502349;68.29;67.9;48.243
0.475923415;103.69;67.9;48.243
0.449591605;122.1;67.9;48.243
0.408931315;108.91;67.9;48.243
0.40655236;104.75;67.9;48.243
0.364364411;81.49;67.9;48.243
0.3637817;68.1;67.9;48.243
0.337262874;67.82;67.9;48.243
0.335954087;68.19;67.9;48.243
0.331605241;76.16;67.9;48.243
0.354540332;82.5;67.9;48.243
0.37904038;109.98;67.9;48.243
0.379756482;122.27;67.9;48.243
0.400491947;134.3;67.9;48.243
0.389443488;109.23;67.9;48.243
0.388148493;86.73;67.9;48.243
0.368210478;85.67;67.9;48.243
0.341395172;78.4;67.9;48.243
0.329082932;56.93;67.9;48.243
0.321608354;50.59;67.9;32.476
0.324948849;56.49;67.9;32.476
0.32801015;56.19;67.9;32.476
0.340045312;67.4;67.9;32.476
0.364284689;70.67;67.9;32.476
0.41805674;86.88;67.9;32.476
0.433798;118.65;67.9;32.476
0.413398822;139.43;67.9;32.476
0.395926429;126.17;67.9;32.476
0.387051477;102.21;67.9;32.476
0.346007066;100.1;67.9;32.476
0.342640016;93.81;67.9;32.476
0.32337811;78.72;67.9;32.476
0.32524151;79.98;67.9;32.476
0.323772076;92.11;67.9;32.476
0.356943622;115.6;67.9;32.476
0.395600798;154.83;67.9;32.476
0.407258034;180.31;67.9;32.476
0.426227262;186.33;67.9;32.476
0.416115756;152.7;67.9;32.476
0.425093382;130.43;67.9;32.476
0.413405893;120.67;67.9;32.476
0.395922589;112.33;67.9;32.476
0.381242017;97.6;67.9;32.476
0.381102864;91.39;67.9;39.904
0.375428511;88.23;67.9;39.904
0.370915601;88.69;67.9;39.904
0.366720976;96.53;67.9;39.904
0.380705312;107.51;67.9;39.904
0.439184795;128.04;67.9;39.904
0.446796214;154.98;67.9;39.904
0.421663065;162.1;67.9;39.904
0.396582019;150.06;67.9;39.904
0.388246612;133.31;67.9;39.904
0.348329038;118.58;67.9;39.904
0.343141745;112.49;67.9;39.904
0.333351431;115.93;67.9;39.904
0.346871376;118.53;67.9;39.904
0.35360055;124.91;67.9;39.904
0.365373965;146.98;67.9;39.904
0.38996543;144.72;67.9;39.904
0.399343642;154.9;67.9;39.904
0.427131748;151.81;67.9;39.904
0.417038814;127.65;67.9;39.904
0.413423211;109.99;67.9;39.904
0.402013432;98.47;67.9;39.904
0.388609183;90.1;67.9;39.904
0.385479153;91.91;67.9;39.904
0.384315903;96.11;67.9;49.657
0.382782219;98.14;67.9;49.657
0.384984693;96.01;67.9;49.657
0.387075356;98.34;67.9;49.657
0.39920894;114.44;67.9;49.657
0.410077945;136.72;67.9;49.657
0.409946327;176.79;67.9;49.657
0.428537401;177.25;67.9;49.657
0.442485059;145.1;67.9;49.657
0.474881559;130.36;67.9;49.657
0.453725732;118.81;67.9;49.657
0.418541894;107.59;67.9;49.657
0.377433571;100.86;67.9;49.657
0.369124413;105.72;67.9;49.657
0.368830493;120.06;67.9;49.657
0.379862723;140.69;67.9;49.657
0.385129312;159.56;67.9;49.657
0.362214674;154.95;67.9;49.657
0.379328017;143.61;67.9;49.657
0.360581527;131.82;67.9;49.657
0.371379921;128;67.9;49.657
0.375070424;121.34;67.9;49.657
0.360896632;98.29;67.9;49.657
0.351314792;88.18;67.9;49.657
0.359840371;87.55;67.9;37.635
0.355881156;88.18;67.9;37.635
0.344879979;88.04;67.9;37.635
0.333698467;89.21;67.9;37.635
0.333466381;92.85;67.9;37.635
0.347310182;114.91;67.9;37.635
0.354758934;127.59;67.9;37.635
0.388222312;133.94;67.9;37.635
0.404466365;123.58;67.9;37.635
0.444991272;119.6;67.9;37.635
0.415483347;104.99;77.54;37.635
0.384707223;99.95;80.76;37.635
0.34010373;88.9;80.76;37.635
0.348119879;92.18;80.76;37.635
0.345643119;96.17;80.76;37.635
0.357950564;105.92;80.76;37.635
0.356422225;125.18;80.76;37.635
0.364373452;129.08;80.76;37.635
0.395009171;127.67;80.76;37.635
0.384045367;112.9;80.76;37.635
0.38387491;102.21;80.76;37.635
0.384353642;101.61;80.76;37.635
0.36585919;92.03;80.76;37.635
0.347004359;93.31;80.76;37.635
0.343339569;92.77;80.76;31.835
0.341353508;90.41;80.76;31.835
0.34502006;87.98;80.76;31.835
0.334007408;87;80.76;31.835
0.333759824;86.67;80.76;31.835
0.355431631;91.39;80.76;31.835
0.411193522;101.32;80.76;31.835
0.439325552;115.04;80.76;31.835
0.406614796;109;80.76;31.835
0.389393207;95.48;80.76;31.835
0.376239438;87;80.76;31.835
0.367542354;84.85;80.76;31.835
0.342652335;81.46;80.76;31.835
0.340725761;84.51;80.76;31.835
0.328394805;89.96;80.76;31.835
0.340851526;112.92;80.76;31.835
0.359750652;123.01;80.76;31.835
0.374165114;139.91;80.76;31.835
0.397554649;138.24;80.76;31.835
0.384971481;121.85;80.76;31.835
0.372127115;109.9;80.76;31.835
0.371970893;104.04;80.76;31.835
0.356407981;97.49;80.76;31.835
0.349027713;103.01;80.76;31.835
0.337040792;100.49;80.76;31.835
0.33028384;100.2;80.76;31.835
0.32999861;99.92;80.76;31.835
0.340048232;98.31;80.76;31.835
0.348525147;98.46;80.76;31.835
0.378354859;98.98;80.76;31.835
0.407073068;100.55;80.76;31.835
0.429015484;110.04;80.76;31.835
0.405464601;113.33;80.76;31.835
0.412594163;104.18;80.76;31.835
0.367074455;97.81;80.76;31.835
0.349616227;100.03;80.76;31.835
0.332581357;100;80.76;31.835
0.343305519;100;80.76;31.835
0.343023153;109.43;80.76;31.835
0.35148796;124.61;80.76;31.835
0.372511021;140.15;80.76;31.835
0.36197073;156;80.76;31.835
0.393966187;170.38;80.76;31.835
0.394343973;165;80.76;31.835
0.427356166;147.52;80.76;31.835
0.414606537;138.96;80.76;31.835
0.400412086;127;80.76;31.835
0.386843624;109.26;80.76;31.835
0.371348747;129.38;80.76;35.011
0.345784772;119.09;80.76;35.011
0.332715962;116.32;80.76;35.011
0.324275759;114.6;80.76;35.011
0.33100786;115.07;80.76;35.011
0.361303998;123.45;80.76;35.011
0.390574903;145.62;80.76;35.011
0.420600637;166.39;80.76;35.011
0.387311762;168;80.76;35.011
0.382210069;153.3;80.76;35.011
0.343544999;143.35;80.76;35.011
0.339831427;141.95;80.76;35.011
0.320924643;141.96;80.76;35.011
0.32215184;145.96;80.76;35.011
0.310582534;155;80.76;35.011
0.311690791;169.15;80.76;35.011
0.329680546;179.48;80.76;35.011
0.339333863;201.51;80.76;35.011
0.383138158;182.84;80.76;35.011
0.387082077;167.81;80.76;35.011
0.403907678;147.09;80.76;35.011
0.394096903;136.78;80.76;35.011
0.374695631;120.51;80.76;35.011
0.351863498;100.73;80.76;35.011
0.341148077;80.65;80.76;39.241
0.340413962;76.68;80.76;39.241
0.346536696;55.26;80.76;39.241
0.355543206;37;80.76;39.241
0.367130495;38.76;80.76;39.241
0.391099216;54.63;80.76;39.241
0.415900576;59.95;80.76;39.241
0.456232637;77.99;80.76;39.241
0.421854734;84.4;80.76;39.241
0.412919012;67.65;80.76;39.241
0.387063847;57.18;80.76;39.241
0.393925002;48.91;80.76;39.241
0.371345489;38.59;80.76;39.241
0.38975399;41.24;80.76;39.241
0.37370291;68.89;80.76;39.241
0.370802281;80;80.76;39.241
0.386313434;89.39;80.76;39.241
0.366679839;114.5;80.76;39.241
0.398216968;125.63;80.76;39.241
0.369170752;102.08;80.76;39.241
0.385743946;84.19;80.76;39.241
0.370423602;71.67;80.76;39.241
0.359001407;69.57;80.76;39.241
0.328718707;27.71;80.76;39.241
0.310058309;54.92;80.76;29.463
0.310580608;24.34;80.76;29.463
0.3180132;17.38;80.76;29.463
0.323011217;15.28;80.76;29.463
0.329040447;20.2;80.76;29.463
0.352298317;30.01;80.76;29.463
0.376787328;69.71;80.76;29.463
0.421820765;97.19;80.76;29.463
0.420113054;97.12;80.76;29.463
0.421225685;73.03;80.76;29.463
0.39193141;47.08;80.76;29.463
0.382741287;42.58;80.76;29.463
0.3534631;39.94;80.76;29.463
0.362764998;52.66;80.76;29.463
0.364452575;72.17;80.76;29.463
0.375272053;91.3;80.76;29.463
0.404354071;105.36;80.76;29.463
0.385808021;146.89;80.76;29.463
0.400938789;148.93;80.76;29.463
0.39169755;130;80.76;29.463
0.410511101;97.19;80.76;29.463
0.409149553;83.72;80.76;29.463
0.3951417;88.66;80.76;29.463
0.395689116;81.66;80.76;29.463
0.383578738;75.73;80.76;44.915
0.379296675;71.79;80.76;44.915
0.375702472;46.42;80.76;44.915
0.377567241;45.09;80.76;44.915
0.384477939;43.83;80.76;44.915
0.402022246;71.58;80.76;44.915
0.424463818;87.67;80.76;44.915
0.467854024;99.77;80.76;44.915
0.483665922;112.99;80.76;44.915
0.484605763;106.7;80.76;44.915
0.466120251;94.15;80.76;44.915
0.462616375;108.25;80.76;44.915
0.441407487;110.43;80.76;44.915
0.437783257;128.94;80.76;44.915
0.431746094;125.26;80.76;44.915
0.412132829;136.3;80.76;44.915
0.417630219;133.62;80.76;44.915
0.393861934;137.46;80.76;44.915
0.419721137;128.71;80.76;44.915
0.409376425;132.21;80.76;44.915
0.437822269;128.28;80.76;44.915
0.426340418;109.08;80.76;44.915
0.408203474;124.39;80.76;44.915
0.395179447;113.5;80.76;44.915
0.384171782;88.11;80.76;76.072
0.385037404;93.04;80.76;76.072
0.382962382;89.06;80.76;76.072
0.378403496;94.22;80.76;76.072
0.37548201;114.49;80.76;76.072
0.373444298;129.47;80.76;76.072
0.368734384;174.79;80.76;76.072
0.395941691;206.05;80.76;76.072
0.40616558;215.15;80.76;76.072
0.444497922;209.9;80.76;76.072
0.414580579;204.96;80.76;76.072
0.418232395;202.78;78.8;76.072
0.39586195;203.05;78.14;76.072
0.403344725;189.01;78.14;76.072
0.395360431;207.56;78.14;76.072
0.416922915;212.96;78.14;76.072
0.421585625;217.42;78.14;76.072
0.402374388;239.99;78.14;76.072
0.432370127;240.55;78.14;76.072
0.437191265;217.74;78.14;76.072
0.450284175;195.58;78.14;76.072
0.425923781;187;78.14;76.072
0.388973138;179.8;78.14;76.072
0.355960424;172.21;78.14;76.072
0.34069563;150.59;78.14;57.647
0.333150165;136.89;78.14;57.647
0.3273963;132.54;78.14;57.647
0.322549673;130.65;78.14;57.647
0.322575657;130.65;78.14;57.647
0.359740284;135;78.14;57.647
0.410974622;135.99;78.14;57.647
0.432515822;142.2;78.14;57.647
0.387002309;142.82;78.14;57.647
0.381874847;144.35;78.14;57.647
0.364636553;137.12;78.14;57.647
0.374569064;128.4;78.14;57.647
0.369719184;125.56;78.14;57.647
0.382542738;115.03;78.14;57.647
0.371288763;126.63;78.14;57.647
0.367348321;138.03;78.14;57.647
0.385477957;151.05;78.14;57.647
0.389003695;166.93;78.14;57.647
0.437966202;170;78.14;57.647
0.436969402;163.29;78.14;57.647
0.466558127;112.98;78.14;57.647
0.476544794;94.06;78.14;57.647
0.452169971;91.28;78.14;57.647
0.421673024;72.85;78.14;57.647
0.400418929;57.85;78.14;57.647
0.38658989;23.7;78.14;57.647
0.388121573;35.03;78.14;57.647
0.392127484;21.66;78.14;57.647
0.398776542;64.53;78.14;57.647
0.412946045;27.14;78.14;57.647
0.439698519;53.5;78.14;57.647
0.459456959;31.3;78.14;57.647
0.414562932;37.44;78.14;57.647
0.411085371;44.91;78.14;57.647
0.379861851;59.51;78.14;57.647
0.378854919;50.47;78.14;57.647
0.364432341;64.05;78.14;57.647
0.380178176;39.46;78.14;57.647
0.366417495;82.07;78.14;57.647
0.368735321;84.97;78.14;57.647
0.390315355;85.05;78.14;57.647
0.396476312;100.81;78.14;57.647
0.424243908;77.54;78.14;57.647
0.427595269;73.7;78.14;57.647
0.433743302;36.97;78.14;57.647
0.411397716;27.15;78.14;57.647
0.396311121;27.59;78.14;57.647
0.374132871;19.85;78.14;57.647
0.356464887;0.09;78.14;60.249
0.336299358;0.09;78.14;60.249
0.331075958;0.09;78.14;60.249
0.33554755;0.3;78.14;60.249
0.345075222;5;78.14;60.249
0.377627873;9.07;78.14;60.249
0.420358543;54.32;78.14;60.249
0.455645908;99.52;78.14;60.249
0.40394762;105.04;78.14;60.249
0.400391654;84.4;78.14;60.249
0.371160283;67.14;78.14;60.249
0.376164815;68.86;78.14;60.249
0.369443398;70.46;78.14;60.249
0.391719002;84.35;78.14;60.249
0.382409662;98.87;78.14;60.249
0.383762157;151.61;78.14;60.249
0.399296571;149.05;78.14;60.249
0.404236801;155.57;78.14;60.249
0.44195891;156.49;78.14;60.249
0.438570358;140.15;78.14;60.249
0.46381756;110.07;78.14;60.249
0.44941139;84.33;78.14;60.249
0.419638418;77.06;78.14;60.249
0.412356368;54.36;78.14;60.249
0.404367188;77.58;78.14;58.408
0.392207712;79.51;78.14;58.408
0.385782742;73.45;78.14;58.408
0.381529129;71.22;78.14;58.408
0.392833382;62.99;78.14;58.408
0.427777344;76.77;78.14;58.408
0.469362584;85.41;78.14;58.408
0.499271623;129.24;78.14;58.408
0.453427998;135.49;78.14;58.408
0.436740635;91.3;78.14;58.408
0.405630408;71.38;78.14;58.408
0.412223423;75.62;78.14;58.408
0.401448104;72.86;78.14;58.408
0.404310004;91.23;78.14;58.408
0.392055987;93.46;78.14;58.408
0.410111682;121.03;78.14;58.408
0.440125214;123.3;78.14;58.408
0.455160867;135.27;78.14;58.408
0.464406784;142.1;78.14;58.408
0.459480507;119.78;78.14;58.408
0.475393921;98.6;78.14;58.408
0.459552738;84.98;78.14;58.408
0.43192186;99.77;78.14;58.408
0.408644634;71.37;78.14;58.408
0.391988592;74.42;78.14;84.444
0.386579511;74.41;78.14;84.444
0.380255669;64.97;78.14;84.444
0.37715284;68.06;78.14;84.444
0.383444025;68.38;78.14;84.444
0.413610435;87.3;78.14;84.444
0.46282098;117.05;78.14;84.444
0.484319608;148.63;78.14;84.444
0.451353822;160.58;78.14;84.444
0.446857166;147.2;78.14;84.444
0.424286472;129.13;78.14;84.444
0.421640332;117.83;78.14;84.444
0.403363747;114.07;78.14;84.444
0.408766209;119.49;78.14;84.444
0.401128817;144.36;78.14;84.444
0.39466893;149.07;78.14;84.444
0.409708139;159.06;78.14;84.444
0.403412947;192.11;78.14;84.444
0.421658063;199.96;78.14;84.444
0.402638613;168.84;78.14;84.444
0.408872303;149.1;78.14;84.444
0.401811182;140.69;78.14;84.444
0.383411499;127.73;78.14;84.444
0.373822706;118.81;78.14;84.444
0.362662104;114.54;78.14;93.987
0.357877483;110;78.14;93.987
0.359240917;99.8;78.14;93.987
0.358635219;102.14;78.14;93.987
0.365442103;99.77;78.14;93.987
0.372439529;112.55;78.14;93.987
0.372019024;153.19;78.14;93.987
0.392273667;182.06;78.14;93.987
0.4190464;199.12;78.14;93.987
0.453054369;167.52;78.14;93.987
0.426362827;124.34;78.14;93.987
0.419769281;123.34;78.14;93.987
0.394035157;89.52;78.14;93.987
0.397053954;101.24;78.14;93.987
0.396722283;126.98;78.14;93.987
0.38570862;153.24;78.14;93.987
0.391445375;184.65;78.14;93.987
0.378743172;197.44;78.14;93.987
0.408783461;198.24;78.14;93.987
0.394553712;181.95;78.14;93.987
0.423660081;145.07;78.14;93.987
0.405625638;125.35;78.14;93.987
0.386110003;121.98;78.14;93.987
0.361598668;79.99;78.14;93.987
0.342398108;70.25;78.14;85.324
0.320752978;67.97;78.14;85.324
0.312062254;67.97;78.14;85.324
0.306384704;68.19;78.14;85.324
0.31467595;75.77;78.14;85.324
0.321695185;81.26;78.14;85.324
0.33862598;109;78.14;85.324
0.365321358;134.81;78.14;85.324
0.384030311;149.07;78.14;85.324
0.402035279;125.52;78.14;85.324
0.403623959;111.32;78.14;85.324
0.428834219;109.45;74.53;85.324
0.415443104;104.49;73.33;85.324
0.412469455;114.22;73.33;85.324
0.407691873;134.74;73.33;85.324
0.405923045;174.1;73.33;85.324
0.406399263;179.61;73.33;85.324
0.411309414;208.51;73.33;85.324
0.431284524;206.79;73.33;85.324
0.415317872;177.37;73.33;85.324
0.383855764;156.21;73.33;85.324
0.367298055;133.13;73.33;85.324
0.340544448;128.23;73.33;85.324
0.328934651;121.04;73.33;85.324
0.315965337;137.41;73.33;69.845
0.3095343;134.21;73.33;69.845
0.305934973;130.01;73.33;69.845
0.306177459;126.8;73.33;69.845
0.3190028;129.44;73.33;69.845
0.352054888;129.68;73.33;69.845
0.401359408;158;73.33;69.845
0.418857414;172.29;73.33;69.845
0.373241273;171.72;73.33;69.845
0.345918655;166.93;73.33;69.845
0.335742603;141.85;73.33;69.845
0.337324787;130.89;73.33;69.845
0.32704057;134.16;73.33;69.845
0.338768927;138.03;73.33;69.845
0.358210327;148.94;73.33;69.845
0.371030762;206.97;73.33;69.845
0.386313688;194.53;73.33;69.845
0.399127708;240.7;73.33;69.845
0.424309361;238;73.33;69.845
0.430473347;199.71;73.33;69.845
0.42145663;177.44;73.33;69.845
0.417718478;166.84;73.33;69.845
0.405530361;160.86;73.33;69.845
0.383838748;158.69;73.33;69.845
0.379996697;168.8;73.33;69.845
0.375000156;152.21;73.33;69.845
0.379479347;143;73.33;69.845
0.381821811;127;73.33;69.845
0.394491498;134.07;73.33;69.845
0.423599077;135.29;73.33;69.845
0.443264074;135.29;73.33;69.845
0.450532153;150.75;73.33;69.845
0.415936022;155.96;73.33;69.845
0.433635843;131.57;73.33;69.845
0.399755813;120.31;73.33;69.845
0.395099962;133;73.33;69.845
0.382149557;130.13;73.33;69.845
0.409100328;125;73.33;69.845
0.40833103;137.4;73.33;69.845
0.416836034;141.87;73.33;69.845
0.429776012;150.38;73.33;69.845
0.425203187;187.61;73.33;69.845
0.459769903;197.86;73.33;69.845
0.434922655;165.12;73.33;69.845
0.458936739;150.04;73.33;69.845
0.461051164;141.04;73.33;69.845
0.455319066;141.39;73.33;69.845
0.431858319;122.11;73.33;69.845
0.405595168;100.01;73.33;75.351
0.392844511;101.43;73.33;75.351
0.389701125;93.88;73.33;75.351
0.384773436;107.13;73.33;75.351
0.385684653;108.75;73.33;75.351
0.405857198;121.88;73.33;75.351
0.43426053;167.38;73.33;75.351
0.457927254;205.1;73.33;75.351
0.409593915;208.9;73.33;75.351
0.412133812;166.45;73.33;75.351
0.38613094;142.4;73.33;75.351
0.390756834;129.9;73.33;75.351
0.380804599;143.33;73.33;75.351
0.396608645;165.69;73.33;75.351
0.394912346;207.32;73.33;75.351
0.4066933;212.28;73.33;75.351
0.429419098;212.44;73.33;75.351
0.436772515;254.18;73.33;75.351
0.44509367;217.88;73.33;75.351
0.429237666;187.44;73.33;75.351
0.469944333;160.49;73.33;75.351
0.456700426;139.71;73.33;75.351
0.421029792;157.58;73.33;75.351
0.393974714;147.57;73.33;75.351
0.380150966;136.2;73.33;104.726
0.377369676;129.31;73.33;104.726
0.370310648;128.85;73.33;104.726
0.366310965;110.15;73.33;104.726
0.374322157;111.17;73.33;104.726
0.40762532;129.92;73.33;104.726
0.453603951;163.62;73.33;104.726
0.464226357;211.53;73.33;104.726
0.43190206;222.74;73.33;104.726
0.433986102;210;73.33;104.726
0.40649772;199.92;73.33;104.726
0.414498056;198.81;73.33;104.726
0.40456195;189.84;73.33;104.726
0.438303052;205.65;73.33;104.726
0.451687597;222.18;73.33;104.726
0.463066353;224.08;73.33;104.726
0.471876456;217.35;73.33;104.726
0.45412564;220;73.33;104.726
0.480112896;214.24;73.33;104.726
0.466920871;220.69;73.33;104.726
0.487783753;174.98;73.33;104.726
0.469458793;153.52;73.33;104.726
0.444488173;137.91;73.33;104.726
0.418934629;122.27;73.33;104.726
0.393464962;79.17;73.33;118.513
0.379646715;79.18;73.33;118.513
0.37063057;79.15;73.33;118.513
0.365574569;70.49;73.33;118.513
0.374573171;70.49;73.33;118.513
0.413418164;79.18;73.33;118.513
0.452263566;120.01;73.33;118.513
0.480239345;151.33;73.33;118.513
0.465166355;168.15;73.33;118.513
0.462739666;176.09;73.33;118.513
0.437506069;174.42;73.33;118.513
0.443754698;163.78;73.33;118.513
0.443295053;180.48;73.33;118.513
0.470568537;184.01;73.33;118.513
0.482042198;201.07;73.33;118.513
0.491474732;220.58;73.33;118.513
0.497635594;236.1;73.33;118.513
0.470612895;241.41;73.33;118.513
0.47965169;202.94;73.33;118.513
0.457417339;163.72;73.33;118.513
0.486021495;146.08;73.33;118.513
0.484462672;114.1;73.33;118.513
0.469871351;83.32;73.33;118.513
0.46088147;64.91;73.33;118.513
0.444924856;47.95;73.33;108.676
0.440705644;23.92;73.33;108.676
0.433013393;16.45;73.33;108.676
0.424919025;10.39;73.33;108.676
0.423848575;5.88;73.33;108.676
0.424657873;11.06;73.33;108.676
0.418284561;66.55;73.33;108.676
0.445046308;84.84;73.33;108.676
0.481812502;96.08;73.33;108.676
0.52972172;89.9;73.33;108.676
0.519294774;83.65;73.33;108.676
0.544623139;86.78;73.33;108.676
0.530875388;112.44;73.33;108.676
0.539048565;119.83;73.33;108.676
0.520429672;143.17;73.33;108.676
0.531534747;153.4;73.33;108.676
0.539497368;152.65;73.33;108.676
0.505885639;194.93;73.33;108.676
0.519062951;181.8;73.33;108.676
0.482943025;153.63;73.33;108.676
0.502871974;136.68;73.33;108.676
0.492913147;146.84;73.33;108.676
0.483921165;149.8;73.33;108.676
0.477320795;128.91;73.33;108.676
0.461901341;113.02;73.33;102.749
0.447392394;119.67;73.33;102.749
0.436808273;126.83;73.33;102.749
0.437895495;115.82;73.33;102.749
0.448900836;120.05;73.33;102.749
0.459879003;129.97;73.33;102.749
0.462254786;150.05;73.33;102.749
0.484910044;227.79;73.33;102.749
0.516392901;227.23;73.33;102.749
0.568658341;228.56;73.33;102.749
0.569337307;228.56;73.33;102.749
0.579111906;226.43;72.5;102.749
0.558394244;197.37;72.22;102.749
0.595803279;194.91;72.22;102.749
0.590184343;206.91;72.22;102.749
0.588598923;214.98;72.22;102.749
0.595613273;202.98;72.22;102.749
0.563621956;211.8;72.22;102.749
0.562034108;172.76;72.22;102.749
0.541692148;158.17;72.22;102.749
0.577509345;135.61;72.22;102.749
0.562420277;118.35;72.22;102.749
0.54189913;153.33;72.22;102.749
0.524690209;123.65;72.22;102.749
0.509893155;144.47;72.22;108.688
0.500932419;146.48;72.22;108.688
0.500851671;148.4;72.22;108.688
0.504689333;140.67;72.22;108.688
0.511427405;143.98;72.22;108.688
0.540365456;150;72.22;108.688
0.572984982;138.98;72.22;108.688
0.593713944;159.93;72.22;108.688
0.561409927;205.7;72.22;108.688
0.56354423;215.07;72.22;108.688
0.554852573;180.78;72.22;108.688
0.567638361;203.91;72.22;108.688
0.566860483;186.74;72.22;108.688
0.578931129;192.02;72.22;108.688
0.563459683;213.34;72.22;108.688
0.556626139;227.11;72.22;108.688
0.56834839;243.39;72.22;108.688
0.547981473;281.98;72.22;108.688
0.572665765;287.29;72.22;108.688
0.560642827;260.7;72.22;108.688
0.590313757;240;72.22;108.688
0.577440942;232.09;72.22;108.688
0.549968356;219.05;72.22;108.688
0.520895041;204.82;72.22;108.688
0.503468696;200.74;72.22;108.688
0.49808546;183.92;72.22;108.688
0.51084742;187.42;72.22;108.688
0.516480038;180;72.22;108.688
0.526327701;170.59;72.22;108.688
0.55305872;175.88;72.22;108.688
0.581172298;180.08;72.22;108.688
0.612729689;194.19;72.22;108.688
0.597760714;200.03;72.22;108.688
0.59152944;215.03;72.22;108.688
0.552298487;212.03;72.22;108.688
0.548535481;217.99;72.22;108.688
0.556765055;210.05;72.22;108.688
0.58693441;198.85;72.22;108.688
0.583000444;205.15;72.22;108.688
0.581164611;224.6;72.22;108.688
0.593285634;241.95;72.22;108.688
0.582905635;267.37;72.22;108.688
0.60744106;273;72.22;108.688
0.601422493;266.44;72.22;108.688
0.628686793;244.9;72.22;108.688
0.643194477;215.1;72.22;108.688
0.640409314;212.03;72.22;108.688
0.648542145;169.45;72.22;108.688
0.639614027;139.35;72.22;109.754
0.635127113;140.38;72.22;109.754
0.64217006;149.49;72.22;109.754
0.653007497;144.98;72.22;109.754
0.671316059;154.8;72.22;109.754
0.713107829;167.52;72.22;109.754
0.758772059;270.4;72.22;109.754
0.806074022;316.94;72.22;109.754
0.775616589;324.05;72.22;109.754
0.780558774;308.15;72.22;109.754
0.734765052;296.18;72.22;109.754
0.718711636;307.53;72.22;109.754
0.703833935;299.82;72.22;109.754
0.716164957;302.32;72.22;109.754
0.706511727;332.02;72.22;109.754
0.701964669;333.69;72.22;109.754
0.711103222;334.68;72.22;109.754
0.711866169;335.39;72.22;109.754
0.757822896;315.41;72.22;109.754
0.739450114;291.43;72.22;109.754
0.722427102;252.17;72.22;109.754
0.672311542;220;72.22;109.754
0.630230382;199.93;72.22;109.754
0.603329806;155.03;72.22;109.754
0.584059516;113.67;72.22;115.413
0.592375567;112.45;72.22;115.413
0.603701999;99.97;72.22;115.413
0.614734257;82.15;72.22;115.413
0.624495153;87.9;72.22;115.413
0.656145836;103.72;72.22;115.413
0.688165059;152.18;72.22;115.413
0.730451112;229.91;72.22;115.413
0.704611139;248.97;72.22;115.413
0.725712754;236.51;72.22;115.413
0.690216945;242.2;72.22;115.413
0.673495019;244.41;72.22;115.413
0.638806003;245.18;72.22;115.413
0.648282486;251.76;72.22;115.413
0.63228976;258.96;72.22;115.413
0.641453745;259.97;72.22;115.413
0.65797639;255.54;72.22;115.413
0.627023678;284.96;72.22;115.413
0.643933707;294.9;72.22;115.413
0.631965094;272.49;72.22;115.413
0.66327289;248.95;72.22;115.413
0.653882528;199.13;72.22;115.413
0.631960756;199.53;72.22;115.413
0.602540963;167.68;72.22;115.413
0.5888189;152.89;72.22;116.079
0.571585851;137.44;72.22;116.079
0.567030923;123.98;72.22;116.079
0.564226146;119.94;72.22;116.079
0.567827002;123.91;72.22;116.079
0.605466308;149.78;72.22;116.079
0.659773561;209.19;72.22;116.079
0.698050155;258.46;72.22;116.079
0.671729421;268.55;72.22;116.079
0.679553241;229.95;72.22;116.079
0.660128914;197.41;72.22;116.079
0.658104984;172.42;72.22;116.079
0.640759592;166.64;72.22;116.079
0.664344692;165.11;72.22;116.079
0.670578985;180.08;72.22;116.079
0.67644386;186.68;72.22;116.079
0.683905245;206.22;72.22;116.079
0.64945796;223.49;72.22;116.079
0.664466023;219.51;72.22;116.079
0.640616411;209.92;72.22;116.079
0.649839627;153.73;72.22;116.079
0.625057349;149.77;72.22;116.079
0.598074591;142.24;72.22;116.079
0.582932903;124.22;72.22;116.079
0.570102585;141.63;72.22;125.364
0.566305188;127.37;72.22;125.364
0.559973299;122.17;72.22;125.364
0.554558921;117.73;72.22;125.364
0.553131864;126.18;72.22;125.364
0.555676165;153.56;72.22;125.364
0.560071332;207.39;72.22;125.364
0.592345234;293.16;72.22;125.364
0.632981404;309.09;72.22;125.364
0.680810738;294.94;72.22;125.364
0.69118833;295.02;72.22;125.364
0.682446456;289.9;72.22;125.364
0.658144907;272.93;72.22;125.364
0.672511821;269.92;72.22;125.364
0.655873335;272.24;72.22;125.364
0.668483089;300.36;72.22;125.364
0.677892014;315.05;72.22;125.364
0.634584341;322.72;72.22;125.364
0.624012634;299.59;72.22;125.364
0.586448845;285.91;72.22;125.364
0.604038658;261.56;72.22;125.364
0.59796395;229.94;72.22;125.364
0.592870773;217.1;72.22;125.364
0.568530974;173.64;72.22;125.364
0.548792177;187.29;72.22;122.855
0.528805078;175.19;72.22;122.855
0.523599849;163.07;72.22;122.855
0.518079777;151.82;72.22;122.855
0.517724847;159.15;72.22;122.855
0.518093814;181.64;72.22;122.855
0.518452306;230.6;72.22;122.855
0.553658708;297.07;72.22;122.855
0.591516771;307.65;72.22;122.855
0.638616506;289.85;72.22;122.855
0.64415596;280.45;72.22;122.855
0.64563703;263.47;77.58;122.855
0.629275732;256.03;79.36;122.855
0.672572446;272.43;79.36;122.855
0.690361592;290.17;79.36;122.855
0.660722837;318.36;79.36;122.855
0.62548118;327.36;79.36;122.855
0.607250054;349.9;79.36;122.855
0.644269509;337.95;79.36;122.855
0.638603732;314.37;79.36;122.855
0.666145457;274.15;79.36;122.855
0.64441575;266.32;79.36;122.855
0.618804379;269.92;79.36;122.855
0.584081363;226.03;79.36;122.855
0.558036423;212.77;79.36;121.46
0.544141065;210.7;79.36;121.46
0.543083936;199.13;79.36;121.46
0.541526842;200;79.36;121.46
0.550330189;197.99;79.36;121.46
0.57754655;211.94;79.36;121.46
0.632582997;214.94;79.36;121.46
0.64180247;228.07;79.36;121.46
0.615292429;264.96;79.36;121.46
0.616098565;279.9;79.36;121.46
0.607129089;257.83;79.36;121.46
0.622835606;253.32;79.36;121.46
0.639701824;249.99;79.36;121.46
0.653059554;237.41;79.36;121.46
0.641185063;257.61;79.36;121.46
0.638051604;264.02;79.36;121.46
0.658191566;288.2;79.36;121.46
0.648954832;315.92;79.36;121.46
0.687028065;306.1;79.36;121.46
0.666571815;270.08;79.36;121.46
0.692333913;232.22;79.36;121.46
0.681680573;213.37;79.36;121.46
0.66868112;200;79.36;121.46
0.649499875;173.69;79.36;121.46
0.631327462;144.88;79.36;121.46
0.623803702;135;79.36;121.46
0.614948776;122.01;79.36;121.46
0.604318946;99.4;79.36;121.46
0.609054572;99.4;79.36;121.46
0.648734164;105.64;79.36;121.46
0.690917625;129;79.36;121.46
0.698673984;136.76;79.36;121.46
0.67316227;141.34;79.36;121.46
0.704200857;151.77;79.36;121.46
0.680262882;153.5;79.36;121.46
0.673650686;163.53;79.36;121.46
0.667808507;159.62;79.36;121.46
0.694091709;151.84;79.36;121.46
0.699926933;157.13;79.36;121.46
0.691668995;158;79.36;121.46
0.704637634;170.89;79.36;121.46
0.676027617;180.1;79.36;121.46
0.710391489;180.4;79.36;121.46
0.683886804;181.88;79.36;121.46
0.721126982;157.28;79.36;121.46
0.73724106;135.1;79.36;121.46
0.715537575;155.04;79.36;121.46
0.675652354;150.07;79.36;121.46
0.64411049;129.22;79.36;123.29
0.639034766;130.46;79.36;123.29
0.636348463;127.7;79.36;123.29
0.637289667;119.58;79.36;123.29
0.63426342;120.07;79.36;123.29
0.668146163;129.5;79.36;123.29
0.712886044;193.09;79.36;123.29
0.754213399;304.17;79.36;123.29
0.725636641;354.63;79.36;123.29
0.740681608;367.7;79.36;123.29
0.6953415;370;79.36;123.29
0.668733504;365.91;79.36;123.29
0.63248484;360.1;79.36;123.29
0.635645731;367.2;79.36;123.29
0.635372419;383.91;79.36;123.29
0.640441309;397.91;79.36;123.29
0.661897741;392.6;79.36;123.29
0.659966177;415.58;79.36;123.29
0.69369825;398.97;79.36;123.29
0.684621532;374.7;79.36;123.29
0.722549912;329.04;79.36;123.29
0.715386312;312;79.36;123.29
0.686660081;294.98;79.36;123.29
0.640664293;260.26;79.36;123.29
0.606447256;271.88;79.36;123.668
0.571847899;250.09;79.36;123.668
0.560780722;228.17;79.36;123.668
0.559932544;226.24;79.36;123.668
0.569341062;235.17;79.36;123.668
0.606941158;271.89;79.36;123.668
0.660078539;303.99;79.36;123.668
0.699889669;396.22;79.36;123.668
0.670963426;444.92;79.36;123.668
0.679553258;445.32;79.36;123.668
0.6402195;445.91;79.36;123.668
0.64746975;435.6;79.36;123.668
0.637499958;418.05;79.36;123.668
0.651046025;424.26;79.36;123.668
0.646423344;446.38;79.36;123.668
0.64229191;450.7;79.36;123.668
0.652577413;460.04;79.36;123.668
0.624189991;501.1;79.36;123.668
0.673252715;486.86;79.36;123.668
0.668518248;463.82;79.36;123.668
0.682128694;400;79.36;123.668
0.653173488;334.9;79.36;123.668
0.62436419;297.66;79.36;123.668
0.602099199;280.25;79.36;123.668
0.586872872;288.45;79.36;132.707
0.574103627;279.18;79.36;132.707
0.55468127;264.27;79.36;132.707
0.558142485;260.79;79.36;132.707
0.563321413;267.63;79.36;132.707
0.605578051;290;79.36;132.707
0.655710164;332.28;79.36;132.707
0.703963367;434.43;79.36;132.707
0.681777677;478.1;79.36;132.707
0.686598001;478.6;79.36;132.707
0.658101825;474.71;79.36;132.707
0.662085389;482.52;79.36;132.707
0.647562247;449.99;79.36;132.707
0.674221753;450.47;79.36;132.707
0.673477071;464.24;79.36;132.707
0.677743164;458.76;79.36;132.707
0.703585781;478.4;79.36;132.707
0.679559537;503.55;79.36;132.707
0.690631197;495.2;79.36;132.707
0.656392976;465.14;79.36;132.707
0.667068575;413.9;79.36;132.707
0.655374907;344.2;79.36;132.707
0.638030417;316.86;79.36;132.707
0.627079989;277.18;79.36;132.707
0.613415923;292.06;79.36;143.955
0.594214776;291.43;79.36;143.955
0.570244443;284.76;79.36;143.955
0.563671831;274.8;79.36;143.955
0.574141258;271.91;79.36;143.955
0.595965915;283.49;79.36;143.955
0.608031973;353.18;79.36;143.955
0.647632433;450.84;79.36;143.955
0.686508321;463.55;79.36;143.955
0.760144681;462.15;79.36;143.955
0.74142622;453.07;79.36;143.955
0.74657239;446.43;79.36;143.955
0.747376734;437.88;79.36;143.955
0.768393297;446.54;79.36;143.955
0.744487458;464.07;79.36;143.955
0.71879699;463.1;79.36;143.955
0.718668627;458.04;79.36;143.955
0.663322642;484.07;79.36;143.955
0.649670641;469.79;79.36;143.955
0.598826111;457.89;79.36;143.955
0.61888283;430.8;79.36;143.955
0.595856308;379.49;79.36;143.955
0.579174242;340.63;79.36;143.955
0.560515556;304.55;79.36;143.955
0.543406675;306.33;79.36;145.223
0.53777373;294.19;79.36;145.223
0.534315538;299.1;79.36;145.223
0.536109493;298.97;79.36;145.223
0.531944786;300.72;79.36;145.223
0.536346869;313.82;79.36;145.223
0.54078848;361.55;79.36;145.223
0.597911656;413.6;79.36;145.223
0.64942893;442.66;79.36;145.223
0.703798857;433.19;79.36;145.223
0.689464339;427.34;79.36;145.223
0.711601469;409.66;83.75;145.223
0.702858024;403.96;85.21;145.223
0.724038639;384.3;85.21;145.223
0.711979975;307.58;85.21;145.223
0.695555601;288;85.21;145.223
0.689791686;281.82;85.21;145.223
0.65695808;379.14;85.21;145.223
0.671857202;334.02;85.21;145.223
0.644576696;340.04;85.21;145.223
0.671170082;252.46;85.21;145.223
0.624634221;333.53;85.21;145.223
0.591773424;278.62;85.21;145.223
0.56774107;256.24;85.21;145.223
0.55349597;238.15;85.21;133.086
0.54454984;235.6;85.21;133.086
0.539943911;231.77;85.21;133.086
0.538500394;223.94;85.21;133.086
0.548152562;230.64;85.21;133.086
0.590607297;245;85.21;133.086
0.655127622;252.06;85.21;133.086
0.691724195;253.05;85.21;133.086
0.651246827;256.93;85.21;133.086
0.644588484;281.67;85.21;133.086
0.631781544;311.3;85.21;133.086
0.653524567;316.09;85.21;133.086
0.646854857;307.44;85.21;133.086
0.653488282;302.5;85.21;133.086
0.648102632;315.91;85.21;133.086
0.658188485;315.91;85.21;133.086
0.654617289;330.92;85.21;133.086
0.612748429;358.73;85.21;133.086
0.622450886;343.1;85.21;133.086
0.590553426;311.74;85.21;133.086
0.632272439;290.55;85.21;133.086
0.629191579;289.9;85.21;133.086
0.60603545;278.7;85.21;133.086
0.575815802;244.49;85.21;133.086
0.569798193;230.7;85.21;133.086
0.558758943;219.92;85.21;133.086
0.562879585;231.19;85.21;133.086
0.553893153;208.81;85.21;133.086
0.553049763;208.52;85.21;133.086
0.583633261;213.08;85.21;133.086
0.645454341;211.84;85.21;133.086
0.656160356;218.86;85.21;133.086
0.612958414;255.3;85.21;133.086
0.598109554;288.83;85.21;133.086
0.580491508;300.73;85.21;133.086
0.592921733;306.57;85.21;133.086
0.590050111;304.85;85.21;133.086
0.624551125;301.53;85.21;133.086
0.637715427;306.07;85.21;133.086
0.645913623;308.24;85.21;133.086
0.644882966;324.9;85.21;133.086
0.613224528;347.42;85.21;133.086
0.652366768;304.86;85.21;133.086
0.651827216;302;85.21;133.086
0.689833783;261.63;85.21;133.086
0.673609671;279.2;85.21;133.086
0.638886587;265.9;85.21;133.086
0.602638386;243.17;85.21;133.086
0.576726735;205.16;85.21;134.079
0.588097868;195.89;85.21;134.079
0.60356278;183.22;85.21;134.079
0.612030805;181.68;85.21;134.079
0.627745792;163.66;85.21;134.079
0.673102271;250.61;85.21;134.079
0.720856022;292;85.21;134.079
0.750202577;368.99;85.21;134.079
0.705006239;406.33;85.21;134.079
0.713446846;400.49;85.21;134.079
0.68658948;399.65;85.21;134.079
0.690619131;421.93;85.21;134.079
0.676679348;404.91;85.21;134.079
0.70061896;392.96;85.21;134.079
0.706263264;413.46;85.21;134.079
0.71942161;429.91;85.21;134.079
0.754927349;430.73;85.21;134.079
0.730299555;444.98;85.21;134.079
0.739447852;433.15;85.21;134.079
0.715238674;427.92;85.21;134.079
0.754614665;392.3;85.21;134.079
0.748141673;333.11;85.21;134.079
0.739288429;324.56;85.21;134.079
0.723548268;292.62;85.21;134.079
0.704250175;298.1;85.21;136.706
0.689944595;277.91;85.21;136.706
0.681431561;275.9;85.21;136.706
0.676641078;277.69;85.21;136.706
0.683498027;287.38;85.21;136.706
0.722874362;309.23;85.21;136.706
0.786180005;370.99;85.21;136.706
0.824510638;454.93;85.21;136.706
0.804914892;455.68;85.21;136.706
0.790182368;459.95;85.21;136.706
0.756554249;453.2;85.21;136.706
0.770843202;460.17;85.21;136.706
0.762264131;453.97;85.21;136.706
0.777682211;446.1;85.21;136.706
0.793725269;459.29;85.21;136.706
0.805272498;453.84;85.21;136.706
0.833107836;461.53;85.21;136.706
0.807375953;479.4;85.21;136.706
0.830713915;453.93;85.21;136.706
0.80701783;418.26;85.21;136.706
0.823632323;368.95;85.21;136.706
0.795827165;319;85.21;136.706
0.760186576;304.98;85.21;136.706
0.725770353;274.28;85.21;136.706
0.703902734;264.59;85.21;138.43
0.695105791;235.72;85.21;138.43
0.682121804;203.91;85.21;138.43
0.679974104;199.96;85.21;138.43
0.70002109;230.18;85.21;138.43
0.74351265;259.4;85.21;138.43
0.815361586;254.05;85.21;138.43
0.864625184;345.01;85.21;138.43
0.837597474;383.29;85.21;138.43
0.833177686;345.7;85.21;138.43
0.8046899;325.23;85.21;138.43
0.801736465;305.01;85.21;138.43
0.787430796;296.85;85.21;138.43
0.811653925;323.15;85.21;138.43
0.819609576;408.06;85.21;138.43
0.836013451;436.74;85.21;138.43
0.840243426;454.07;85.21;138.43
0.806235404;419.26;85.21;138.43
0.816011271;400;85.21;138.43
0.794147169;388.38;85.21;138.43
0.817015413;408.82;85.21;138.43
0.800187424;327.15;85.21;138.43
0.780687158;300.72;85.21;138.43
0.752352854;280.56;85.21;138.43
0.754924861;286.56;85.21;147.545
0.738660015;280.78;85.21;147.545
0.723353187;269.67;85.21;147.545
0.70297053;269.91;85.21;147.545
0.697971064;275.49;85.21;147.545
0.704879405;299.79;85.21;147.545
0.699155096;326;85.21;147.545
0.724234635;400.09;85.21;147.545
0.74466992;447.43;85.21;147.545
0.807598943;454.09;85.21;147.545
0.82119585;447.85;85.21;147.545
0.841173882;446.22;85.21;147.545
0.819722457;448.47;85.21;147.545
0.811707135;448.26;85.21;147.545
0.787098493;454.05;85.21;147.545
0.800821319;456.99;85.21;147.545
0.815798789;462.92;85.21;147.545
0.798572918;498.21;85.21;147.545
0.814521506;459.27;85.21;147.545
0.783710134;454.02;85.21;147.545
0.789177151;433.91;85.21;147.545
0.759707959;353.13;85.21;147.545
0.73202752;328.31;85.21;147.545
0.713532064;299.24;85.21;147.545
0.691633569;334.01;85.21;147.682
0.677820652;306.42;85.21;147.682
0.664083104;302.38;85.21;147.682
0.662014976;298.49;85.21;147.682
0.653919458;304.04;85.21;147.682
0.66319587;317.66;85.21;147.682
0.675672224;358.77;85.21;147.682
0.717539616;455.38;85.21;147.682
0.747613066;474.29;85.21;147.682
0.786325688;474.7;85.21;147.682
0.777561812;471.33;85.21;147.682
0.793045075;484.16;87.5;147.682
0.767200066;481.1;88.26;147.682
0.777021396;470;88.26;147.682
0.759857129;476.44;88.26;147.682
0.750236767;473.91;88.26;147.682
0.757483393;474.88;88.26;147.682
0.718732085;507.91;88.26;147.682
0.735416208;477.37;88.26;147.682
0.719150879;451.51;88.26;147.682
0.738700334;440;88.26;147.682
0.709713638;376;88.26;147.682
0.658836999;338.04;88.26;147.682
0.628846724;316.22;88.26;147.682
0.602772132;312.48;88.26;139.917
0.589391449;306;88.26;139.917
0.592783882;290.79;88.26;139.917
0.600551908;287.26;88.26;139.917
0.61463061;284.9;88.26;139.917
0.660217158;287.15;88.26;139.917
0.723917197;295.35;88.26;139.917
0.742065439;313.58;88.26;139.917
0.714836414;346.14;88.26;139.917
0.739422793;396.61;88.26;139.917
0.74035787;419.33;88.26;139.917
0.756969314;412.38;88.26;139.917
0.738302018;398.1;88.26;139.917
0.747302085;375.9;88.26;139.917
0.730276421;377.07;88.26;139.917
0.730377129;393.5;88.26;139.917
0.724169251;420.59;88.26;139.917
0.690639311;449.92;88.26;139.917
0.698272539;442.7;88.26;139.917
0.665500972;420.72;88.26;139.917
0.696197881;361.15;88.26;139.917
0.687903488;323.88;88.26;139.917
0.661552268;307.65;88.26;139.917
0.626399326;288.27;88.26;139.917
0.608091383;300.65;88.26;139.917
0.606145311;292.8;88.26;139.917
0.604757934;288.08;88.26;139.917
0.611067196;272.52;88.26;139.917
0.614544867;268.42;88.26;139.917
0.66035888;269.24;88.26;139.917
0.694988396;280.98;88.26;139.917
0.703526296;279.73;88.26;139.917
0.662531922;293.09;88.26;139.917
0.675233123;320.09;88.26;139.917
0.652750089;326.55;88.26;139.917
0.67002899;345.19;88.26;139.917
0.670873356;347.71;88.26;139.917
0.707408667;324.74;88.26;139.917
0.700884801;328.31;88.26;139.917
0.690752901;336.51;88.26;139.917
0.692123243;361.6;88.26;139.917
0.665888277;413.94;88.26;139.917
0.690583705;430.05;88.26;139.917
0.676362974;412.74;88.26;139.917
0.716833306;383.98;88.26;139.917
0.731662302;335.35;88.26;139.917
0.707347077;323.85;88.26;139.917
0.687823823;306.25;88.26;139.917
0.65651239;280.18;88.26;141.226
0.64448114;277.68;88.26;141.226
0.627519777;274.31;88.26;141.226
0.635535848;269.79;88.26;141.226
0.645295159;267.92;88.26;141.226
0.686952457;283.71;88.26;141.226
0.723940487;392.24;88.26;141.226
0.769901926;505;88.26;141.226
0.740228681;545.22;88.26;141.226
0.765586881;513.99;88.26;141.226
0.729859447;505.47;88.26;141.226
0.738819792;497.62;88.26;141.226
0.731168753;489.95;88.26;141.226
0.750840193;482.8;88.26;141.226
0.763293301;506.04;88.26;141.226
0.7697835;535.73;88.26;141.226
0.77192479;558.54;88.26;141.226
0.750636858;588.09;88.26;141.226
0.760531326;558.66;88.26;141.226
0.747273417;508.04;88.26;141.226
0.793799434;490;88.26;141.226
0.785145367;408.9;88.26;141.226
0.756640029;361.32;88.26;141.226
0.711913789;313.2;88.26;141.226
0.690197429;306.14;88.26;138.104
0.682394399;288.11;88.26;138.104
0.68687893;285.28;88.26;138.104
0.702568201;276.98;88.26;138.104
0.713711208;282.3;88.26;138.104
0.76546383;316.07;88.26;138.104
0.818492706;368.9;88.26;138.104
0.846083194;499.7;88.26;138.104
0.828062658;571.76;88.26;138.104
0.846527322;553.29;88.26;138.104
0.837412741;518.08;88.26;138.104
0.822306836;505.16;88.26;138.104
0.815721008;482.78;88.26;138.104
0.834459838;506.03;88.26;138.104
0.833247502;552.71;88.26;138.104
0.842542634;570.25;88.26;138.104
0.84347417;590;88.26;138.104
0.821579015;665.01;88.26;138.104
0.853581893;595.94;88.26;138.104
0.858300504;522.58;88.26;138.104
0.883582198;452.47;88.26;138.104
0.852043778;353.79;88.26;138.104
0.817728205;321.03;88.26;138.104
0.796899906;283.08;88.26;138.104
0.781911085;274.82;88.26;139.911
0.783232784;270.47;88.26;139.911
0.763313831;268.69;88.26;139.911
0.740835516;278.2;88.26;139.911
0.734328332;280.21;88.26;139.911
0.755326766;311.11;88.26;139.911
0.777119794;368.82;88.26;139.911
0.800760625;494.97;88.26;139.911
0.768047901;539.99;88.26;139.911
0.77520065;569.72;88.26;139.911
0.712494767;565.18;88.26;139.911
0.721964578;568.01;88.26;139.911
0.710646533;526.07;88.26;139.911
0.743002824;515.48;88.26;139.911
0.748951365;514.95;88.26;139.911
0.763030692;528.53;88.26;139.911
0.782460835;545;88.26;139.911
0.770326821;590;88.26;139.911
0.782601591;557;88.26;139.911
0.746593592;520.57;88.26;139.911
0.757148016;487.9;88.26;139.911
0.762845553;396.67;88.26;139.911
0.751752765;351.72;88.26;139.911
0.746311256;328.94;88.26;139.911
0.730257065;300;88.26;133.026
0.709623717;290.74;88.26;133.026
0.686361517;279.46;88.26;133.026
0.679592883;270.19;88.26;133.026
0.682458097;274.14;88.26;133.026
0.694294792;289.63;88.26;133.026
0.706594588;336.73;88.26;133.026
0.745885872;432.74;88.26;133.026
0.782723668;490.03;88.26;133.026
0.827548885;489.66;88.26;133.026
0.821408236;474.55;88.26;133.026
0.852620728;450.72;88.26;133.026
0.82435392;406.56;88.26;133.026
0.81720068;396.53;88.26;133.026
0.801407855;455.05;88.26;133.026
0.809964077;469.93;88.26;133.026
0.818346719;485.03;88.26;133.026
0.779479131;500;88.26;133.026
0.773999778;499.91;88.26;133.026
0.768650474;485.53;88.26;133.026
0.800526934;439.9;88.26;133.026
0.777339182;367.72;88.26;133.026
0.767179844;336.29;88.26;133.026
0.744861269;306.06;88.26;133.026
0.733659542;296.3;88.26;135.863
0.710424949;288.12;88.26;135.863
0.713534282;280.19;88.26;135.863
0.729870308;270.33;88.26;135.863
0.759704563;282.55;88.26;135.863
0.776980384;296.35;88.26;135.863
0.781112483;344.51;88.26;135.863
0.823070056;458.94;88.26;135.863
0.8720044;543.49;88.26;135.863
0.924452741;561.72;88.26;135.863
0.908780938;543.49;88.26;135.863
0.897441203;540.83;84.62;135.863
0.873121108;492.26;83.41;135.863
0.869606941;469.12;83.41;135.863
0.862113131;465.8;83.41;135.863
0.876687741;465.14;83.41;135.863
0.895125297;478.55;83.41;135.863
0.869066245;505;83.41;135.863
0.88156232;490.17;83.41;135.863
0.845189571;467.8;83.41;135.863
0.841874987;401.93;83.41;135.863
0.81179442;335.11;83.41;135.863
0.780316;308.56;83.41;135.863
0.744371096;285.27;83.41;135.863
0.727957247;283.9;83.41;121.903
0.721199363;271.08;83.41;121.903
0.732513636;259.95;83.41;121.903
0.734721269;246.13;83.41;121.903
0.755426172;238.73;83.41;121.903
0.819760246;237.36;83.41;121.903
0.899381626;237.51;83.41;121.903
0.935154435;248.77;83.41;121.903
0.902743016;291.05;83.41;121.903
0.912869507;299.81;83.41;121.903
0.865010563;302.13;83.41;121.903
0.832581757;281.16;83.41;121.903
0.790399051;270.07;83.41;121.903
0.795153364;254.75;83.41;121.903
0.806107789;266.87;83.41;121.903
0.828564973;283.5;83.41;121.903
0.855824467;305.13;83.41;121.903
0.821498232;335.42;83.41;121.903
0.828804691;324.01;83.41;121.903
0.80711416;291.99;83.41;121.903
0.837261747;264.07;83.41;121.903
0.804884382;245.93;83.41;121.903
0.765086523;216.08;83.41;121.903
0.721491213;199.86;83.41;121.903
0.671620015;176.27;83.41;121.903
0.650356474;168.67;83.41;121.903
0.625634309;170.28;83.41;121.903
0.619324183;172.11;83.41;121.903
0.630151678;172.43;83.41;121.903
0.676616766;169.49;83.41;121.903
0.720395187;168.3;83.41;121.903
0.728052537;177.22;83.41;121.903
0.680423485;209.72;83.41;121.903
0.686617333;209.65;83.41;121.903
0.667561089;218.09;83.41;121.903
0.679595214;216.12;83.41;121.903
0.660817554;185.8;83.41;121.903
0.678265013;224.43;83.41;121.903
0.681780702;229.5;83.41;121.903
0.688846133;239.86;83.41;121.903
0.697629652;233.57;83.41;121.903
0.668932824;229.47;83.41;121.903
0.684727406;220.65;83.41;121.903
0.679511425;208.29;83.41;121.903
0.734755684;130.02;83.41;121.903
0.724452355;163.08;83.41;121.903
0.731161341;145.93;83.41;121.903
0.723691625;115.28;83.41;121.903
0.731559346;120.1;83.41;121.81
0.720743755;105.84;83.41;121.81
0.727767929;92.36;83.41;121.81
0.725928143;76.1;83.41;121.81
0.723758075;77.72;83.41;121.81
0.746114378;109.11;83.41;121.81
0.773493345;175.36;83.41;121.81
0.811273011;240.03;83.41;121.81
0.800154889;249.57;83.41;121.81
0.806661004;248.85;83.41;121.81
0.752313697;248.85;83.41;121.81
0.736476721;247.05;83.41;121.81
0.703991631;248.7;83.41;121.81
0.734310781;245.8;83.41;121.81
0.743716781;249.43;83.41;121.81
0.751136824;248.81;83.41;121.81
0.753049951;249.02;83.41;121.81
0.701939196;248.85;83.41;121.81
0.721042724;248.85;83.41;121.81
0.713340977;227.11;83.41;121.81
0.740158542;187.71;83.41;121.81
0.707901824;174.65;83.41;121.81
0.67804299;166.33;83.41;121.81
0.648148721;120.06;83.41;121.81
0.629297329;108.19;83.41;107.677
0.606748187;92.41;83.41;107.677
0.609020244;92.45;83.41;107.677
0.618630796;76.35;83.41;107.677
0.639620219;81.94;83.41;107.677
0.673708834;99.21;83.41;107.677
0.719422931;149.99;83.41;107.677
0.772380589;199.68;83.41;107.677
0.742885186;223.4;83.41;107.677
0.743306616;225.14;83.41;107.677
0.702452293;220.37;83.41;107.677
0.690913007;227.34;83.41;107.677
0.670050812;219.23;83.41;107.677
0.701416134;216.22;83.41;107.677
0.707251602;228.18;83.41;107.677
0.696057228;225.01;83.41;107.677
0.706018048;227.65;83.41;107.677
0.673886331;228.99;83.41;107.677
0.704203629;234.43;83.41;107.677
0.696143568;230;83.41;107.677
0.729236734;228.24;83.41;107.677
0.712999555;229.49;83.41;107.677
0.675925952;211.16;83.41;107.677
0.635899143;184.65;83.41;107.677
0.60950114;182.11;83.41;105.144
0.591476592;174.76;83.41;105.144
0.590383537;178.93;83.41;105.144
0.580809898;167.93;83.41;105.144
0.597688438;168.96;83.41;105.144
0.627169515;180;83.41;105.144
0.677137952;218.57;83.41;105.144
0.715513678;253.16;83.41;105.144
0.730106835;273;83.41;105.144
0.753016864;269.84;83.41;105.144
0.740221182;251.71;83.41;105.144
0.740112118;248.24;83.41;105.144
0.718433797;238.96;83.41;105.144
0.729094925;232.89;83.41;105.144
0.719937815;241.02;83.41;105.144
0.737473312;228.96;83.41;105.144
0.750995272;224.79;83.41;105.144
0.722398101;246.01;83.41;105.144
0.733309247;234.99;83.41;105.144
0.691602827;225.81;83.41;105.144
0.698607739;211.19;83.41;105.144
0.712282287;187.91;83.41;105.144
0.699429638;170.58;83.41;105.144
0.671928284;140.09;83.41;105.144
0.649733661;158.9;83.41;97.092
0.630827194;145.6;83.41;97.092
0.628227648;140.19;83.41;97.092
0.617206899;132.41;83.41;97.092
0.619630767;128.22;83.41;97.092
0.631116131;155.92;83.41;97.092
0.637946141;183.86;83.41;97.092
0.666357713;224.72;83.41;97.092
0.701653978;224.4;83.41;97.092
0.760739315;223.72;83.41;97.092
0.788546945;225.4;83.41;97.092
0.754519912;224.4;83.41;97.092
0.719820095;224.04;83.41;97.092
0.734873472;216.82;83.41;97.092
0.737395883;213.29;83.41;97.092
0.748969496;210.39;83.41;97.092
0.756892605;213.19;83.41;97.092
0.719690616;214.19;83.41;97.092
0.731142215;224.4;83.41;97.092
0.700322412;221.82;83.41;97.092
0.714144743;201.07;83.41;97.092
0.687289084;183.71;83.41;97.092
0.667944906;170.96;83.41;97.092
0.660566809;161.67;83.41;97.092
0.645609836;148.72;83.41;90.979
0.624074984;148.72;83.41;90.979
0.602817387;146.39;83.41;90.979
0.59589518;137.87;83.41;90.979
0.598149609;141;83.41;90.979
0.614446411;148.55;83.41;90.979
0.63162868;169.45;83.41;90.979
0.660233838;189.19;83.41;90.979
0.68332734;217;83.41;90.979
0.731984741;222.2;83.41;90.979
0.762282526;225.09;83.41;90.979
0.797294704;221.93;83.41;90.979
0.767645675;223.91;83.41;90.979
0.777158886;228.91;83.41;90.979
0.773463851;225.92;83.41;90.979
0.777965357;220.05;83.41;90.979
0.784441487;222.06;83.41;90.979
0.741201457;214.02;83.41;90.979
0.74539149;209.93;83.41;90.979
0.717865124;198.44;83.41;90.979
0.75111731;181.34;83.41;90.979
0.731013191;152;83.41;90.979
0.722823888;148.74;83.41;90.979
0.730160595;119.9;83.41;90.979
0.730689057;81.2;83.41;82.686
0.726908524;50.4;83.41;82.686
0.730035641;50;83.41;82.686
0.729948132;32.52;83.41;82.686
0.74420492;36;83.41;82.686
0.756842678;48.48;83.41;82.686
0.760005667;57.53;83.41;82.686
0.794972533;98.2;83.41;82.686
0.842249602;122.2;83.41;82.686
0.934538082;145.87;83.41;82.686
0.959514868;138.67;83.41;82.686
0.956666107;140.04;83.41;82.686
0.908017863;137.78;83.41;82.686
0.87929133;139.96;83.41;82.686
0.847015482;150.99;83.41;82.686
0.852136215;159.89;83.41;82.686
0.851359174;163.05;83.41;82.686
0.811105729;166.34;83.41;82.686
0.813740595;149.74;83.41;82.686
0.776509799;138.79;83.41;82.686
0.790582297;129.67;83.41;82.686
0.772612254;120;83.41;82.686
0.760136339;116.7;83.41;82.686
0.744437126;110.78;83.41;82.686
0.72559158;120.28;83.41;82.686
0.707442275;112.11;83.41;82.686
0.692745365;106.65;83.41;82.686
0.682515288;90.84;83.41;82.686
0.680127895;85.7;83.41;82.686
0.683989495;85.65;83.41;82.686
0.670441904;85.64;83.41;82.686
0.686512743;92.7;83.41;82.686
0.701337986;110.1;83.41;82.686
0.751093065;113.28;83.41;82.686
0.74450737;119.6;83.41;82.686
0.754144658;121.36;83.41;82.686
0.730238396;101.01;83.41;82.686
0.734272449;95.6;83.41;82.686
0.719085307;92.89;83.41;82.686
0.710102288;110.08;83.41;82.686
0.692979281;112.91;83.41;82.686
0.645465114;130.42;83.41;82.686
0.644711273;120.38;83.41;82.686
0.621724327;110.09;83.41;82.686
0.650204193;118.21;83.41;82.686
0.643302088;106.52;83.41;82.686
0.629682226;102.25;83.41;82.686
0.614379149;100;83.41;82.686
0.596123388;50.3;83.41;82.686
0.575109827;36.98;83.41;82.686
0.562452328;27.02;83.41;82.686
0.566549518;21.3;83.41;82.686
0.571351656;17.9;83.41;82.686
0.573969949;16.33;83.41;82.686
0.559337038;18.11;83.41;82.686
0.579932229;23.29;83.41;82.686
0.599970514;38.68;83.41;82.686
0.651034494;53.57;83.41;82.686
0.662047472;59.3;83.41;82.686
0.691426372;59;83.41;82.686
0.68362499;54.9;83.41;82.686
0.705847763;29.99;83.41;82.686
0.686655365;32.64;83.41;82.686
0.671628302;33.99;83.41;82.686
0.676611079;47.63;83.41;82.686
0.643253556;54.98;83.41;82.686
0.653469594;52.2;83.41;82.686
0.63988712;59.17;83.41;82.686
0.669163156;58.43;83.41;82.686
0.650389815;59.04;83.41;82.686
0.631654145;48.55;83.41;82.686
0.605330838;19.48;83.41;82.686
0.590560078;23.36;83.41;82.686
0.590666632;9.98;83.41;82.686
0.588126983;5.69;83.41;82.686
0.589024204;5;83.41;82.686
0.595995392;11.46;83.41;82.686
0.615797655;19.59;83.41;82.686
0.626620703;30.42;83.41;82.686
0.659245492;80.96;83.41;82.686
0.670808167;95.9;83.41;82.686
0.701955185;100.08;83.41;82.686
0.687447068;95.93;83.41;82.686
0.692248164;108.42;83.41;82.686
0.684848862;110.38;83.41;82.686
0.683532766;124.36;83.41;82.686
0.668865627;139.08;83.41;82.686
0.675813752;143.32;83.41;82.686
0.678102293;147.56;83.41;82.686
0.64433942;158.69;83.41;82.686
0.674581291;164.69;83.41;82.686
0.662192854;156.93;83.41;82.686
0.699277587;147.56;83.41;82.686
0.687517607;128.8;83.41;82.686
0.670268615;107.84;83.41;82.686
0.672846291;85.62;83.41;82.686
0.653354832;40.28;83.41;83.301
0.639045691;33.13;83.41;83.301
0.622617604;10.31;83.41;83.301
0.621585488;0.05;83.41;83.301
0.628888601;0.03;83.41;83.301
0.638336198;0.1;83.41;83.301
0.633031454;16.97;83.41;83.301
0.657739279;31.41;83.41;83.301
0.677442519;43.24;83.41;83.301
0.727912053;63.63;83.41;83.301
0.713986748;68.38;83.41;83.301
0.727468731;59.95;83.41;83.301
0.695471005;52.08;83.41;83.301
0.687639558;47.09;83.41;83.301
0.675135172;71.1;83.41;83.301
0.671102304;71.08;83.41;83.301
0.68238113;85.77;83.41;83.301
0.645934571;89.71;83.41;83.301
0.669141065;87.43;83.41;83.301
0.650445991;71.77;83.41;83.301
0.675359695;55.1;83.41;83.301
0.652835086;46.42;83.41;83.301
0.63735859;35.45;83.41;83.301
0.633123549;21.05;83.41;83.301
0.638346937;-1.01;83.41;77.09
0.641873883;-1.05;83.41;77.09
0.623856557;-1.1;83.41;77.09
0.599813272;-2.18;83.41;77.09
0.589792939;-2.05;83.41;77.09
0.596115234;-0.98;83.41;77.09
0.584450977;-0.05;83.41;77.09
0.599002099;0.09;83.41;77.09
0.61815621;8.98;83.41;77.09
0.662853586;5.97;83.41;77.09
0.671350604;5.28;83.41;77.09
0.670773082;4.01;83.41;77.09
0.633946612;1.99;83.41;77.09
0.640481444;3.4;83.41;77.09
0.637153241;19.95;83.41;77.09
0.631133377;24.54;83.41;77.09
0.639385658;27.2;83.41;77.09
0.583422614;34.54;83.41;77.09
0.587031587;51.41;83.41;77.09
0.566896967;47.94;83.41;77.09
0.589305792;26.62;83.41;77.09
0.574260028;25.01;83.41;77.09
0.558690015;26.31;83.41;77.09
0.540843689;21.07;83.41;77.09
0.540473826;11.17;83.41;81.045
0.545136196;5.09;83.41;81.045
0.557118085;3.09;83.41;81.045
0.556886535;0.65;83.41;81.045
0.552659334;0.57;83.41;81.045
0.550272207;4.88;83.41;81.045
0.541862429;10.93;83.41;81.045
0.570615139;24.13;83.41;81.045
0.590733782;27.69;83.41;81.045
0.635873655;29.08;83.41;81.045
0.612187125;26.09;83.41;81.045
0.643824368;24.72;83.41;81.045
0.641541198;17.74;83.41;81.045
0.655692457;19.87;83.41;81.045
0.636218654;25.64;83.41;81.045
0.641087948;27.97;83.41;81.045
0.643619761;21.01;83.41;81.045
0.60669739;30.78;83.41;81.045
0.631168679;22.4;83.41;81.045
0.594481366;13.79;83.41;81.045
0.601007178;2.63;83.41;81.045
0.563135086;0.69;83.41;81.045
0.543390126;0.4;83.41;81.045
0.5180264;0;83.41;81.045
0.474264482;-0.03;83.41;75.07
0.439446679;-0.07;83.41;75.07
0.427499082;-0.03;83.41;75.07
0.42824568;-0.04;83.41;75.07
0.432745924;-0.03;83.41;75.07
0.438406047;-0.02;83.41;75.07
0.423073494;-0.01;83.41;75.07
0.435419059;-0.05;83.41;75.07
0.438618205;0.63;83.41;75.07
0.476547601;-0.03;83.41;75.07
0.450883292;-0.3;83.41;75.07
0.473816304;-1.66;83.41;75.07
0.471335428;-3.78;83.41;75.07
0.492702067;-3.44;83.41;75.07
0.48502816;-2.07;83.41;75.07
0.492258346;-1.98;83.41;75.07
0.492585682;-0.9;83.41;75.07
0.457202962;0;83.41;75.07
0.471522448;-0.01;83.41;75.07
0.444467051;-1.01;83.41;75.07
0.467761535;-1.39;83.41;75.07
0.45435531;-1.04;83.41;75.07
0.446202401;-1.07;83.41;75.07
0.448484674;-0.68;83.41;75.07
