thermal_demand;electricity_price;co2_price;gas_price
2.772825367;50.05;82.25;70.807
2.776139967;41.33;82.25;70.807
2.757685751;43.22;82.25;70.807
2.724550442;45.46;82.25;70.807
2.726671436;37.67;82.25;70.807
2.74557003;39.7;82.25;70.807
2.709712958;40.59;82.25;70.807
2.762904233;43.26;82.25;70.807
2.834564835;49.66;82.25;70.807
3.051133602;70.05;82.25;70.807
3.075689947;76.79;82.25;70.807
3.230342792;84.1;82.25;70.807
3.251752197;94.74;82.25;70.807
3.433626253;96.8;82.25;70.807
3.35019445;97.17;82.25;70.807
3.355613288;101;82.25;70.807
3.412495485;126.6;82.25;70.807
3.196653191;149.97;82.25;70.807
3.230493471;146.33;82.25;70.807
3.085737869;140.28;82.25;70.807
3.265979469;121.88;82.25;70.807
3.202988559;102.61;82.25;70.807
3.104905044;97.46;82.25;70.807
3.071580365;85.16;82.25;70.807
3.057204569;57.08;82.25;70.807
2.99164389;52.59;82.25;70.807
2.971438292;48.97;82.25;70.807
2.896694902;34.94;82.25;70.807
2.893843939;29.56;82.25;70.807
2.911608972;33.97;82.25;70.807
2.977748888;34.52;82.25;70.807
3.03358787;41.8;82.25;70.807
3.000698386;48.95;82.25;70.807
3.102755836;60.01;82.25;70.807
3.039839088;70.09;82.25;70.807
3.012104982;66.26;82.25;70.807
2.880511217;64.54;82.25;70.807
2.883229337;46.96;82.25;70.807
2.813007209;40.01;82.25;70.807
2.850811883;29.11;82.25;70.807
2.936171159;32.76;82.25;70.807
2.764321542;42.97;82.25;70.807
2.91692453;60.96;82.25;70.807
2.893829852;60.94;82.25;70.807
3.030662326;54.12;82.25;70.807
2.914979324;46.16;82.25;70.807
2.834333821;46.29;82.25;70.807
2.744129753;32.93;82.25;70.807
2.659713232;0.31;82.25;70.807
2.590696005;-0.01;82.25;70.807
2.561273758;-0.07;82.25;70.807
2.592474622;-1.05;82.25;70.807
2.634843446;-1;82.25;70.807
2.810542673;0.32;82.25;70.807
3.004026072;37.55;82.25;70.807
3.190860489;88.76;82.25;70.807
3.176757126;122.93;82.25;70.807
3.195552122;110.17;82.25;70.807
3.063536541;93.38;82.25;70.807
3.078136871;90.73;82.25;70.807
2.976338163;82.37;82.25;70.807
3.078548093;80.9;82.25;70.807
3.093619939;80.99;82.25;70.807
3.225670998;98.05;82.25;70.807
3.285642287;123.51;82.25;70.807
3.081186747;148.49;82.25;70.807
3.119889605;138;82.25;70.807
3.072679749;117.64;82.25;70.807
3.255082169;117.71;82.25;70.807
3.108070221;95.95;82.25;70.807
3.05577145;105.68;82.25;70.807
2.944504006;95.26;82.25;70.807
2.859052313;103.7;82.25;70.807
2.757895764;108.27;82.25;70.807
2.695967534;105.92;82.25;70.807
2.648258085;103.41;82.25;70.807
2.729395894;102.71;82.25;70.807
2.986991609;114.23;82.25;70.807
3.210294016;156.91;82.25;70.807
3.547012442;182.64;82.25;70.807
3.598363467;178.91;82.25;70.807
3.764175727;190;82.25;70.807
3.666440211;189.88;82.25;70.807
3.785369285;182.42;82.25;70.807
3.741267647;182.46;82.25;70.807
3.715714265;179.59;82.25;70.807
3.613794765;179;82.25;70.807
3.581881377;180.93;82.25;70.807
3.608746246;166.69;82.25;70.807
3.461332575;189.88;82.25;70.807
3.552112409;184.94;82.25;70.807
3.492831778;178.99;82.25;70.807
3.755114196;156.12;82.25;70.807
3.646637093;140.92;82.25;70.807
3.431536189;137.92;82.25;70.807
3.248437045;97.56;82.25;70.807
3.158382541;105.31;82.25;91.338
3.08436095;97.29;82.25;91.338
3.041191437;84.5;82.25;91.338
3.031548141;75.38;82.25;91.338
3.089422719;79.11;82.25;91.338
3.167032669;94.79;82.25;91.338
3.260947559;99.16;82.25;91.338
3.428985806;101.15;82.25;91.338
3.458126866;129.56;82.25;91.338
3.593672374;113.37;82.25;91.338
3.622156048;94.43;82.25;91.338
3.700374403;98.1;82.25;91.338
3.606043899;95.68;82.25;91.338
3.761434082;96.8;82.25;91.338
3.725645952;107.32;82.25;91.338
3.707563197;119.48;82.25;91.338
3.782164588;137.28;82.25;91.338
3.665989242;148.09;82.25;91.338
3.75984546;139.88;82.25;91.338
3.593627885;135.75;82.25;91.338
3.666191204;119.93;82.25;91.338
3.631337327;98.09;82.25;91.338
3.721307677;118.71;82.25;91.338
3.622262736;99.68;82.25;91.338
3.610718216;99.85;82.25;92.598
3.557221905;101.32;82.25;92.598
3.543574287;110.01;82.25;92.598
3.532347726;111.55;82.25;92.598
3.604487356;123.37;82.25;92.598
3.677417207;149.94;82.25;92.598
3.722071349;185.92;82.25;92.598
3.862633953;228.25;82.25;92.598
4.099695018;228.92;82.25;92.598
4.384115681;212.9;82.25;92.598
4.348112705;215.5;82.25;92.598
4.519994227;231.9;82.25;92.598
4.429174118;226;82.25;92.598
4.414120716;209.2;82.25;92.598
4.277435537;216.06;82.25;92.598
4.264890857;230.77;82.25;92.598
4.274614119;245.95;82.25;92.598
4.145143054;274.11;82.25;92.598
4.276016485;273.44;82.25;92.598
4.222425548;245.48;82.25;92.598
4.262994434;226.14;82.25;92.598
4.184906839;208.31;82.25;92.598
4.115724464;178.75;82.25;92.598
4.105721297;124.7;82.25;92.598
3.993160676;128.92;82.25;94.548
3.864723152;118.4;82.25;94.548
3.874862882;103.01;82.25;94.548
3.856334748;101.91;82.25;94.548
3.911804493;101.98;82.25;94.548
3.94913018;114.99;82.25;94.548
3.990020623;140.19;82.25;94.548
4.166769098;152.64;82.25;94.548
4.238959811;160.97;82.25;94.548
4.4224468;161.85;82.25;94.548
4.358195714;161.37;82.25;94.548
4.411583239;166.06;82.25;94.548
4.251803299;166.54;82.25;94.548
4.26141272;166.04;82.25;94.548
4.202028545;169.43;82.25;94.548
4.227346818;189.7;82.25;94.548
4.22568916;201.97;82.25;94.548
3.993603913;243.11;82.25;94.548
4.011923123;253.81;82.25;94.548
3.797591712;237.05;82.25;94.548
3.894671041;224.33;82.25;94.548
3.751050418;213.81;82.25;94.548
3.550970422;185.94;82.25;94.548
3.436693453;148.32;82.25;94.548
3.335065251;164.17;82.25;90.886
3.299295833;152.83;82.25;90.886
3.242704354;166;82.25;90.886
3.218845427;160.86;82.25;90.886
3.293362352;160;82.25;90.886
3.500985944;154.3;82.25;90.886
3.737585154;166;82.25;90.886
3.952199992;182.91;82.25;90.886
3.760563082;215.89;82.25;90.886
3.752510579;231;82.25;90.886
3.655276662;228.95;82.25;90.886
3.697593658;215.39;82.25;90.886
3.621385023;206.68;82.25;90.886
3.65912067;185;82.25;90.886
3.650931111;169.52;82.25;90.886
3.721247338;162.8;82.25;90.886
3.782603223;161.34;82.25;90.886
3.691827168;189.9;82.25;90.886
3.832704072;170.71;82.25;90.886
3.805598239;140.23;82.25;90.886
3.868451594;102.54;82.25;90.886
3.678015671;102.18;82.25;90.886
3.527398716;102.29;82.25;90.886
3.369343626;90.05;82.25;90.886
3.268207627;85.03;82.25;90.886
3.24959112;84.4;82.25;90.886
3.19713231;80.24;82.25;90.886
3.189344616;55.46;82.25;90.886
3.177252801;49.29;82.25;90.886
3.309343913;50.64;82.25;90.886
3.531238382;74.29;82.25;90.886
3.777630318;84.44;82.25;90.886
3.638934412;97.26;82.25;90.886
3.675177579;119.97;82.25;90.886
3.551204321;134.96;82.25;90.886
3.539523401;149.4;82.25;90.886
3.493360114;165.13;82.25;90.886
3.581099688;165.06;82.25;90.886
3.581046079;170.09;82.25;90.886
3.667306514;189.04;82.25;90.886
3.793343284;190.96;82.25;90.886
3.613218803;223.3;82.25;90.886
3.712089075;243.94;82.25;90.886
3.646907882;240;82.25;90.886
3.871125368;230.82;82.25;90.886
3.868576237;214.02;82.25;90.886
3.810011996;215.88;82.25;90.886
3.600792026;203.8;82.25;90.886
3.465790599;196.23;82.25;91.43
3.38582563;191.85;82.25;91.43
3.399357113;195.91;82.25;91.43
3.434068094;186.66;82.25;91.43
3.468502868;178.04;82.25;91.43
3.625499867;191.65;82.25;91.43
3.915133959;237.44;82.25;91.43
4.097304681;299.95;82.25;91.43
4.005177249;313.92;82.25;91.43
3.966237107;315;82.25;91.43
3.83636704;310.41;82.25;91.43
3.848125412;310.08;82.25;91.43
3.764250395;300;82.25;91.43
3.852336026;297.01;82.25;91.43
3.91749384;299.96;82.25;91.43
3.953852992;306.45;82.25;91.43
4.040657752;302.73;82.25;91.43
3.896461332;315.47;82.25;91.43
3.955199169;310.82;82.25;91.43
3.845411925;294.98;82.25;91.43
3.980980331;267.45;82.25;91.43
3.94962042;242.29;82.25;91.43
3.811228625;217.03;82.25;91.43
3.675218472;195.83;82.25;91.43
3.575892576;210.34;82.25;88.498
3.56651898;202.42;82.25;88.498
3.586249327;197.6;82.25;88.498
3.690416135;193;82.25;88.498
3.791604648;194.9;82.25;88.498
4.096274559;204.45;82.25;88.498
4.50383187;237.13;82.25;88.498
4.697670156;298.68;82.25;88.498
4.389318331;302.02;82.25;88.498
4.225976516;297.16;82.25;88.498
4.036338299;277.02;82.25;88.498
3.951929946;266.43;82.25;88.498
3.767473319;254.92;82.25;88.498
3.776515217;248.89;82.25;88.498
3.779182403;255.01;82.25;88.498
3.911655992;277.9;82.25;88.498
4.06603707;289.94;82.25;88.498
3.959135954;316.4;82.25;88.498
4.077131032;315.9;82.25;88.498
3.905559809;309.2;82.25;88.498
4.046493873;285.33;82.25;88.498
3.965839141;245.44;82.25;88.498
3.790919002;237.27;82.25;88.498
3.557131339;212.49;82.25;88.498
3.380336302;196.65;82.25;82.675
3.312143777;187.1;82.25;82.675
3.35076867;184.27;82.25;82.675
3.310918298;179.58;82.25;82.675
3.361351594;178.33;82.25;82.675
3.504885293;193.5;82.25;82.675
3.880252073;240.56;82.25;82.675
4.189173945;273.18;82.25;82.675
4.113464617;300.1;82.25;82.675
4.141946298;292.74;82.25;82.675
4.003301755;275.5;82.25;82.675
3.964824463;258.65;82.25;82.675
3.815489418;245.11;82.25;82.675
3.891769021;232.08;82.25;82.675
3.879378872;234.77;82.25;82.675
3.874689763;240.01;82.25;82.675
3.935743271;255;82.25;82.675
3.778211838;284.82;82.25;82.675
3.883277628;285.97;82.25;82.675
3.732842544;269.03;82.25;82.675
3.789713592;235.25;82.25;82.675
3.618670815;191.5;82.25;82.675
3.371592173;193.69;82.25;82.675
3.197105699;172.18;82.25;82.675
3.087804067;173.14;82.25;79.105
3.021588015;161.69;82.25;79.105
2.989487033;153.58;82.25;79.105
2.962360476;147.07;82.25;79.105
2.993627093;152.47;82.25;79.105
3.10144894;171.26;82.25;79.105
3.177484656;192.03;82.25;79.105
3.353543583;215.24;82.25;79.105
3.470072104;235.9;82.25;79.105
3.671583497;219.99;82.25;79.105
3.724018232;180.08;82.25;79.105
3.809829764;170.16;82.25;79.105
3.722854275;152.53;82.25;79.105
3.683167369;134.13;82.25;79.105
3.52108676;171.01;82.25;79.105
3.541332081;201.59;82.25;79.105
3.646809974;205.38;82.25;79.105
3.423892736;220.3;82.25;79.105
3.454225431;212.76;82.25;79.105
3.347022024;210;82.25;79.105
3.420391131;192.69;82.25;79.105
3.297065369;164.46;82.25;79.105
3.222086496;164.2;82.25;79.105
3.099364871;122.09;82.25;79.105
2.998690741;120.04;82.25;79.105
2.917171708;110.03;82.25;79.105
2.895454425;108.24;82.25;79.105
2.867243346;107.46;82.25;79.105
2.875766037;109.82;82.25;79.105
2.894945821;140.52;82.25;79.105
2.899285773;176.04;82.25;79.105
3.092526358;190.97;82.25;79.105
3.367933634;216.99;82.25;79.105
3.755288146;196.91;82.25;79.105
3.85676512;162.92;82.25;79.105
3.748967591;160.04;81.7;79.105
3.576714221;154.01;81.52;79.105
3.814123339;152.29;81.52;79.105
3.794514394;186.94;81.52;79.105
3.914384668;217.18;81.52;79.105
4.00779123;224.91;81.52;79.105
3.882876642;262;81.52;79.105
3.971466617;260.04;81.52;79.105
3.892175463;234.32;81.52;79.105
4.024772512;215.04;81.52;79.105
3.915371036;204.39;81.52;79.105
3.823331282;194.29;81.52;79.105
3.618277853;184.9;81.52;79.105
3.494574764;222.01;81.52;89.824
3.396055715;205.08;81.52;89.824
3.393350864;194.62;81.52;89.824
3.434088064;182.64;81.52;89.824
3.572710169;187.83;81.52;89.824
3.898048273;190.58;81.52;89.824
4.14087307;190.27;81.52;89.824
4.213799467;204.46;81.52;89.824
4.061144314;212.84;81.52;89.824
4.196588663;230;81.52;89.824
4.034064426;222.39;81.52;89.824
3.948696516;214.92;81.52;89.824
3.901436846;208.43;81.52;89.824
4.067405334;200;81.52;89.824
3.986416352;203.09;81.52;89.824
4.012737012;213.98;81.52;89.824
4.124630637;226.32;81.52;89.824
4.042764618;260;81.52;89.824
4.111177722;267.03;81.52;89.824
3.994573052;261.41;81.52;89.824
4.11843459;243.62;81.52;89.824
4.005544361;220.1;81.52;89.824
3.774008709;212.85;81.52;89.824
3.601986284;209.41;81.52;89.824
3.469596948;225.92;81.52;89.824
3.374374167;216;81.52;89.824
3.287743132;189.49;81.52;89.824
3.210885374;181.98;81.52;89.824
3.202474745;174.98;81.52;89.824
3.349025768;165.91;81.52;89.824
3.531848959;118.71;81.52;89.824
3.640454098;119.45;81.52;89.824
3.394829318;125.86;81.52;89.824
3.489686562;129.46;81.52;89.824
3.461479039;125.99;81.52;89.824
3.502930115;131.83;81.52;89.824
3.414923914;123.01;81.52;89.824
3.599086789;122.49;81.52;89.824
3.649089353;102.67;81.52;89.824
3.65728255;121.95;81.52;89.824
3.600252389;115;81.52;89.824
3.388728419;125.42;81.52;89.824
3.525848841;112.4;81.52;89.824
3.496379625;97.49;81.52;89.824
3.722116596;90.14;81.52;89.824
3.701466149;97.09;81.52;89.824
3.556570592;93.85;81.52;89.824
3.382998971;87.2;81.52;89.824
3.29261415;78.08;81.52;90.021
3.231372789;34;81.52;90.021
3.256795919;12.33;81.52;90.021
3.301473154;10.09;81.52;90.021
3.45617498;12.83;81.52;90.021
3.775261358;36.16;81.52;90.021
4.058734238;92.03;81.52;90.021
4.201164716;102.8;81.52;90.021
4.076930635;126;81.52;90.021
4.024452528;100.9;81.52;90.021
3.815724971;112.03;81.52;90.021
3.717360915;111.25;81.52;90.021
3.615296079;100.58;81.52;90.021
3.785162705;111.65;81.52;90.021
3.850283742;127.38;81.52;90.021
4.001382729;168.85;81.52;90.021
4.09103514;199.85;81.52;90.021
4.046511879;249.99;81.52;90.021
4.209908836;254.37;81.52;90.021
4.125786984;237.28;81.52;90.021
4.229385472;220;81.52;90.021
4.073398393;215.94;81.52;90.021
3.900671896;209.16;81.52;90.021
3.731239495;180;81.52;90.021
3.670210922;188.94;81.52;80.637
3.613421203;192.68;81.52;80.637
3.612395666;180.09;81.52;80.637
3.645359716;188.09;81.52;80.637
3.7009239;193.99;81.52;80.637
3.947783963;205.07;81.52;80.637
4.401367934;229.1;81.52;80.637
4.620855459;273.71;81.52;80.637
4.505948792;294.4;81.52;80.637
4.403645625;290.64;81.52;80.637
4.142791069;275.4;81.52;80.637
4.019466885;265.1;81.52;80.637
3.791560982;250;81.52;80.637
3.858528402;244.27;81.52;80.637
3.80483979;243.02;81.52;80.637
3.869858382;249.22;81.52;80.637
3.916433157;260;81.52;80.637
3.782448482;278;81.52;80.637
3.859307595;276.39;81.52;80.637
3.727486733;255.03;81.52;80.637
3.863873643;237.28;81.52;80.637
3.917851404;224.19;81.52;80.637
3.925519757;190.78;81.52;80.637
3.795223949;175.49;81.52;80.637
3.585920896;169.01;81.52;78.242
3.479438307;163.48;81.52;78.242
3.390684032;162.93;81.52;78.242
3.328617229;160.01;81.52;78.242
3.383602924;163.16;81.52;78.242
3.554577803;165.59;81.52;78.242
3.777688273;198.39;81.52;78.242
3.954376967;227.42;81.52;78.242
3.872805972;261.65;81.52;78.242
3.864963258;252.67;81.52;78.242
3.684632053;221.75;81.52;78.242
3.68562513;193.62;81.52;78.242
3.612514966;170.14;81.52;78.242
3.662870147;160.47;81.52;78.242
3.667581112;164.13;81.52;78.242
3.745214098;180.5;81.52;78.242
3.863968184;179.26;81.52;78.242
3.74260127;173.99;81.52;78.242
3.816259206;167.34;81.52;78.242
3.796799492;135.61;81.52;78.242
3.932277094;125.05;81.52;78.242
3.896076388;120.9;81.52;78.242
3.768030201;118.08;81.52;78.242
3.601731524;97.16;81.52;78.242
3.470387604;90.05;81.52;74.748
3.485484587;78.94;81.52;74.748
3.579526936;75.05;81.52;74.748
3.621877313;72.13;81.52;74.748
3.707928066;70.99;81.52;74.748
3.758323703;87.7;81.52;74.748
3.939099025;96.26;81.52;74.748
4.155828638;118.95;81.52;74.748
4.435636377;140.51;81.52;74.748
4.683255807;130.27;81.52;74.748
4.595539503;128.47;81.52;74.748
4.454421116;111.95;81.52;74.748
4.218861668;94.15;81.52;74.748
4.223133587;85.54;81.52;74.748
4.217081718;105.37;81.52;74.748
4.380591064;111.32;81.52;74.748
4.53283923;134.86;81.52;74.748
4.423593766;176.05;81.52;74.748
4.431970053;192.74;81.52;74.748
4.300991182;180;81.52;74.748
4.330204848;152.33;81.52;74.748
4.183475588;137.91;81.52;74.748
4.089203216;131.76;81.52;74.748
4.008122398;121.39;81.52;74.748
3.886114573;119.19;81.52;74.4
3.753789061;117.87;81.52;74.4
3.713249747;110.92;81.52;74.4
3.752413127;113.14;81.52;74.4
3.82354708;119.15;81.52;74.4
3.926188793;120.73;81.52;74.4
3.997876884;148.76;81.52;74.4
4.240766958;207.59;81.52;74.4
4.416514286;223.15;81.52;74.4
4.703041996;215.79;81.52;74.4
4.558224865;206.51;81.52;74.4
4.411952475;206.43;83.4;74.4
4.106175156;190;84.03;74.4
4.02729274;170.08;84.03;74.4
3.897477664;169.29;84.03;74.4
3.981449365;190;84.03;74.4
4.141303454;177.44;84.03;74.4
4.184074348;179.99;84.03;74.4
4.378088687;165.05;84.03;74.4
4.202903153;145.81;84.03;74.4
4.255866756;139.73;84.03;74.4
4.089540124;132.25;84.03;74.4
4.003042898;133.59;84.03;74.4
3.8980538;120.01;84.03;74.4
3.784006692;123.58;84.03;79.12
3.724718567;120.3;84.03;79.12
3.718073509;119.99;84.03;79.12
3.74293302;121.8;84.03;79.12
3.850822494;123.57;84.03;79.12
4.084213941;123.68;84.03;79.12
4.408768693;120;84.03;79.12
4.645861849;148.35;84.03;79.12
4.372156755;186;84.03;79.12
4.242464848;207.46;84.03;79.12
4.033135034;211.25;84.03;79.12
3.990233375;209.69;84.03;79.12
3.957464367;200.83;84.03;79.12
4.109145885;188.54;84.03;79.12
4.044395883;185.88;84.03;79.12
3.982639238;196.5;84.03;79.12
4.035959068;197.25;84.03;79.12
3.992129267;222.31;84.03;79.12
4.138516567;230.82;84.03;79.12
4.094036552;214.32;84.03;79.12
4.256981755;207.14;84.03;79.12
4.185110486;190.33;84.03;79.12
3.861701187;193.52;84.03;79.12
3.610016885;175.07;84.03;79.12
3.49435097;171.69;84.03;79.12
3.431921492;183.01;84.03;79.12
3.417820616;185.22;84.03;79.12
3.357045057;179.73;84.03;79.12
3.427306039;179.04;84.03;79.12
3.553022131;179.49;84.03;79.12
3.764344213;168.23;84.03;79.12
3.901269638;172.45;84.03;79.12
3.806805504;184.93;84.03;79.12
3.810088083;195.31;84.03;79.12
3.645605784;195.34;84.03;79.12
3.589266975;195.87;84.03;79.12
3.394550729;195.41;84.03;79.12
3.44671905;186.29;84.03;79.12
3.431245129;184.49;84.03;79.12
3.46779857;190;84.03;79.12
3.576089926;194;84.03;79.12
3.50955309;214.95;84.03;79.12
3.758984214;239.49;84.03;79.12
3.810736648;242.97;84.03;79.12
4.001082399;224.96;84.03;79.12
3.865130734;204.84;84.03;79.12
3.571626341;201;84.03;79.12
3.315462573;179.97;84.03;79.12
3.068825275;183.33;84.03;79.422
2.920394562;179.61;84.03;79.422
2.876521858;178.3;84.03;79.422
2.914167987;177.46;84.03;79.422
2.983934313;177.61;84.03;79.422
3.186276903;187.48;84.03;79.422
3.447384303;225.19;84.03;79.422
3.553878955;265;84.03;79.422
3.450654786;300.02;84.03;79.422
3.339386325;299.39;84.03;79.422
3.117133788;275.88;84.03;79.422
3.114143816;270;84.03;79.422
3.07270751;245.84;84.03;79.422
3.190806925;240.08;84.03;79.422
3.244837181;244;84.03;79.422
3.298173956;256.49;84.03;79.422
3.405737698;273.57;84.03;79.422
3.299066616;307.38;84.03;79.422
3.40345971;341.85;84.03;79.422
3.283108086;315.31;84.03;79.422
3.475568934;274.98;84.03;79.422
3.428686046;250;84.03;79.422
3.239746276;226.81;84.03;79.422
2.998702588;206.92;84.03;79.422
2.804880191;215.98;84.03;91.752
2.716165564;212.9;84.03;91.752
2.71652354;203.75;84.03;91.752
2.710814497;196.24;84.03;91.752
2.789286716;198.99;84.03;91.752
2.985819046;219.03;84.03;91.752
3.310807477;279.96;84.03;91.752
3.68135124;356.24;84.03;91.752
3.619902341;399.85;84.03;91.752
3.613958751;399.01;84.03;91.752
3.405072278;360;84.03;91.752
3.352544373;347.4;84.03;91.752
3.14713512;328.92;84.03;91.752
3.174408609;305;84.03;91.752
3.196565929;310;84.03;91.752
3.359607815;313;84.03;91.752
3.632103772;318.67;84.03;91.752
3.672740015;366.43;84.03;91.752
3.997059939;399.06;84.03;91.752
3.935710899;373.75;84.03;91.752
4.01440985;309.68;84.03;91.752
3.928039829;265;84.03;91.752
3.777314599;240.89;84.03;91.752
3.572045234;215.17;84.03;91.752
3.498342078;209.57;84.03;93.457
3.404239397;212.36;84.03;93.457
3.394501491;215.41;84.03;93.457
3.329855981;209.89;84.03;93.457
3.379222757;209.14;84.03;93.457
3.606981045;215.09;84.03;93.457
3.897763168;240.16;84.03;93.457
4.129089467;294.88;84.03;93.457
3.921517836;312.32;84.03;93.457
3.839973177;312.69;84.03;93.457
3.54723448;300.02;84.03;93.457
3.386534065;282.65;84.03;93.457
3.245951823;259.68;84.03;93.457
3.317718251;241.54;84.03;93.457
3.350608805;238.24;84.03;93.457
3.435815105;236.76;84.03;93.457
3.48897659;240.11;84.03;93.457
3.431575582;268.08;84.03;93.457
3.648211664;262.46;84.03;93.457
3.502790663;224.45;84.03;93.457
3.531622885;217.43;84.03;93.457
3.500565523;171.34;84.03;93.457
3.432589191;142.94;84.03;93.457
3.392548981;122.34;84.03;93.457
3.269638376;131.59;84.03;91.861
3.186498558;115.02;84.03;91.861
3.077456985;108.65;84.03;91.861
2.988158003;100.94;84.03;91.861
3.044067197;103.06;84.03;91.861
3.1607029;110.03;84.03;91.861
3.242018081;104.03;84.03;91.861
3.452642801;138.79;84.03;91.861
3.626946182;138.23;84.03;91.861
3.870773559;128.79;84.03;91.861
3.814451626;128.74;84.03;91.861
3.76000424;127.8;84.03;91.861
3.543512354;126.24;84.03;91.861
3.543341488;135.78;84.03;91.861
3.525757122;139.66;84.03;91.861
3.58102953;138.69;84.03;91.861
3.6969935;137.58;84.03;91.861
3.584268454;141.17;84.03;91.861
3.729940221;125.96;84.03;91.861
3.612297893;114.73;84.03;91.861
3.661662438;104.04;84.03;91.861
3.638606168;110.1;84.03;91.861
3.569765501;101.19;84.03;91.861
3.455766113;86.31;84.03;91.861
3.348941161;82.03;84.03;92.469
3.291789825;84.03;84.03;92.469
3.179863667;81.59;84.03;92.469
3.123450237;77.26;84.03;92.469
3.096609135;100.7;84.03;92.469
3.184783267;100.69;84.03;92.469
3.260858843;121.69;84.03;92.469
3.532196895;175.29;84.03;92.469
3.754506699;186.17;84.03;92.469
4.008502838;198.05;84.03;92.469
4.083130118;190.92;84.03;92.469
4.039998112;220.07;87.94;92.469
3.867644536;214.74;89.25;92.469
3.794187096;231.6;89.25;92.469
3.708245576;233.67;89.25;92.469
3.61694388;237.08;89.25;92.469
3.720181433;237.92;89.25;92.469
3.697654112;260;89.25;92.469
3.829073673;255.6;89.25;92.469
3.797164984;222.37;89.25;92.469
3.978865979;222.74;89.25;92.469
3.887161852;177.8;89.25;92.469
3.765452335;148.98;89.25;92.469
3.545739352;123.36;89.25;92.469
3.40423889;130.25;89.25;92.726
3.349421688;115.01;89.25;92.726
3.306516353;105.64;89.25;92.726
3.283473438;77.57;89.25;92.726
3.274465027;43.95;89.25;92.726
3.437333712;79.07;89.25;92.726
3.697210237;32.94;89.25;92.726
3.914741684;85.64;89.25;92.726
3.732178851;85.18;89.25;92.726
3.661332373;101.13;89.25;92.726
3.552576812;88.51;89.25;92.726
3.525745318;118.32;89.25;92.726
3.397975279;101.02;89.25;92.726
3.465245735;85.64;89.25;92.726
3.389780264;105.59;89.25;92.726
3.420133637;100.01;89.25;92.726
3.437380524;108.14;89.25;92.726
3.359245474;118.75;89.25;92.726
3.433543096;123.02;89.25;92.726
3.330514301;101.19;89.25;92.726
3.410295354;84.47;89.25;92.726
3.391588955;51.62;89.25;92.726
3.352523733;88.81;89.25;92.726
3.180916492;79.63;89.25;92.726
3.184476053;2.3;89.25;92.726
3.193554386;4.49;89.25;92.726
3.198044297;10.08;89.25;92.726
3.172716813;10.01;89.25;92.726
3.267483927;10.15;89.25;92.726
3.521318236;11.37;89.25;92.726
3.903205177;3.73;89.25;92.726
4.071691144;9.95;89.25;92.726
3.893248962;11.09;89.25;92.726
3.723850372;11.98;89.25;92.726
3.506678282;11.09;89.25;92.726
3.472430994;11.78;89.25;92.726
3.501024565;10;89.25;92.726
3.700073345;10;89.25;92.726
3.729217368;11.69;89.25;92.726
3.700512342;14.04;89.25;92.726
3.770796669;60.06;89.25;92.726
3.6539246;171.74;89.25;92.726
3.727994892;158.07;89.25;92.726
3.664063197;163.37;89.25;92.726
3.870258551;157.94;89.25;92.726
3.991783425;158.13;89.25;92.726
3.831128299;159.94;89.25;92.726
3.737005828;144.21;89.25;92.726
3.653660212;122.16;89.25;92.831
3.63835721;110.17;89.25;92.831
3.593757226;105.3;89.25;92.831
3.635154624;100;89.25;92.831
3.715021179;100.13;89.25;92.831
3.932725851;135.4;89.25;92.831
4.316534588;185.14;89.25;92.831
4.444213306;240;89.25;92.831
4.301258803;248.92;89.25;92.831
4.142055221;251.92;89.25;92.831
4.006336648;248.08;89.25;92.831
3.965771472;243.42;89.25;92.831
3.844135699;238.11;89.25;92.831
3.883719949;221.52;89.25;92.831
3.897555336;206.28;89.25;92.831
3.998771662;191.75;89.25;92.831
4.086100189;193.54;89.25;92.831
4.063651684;240.67;89.25;92.831
4.27252473;253.93;89.25;92.831
4.1731572;240.4;89.25;92.831
4.329134852;231.59;89.25;92.831
4.421168887;212.96;89.25;92.831
4.362846135;201.96;89.25;92.831
4.232504063;161.51;89.25;92.831
3.998059228;160.15;89.25;86.425
3.910842344;154.54;89.25;86.425
3.875861093;156.24;89.25;86.425
3.994231788;155.17;89.25;86.425
4.121876867;165.13;89.25;86.425
4.341246235;163.01;89.25;86.425
4.576424931;206.15;89.25;86.425
4.746010884;239.17;89.25;86.425
4.514250094;243.72;89.25;86.425
4.404761142;213;89.25;86.425
4.14321344;209.94;89.25;86.425
4.100785787;172.81;89.25;86.425
4.039874483;143.7;89.25;86.425
4.142652344;137.69;89.25;86.425
4.106584877;130.9;89.25;86.425
4.074631751;126.42;89.25;86.425
4.13348718;124.2;89.25;86.425
4.065702712;127.37;89.25;86.425
4.185469236;129.95;89.25;86.425
4.098254997;121.63;89.25;86.425
4.135313135;101.03;89.25;86.425
4.096981503;84.66;89.25;86.425
3.930661599;84.61;89.25;86.425
3.802635399;54.74;89.25;86.425
3.740776795;35.54;89.25;76.484
3.708227804;11.84;89.25;76.484
3.609358027;10.05;89.25;76.484
3.511762188;10.36;89.25;76.484
3.56397644;20.03;89.25;76.484
3.733207428;67.31;89.25;76.484
3.988922081;105.03;89.25;76.484
4.267307283;136.92;89.25;76.484
4.223630556;150.15;89.25;76.484
4.220320632;136.14;89.25;76.484
4.067305137;134.6;89.25;76.484
4.146151767;135.71;89.25;76.484
4.081751364;133.1;89.25;76.484
4.145594854;138.92;89.25;76.484
4.103871531;155.13;89.25;76.484
4.197506464;193.09;89.25;76.484
4.335769615;201.53;89.25;76.484
4.35563463;238.01;89.25;76.484
4.503616555;266.9;89.25;76.484
4.522421597;265;89.25;76.484
4.435546377;237;89.25;76.484
4.338396012;203.47;89.25;76.484
4.205624904;195.21;89.25;76.484
4.132895005;184.26;89.25;76.484
4.089321122;156.98;89.25;77.928
4.053226543;159.06;89.25;77.928
4.023232805;159.33;89.25;77.928
4.006503636;157.56;89.25;77.928
3.979998517;158.81;89.25;77.928
4.105700375;162.92;89.25;77.928
4.168942722;192.17;89.25;77.928
4.438974063;209.91;89.25;77.928
4.596047076;226.97;89.25;77.928
4.807966175;223.33;89.25;77.928
4.654046556;213.26;89.25;77.928
4.609188204;209;89.25;77.928
4.425095395;194.85;89.25;77.928
4.4935942;191.46;89.25;77.928
4.41627652;196.97;89.25;77.928
4.413116459;209.67;89.25;77.928
4.375109747;207.61;89.25;77.928
4.207625162;224.15;89.25;77.928
4.21435274;237.78;89.25;77.928
4.079945587;224.96;89.25;77.928
4.106175105;209.53;89.25;77.928
3.96985607;186.82;89.25;77.928
3.785695486;187.24;89.25;77.928
3.722882079;145.05;89.25;77.928
3.653111951;138.71;89.25;78.694
3.604491691;128;89.25;78.694
3.517422644;126.17;89.25;78.694
3.573906851;127.69;89.25;78.694
3.620723755;124.27;89.25;78.694
3.736807068;120.37;89.25;78.694
3.771262573;151.45;89.25;78.694
3.944027973;192.43;89.25;78.694
4.131155222;219.12;89.25;78.694
4.353847828;169.66;89.25;78.694
4.271240231;133.05;89.25;78.694
4.304241021;133;93.3;78.694
4.181300671;131.04;94.65;78.694
4.064301335;120.57;94.65;78.694
4.02711769;117.45;94.65;78.694
3.965632016;117.81;94.65;78.694
3.993727527;119.04;94.65;78.694
3.93022539;128.44;94.65;78.694
4.084613078;151.28;94.65;78.694
4.070803993;119.27;94.65;78.694
4.179281718;106.86;94.65;78.694
3.95294277;108.21;94.65;78.694
3.814828983;105.57;94.65;78.694
3.756907719;87.38;94.65;78.694
3.75326691;98.96;94.65;82.064
3.768858896;88.81;94.65;82.064
3.700970146;65.56;94.65;82.064
3.694829306;49.98;94.65;82.064
3.72789068;57.59;94.65;82.064
3.988205406;63.11;94.65;82.064
4.310941772;84.95;94.65;82.064
4.413035462;114.57;94.65;82.064
4.167745389;115.88;94.65;82.064
4.141497046;135.14;94.65;82.064
4.008925819;102.51;94.65;82.064
3.950332387;114.34;94.65;82.064
3.829535393;88.77;94.65;82.064
3.870227758;74.32;94.65;82.064
3.87815054;69.03;94.65;82.064
3.892071175;87.82;94.65;82.064
4.030187339;120.12;94.65;82.064
3.970776409;150.6;94.65;82.064
4.240617731;146.6;94.65;82.064
4.228257952;115.86;94.65;82.064
4.325672339;106.12;94.65;82.064
4.177797068;39.87;94.65;82.064
4.045530453;31.98;94.65;82.064
3.856673482;10.98;94.65;82.064
3.745259306;10.36;94.65;82.064
3.707693077;9.23;94.65;82.064
3.656846072;5.8;94.65;82.064
3.645971522;0.17;94.65;82.064
3.663059518;1.38;94.65;82.064
3.889379826;7.45;94.65;82.064
4.163473369;0.12;94.65;82.064
4.2329019;4.2;94.65;82.064
3.928315504;10.84;94.65;82.064
3.835817797;12.36;94.65;82.064
3.711335481;13.75;94.65;82.064
3.711850977;20.68;94.65;82.064
3.684283599;85.2;94.65;82.064
3.738327887;90.23;94.65;82.064
3.753864142;70.05;94.65;82.064
3.797645561;70.02;94.65;82.064
3.850339093;94.93;94.65;82.064
3.772181885;116.52;94.65;82.064
4.030276438;125;94.65;82.064
4.156215677;118.7;94.65;82.064
4.428957575;102.05;94.65;82.064
4.512536602;90.35;94.65;82.064
4.364817825;112.47;94.65;82.064
4.239956591;94.96;94.65;82.064
4.142806493;20.04;94.65;82.235
4.038196165;15.91;94.65;82.235
3.984293745;14.27;94.65;82.235
3.980947324;10.08;94.65;82.235
4.117233835;13.8;94.65;82.235
4.398208341;21;94.65;82.235
4.665711431;60.9;94.65;82.235
4.79874472;128.07;94.65;82.235
4.671959799;130.17;94.65;82.235
4.633790054;127.26;94.65;82.235
4.346756687;95;94.65;82.235
4.141023389;94.96;94.65;82.235
3.941808688;70.43;94.65;82.235
3.933997289;30.83;94.65;82.235
3.817095602;22.05;94.65;82.235
3.850415956;80.04;94.65;82.235
4.053887895;108.08;94.65;82.235
4.071073271;148.74;94.65;82.235
4.297665455;169.94;94.65;82.235
4.244879234;160.1;94.65;82.235
4.436456465;155.01;94.65;82.235
4.416300301;129.64;94.65;82.235
4.422321316;123.16;94.65;82.235
4.262608564;102.74;94.65;82.235
4.217864687;121.96;94.65;78.596
4.181711012;112.08;94.65;78.596
4.108795917;107.86;94.65;78.596
4.036459975;104.97;94.65;78.596
4.073719617;104.12;94.65;78.596
4.190698229;109.32;94.65;78.596
4.468184479;134.05;94.65;78.596
4.610167729;128.54;94.65;78.596
4.343118057;146.16;94.65;78.596
4.245242859;131.13;94.65;78.596
4.008715952;120.06;94.65;78.596
3.857783673;125.35;94.65;78.596
3.625352996;122.14;94.65;78.596
3.580110029;119.41;94.65;78.596
3.588460319;123.95;94.65;78.596
3.670650406;149;94.65;78.596
3.788168185;161.94;94.65;78.596
3.764715871;196.98;94.65;78.596
3.958374836;209.56;94.65;78.596
3.891562646;199.95;94.65;78.596
4.11396117;182.94;94.65;78.596
4.019524584;139.82;94.65;78.596
3.938474719;132.71;94.65;78.596
3.731583431;123.39;94.65;78.596
3.646294901;115.08;94.65;79.451
3.552092059;114.87;94.65;79.451
3.486781377;118.79;94.65;79.451
3.452351276;109.58;94.65;79.451
3.512388978;116.95;94.65;79.451
3.831370567;119.34;94.65;79.451
4.225828366;139.38;94.65;79.451
4.419065352;177.16;94.65;79.451
4.271161506;180.64;94.65;79.451
4.202565131;179.5;94.65;79.451
3.892576617;127.06;94.65;79.451
3.681939787;122.01;94.65;79.451
3.49712574;123.35;94.65;79.451
3.55198386;136.91;94.65;79.451
3.569107211;149.42;94.65;79.451
3.584070402;179.92;94.65;79.451
3.730958757;189.95;94.65;79.451
3.763066659;219;94.65;79.451
3.935560161;249.12;94.65;79.451
3.835547707;257.28;94.65;79.451
3.965173295;231.79;94.65;79.451
3.982363362;215.81;94.65;79.451
4.020132347;211.79;94.65;79.451
3.958928656;196.7;94.65;79.451
3.852115183;200.46;94.65;75.915
3.79574115;192.61;94.65;75.915
3.801392711;185.1;94.65;75.915
3.77545337;172.23;94.65;75.915
3.799771343;172.91;94.65;75.915
3.88037517;174.88;94.65;75.915
4.009395274;203.67;94.65;75.915
4.270605192;233.46;94.65;75.915
4.458681609;240.32;94.65;75.915
4.590483726;225.56;94.65;75.915
4.376341757;199.99;94.65;75.915
4.2002931;193.67;94.65;75.915
4.017111388;169.97;94.65;75.915
3.965151226;167.9;94.65;75.915
3.972971168;176.35;94.65;75.915
4.053547302;184.55;94.65;75.915
4.148974549;195.98;94.65;75.915
4.17194965;215.77;94.65;75.915
4.243615443;229.58;94.65;75.915
4.068984241;212.49;94.65;75.915
4.125308558;187.28;94.65;75.915
3.985008999;179.37;94.65;75.915
3.918420842;176.91;94.65;75.915
3.826575882;136.66;94.65;75.915
3.795928091;180.01;94.65;74.39
3.726970987;176.73;94.65;74.39
3.689555227;168.87;94.65;74.39
3.645475349;164.09;94.65;74.39
3.746920383;165;94.65;74.39
3.871140114;171.3;94.65;74.39
4.071483018;196.95;94.65;74.39
4.235993629;221.46;94.65;74.39
4.396086881;221.78;94.65;74.39
4.494935501;179.53;94.65;74.39
4.392824088;151.36;94.65;74.39
4.404351182;135.02;91.15;74.39
4.276080154;128.35;89.98;74.39
4.244715436;133.68;89.98;74.39
4.300759076;140.61;89.98;74.39
4.280037066;168.15;89.98;74.39
4.346519665;191.92;89.98;74.39
4.229575718;220.57;89.98;74.39
4.394610124;243.35;89.98;74.39
4.307758267;241.18;89.98;74.39
4.367462865;221.31;89.98;74.39
4.257638361;213.13;89.98;74.39
4.20410379;205.48;89.98;74.39
4.056353374;190.1;89.98;74.39
3.92290034;195.91;89.98;75.533
3.843139255;187.2;89.98;75.533
3.760915855;184.89;89.98;75.533
3.733306335;170.24;89.98;75.533
3.694868658;166;89.98;75.533
3.926944534;162.45;89.98;75.533
4.23140763;160.64;89.98;75.533
4.429552735;162.56;89.98;75.533
4.168819717;157.24;89.98;75.533
3.997032651;121.8;89.98;75.533
3.756513118;115.76;89.98;75.533
3.661908108;121.27;89.98;75.533
3.589422925;97.47;89.98;75.533
3.805051302;87.12;89.98;75.533
3.824255628;89.83;89.98;75.533
3.807895801;116.85;89.98;75.533
3.853352455;171.56;89.98;75.533
3.769401636;194.89;89.98;75.533
3.848880397;191.8;89.98;75.533
3.764831866;140.88;89.98;75.533
3.866562341;121.12;89.98;75.533
3.830199094;104.74;89.98;75.533
3.734313686;109.29;89.98;75.533
3.577351099;101.7;89.98;75.533
3.458231998;88.07;89.98;75.533
3.383756405;98.65;89.98;75.533
3.358555108;99.78;89.98;75.533
3.348768995;99.14;89.98;75.533
3.45277366;104.22;89.98;75.533
3.680509948;99.91;89.98;75.533
3.930392288;93.99;89.98;75.533
3.949890631;88.55;89.98;75.533
3.733467336;88.06;89.98;75.533
3.683666688;60;89.98;75.533
3.489752532;73.03;89.98;75.533
3.50036226;67.23;89.98;75.533
3.378553249;30.08;89.98;75.533
3.488577925;43.25;89.98;75.533
3.489029938;50.12;89.98;75.533
3.61693951;81.78;89.98;75.533
3.694888549;92.47;89.98;75.533
3.670795323;115.71;89.98;75.533
3.783643596;119.11;89.98;75.533
3.713535626;92.33;89.98;75.533
3.819773787;87.18;89.98;75.533
3.935680155;81.39;89.98;75.533
3.833084718;88.59;89.98;75.533
3.747647485;63.23;89.98;75.533
3.633690876;46.55;89.98;75.554
3.532331033;13.33;89.98;75.554
3.523068609;12.94;89.98;75.554
3.493121227;13.78;89.98;75.554
3.571167635;35.25;89.98;75.554
3.776025651;87.91;89.98;75.554
4.013973997;104.25;89.98;75.554
4.117191498;117.19;89.98;75.554
3.845006182;117.11;89.98;75.554
3.74591841;98.58;89.98;75.554
3.480162948;94.91;89.98;75.554
3.361274331;95.89;89.98;75.554
3.192065634;98.52;89.98;75.554
3.304637012;104.18;89.98;75.554
3.323512721;107.01;89.98;75.554
3.373242145;114.51;89.98;75.554
3.539972217;144.52;89.98;75.554
3.552858098;184.58;89.98;75.554
3.782949004;197.13;89.98;75.554
3.753428084;167.3;89.98;75.554
3.960303174;148.44;89.98;75.554
3.846039819;115.49;89.98;75.554
3.625438579;123.05;89.98;75.554
3.378928538;110.94;89.98;75.554
3.316921923;112.68;89.98;81.19
3.265703875;114.82;89.98;81.19
3.328801839;112.3;89.98;81.19
3.383662648;118.28;89.98;81.19
3.492419644;126.86;89.98;81.19
3.728832385;152.72;89.98;81.19
4.011308709;204.2;89.98;81.19
4.181286319;234.06;89.98;81.19
3.94436893;250.06;89.98;81.19
3.733469735;240;89.98;81.19
3.431178968;220.43;89.98;81.19
3.316688448;199.03;89.98;81.19
3.222312017;182.56;89.98;81.19
3.263449077;150.85;89.98;81.19
3.316168375;149.28;89.98;81.19
3.459263401;157.27;89.98;81.19
3.676743326;145.26;89.98;81.19
3.697274505;173.23;89.98;81.19
3.936660036;174.29;89.98;81.19
3.870680178;115.28;89.98;81.19
3.896112994;105.31;89.98;81.19
3.824619085;91.51;89.98;81.19
3.725446045;101.91;89.98;81.19
3.569466138;87.91;89.98;81.19
3.40208058;94.68;89.98;72.742
3.324981018;93.97;89.98;72.742
3.281167593;99.45;89.98;72.742
3.287018028;106.67;89.98;72.742
3.363610401;103.6;89.98;72.742
3.540809264;110.4;89.98;72.742
3.766656249;134.02;89.98;72.742
3.982441911;184.7;89.98;72.742
3.835533435;194.83;89.98;72.742
3.801716947;174.52;89.98;72.742
3.618155478;137.84;89.98;72.742
3.484393543;136.04;89.98;72.742
3.352676064;118.22;89.98;72.742
3.44312903;111.4;89.98;72.742
3.500323887;105.65;89.98;72.742
3.609006075;97.57;89.98;72.742
3.820203906;99.11;89.98;72.742
3.832738848;110.76;89.98;72.742
3.922443135;118.61;89.98;72.742
3.72650779;117.99;89.98;72.742
3.757633269;102.9;89.98;72.742
3.611919649;95.01;89.98;72.742
3.554703702;95.01;89.98;72.742
3.432775917;74.12;89.98;72.742
3.397340852;17.92;89.98;69.371
3.293028374;15.04;89.98;69.371
3.267642624;15.02;89.98;69.371
3.319805227;13.97;89.98;69.371
3.371933314;15.04;89.98;69.371
3.454932846;33.02;89.98;69.371
3.57078233;90.93;89.98;69.371
3.928085612;123.22;89.98;69.371
4.226194663;107.23;89.98;69.371
4.392102344;102.55;89.98;69.371
4.249442837;95.06;89.98;69.371
4.201371408;77.47;89.98;69.371
3.976716698;65.06;89.98;69.371
3.967369001;35.98;89.98;69.371
3.928865471;42.68;89.98;69.371
3.782481389;67.3;89.98;69.371
3.891909084;86.08;89.98;69.371
3.890038731;108.83;89.98;69.371
3.983224821;110.63;89.98;69.371
3.875655785;101.54;89.98;69.371
3.932835443;86.9;89.98;69.371
3.838647063;86.48;89.98;69.371
3.709029703;86.3;89.98;69.371
3.542444095;63.04;89.98;69.371
3.399764018;71.45;89.98;73.103
3.376252434;62.57;89.98;73.103
3.370437779;74.76;89.98;73.103
3.364280233;84.92;89.98;73.103
3.376927746;95.19;89.98;73.103
3.43192187;119.09;89.98;73.103
3.502535889;140.99;89.98;73.103
3.778972342;185.05;89.98;73.103
3.965597628;189.28;89.98;73.103
4.019550409;173.24;89.98;73.103
3.892332887;150;89.98;73.103
3.837121558;130.99;88.23;73.103
3.639075051;123.17;87.65;73.103
3.750363441;106.81;87.65;73.103
3.730753856;99.89;87.65;73.103
3.676181378;99.26;87.65;73.103
3.71376022;97.42;87.65;73.103
3.749669349;113.84;87.65;73.103
3.871533608;130.9;87.65;73.103
3.767841099;140.49;87.65;73.103
3.765028696;115.87;87.65;73.103
3.614277338;109.75;87.65;73.103
3.603406782;115.66;87.65;73.103
3.501821831;92.46;87.65;73.103
3.317635881;73.73;87.65;72.302
3.203750375;54.32;87.65;72.302
3.130445655;16.63;87.65;72.302
3.106790834;14.38;87.65;72.302
3.171564977;10.96;87.65;72.302
3.418542734;9.06;87.65;72.302
3.739284061;0.1;87.65;72.302
3.896073302;3.62;87.65;72.302
3.703851572;9.42;87.65;72.302
3.663850636;1.94;87.65;72.302
3.604090954;0;87.65;72.302
3.616179832;-0.08;87.65;72.302
3.579255137;-0.35;87.65;72.302
3.672790982;-0.52;87.65;72.302
3.602263069;-0.08;87.65;72.302
3.597769739;0.08;87.65;72.302
3.641384896;15.69;87.65;72.302
3.564502134;99.95;87.65;72.302
3.770651398;121.97;87.65;72.302
3.814371376;112.63;87.65;72.302
4.065525592;102.52;87.65;72.302
3.979477419;101.89;87.65;72.302
3.699355164;101.99;87.65;72.302
3.459884641;100.93;87.65;72.302
3.350568316;104.38;87.65;72.302
3.29208977;99.9;87.65;72.302
3.222348704;98.71;87.65;72.302
3.254766508;92.01;87.65;72.302
3.302046145;88.53;87.65;72.302
3.520312804;87.17;87.65;72.302
3.695683259;80;87.65;72.302
3.774486833;80.08;87.65;72.302
3.56761467;88.28;87.65;72.302
3.583804389;95.06;87.65;72.302
3.403922524;98.22;87.65;72.302
3.34243064;95.09;87.65;72.302
3.238898245;88.15;87.65;72.302
3.30888429;51.8;87.65;72.302
3.339253339;43.11;87.65;72.302
3.402987888;21.24;87.65;72.302
3.483193585;21.56;87.65;72.302
3.502693194;63.16;87.65;72.302
3.817959291;76.93;87.65;72.302
3.792390659;51.28;87.65;72.302
3.970203295;20.02;87.65;72.302
4.077597666;15.39;87.65;72.302
3.913111068;40.06;87.65;72.302
3.67961626;14.62;87.65;72.302
3.465986573;10.73;87.65;72.542
3.350640403;7.48;87.65;72.542
3.306950038;5.71;87.65;72.542
3.191533589;1.43;87.65;72.542
3.204923832;7.6;87.65;72.542
3.374914937;14.37;87.65;72.542
3.654373383;19.75;87.65;72.542
3.741729562;106.69;87.65;72.542
3.469673778;110.06;87.65;72.542
3.441435366;88.28;87.65;72.542
3.325819193;65.51;87.65;72.542
3.297360855;78.22;87.65;72.542
3.215863382;92.02;87.65;72.542
3.281061152;99.9;87.65;72.542
3.310534279;104.92;87.65;72.542
3.439155346;108.77;87.65;72.542
3.626282027;103.46;87.65;72.542
3.641019496;117.78;87.65;72.542
3.920866241;135.59;87.65;72.542
3.954530014;123.63;87.65;72.542
4.156178823;110.71;87.65;72.542
4.081221696;102;87.65;72.542
4.030277992;102.83;87.65;72.542
3.840109519;92.55;87.65;72.542
3.78127147;89.99;87.65;73.225
3.696085125;82.14;87.65;73.225
3.659175313;80.34;87.65;73.225
3.603729914;79.9;87.65;73.225
3.642571696;88.16;87.65;73.225
3.875612374;95.36;87.65;73.225
4.255407797;117.86;87.65;73.225
4.433237259;185.78;87.65;73.225
4.285325676;211.59;87.65;73.225
4.145290981;180.27;87.65;73.225
3.892212366;144.08;87.65;73.225
3.808373124;135.04;87.65;73.225
3.692103603;121.25;87.65;73.225
3.770011447;117.66;87.65;73.225
3.691966802;118.87;87.65;73.225
3.779983436;125.29;87.65;73.225
4.03608883;136.7;87.65;73.225
4.132627756;155.21;87.65;73.225
4.359191138;162.62;87.65;73.225
4.264990286;135.49;87.65;73.225
4.358948663;108.62;87.65;73.225
4.106501814;100.54;87.65;73.225
3.876820649;99.99;87.65;73.225
3.660871644;85.08;87.65;73.225
3.533709662;81.79;87.65;79.432
3.438073972;78.96;87.65;79.432
3.381624768;82.28;87.65;79.432
3.354931164;88.34;87.65;79.432
3.436266875;97.32;87.65;79.432
3.675579942;101.7;87.65;79.432
4.064395301;118.36;87.65;79.432
4.34977414;147.54;87.65;79.432
4.119417453;155.03;87.65;79.432
3.930810812;126.44;87.65;79.432
3.742708523;109.43;87.65;79.432
3.719974574;103.51;87.65;79.432
3.595966454;89.9;87.65;79.432
3.733699415;89.9;87.65;79.432
3.776693804;100.9;87.65;79.432
3.76842427;109.49;87.65;79.432
3.745361692;162.8;87.65;79.432
3.73435131;205.72;87.65;79.432
3.936392478;230;87.65;79.432
3.870641293;236.86;87.65;79.432
4.022630344;187.04;87.65;79.432
3.954783811;164.6;87.65;79.432
3.807357888;146.62;87.65;79.432
3.670796005;107.6;87.65;79.432
3.627065227;115.07;87.65;87.042
3.511450623;113.04;87.65;87.042
3.44143164;110.33;87.65;87.042
3.371400436;109.29;87.65;87.042
3.381959617;112.36;87.65;87.042
3.426197919;116.77;87.65;87.042
3.461455517;168.5;87.65;87.042
3.743619278;184.77;87.65;87.042
3.964251146;160;87.65;87.042
4.07050061;137.34;87.65;87.042
3.819973519;117.47;87.65;87.042
3.665409987;112.78;87.65;87.042
3.433301689;107.58;87.65;87.042
3.374037153;105.02;87.65;87.042
3.399418937;105.1;87.65;87.042
3.455857866;112.4;87.65;87.042
3.544820377;113.73;87.65;87.042
3.368740532;146.57;87.65;87.042
3.479025074;155.38;87.65;87.042
3.401964609;134.74;87.65;87.042
3.542698463;110.07;87.65;87.042
3.44577417;104.53;87.65;87.042
3.2948606;109.95;87.65;87.042
3.221147558;98.51;87.65;87.042
3.175769272;94.78;87.65;125.967
3.193469982;100.4;87.65;125.967
3.294896668;98.67;87.65;125.967
3.400442847;99.61;87.65;125.967
3.485137642;100.25;87.65;125.967
3.457150644;95.98;87.65;125.967
3.482684769;116.99;87.65;125.967
3.691970976;133.53;87.65;125.967
3.857106132;125.02;87.65;125.967
3.914467122;107.16;87.65;125.967
3.670006812;98.38;87.65;125.967
3.53898594;100.25;87.09;125.967
3.284722301;89.93;86.9;125.967
3.31105455;97.07;86.9;125.967
3.319283162;93.67;86.9;125.967
3.247351322;98.52;86.9;125.967
3.305292398;119.54;86.9;125.967
3.267635063;146.87;86.9;125.967
3.423063645;190.05;86.9;125.967
3.332248961;198.07;86.9;125.967
3.450252171;160.68;86.9;125.967
3.46179196;145.54;86.9;125.967
3.470209274;135.13;86.9;125.967
3.420778511;132.89;86.9;125.967
3.363456459;150.09;86.9;97.273
3.331336282;152.6;86.9;97.273
3.277834629;174.05;86.9;97.273
3.316380591;187.92;86.9;97.273
3.404010521;190.69;86.9;97.273
3.605668773;237.17;86.9;97.273
3.821180893;249.98;86.9;97.273
4.074381524;263.46;86.9;97.273
3.880330717;275.57;86.9;97.273
3.770140357;267.37;86.9;97.273
3.476593799;245.75;86.9;97.273
3.300075029;213.02;86.9;97.273
3.164881197;196.64;86.9;97.273
3.21053338;178.97;86.9;97.273
3.15089488;177.04;86.9;97.273
3.239134009;197.47;86.9;97.273
3.352735816;225.08;86.9;97.273
3.345428709;259.9;86.9;97.273
3.678361917;299;86.9;97.273
3.749388295;300.7;86.9;97.273
3.975409123;277.91;86.9;97.273
3.932795391;235.8;86.9;97.273
3.895821442;242.15;86.9;97.273
3.778777618;212.09;86.9;97.273
3.760498168;195.65;86.9;97.273
3.751324088;180.7;86.9;97.273
3.777147612;174.44;86.9;97.273
3.845905742;172.31;86.9;97.273
3.927755537;174.5;86.9;97.273
4.105231697;177.1;86.9;97.273
4.230914069;186.05;86.9;97.273
4.347119508;191.54;86.9;97.273
4.190960406;189.37;86.9;97.273
4.13236469;173.75;86.9;97.273
3.846862945;154.07;86.9;97.273
3.655893132;144.76;86.9;97.273
3.447413621;116.53;86.9;97.273
3.439481048;114;86.9;97.273
3.414452198;111.68;86.9;97.273
3.459776122;151.54;86.9;97.273
3.589622151;176.15;86.9;97.273
3.551824604;229.9;86.9;97.273
3.817401434;275.76;86.9;97.273
3.973474492;274.5;86.9;97.273
4.211990297;220.7;86.9;97.273
4.258940629;197.8;86.9;97.273
4.202324248;197.78;86.9;97.273
4.14249179;197.22;86.9;97.273
4.087429954;177.39;86.9;98.02
4.028899163;174.06;86.9;98.02
4.024239352;185.57;86.9;98.02
4.012158499;178.26;86.9;98.02
4.104346311;197;86.9;98.02
4.299987623;217;86.9;98.02
4.535980015;284.97;86.9;98.02
4.757133958;322.9;86.9;98.02
4.533361257;308.9;86.9;98.02
4.239010885;267.3;86.9;98.02
3.831942581;163.82;86.9;98.02
3.651437114;145.55;86.9;98.02
3.472283939;137.09;86.9;98.02
3.550289671;135.4;86.9;98.02
3.474334331;141.17;86.9;98.02
3.508234285;198.24;86.9;98.02
3.651429088;253.79;86.9;98.02
3.72163001;280.56;86.9;98.02
3.999864142;300;86.9;98.02
4.048217989;282.19;86.9;98.02
4.355817404;207.32;86.9;98.02
4.312025809;137.24;86.9;98.02
4.303026694;163.3;86.9;98.02
4.162288495;140.09;86.9;98.02
4.076687279;143.17;86.9;104.734
3.995798159;143.15;86.9;104.734
3.912515266;149.74;86.9;104.734
3.857967727;163.5;86.9;104.734
3.966387179;173.15;86.9;104.734
4.098652853;194.03;86.9;104.734
4.334177182;268.04;86.9;104.734
4.563333376;286.73;86.9;104.734
4.464708535;284.91;86.9;104.734
4.260787248;217.58;86.9;104.734
3.897519407;179.33;86.9;104.734
3.658800513;222.33;86.9;104.734
3.449994037;220;86.9;104.734
3.500138617;221.5;86.9;104.734
3.478602126;235.02;86.9;104.734
3.469142506;261.24;86.9;104.734
3.541768404;283.2;86.9;104.734
3.528140517;315.87;86.9;104.734
3.888984595;362.75;86.9;104.734
3.902939599;354.11;86.9;104.734
4.079787155;315.87;86.9;104.734
4.038100732;286;86.9;104.734
3.944176046;266.94;86.9;104.734
3.840536452;245.47;86.9;104.734
3.783757111;251.04;86.9;117.791
3.646794049;248.43;86.9;117.791
3.665290478;242.06;86.9;117.791
3.711877075;233.14;86.9;117.791
3.903677031;233.62;86.9;117.791
4.069754602;250;86.9;117.791
4.24570006;291.55;86.9;117.791
4.472277692;329.07;86.9;117.791
4.395620932;337.09;86.9;117.791
4.214736353;298.1;86.9;117.791
3.80078199;267.85;86.9;117.791
3.462297048;257.95;86.9;117.791
3.202297563;245.82;86.9;117.791
3.163263706;234.99;86.9;117.791
3.093568933;236.29;86.9;117.791
3.134902493;249.66;86.9;117.791
3.26728481;272.58;86.9;117.791
3.303536076;316.56;86.9;117.791
3.523445706;384.83;86.9;117.791
3.566779737;385;86.9;117.791
3.792993084;321.09;86.9;117.791
3.834242119;288.47;86.9;117.791
3.84110387;265.78;86.9;117.791
3.795403073;249.66;86.9;117.791
3.798596668;331.16;86.9;166.246
3.770619639;322.53;86.9;166.246
3.736388461;316;86.9;166.246
3.697766165;307.01;86.9;166.246
3.739166663;307.3;86.9;166.246
3.886054798;332.27;86.9;166.246
3.976961827;371.41;86.9;166.246
4.129956313;405;86.9;166.246
4.142400292;400;86.9;166.246
4.114868042;359.96;86.9;166.246
3.927703224;294.76;86.9;166.246
3.767850195;276.94;86.9;166.246
3.477969396;266.04;86.9;166.246
3.472469521;269.92;86.9;166.246
3.496610488;293.02;86.9;166.246
3.585045816;319.58;86.9;166.246
3.665700096;336.53;86.9;166.246
3.661810227;398.53;86.9;166.246
3.8105121;410;86.9;166.246
3.746515665;405.05;86.9;166.246
3.893273389;390;86.9;166.246
3.94413974;350;86.9;166.246
3.922987395;333.88;86.9;166.246
3.894302236;319.9;86.9;166.246
3.854998806;351.07;86.9;164.459
3.802905879;346.6;86.9;164.459
3.840164308;329.4;86.9;164.459
3.865281541;304.05;86.9;164.459
3.880775858;315;86.9;164.459
3.942706952;349.07;86.9;164.459
4.003485693;398.6;86.9;164.459
4.219752221;410;86.9;164.459
4.328948814;410.05;86.9;164.459
4.338251549;385.16;86.9;164.459
4.101089357;362.95;86.9;164.459
3.914769447;349.78;72.14;164.459
3.724890916;310.69;67.22;164.459
3.702321709;292.16;67.22;164.459
3.744306421;307.43;67.22;164.459
3.808006107;329.95;67.22;164.459
4.021460968;355.77;67.22;164.459
4.011926105;380.94;67.22;164.459
4.199583577;410;67.22;164.459
4.147371778;410;67.22;164.459
4.268511364;400.08;67.22;164.459
4.240267643;381.83;67.22;164.459
4.105388598;359.07;67.22;164.459
3.972751124;361.01;67.22;164.459
3.903896958;363.87;67.22;188.305
3.829589297;360;67.22;188.305
3.81362001;350;67.22;188.305
3.845632825;330;67.22;188.305
3.943204305;338.85;67.22;188.305
4.251429753;347.04;67.22;188.305
4.600234978;369;67.22;188.305
4.666950831;378.1;67.22;188.305
4.314571518;370.53;67.22;188.305
3.974856662;322.34;67.22;188.305
3.669866086;293.81;67.22;188.305
3.488324585;290.57;67.22;188.305
3.34990736;279.3;67.22;188.305
3.440999032;260.35;67.22;188.305
3.457825217;260.56;67.22;188.305
3.466746721;301.36;67.22;188.305
3.507604685;339.99;67.22;188.305
3.430469599;385.63;67.22;188.305
3.664472052;405.78;67.22;188.305
3.790021794;409.3;67.22;188.305
3.989161053;400;67.22;188.305
3.941641796;377.25;67.22;188.305
3.845303057;369.63;67.22;188.305
3.682869244;362.4;67.22;188.305
3.627503316;390.61;67.22;188.305
3.53406305;353;67.22;188.305
3.475282682;345.16;67.22;188.305
3.397706025;334.21;67.22;188.305
3.453144392;339.44;67.22;188.305
3.660928515;342.09;67.22;188.305
3.929657059;350.06;67.22;188.305
3.969772156;340.44;67.22;188.305
3.578879692;336.52;67.22;188.305
3.409964081;210.01;67.22;188.305
3.155869093;259.02;67.22;188.305
3.04602662;268.05;67.22;188.305
2.855815311;279;67.22;188.305
2.912711094;249.18;67.22;188.305
2.888514545;246.29;67.22;188.305
2.94980346;281.41;67.22;188.305
3.025118718;308.1;67.22;188.305
3.025594131;385.16;67.22;188.305
3.339550804;435.08;67.22;188.305
3.408760789;454.28;67.22;188.305
3.687213574;436.35;67.22;188.305
3.848591895;412.02;67.22;188.305
3.845875515;412.02;67.22;188.305
3.678431971;411.65;67.22;188.305
3.453637815;377.56;67.22;189.474
3.384693859;369.83;67.22;189.474
3.383708252;368.94;67.22;189.474
3.397228098;359.21;67.22;189.474
3.452793051;361.71;67.22;189.474
3.67574848;397.23;67.22;189.474
4.045912139;465.77;67.22;189.474
4.195345711;512.36;67.22;189.474
3.904181184;515.01;67.22;189.474
3.632030631;483;67.22;189.474
3.366766924;390.61;67.22;189.474
3.259704618;341.84;67.22;189.474
3.137887131;340.22;67.22;189.474
3.141683148;320.8;67.22;189.474
3.1690321;312.82;67.22;189.474
3.285021912;351.54;67.22;189.474
3.449721116;400;67.22;189.474
3.457931489;450.39;67.22;189.474
3.648392902;507.54;67.22;189.474
3.72985755;522.91;67.22;189.474
4.03261694;475;67.22;189.474
3.966274802;434.97;67.22;189.474
3.833913141;415.42;67.22;189.474
3.64087092;367.72;67.22;189.474
3.570702259;456.05;67.22;246.942
3.527950121;449.5;67.22;246.942
3.490038978;449.5;67.22;246.942
3.482454807;424.88;67.22;246.942
3.588649916;437.51;67.22;246.942
3.813961337;457.57;67.22;246.942
4.209344813;622.3;67.22;246.942
4.33516343;690;67.22;246.942
3.943633738;650;67.22;246.942
3.718812133;541.51;67.22;246.942
3.347525615;353.31;67.22;246.942
3.22539459;333.83;67.22;246.942
3.061935365;316.52;67.22;246.942
3.068753803;294.77;67.22;246.942
3.067537171;310.6;67.22;246.942
3.137979084;366.99;67.22;246.942
3.286352038;514.31;67.22;246.942
3.26111386;603.08;67.22;246.942
3.481070747;674.93;67.22;246.942
3.61389444;700;67.22;246.942
3.859849268;619.92;67.22;246.942
3.871837213;542.9;67.22;246.942
3.744317137;492.05;67.22;246.942
3.548854552;399.73;67.22;246.942
3.512291852;430.07;67.22;212.93
3.464895937;408.91;67.22;212.93
3.452370293;418.38;67.22;212.93
3.436751972;420.03;67.22;212.93
3.488066063;420.03;67.22;212.93
3.730752846;440;67.22;212.93
4.077638914;523.76;67.22;212.93
4.282737812;579.45;67.22;212.93
4.069962176;554.76;67.22;212.93
3.819976527;449.99;67.22;212.93
3.439221923;389;67.22;212.93
3.289345301;350.83;67.22;212.93
3.164395737;305.11;67.22;212.93
3.251817356;316.75;67.22;212.93
3.302586018;341.86;67.22;212.93
3.434127113;382.44;67.22;212.93
3.496895135;425.09;67.22;212.93
3.53009114;529.43;67.22;212.93
3.676051221;574.93;67.22;212.93
3.608732274;605;67.22;212.93
3.709333911;528.03;67.22;212.93
3.584402063;448.75;67.22;212.93
3.457129676;449.06;67.22;212.93
3.336526156;418.45;67.22;212.93
3.266006638;350;67.22;163.493
3.203402205;320;67.22;163.493
3.237707403;321.59;67.22;163.493
3.265670479;310.09;67.22;163.493
3.339094279;310.07;67.22;163.493
3.439839028;335.01;67.22;163.493
3.581700127;414.66;67.22;163.493
3.872431543;436.06;67.22;163.493
4.106540968;421.17;67.22;163.493
4.203094089;311.99;67.22;163.493
4.113520987;240.33;67.22;163.493
4.018324336;199.82;67.22;163.493
3.804276102;171.7;67.22;163.493
3.739057249;150.01;67.22;163.493
3.753376018;162.66;67.22;163.493
3.844460277;199.85;67.22;163.493
3.891263797;276.58;67.22;163.493
3.754302844;379.95;67.22;163.493
3.834343844;412.4;67.22;163.493
3.821976479;326.39;67.22;163.493
3.922648637;179.01;67.22;163.493
3.905588896;173.6;67.22;163.493
3.949434986;172.74;67.22;163.493
3.929517594;123.93;67.22;163.493
3.834175985;88.96;67.22;133.528
3.719995962;91.02;67.22;133.528
3.692268986;88.93;67.22;133.528
3.67785642;97.03;67.22;133.528
3.698573528;91.15;67.22;133.528
3.76733215;109.92;67.22;133.528
3.876217973;172.57;67.22;133.528
4.064659261;185.06;67.22;133.528
4.113001702;112.35;67.22;133.528
4.121033592;67.3;67.22;133.528
3.847167476;23.07;67.22;133.528
3.783941704;15.52;74.18;133.528
3.466058524;10.1;76.5;133.528
3.435656191;0.1;76.5;133.528
3.370667701;0.08;76.5;133.528
3.3559995;10.04;76.5;133.528
3.399873238;23.87;76.5;133.528
3.291317336;118.86;76.5;133.528
3.552592745;170.06;76.5;133.528
3.618295081;151.98;76.5;133.528
3.877728621;84.48;76.5;133.528
3.86308252;69.77;76.5;133.528
3.701536145;81.05;76.5;133.528
3.484322678;67.27;76.5;133.528
3.327917632;68.93;76.5;125.259
3.276649307;69.07;76.5;125.259
3.235195803;72.97;76.5;125.259
3.283403457;72.99;76.5;125.259
3.314399252;72.93;76.5;125.259
3.567578474;73.11;76.5;125.259
3.842609395;89.05;76.5;125.259
4.000750678;87.52;76.5;125.259
3.664204533;79.07;76.5;125.259
3.460487914;78.9;76.5;125.259
3.157712723;72.95;76.5;125.259
3.058006187;67.84;76.5;125.259
2.872567418;72.91;76.5;125.259
2.892832064;68.95;76.5;125.259
2.820925942;80.07;76.5;125.259
2.807467306;118.95;76.5;125.259
2.829725562;189.3;76.5;125.259
2.811352806;287.3;76.5;125.259
3.063604201;323.3;76.5;125.259
3.197150872;235;76.5;125.259
3.438365114;173;76.5;125.259
3.500661601;176.5;76.5;125.259
3.441252915;182.51;76.5;125.259
3.311695255;168.88;76.5;125.259
3.219044437;160.1;76.5;125.259
3.197566044;150.01;76.5;125.259
3.195241482;124.27;76.5;125.259
3.263816524;102.54;76.5;125.259
3.355647646;130.25;76.5;125.259
3.570788332;120.7;76.5;125.259
3.766896507;100.05;76.5;125.259
3.825171139;90.92;76.5;125.259
3.568344997;77.49;76.5;125.259
3.368589211;72.82;76.5;125.259
3.10924235;56.15;76.5;125.259
3.054898071;30.07;76.5;125.259
2.92786124;24.76;76.5;125.259
2.937465525;8.55;76.5;125.259
2.913364864;10.05;76.5;125.259
2.947357648;30.07;76.5;125.259
2.954974178;104.03;76.5;125.259
2.866949092;212.12;76.5;125.259
3.250619362;234.21;76.5;125.259
3.472728851;199.9;76.5;125.259
3.833349323;170.08;76.5;125.259
3.939422327;163.12;76.5;125.259
3.804051931;190.67;76.5;125.259
3.668460318;199.42;76.5;125.259
3.552141216;205.9;76.5;127.709
3.545465615;204.44;76.5;127.709
3.556382829;211.64;76.5;127.709
3.557226309;207.03;76.5;127.709
3.584256438;219.91;76.5;127.709
3.762474934;230.06;76.5;127.709
4.050524092;301.92;76.5;127.709
4.141453677;335.88;76.5;127.709
3.836087747;344.24;76.5;127.709
3.636417864;300.83;76.5;127.709
3.293704058;265.91;76.5;127.709
3.149989158;258.34;76.5;127.709
2.985803457;240.57;76.5;127.709
3.035287438;224.25;76.5;127.709
2.965646204;218.34;76.5;127.709
2.987612966;269.8;76.5;127.709
3.117395395;293.02;76.5;127.709
3.149169677;346.5;76.5;127.709
3.456466112;390.01;76.5;127.709
3.491819373;435.42;76.5;127.709
3.792072321;365.26;76.5;127.709
3.807567514;322.7;76.5;127.709
3.839505889;300.73;76.5;127.709
3.618380592;261.86;76.5;127.709
3.577589711;248.92;76.5;114.935
3.525007205;245.03;76.5;114.935
3.582598481;241.79;76.5;114.935
3.635388312;240.07;76.5;114.935
3.73202086;242.69;76.5;114.935
4.010654852;262.4;76.5;114.935
4.344212931;318.93;76.5;114.935
4.4297162;340.29;76.5;114.935
4.036220539;349.98;76.5;114.935
3.744429578;329.45;76.5;114.935
3.420862733;318.46;76.5;114.935
3.21513528;296.17;76.5;114.935
3.000389752;279.49;76.5;114.935
3.061216082;283.24;76.5;114.935
3.070373365;287.96;76.5;114.935
3.162425961;297.17;76.5;114.935
3.283714817;317.53;76.5;114.935
3.26892296;332.36;76.5;114.935
3.529637473;375;76.5;114.935
3.594630622;405.02;76.5;114.935
3.956140681;335.24;76.5;114.935
3.945209278;312.09;76.5;114.935
3.78595479;288.99;76.5;114.935
3.597786139;264.63;76.5;114.935
3.501677237;253.41;76.5;116.426
3.494925881;251.4;76.5;116.426
3.509678104;247.5;76.5;116.426
3.527766308;240.01;76.5;116.426
3.647959244;238.5;76.5;116.426
3.894646417;249.72;76.5;116.426
4.223734085;296.96;76.5;116.426
4.345151398;317.7;76.5;116.426
4.060777451;314;76.5;116.426
3.856728545;295.94;76.5;116.426
3.538503944;276.6;76.5;116.426
3.381377624;260.14;76.5;116.426
3.241918305;207.44;76.5;116.426
3.293076761;204.01;76.5;116.426
3.305941795;200.03;76.5;116.426
3.4359956;198.22;76.5;116.426
3.613550795;248.97;76.5;116.426
3.558928157;294.92;76.5;116.426
3.779635795;319.13;76.5;116.426
3.665092404;296.49;76.5;116.426
3.753554055;215.58;76.5;116.426
3.704619001;165.96;76.5;116.426
3.747901882;165.22;76.5;116.426
3.674144173;129.27;76.5;116.426
3.580178691;157.27;76.5;106.087
3.505199557;127.99;76.5;106.087
3.432072986;119.71;76.5;106.087
3.442436285;126.58;76.5;106.087
3.48955962;147.97;76.5;106.087
3.628750453;180;76.5;106.087
3.685267324;206.5;76.5;106.087
3.915883036;262.89;76.5;106.087
4.023070344;270;76.5;106.087
4.129720258;254.94;76.5;106.087
3.837976924;211.6;76.5;106.087
3.653735638;220.02;76.5;106.087
3.411942979;206.21;76.5;106.087
3.361110407;214.09;76.5;106.087
3.299935054;229.97;76.5;106.087
3.355773795;246.2;76.5;106.087
3.448782279;257.36;76.5;106.087
3.418199584;276.22;76.5;106.087
3.576481774;310.03;76.5;106.087
3.495748417;347.21;76.5;106.087
3.562320869;295.92;76.5;106.087
3.506141592;259.29;76.5;106.087
3.397122194;244.66;76.5;106.087
3.367113399;237.2;76.5;106.087
3.270966457;203.03;76.5;105.083
3.183616106;206.97;76.5;105.083
3.116240316;201.38;76.5;105.083
3.132512353;206.5;76.5;105.083
3.234768074;209.9;76.5;105.083
3.339823924;217.06;76.5;105.083
3.422466834;262.97;76.5;105.083
3.563759384;291.51;76.5;105.083
3.674822117;287.81;76.5;105.083
3.706146285;249.9;76.5;105.083
3.506375291;228.58;76.5;105.083
3.304263076;204.87;78.53;105.083
3.029629571;205.01;79.21;105.083
3.028587508;201.14;79.21;105.083
2.92200037;200.31;79.21;105.083
2.882128954;202.48;79.21;105.083
3.002893498;212.4;79.21;105.083
3.009092064;245.54;79.21;105.083
3.313584416;275.31;79.21;105.083
3.315374028;286.52;79.21;105.083
3.345983249;251.15;79.21;105.083
3.296915556;216.95;79.21;105.083
3.164324592;228.5;79.21;105.083
3.099928927;197.81;79.21;105.083
3.04305636;196.67;79.21;101.046
3.017601536;194.82;79.21;101.046
3.037463802;187.02;79.21;101.046
3.087806725;187;79.21;101.046
3.137161937;185.06;79.21;101.046
3.342990655;190.8;79.21;101.046
3.628329034;198.23;79.21;101.046
3.686273247;204.14;79.21;101.046
3.32008823;196.11;79.21;101.046
3.05132553;135.07;79.21;101.046
2.780915003;99.55;79.21;101.046
2.725343189;85.08;79.21;101.046
2.694398507;69.71;79.21;101.046
2.77304353;10;79.21;101.046
2.790945374;8.84;79.21;101.046
2.825389835;14.74;79.21;101.046
2.898065595;79;79.21;101.046
2.967031908;151.01;79.21;101.046
3.254442334;192.8;79.21;101.046
3.323381298;173.27;79.21;101.046
3.499209815;119.96;79.21;101.046
3.53200241;89.99;79.21;101.046
3.479796847;91.13;79.21;101.046
3.347194015;82.85;79.21;101.046
3.248658656;84.04;79.21;101.046
3.192120668;70.99;79.21;101.046
3.21872791;74.78;79.21;101.046
3.248332678;68.38;79.21;101.046
3.333625699;75.9;79.21;101.046
3.535528307;75.9;79.21;101.046
3.778590558;68.53;79.21;101.046
3.783363822;20.56;79.21;101.046
3.287728736;8.81;79.21;101.046
3.03478211;0.07;79.21;101.046
2.71803554;-0.1;79.21;101.046
2.619178552;-5.31;79.21;101.046
2.488266267;-16.81;79.21;101.046
2.555643427;-19.04;79.21;101.046
2.553980613;-13.35;79.21;101.046
2.528015544;-1.06;79.21;101.046
2.661510531;0.06;79.21;101.046
2.702038543;69.93;79.21;101.046
3.054757986;122.32;79.21;101.046
3.211064393;122.95;79.21;101.046
3.511624176;85.97;79.21;101.046
3.675029913;80.08;79.21;101.046
3.734524988;110.07;79.21;101.046
3.636661072;93.36;79.21;101.046
3.494565586;114.18;79.21;101.487
3.450530635;118.82;79.21;101.487
3.440554065;118.85;79.21;101.487
3.445946062;119;79.21;101.487
3.516470762;137.03;79.21;101.487
3.70114089;189.41;79.21;101.487
3.97478792;264;79.21;101.487
4.067926608;288;79.21;101.487
3.780109411;270.6;79.21;101.487
3.467369122;196.47;79.21;101.487
2.997291993;153.06;79.21;101.487
2.787510158;163.68;79.21;101.487
2.518450828;156.99;79.21;101.487
2.418967973;171.35;79.21;101.487
2.330615314;170.67;79.21;101.487
2.360239217;212.63;79.21;101.487
2.47717559;232.98;79.21;101.487
2.543223309;273.68;79.21;101.487
2.958872426;309.6;79.21;101.487
3.120113161;336.98;79.21;101.487
3.386356478;277.16;79.21;101.487
3.494632423;240.91;79.21;101.487
3.511811451;222.81;79.21;101.487
3.454835134;199.25;79.21;101.487
3.442102068;223;79.21;96.216
3.378963177;215;79.21;96.216
3.354368458;207;79.21;96.216
3.35614695;206.36;79.21;96.216
3.430774871;203;79.21;96.216
3.649770227;220.92;79.21;96.216
3.914864325;273.7;79.21;96.216
4.017874554;287.34;79.21;96.216
3.625523898;281.1;79.21;96.216
3.336185464;240.15;79.21;96.216
2.876314503;199.9;79.21;96.216
2.650844368;192.2;79.21;96.216
2.346657836;183.66;79.21;96.216
2.233380655;185.21;79.21;96.216
2.069665203;193.92;79.21;96.216
2.036954287;199.86;79.21;96.216
2.126324788;230.01;79.21;96.216
2.241349072;269.97;79.21;96.216
2.454737355;301.03;79.21;96.216
2.482413039;351;79.21;96.216
2.729560863;290.84;79.21;96.216
2.791959669;255.9;79.21;96.216
2.777611033;242.27;79.21;96.216
2.761787663;222.38;79.21;96.216
2.759500948;215.39;79.21;96.188
2.788681614;200.05;79.21;96.188
2.850354757;200.62;79.21;96.188
2.969919332;198.08;79.21;96.188
3.077620986;204.09;79.21;96.188
3.328144446;226.15;79.21;96.188
3.552057516;275.45;79.21;96.188
3.429778737;299.25;79.21;96.188
3.04674805;280.72;79.21;96.188
2.706953001;217.11;79.21;96.188
2.31568581;199.7;79.21;96.188
2.160986905;191.54;79.21;96.188
1.993889355;181.07;79.21;96.188
2.037516425;181.93;79.21;96.188
1.97463545;190.31;79.21;96.188
1.970705989;202.34;79.21;96.188
2.153457078;217.99;79.21;96.188
2.245588081;266.05;79.21;96.188
2.483914269;312.28;79.21;96.188
2.537856458;374.14;79.21;96.188
2.696274093;311.03;79.21;96.188
2.766516682;270;79.21;96.188
2.796415477;245.12;79.21;96.188
2.756175372;216.4;79.21;96.188
2.744204039;213.01;79.21;109.395
2.713435549;212.33;79.21;109.395
2.785095272;211.5;79.21;109.395
2.794346812;211.8;79.21;109.395
2.847627195;212.93;79.21;109.395
2.846543545;223.32;79.21;109.395
2.849650125;282.97;79.21;109.395
3.017281722;305.07;79.21;109.395
3.021309203;267.73;79.21;109.395
2.953666178;218.91;79.21;109.395
2.679368834;194.92;79.21;109.395
2.532845448;194.94;79.21;109.395
2.316415518;185.97;79.21;109.395
2.227906477;181.94;79.21;109.395
2.042843686;192.7;79.21;109.395
2.005582182;208.42;79.21;109.395
2.101841408;232.58;79.21;109.395
2.214428722;266.99;79.21;109.395
2.502052443;310.76;79.21;109.395
2.418517309;371.11;79.21;109.395
2.324797011;295.4;79.21;109.395
2.359065058;256.86;79.21;109.395
2.385763242;240.04;79.21;109.395
2.351051483;219.76;79.21;109.395
2.314137351;262.48;79.21;114.125
2.294350486;244.31;79.21;114.125
2.370970621;234.29;79.21;114.125
2.418604342;230.15;79.21;114.125
2.449006413;226.01;79.21;114.125
2.494728637;254.91;79.21;114.125
2.531524969;315;79.21;114.125
2.67663025;333.86;79.21;114.125
2.757665024;285.12;79.21;114.125
2.646634968;248.37;79.21;114.125
2.343116733;185.6;79.21;114.125
2.167200321;185.87;78.68;114.125
1.946170119;172.57;78.5;114.125
1.948333919;169.75;78.5;114.125
1.838955294;178.57;78.5;114.125
1.798243158;210;78.5;114.125
1.997685652;251.07;78.5;114.125
2.20374736;276.28;78.5;114.125
2.376459823;300.77;78.5;114.125
2.328916908;339.9;78.5;114.125
2.249203821;283.38;78.5;114.125
2.17618628;242.2;78.5;114.125
2.208721997;244.56;78.5;114.125
2.169208167;190.07;78.5;114.125
2.142348832;235.96;78.5;100.981
2.15774113;221.16;78.5;100.981
2.181423129;185.58;78.5;100.981
2.233644813;191.02;78.5;100.981
2.444065304;206.58;78.5;100.981
2.810476454;216.18;78.5;100.981
2.859242778;199.56;78.5;100.981
2.635871669;190.28;78.5;100.981
2.399313604;152.18;78.5;100.981
2.395113011;159.37;78.5;100.981
2.248458483;110.05;78.5;100.981
2.280894847;85.94;78.5;100.981
2.183523088;83.11;78.5;100.981
2.18536895;80.38;78.5;100.981
2.122003088;89.35;78.5;100.981
2.185925768;157.71;78.5;100.981
2.324578729;199.95;78.5;100.981
2.38592727;232.42;78.5;100.981
2.657418395;262.5;78.5;100.981
2.686033667;292.24;78.5;100.981
2.916725449;270.07;78.5;100.981
2.963475661;244.98;78.5;100.981
2.909430579;244.94;78.5;100.981
2.873874299;237.75;78.5;100.981
2.827698155;235;78.5;100.981
2.866708821;221.93;78.5;100.981
2.897685594;214.02;78.5;100.981
2.949053388;212;78.5;100.981
3.104589718;211.09;78.5;100.981
3.341814283;210.31;78.5;100.981
3.242517902;214.03;78.5;100.981
3.050414285;214.08;78.5;100.981
2.786301409;214.07;78.5;100.981
2.65342989;205.02;78.5;100.981
2.387568258;194.4;78.5;100.981
2.271019893;161.5;78.5;100.981
2.135774231;89.9;78.5;100.981
2.149763701;77.97;78.5;100.981
2.097951957;92;78.5;100.981
2.140283613;141.59;78.5;100.981
2.312644926;194.83;78.5;100.981
2.421235418;220;78.5;100.981
2.703916144;263.02;78.5;100.981
2.653882813;281.68;78.5;100.981
2.78182942;265.63;78.5;100.981
2.72244502;251.59;78.5;100.981
2.722638491;228;78.5;100.981
2.61162286;196;78.5;100.981
2.57342984;192.04;78.5;101.827
2.598429923;189.45;78.5;101.827
2.61718331;194.89;78.5;101.827
2.660172034;195.01;78.5;101.827
2.864722407;208.62;78.5;101.827
3.219071045;274.95;78.5;101.827
3.285278113;316.95;78.5;101.827
3.080827089;313.95;78.5;101.827
2.745556115;266.98;78.5;101.827
2.60250439;224.94;78.5;101.827
2.362005772;204.14;78.5;101.827
2.296110114;173.87;78.5;101.827
2.115039231;163.51;78.5;101.827
2.110450391;130.99;78.5;101.827
2.064916147;161.5;78.5;101.827
2.140974024;170.68;78.5;101.827
2.318664054;197.56;78.5;101.827
2.413277359;260.31;78.5;101.827
2.67391488;304.62;78.5;101.827
2.675213666;274.06;78.5;101.827
2.81014698;252.61;78.5;101.827
2.836501077;229.53;78.5;101.827
2.769047564;220.54;78.5;101.827
2.770010635;209.83;78.5;101.827
2.82215601;210.18;78.5;101.957
2.895338872;208.96;78.5;101.957
2.941739697;210;78.5;101.957
3.048935444;209.87;78.5;101.957
3.267082288;225.27;78.5;101.957
3.592401951;270.27;78.5;101.957
3.722030207;302.12;78.5;101.957
3.606242665;318.74;78.5;101.957
3.195852133;299.9;78.5;101.957
3.02272526;278.48;78.5;101.957
2.780176104;275.94;78.5;101.957
2.658227504;236.43;78.5;101.957
2.546114341;230.85;78.5;101.957
2.715196684;223.52;78.5;101.957
2.671186947;222.41;78.5;101.957
2.786284512;228.01;78.5;101.957
2.904676298;246.53;78.5;101.957
2.852231087;280.04;78.5;101.957
3.028260135;302.49;78.5;101.957
2.947503;297.67;78.5;101.957
3.071322141;260.04;78.5;101.957
3.034111375;237;78.5;101.957
3.028636021;219.84;78.5;101.957
3.013892183;233.07;78.5;101.957
3.03445767;228.86;78.5;110.03
3.02102843;229.61;78.5;110.03
3.001104016;229.08;78.5;110.03
3.012808075;232.33;78.5;110.03
3.102153967;242;78.5;110.03
3.301753187;283;78.5;110.03
3.404233209;315;78.5;110.03
3.537102578;346.91;78.5;110.03
3.39944779;328.11;78.5;110.03
3.292943249;302.07;78.5;110.03
2.987818096;312.56;78.5;110.03
2.856309917;295.99;78.5;110.03
2.753404362;272.89;78.5;110.03
2.753814416;278.3;78.5;110.03
2.63675563;266.52;78.5;110.03
2.63042296;256.34;78.5;110.03
2.717768349;269.81;78.5;110.03
2.615882821;294.7;78.5;110.03
2.834891586;309.97;78.5;110.03
2.859266569;285.73;78.5;110.03
3.162540854;253.36;78.5;110.03
3.194416365;240.52;78.5;110.03
3.222251407;197.92;78.5;110.03
3.223812607;200.66;78.5;110.03
3.245609413;204.29;78.5;119.844
3.246797088;195.02;78.5;119.844
3.226523287;181.93;78.5;119.844
3.26831503;186.3;78.5;119.844
3.305932173;200.69;78.5;119.844
3.432628248;270;78.5;119.844
3.475048502;305.76;78.5;119.844
3.532006327;324.23;78.5;119.844
3.394442104;271;78.5;119.844
3.376469286;250.75;78.5;119.844
3.135818495;219.54;78.5;119.844
3.045863604;203.92;78.5;119.844
2.892516929;193.43;78.5;119.844
3.001430408;190.8;78.5;119.844
2.945234828;185.62;78.5;119.844
2.926244777;184.96;78.5;119.844
2.939971096;188.01;78.5;119.844
2.816920027;200.01;78.5;119.844
2.980159804;229.49;78.5;119.844
3.052897727;199.08;78.5;119.844
3.30241959;164.35;78.5;119.844
3.371097146;150.64;78.5;119.844
3.34574991;120.08;78.5;119.844
3.32176636;111.72;78.5;119.844
3.306078327;99.64;78.5;121.255
3.264846917;94.48;78.5;121.255
3.281441553;99.59;78.5;121.255
3.301799546;109.02;78.5;121.255
3.358294536;140.01;78.5;121.255
3.446196605;178.63;78.5;121.255
3.507376134;200.03;78.5;121.255
3.653085314;208.47;78.5;121.255
3.578913254;200.35;78.5;121.255
3.495687788;193.08;78.5;121.255
3.242307432;181.14;78.12;121.255
3.185336564;171.94;78;121.255
2.97136757;159.91;78;121.255
2.961289427;147.1;78;121.255
2.950456184;140.82;78;121.255
3.005346533;142.33;78;121.255
3.133892081;172.4;78;121.255
3.001618993;191.7;78;121.255
3.084158982;205.96;78;121.255
2.975934813;200.19;78;121.255
3.137627807;174.92;78;121.255
3.129126952;167.85;78;121.255
3.090387039;151.86;78;121.255
3.043460103;112.01;78;121.255
2.98726533;125.01;78;120.241
2.990675746;131.72;78;120.241
2.990231775;140.54;78;120.241
3.021281491;131.79;78;120.241
3.060517212;145.07;78;120.241
3.140750693;135.84;78;120.241
3.147801153;168.06;78;120.241
3.15573187;190.3;78;120.241
3.059539623;192.15;78;120.241
3.106351244;169.77;78;120.241
2.94899055;166.94;78;120.241
2.908011451;160.63;78;120.241
2.762838182;132.18;78;120.241
2.804001617;120.6;78;120.241
2.765261667;128.45;78;120.241
2.798184088;137.45;78;120.241
2.78112218;171.27;78;120.241
2.701267609;227.6;78;120.241
2.915040436;259.15;78;120.241
2.911866949;241.63;78;120.241
3.183939547;210;78;120.241
3.218632583;206.14;78;120.241
3.205753145;189.38;78;120.241
3.2071232;199.08;78;120.241
3.228569402;193.08;78;120.241
3.225695099;195.76;78;120.241
3.216328455;194.44;78;120.241
3.261903563;195.55;78;120.241
3.400774248;193.82;78;120.241
3.628214733;190.88;78;120.241
3.597864343;192.6;78;120.241
3.284950638;197.24;78;120.241
2.880936323;182.07;78;120.241
2.742459354;180.76;78;120.241
2.44659501;179.13;78;120.241
2.357777419;174.2;78;120.241
2.188380786;119.64;78;120.241
2.21015127;97.07;78;120.241
2.135137441;104;78;120.241
2.176133866;121.39;78;120.241
2.279252232;132.21;78;120.241
2.280024582;177.39;78;120.241
2.575524607;211.79;78;120.241
2.694688136;204.95;78;120.241
2.959355597;179.74;78;120.241
2.977167491;177.45;78;120.241
2.918850203;155.03;78;120.241
2.880166411;118.63;78;120.241
2.808638217;91.81;78;120.346
2.738100123;88;78;120.346
2.684935199;81.56;78;120.346
2.726892774;87.49;78;120.346
2.836492486;91.6;78;120.346
3.048493023;133;78;120.346
3.100203147;120.6;78;120.346
2.941659399;101.16;78;120.346
2.704478185;87.6;78;120.346
2.70083011;74.54;78;120.346
2.514246615;68.27;78;120.346
2.511533711;40.08;78;120.346
2.499465186;30.98;78;120.346
2.587779471;25.6;78;120.346
2.66447838;37.56;78;120.346
2.840620856;47.24;78;120.346
3.016226744;69.78;78;120.346
2.868938447;69.93;78;120.346
2.823445193;74.86;78;120.346
2.67957478;74.52;78;120.346
2.841288054;69.96;78;120.346
2.832541023;72.98;78;120.346
2.783035929;50.09;78;120.346
2.691776277;23.53;78;120.346
2.636584276;30;78;111.258
2.634016679;35.09;78;111.258
2.703527198;42.35;78;111.258
2.8237291;74.53;78;111.258
3.033278804;83.97;78;111.258
3.298406856;163.27;78;111.258
3.355613759;220.07;78;111.258
3.32272159;232.03;78;111.258
3.265959558;229.51;78;111.258
3.32895249;227;78;111.258
3.126482675;230.09;78;111.258
3.04960417;214.24;78;111.258
2.855069659;222.98;78;111.258
2.857446384;208.49;78;111.258
2.740976348;222.97;78;111.258
2.774820865;224.41;78;111.258
2.884142874;262.21;78;111.258
2.757724285;278.24;78;111.258
2.809775264;309.93;78;111.258
2.834104604;277.91;78;111.258
3.157015798;226.47;78;111.258
3.136945357;189.65;78;111.258
3.008102802;163.64;78;111.258
2.863323263;112.87;78;111.258
2.895857123;140;78;109.154
2.932026287;126.56;78;109.154
2.984383219;121.67;78;109.154
3.080788566;126.59;78;109.154
3.2503869;118.48;78;109.154
3.567772209;165.6;78;109.154
3.599341503;177.84;78;109.154
3.518565358;175.3;78;109.154
3.375911704;159.36;78;109.154
3.321161989;95.69;78;109.154
3.043868239;74.86;78;109.154
2.874632739;77.8;78;109.154
2.670365958;74.73;78;109.154
2.838081766;71.98;78;109.154
2.978719407;74.75;78;109.154
3.183759603;74.81;78;109.154
3.27101593;126.26;78;109.154
3.071756348;165.54;78;109.154
3.125936179;178.43;78;109.154
3.021624186;171;78;109.154
3.133600217;132.42;78;109.154
3.133719132;109.11;78;109.154
3.033940079;60.37;78;109.154
2.981684063;73.02;78;109.154
2.885815172;67.74;78;108.819
2.835488734;59.64;78;108.819
2.779679356;67.58;78;108.819
2.732873807;73.58;78;108.819
2.733557337;74.13;78;108.819
2.825770602;74.5;78;108.819
2.816145697;90.03;78;108.819
2.961355144;113.23;78;108.819
3.050732614;77.35;78;108.819
3.131905068;71.93;78;108.819
2.840292155;71.94;78;108.819
2.707841096;77.38;78;108.819
2.443164107;70.38;78;108.819
2.452720999;70.15;78;108.819
2.478139136;73.35;78;108.819
2.505067559;74.82;78;108.819
2.589569315;80.91;78;108.819
2.4522271;82.06;78;108.819
2.57865813;94.41;78;108.819
2.57036757;79.56;78;108.819
2.771174023;65.45;78;108.819
2.722182597;69.19;78;108.819
2.582504007;27.35;78;108.819
2.546980143;2.02;78;108.819
2.528720432;1.03;78;105.453
2.551247081;1.02;78;105.453
2.580654713;2.47;78;105.453
2.589630569;8.58;78;105.453
2.645787171;44.51;78;105.453
2.706380617;95.37;78;105.453
2.823670455;147.26;78;105.453
3.047354797;150;78;105.453
3.171495909;87;78;105.453
3.159588967;81.85;78;105.453
2.886072733;86.54;79.66;105.453
2.75121514;88.19;80.21;105.453
2.520276503;91.41;80.21;105.453
2.501319547;130.77;80.21;105.453
2.496644701;166.11;80.21;105.453
2.594845735;186.11;80.21;105.453
2.70234981;202.31;80.21;105.453
2.710661578;229.9;80.21;105.453
3.008590457;267.77;80.21;105.453
2.956154816;259.04;80.21;105.453
3.111516777;221.8;80.21;105.453
2.982210918;189.8;80.21;105.453
2.852202886;159.98;80.21;105.453
2.737145874;119.25;80.21;105.453
2.711933841;110.6;80.21;107.069
2.742157505;92.51;80.21;107.069
2.773928793;83.22;80.21;107.069
2.836513807;79.12;80.21;107.069
2.990440228;76.14;80.21;107.069
3.277502572;76.56;80.21;107.069
3.215694015;88.15;80.21;107.069
2.869179936;82.9;80.21;107.069
2.547660032;69.72;80.21;107.069
2.515338021;25.14;80.21;107.069
2.338196424;5.04;80.21;107.069
2.217662003;-0.01;80.21;107.069
2.095008254;-0.28;80.21;107.069
2.197562687;-2.49;80.21;107.069
2.281615498;-0.1;80.21;107.069
2.357581806;-0.03;80.21;107.069
2.491027126;1.98;80.21;107.069
2.489129;75.81;80.21;107.069
2.793752732;96.97;80.21;107.069
2.827974565;105;80.21;107.069
3.110607666;90.95;80.21;107.069
2.953598093;89.77;80.21;107.069
2.760993618;69.88;80.21;107.069
2.657965932;70.96;80.21;107.069
2.62184714;26.15;80.21;107.069
2.586842127;24.59;80.21;107.069
2.593779648;25.67;80.21;107.069
2.620028688;40.04;80.21;107.069
2.831256292;36.85;80.21;107.069
3.141012378;25.95;80.21;107.069
3.039511776;45.02;80.21;107.069
2.711290573;35.76;80.21;107.069
2.410361411;22.23;80.21;107.069
2.293782196;12.29;80.21;107.069
2.074976597;13;80.21;107.069
2.020693177;5.31;80.21;107.069
1.906374789;0.1;80.21;107.069
2.015311908;0.09;80.21;107.069
1.994322914;0.42;80.21;107.069
2.048877972;8.52;80.21;107.069
2.185128304;71.03;80.21;107.069
2.200177574;139.9;80.21;107.069
2.476843731;233.51;80.21;107.069
2.547572941;252.18;80.21;107.069
2.771555483;239.54;80.21;107.069
2.769949318;238.28;80.21;107.069
2.741174261;224.3;80.21;107.069
2.720023718;182.38;80.21;107.069
2.717803947;184.98;80.21;107.325
2.744558031;184.6;80.21;107.325
2.821474778;185.68;80.21;107.325
2.907826846;195.55;80.21;107.325
3.07535974;220.56;80.21;107.325
3.386880364;264.91;80.21;107.325
3.385422682;299.93;80.21;107.325
3.021921372;285.03;80.21;107.325
2.630782257;255;80.21;107.325
2.328780147;214.92;80.21;107.325
2.044516523;190.71;80.21;107.325
2.019565353;187.85;80.21;107.325
1.929143555;181.84;80.21;107.325
1.977880684;179.98;80.21;107.325
1.957234604;179.77;80.21;107.325
2.112362647;182.86;80.21;107.325
2.354534036;219.39;80.21;107.325
2.436508932;263.32;80.21;107.325
2.660839257;296.99;80.21;107.325
2.705051555;290.37;80.21;107.325
2.831879521;267.81;80.21;107.325
2.814974591;247.99;80.21;107.325
2.775902616;204.4;80.21;107.325
2.676951952;192.9;80.21;107.325
2.69003781;188.71;80.21;102.816
2.735776774;184.13;80.21;102.816
2.863562033;183;80.21;102.816
2.947598292;185.55;80.21;102.816
3.116182614;191.53;80.21;102.816
3.414741961;229.54;80.21;102.816
3.300161077;268.78;80.21;102.816
2.994982607;260.33;80.21;102.816
2.592710547;219.02;80.21;102.816
2.409010896;182.51;80.21;102.816
2.119399127;172.32;80.21;102.816
2.065123506;136.12;80.21;102.816
1.991302036;110.02;80.21;102.816
2.092146325;100.01;80.21;102.816
2.056264314;118.14;80.21;102.816
2.110099126;139.9;80.21;102.816
2.255944429;179.4;80.21;102.816
2.264013864;215.47;80.21;102.816
2.416522328;235.09;80.21;102.816
2.460589826;233.47;80.21;102.816
2.710021899;189.08;80.21;102.816
2.691968219;177.46;80.21;102.816
2.677251534;137.74;80.21;102.816
2.662980926;161.67;80.21;102.816
2.735472745;165.81;80.21;103.685
2.807803652;163.31;80.21;103.685
2.855846379;167.63;80.21;103.685
2.933322622;180.73;80.21;103.685
3.109877378;212.32;80.21;103.685
3.360430038;248.74;80.21;103.685
3.336683344;267.52;80.21;103.685
3.048849298;273.83;80.21;103.685
2.684616656;254.25;80.21;103.685
2.483125059;212.9;80.21;103.685
2.221896197;192.45;80.21;103.685
2.169584975;188.72;80.21;103.685
2.068782031;195.04;80.21;103.685
2.134298418;200.05;80.21;103.685
2.149348581;196;80.21;103.685
2.253523437;200.47;80.21;103.685
2.366759188;241.25;80.21;103.685
2.296995573;266.2;80.21;103.685
2.441669984;298.95;80.21;103.685
2.414521521;301.63;80.21;103.685
2.596538575;269.03;80.21;103.685
2.552245987;250;80.21;103.685
2.520950389;231.94;80.21;103.685
2.541057714;232.45;80.21;103.685
2.538123975;207.63;80.21;104.715
2.570673488;200.14;80.21;104.715
2.579151564;198.05;80.21;104.715
2.581095261;199.97;80.21;104.715
2.551589748;204.46;80.21;104.715
2.553187913;254;80.21;104.715
2.524475337;272.33;80.21;104.715
2.65624424;282.11;80.21;104.715
2.651904136;252.78;80.21;104.715
2.619859563;216.35;80.21;104.715
2.302996814;212.54;80.21;104.715
2.13364511;202.24;80.21;104.715
1.871086612;195.19;80.21;104.715
1.958720328;193.64;80.21;104.715
2.093973669;191.99;80.21;104.715
2.331936319;194.53;80.21;104.715
2.427977435;212.8;80.21;104.715
2.346469338;244.94;80.21;104.715
2.417598803;271.07;80.21;104.715
2.273028638;272.31;80.21;104.715
2.417966394;265.46;80.21;104.715
2.365979608;253.68;80.21;104.715
2.336962388;234.36;80.21;104.715
2.297174141;214.9;80.21;104.715
2.253919754;198.45;80.21;97.33
2.236893375;194.28;80.21;97.33
2.280748288;190.49;80.21;97.33
2.301713071;191.86;80.21;97.33
2.34519124;196.86;80.21;97.33
2.374869895;205.33;80.21;97.33
2.448104455;220.78;80.21;97.33
2.665762383;209.88;80.21;97.33
2.785798993;189.92;80.21;97.33
2.860623071;190.62;80.21;97.33
2.555027581;186.55;80.21;97.33
2.39701537;160.03;80.21;97.33
2.253036013;167.65;80.21;97.33
2.302522367;157.38;80.21;97.33
2.260801134;151.11;80.21;97.33
2.212946805;155.01;80.21;97.33
2.253641185;179.32;80.21;97.33
2.232164555;196.21;80.21;97.33
2.441877978;228.35;80.21;97.33
2.375277587;235.99;80.21;97.33
2.538918297;208.84;80.21;97.33
2.542103836;205.09;80.21;97.33
2.514125219;196.24;80.21;97.33
2.514201546;191.16;80.21;97.33
2.524963447;183.37;80.21;97.33
2.544593964;178;80.21;97.33
2.514924089;174.21;80.21;97.33
2.536230524;171.81;80.21;97.33
2.671609594;179.54;80.21;97.33
2.928745572;188.98;80.21;97.33
2.810744536;191.12;80.21;97.33
2.429253838;189.6;80.21;97.33
2.156138663;172.62;80.21;97.33
2.152153983;146.58;80.21;97.33
1.961154528;121.99;80.21;97.33
1.896829851;82.36;80.21;97.33
1.765816514;52.9;80.21;97.33
1.797643652;33.78;80.21;97.33
1.71579284;40.32;80.21;97.33
1.721720034;65.84;80.21;97.33
1.820785252;107.71;80.21;97.33
1.816226487;171.19;80.21;97.33
1.959664079;195.08;80.21;97.33
2.110182749;205.81;80.21;97.33
2.36111982;194.47;80.21;97.33
2.377882006;175.84;80.21;97.33
2.320075941;166.88;80.21;97.33
2.25795329;160.22;80.21;97.33
2.199655467;139.97;80.21;97.33
2.190253068;121.76;80.21;97.33
2.208055979;123.38;80.21;97.33
2.250306858;133.96;80.21;97.33
2.400903715;139.96;80.21;97.33
2.672725983;146.1;80.21;97.33
2.528924801;144.01;80.21;97.33
2.114412133;133.55;80.21;97.33
1.864320377;100;80.21;97.33
1.890807966;75.92;80.21;97.33
1.720940968;41.29;80.21;97.33
1.661068096;20.73;80.21;97.33
1.562677879;0.07;80.21;97.33
1.624380946;0;80.21;97.33
1.550574483;0.08;80.21;97.33
1.506904435;15;80.21;97.33
1.618646818;66.2;80.21;97.33
1.778590642;158.02;80.21;97.33
1.939550947;182.55;80.21;97.33
1.999457772;191.54;80.21;97.33
2.124484048;187.88;80.21;97.33
2.114000931;171.46;80.21;97.33
2.075630387;158.07;80.21;97.33
2.061048648;95.9;80.21;97.33
2.067810719;81;80.21;97.33
2.092155521;84;80.21;97.33
2.148860875;81;80.21;97.33
2.220294959;85.25;80.21;97.33
2.402661149;92.31;80.21;97.33
2.643192991;95.23;80.21;97.33
2.509638578;105;80.21;97.33
2.173178751;108.65;80.21;97.33
1.902200142;101.18;80.21;97.33
1.847606953;95.51;80.21;97.33
1.612703562;82.92;80.21;97.33
1.577714657;75.98;80.21;97.33
1.443680086;61.17;80.21;97.33
1.456868507;45;80.21;97.33
1.437459009;60.58;80.21;97.33
1.453943511;82.92;80.21;97.33
1.5443632;121.25;80.21;97.33
1.556657409;189.84;80.21;97.33
1.818938112;240.3;80.21;97.33
1.927987255;250.73;80.21;97.33
2.141524557;226.6;80.21;97.33
2.117369221;221.23;80.21;97.33
2.081638092;202;80.21;97.33
2.055600665;205;80.21;97.33
2.041747583;192.98;80.21;98.46
2.063880873;191.14;80.21;98.46
2.109348688;190.95;80.21;98.46
2.189711358;190;80.21;98.46
2.426510237;200.61;80.21;98.46
2.726269713;251.27;80.21;98.46
2.66351752;291.43;80.21;98.46
2.311845527;295.43;80.21;98.46
1.87076186;255.71;80.21;98.46
1.7408622;232.54;80.21;98.46
1.517759448;207.71;80.21;98.46
1.485019843;193.56;80.21;98.46
1.408747949;187.06;80.21;98.46
1.446194579;176.57;80.21;98.46
1.474137135;176.11;80.21;98.46
1.504482947;168.94;80.21;98.46
1.637261677;193.33;80.21;98.46
1.656975461;224.93;80.21;98.46
1.916235341;239.03;80.21;98.46
2.071928156;240.01;80.21;98.46
2.310809099;223.6;80.21;98.46
2.249207777;200;80.21;98.46
2.133771657;184.2;80.21;98.46
2.083834242;191;80.21;98.46
2.081881528;189.55;80.21;93.519
2.107437716;183.1;80.21;93.519
2.133189502;183.28;80.21;93.519
2.167373948;183.38;80.21;93.519
2.305201285;197.96;80.21;93.519
2.536066524;227.24;80.21;93.519
2.45379407;249.92;80.21;93.519
2.112844681;249.9;80.21;93.519
1.815142206;209.96;80.21;93.519
1.715538367;193.5;80.21;93.519
1.45909407;188.91;80.21;93.519
1.416976758;175.87;80.21;93.519
1.321882782;168.37;80.21;93.519
1.434187055;158.9;80.21;93.519
1.436190403;171.95;80.21;93.519
1.505696075;175.85;80.21;93.519
1.667568868;196.15;80.21;93.519
1.62354931;222.95;80.21;93.519
1.785343119;249;80.21;93.519
1.80503972;250;80.21;93.519
1.998593989;239.18;80.21;93.519
1.973210748;220.1;80.21;93.519
1.903827042;201.97;80.21;93.519
1.803884557;188.55;80.21;93.519
1.818138506;179.92;80.21;96.083
1.935702541;181.08;80.21;96.083
2.015320973;178.92;80.21;96.083
2.074910705;180.5;80.21;96.083
2.109624686;199.92;80.21;96.083
2.126261753;229.76;80.21;96.083
2.082586743;256.02;80.21;96.083
2.12431062;256.25;80.21;96.083
1.966407359;232.26;80.21;96.083
1.967046125;207.93;80.21;96.083
1.742246985;197.01;80.21;96.083
1.715058601;185.06;80.21;96.083
1.51090108;176.25;80.21;96.083
1.514207859;167.93;80.21;96.083
1.476659402;168.05;80.21;96.083
1.541086428;173.4;80.21;96.083
1.616500151;185.34;80.21;96.083
1.642974856;204.96;80.21;96.083
1.833009424;220.62;80.21;96.083
1.966990283;223.61;80.21;96.083
2.141730585;220.44;80.21;96.083
2.114112378;199.71;80.21;96.083
2.033526167;174.62;80.21;96.083
1.917844695;191.07;80.21;96.083
1.910256375;183.93;80.21;97.471
1.940890765;187.01;80.21;97.471
2.026684929;179.41;80.21;97.471
2.072890587;176.09;80.21;97.471
2.172155409;189.58;80.21;97.471
2.277352637;218.07;80.21;97.471
2.262900106;239.95;80.21;97.471
2.333461215;244.1;80.21;97.471
2.382183401;221.05;80.21;97.471
2.486934562;196.56;80.21;97.471
2.313336882;156.71;85.6;97.471
2.225041855;122.43;87.4;97.471
2.056089436;98.52;87.4;97.471
2.01420426;86.77;87.4;97.471
2.043955621;86.77;87.4;97.471
2.124327074;102.34;87.4;97.471
2.218939844;137;87.4;97.471
2.279835791;180.26;87.4;97.471
2.327191153;209.61;87.4;97.471
2.29693255;209.97;87.4;97.471
2.326219462;185;87.4;97.471
2.289165045;190.17;87.4;97.471
2.237464058;147.32;87.4;97.471
2.187281261;130.46;87.4;97.471
2.192741962;116.44;87.4;95.486
2.212731608;108.65;87.4;95.486
2.226946126;119.04;87.4;95.486
2.261116263;119.4;87.4;95.486
2.447266837;122.32;87.4;95.486
2.706631442;128.32;87.4;95.486
2.574302118;143.64;87.4;95.486
2.18755179;141.5;87.4;95.486
1.907264929;82.69;87.4;95.486
1.884303788;55.43;87.4;95.486
1.767337883;15.92;87.4;95.486
1.768564337;2.43;87.4;95.486
1.740961701;0.01;87.4;95.486
1.841464508;0.08;87.4;95.486
1.89586756;5.07;87.4;95.486
1.97798202;20.45;87.4;95.486
2.058124054;94.85;87.4;95.486
2.022645662;138.87;87.4;95.486
2.140098442;168.19;87.4;95.486
2.198399161;171.36;87.4;95.486
2.290331683;138.05;87.4;95.486
2.213349932;118.23;87.4;95.486
2.137237291;97.95;87.4;95.486
2.080203443;100.58;87.4;95.486
2.076498347;93.14;87.4;95.486
2.06768052;91.92;87.4;95.486
2.044550351;87.88;87.4;95.486
2.06963439;84.06;87.4;95.486
2.173007624;87.84;87.4;95.486
2.442114131;87.81;87.4;95.486
2.303242156;95.1;87.4;95.486
2.114312575;96.51;87.4;95.486
1.965095374;81.88;87.4;95.486
2.003666447;74.9;87.4;95.486
1.842029416;73.03;87.4;95.486
1.872906798;54.86;87.4;95.486
1.827595233;34.51;87.4;95.486
1.898749216;34.2;87.4;95.486
1.825401624;44.09;87.4;95.486
1.875365975;72.81;87.4;95.486
2.03776767;111.73;87.4;95.486
2.093503469;165.01;87.4;95.486
2.354223159;198.65;87.4;95.486
2.521269814;224.95;87.4;95.486
2.570870849;216.66;87.4;95.486
2.49003488;205.73;87.4;95.486
2.402320825;186.99;87.4;95.486
2.358710868;184.96;87.4;95.486
2.330083587;183.78;87.4;96.422
2.304174604;185.63;87.4;96.422
2.299187314;186.1;87.4;96.422
2.32643034;188.12;87.4;96.422
2.492979351;200.06;87.4;96.422
2.758485251;237.23;87.4;96.422
2.682487963;261.87;87.4;96.422
2.42631617;272.47;87.4;96.422
2.187756395;249.06;87.4;96.422
2.156683745;232.59;87.4;96.422
1.992005738;227.97;87.4;96.422
1.92740771;211;87.4;96.422
1.863376207;200;87.4;96.422
1.910599378;194.9;87.4;96.422
1.925712681;191.99;87.4;96.422
1.945553409;189.5;87.4;96.422
1.987599609;209.25;87.4;96.422
1.982246356;252.71;87.4;96.422
2.198748443;273.88;87.4;96.422
2.287094209;275.71;87.4;96.422
2.46393217;264.93;87.4;96.422
2.428708014;254;87.4;96.422
2.34031941;235.44;87.4;96.422
2.32173358;212.54;87.4;96.422
2.2539706;205.01;87.4;96.892
2.295986738;204.59;87.4;96.892
2.342408529;201.07;87.4;96.892
2.420836076;204.16;87.4;96.892
2.616950773;232.95;87.4;96.892
2.951017687;266.52;87.4;96.892
2.904155794;290;87.4;96.892
2.532956347;290;87.4;96.892
2.216693856;260.48;87.4;96.892
2.168004349;235.88;87.4;96.892
2.047800458;224.28;87.4;96.892
2.037927079;219.41;87.4;96.892
1.983534169;210.49;87.4;96.892
2.052504701;214.19;87.4;96.892
2.123038293;215.42;87.4;96.892
2.2208034;211.03;87.4;96.892
2.387954893;239.93;87.4;96.892
2.344017149;260.63;87.4;96.892
2.460884108;281;87.4;96.892
2.39568496;286.76;87.4;96.892
2.624668116;270.01;87.4;96.892
2.492734253;255;87.4;96.892
2.342859504;231.91;87.4;96.892
2.270352717;206.72;87.4;96.892
2.274571384;198.01;87.4;94.689
2.292565385;196.36;87.4;94.689
2.323122553;194.53;87.4;94.689
2.346505464;197.51;87.4;94.689
2.473804145;209.94;87.4;94.689
2.735769123;244.2;87.4;94.689
2.684245653;271.01;87.4;94.689
2.507374597;265.98;87.4;94.689
2.203008676;252.74;87.4;94.689
2.167372217;225.22;87.4;94.689
1.973999122;214.12;87.4;94.689
2.01501935;207.66;87.4;94.689
1.905427837;200.62;87.4;94.689
1.954783135;193.22;87.4;94.689
1.943289401;190.96;87.4;94.689
1.976432511;191.35;87.4;94.689
2.072624474;206.49;87.4;94.689
2.040178664;239.31;87.4;94.689
2.222657175;267.9;87.4;94.689
2.250627934;266.33;87.4;94.689
2.539438648;254.94;87.4;94.689
2.469328373;235.33;87.4;94.689
2.445625556;202.57;87.4;94.689
2.454882806;214.63;87.4;94.689
2.460382203;201.94;87.4;108.398
2.412468411;198;87.4;108.398
2.425146664;201.37;87.4;108.398
2.506603479;201.5;87.4;108.398
2.586637959;218.35;87.4;108.398
2.633859604;255;87.4;108.398
2.545491509;283.37;87.4;108.398
2.591326778;279.29;87.4;108.398
2.484508981;251.26;87.4;108.398
2.375640951;224.93;87.4;108.398
2.045189152;213.56;87.4;108.398
1.859600391;208;87.4;108.398
1.681587026;200.09;87.4;108.398
1.633737482;197.05;87.4;108.398
1.650857258;196.3;87.4;108.398
1.729904296;197.13;87.4;108.398
1.849412562;217.63;87.4;108.398
1.933292114;255;87.4;108.398
2.070949642;279.09;87.4;108.398
1.983635472;284.91;87.4;108.398
2.091518084;268.91;87.4;108.398
2.124977046;253.56;87.4;108.398
2.215277433;222.78;87.4;108.398
2.286128977;206.05;87.4;108.398
2.324268825;203.15;87.4;101.985
2.320868103;202.52;87.4;101.985
2.322030892;203.23;87.4;101.985
2.375361389;205.09;87.4;101.985
2.442417002;213.86;87.4;101.985
2.508654029;255.77;87.4;101.985
2.442330248;280.06;87.4;101.985
2.392827725;291.22;87.4;101.985
2.260816216;256.34;87.4;101.985
2.229265665;230.33;87.4;101.985
2.084947535;217.4;84;101.985
2.035331229;208.37;82.86;101.985
1.914192105;197.25;82.86;101.985
1.978432932;195.24;82.86;101.985
1.999091402;195.04;82.86;101.985
2.076157314;206;82.86;101.985
2.097301525;216.3;82.86;101.985
2.010579164;246.98;82.86;101.985
2.172852921;262.08;82.86;101.985
2.223078182;265.87;82.86;101.985
2.351538359;254.97;82.86;101.985
2.315826209;241.56;82.86;101.985
2.281405697;217.91;82.86;101.985
2.173677834;204.78;82.86;101.985
2.134514137;189.1;82.86;100.434
2.106775392;189.91;82.86;100.434
2.067879843;187.47;82.86;100.434
2.055474388;189.96;82.86;100.434
2.0804974;194.81;82.86;100.434
2.154833123;201;82.86;100.434
2.094298121;206.59;82.86;100.434
2.048875908;210.01;82.86;100.434
1.955746705;205.85;82.86;100.434
1.916982052;195.95;82.86;100.434
1.748712988;186.58;82.86;100.434
1.73185877;180.04;82.86;100.434
1.66758726;172.94;82.86;100.434
1.686225355;166.35;82.86;100.434
1.635641582;159.69;82.86;100.434
1.714004891;166.65;82.86;100.434
1.815960147;192.02;82.86;100.434
1.753184325;226.09;82.86;100.434
1.946285224;246.97;82.86;100.434
1.978487199;252.64;82.86;100.434
2.092333691;247.11;82.86;100.434
2.066517615;239.09;82.86;100.434
2.025312421;219;82.86;100.434
2.019807301;206;82.86;100.434
2.003683673;199.7;82.86;100.434
2.025096286;197.56;82.86;100.434
2.039775519;192.2;82.86;100.434
2.038034932;197.43;82.86;100.434
2.059026495;201.32;82.86;100.434
2.083421257;195;82.86;100.434
1.982183424;194.95;82.86;100.434
1.997507801;186.94;82.86;100.434
1.921136914;182.04;82.86;100.434
2.034271201;177.31;82.86;100.434
1.881490676;176.5;82.86;100.434
1.819282014;174.92;82.86;100.434
1.668072805;150.74;82.86;100.434
1.685640987;140.4;82.86;100.434
1.676841556;138.9;82.86;100.434
1.726290509;155.9;82.86;100.434
1.833063214;187.04;82.86;100.434
1.858323237;215.85;82.86;100.434
2.178731209;249.43;82.86;100.434
2.245411961;254.94;82.86;100.434
2.338187798;243.03;82.86;100.434
2.292510439;239.72;82.86;100.434
2.220683512;215.97;82.86;100.434
2.199453677;206.46;82.86;100.434
2.150038768;199.87;82.86;100.434
2.120562645;194.69;82.86;100.434
2.052709449;193.76;82.86;100.434
2.03811717;196.34;82.86;100.434
2.212835152;209.96;82.86;100.434
2.425769283;248.88;82.86;100.434
2.267427005;270;82.86;100.434
1.994842032;264.57;82.86;100.434
1.726412892;238.98;82.86;100.434
1.671348067;194.27;82.86;100.434
1.56144624;189.97;82.86;100.434
1.549548431;190.68;82.86;100.434
1.409410873;190.45;82.86;100.434
1.408766048;187.65;82.86;100.434
1.37943351;185.05;82.86;100.434
1.439260392;188.2;82.86;100.434
1.573474969;218.72;82.86;100.434
1.712252752;244.11;82.86;100.434
1.89933914;263.97;82.86;100.434
1.943619021;265.41;82.86;100.434
2.034800298;253.52;82.86;100.434
2.039540652;241.11;82.86;100.434
1.944932462;219.92;82.86;100.434
1.878204573;184.5;82.86;100.434
1.865837825;182.09;82.86;100.813
1.883912735;184.08;82.86;100.813
1.947528585;185.12;82.86;100.813
2.029273363;187.04;82.86;100.813
2.158347586;191.19;82.86;100.813
2.367441996;236.26;82.86;100.813
2.287094798;255.96;82.86;100.813
1.991132005;255.96;82.86;100.813
1.778683217;232.7;82.86;100.813
1.780681759;206.07;82.86;100.813
1.695175877;200.24;82.86;100.813
1.784444949;195.79;82.86;100.813
1.786079994;197.29;82.86;100.813
1.899860142;194.89;82.86;100.813
1.958386247;195.54;82.86;100.813
2.019717628;197.99;82.86;100.813
2.154048708;218.99;82.86;100.813
2.150418033;249.96;82.86;100.813
2.218908923;269.94;82.86;100.813
2.124291632;270.23;82.86;100.813
2.359501058;261.77;82.86;100.813
2.435415878;253.21;82.86;100.813
2.386920746;228.94;82.86;100.813
2.344476613;206;82.86;100.813
2.302546145;200;82.86;98.744
2.303281167;200.34;82.86;98.744
2.35091154;201.12;82.86;98.744
2.427889732;201.14;82.86;98.744
2.597177196;224.32;82.86;98.744
2.788113458;256.58;82.86;98.744
2.62238018;296.9;82.86;98.744
2.26909954;280.1;82.86;98.744
1.956292784;255.09;82.86;98.744
1.870980922;226.01;82.86;98.744
1.653846263;209.41;82.86;98.744
1.624626241;204.64;82.86;98.744
1.542951997;202.15;82.86;98.744
1.632285558;199.51;82.86;98.744
1.60117301;200.6;82.86;98.744
1.652074221;206.24;82.86;98.744
1.720313623;231.16;82.86;98.744
1.802783664;249.98;82.86;98.744
1.952578782;275.44;82.86;98.744
1.949700009;281.49;82.86;98.744
2.112996522;263.37;82.86;98.744
2.138413559;246.9;82.86;98.744
2.087472251;232.47;82.86;98.744
2.075769046;225.2;82.86;98.744
2.055354508;208.44;82.86;103.21
2.097607595;208.12;82.86;103.21
2.204339818;205.09;82.86;103.21
2.313667938;204.9;82.86;103.21
2.438664217;220.77;82.86;103.21
2.543951687;254.96;82.86;103.21
2.496630858;275.06;82.86;103.21
2.403459291;268.02;82.86;103.21
2.231626223;252.96;82.86;103.21
2.084320565;235.03;82.86;103.21
1.946146496;232.09;82.86;103.21
1.813586743;224.5;82.86;103.21
1.704849212;215.04;82.86;103.21
1.708390168;210.9;82.86;103.21
1.65200055;210;82.86;103.21
1.63051158;210.35;82.86;103.21
1.688552869;229;82.86;103.21
1.709478016;247.28;82.86;103.21
1.765185835;263;82.86;103.21
1.711352884;276.61;82.86;103.21
1.781833051;259.96;82.86;103.21
1.770301352;251.84;82.86;103.21
1.694641486;238.52;82.86;103.21
1.710080291;220.69;82.86;103.21
1.715704818;213.74;82.86;101.49
1.748551731;207.56;82.86;101.49
1.763772055;204.02;82.86;101.49
1.831811482;206.57;82.86;101.49
1.903546182;219.07;82.86;101.49
1.970110405;255.91;82.86;101.49
1.923377136;274.92;82.86;101.49
1.923503376;262.97;82.86;101.49
1.88625242;236.8;82.86;101.49
1.923646642;220;82.86;101.49
1.843210121;208.13;88.79;101.49
1.834435785;207.4;90.77;101.49
1.676267227;191.81;90.77;101.49
1.654942168;190.01;90.77;101.49
1.643901153;187.01;90.77;101.49
1.717004791;192.7;90.77;101.49
1.801757854;211.59;90.77;101.49
1.772376754;239.09;90.77;101.49
1.853337526;256.79;90.77;101.49
1.751358215;262.69;90.77;101.49
1.738450892;255.91;90.77;101.49
1.704581084;247.78;90.77;101.49
1.627344696;235.46;90.77;101.49
1.566095523;225.12;90.77;101.49
1.541936119;216.94;90.77;93.875
1.552727146;207.36;90.77;93.875
1.590782986;200.01;90.77;93.875
1.639529889;199.5;90.77;93.875
1.837211149;200.1;90.77;93.875
2.036226896;201.78;90.77;93.875
1.999652022;216.28;90.77;93.875
1.805652426;217.04;90.77;93.875
1.599890591;208.57;90.77;93.875
1.627924054;194.17;90.77;93.875
1.603276139;190.67;90.77;93.875
1.592697296;186.55;90.77;93.875
1.475241172;174.37;90.77;93.875
1.426525456;166.7;90.77;93.875
1.392672644;159.17;90.77;93.875
1.415917096;168.22;90.77;93.875
1.494707985;185.3;90.77;93.875
1.586670951;201.62;90.77;93.875
1.76288243;222.74;90.77;93.875
1.731295343;231.57;90.77;93.875
1.776089343;229;90.77;93.875
1.731604967;223.12;90.77;93.875
1.699214761;208.38;90.77;93.875
1.675900983;208.1;90.77;93.875
1.679214335;193.3;90.77;93.875
1.681688985;191.92;90.77;93.875
1.711557962;186.01;90.77;93.875
1.74201686;182.98;90.77;93.875
1.880632901;186.06;90.77;93.875
2.01848193;184.97;90.77;93.875
1.872362406;185.93;90.77;93.875
1.618577737;183.62;90.77;93.875
1.440752571;163.45;90.77;93.875
1.471317845;140.33;90.77;93.875
1.369510079;123.17;90.77;93.875
1.381751076;114.65;90.77;93.875
1.302082522;86.18;90.77;93.875
1.363868345;78.5;90.77;93.875
1.36462469;93.26;90.77;93.875
1.428243624;113.6;90.77;93.875
1.525512581;155.8;90.77;93.875
1.61205251;196.04;90.77;93.875
1.712209324;234.6;90.77;93.875
1.700369662;238.99;90.77;93.875
1.866479804;238.35;90.77;93.875
1.97793527;225.91;90.77;93.875
1.949421515;217.9;90.77;93.875
1.918274114;209.08;90.77;93.875
1.94878105;199.21;90.77;94.918
1.970535331;196.07;90.77;94.918
2.016139929;191.11;90.77;94.918
2.047602364;193.68;90.77;94.918
2.182325089;210.72;90.77;94.918
2.364707266;240;90.77;94.918
2.135927842;256.23;90.77;94.918
1.827612899;250.04;90.77;94.918
1.526200843;219.21;90.77;94.918
1.480727662;199.95;90.77;94.918
1.39466619;194.39;90.77;94.918
1.418569845;185.51;90.77;94.918
1.307872857;183.46;90.77;94.918
1.324137818;179.55;90.77;94.918
1.346901231;183.94;90.77;94.918
1.400705962;190.63;90.77;94.918
1.495973094;220.93;90.77;94.918
1.581095694;247.97;90.77;94.918
1.710492391;280;90.77;94.918
1.671244012;280;90.77;94.918
1.721090462;250.44;90.77;94.918
1.792527511;237.08;90.77;94.918
1.821388293;204.25;90.77;94.918
1.807407234;216.41;90.77;94.918
1.836067648;205.61;90.77;88
1.864533554;184.72;90.77;88
1.901389807;169.98;90.77;88
1.955597876;167.73;90.77;88
2.009659147;187.06;90.77;88
2.028762362;224.08;90.77;88
1.933931556;237.95;90.77;88
1.871537158;232.72;90.77;88
1.687192043;210.25;90.77;88
1.57732079;185;90.77;88
1.41901252;165.46;90.77;88
1.426785593;106.9;90.77;88
1.257114875;88.44;90.77;88
1.110908302;78.65;90.77;88
1.068261615;88.49;90.77;88
1.071697087;113.58;90.77;88
1.09663005;184.43;90.77;88
1.178393579;209.78;90.77;88
1.305457681;234.92;90.77;88
1.232176624;239.95;90.77;88
1.288695521;236.96;90.77;88
1.319353541;229.09;90.77;88
1.348615634;201.49;90.77;88
1.284975881;207.15;90.77;88
1.224918532;192.8;90.77;84.058
1.218215997;185.5;90.77;84.058
1.227704183;179;90.77;84.058
1.266709204;179.46;90.77;84.058
1.315008611;185.72;90.77;84.058
1.369414229;216.37;90.77;84.058
1.297192974;233.22;90.77;84.058
1.311392329;224;90.77;84.058
1.225270999;200;90.77;84.058
1.251557196;148.46;90.77;84.058
1.140330297;95.19;90.77;84.058
1.118685358;70.1;90.77;84.058
1.017936868;25.23;90.77;84.058
0.999143194;3.74;90.77;84.058
0.973434624;31.26;90.77;84.058
1.043801079;79.05;90.77;84.058
1.115116585;117.6;90.77;84.058
1.153833773;184.18;90.77;84.058
1.230047597;219.3;90.77;84.058
1.211314331;221.93;90.77;84.058
1.292428427;220;90.77;84.058
1.298085495;206.01;90.77;84.058
1.268721289;192.93;90.77;84.058
1.253947156;149.9;90.77;84.058
1.208349316;145.01;90.77;84.575
1.200377566;140.01;90.77;84.575
1.243118368;145.66;90.77;84.575
1.254047925;148.91;90.77;84.575
1.259799475;172.42;90.77;84.575
1.260977463;211.94;90.77;84.575
1.257267174;230.56;90.77;84.575
1.382306576;223.46;90.77;84.575
1.34732987;189.21;90.77;84.575
1.317991323;144.04;90.77;84.575
1.250131202;122.63;90.77;84.575
1.222479232;98.46;90.77;84.575
1.093800234;82.38;90.77;84.575
1.105134562;82.3;90.77;84.575
1.109340432;98.74;90.77;84.575
1.133412613;137.32;90.77;84.575
1.137992596;183.91;90.77;84.575
1.128833716;213.69;90.77;84.575
1.228414873;233.5;90.77;84.575
1.195001465;241.77;90.77;84.575
1.29388321;233.17;90.77;84.575
1.303941394;224.32;90.77;84.575
1.309096105;205.56;90.77;84.575
1.323881135;210;90.77;84.575
1.337286043;202.71;90.77;96.188
1.342659146;189;90.77;96.188
1.358674656;174.74;90.77;96.188
1.381671386;176.26;90.77;96.188
1.41576679;203.2;90.77;96.188
1.418195014;226.93;90.77;96.188
1.3229292;242.74;90.77;96.188
1.338011445;242.29;90.77;96.188
1.332075022;225.1;90.77;96.188
1.412995394;180.04;90.77;96.188
1.258037464;122.95;89.26;96.188
1.223258788;89.81;88.75;96.188
1.143679054;60.5;88.75;96.188
1.18401834;25.66;88.75;96.188
1.109392267;29.8;88.75;96.188
1.082867542;49.1;88.75;96.188
1.133316733;113.7;88.75;96.188
1.198545253;188.59;88.75;96.188
1.30514375;220.77;88.75;96.188
1.299658858;231.09;88.75;96.188
1.346869121;229;88.75;96.188
1.311498435;220.36;88.75;96.188
1.207613253;196.57;88.75;96.188
1.122018585;181;88.75;96.188
1.097818496;158.66;88.75;91.051
1.100787976;150.01;88.75;91.051
1.119005787;133.9;88.75;91.051
1.150956251;155.18;88.75;91.051
1.292412118;168.99;88.75;91.051
1.523266755;184.07;88.75;91.051
1.516507526;194.3;88.75;91.051
1.288028736;184.94;88.75;91.051
1.123660409;160;88.75;91.051
1.118040181;124.05;88.75;91.051
1.073269289;89.46;88.75;91.051
1.084330354;76.46;88.75;91.051
0.989904498;20.11;88.75;91.051
0.980529166;6.28;88.75;91.051
0.978645197;55.98;88.75;91.051
1.003827703;89.4;88.75;91.051
1.084022203;162.02;88.75;91.051
1.18207205;206.38;88.75;91.051
1.340893591;225;88.75;91.051
1.278763667;240.04;88.75;91.051
1.291745262;241.87;88.75;91.051
1.196823945;239;88.75;91.051
1.129557522;224.15;88.75;91.051
1.090282108;214.91;88.75;91.051
1.075287426;196.35;88.75;91.051
1.113883078;185.43;88.75;91.051
1.166983195;174.15;88.75;91.051
1.236638246;170.17;88.75;91.051
1.376814879;170.25;88.75;91.051
1.517853285;162.92;88.75;91.051
1.391722308;158.57;88.75;91.051
1.202160521;154.98;88.75;91.051
1.05129335;110.6;88.75;91.051
1.077445244;95.98;88.75;91.051
1.014154384;90;88.75;91.051
1.119120847;75;88.75;91.051
1.147247972;45.35;88.75;91.051
1.099827059;20.15;88.75;91.051
1.0512623;39.58;88.75;91.051
1.031043016;76.21;88.75;91.051
1.088110099;133.33;88.75;91.051
1.22853664;199.74;88.75;91.051
1.444995974;226.11;88.75;91.051
1.423790996;230.57;88.75;91.051
1.405953406;226.18;88.75;91.051
1.449245624;219.57;88.75;91.051
1.47105804;200.5;88.75;91.051
1.477949513;180.18;88.75;91.051
1.466464035;169.06;88.75;91.894
1.484676;169.13;88.75;91.894
1.501620899;169.89;88.75;91.894
1.527663281;169.53;88.75;91.894
1.589685288;182.04;88.75;91.894
1.737149342;229.95;88.75;91.894
1.571399825;248.08;88.75;91.894
1.385835643;251.09;88.75;91.894
1.225868316;231.08;88.75;91.894
1.312326655;210.62;88.75;91.894
1.215386274;199.68;88.75;91.894
1.235872532;185.34;88.75;91.894
1.122089512;182.33;88.75;91.894
1.159104601;185.39;88.75;91.894
1.153343161;186.26;88.75;91.894
1.21400147;203.27;88.75;91.894
1.276419084;219.17;88.75;91.894
1.343961995;245.74;88.75;91.894
1.447968098;276.31;88.75;91.894
1.477000349;275.36;88.75;91.894
1.600916505;259.9;88.75;91.894
1.619736465;240.2;88.75;91.894
1.614848018;208.38;88.75;91.894
1.609900139;203.39;88.75;91.894
1.620979852;195.94;88.75;92.624
1.676240408;189.1;88.75;92.624
1.711120218;185.05;88.75;92.624
1.747790305;189.2;88.75;92.624
1.863061795;202.24;88.75;92.624
2.018150515;236.7;88.75;92.624
1.878070911;264.89;88.75;92.624
1.546645084;274.17;88.75;92.624
1.341927765;244.91;88.75;92.624
1.359363301;231.99;88.75;92.624
1.298668773;216.29;88.75;92.624
1.393674823;208.09;88.75;92.624
1.362001057;197.46;88.75;92.624
1.389755957;189.24;88.75;92.624
1.321750017;187.97;88.75;92.624
1.348479655;204.12;88.75;92.624
1.452562402;237.13;88.75;92.624
1.464240565;251.82;88.75;92.624
1.652974808;290;88.75;92.624
1.597787866;298.21;88.75;92.624
1.699808783;265.88;88.75;92.624
1.796535908;245.46;88.75;92.624
1.79129934;208.73;88.75;92.624
1.782049398;206.47;88.75;92.624
1.781178296;187.89;88.75;92.99
1.833637664;176.23;88.75;92.99
1.891131287;170.98;88.75;92.99
1.926093299;173.48;88.75;92.99
1.981113384;179.61;88.75;92.99
2.05087195;219.95;88.75;92.99
1.863764864;247.6;88.75;92.99
1.565484266;241.29;88.75;92.99
1.328272921;211.07;88.75;92.99
1.255195487;179.17;88.75;92.99
1.154162837;174.9;88.75;92.99
1.135278451;179.94;88.75;92.99
1.073725038;177.03;88.75;92.99
1.027876535;176.71;88.75;92.99
1.036490557;178.9;88.75;92.99
1.098733104;194.94;88.75;92.99
1.112775528;216.84;88.75;92.99
1.151236346;241.2;88.75;92.99
1.267982928;286.99;88.75;92.99
1.212003876;280;88.75;92.99
1.29417161;245.88;88.75;92.99
1.323968931;225.73;88.75;92.99
1.286919031;194.47;88.75;92.99
1.213642511;196.96;88.75;92.99
1.161653034;185.01;88.75;93.894
1.169993048;179.94;88.75;93.894
1.194905216;176.27;88.75;93.894
1.247171255;177.98;88.75;93.894
1.264870997;185.06;88.75;93.894
1.308265183;222.33;88.75;93.894
1.298039709;250.04;88.75;93.894
1.36691215;249.31;88.75;93.894
1.322818203;229.93;88.75;93.894
1.313240514;198.22;88.75;93.894
1.221518102;183.99;88.75;93.894
1.188473839;182.96;88.75;93.894
1.123626847;180.8;88.75;93.894
1.131688628;176.2;88.75;93.894
1.077116406;185.09;88.75;93.894
1.030719852;198.96;88.75;93.894
1.08237122;224.02;88.75;93.894
1.106477049;232.99;88.75;93.894
1.141766747;269.27;88.75;93.894
1.082903023;273.4;88.75;93.894
1.102616999;253;88.75;93.894
1.136873687;234.38;88.75;93.894
1.141334583;213.31;88.75;93.894
1.110145054;211.1;88.75;93.894
1.100822858;195.98;88.75;90.38
1.099619155;189.56;88.75;90.38
1.124873401;188;88.75;90.38
1.149732932;189.56;88.75;90.38
1.145321247;208.62;88.75;90.38
1.135025919;237.24;88.75;90.38
1.131757817;263.32;88.75;90.38
1.193593335;250;88.75;90.38
1.173989876;224;88.75;90.38
1.209265084;204.97;88.75;90.38
1.225116309;201.6;83.05;90.38
1.205988492;197.4;81.15;90.38
1.056204006;190.07;81.15;90.38
1.030571831;185.33;81.15;90.38
1.045361289;189.26;81.15;90.38
1.086944563;190;81.15;90.38
1.145931971;216.3;81.15;90.38
1.221321015;227.7;81.15;90.38
1.330461711;230.99;81.15;90.38
1.28482753;231.03;81.15;90.38
1.241500246;218.03;81.15;90.38
1.202952231;205.27;81.15;90.38
1.18664618;176.3;81.15;90.38
1.198516747;134.15;81.15;90.38
1.19387338;125.3;81.15;85.862
1.207606215;96.29;81.15;85.862
1.23113289;94.66;81.15;85.862
1.273560285;91.76;81.15;85.862
1.450757558;90.01;81.15;85.862
1.65448157;105.14;81.15;85.862
1.617472976;118.9;81.15;85.862
1.402870611;110.8;81.15;85.862
1.263930497;83.93;81.15;85.862
1.335475091;74.99;81.15;85.862
1.199834578;14.19;81.15;85.862
1.247337255;0.48;81.15;85.862
1.162174276;-0.06;81.15;85.862
1.215938659;-0.09;81.15;85.862
1.207845786;0.01;81.15;85.862
1.260015823;11.01;81.15;85.862
1.366823269;81.49;81.15;85.862
1.408089121;161.27;81.15;85.862
1.494219868;201;81.15;85.862
1.432267687;219.32;81.15;85.862
1.553016747;228.11;81.15;85.862
1.545567771;223.85;81.15;85.862
1.452684781;214.18;81.15;85.862
1.390844564;186.58;81.15;85.862
1.383820722;179.4;81.15;85.862
1.384040011;172.5;81.15;85.862
1.397331006;170;81.15;85.862
1.418176126;171;81.15;85.862
1.549038127;169.91;81.15;85.862
1.724273496;166.96;81.15;85.862
1.591578736;166.88;81.15;85.862
1.285509607;160;81.15;85.862
1.062493909;149.96;81.15;85.862
1.071500338;138.29;81.15;85.862
1.02642626;138.25;81.15;85.862
1.10671818;136.95;81.15;85.862
1.073106181;109.92;81.15;85.862
1.079381631;101.4;81.15;85.862
1.028961472;103.7;81.15;85.862
1.060106556;133.19;81.15;85.862
1.149038029;156.62;81.15;85.862
1.319721622;195.29;81.15;85.862
1.535121089;213.37;81.15;85.862
1.406918094;225.55;81.15;85.862
1.454072742;227.9;81.15;85.862
1.528699202;219.91;81.15;85.862
1.550909809;191.24;81.15;85.862
1.616907485;175.89;81.15;85.862
1.659536652;164.57;81.15;86.503
1.699371152;158.75;81.15;86.503
1.73666208;155.07;81.15;86.503
1.764751238;158.2;81.15;86.503
1.800918672;172.54;81.15;86.503
1.865610602;202.7;81.15;86.503
1.629774495;224.96;81.15;86.503
1.365340483;230.02;81.15;86.503
1.157604787;220.97;81.15;86.503
1.174018463;217.19;81.15;86.503
1.062787302;202.68;81.15;86.503
1.070640337;188.88;81.15;86.503
0.967165513;171.73;81.15;86.503
0.943491963;171.63;81.15;86.503
0.926488848;170.88;81.15;86.503
0.99114538;175.25;81.15;86.503
1.105311631;197.1;81.15;86.503
1.19899109;214.03;81.15;86.503
1.328401168;214.94;81.15;86.503
1.258617092;210.07;81.15;86.503
1.341448307;190;81.15;86.503
1.430015568;179.91;81.15;86.503
1.404854704;147.35;81.15;86.503
1.39095436;92.07;81.15;86.503
1.39610052;82.85;81.15;80.55
1.410203964;81.77;81.15;80.55
1.446407195;96.24;81.15;80.55
1.489069799;107.4;81.15;80.55
1.60499659;155.95;81.15;80.55
1.769412009;188.91;81.15;80.55
1.689123667;210.29;81.15;80.55
1.461763608;209.14;81.15;80.55
1.216941806;193;81.15;80.55
1.143579327;180.05;81.15;80.55
1.093782196;163.36;81.15;80.55
1.109057222;150.5;81.15;80.55
1.082666771;137.56;81.15;80.55
1.111441173;124.5;81.15;80.55
1.112821564;149.99;81.15;80.55
1.134432449;162.47;81.15;80.55
1.206843441;171.43;81.15;80.55
1.318470084;198.38;81.15;80.55
1.447755717;212.98;81.15;80.55
1.345623943;219.99;81.15;80.55
1.293237625;220.3;81.15;80.55
1.272428776;211.91;81.15;80.55
1.242008629;189.64;81.15;80.55
1.258709937;190.73;81.15;80.55
1.278592807;180.06;81.15;80.479
1.296423954;170.51;81.15;80.479
1.319312866;167.92;81.15;80.479
1.380850636;169.9;81.15;80.479
1.489958207;178.14;81.15;80.479
1.64912479;211.11;81.15;80.479
1.543024234;230;81.15;80.479
1.341300428;227.88;81.15;80.479
1.145909855;207.21;81.15;80.479
1.097887078;174.26;81.15;80.479
1.024672383;168.98;81.15;80.479
1.088546437;161.83;81.15;80.479
1.099401855;145.17;81.15;80.479
1.108601156;137.78;81.15;80.479
1.079154435;124.06;81.15;80.479
1.099286835;124.08;81.15;80.479
1.172003144;151.69;81.15;80.479
1.209207557;166.32;81.15;80.479
1.265449183;192.77;81.15;80.479
1.219524374;210.13;81.15;80.479
1.251988312;211.95;81.15;80.479
1.320438248;192.26;81.15;80.479
1.285650595;165.17;81.15;80.479
1.233334054;132.39;81.15;80.479
1.200780443;82.68;81.15;80.546
1.221945337;82.19;81.15;80.546
1.221427031;77.02;81.15;80.546
1.239128824;84.73;81.15;80.546
1.266534596;84.8;81.15;80.546
1.287596377;77.09;81.15;80.546
1.312106462;77.04;81.15;80.546
1.388199482;51.85;81.15;80.546
1.409031478;7.37;81.15;80.546
1.42840952;1.96;81.15;80.546
1.416794897;0.07;81.15;80.546
1.390766439;0;81.15;80.546
1.357660821;-0.08;81.15;80.546
1.345527861;-4.4;81.15;80.546
1.34062398;-1.36;81.15;80.546
1.373648144;0.01;81.15;80.546
1.373756059;9.29;81.15;80.546
1.371015751;113.27;81.15;80.546
1.416719688;154.12;81.15;80.546
1.340417922;168.09;81.15;80.546
1.279431311;162.26;81.15;80.546
1.292263701;159.17;81.15;80.546
1.310907556;110.82;81.15;80.546
1.396347435;77.15;81.15;80.546
1.417848493;56.99;81.15;81.6
1.434918522;50.06;81.15;81.6
1.442439168;50.02;81.15;81.6
1.457899422;76.43;81.15;81.6
1.474592794;90.9;81.15;81.6
1.484280669;112.28;81.15;81.6
1.45018343;138.59;81.15;81.6
1.529001795;76.44;81.15;81.6
1.611236567;44.31;81.15;81.6
1.696130555;3.01;81.15;81.6
1.639185131;0.06;81.15;81.6
1.622561219;0.03;81.15;81.6
1.537561485;-0.1;81.15;81.6
1.532164501;-10.8;81.15;81.6
1.498773866;-7.36;81.15;81.6
1.487210899;-0.04;81.15;81.6
1.482507192;0.1;81.15;81.6
1.533122775;7.11;81.15;81.6
1.641837607;51.65;81.15;81.6
1.595123339;75.97;81.15;81.6
1.600140644;77.12;81.15;81.6
1.651444131;75.96;81.15;81.6
1.545867975;76.49;81.15;81.6
1.45330461;9.79;81.15;81.6
1.396249995;8.11;81.15;81.798
1.438542644;3.78;81.15;81.798
1.532006964;2.73;81.15;81.798
1.588133946;2.99;81.15;81.798
1.727950222;1.93;81.15;81.798
1.92162525;2.97;81.15;81.798
1.852673456;1.96;81.15;81.798
1.604145064;0.59;81.15;81.798
1.429250775;0.02;81.15;81.798
1.435910029;-0.05;81.15;81.798
1.330692611;-0.28;81.15;81.798
1.284496068;-1.36;81.15;81.798
1.207456097;-13.85;81.15;81.798
1.201192575;-10.01;81.15;81.798
1.152539116;-3.15;81.15;81.798
1.142681827;-0.03;81.15;81.798
1.199245893;12.56;81.15;81.798
1.277530081;79.44;81.15;81.798
1.411046603;135.46;81.15;81.798
1.390926781;158.33;81.15;81.798
1.443579446;164.37;81.15;81.798
1.394405037;170;81.15;81.798
1.370948795;158.08;81.15;81.798
1.329614012;162.11;81.15;81.798
1.354754707;141.28;81.15;81.798
1.36619592;140.79;81.15;81.798
1.353475749;138.37;81.15;81.798
1.375427352;140.04;81.15;81.798
1.472219748;141.32;81.15;81.798
1.635910834;133.8;81.15;81.798
1.501488351;138.37;81.15;81.798
1.282762735;140.15;81.15;81.798
1.05551917;140.08;81.15;81.798
1.055151746;140;81.15;81.798
1.018643567;145.06;81.15;81.798
1.062714179;141;81.15;81.798
1.019757363;133.49;81.15;81.798
1.018564316;123.78;81.15;81.798
0.989526259;121.59;81.15;81.798
1.02240812;120;81.15;81.798
1.074476059;150;81.15;81.798
1.12483075;179.56;81.15;81.798
1.251129431;201.38;81.15;81.798
1.242865591;214.94;81.15;81.798
1.268887781;224.97;81.15;81.798
1.253308768;225;81.15;81.798
1.190485489;214.96;81.15;81.798
1.086013775;203.9;81.15;81.798
1.034307626;194.72;81.15;82.59
1.032042367;192.65;81.15;82.59
1.032395093;184.5;81.15;82.59
1.049284736;182.92;81.15;82.59
1.165796157;195.74;81.15;82.59
1.438639152;230.68;81.15;82.59
1.468857564;257.95;81.15;82.59
1.352469948;260.27;81.15;82.59
1.219462267;232.92;81.15;82.59
1.252307149;230;81.15;82.59
1.163998352;229.77;81.15;82.59
1.160441004;215;81.15;82.59
1.041227412;207.5;81.15;82.59
1.06296374;201.28;81.15;82.59
1.054190112;202.29;81.15;82.59
1.070576967;210.9;81.15;82.59
1.134398955;225.7;81.15;82.59
1.114211067;241.36;81.15;82.59
1.277199805;291.14;81.15;82.59
1.302503142;295;81.15;82.59
1.306738715;266.46;81.15;82.59
1.287775633;243.68;81.15;82.59
1.300254446;227.5;81.15;82.59
1.285542271;200.91;81.15;82.59
1.298120211;183;81.15;87.14
1.310384791;179.62;81.15;87.14
1.34180004;177.02;81.15;87.14
1.419018576;180.01;81.15;87.14
1.555315339;195.99;81.15;87.14
1.67179809;228.68;81.15;87.14
1.529087676;247.77;81.15;87.14
1.306187102;243.14;81.15;87.14
1.094360986;225.9;81.15;87.14
1.0772465;200.63;81.15;87.14
0.993647977;193.91;81.15;87.14
1.004856808;192.27;81.15;87.14
0.928543485;184.07;81.15;87.14
0.932655633;182.54;81.15;87.14
0.941122655;182.08;81.15;87.14
0.964487115;182.38;81.15;87.14
1.029821798;200;81.15;87.14
1.136203978;234.97;81.15;87.14
1.276166676;255.02;81.15;87.14
1.246826414;258.67;81.15;87.14
1.235945161;247.51;81.15;87.14
1.240539305;240.01;81.15;87.14
1.187856386;227.98;81.15;87.14
1.170579762;220;81.15;87.14
1.222637562;207.45;81.15;90.344
1.320339006;199.09;81.15;90.344
1.375951514;182.53;81.15;90.344
1.404206242;182.28;81.15;90.344
1.485256124;198.95;81.15;90.344
1.596941269;230;81.15;90.344
1.470723027;249.68;81.15;90.344
1.271172811;246.36;81.15;90.344
1.126713997;228.82;81.15;90.344
1.112387656;211.8;81.15;90.344
1.046106862;206.6;81.15;90.344
1.060817118;189.77;81.15;90.344
1.031910036;184.86;81.15;90.344
1.030569711;184.86;81.15;90.344
1.035894227;180.04;81.15;90.344
1.057987688;181.6;81.15;90.344
1.048011693;199.71;81.15;90.344
1.070559863;229.92;81.15;90.344
1.200736792;251.98;81.15;90.344
1.178048648;257.71;81.15;90.344
1.186134111;262.6;81.15;90.344
1.15408033;250;81.15;90.344
1.101781526;230.33;81.15;90.344
1.024229459;191;81.15;90.344
0.967625074;175.04;81.15;80.803
0.974391078;169.33;81.15;80.803
1.017100453;161.96;81.15;80.803
1.04822777;165.05;81.15;80.803
1.060742442;171.7;81.15;80.803
1.099914893;209.65;81.15;80.803
1.106393084;223.1;81.15;80.803
1.235713401;218.13;81.15;80.803
1.185566845;190.26;81.15;80.803
1.153106728;173.81;81.15;80.803
1.097302273;167.5;81.15;80.803
1.072663224;162.51;81.15;80.803
1.023364911;152.8;81.15;80.803
0.980617616;150.4;81.15;80.803
0.998528574;154.8;81.15;80.803
1.050739504;164.86;81.15;80.803
1.084121513;174.74;81.15;80.803
1.107239191;218.05;81.15;80.803
1.166664624;230.65;81.15;80.803
1.062440912;238.97;81.15;80.803
1.053031079;228.94;81.15;80.803
1.054845315;229.78;81.15;80.803
0.995470411;209.87;81.15;80.803
0.949396982;177.61;81.15;80.803
0.967358984;163.13;81.15;80.803
1.025325776;157.41;81.15;80.803
1.078559851;159.62;81.15;80.803
1.057524041;161.7;81.15;80.803
1.03701894;169.94;81.15;80.803
1.01386468;209.83;81.15;80.803
1.013364421;225.11;81.15;80.803
1.108330712;217.18;81.15;80.803
1.108136702;197.12;81.15;80.803
1.182370132;179.97;81.15;80.803
1.133695764;161.85;81.15;80.803
1.075327032;161.67;81.15;80.803
1.034996106;150.23;81.15;80.803
1.00490459;151.96;81.15;80.803
0.997158622;155.14;81.15;80.803
1.023172101;163.09;81.15;80.803
1.078117343;195.41;81.15;80.803
1.161792981;216.31;81.15;80.803
1.27587633;225;81.15;80.803
1.214655957;221.83;81.15;80.803
1.185990931;212.86;81.15;80.803
1.145578891;211.96;81.15;80.803
1.025512212;183.16;81.15;80.803
0.927169897;175.81;81.15;80.803
0.921637245;167.97;81.15;80.803
0.926292452;166.92;81.15;80.803
0.953155063;157.05;81.15;80.803
0.97688502;155.5;81.15;80.803
1.096621171;156.01;81.15;80.803
1.279884015;159.8;81.15;80.803
1.277569991;169.86;81.15;80.803
1.132486056;180;81.15;80.803
0.986581641;178.5;81.15;80.803
0.988325475;163.33;81.15;80.803
1.020545185;139.98;81.15;80.803
1.01312607;135.14;81.15;80.803
0.923167076;114.28;81.15;80.803
0.891939658;94.86;81.15;80.803
0.917957248;118.99;81.15;80.803
0.966221822;141.42;81.15;80.803
1.033447998;158.92;81.15;80.803
1.085537068;179.83;81.15;80.803
1.186716049;199.03;81.15;80.803
1.134881924;209.24;81.15;80.803
1.125681361;198.98;81.15;80.803
1.105097253;199.06;81.15;80.803
1.026335569;179.36;81.15;80.803
0.956811841;165.52;81.15;80.803
0.958388983;157.23;81.15;80.771
0.978429643;149.57;81.15;80.771
1.020130054;136.88;81.15;80.771
1.056972004;136.04;81.15;80.771
1.164410553;128.04;81.15;80.771
1.344618092;127.27;81.15;80.771
1.357022208;133.65;81.15;80.771
1.238625129;136.28;81.15;80.771
1.073813579;142.65;81.15;80.771
1.030312741;141.36;81.15;80.771
1.008643171;143.62;81.15;80.771
1.015740367;132.5;81.15;80.771
0.952690719;90.36;81.15;80.771
0.933915936;98.31;81.15;80.771
0.955757512;121.95;81.15;80.771
0.986017529;132.03;81.15;80.771
1.074443286;150.02;81.15;80.771
1.120757194;163.03;81.15;80.771
1.181299299;168.8;81.15;80.771
1.172884824;169.44;81.15;80.771
1.176707647;166.36;81.15;80.771
1.167918246;169.22;81.15;80.771
1.152104267;137.74;81.15;80.771
1.133881926;103.4;81.15;80.771
1.116537415;90.86;81.15;80.739
1.116563358;82.07;81.15;80.739
1.08761726;88.02;81.15;80.739
1.041221855;85.05;81.15;80.739
1.030870524;88.08;81.15;80.739
1.035877818;90.06;81.15;80.739
1.061050742;94.22;81.15;80.739
1.113357199;84.05;81.15;80.739
1.123482991;57.05;81.15;80.739
1.201296514;30;81.15;80.739
1.197823341;11.06;81.15;80.739
1.16057107;0.1;81.15;80.739
1.064845001;-0.08;81.15;80.739
0.999820425;-0.59;81.15;80.739
0.970693855;-0.01;81.15;80.739
1.033438185;0.81;81.15;80.739
1.060086371;82.06;81.15;80.739
1.164770287;169.55;81.15;80.739
1.325872774;200;81.15;80.739
1.285708935;214.97;81.15;80.739
1.252247013;214.04;81.15;80.739
1.207585736;217.42;81.15;80.739
1.146658672;189.7;81.15;80.739
1.091711457;163.72;81.15;80.739
1.067492092;154.34;81.15;79.768
1.066631905;150.61;81.15;79.768
1.067505849;145.72;81.15;79.768
1.072425362;146.88;81.15;79.768
1.189373969;154.33;81.15;79.768
1.341071933;175.7;81.15;79.768
1.290383282;216.93;81.15;79.768
1.100618227;220.12;81.15;79.768
0.968500016;210.99;81.15;79.768
0.920935795;191;81.15;79.768
0.908320298;173.32;81.15;79.768
0.954936637;168.7;81.15;79.768
0.908027155;168.7;81.15;79.768
0.891532379;165.52;81.15;79.768
0.91403675;163.87;81.15;79.768
0.954208994;164.07;81.15;79.768
1.029276875;173.1;81.15;79.768
1.077541585;200;81.15;79.768
1.139558457;218.04;81.15;79.768
1.029502642;227.46;81.15;79.768
1.065694146;228.81;81.15;79.768
1.044823623;220.26;81.15;79.768
1.017776122;210.97;81.15;79.768
1.007406442;185.05;81.15;79.768
0.99130086;168.95;81.15;78.361
0.981729886;165.1;81.15;78.361
0.995415006;162.96;81.15;78.361
1.027399461;164.92;81.15;78.361
1.130752039;175;81.15;78.361
1.317836555;197.42;81.15;78.361
1.282956111;213.93;81.15;78.361
1.138128293;215.01;81.15;78.361
0.98914568;205.29;81.15;78.361
0.925458208;191;81.15;78.361
0.89655903;183.58;81.15;78.361
0.926735733;180.58;81.15;78.361
0.900387857;174.43;81.15;78.361
0.890445443;176.43;81.15;78.361
0.864759189;178.99;81.15;78.361
0.909391779;181.73;81.15;78.361
0.95483883;199.66;81.15;78.361
1.067517284;209.69;81.15;78.361
1.184482023;227.2;81.15;78.361
1.092232843;212.36;81.15;78.361
1.078178132;211.98;81.15;78.361
1.086725381;211;81.15;78.361
1.058873034;176.09;81.15;78.361
1.006343499;189.01;81.15;78.361
0.990249367;170.63;81.15;77.288
0.98053206;165;81.15;77.288
0.989736915;164.81;81.15;77.288
1.008153601;164.85;81.15;77.288
1.022114675;174.54;81.15;77.288
1.024242019;205.75;81.15;77.288
0.976619974;215.06;81.15;77.288
1.020314864;221.92;81.15;77.288
1.093612663;214.21;81.15;77.288
1.154596034;205.13;81.15;77.288
1.14695585;189.43;81.15;77.288
1.131239417;183.18;81.15;77.288
1.014238217;169.63;81.15;77.288
0.942452816;161.16;81.15;77.288
0.943465208;154.04;81.15;77.288
0.957627654;153.31;81.15;77.288
0.968146399;166.76;81.15;77.288
1.010813027;177.73;81.15;77.288
1.06698851;191.97;81.15;77.288
1.024883636;202.28;81.15;77.288
0.992264933;210.24;81.15;77.288
0.956593522;209.09;81.15;77.288
0.900131099;192.07;81.15;77.288
0.87043028;196.58;81.15;77.288
0.878637187;170;81.15;83.934
0.885450615;164.24;81.15;83.934
0.873569398;163.81;81.15;83.934
0.865830036;163.84;81.15;83.934
0.84639468;179.14;81.15;83.934
0.865871593;207.91;81.15;83.934
0.915740594;213.76;81.15;83.934
1.027718374;212.84;81.15;83.934
1.088090912;194.94;81.15;83.934
1.133130318;175.16;81.15;83.934
1.10965543;164.17;80.84;83.934
1.04417748;157.77;80.73;83.934
0.977167471;159.07;80.73;83.934
0.955064318;151.61;80.73;83.934
0.975254836;155.83;80.73;83.934
0.973211396;162.8;80.73;83.934
1.010337486;185.78;80.73;83.934
1.069023179;202.44;80.73;83.934
1.174497986;218.51;80.73;83.934
1.097561085;220.46;80.73;83.934
1.122616804;216.9;80.73;83.934
1.101046898;215.48;80.73;83.934
0.935648158;205.07;80.73;83.934
0.889046886;202.71;80.73;83.934
0.917263917;186.01;80.73;80.453
0.925379176;173.39;80.73;80.453
0.932674553;165.68;80.73;80.453
0.918890116;158.56;80.73;80.453
0.923222031;155.46;80.73;80.453
0.974855278;157.84;80.73;80.453
1.004007531;151.42;80.73;80.453
1.00597818;149;80.73;80.453
0.970645632;111.05;80.73;80.453
0.964540516;80.29;80.73;80.453
0.972844252;72.28;80.73;80.453
1.023289885;62.62;80.73;80.453
0.981945214;48.15;80.73;80.453
0.958645485;4.23;80.73;80.453
0.946465146;37.53;80.73;80.453
0.966024689;61.49;80.73;80.453
0.981323918;76.05;80.73;80.453
0.989818814;155.36;80.73;80.453
1.03202307;196.39;80.73;80.453
0.972289122;209.33;80.73;80.453
0.96982747;211.06;80.73;80.453
0.951320282;207.92;80.73;80.453
0.921140743;199;80.73;80.453
0.917204017;195;80.73;80.453
0.853245157;164.45;80.73;80.453
0.858406425;154.18;80.73;80.453
0.888114521;145.76;80.73;80.453
0.919678433;145.28;80.73;80.453
0.98556623;131.89;80.73;80.453
1.121364996;120.32;80.73;80.453
1.126579686;117.01;80.73;80.453
1.052522539;103.03;80.73;80.453
0.972359048;80.83;80.73;80.453
0.957144698;74.37;80.73;80.453
0.925253483;48.89;80.73;80.453
0.936390371;19.91;80.73;80.453
0.885699654;4.82;80.73;80.453
0.877132996;0.08;80.73;80.453
0.911722233;9.95;80.73;80.453
0.939862779;44.79;80.73;80.453
0.965102975;85.33;80.73;80.453
1.007151046;159.95;80.73;80.453
1.105903842;185.31;80.73;80.453
1.045756736;205.98;80.73;80.453
1.042139806;210.98;80.73;80.453
1.049905819;210;80.73;80.453
1.04827102;188.83;80.73;80.453
1.020255995;173.97;80.73;80.453
1.009212678;162.67;80.73;81.222
1.024546983;155.11;80.73;81.222
1.025541089;149.92;80.73;81.222
1.052420339;146.92;80.73;81.222
1.098856229;158.47;80.73;81.222
1.241376255;200.03;80.73;81.222
1.244327222;211.19;80.73;81.222
1.094663016;212.12;80.73;81.222
0.973027223;179.22;80.73;81.222
0.951250387;165.7;80.73;81.222
0.931805179;147.17;80.73;81.222
0.960665243;139.6;80.73;81.222
0.89651738;106.06;80.73;81.222
0.875795742;87.59;80.73;81.222
0.879804792;85.23;80.73;81.222
0.916219015;106.26;80.73;81.222
0.954553398;142.92;80.73;81.222
1.00600536;160.35;80.73;81.222
1.082039736;207.46;80.73;81.222
1.046585265;224.9;80.73;81.222
1.089562833;225.97;80.73;81.222
1.127672237;223.47;80.73;81.222
1.0590353;201.24;80.73;81.222
0.985139537;174.44;80.73;81.222
0.950173382;162.72;80.73;81.409
0.935865289;161.69;80.73;81.409
0.939615686;157.58;80.73;81.409
0.966151838;162.9;80.73;81.409
1.047724987;171;80.73;81.409
1.228738852;215.22;80.73;81.409
1.193098188;227.88;80.73;81.409
1.065634481;211.95;80.73;81.409
0.935206303;181.57;80.73;81.409
0.945817923;164.04;80.73;81.409
0.935088406;164.09;80.73;81.409
0.97337089;162.84;80.73;81.409
0.916792879;157.51;80.73;81.409
0.912873941;151.74;80.73;81.409
0.964647195;163.95;80.73;81.409
1.01966761;173.97;80.73;81.409
1.051948419;202.74;80.73;81.409
1.069446432;230.97;80.73;81.409
1.098639907;288.9;80.73;81.409
1.050332765;295.68;80.73;81.409
1.076108671;248.15;80.73;81.409
1.058957984;234.9;80.73;81.409
0.994532574;213.11;80.73;81.409
0.917469704;197.96;80.73;81.409
0.872789587;183.5;80.73;91.499
0.867283398;177.67;80.73;91.499
0.8721421;173.02;80.73;91.499
0.908388865;173.18;80.73;91.499
0.968999468;182.23;80.73;91.499
1.070934237;219.61;80.73;91.499
1.131668729;246.95;80.73;91.499
1.069620337;252.78;80.73;91.499
0.980938858;213.58;80.73;91.499
1.026712237;195.78;80.73;91.499
1.016538602;175.37;80.73;91.499
1.027692;170.76;80.73;91.499
0.961609103;172.2;80.73;91.499
0.972153243;168.61;80.73;91.499
0.990368456;170.24;80.73;91.499
1.014787286;183.06;80.73;91.499
1.050793499;220.76;80.73;91.499
1.073580343;259.1;80.73;91.499
1.123261809;305.77;80.73;91.499
1.020582291;307.48;80.73;91.499
1.003582474;263.97;80.73;91.499
0.990515215;247.69;80.73;91.499
0.922701735;222.64;80.73;91.499
0.89423058;232.64;80.73;91.499
0.91883787;221.54;80.73;106.569
0.917962535;213.34;80.73;106.569
0.90997826;213.63;80.73;106.569
0.893437805;206.46;80.73;106.569
0.886422138;207.09;80.73;106.569
0.899381249;227.35;80.73;106.569
0.973418272;254.96;80.73;106.569
1.120187682;245;80.73;106.569
1.138726924;221.81;80.73;106.569
1.152727827;185.73;80.73;106.569
1.125020194;163.48;80.73;106.569
1.083113119;152.96;80.73;106.569
1.016302974;116.89;80.73;106.569
0.977629121;100;80.73;106.569
1.0022942;98.56;80.73;106.569
1.090346142;116.63;80.73;106.569
1.099206556;165.21;80.73;106.569
1.040458031;222.7;80.73;106.569
1.057786754;258.56;80.73;106.569
0.980523807;265.18;80.73;106.569
0.978771633;270.47;80.73;106.569
0.961877562;262.25;80.73;106.569
0.945346251;224.9;80.73;106.569
0.941146158;296.21;80.73;106.569
0.958735965;250.7;80.73;132.967
0.955863463;225.09;80.73;132.967
0.945532427;211.4;80.73;132.967
0.917441103;206.86;80.73;132.967
0.900434035;239.91;80.73;132.967
0.893172505;292.34;80.73;132.967
0.95156209;323.31;80.73;132.967
1.047878641;325.7;80.73;132.967
1.071392598;299.07;80.73;132.967
1.060645297;250.43;80.73;132.967
1.038499296;194.9;82.43;132.967
1.0719559;186.55;83;132.967
1.017151663;180.67;83;132.967
0.969054445;174.12;83;132.967
0.967214465;180.47;83;132.967
1.0534195;188.34;83;132.967
1.11037984;254.46;83;132.967
1.161920391;303.99;83;132.967
1.233434675;327.56;83;132.967
1.100793302;355.39;83;132.967
1.031999643;319.06;83;132.967
1.000175268;284.03;83;132.967
0.933348958;259.79;83;132.967
0.923659259;255.05;83;132.967
0.939395758;207.86;83;117.612
0.962097438;184.37;83;117.612
0.982030996;180.64;83;117.612
0.984297812;172.22;83;117.612
1.050695257;178.99;83;117.612
1.164834641;189.93;83;117.612
1.152394642;190.15;83;117.612
1.060159483;188.16;83;117.612
0.95203924;185.06;83;117.612
0.943159815;157.44;83;117.612
0.949751085;142.26;83;117.612
0.978674889;106.52;83;117.612
0.916862595;77.28;83;117.612
0.887858012;76.66;83;117.612
0.893563939;78.29;83;117.612
0.924844819;149.4;83;117.612
0.97802024;189.94;83;117.612
1.037946004;264.61;83;117.612
1.122838912;328.01;83;117.612
1.069671917;330.47;83;117.612
1.057681916;319.21;83;117.612
0.998209735;285.08;83;117.612
0.879803419;251.88;83;117.612
0.846718477;207.07;83;117.612
0.817626287;190;83;117.612
0.814200523;165.52;83;117.612
0.818719131;139.8;83;117.612
0.823671989;120.6;83;117.612
0.894689379;110.96;83;117.612
1.053539097;112.55;83;117.612
1.096872142;98.57;83;117.612
1.001818732;90.53;83;117.612
0.924884108;94.28;83;117.612
0.898294004;94.15;83;117.612
0.912144142;95.2;83;117.612
0.937087306;82.55;83;117.612
0.879039751;75;83;117.612
0.865201513;60.09;83;117.612
0.879096102;80.72;83;117.612
0.882192935;93.38;83;117.612
0.922111953;157.35;83;117.612
1.019740977;219.62;83;117.612
1.185960331;258.7;83;117.612
1.119238679;282.69;83;117.612
1.110545802;294.29;83;117.612
1.03301005;306.93;83;117.612
0.920358136;281.1;83;117.612
0.900901353;240.22;83;117.612
0.913973724;220.39;83;118.704
0.914516759;218.9;83;118.704
0.925040419;220.1;83;118.704
0.92680902;213.2;83;118.704
0.992738689;263.27;83;118.704
1.091990922;301.67;83;118.704
1.100240555;370.14;83;118.704
0.990925389;500;83;118.704
0.912534323;348.28;83;118.704
0.885401677;310.28;83;118.704
0.860359209;305.97;83;118.704
0.887810664;263.54;83;118.704
0.875368897;213.87;83;118.704
0.882536794;193.09;83;118.704
0.909303785;183.58;83;118.704
0.935421671;180.44;83;118.704
0.96734858;198.2;83;118.704
1.060012426;209.23;83;118.704
1.224524341;291.19;83;118.704
1.152673924;316.32;83;118.704
1.124387139;316.32;83;118.704
1.106499645;288.71;83;118.704
1.035513994;250.01;83;118.704
0.960744633;264.91;83;118.704
0.932092105;242.42;83;120.925
0.935796393;232.91;83;120.925
0.944338543;219.95;83;120.925
0.946780346;217.17;83;120.925
0.986074678;228.91;83;120.925
1.092026746;297.61;83;120.925
1.178992412;338.9;83;120.925
1.144640824;332.02;83;120.925
1.110133948;279.45;83;120.925
1.052650593;237.03;83;120.925
0.979078111;225.21;83;120.925
0.976306137;219.86;83;120.925
0.945103487;212.61;83;120.925
0.916330607;210.81;83;120.925
0.915468878;230.74;83;120.925
0.950506334;239.93;83;120.925
0.998985703;304.48;83;120.925
1.032738847;373.93;83;120.925
1.117138368;450.25;83;120.925
1.04165097;458.04;83;120.925
1.060496387;410.35;83;120.925
1.039626502;373.25;83;120.925
1.013129778;325.51;83;120.925
0.999748909;272.45;83;120.925
0.999626307;268.49;83;123.114
1.021421119;268.9;83;123.114
1.025791905;248.5;83;123.114
1.026902276;255.02;83;123.114
1.030237789;284.29;83;123.114
1.072646313;348.49;83;123.114
1.160363215;429.95;83;123.114
1.293596502;387.88;83;123.114
1.309609712;339.79;83;123.114
1.2786486;301.49;83;123.114
1.176858245;292.44;83;123.114
1.170043765;268.9;83;123.114
1.042988556;249.7;83;123.114
0.992547849;244.46;83;123.114
0.935001658;258.12;83;123.114
0.927195101;284.1;83;123.114
0.921449109;331.47;83;123.114
0.928259732;398.36;83;123.114
0.958326413;491.04;83;123.114
0.926070653;462.91;83;123.114
0.99487472;399.3;83;123.114
1.033650307;374.55;83;123.114
1.008188576;299.58;83;123.114
0.977033114;288.59;83;123.114
0.970734864;257.91;83;127.129
0.981951203;250.11;83;127.129
0.982986392;245.82;83;127.129
0.986143642;255.08;83;127.129
0.962223057;279.68;83;127.129
0.966022777;336.1;83;127.129
0.979475831;363.35;83;127.129
1.016154252;350.39;83;127.129
0.972484256;316.23;83;127.129
0.993941748;277.83;83;127.129
0.984945059;246.34;83;127.129
1.018060351;240.7;83;127.129
0.980111742;227.92;83;127.129
0.962989125;228;83;127.129
1.000024196;248.7;83;127.129
0.9728946;263.06;83;127.129
0.954440269;333.96;83;127.129
0.968409929;367.43;83;127.129
1.007028674;429.06;83;127.129
0.923237343;413.99;83;127.129
0.97445385;358.95;83;127.129
1.048614033;292.36;83;127.129
1.027382688;210.37;83;127.129
0.992842646;224.84;83;127.129
0.989251226;211.69;83;132.001
1.004328738;204.21;83;132.001
1.003181518;218.93;83;132.001
1.01970751;223.23;83;132.001
0.999780537;231.6;83;132.001
0.951861231;302.85;83;132.001
0.923061994;335.17;83;132.001
0.950834519;345.74;83;132.001
0.953893419;329.98;83;132.001
0.968381349;304.03;83;132.001
0.990475491;263.8;82.93;132.001
0.976961352;244.01;82.9;132.001
0.931613117;240.72;82.9;132.001
0.931086705;214.81;82.9;132.001
0.97959954;243.18;82.9;132.001
0.993029222;245.47;82.9;132.001
1.001512934;296.41;82.9;132.001
1.011882854;322;82.9;132.001
1.080165962;329.94;82.9;132.001
0.97100475;335.2;82.9;132.001
0.959999171;330.92;82.9;132.001
1.039489015;320;82.9;132.001
1.026815835;264.47;82.9;132.001
0.974458231;260.65;82.9;132.001
0.93571544;236.9;82.9;126.877
0.93318462;214.91;82.9;126.877
0.932168658;217.08;82.9;126.877
0.93423763;203.74;82.9;126.877
0.994734799;209.06;82.9;126.877
1.096275979;226.73;82.9;126.877
1.068931435;261.09;82.9;126.877
0.985262196;269.03;82.9;126.877
0.896191614;228.26;82.9;126.877
0.88972555;185.73;82.9;126.877
0.86227593;184.96;82.9;126.877
0.885252706;197.65;82.9;126.877
0.85666523;180.43;82.9;126.877
0.862360579;164.06;82.9;126.877
0.888241102;184.94;82.9;126.877
0.914192512;220.66;82.9;126.877
0.936371218;269.07;82.9;126.877
0.969747604;271.57;82.9;126.877
1.046245805;314.1;82.9;126.877
0.970463226;327.17;82.9;126.877
0.939426232;322.68;82.9;126.877
0.910458997;324.02;82.9;126.877
0.902611175;294.94;82.9;126.877
0.887180729;288.91;82.9;126.877
0.909500052;261.33;82.9;126.877
0.874008323;217.9;82.9;126.877
0.856860379;206.62;82.9;126.877
0.838987784;196.78;82.9;126.877
0.861571979;180.25;82.9;126.877
1.002122443;174.44;82.9;126.877
1.023054296;167.67;82.9;126.877
0.960137241;155.09;82.9;126.877
0.899215947;112.14;82.9;126.877
0.880883357;101.36;82.9;126.877
0.885674018;95;82.9;126.877
0.89672802;83.02;82.9;126.877
0.841458371;79.82;82.9;126.877
0.839920514;79.82;82.9;126.877
0.864110271;112.45;82.9;126.877
0.935231466;176.23;82.9;126.877
0.995550265;218.31;82.9;126.877
1.005417717;289.02;82.9;126.877
1.046542167;324.79;82.9;126.877
0.959567346;333.38;82.9;126.877
0.968418902;334.19;82.9;126.877
0.986054286;335.71;82.9;126.877
0.961765978;315.87;82.9;126.877
0.928582985;295.62;82.9;126.877
0.907379622;263.7;82.9;128.124
0.902530622;258.07;82.9;128.124
0.89727671;256.14;82.9;128.124
0.887301341;254.55;82.9;128.124
0.916171642;268.87;82.9;128.124
0.994344165;330.91;82.9;128.124
1.025718563;357.94;82.9;128.124
1.033837283;371.07;82.9;128.124
0.922200617;348.38;82.9;128.124
0.889879016;332.54;82.9;128.124
0.888324426;293.5;82.9;128.124
0.899830633;268;82.9;128.124
0.872658344;250.91;82.9;128.124
0.858883355;251.87;82.9;128.124
0.86582603;259.91;82.9;128.124
0.868271793;288.57;82.9;128.124
0.911055011;340.91;82.9;128.124
0.976864069;378.59;82.9;128.124
1.06022231;443.5;82.9;128.124
0.970465132;390.37;82.9;128.124
0.965341549;375.64;82.9;128.124
0.948014695;372.17;82.9;128.124
0.898233614;347.81;82.9;128.124
0.829627392;266.05;82.9;128.124
0.810235785;272.47;82.9;131.202
0.806917212;254.91;82.9;131.202
0.807509357;256.31;82.9;131.202
0.805711767;267.66;82.9;131.202
0.853979957;282.41;82.9;131.202
0.968380314;359.1;82.9;131.202
1.054804245;381.88;82.9;131.202
1.043067197;400.93;82.9;131.202
0.951884509;372.62;82.9;131.202
0.906484857;313.99;82.9;131.202
0.900094532;270.09;82.9;131.202
0.92499367;250.41;82.9;131.202
0.881071718;259.7;82.9;131.202
0.870374004;252.43;82.9;131.202
0.876805425;299;82.9;131.202
0.894257539;324.02;82.9;131.202
0.960129212;368.83;82.9;131.202
1.020588748;434.99;82.9;131.202
1.102020465;470.9;82.9;131.202
1.014169581;453.14;82.9;131.202
0.993495852;410.92;82.9;131.202
0.931120453;396.38;82.9;131.202
0.889842053;337.23;82.9;131.202
0.86487194;275.06;82.9;131.202
0.850643661;261.27;82.9;129.346
0.843232139;246.47;82.9;129.346
0.870251357;238;82.9;129.346
0.898878707;243.27;82.9;129.346
0.966435557;254.02;82.9;129.346
1.068078744;315.46;82.9;129.346
1.14433442;350.85;82.9;129.346
1.113744837;386.95;82.9;129.346
1.0175866;365.41;82.9;129.346
0.975725768;329.64;82.9;129.346
0.922099985;320.93;82.9;129.346
0.948583589;303.91;82.9;129.346
0.921354102;291.4;82.9;129.346
0.936856752;294.55;82.9;129.346
0.929417506;300.85;82.9;129.346
0.918250621;308.91;82.9;129.346
0.969441533;341.07;82.9;129.346
0.987233899;368.86;82.9;129.346
1.051075265;390.9;82.9;129.346
0.989336231;390;82.9;129.346
0.989440243;366.9;82.9;129.346
1.006160352;352.77;82.9;129.346
1.00166443;275.58;82.9;129.346
0.931171691;285.04;82.9;129.346
0.898084678;272.58;82.9;138.89
0.889573383;274.72;82.9;138.89
0.924473592;278;82.9;138.89
0.94460705;267.63;82.9;138.89
0.966418501;277.86;82.9;138.89
0.975812509;339.77;82.9;138.89
0.991333595;369.89;82.9;138.89
1.063907215;379.63;82.9;138.89
1.091078557;341.75;82.9;138.89
1.096305002;299.02;82.9;138.89
1.033004214;274.02;82.9;138.89
1.03654311;276.32;82.9;138.89
1.014071387;268.97;82.9;138.89
0.986167081;278.07;82.9;138.89
0.946709716;285.79;82.9;138.89
0.936072104;324.09;82.9;138.89
0.980239628;372.44;82.9;138.89
1.025166316;409.41;82.9;138.89
1.069167382;479;82.9;138.89
0.95693614;450;82.9;138.89
0.996723887;394.21;82.9;138.89
1.014793316;355.17;82.9;138.89
0.984555865;258.08;82.9;138.89
0.961716453;268.71;82.9;138.89
0.974839168;265.86;82.9;147.263
0.994074851;268.01;82.9;147.263
1.004904379;266.12;82.9;147.263
1.006025119;265.38;82.9;147.263
1.01292144;282.13;82.9;147.263
1.012532668;355.19;82.9;147.263
0.994053395;378.85;82.9;147.263
1.031512783;385.19;82.9;147.263
1.037487528;378;82.9;147.263
1.087268504;360.06;82.9;147.263
1.072261585;354.77;86.89;147.263
1.053383829;325.63;88.22;147.263
0.969777164;300.72;88.22;147.263
0.950660721;266.68;88.22;147.263
0.936202901;261.06;88.22;147.263
0.969172431;220.69;88.22;147.263
1.014210916;259.95;88.22;147.263
1.027552031;289.07;88.22;147.263
1.075327327;329.39;88.22;147.263
0.978853783;359.56;88.22;147.263
0.96567624;356.91;88.22;147.263
0.936200351;385;88.22;147.263
0.963708804;362.3;88.22;147.263
0.954287518;285.72;88.22;147.263
0.939860352;255;88.22;146.233
0.947582272;237.2;88.22;146.233
0.966376832;230.71;88.22;146.233
0.979679475;222.31;88.22;146.233
1.028033714;214.2;88.22;146.233
1.079616775;233.84;88.22;146.233
1.127439258;244.56;88.22;146.233
1.053028686;208.6;88.22;146.233
0.986641678;154.08;88.22;146.233
0.957839299;125;88.22;146.233
0.978167809;113.85;88.22;146.233
0.967353878;89.37;88.22;146.233
0.919830545;76.33;88.22;146.233
0.919191838;89.34;88.22;146.233
0.938003001;89.17;88.22;146.233
0.938414425;131.11;88.22;146.233
0.960202726;240.3;88.22;146.233
0.941236568;285.03;88.22;146.233
1.006370032;350;88.22;146.233
0.932774694;362.85;88.22;146.233
0.93208744;359.96;88.22;146.233
0.914953007;353.44;88.22;146.233
0.850667864;302.17;88.22;146.233
0.809383574;270.08;88.22;146.233
0.821688203;237.95;88.22;146.233
0.869598059;199.08;88.22;146.233
0.883530517;195.6;88.22;146.233
0.88468452;185.6;88.22;146.233
0.920058256;182.71;88.22;146.233
0.940854314;176.71;88.22;146.233
0.990138152;192.31;88.22;146.233
0.97447768;185.07;88.22;146.233
0.900035423;170.26;88.22;146.233
0.909097266;128.2;88.22;146.233
0.929281909;107.43;88.22;146.233
0.964625948;93.1;88.22;146.233
0.939947834;68.55;88.22;146.233
0.914728961;65.82;88.22;146.233
0.901685969;74.46;88.22;146.233
0.877600328;123.8;88.22;146.233
0.881653951;175.99;88.22;146.233
0.920127713;272.77;88.22;146.233
0.971430671;327;88.22;146.233
0.895258739;340.1;88.22;146.233
0.885348551;348.43;88.22;146.233
0.870742546;348.45;88.22;146.233
0.853967659;333.06;88.22;146.233
0.821631792;319.65;88.22;146.233
0.837932888;277.83;88.22;146.617
0.863946533;265.16;88.22;146.617
0.82857369;254.35;88.22;146.617
0.82154569;258.03;88.22;146.617
0.869970991;302.44;88.22;146.617
0.953942546;361.88;88.22;146.617
1.056776864;376;88.22;146.617
0.992029743;385.17;88.22;146.617
0.941797769;366;88.22;146.617
0.940150947;291.7;88.22;146.617
0.899315488;221.3;88.22;146.617
0.915728618;181.8;88.22;146.617
0.859133014;184.36;88.22;146.617
0.846211338;172.35;88.22;146.617
0.839221115;171.19;88.22;146.617
0.849732919;182.64;88.22;146.617
0.894784344;211.1;88.22;146.617
0.90777812;329.99;88.22;146.617
0.977241995;379.62;88.22;146.617
0.921690183;398.72;88.22;146.617
0.941695354;385.52;88.22;146.617
0.892463989;396.92;88.22;146.617
0.867955076;379.64;88.22;146.617
0.883769151;359.96;88.22;146.617
0.898722975;319.24;88.22;162.411
0.873714691;309.33;88.22;162.411
0.85780089;301.08;88.22;162.411
0.86720107;299.91;88.22;162.411
0.87434508;324.82;88.22;162.411
0.94991432;380.47;88.22;162.411
1.003000506;412.59;88.22;162.411
1.000439768;409.61;88.22;162.411
0.946415452;338.68;88.22;162.411
0.910278405;283.72;88.22;162.411
0.875331458;286.6;88.22;162.411
0.895106735;243.95;88.22;162.411
0.844098983;227.94;88.22;162.411
0.837100825;210.95;88.22;162.411
0.842960581;213.06;88.22;162.411
0.86809767;237.8;88.22;162.411
0.894291433;301.14;88.22;162.411
0.94012844;336.25;88.22;162.411
0.990158816;363.98;88.22;162.411
0.897088368;370;88.22;162.411
0.903961595;370.4;88.22;162.411
0.88761191;378.29;88.22;162.411
0.875704852;361.16;88.22;162.411
0.839337134;351.39;88.22;162.411
0.828243132;309.3;88.22;170.708
0.874573524;293.84;88.22;170.708
0.881178369;280.18;88.22;170.708
0.86298731;299.44;88.22;170.708
0.870004423;322.79;88.22;170.708
0.937177536;389.83;88.22;170.708
0.979776522;413.89;88.22;170.708
1.008548562;406.93;88.22;170.708
0.932223214;355.89;88.22;170.708
0.9052455;287.9;88.22;170.708
0.875721535;265.29;88.22;170.708
0.92612447;230.68;88.22;170.708
0.903083255;204.77;88.22;170.708
0.891008962;172.44;88.22;170.708
0.890100959;163.21;88.22;170.708
0.899478155;180.04;88.22;170.708
0.896289132;239.08;88.22;170.708
0.906650103;313.06;88.22;170.708
0.984409431;376.09;88.22;170.708
0.917462365;387.46;88.22;170.708
0.89163479;381.59;88.22;170.708
0.853267035;379.91;88.22;170.708
0.833389473;279.85;88.22;170.708
0.828648298;267.5;88.22;170.708
0.801440508;209;88.22;166.69
0.784019236;195.77;88.22;166.69
0.77959141;189.58;88.22;166.69
0.779838048;186.88;88.22;166.69
0.787215909;190.77;88.22;166.69
0.822092316;223.6;88.22;166.69
0.845764463;282.38;88.22;166.69
0.90833398;296.72;88.22;166.69
0.914882529;256;88.22;166.69
0.939582383;235.48;88.22;166.69
0.936197776;220;88.22;166.69
0.977102477;201.99;88.22;166.69
0.908190836;190.48;88.22;166.69
0.926266078;165.62;88.22;166.69
0.90443935;159.07;88.22;166.69
0.874572512;155.02;88.22;166.69
0.858551089;169.68;88.22;166.69
0.877508075;179.01;88.22;166.69
0.98248269;197.23;88.22;166.69
0.940811924;242.42;88.22;166.69
0.94082535;258.96;88.22;166.69
0.868158307;246.15;88.22;166.69
0.83011154;197.94;88.22;166.69
0.848110769;200.08;88.22;166.69
0.878873105;224.05;88.22;183.585
0.892597368;228.55;88.22;183.585
0.854525286;227.26;88.22;183.585
0.821980149;210.33;88.22;183.585
0.823713575;248.33;88.22;183.585
0.823204526;371.95;88.22;183.585
0.83852147;418.92;88.22;183.585
0.919540751;420.67;88.22;183.585
0.945858961;351.7;88.22;183.585
0.971057607;318.59;88.22;183.585
0.977489351;272.28;84.03;183.585
0.967958251;215.05;82.63;183.585
0.889599265;210.59;82.63;183.585
0.857123388;178.56;82.63;183.585
0.837408431;207.56;82.63;183.585
0.874972865;210.02;82.63;183.585
0.893813492;258.71;82.63;183.585
0.941667862;319.26;82.63;183.585
1.024280162;387.92;82.63;183.585
0.963917175;410.89;82.63;183.585
0.923221552;422.59;82.63;183.585
0.895085;416.11;82.63;183.585
0.874719205;372;82.63;183.585
0.88110729;350;82.63;183.585
0.893738599;283.47;82.63;177.326
0.881997611;221.32;82.63;177.326
0.868121945;216.81;82.63;177.326
0.860250755;203.12;82.63;177.326
0.861985665;209.86;82.63;177.326
0.8942884;241.95;82.63;177.326
0.957403561;247.14;82.63;177.326
1.005100362;241.43;82.63;177.326
0.967415066;179.83;82.63;177.326
0.947087042;154.72;82.63;177.326
0.928179514;136.51;82.63;177.326
0.953568473;93.54;82.63;177.326
0.918060689;74.35;82.63;177.326
0.897889119;21.94;82.63;177.326
0.91233101;11.94;82.63;177.326
0.924128267;16.03;82.63;177.326
0.905439369;64.84;82.63;177.326
0.912554046;90.02;82.63;177.326
0.994587785;94.98;82.63;177.326
0.908744286;100.86;82.63;177.326
0.923072377;100.59;82.63;177.326
0.901344002;120.16;82.63;177.326
0.865576271;79.89;82.63;177.326
0.843159722;77.12;82.63;177.326
0.804838513;49.32;82.63;177.326
0.777793297;50.03;82.63;177.326
0.77246869;31.39;82.63;177.326
0.781097418;63.31;82.63;177.326
0.806544259;58.57;82.63;177.326
0.865018292;67.67;82.63;177.326
0.933107853;41.89;82.63;177.326
0.978313287;36.75;82.63;177.326
0.937585087;30.01;82.63;177.326
0.874493837;30.08;82.63;177.326
0.860777322;49.77;82.63;177.326
0.914285662;20;82.63;177.326
0.895624598;19.14;82.63;177.326
0.869491825;11.85;82.63;177.326
0.858735763;21.31;82.63;177.326
0.900702109;40.29;82.63;177.326
0.882016222;77.11;82.63;177.326
0.884959132;157.13;82.63;177.326
0.93877133;322.13;82.63;177.326
0.897107326;369.9;82.63;177.326
0.908769235;378.07;82.63;177.326
0.904135274;389.17;82.63;177.326
0.879135427;371.92;82.63;177.326
0.835005297;320.08;82.63;177.326
0.794701932;278;82.63;178.569
0.796451881;275.96;82.63;178.569
0.806489154;269.27;82.63;178.569
0.809482786;272.15;82.63;178.569
0.805351516;298;82.63;178.569
0.853763097;395.95;82.63;178.569
0.907259928;415.08;82.63;178.569
0.939989842;433.97;82.63;178.569
0.88556475;416.32;82.63;178.569
0.886415254;404.98;82.63;178.569
0.868154678;396.9;82.63;178.569
0.898043786;380.42;82.63;178.569
0.880593047;369.28;82.63;178.569
0.862829191;333.76;82.63;178.569
0.855702817;332.61;82.63;178.569
0.878041179;319.82;82.63;178.569
0.86815316;375.48;82.63;178.569
0.864816196;405;82.63;178.569
0.95861556;458.03;82.63;178.569
0.903702341;469.9;82.63;178.569
0.881464414;452.12;82.63;178.569
0.895723157;450.05;82.63;178.569
0.922808223;419.15;82.63;178.569
0.87560209;395.49;82.63;178.569
0.864179432;349.57;82.63;169.884
0.859780762;330.04;82.63;169.884
0.850777013;331.5;82.63;169.884
0.858216995;334.34;82.63;169.884
0.86950058;362.1;82.63;169.884
0.898281386;419.64;82.63;169.884
0.963277535;453.66;82.63;169.884
0.978294743;448.9;82.63;169.884
0.904391163;382.42;82.63;169.884
0.906775091;328.74;82.63;169.884
0.902449681;338.32;82.63;169.884
0.936330464;297.47;82.63;169.884
0.871393454;260.07;82.63;169.884
0.873101235;262.23;82.63;169.884
0.853781962;287.22;82.63;169.884
0.843821656;314.81;82.63;169.884
0.8545523;395.9;82.63;169.884
0.864788321;429.08;82.63;169.884
0.949859082;481.59;82.63;169.884
0.877017712;506.69;82.63;169.884
0.868151387;480;82.63;169.884
0.848728962;470;82.63;169.884
0.831899308;404.09;82.63;169.884
0.799963561;416.05;82.63;169.884
0.773975335;365.61;82.63;173.908
0.77841687;325.34;82.63;173.908
0.797156095;339.99;82.63;173.908
0.808932136;325.04;82.63;173.908
0.821243442;332.22;82.63;173.908
0.856218214;411.97;82.63;173.908
0.879520995;435;82.63;173.908
0.939230461;456.57;82.63;173.908
0.943157052;423.14;82.63;173.908
0.925378857;365.76;82.63;173.908
0.906327242;350.25;82.63;173.908
0.922032177;273.05;82.63;173.908
0.867053619;246.1;82.63;173.908
0.832571646;190.02;82.63;173.908
0.828010665;183.63;82.63;173.908
0.849175111;211.39;82.63;173.908
0.85968358;294.48;82.63;173.908
0.887521588;370.44;82.63;173.908
0.965434656;431.7;82.63;173.908
0.940187363;448.22;82.63;173.908
0.897389298;446.34;82.63;173.908
0.871101771;435.93;82.63;173.908
0.83404103;373.57;82.63;173.908
0.805318736;400.44;82.63;173.908
0.801188676;378.06;82.63;182.356
0.780342553;345.47;82.63;182.356
0.774490291;334.1;82.63;182.356
0.770310388;335.01;82.63;182.356
0.769901817;371.63;82.63;182.356
0.790743084;421.32;82.63;182.356
0.82819624;433.31;82.63;182.356
0.904247742;434.07;82.63;182.356
0.927915636;419.94;82.63;182.356
0.954634369;379.9;82.63;182.356
0.936870851;355.93;82.63;182.356
0.9460464;301.49;82.63;182.356
0.879827033;274.85;82.63;182.356
0.850872433;239.44;82.63;182.356
0.847444934;254.96;82.63;182.356
0.861149776;282.6;82.63;182.356
0.871439248;346.37;82.63;182.356
0.885505257;394.63;82.63;182.356
0.95491576;420.92;82.63;182.356
0.911740029;436.27;82.63;182.356
0.907663514;433.93;82.63;182.356
0.848573453;422.39;82.63;182.356
0.833483401;400.04;82.63;182.356
0.80548731;350;82.63;182.356
0.783688379;320.07;82.63;176.314
0.767434708;298.49;82.63;176.314
0.763212834;305.01;82.63;176.314
0.76799063;307.55;82.63;176.314
0.780596878;330;82.63;176.314
0.802110136;404.9;82.63;176.314
0.832427119;429.92;82.63;176.314
0.893153164;416.65;82.63;176.314
0.895501708;334.06;82.63;176.314
0.90127693;262.45;82.63;176.314
0.891833062;243.92;83.44;176.314
0.937203553;218.1;83.71;176.314
0.871696062;190;83.71;176.314
0.869928832;191.8;83.71;176.314
0.863891201;222.15;83.71;176.314
0.863741144;225.39;83.71;176.314
0.883866872;335.35;83.71;176.314
0.880699119;409.07;83.71;176.314
0.961584655;421.86;83.71;176.314
0.916017133;430.45;83.71;176.314
0.940452087;433.99;83.71;176.314
0.91254736;432.89;83.71;176.314
0.829232906;404.09;83.71;176.314
0.790598828;384.91;83.71;176.314
0.771162628;349.96;83.71;161.715
0.765044941;289.8;83.71;161.715
0.761377874;252.86;83.71;161.715
0.764513993;236.19;83.71;161.715
0.774705154;233.1;83.71;161.715
0.811422704;211.55;83.71;161.715
0.83482967;199.74;83.71;161.715
0.889162067;139.93;83.71;161.715
0.876420036;52.49;83.71;161.715
0.921729787;35.53;83.71;161.715
0.94360759;1.07;83.71;161.715
0.931290755;0.07;83.71;161.715
0.855941592;-0.05;83.71;161.715
0.840707797;-0.1;83.71;161.715
0.834903834;0;83.71;161.715
0.839832324;1.03;83.71;161.715
0.848563534;31.66;83.71;161.715
0.87011423;143.75;83.71;161.715
0.937808076;264.3;83.71;161.715
0.848346158;334.25;83.71;161.715
0.855580573;344.13;83.71;161.715
0.859231135;357.55;83.71;161.715
0.856972036;331.77;83.71;161.715
0.803937521;290.06;83.71;161.715
0.764879832;240.8;83.71;161.715
0.752758066;200.64;83.71;161.715
0.753137999;192.63;83.71;161.715
0.760327453;193.81;83.71;161.715
0.763346276;190.46;83.71;161.715
0.787002679;195.02;83.71;161.715
0.809737044;190.14;83.71;161.715
0.871008226;189.51;83.71;161.715
0.883329226;164;83.71;161.715
0.868875152;115.77;83.71;161.715
0.857965544;110.21;83.71;161.715
0.881888138;87.59;83.71;161.715
0.833863145;72.92;83.71;161.715
0.799882757;40.02;83.71;161.715
0.808291581;83.42;83.71;161.715
0.807273763;109.3;83.71;161.715
0.828877266;200.89;83.71;161.715
0.823393292;344.42;83.71;161.715
0.893445749;415.01;83.71;161.715
0.859039412;426.4;83.71;161.715
0.848670722;434.95;83.71;161.715
0.83182352;430.02;83.71;161.715
0.794594119;406.57;83.71;161.715
0.770335234;389.77;83.71;161.715
0.759894055;328.49;83.71;161.951
0.760219786;299.23;83.71;161.951
0.762798078;282.44;83.71;161.951
0.757523839;287.08;83.71;161.951
0.760389895;305.11;83.71;161.951
0.772102009;393.11;83.71;161.951
0.786780156;424.94;83.71;161.951
0.817089557;401.82;83.71;161.951
0.847319018;373.93;83.71;161.951
0.843504631;324.03;83.71;161.951
0.830606518;303.44;83.71;161.951
0.852062152;291.35;83.71;161.951
0.80970334;271.57;83.71;161.951
0.802456244;277.89;83.71;161.951
0.821874093;279.97;83.71;161.951
0.851747814;386.25;83.71;161.951
0.841440471;455.42;83.71;161.951
0.82907471;512.56;83.71;161.951
0.895474998;637.64;83.71;161.951
0.830627857;679.54;83.71;161.951
0.842203599;600;83.71;161.951
0.841694416;530.13;83.71;161.951
0.850633283;469.86;83.71;161.951
0.830335868;402.46;83.71;161.951
0.793746015;368.99;83.71;159.589
0.781327328;336.39;83.71;159.589
0.785836723;325.24;83.71;159.589
0.789199751;318.72;83.71;159.589
0.775157885;350.98;83.71;159.589
0.801946419;440;83.71;159.589
0.817721867;483.43;83.71;159.589
0.851607245;452.95;83.71;159.589
0.846372233;385.6;83.71;159.589
0.854364803;364.07;83.71;159.589
0.858568165;342.88;83.71;159.589
0.887242533;344.33;83.71;159.589
0.856827367;339.53;83.71;159.589
0.843419235;322.72;83.71;159.589
0.85084401;348.17;83.71;159.589
0.868531571;380.01;83.71;159.589
0.856628078;443.42;83.71;159.589
0.859774528;484.1;83.71;159.589
0.96578839;581.25;83.71;159.589
0.903741851;570.05;83.71;159.589
0.900876848;466.15;83.71;159.589
0.894079461;392.7;83.71;159.589
0.846716095;285.91;83.71;159.589
0.806279946;268.35;83.71;159.589
0.79903296;241.92;83.71;158.329
0.798969705;234.63;83.71;158.329
0.793695389;236.89;83.71;158.329
0.784903952;235.99;83.71;158.329
0.776723521;280.09;83.71;158.329
0.774384878;377.03;83.71;158.329
0.80431308;425.07;83.71;158.329
0.84467506;394.46;83.71;158.329
0.866169477;334.09;83.71;158.329
0.880405339;299.15;83.71;158.329
0.856790807;230.98;83.71;158.329
0.872878329;228.72;83.71;158.329
0.82645532;235.91;83.71;158.329
0.844940732;238.46;83.71;158.329
0.858504754;287.4;83.71;158.329
0.845941521;319.97;83.71;158.329
0.855558812;380.32;83.71;158.329
0.856142608;439.1;83.71;158.329
0.927781216;513.99;83.71;158.329
0.862282734;526.26;83.71;158.329
0.860232276;467.73;83.71;158.329
0.84795064;413.57;83.71;158.329
0.828219261;374.83;83.71;158.329
0.805233165;336;83.71;158.329
0.793927246;328.74;83.71;156.781
0.78713131;332.29;83.71;156.781
0.79412389;335.67;83.71;156.781
0.795938041;327.24;83.71;156.781
0.809805609;334;83.71;156.781
0.812405032;436.95;83.71;156.781
0.832767794;493.88;83.71;156.781
0.915387026;488.31;83.71;156.781
0.949944655;462.98;83.71;156.781
0.943983521;431.95;83.71;156.781
0.916171233;381.09;83.71;156.781
0.937521391;346.06;83.71;156.781
0.889983677;319.96;83.71;156.781
0.859586225;314.82;83.71;156.781
0.843466352;307.94;83.71;156.781
0.851573076;337.08;83.71;156.781
0.895080978;346.19;83.71;156.781
0.902349797;427.87;83.71;156.781
0.961500339;488.71;83.71;156.781
0.874559268;515.45;83.71;156.781
0.84678316;495.18;83.71;156.781
0.834100155;513.29;83.71;156.781
0.821265873;419.96;83.71;156.781
0.799591747;372.69;83.71;156.781
0.788677435;334.1;83.71;151.333
0.780693889;333.41;83.71;151.333
0.785223505;327.35;83.71;151.333
0.782109185;328.25;83.71;151.333
0.789992989;336.95;83.71;151.333
0.79580687;409.88;83.71;151.333
0.81620861;450.9;83.71;151.333
0.859149684;436.92;83.71;151.333
0.881443377;409.4;83.71;151.333
0.907875341;342.65;83.71;151.333
0.905477831;334.03;79.47;151.333
0.90238049;307.56;78.06;151.333
0.841750256;274.04;78.06;151.333
0.851738589;275.57;78.06;151.333
0.848540591;300.99;78.06;151.333
0.859523153;301.09;78.06;151.333
0.856879885;391.04;78.06;151.333
0.892246211;450.56;78.06;151.333
0.951580549;479.99;78.06;151.333
0.874147616;480.9;78.06;151.333
0.876660937;494.6;78.06;151.333
0.868117765;461.04;78.06;151.333
0.861591894;424.92;78.06;151.333
0.818675164;404.56;78.06;151.333
0.810583586;344.67;78.06;161.078
0.800459259;351.99;78.06;161.078
0.797973454;337.01;78.06;161.078
0.788342561;332.04;78.06;161.078
0.801128407;331.27;78.06;161.078
0.824438043;337.03;78.06;161.078
0.867885148;333.12;78.06;161.078
0.910016459;343.78;78.06;161.078
0.888961392;350.96;78.06;161.078
0.893243609;337.02;78.06;161.078
0.895369619;307.36;78.06;161.078
0.920389794;285.06;78.06;161.078
0.888921979;242.73;78.06;161.078
0.861578884;183.97;78.06;161.078
0.853582807;185.45;78.06;161.078
0.860802211;226.44;78.06;161.078
0.875673518;285.03;78.06;161.078
0.885144833;336.02;78.06;161.078
0.963544813;372.87;78.06;161.078
0.883742781;402.15;78.06;161.078
0.879841786;405.61;78.06;161.078
0.881466181;396.9;78.06;161.078
0.863086667;366.61;78.06;161.078
0.844392343;393.26;78.06;161.078
0.818466695;379.24;78.06;161.078
0.811263548;355.06;78.06;161.078
0.802118032;331;78.06;161.078
0.804902104;316.18;78.06;161.078
0.797450639;302.82;78.06;161.078
0.815155875;272.76;78.06;161.078
0.86152683;260.93;78.06;161.078
0.927158324;222.42;78.06;161.078
0.884727649;162.89;78.06;161.078
0.881758344;149.99;78.06;161.078
0.864177262;100.16;78.06;161.078
0.901141227;71.72;78.06;161.078
0.862784512;58.48;78.06;161.078
0.856463228;48.77;78.06;161.078
0.847004749;64.4;78.06;161.078
0.861611837;120.06;78.06;161.078
0.878100188;255.88;78.06;161.078
0.885673071;355.02;78.06;161.078
0.94513006;390.4;78.06;161.078
0.882079154;418.85;78.06;161.078
0.883186374;433.15;78.06;161.078
0.877920995;417.16;78.06;161.078
0.878609324;374.48;78.06;161.078
0.838241748;346.4;78.06;161.078
0.815171901;276.76;78.06;161.864
0.807310175;264.97;78.06;161.864
0.79141872;266.03;78.06;161.864
0.789070353;261.71;78.06;161.864
0.801383367;286.29;78.06;161.864
0.82913669;375.08;78.06;161.864
0.859856511;410.14;78.06;161.864
0.890537296;412.34;78.06;161.864
0.886085144;350.64;78.06;161.864
0.898912563;295.58;78.06;161.864
0.877413163;265.25;78.06;161.864
0.892748593;235.09;78.06;161.864
0.84192555;231.32;78.06;161.864
0.835257239;222.45;78.06;161.864
0.833381176;203.61;78.06;161.864
0.829316529;259.43;78.06;161.864
0.839103523;266.29;78.06;161.864
0.850765728;333.55;78.06;161.864
0.945911729;379.2;78.06;161.864
0.877991198;383.81;78.06;161.864
0.858283431;386.86;78.06;161.864
0.877700357;391.69;78.06;161.864
0.869827507;330.98;78.06;161.864
0.819528291;330.38;78.06;161.864
0.798551131;316.03;78.06;169.55
0.791800106;276.85;78.06;169.55
0.795948606;292.79;78.06;169.55
0.794467424;300.31;78.06;169.55
0.796485262;346.94;78.06;169.55
0.819152338;408.23;78.06;169.55
0.854032782;454.37;78.06;169.55
0.919631395;391.64;78.06;169.55
0.896228037;293.5;78.06;169.55
0.887376162;235.59;78.06;169.55
0.88650701;262.81;78.06;169.55
0.919217883;200.01;78.06;169.55
0.89532975;188.58;78.06;169.55
0.879961622;183.1;78.06;169.55
0.854600472;179.58;78.06;169.55
0.852751604;190.16;78.06;169.55
0.857394537;264.3;78.06;169.55
0.871850493;350.01;78.06;169.55
0.936683168;432.55;78.06;169.55
0.88112685;438.97;78.06;169.55
0.861726397;447.5;78.06;169.55
0.861426342;437.28;78.06;169.55
0.859312462;376.27;78.06;169.55
0.82616411;405;78.06;169.55
0.814036306;351.19;78.06;196.615
0.792425389;347.08;78.06;196.615
0.782044898;349.99;78.06;196.615
0.790198847;348.33;78.06;196.615
0.81041781;377.14;78.06;196.615
0.835828868;460;78.06;196.615
0.868777013;499.94;78.06;196.615
0.92008886;492.41;78.06;196.615
0.888864203;434.99;78.06;196.615
0.875318111;425.61;78.06;196.615
0.881539125;418.4;78.06;196.615
0.921163384;389.92;78.06;196.615
0.872580779;348.89;78.06;196.615
0.886048991;337.95;78.06;196.615
0.857361209;353.31;78.06;196.615
0.852571022;371.24;78.06;196.615
0.870164554;429.65;78.06;196.615
0.891122995;500.91;78.06;196.615
0.931836255;532.67;78.06;196.615
0.868019766;549.87;78.06;196.615
0.857745233;529.36;78.06;196.615
0.853023588;504.98;78.06;196.615
0.825222863;428.97;78.06;196.615
0.815480046;437.79;78.06;196.615
0.804305622;400.91;78.06;211.113
0.792448886;399.97;78.06;211.113
0.782040304;399.71;78.06;211.113
0.783339391;399.97;78.06;211.113
0.781830758;400.04;78.06;211.113
0.791810257;493.93;78.06;211.113
0.815749786;559.28;78.06;211.113
0.878151965;539.56;78.06;211.113
0.901808147;501.42;78.06;211.113
0.916025594;451.16;78.06;211.113
0.892138247;418.45;78.06;211.113
0.926964376;426.07;78.06;211.113
0.893171421;409.58;78.06;211.113
0.890171243;425.1;78.06;211.113
0.877028877;433.66;78.06;211.113
0.870191647;454.39;78.06;211.113
0.890870928;513.93;78.06;211.113
0.912017791;563.85;78.06;211.113
0.980953423;598.94;78.06;211.113
0.8858947;586.99;78.06;211.113
0.881800406;557.43;78.06;211.113
0.857838133;534.23;78.06;211.113
0.836773531;451.72;78.06;211.113
0.804627626;400.02;78.06;211.113
0.788803022;384.1;78.06;205.351
0.775261665;373.81;78.06;205.351
0.773116236;388.51;78.06;205.351
0.772698656;374.83;78.06;205.351
0.780477919;402.61;78.06;205.351
0.796121938;463.16;78.06;205.351
0.817887772;508.14;78.06;205.351
0.861880164;517.17;78.06;205.351
0.856470113;503.93;78.06;205.351
0.884389714;463.44;78.06;205.351
0.880473735;448.93;77.98;205.351
0.929848582;394.44;77.96;205.351
0.887465987;366.45;77.96;205.351
0.880584928;365.04;77.96;205.351
0.890726438;404.98;77.96;205.351
0.891110325;407.08;77.96;205.351
0.89716367;461.52;77.96;205.351
0.906075027;489.87;77.96;205.351
0.968502444;512.51;77.96;205.351
0.892574705;504.33;77.96;205.351
0.890625285;484.94;77.96;205.351
0.883517943;482.05;77.96;205.351
0.846503891;425.74;77.96;205.351
0.809582161;425;77.96;205.351
0.79029187;404.3;77.96;193.504
0.788804985;405;77.96;193.504
0.79304377;395.85;77.96;193.504
0.795606213;377.06;77.96;193.504
0.803279461;383.98;77.96;193.504
0.820979989;406.78;77.96;193.504
0.864238906;423.02;77.96;193.504
0.914540412;412.72;77.96;193.504
0.889592746;388.65;77.96;193.504
0.868280251;335.48;77.96;193.504
0.874079716;308.54;77.96;193.504
0.906975427;268.46;77.96;193.504
0.851435847;236.78;77.96;193.504
0.84399699;247.78;77.96;193.504
0.836350627;291.73;77.96;193.504
0.846697251;316.43;77.96;193.504
0.877060974;388.44;77.96;193.504
0.879405782;425.86;77.96;193.504
0.929636557;454.15;77.96;193.504
0.849172099;467.71;77.96;193.504
0.85914724;466.69;77.96;193.504
0.848974467;466.24;77.96;193.504
0.840198433;441.93;77.96;193.504
0.806545883;382.79;77.96;193.504
0.795237283;339.88;77.96;193.504
0.774407219;300.1;77.96;193.504
0.783011537;293.05;77.96;193.504
0.796332652;271.3;77.96;193.504
0.804520763;272.41;77.96;193.504
0.829207468;261.03;77.96;193.504
0.845829218;264.8;77.96;193.504
0.910488973;300.01;77.96;193.504
0.862520074;286.37;77.96;193.504
0.860730747;261.1;77.96;193.504
0.837919287;255.76;77.96;193.504
0.862874055;263.08;77.96;193.504
0.812857937;219.08;77.96;193.504
0.805129488;208.74;77.96;193.504
0.823711205;226.08;77.96;193.504
0.843688998;252.07;77.96;193.504
0.864273228;316.01;77.96;193.504
0.899562563;394.79;77.96;193.504
0.96053026;449.55;77.96;193.504
0.88644293;452.95;77.96;193.504
0.883528626;464.52;77.96;193.504
0.878967361;465.67;77.96;193.504
0.839849119;425.89;77.96;193.504
0.803877034;385.06;77.96;193.504
0.796076291;344.06;77.96;193.846
0.780033715;338.81;77.96;193.846
0.764645405;320.86;77.96;193.846
0.760658378;329.72;77.96;193.846
0.757957363;380;77.96;193.846
0.799418741;429.66;77.96;193.846
0.844458089;467.91;77.96;193.846
0.874963227;474.9;77.96;193.846
0.823247038;459.05;77.96;193.846
0.831109125;447.89;77.96;193.846
0.834781418;428.22;77.96;193.846
0.875523907;392.1;77.96;193.846
0.838960152;388.2;77.96;193.846
0.832878559;377.4;77.96;193.846
0.833242907;385.09;77.96;193.846
0.840164259;398.9;77.96;193.846
0.84251462;437.25;77.96;193.846
0.853843999;461.06;77.96;193.846
0.938897683;510.66;77.96;193.846
0.869749172;530.88;77.96;193.846
0.893350168;524.33;77.96;193.846
0.881152985;509.33;77.96;193.846
0.849006249;469.58;77.96;193.846
0.827324904;440.98;77.96;193.846
0.795897257;390.1;77.96;200.291
0.789031092;382.1;77.96;200.291
0.787698721;359.89;77.96;200.291
0.779387587;352.69;77.96;200.291
0.78207081;393.03;77.96;200.291
0.813311733;457.04;77.96;200.291
0.882616827;479.9;77.96;200.291
0.938394484;478.9;77.96;200.291
0.881699083;397.91;77.96;200.291
0.854132746;328.26;77.96;200.291
0.841187033;307.77;77.96;200.291
0.890920647;234.87;77.96;200.291
0.859971582;227.41;77.96;200.291
0.845451761;198.39;77.96;200.291
0.856612904;219;77.96;200.291
0.884596633;274.71;77.96;200.291
0.885429687;324.11;77.96;200.291
0.922647714;435.36;77.96;200.291
0.990973888;499.47;77.96;200.291
0.95178329;511.07;77.96;200.291
0.928928107;513.17;77.96;200.291
0.915411582;484.91;77.96;200.291
0.896128999;441.26;77.96;200.291
0.889349321;383.95;77.96;200.291
0.854040474;368.07;77.96;205.316
0.840671336;340.14;77.96;205.316
0.844699566;326.3;77.96;205.316
0.853805512;329.96;77.96;205.316
0.870829278;368.76;77.96;205.316
0.893087301;440.47;77.96;205.316
0.948417643;453.86;77.96;205.316
0.982509795;444.21;77.96;205.316
0.918856582;370.24;77.96;205.316
0.920318565;317.82;77.96;205.316
0.930725476;244.61;77.96;205.316
0.951641717;243.56;77.96;205.316
0.87690033;182.52;77.96;205.316
0.855526627;199.08;77.96;205.316
0.884362423;291.92;77.96;205.316
0.901252067;361.59;77.96;205.316
0.902565974;438.52;77.96;205.316
0.92362339;500.35;77.96;205.316
1.020489819;550.06;77.96;205.316
0.961722014;566.89;77.96;205.316
0.975020978;560.76;77.96;205.316
0.90372057;500.02;77.96;205.316
0.868726479;452.18;77.96;205.316
0.876027567;450.3;77.96;205.316
0.870368528;414.26;77.96;202.24
0.840527189;375.07;77.96;202.24
0.827857033;348.49;77.96;202.24
0.820101765;345.3;77.96;202.24
0.821796634;375.07;77.96;202.24
0.842414526;452.27;77.96;202.24
0.853439961;480.1;77.96;202.24
0.904354829;479.79;77.96;202.24
0.9376229;449.9;77.96;202.24
0.977490628;408.25;77.96;202.24
1.007682937;370.91;77.96;202.24
1.015097002;344.28;77.96;202.24
0.938691664;284.02;77.96;202.24
0.912156841;319.51;77.96;202.24
0.890196254;342.64;77.96;202.24
0.896118633;366.51;77.96;202.24
0.909879763;416.97;77.96;202.24
0.93157436;492.73;77.96;202.24
0.989230631;513.74;77.96;202.24
0.951924836;504.33;77.96;202.24
0.932775284;499.83;77.96;202.24
0.895053192;480.6;77.96;202.24
0.871071292;424.96;77.96;202.24
0.851861892;406.06;77.96;202.24
0.832632226;358.18;77.96;196.406
0.84705211;337.64;77.96;196.406
0.8430074;339.17;77.96;196.406
0.845177962;338.52;77.96;196.406
0.846944946;390.05;77.96;196.406
0.849347391;449.91;77.96;196.406
0.862512035;468;77.96;196.406
0.895483509;483.91;77.96;196.406
0.917227578;447.14;77.96;196.406
0.963011817;428.44;77.96;196.406
0.970476467;405.1;82.86;196.406
1.009697875;394.2;84.5;196.406
0.992232937;331.05;84.5;196.406
0.986744888;297.06;84.5;196.406
0.953547895;256.21;84.5;196.406
0.931179849;252.44;84.5;196.406
0.930952969;291.18;84.5;196.406
0.940283689;355.02;84.5;196.406
0.988922957;419.54;84.5;196.406
0.923631241;424.89;84.5;196.406
0.939088203;437.3;84.5;196.406
0.948852472;429.91;84.5;196.406
0.909127552;386.55;84.5;196.406
0.865611206;361.76;84.5;196.406
0.844091612;315.05;84.5;196.133
0.846674203;308.59;84.5;196.133
0.850488979;276.45;84.5;196.133
0.854749472;267.76;84.5;196.133
0.883938961;261.14;84.5;196.133
0.915686682;290.83;84.5;196.133
0.979576896;315.03;84.5;196.133
0.994700145;309.56;84.5;196.133
0.922668664;273.36;84.5;196.133
0.945365342;238.11;84.5;196.133
0.917734488;202.19;84.5;196.133
0.943906844;170.12;84.5;196.133
0.892410666;149.31;84.5;196.133
0.881392685;116.02;84.5;196.133
0.861368457;139.77;84.5;196.133
0.889428023;175.16;84.5;196.133
0.94653584;239.05;84.5;196.133
0.949461615;318.16;84.5;196.133
1.038974061;372.49;84.5;196.133
0.977089251;396.81;84.5;196.133
0.937112705;380.64;84.5;196.133
0.915480399;369.08;84.5;196.133
0.874216763;324.98;84.5;196.133
0.823030569;277.89;84.5;196.133
0.807708706;232.85;84.5;196.133
0.806113248;218.28;84.5;196.133
0.807836452;206.4;84.5;196.133
0.849063728;200.47;84.5;196.133
0.877387724;205.23;84.5;196.133
0.920671282;205;84.5;196.133
0.937536182;206.29;84.5;196.133
0.914536978;162.27;84.5;196.133
0.878831732;142.7;84.5;196.133
0.908304742;100;84.5;196.133
0.949505569;87.69;84.5;196.133
0.9599798;86.82;84.5;196.133
0.893707722;69.74;84.5;196.133
0.872940263;70.02;84.5;196.133
0.853694189;86.15;84.5;196.133
0.873870865;102.82;84.5;196.133
0.931402764;199.42;84.5;196.133
0.977214163;301.67;84.5;196.133
1.037537458;393.3;84.5;196.133
0.96723984;421.99;84.5;196.133
0.940317593;419.92;84.5;196.133
0.922552259;401.86;84.5;196.133
0.879417455;359.42;84.5;196.133
0.845964784;310.08;84.5;196.133
0.82124718;271.57;84.5;195.67
0.808925994;281.49;84.5;195.67
0.810538826;278.39;84.5;195.67
0.837527684;272.89;84.5;195.67
0.869370743;310.38;84.5;195.67
0.932649667;408.54;84.5;195.67
0.95612555;419.99;84.5;195.67
0.948990732;414.68;84.5;195.67
0.899489981;384.55;84.5;195.67
0.902907617;339.44;84.5;195.67
0.89413921;307.07;84.5;195.67
0.915121271;292.66;84.5;195.67
0.866664934;294.01;84.5;195.67
0.847876952;294.68;84.5;195.67
0.834947514;307.77;84.5;195.67
0.863394804;329.86;84.5;195.67
0.889632363;406.02;84.5;195.67
0.902602479;439.98;84.5;195.67
1.009827447;495.9;84.5;195.67
0.948901071;493.85;84.5;195.67
0.934951034;455;84.5;195.67
0.901776426;429.15;84.5;195.67
0.863448865;391.2;84.5;195.67
0.824607098;330.76;84.5;195.67
0.806004672;298.92;84.5;195.46
0.791887588;298.95;84.5;195.46
0.792065996;289.2;84.5;195.46
0.805627981;295.75;84.5;195.46
0.855095134;320.01;84.5;195.46
0.914333329;382.92;84.5;195.46
0.988971717;414.98;84.5;195.46
0.981118626;426.22;84.5;195.46
0.914479398;383.99;84.5;195.46
0.913310336;310.09;84.5;195.46
0.925864472;282.44;84.5;195.46
0.951097556;277.57;84.5;195.46
0.909766701;258.94;84.5;195.46
0.888639685;260.64;84.5;195.46
0.888371675;266.89;84.5;195.46
0.91627442;289.37;84.5;195.46
0.929132586;351.34;84.5;195.46
0.93678519;420;84.5;195.46
1.011547851;469.8;84.5;195.46
0.993655902;469.72;84.5;195.46
0.973170667;428.67;84.5;195.46
0.900591438;406.45;84.5;195.46
0.836841296;343.31;84.5;195.46
0.806722559;297.01;84.5;195.46
0.790067842;286.98;84.5;190.161
0.79348291;298.71;84.5;190.161
0.789474613;285.6;84.5;190.161
0.791088565;293.99;84.5;190.161
0.830039621;297.74;84.5;190.161
0.877756476;343.67;84.5;190.161
0.932682675;392.98;84.5;190.161
0.972866833;395.51;84.5;190.161
0.920670845;356.26;84.5;190.161
0.924673696;302.9;84.5;190.161
0.927976083;284.9;84.5;190.161
0.962511473;274.76;84.5;190.161
0.910382032;253;84.5;190.161
0.921882589;253.96;84.5;190.161
0.953492568;272.34;84.5;190.161
0.990355051;303.1;84.5;190.161
0.988120901;353;84.5;190.161
0.961311032;409.93;84.5;190.161
1.045376178;449;84.5;190.161
0.963093088;454.73;84.5;190.161
0.942845934;420;84.5;190.161
0.909856477;406.84;84.5;190.161
0.868947695;355.01;84.5;190.161
0.848622416;309.92;84.5;190.161
0.828267765;300.03;84.5;202.467
0.821626567;310;84.5;202.467
0.816954021;306.3;84.5;202.467
0.8201941;312;84.5;202.467
0.830394439;347.06;84.5;202.467
0.837294759;406.65;84.5;202.467
0.885266769;419.97;84.5;202.467
0.958671206;414.9;84.5;202.467
0.9884108;397.16;84.5;202.467
0.999639033;355.1;84.5;202.467
0.992787083;313.97;84.5;202.467
1.039820082;298.97;84.5;202.467
1.002656679;269.86;84.5;202.467
0.983667726;267.86;84.5;202.467
0.934348262;294;84.5;202.467
0.932871906;334.8;84.5;202.467
0.970548918;401.31;84.5;202.467
1.001266419;450;84.5;202.467
1.037524201;539.9;84.5;202.467
0.950648633;534.75;84.5;202.467
0.937754403;446;84.5;202.467
0.920783841;414.99;84.5;202.467
0.881588114;390;84.5;202.467
0.843618553;422.1;84.5;202.467
0.833852155;405;84.5;210.885
0.816005056;395.69;84.5;210.885
0.818241651;391.95;84.5;210.885
0.840638926;402.56;84.5;210.885
0.857160144;408;84.5;210.885
0.857380229;469.21;84.5;210.885
0.875551003;513.31;84.5;210.885
0.93346124;508;84.5;210.885
0.982108646;472.56;84.5;210.885
1.042011941;419.9;84.5;210.885
1.069803317;405.6;86.6;210.885
1.063775374;376.39;87.3;210.885
1.033232873;328.45;87.3;210.885
1.004686498;334.37;87.3;210.885
0.972541323;372.09;87.3;210.885
1.00069508;393.24;87.3;210.885
1.018286547;448.08;87.3;210.885
1.024374719;489.99;87.3;210.885
1.142794497;560;87.3;210.885
1.092482973;565.4;87.3;210.885
1.122236472;507.78;87.3;210.885
1.086365284;469.47;87.3;210.885
0.993329023;424.02;87.3;210.885
0.901267814;427.23;87.3;210.885
0.882166809;400.71;87.3;203.648
0.879511115;387.87;87.3;203.648
0.890094496;374.09;87.3;203.648
0.898713989;375.79;87.3;203.648
0.972322926;382.76;87.3;203.648
1.116137058;379.9;87.3;203.648
1.119763068;388.74;87.3;203.648
1.000416297;399.9;87.3;203.648
0.906989977;374.5;87.3;203.648
0.898812021;333.41;87.3;203.648
0.874793197;300.02;87.3;203.648
0.916344127;247.22;87.3;203.648
0.901959643;192.11;87.3;203.648
0.928875805;213.62;87.3;203.648
0.905654192;292.05;87.3;203.648
0.893488058;341.76;87.3;203.648
0.925786832;412.3;87.3;203.648
0.946753661;466.2;87.3;203.648
1.07848238;503.26;87.3;203.648
1.040099482;504.7;87.3;203.648
1.022842574;479.94;87.3;203.648
0.964697843;461.91;87.3;203.648
0.934107349;425.89;87.3;203.648
0.9256464;416.3;87.3;203.648
0.89864104;397.2;87.3;203.648
0.902508712;377.9;87.3;203.648
0.906144429;354;87.3;203.648
0.934274073;350.06;87.3;203.648
0.996835303;351.01;87.3;203.648
1.093167991;352.77;87.3;203.648
1.07748872;350.05;87.3;203.648
0.985502541;355.17;87.3;203.648
0.889903288;339.94;87.3;203.648
0.866754625;309;87.3;203.648
0.867498445;249.58;87.3;203.648
0.91912172;136.72;87.3;203.648
0.891070162;84.93;87.3;203.648
0.872674255;74.02;87.3;203.648
0.850550312;164.37;87.3;203.648
0.879318765;268.13;87.3;203.648
0.97684208;343.52;87.3;203.648
0.991784211;415.9;87.3;203.648
1.045527405;454.91;87.3;203.648
1.014093387;459.96;87.3;203.648
0.998406015;462.6;87.3;203.648
0.935731353;455.42;87.3;203.648
0.879545847;407.48;87.3;203.648
0.845705146;375.03;87.3;203.648
0.829814251;361.09;87.3;203.639
0.870430568;360.64;87.3;203.639
0.895502515;350;87.3;203.639
0.90636192;352.99;87.3;203.639
0.970476796;363.59;87.3;203.639
1.086176996;381.41;87.3;203.639
1.089644905;429.12;87.3;203.639
1.011670168;467.34;87.3;203.639
0.939420217;452.8;87.3;203.639
0.928479683;431.41;87.3;203.639
0.889668036;407.06;87.3;203.639
0.913198137;402.31;87.3;203.639
0.884502189;392.13;87.3;203.639
0.901536923;392.77;87.3;203.639
0.883751085;380.09;87.3;203.639
0.888921575;400.05;87.3;203.639
0.956208426;448.84;87.3;203.639
1.023034875;495;87.3;203.639
1.119199763;520.01;87.3;203.639
1.061382109;555.72;87.3;203.639
1.012849105;536.69;87.3;203.639
0.959679596;507;87.3;203.639
0.884711415;475.42;87.3;203.639
0.844099094;465.26;87.3;203.639
0.839892744;430.65;87.3;212.846
0.862951692;430.94;87.3;212.846
0.844275574;416.42;87.3;212.846
0.871549881;422.59;87.3;212.846
0.976770577;440.99;87.3;212.846
1.076526638;502.52;87.3;212.846
1.083673497;517.99;87.3;212.846
1.017677071;514.9;87.3;212.846
0.955852916;488.44;87.3;212.846
0.936152202;450;87.3;212.846
0.944353237;424.95;87.3;212.846
0.973243189;417.08;87.3;212.846
0.938069978;410.06;87.3;212.846
0.928708327;410.09;87.3;212.846
0.927963315;418.06;87.3;212.846
0.945288898;442.53;87.3;212.846
0.983040999;506.91;87.3;212.846
1.026160832;600.05;87.3;212.846
1.119209963;664.89;87.3;212.846
1.020231631;662.05;87.3;212.846
0.969461887;648.38;87.3;212.846
0.949159701;580;87.3;212.846
0.92380668;513.28;87.3;212.846
0.874854475;523.94;87.3;212.846
0.838825041;483.88;87.3;235.643
0.830612406;472.13;87.3;235.643
0.844898089;459.22;87.3;235.643
0.863366679;463.42;87.3;235.643
0.924178236;489.64;87.3;235.643
1.00889246;547.74;87.3;235.643
1.069459513;597.04;87.3;235.643
1.044765909;616.33;87.3;235.643
0.964951677;575.1;87.3;235.643
0.96764203;549.97;87.3;235.643
0.956744653;526.89;87.3;235.643
0.988679661;509.09;87.3;235.643
0.935546835;500;87.3;235.643
0.924584078;493.09;87.3;235.643
0.931837233;509.47;87.3;235.643
0.928074859;541.6;87.3;235.643
0.910250582;593.3;87.3;235.643
0.963988759;676.04;87.3;235.643
1.03290638;747.93;87.3;235.643
1.02832777;681;87.3;235.643
1.035172786;629.09;87.3;235.643
0.984777683;552.03;87.3;235.643
0.936384618;508.92;87.3;235.643
0.904750077;523.92;87.3;235.643
0.905968562;479.9;87.3;231.385
0.942939313;480;87.3;231.385
0.952208356;474.46;87.3;231.385
0.963148535;478.13;87.3;231.385
0.964648548;499.24;87.3;231.385
0.972494769;550;87.3;231.385
0.990749957;598.9;87.3;231.385
1.049600119;620.1;87.3;231.385
1.080895706;613.59;87.3;231.385
1.146046128;610.19;87.3;231.385
1.148978121;577.65;87.3;231.385
1.179965694;559.87;87.3;231.385
1.083347401;563.11;87.3;231.385
1.041853215;543.34;87.3;231.385
1.01852891;541.9;87.3;231.385
1.037317284;586.23;87.3;231.385
1.027333242;593.97;87.3;231.385
1.030138085;642.99;87.3;231.385
1.095851987;657.98;87.3;231.385
1.013537154;646.96;87.3;231.385
0.995677049;600.06;87.3;231.385
0.98496532;562.82;87.3;231.385
0.976483125;524.93;87.3;231.385
0.948952832;510.09;87.3;231.385
0.924089575;467.63;87.3;234.537
0.898438031;450.1;87.3;234.537
0.888903563;434.14;87.3;234.537
0.896772114;439.39;87.3;234.537
0.907628679;469.62;87.3;234.537
0.938560638;528.21;87.3;234.537
0.97884325;571.24;87.3;234.537
1.060609211;587.56;87.3;234.537
1.075020182;575;87.3;234.537
1.102556423;566;87.3;234.537
1.086613645;547.26;94.48;234.537
1.131357114;527.8;96.87;234.537
1.071353538;488.24;96.87;234.537
1.062197471;461.14;96.87;234.537
1.051466319;461.17;96.87;234.537
1.050536459;490.86;96.87;234.537
1.036360867;517.42;96.87;234.537
1.092257386;545.56;96.87;234.537
1.248444955;568.99;96.87;234.537
1.191789476;569.4;96.87;234.537
1.136634152;550;96.87;234.537
1.041800496;530.58;96.87;234.537
0.941269036;504.93;96.87;234.537
0.893200177;512.09;96.87;234.537
0.872137102;500.05;96.87;243.841
0.863163887;480.09;96.87;243.841
0.872116306;460.04;96.87;243.841
0.918601307;452.61;96.87;243.841
1.035605696;452.15;96.87;243.841
1.176364317;471.69;96.87;243.841
1.246811492;475.03;96.87;243.841
1.085663284;484.93;96.87;243.841
0.969195858;480.02;96.87;243.841
0.935288123;464.5;96.87;243.841
0.909717151;443.19;96.87;243.841
0.939057834;432.48;96.87;243.841
0.924280335;364.68;96.87;243.841
0.937479087;344.13;96.87;243.841
0.944576192;339.28;96.87;243.841
0.955878137;361.23;96.87;243.841
1.004977723;402.56;96.87;243.841
1.046753884;475.06;96.87;243.841
1.138929984;529.91;96.87;243.841
1.042570392;552.48;96.87;243.841
1.010164536;540.09;96.87;243.841
1.02674385;514.12;96.87;243.841
1.008508981;458.96;96.87;243.841
0.96699067;430.27;96.87;243.841
0.958492462;381;96.87;243.841
0.957773465;374.94;96.87;243.841
0.983142968;344.27;96.87;243.841
1.019188292;323;96.87;243.841
1.138875532;324.07;96.87;243.841
1.290117486;365.99;96.87;243.841
1.29841434;348.35;96.87;243.841
1.1534747;332;96.87;243.841
1.017013738;317.26;96.87;243.841
0.960454127;254.52;96.87;243.841
0.949606203;176.88;96.87;243.841
0.962142564;97.31;96.87;243.841
0.929178725;77.46;96.87;243.841
0.922353605;97.34;96.87;243.841
0.926983082;204.21;96.87;243.841
0.939806;313.88;96.87;243.841
0.985728567;455;96.87;243.841
1.078435773;530;96.87;243.841
1.193704645;592;96.87;243.841
1.107464337;623.89;96.87;243.841
1.117584585;609.96;96.87;243.841
1.157228202;595.46;96.87;243.841
1.135113981;570.11;96.87;243.841
1.091261763;504.25;96.87;243.841
1.107849183;477.42;96.87;244.68
1.117664875;467.94;96.87;244.68
1.123029106;447.93;96.87;244.68
1.147984483;450.02;96.87;244.68
1.253289014;497.08;96.87;244.68
1.403895845;561.74;96.87;244.68
1.318773845;599.9;96.87;244.68
1.135764885;610;96.87;244.68
0.99378881;595.59;96.87;244.68
0.967233833;583.46;96.87;244.68
0.946515391;567.5;96.87;244.68
0.980214781;534.3;96.87;244.68
0.94851265;540.91;96.87;244.68
0.941112148;557.06;96.87;244.68
0.932978923;577.2;96.87;244.68
0.958670149;586.67;96.87;244.68
1.028207803;613.55;96.87;244.68
1.086372189;640;96.87;244.68
1.176108135;675.55;96.87;244.68
1.101069348;679.97;96.87;244.68
1.055952872;629.63;96.87;244.68
1.01842249;588.86;96.87;244.68
0.932249721;545;96.87;244.68
0.910524273;550;96.87;244.68
0.887009253;504.73;96.87;282.309
0.881676716;507;96.87;282.309
0.885416641;500.57;96.87;282.309
0.898373228;503.32;96.87;282.309
0.997568721;531.02;96.87;282.309
1.197021273;627.95;96.87;282.309
1.213528355;668.21;96.87;282.309
1.084636269;680;96.87;282.309
0.980655389;640.1;96.87;282.309
0.943472295;614.01;96.87;282.309
0.915854693;551.4;96.87;282.309
0.952255164;518.71;96.87;282.309
0.912621055;518.46;96.87;282.309
0.92641296;549.81;96.87;282.309
0.941144309;572.78;96.87;282.309
0.961895374;604.43;96.87;282.309
1.007425;648.15;96.87;282.309
1.047475399;713.65;96.87;282.309
1.16297704;794.95;96.87;282.309
1.123795407;771;96.87;282.309
1.109494627;708.83;96.87;282.309
1.046937823;644;96.87;282.309
0.969105612;599.99;96.87;282.309
0.939383758;581.8;96.87;282.309
0.933148259;550;96.87;272.212
0.933584946;550.19;96.87;272.212
0.922408434;535.98;96.87;272.212
0.928378295;539.01;96.87;272.212
1.029264953;574.18;96.87;272.212
1.228638555;648;96.87;272.212
1.198333926;683.25;96.87;272.212
1.114063343;694.26;96.87;272.212
1.015875682;649.92;96.87;272.212
0.995973475;588.06;96.87;272.212
0.973481866;576.89;96.87;272.212
1.004001678;516.12;96.87;272.212
0.960071611;541.97;96.87;272.212
0.95780558;545.11;96.87;272.212
0.971918191;577.34;96.87;272.212
0.9876385;613.48;96.87;272.212
1.023460593;672.33;96.87;272.212
1.11276181;750;96.87;272.212
1.171769404;850;96.87;272.212
1.06213048;783.56;96.87;272.212
1.00656189;724.96;96.87;272.212
0.991675049;659.37;96.87;272.212
0.999710915;578.42;96.87;272.212
1.004140112;535.2;96.87;272.212
1.00309368;522.92;96.87;283.492
1.006065537;520.07;96.87;283.492
1.006922318;513.06;96.87;283.492
1.010840935;518.6;96.87;283.492
1.023119665;530.07;96.87;283.492
1.02844407;606.61;96.87;283.492
1.048719605;668.24;96.87;283.492
1.102814036;689.87;96.87;283.492
1.091004053;639.34;96.87;283.492
1.117486648;576.99;96.87;283.492
1.103874062;535.04;96.87;283.492
1.089971451;505.88;96.87;283.492
1.054549589;504.19;96.87;283.492
1.022594235;502.59;96.87;283.492
1.002066512;524.96;96.87;283.492
1.012261478;564.35;96.87;283.492
1.07927827;686.8;96.87;283.492
1.140067542;714.23;96.87;283.492
1.167641794;766.79;96.87;283.492
1.104590262;760;96.87;283.492
1.115856227;710;96.87;283.492
1.169502617;673.4;96.87;283.492
1.152236927;626.73;96.87;283.492
1.109335957;607.15;96.87;283.492
1.089141905;580.07;96.87;312.156
1.070036752;572.53;96.87;312.156
1.045048234;571.04;96.87;312.156
1.023151764;569.21;96.87;312.156
1.031866181;598.99;96.87;312.156
1.072729767;750;96.87;312.156
1.121234868;769.23;96.87;312.156
1.171380093;802.99;96.87;312.156
1.170112747;781.62;96.87;312.156
1.139864098;763.2;96.87;312.156
1.142656833;750.03;91.39;312.156
1.145989969;702.33;89.56;312.156
1.075440264;676.88;89.56;312.156
1.065813088;643.55;89.56;312.156
1.092926262;665.93;89.56;312.156
1.155262965;685.56;89.56;312.156
1.256123861;750.01;89.56;312.156
1.291088278;770;89.56;312.156
1.40308559;780;89.56;312.156
1.327081265;778.54;89.56;312.156
1.270258504;770;89.56;312.156
1.219821261;747.74;89.56;312.156
1.169480616;700;89.56;312.156
1.11149676;685.14;89.56;312.156
1.101932491;644.2;89.56;312.137
1.108393852;636.8;89.56;312.137
1.11906331;587.9;89.56;312.137
1.131194572;563.47;89.56;312.137
1.240475176;573.1;89.56;312.137
1.463579474;580.9;89.56;312.137
1.418852331;636;89.56;312.137
1.237032591;682.59;89.56;312.137
1.077708753;685.95;89.56;312.137
1.063415719;660.75;89.56;312.137
1.046817201;601.84;89.56;312.137
1.056920077;578.03;89.56;312.137
1.010682789;488.82;89.56;312.137
0.998800599;500.16;89.56;312.137
0.98311441;461.73;89.56;312.137
1.019931575;489.19;89.56;312.137
1.082965738;554.67;89.56;312.137
1.135315854;669.91;89.56;312.137
1.287692823;704.62;89.56;312.137
1.28140289;700.06;89.56;312.137
1.287390184;665.98;89.56;312.137
1.188776355;659.94;89.56;312.137
1.103730284;576.39;89.56;312.137
1.042245301;585.03;89.56;312.137
1.02427015;491.4;89.56;312.137
1.024396851;467.7;89.56;312.137
1.022919878;430;89.56;312.137
1.017157667;425.97;89.56;312.137
1.069028723;409.92;89.56;312.137
1.228670371;427.29;89.56;312.137
1.179354763;441.91;89.56;312.137
1.075681414;467.45;89.56;312.137
0.967233144;437.62;89.56;312.137
0.980031745;275.09;89.56;312.137
0.970527104;256.88;89.56;312.137
1.000089565;115.98;89.56;312.137
0.963106933;75.8;89.56;312.137
0.956596119;13.29;89.56;312.137
0.952924754;62.16;89.56;312.137
0.989720439;105.92;89.56;312.137
1.014543225;336.2;89.56;312.137
1.076709813;579.24;89.56;312.137
1.212585735;676.4;89.56;312.137
1.184007167;700.75;89.56;312.137
1.170572424;646.06;89.56;312.137
1.077896946;606.7;89.56;312.137
0.986618624;590.03;89.56;312.137
0.979861975;590.85;89.56;312.137
0.999649674;544.14;89.56;312.137
1.001437484;523.3;89.56;312.137
1.00350192;521.03;89.56;312.137
1.008797755;516.07;89.56;312.137
1.077441061;582.36;89.56;312.137
1.238455095;696.75;89.56;312.137
1.215646452;769.92;89.56;312.137
1.053479434;793.99;89.56;312.137
0.93501369;668.06;89.56;312.137
0.907424795;661.36;89.56;312.137
0.884548983;574.27;89.56;312.137
0.944567421;548.77;89.56;312.137
0.889217256;553.42;89.56;312.137
0.882968809;541.57;89.56;312.137
0.88365568;548.41;89.56;312.137
0.928101909;645.73;89.56;312.137
0.948907624;773.91;89.56;312.137
1.026124233;837.66;89.56;312.137
1.143363386;871;89.56;312.137
1.112487601;860.89;89.56;312.137
1.118947929;800;89.56;312.137
1.116907314;762.48;89.56;312.137
1.077506959;615.91;89.56;312.137
1.026909156;617.49;89.56;312.137
1.016367766;595.07;89.56;313.553
1.010678986;585.01;89.56;313.553
1.005555048;584.96;89.56;313.553
1.018798232;594.99;89.56;313.553
1.093333581;612.55;89.56;313.553
1.267114633;763.3;89.56;313.553
1.275725286;778.06;89.56;313.553
1.157106404;791.31;89.56;313.553
1.009470335;759.95;89.56;313.553
0.958914724;664.79;89.56;313.553
0.927890835;580.26;89.56;313.553
0.958049255;569.34;89.56;313.553
0.930505291;571.95;89.56;313.553
0.926087714;553.98;89.56;313.553
0.944214305;581.3;89.56;313.553
0.980814758;573.89;89.56;313.553
1.033120255;746.77;89.56;313.553
1.067258882;793.71;89.56;313.553
1.193173793;855.46;89.56;313.553
1.100507422;765.99;89.56;313.553
1.099495851;705;89.56;313.553
1.098600966;626.74;89.56;313.553
1.004757503;573.8;89.56;313.553
0.950330703;531.48;89.56;313.553
0.944703;523.31;89.56;262.711
0.94265502;541.87;89.56;262.711
0.927995403;498.16;89.56;262.711
0.914021566;541.83;89.56;262.711
1.018646028;543.26;89.56;262.711
1.243158108;649.99;89.56;262.711
1.246758563;724.46;89.56;262.711
1.15116294;736.97;89.56;262.711
1.015912583;697.72;89.56;262.711
0.984452893;633.31;89.56;262.711
0.957911176;644.83;89.56;262.711
0.973676669;552.93;89.56;262.711
0.938660375;529.08;89.56;262.711
0.951198694;496.98;89.56;262.711
0.970807538;519.64;89.56;262.711
1.015497518;541.81;89.56;262.711
1.019526777;641.74;89.56;262.711
1.060004067;720.67;89.56;262.711
1.13160214;750;89.56;262.711
1.055557706;714.45;89.56;262.711
1.04186316;677.26;89.56;262.711
1.038270185;563.52;89.56;262.711
0.995378459;532.51;89.56;262.711
0.961473824;490.77;89.56;262.711
0.920773225;484.36;89.56;244.325
0.957760662;486.34;89.56;244.325
1.011770854;480.02;89.56;244.325
1.06331247;495.18;89.56;244.325
1.090685919;532.8;89.56;244.325
1.173291463;644.71;89.56;244.325
1.181430505;669.21;89.56;244.325
1.254579202;665.46;89.56;244.325
1.236523464;614.15;89.56;244.325
1.235658787;567.93;89.56;244.325
1.134885241;522.02;89.56;244.325
1.12188987;495.26;89.56;244.325
1.088704272;491.55;89.56;244.325
1.092560485;511.25;89.56;244.325
1.065620689;539.65;89.56;244.325
1.058624978;559.97;89.56;244.325
1.066140283;631.45;89.56;244.325
1.068539849;686.23;89.56;244.325
1.130101617;729.9;89.56;244.325
1.049170615;702.09;89.56;244.325
1.080830785;640.72;89.56;244.325
1.104186264;572.54;89.56;244.325
1.120936688;495.19;89.56;244.325
1.117061993;456.05;89.56;244.325
1.123827807;418.74;89.56;229.117
1.1492117;395.35;89.56;229.117
1.165948325;362.68;89.56;229.117
1.194941437;391.73;89.56;229.117
1.227737241;445.42;89.56;229.117
1.236206249;532.08;89.56;229.117
1.235021928;566.1;89.56;229.117
1.263182673;581.97;89.56;229.117
1.241119909;529.89;89.56;229.117
1.243659946;497.53;89.56;229.117
1.210703341;404.22;81.2;229.117
1.176831494;260.08;78.41;229.117
1.075616001;238.59;78.41;229.117
1.024390736;244.16;78.41;229.117
0.986703782;309.98;78.41;229.117
1.010328894;367.53;78.41;229.117
1.054094504;489.39;78.41;229.117
1.125107841;550.1;78.41;229.117
1.261338586;574.34;78.41;229.117
1.182165313;562.86;78.41;229.117
1.175714533;401.96;78.41;229.117
1.138126846;343.25;78.41;229.117
1.195841591;210.06;78.41;229.117
1.200158702;230.18;78.41;229.117
1.211339418;244.97;78.41;194.61
1.199707257;262.46;78.41;194.61
1.230982472;249.99;78.41;194.61
1.254752753;235.3;78.41;194.61
1.368385008;291.67;78.41;194.61
1.589378846;275;78.41;194.61
1.536096657;370.08;78.41;194.61
1.254204003;400.43;78.41;194.61
1.03419482;378.67;78.41;194.61
1.019485162;206.73;78.41;194.61
0.9962942;128.28;78.41;194.61
1.028977613;75.27;78.41;194.61
0.993965602;51.01;78.41;194.61
0.982245426;77.55;78.41;194.61
0.979515133;165.93;78.41;194.61
0.999974448;249.98;78.41;194.61
1.062208657;401.54;78.41;194.61
1.121904143;453.63;78.41;194.61
1.300810304;530;78.41;194.61
1.247849755;514.93;78.41;194.61
1.209678906;411;78.41;194.61
1.184728941;381.71;78.41;194.61
1.169336399;319.72;78.41;194.61
1.146988173;210.27;78.41;194.61
1.151103488;204.77;78.41;194.61
1.170499163;200.05;78.41;194.61
1.190517758;204.16;78.41;194.61
1.220970722;220.08;78.41;194.61
1.283514033;222.72;78.41;194.61
1.479054046;211.07;78.41;194.61
1.493377055;226.39;78.41;194.61
1.327753848;209.95;78.41;194.61
1.13406731;183.72;78.41;194.61
1.064350736;125.91;78.41;194.61
1.04649691;83.97;78.41;194.61
1.077423064;72.61;78.41;194.61
1.033960483;52.91;78.41;194.61
1.044320433;65.48;78.41;194.61
1.033763324;86.63;78.41;194.61
1.057491315;204.12;78.41;194.61
1.141211668;375;78.41;194.61
1.221480284;455.47;78.41;194.61
1.298418906;509.93;78.41;194.61
1.230255573;509.93;78.41;194.61
1.22223933;445;78.41;194.61
1.191534796;409.67;78.41;194.61
1.203230686;335.28;78.41;194.61
1.199221941;269.25;78.41;194.61
1.195415496;220;78.41;194.04
1.236288171;212.45;78.41;194.04
1.273322247;222.84;78.41;194.04
1.313317158;239.33;78.41;194.04
1.423155702;367.52;78.41;194.04
1.633994651;459.9;78.41;194.04
1.592221956;506.5;78.41;194.04
1.408386264;519.93;78.41;194.04
1.208134578;470.49;78.41;194.04
1.14689435;400.99;78.41;194.04
1.069642486;308.08;78.41;194.04
1.045389609;250.01;78.41;194.04
0.971158554;182.56;78.41;194.04
0.965375832;204.1;78.41;194.04
0.973534471;267.37;78.41;194.04
1.012198533;346.51;78.41;194.04
1.104931444;487.05;78.41;194.04
1.130719683;564.27;78.41;194.04
1.204968727;601.62;78.41;194.04
1.191455046;523.03;78.41;194.04
1.239937146;420.15;78.41;194.04
1.242941122;309.49;78.41;194.04
1.204622782;225.45;78.41;194.04
1.200678317;273.51;78.41;194.04
1.220059889;298.29;78.41;233.347
1.242029753;275.68;78.41;233.347
1.275871926;282.87;78.41;233.347
1.35632026;286.75;78.41;233.347
1.531698231;340.91;78.41;233.347
1.785094154;513.03;78.41;233.347
1.740709246;553.88;78.41;233.347
1.556810709;561.75;78.41;233.347
1.296045688;478.46;78.41;233.347
1.215551266;431.07;78.41;233.347
1.093476016;304.49;78.41;233.347
1.073732323;255.17;78.41;233.347
0.993312401;267.1;78.41;233.347
0.974447478;279.92;78.41;233.347
0.985467676;363.97;78.41;233.347
1.00362344;443.33;78.41;233.347
1.04663332;525.81;78.41;233.347
1.103078862;564.44;78.41;233.347
1.181826175;633.97;78.41;233.347
1.10358175;594;78.41;233.347
1.162481045;530.03;78.41;233.347
1.199488482;484.81;78.41;233.347
1.160607538;471.21;78.41;233.347
1.124871616;415.26;78.41;233.347
1.104041562;384.07;78.41;212.006
1.153857038;367.45;78.41;212.006
1.203480363;366.11;78.41;212.006
1.296453658;387.67;78.41;212.006
1.438377909;394.01;78.41;212.006
1.665134822;484.68;78.41;212.006
1.592684972;519.9;78.41;212.006
1.385077025;524.77;78.41;212.006
1.168489848;501.18;78.41;212.006
1.073335165;469.94;78.41;212.006
0.988476307;450.38;78.41;212.006
0.997410061;392.98;78.41;212.006
0.951997667;390.39;78.41;212.006
0.957802563;396.65;78.41;212.006
0.956084103;399.97;78.41;212.006
1.000431059;445.33;78.41;212.006
1.021489324;521.75;78.41;212.006
1.075559213;576.75;78.41;212.006
1.114762269;633.49;78.41;212.006
1.016407591;599.98;78.41;212.006
1.007132207;551.3;78.41;212.006
1.001273149;486.44;78.41;212.006
0.947095949;438.87;78.41;212.006
0.903733598;442.12;78.41;212.006
0.875974079;407.83;78.41;215.547
0.871644814;400.35;78.41;215.547
0.86369162;382.07;78.41;215.547
0.917107233;379.29;78.41;215.547
1.003796054;404.13;78.41;215.547
1.068859389;500.91;78.41;215.547
1.077067071;520;78.41;215.547
1.165762311;524.06;78.41;215.547
1.116288577;509.98;78.41;215.547
1.127340802;483.69;78.41;215.547
1.137209029;455.56;78.41;215.547
1.104360211;432.9;78.41;215.547
1.039561682;399.93;78.41;215.547
1.015061883;392.84;78.41;215.547
0.997371159;394.96;78.41;215.547
1.038228676;403.04;78.41;215.547
1.039170444;450.15;78.41;215.547
1.024501111;504.91;78.41;215.547
1.088784774;525.82;78.41;215.547
1.012777138;510.24;78.41;215.547
1.01330045;479.91;78.41;215.547
1.051567686;394.55;78.41;215.547
1.044978201;345.17;78.41;215.547
1.008830117;300.01;78.41;215.547
1.009823357;238.2;78.41;198.332
1.015599243;205.01;78.41;198.332
1.037237522;192.6;78.41;198.332
1.053118611;226.87;78.41;198.332
1.075640875;278.7;78.41;198.332
1.075141273;375.58;78.41;198.332
1.094270285;431;78.41;198.332
1.170461894;431.46;78.41;198.332
1.172223887;401.74;78.41;198.332
1.112801633;353.07;78.41;198.332
1.079143035;329.86;68.51;198.332
1.103101908;339.76;65.21;198.332
1.059070398;292.47;65.21;198.332
1.007384523;293.88;65.21;198.332
0.972231356;291.02;65.21;198.332
1.000254518;364.23;65.21;198.332
1.039459967;390;65.21;198.332
1.123244687;435.31;65.21;198.332
1.192719338;467.35;65.21;198.332
1.097414855;465;65.21;198.332
1.064547029;419.95;65.21;198.332
1.064959185;398.29;65.21;198.332
1.003759371;375.44;65.21;198.332
0.964465093;400.85;65.21;198.332
0.961575256;359.09;65.21;193.91
0.965895461;352.09;65.21;193.91
0.973698149;348.07;65.21;193.91
0.994626694;348.09;65.21;193.91
1.117947025;356.04;65.21;193.91
1.308025128;381.3;65.21;193.91
1.266638767;411.07;65.21;193.91
1.075487381;427.72;65.21;193.91
0.967245881;429.18;65.21;193.91
0.96860643;419.9;65.21;193.91
0.955334938;418.36;65.21;193.91
0.975553079;399.98;65.21;193.91
0.926229573;355;65.21;193.91
0.912045638;348.99;65.21;193.91
0.924469896;353.39;65.21;193.91
0.942414879;371.98;65.21;193.91
1.017703207;436.24;65.21;193.91
1.086167324;469.52;65.21;193.91
1.131218544;491.86;65.21;193.91
1.10346329;483.98;65.21;193.91
1.141412331;459.95;65.21;193.91
1.105438779;443.97;65.21;193.91
1.0104133;437.01;65.21;193.91
0.950224124;421.45;65.21;193.91
0.93362164;385.07;65.21;193.91
0.936174323;385.06;65.21;193.91
0.961707372;369.22;65.21;193.91
0.983698214;358.54;65.21;193.91
1.104302733;369.02;65.21;193.91
1.264935075;379.02;65.21;193.91
1.27478763;385.01;65.21;193.91
1.069848491;402.13;65.21;193.91
0.959352803;402.13;65.21;193.91
0.950585177;388.5;65.21;193.91
0.950896381;380.04;65.21;193.91
0.983274728;360;65.21;193.91
0.93605938;295;65.21;193.91
0.927943024;251.8;65.21;193.91
0.935390604;297;65.21;193.91
0.994932157;343.1;65.21;193.91
1.114846419;404.32;65.21;193.91
1.21639913;459.99;65.21;193.91
1.301689835;505.94;65.21;193.91
1.210929446;517.2;65.21;193.91
1.134952887;484.94;65.21;193.91
1.056171465;451.26;65.21;193.91
0.977765376;400;65.21;193.91
0.911670373;347.09;65.21;193.91
0.91705974;355.48;65.21;194.45
0.951238697;355;65.21;194.45
1.007373999;349.9;65.21;194.45
1.0828111;353.39;65.21;194.45
1.255969863;389.05;65.21;194.45
1.469638712;466.11;65.21;194.45
1.444837286;502.68;65.21;194.45
1.272271137;502.29;65.21;194.45
1.081904049;458.97;65.21;194.45
1.038830835;405.02;65.21;194.45
0.937549902;359.35;65.21;194.45
0.923312155;351.33;65.21;194.45
0.891029163;329.91;65.21;194.45
0.889258235;336.94;65.21;194.45
0.912370584;344.22;65.21;194.45
0.969192732;385.97;65.21;194.45
1.050529861;471.71;65.21;194.45
1.097186648;515;65.21;194.45
1.180709982;540.64;65.21;194.45
1.183115652;515.64;65.21;194.45
1.169920113;443.31;65.21;194.45
1.122069839;369;65.21;194.45
1.056889707;344.74;65.21;194.45
1.009432602;345.06;65.21;194.45
1.005262174;294.93;65.21;186.644
1.000571572;282.3;65.21;186.644
1.021293236;295.04;65.21;186.644
1.076086564;302.86;65.21;186.644
1.218527006;338.74;65.21;186.644
1.457734529;421.1;65.21;186.644
1.443008857;447.28;65.21;186.644
1.276246508;461.19;65.21;186.644
1.151155043;449.78;65.21;186.644
1.097470797;422.29;65.21;186.644
1.052426352;429.55;65.21;186.644
1.051901603;335.95;65.21;186.644
0.989975645;325.35;65.21;186.644
0.990486045;331.05;65.21;186.644
1.005741496;344.96;65.21;186.644
1.021140664;364.53;65.21;186.644
1.065262487;450.11;65.21;186.644
1.134398867;503.46;65.21;186.644
1.341575287;520.95;65.21;186.644
1.344505817;521.15;65.21;186.644
1.307020326;459.13;65.21;186.644
1.255685249;425.21;65.21;186.644
1.244916261;344.91;65.21;186.644
1.214757638;345.08;65.21;186.644
1.195536095;329.47;65.21;189.042
1.204706096;339.9;65.21;189.042
1.224675893;335.64;65.21;189.042
1.273712061;343.29;65.21;189.042
1.383784266;377.77;65.21;189.042
1.571627669;468.6;65.21;189.042
1.576702006;506.06;65.21;189.042
1.391817611;571.51;65.21;189.042
1.190981344;545.08;65.21;189.042
1.176397026;505.76;65.21;189.042
1.143220071;503.5;65.21;189.042
1.117570714;485.02;65.21;189.042
1.049308786;454.41;65.21;189.042
1.041375688;435.15;65.21;189.042
1.036478786;448.28;65.21;189.042
1.061059135;485.94;65.21;189.042
1.108941212;502.08;65.21;189.042
1.178746178;550.97;65.21;189.042
1.280012937;630.25;65.21;189.042
1.204526059;540.31;65.21;189.042
1.173870804;460.34;65.21;189.042
1.133273508;421.71;65.21;189.042
1.088217328;353.41;65.21;189.042
1.052553954;391.63;65.21;189.042
1.0354218;338.77;65.21;210.517
1.04158064;317.25;65.21;210.517
1.058855734;301.87;65.21;210.517
1.062242661;271.99;65.21;210.517
1.092668739;322.58;65.21;210.517
1.212183424;450;65.21;210.517
1.291219225;465.56;65.21;210.517
1.39740802;500.1;65.21;210.517
1.307016537;470.74;65.21;210.517
1.316197394;420.61;65.21;210.517
1.221183696;375.02;65.21;210.517
1.192059463;330.87;65.21;210.517
1.09714267;302.5;65.21;210.517
1.094768815;297.03;65.21;210.517
1.09880683;260.82;65.21;210.517
1.140856667;274.7;65.21;210.517
1.192483461;366.08;65.21;210.517
1.270449976;457.8;65.21;210.517
1.419824723;464.19;65.21;210.517
1.38007605;460.33;65.21;210.517
1.393321649;405.79;65.21;210.517
1.429759652;364.46;65.21;210.517
1.40665695;254.09;65.21;210.517
1.390174677;182.6;65.21;210.517
1.358232648;163.73;65.21;212.864
1.348705867;140.92;65.21;212.864
1.365636417;138.26;65.21;212.864
1.399571939;142.59;65.21;212.864
1.432048732;211.52;65.21;212.864
1.498650352;354.1;65.21;212.864
1.525943545;421.07;65.21;212.864
1.575863089;446;65.21;212.864
1.493898284;333.78;65.21;212.864
1.469493727;190.32;65.21;212.864
1.344179508;111.86;69.55;212.864
1.343161013;80.95;71;212.864
1.280573288;67.84;71;212.864
1.246194205;38.19;71;212.864
1.211702661;43.97;71;212.864
1.226154364;83.09;71;212.864
1.356687534;149.92;71;212.864
1.430724977;313.75;71;212.864
1.562164628;363.93;71;212.864
1.474636619;350;71;212.864
1.415334659;219.56;71;212.864
1.372008003;160.86;71;212.864
1.287951937;119.91;71;212.864
1.25939539;92.62;71;212.864
1.239510185;80.24;71;170.953
1.23442615;71.17;71;170.953
1.230591123;80.2;71;170.953
1.249045792;71.11;71;170.953
1.385115568;72.69;71;170.953
1.584090893;82.24;71;170.953
1.571745959;86;71;170.953
1.447093734;97.88;71;170.953
1.307326848;74.03;71;170.953
1.233450423;79.55;71;170.953
1.168144168;60.06;71;170.953
1.165612832;43.92;71;170.953
1.123541986;5.09;71;170.953
1.13945431;7.13;71;170.953
1.150380061;2;71;170.953
1.1884824;35.18;71;170.953
1.23807309;66.72;71;170.953
1.332543663;104.5;71;170.953
1.506706518;144.33;71;170.953
1.434010142;106.36;71;170.953
1.424699778;72.68;71;170.953
1.391276456;70.42;71;170.953
1.344211874;44.28;71;170.953
1.255240533;26.62;71;170.953
1.221257093;27.06;71;170.953
1.201000506;22.19;71;170.953
1.215567975;27.17;71;170.953
1.247978546;34.02;71;170.953
1.36690399;31.59;71;170.953
1.524036724;22;71;170.953
1.478311968;60.05;71;170.953
1.307522991;74.57;71;170.953
1.182984196;67.95;71;170.953
1.173450752;72.55;71;170.953
1.141106946;72.46;71;170.953
1.151759673;68.49;71;170.953
1.096429921;35.37;71;170.953
1.080681483;20.02;71;170.953
1.054686396;33.97;71;170.953
1.111326407;47.93;71;170.953
1.190384986;81.73;71;170.953
1.313063514;182.5;71;170.953
1.425014458;201.92;71;170.953
1.389059192;214.68;71;170.953
1.413623719;182.75;71;170.953
1.388665332;149.5;71;170.953
1.360407007;113.28;71;170.953
1.310529116;83.82;71;170.953
1.302040458;97.02;71;171.008
1.330708239;84.28;71;171.008
1.339626409;83.89;71;171.008
1.346169586;98.33;71;171.008
1.435673472;169.4;71;171.008
1.683784628;344.87;71;171.008
1.612740899;400.03;71;171.008
1.444103284;415.38;71;171.008
1.296340136;355;71;171.008
1.307559098;325.98;71;171.008
1.227000087;230.69;71;171.008
1.24247873;190.78;71;171.008
1.155620249;153.35;71;171.008
1.185721939;170.13;71;171.008
1.20423579;215.41;71;171.008
1.249353292;228.15;71;171.008
1.328900969;350;71;171.008
1.36674583;407.43;71;171.008
1.477792102;442.05;71;171.008
1.407827895;420.05;71;171.008
1.41727672;375;71;171.008
1.379728569;342.68;71;171.008
1.302222716;296.69;71;171.008
1.270003603;261.77;71;171.008
1.27003895;260.1;71;164.889
1.30542138;275.39;71;164.889
1.326392997;262.47;71;164.889
1.329222584;260.1;71;164.889
1.433388402;278.3;71;164.889
1.653526367;375;71;164.889
1.621654117;433;71;164.889
1.529843596;440.76;71;164.889
1.426958039;401.65;71;164.889
1.416905433;364.15;71;164.889
1.317108523;344.3;71;164.889
1.31081092;318.48;71;164.889
1.231186636;306.78;71;164.889
1.249294735;308.31;71;164.889
1.270553656;325.61;71;164.889
1.307672072;355.69;71;164.889
1.403722767;420.7;71;164.889
1.461647916;469.05;71;164.889
1.65046956;580.61;71;164.889
1.679845115;508.1;71;164.889
1.769331081;429.9;71;164.889
1.762295813;388.2;71;164.889
1.69781956;353.78;71;164.889
1.649491081;310.3;71;164.889
1.67155274;299.58;71;170.398
1.685925209;299.54;71;170.398
1.715469039;299.58;71;170.398
1.771007987;297.28;71;170.398
1.866882709;340.94;71;170.398
2.064351302;427.01;71;170.398
2.032119247;534.75;71;170.398
1.854243402;527.71;71;170.398
1.645919366;429.07;71;170.398
1.575891735;358.15;71;170.398
1.423573791;321.62;71;170.398
1.355083813;298.37;71;170.398
1.251479122;302.26;71;170.398
1.267257341;311.38;71;170.398
1.295381578;331.88;71;170.398
1.40625788;364.32;71;170.398
1.434592227;406.74;71;170.398
1.415068027;470;71;170.398
1.510146879;574.51;71;170.398
1.51083619;490.53;71;170.398
1.692552734;403.66;71;170.398
1.817191104;370;71;170.398
1.875599628;349.39;71;170.398
1.884339563;373.07;71;170.398
1.859348324;339.41;71;185.602
1.86403761;330.08;71;185.602
1.886791543;310.94;71;185.602
1.901917936;322.2;71;185.602
1.945563416;360;71;185.602
2.060532623;435.1;71;185.602
2.138567744;536.03;71;185.602
2.148024234;498.8;71;185.602
2.025484309;387.88;71;185.602
1.89358257;333.9;71;185.602
1.583877382;301;71;185.602
1.451456675;294.36;71;185.602
1.335021404;275.84;71;185.602
1.323682431;288.07;71;185.602
1.312271432;310.94;71;185.602
1.342929025;376.92;71;185.602
1.40112036;437.74;71;185.602
1.446006444;493.68;71;185.602
1.58042348;600;71;185.602
1.568519622;510;71;185.602
1.643284768;418.38;71;185.602
1.674409629;396.34;71;185.602
1.678422301;378.69;71;185.602
1.64748721;352.56;71;185.602
1.614397063;320.23;71;175.829
1.577378349;312.58;71;175.829
1.54567676;300.48;71;175.829
1.55323376;303.12;71;175.829
1.581942703;324.57;71;175.829
1.679485936;410.66;71;175.829
1.728452308;455.29;71;175.829
1.840029544;424.57;71;175.829
1.790184705;376.02;71;175.829
1.779069472;350.92;71;175.829
1.585048806;338.56;68.42;175.829
1.442721182;318.16;67.56;175.829
1.270419864;295.3;67.56;175.829
1.291733685;324.92;67.56;175.829
1.285011966;330.76;67.56;175.829
1.346078733;372.14;67.56;175.829
1.455977744;422.09;67.56;175.829
1.567034812;460.13;67.56;175.829
1.657689969;473.02;67.56;175.829
1.537976315;435.61;67.56;175.829
1.537835325;395.48;67.56;175.829
1.565921833;381.86;67.56;175.829
1.500634127;360.93;67.56;175.829
1.467438434;377.94;67.56;175.829
1.488449091;344.12;67.56;167.866
1.551669063;312.03;67.56;167.866
1.638768767;307.23;67.56;167.866
1.72439043;306.29;67.56;167.866
1.889666985;312.74;67.56;167.866
2.154412848;345.2;67.56;167.866
2.127895076;371.78;67.56;167.866
1.923157275;370.66;67.56;167.866
1.712766228;375.15;67.56;167.866
1.651102035;369.93;67.56;167.866
1.497625403;363.49;67.56;167.866
1.494563951;330;67.56;167.866
1.367494483;298.29;67.56;167.866
1.344204752;299;67.56;167.866
1.352803617;317.11;67.56;167.866
1.465096855;357;67.56;167.866
1.571930443;374.47;67.56;167.866
1.682935724;409.63;67.56;167.866
1.846367614;427.76;67.56;167.866
1.728163269;407.68;67.56;167.866
1.687982602;371.55;67.56;167.866
1.649463521;362.73;67.56;167.866
1.619464123;314.97;67.56;167.866
1.600930039;268.66;67.56;167.866
1.586943753;230;67.56;167.866
1.561739746;215.24;67.56;167.866
1.580720159;215.16;67.56;167.866
1.60629687;194.4;67.56;167.866
1.711415804;197.6;67.56;167.866
1.918086699;228.14;67.56;167.866
1.899044339;239.9;67.56;167.866
1.751799482;278.74;67.56;167.866
1.637805769;291.6;67.56;167.866
1.621981015;271.97;67.56;167.866
1.496564093;277;67.56;167.866
1.45336553;266.48;67.56;167.866
1.296867157;238.34;67.56;167.866
1.268223308;211.34;67.56;167.866
1.214242561;218.59;67.56;167.866
1.22431654;266.2;67.56;167.866
1.326081925;328.13;67.56;167.866
1.452038871;380.09;67.56;167.866
1.658241046;412.03;67.56;167.866
1.662667189;393.92;67.56;167.866
1.745108181;369.97;67.56;167.866
1.673249407;348.17;67.56;167.866
1.640356875;294.43;67.56;167.866
1.676652605;248.77;67.56;167.866
1.696113723;179.85;67.56;169.689
1.653679189;156.84;67.56;169.689
1.575417482;121.24;67.56;169.689
1.529003108;98.22;67.56;169.689
1.632893821;155.92;67.56;169.689
1.848933088;244.59;67.56;169.689
1.878890359;333.89;67.56;169.689
1.751589007;329.99;67.56;169.689
1.617054834;291.5;67.56;169.689
1.577599755;259.75;67.56;169.689
1.397089432;217.48;67.56;169.689
1.318970899;162.98;67.56;169.689
1.197576003;173.93;67.56;169.689
1.162374963;154.25;67.56;169.689
1.104145727;165.24;67.56;169.689
1.160461481;197.39;67.56;169.689
1.3449461;309.08;67.56;169.689
1.533345454;389.01;67.56;169.689
1.711621451;419.01;67.56;169.689
1.692433535;396.58;67.56;169.689
1.705682538;329.7;67.56;169.689
1.614324936;303.08;67.56;169.689
1.524239835;263.91;67.56;169.689
1.43049303;190.95;67.56;169.689
1.404601595;180.24;67.56;166.093
1.449122621;169.8;67.56;166.093
1.469246112;151.3;67.56;166.093
1.475147377;167.35;67.56;166.093
1.569008139;209.97;67.56;166.093
1.809069753;327.48;67.56;166.093
1.775397909;415.95;67.56;166.093
1.620888155;443.51;67.56;166.093
1.450948779;412.29;67.56;166.093
1.357644215;366.86;67.56;166.093
1.241438421;351.37;67.56;166.093
1.225941057;301.37;67.56;166.093
1.160870499;293.27;67.56;166.093
1.214880286;288.65;67.56;166.093
1.279752737;295.21;67.56;166.093
1.428793821;308.29;67.56;166.093
1.581670165;365.3;67.56;166.093
1.630140354;381.5;67.56;166.093
1.773032143;418.99;67.56;166.093
1.695049397;400.52;67.56;166.093
1.677350716;351.43;67.56;166.093
1.577413313;333.69;67.56;166.093
1.51507117;319.71;67.56;166.093
1.466833244;306.42;67.56;166.093
1.466126432;275.78;67.56;189.562
1.487887296;245.94;67.56;189.562
1.492517179;242.98;67.56;189.562
1.496817837;273.77;67.56;189.562
1.595895694;307.13;67.56;189.562
1.801115779;383.17;67.56;189.562
1.83968561;472.63;67.56;189.562
1.682987059;500.38;67.56;189.562
1.585187299;429.91;67.56;189.562
1.538386444;409.97;67.56;189.562
1.481569604;394.6;67.56;189.562
1.489083603;353.76;67.56;189.562
1.480809183;346.45;67.56;189.562
1.52837857;331.8;67.56;189.562
1.586959589;357.91;67.56;189.562
1.646847212;384.98;67.56;189.562
1.698862574;435.59;67.56;189.562
1.735048456;510.79;67.56;189.562
1.843249773;640.42;67.56;189.562
1.767180453;510;67.56;189.562
1.77072904;419.99;67.56;189.562
1.715682525;372.61;67.56;189.562
1.615307655;361.8;67.56;189.562
1.557562922;351.45;67.56;189.562
1.552150394;336.51;67.56;200.991
1.604851521;326.14;67.56;200.991
1.629356621;315.19;67.56;200.991
1.687004139;320;67.56;200.991
1.716997559;345.53;67.56;200.991
1.774869858;440.07;67.56;200.991
1.806189349;569.93;67.56;200.991
1.990002256;583.44;67.56;200.991
2.025314388;478.2;67.56;200.991
1.950120958;443.38;67.56;200.991
1.68456218;377.86;67.56;200.991
1.633168244;394.98;67.56;200.991
1.520340455;344.25;67.56;200.991
1.512144657;335.99;67.56;200.991
1.548987061;368.94;67.56;200.991
1.657880792;389.75;67.56;200.991
1.747781978;445.01;67.56;200.991
1.693921861;523.19;67.56;200.991
1.807391943;605;67.56;200.991
1.736151475;520;67.56;200.991
1.786590258;424.99;67.56;200.991
1.744562507;397.03;67.56;200.991
1.715464332;374.46;67.56;200.991
1.70241001;349.44;67.56;200.991
1.670344556;336.1;67.56;184.858
1.66658446;325.03;67.56;184.858
1.676918546;322.42;67.56;184.858
1.69473957;324.8;67.56;184.858
1.745164996;348.44;67.56;184.858
1.870786453;429.99;67.56;184.858
1.985397501;524;67.56;184.858
2.093097309;538.92;67.56;184.858
2.051421162;431.37;67.56;184.858
1.967279423;376.35;67.56;184.858
1.752526103;334.17;67.04;184.858
1.662989449;279.01;66.87;184.858
1.580193558;252.2;66.87;184.858
1.675218409;200.03;66.87;184.858
1.636241411;195.36;66.87;184.858
1.728225117;218.23;66.87;184.858
1.768495456;306.61;66.87;184.858
1.741445846;365.85;66.87;184.858
1.878487837;356.73;66.87;184.858
1.805851577;308.23;66.87;184.858
1.841241476;192.44;66.87;184.858
1.780586236;164;66.87;184.858
1.694548193;91.95;66.87;184.858
1.621772521;64.41;66.87;184.858
1.606986004;63.59;66.87;164.578
1.61116306;50;66.87;164.578
1.640132755;21.48;66.87;164.578
1.676050222;16.91;66.87;164.578
1.837721954;15.03;66.87;164.578
2.101605792;15.02;66.87;164.578
2.040977072;23.84;66.87;164.578
1.869164459;45.02;66.87;164.578
1.674782767;73.05;66.87;164.578
1.637122196;109.85;66.87;164.578
1.499116265;106.77;66.87;164.578
1.491171908;90;66.87;164.578
1.389730697;74.04;66.87;164.578
1.362076523;66.16;66.87;164.578
1.331475058;66.9;66.87;164.578
1.424266721;69.82;66.87;164.578
1.529052569;137.8;66.87;164.578
1.642776512;169.32;66.87;164.578
1.751790942;195.77;66.87;164.578
1.680556402;180.27;66.87;164.578
1.769613184;144.9;66.87;164.578
1.758750636;110.29;66.87;164.578
1.623295095;77.45;66.87;164.578
1.539940829;64.54;66.87;164.578
1.497516484;64.04;66.87;164.578
1.501249048;58.24;66.87;164.578
1.530839321;61.95;66.87;164.578
1.558343202;59.19;66.87;164.578
1.700017064;59.53;66.87;164.578
1.895150998;59.38;66.87;164.578
1.9055216;59.17;66.87;164.578
1.746305723;85.03;66.87;164.578
1.609533098;92;66.87;164.578
1.610802136;74.15;66.87;164.578
1.489102801;62.08;66.87;164.578
1.47003602;57.47;66.87;164.578
1.410276008;56.37;66.87;164.578
1.514747421;64.55;66.87;164.578
1.512224572;67.01;66.87;164.578
1.562889508;91.36;66.87;164.578
1.659503538;192.05;66.87;164.578
1.729114021;280;66.87;164.578
1.926532961;311.72;66.87;164.578
1.924003487;289.98;66.87;164.578
1.93938499;230.47;66.87;164.578
1.854212822;162.7;66.87;164.578
1.836860454;150.92;66.87;164.578
1.743060302;80.84;66.87;164.578
1.672495371;94.04;66.87;164.097
1.644224479;82.92;66.87;164.097
1.632712337;84.27;66.87;164.097
1.665484543;95.21;66.87;164.097
1.781309477;126.95;66.87;164.097
2.038185581;192.68;66.87;164.097
2.097931093;279.94;66.87;164.097
1.89923874;304.1;66.87;164.097
1.658186394;243.02;66.87;164.097
1.666962007;193.73;66.87;164.097
1.600729143;117.1;66.87;164.097
1.555552114;100;66.87;164.097
1.377322598;121.96;66.87;164.097
1.380682323;83.43;66.87;164.097
1.404645194;140.3;66.87;164.097
1.517091994;204.07;66.87;164.097
1.659170925;322.59;66.87;164.097
1.745085798;391.11;66.87;164.097
1.926328883;466.62;66.87;164.097
1.963667626;379.85;66.87;164.097
2.041899139;321.3;66.87;164.097
2.049094018;318.42;66.87;164.097
1.951776481;279.93;66.87;164.097
1.881341707;205.48;66.87;164.097
1.839379396;188.59;66.87;140.882
1.80729653;187.67;66.87;140.882
1.833122001;169.1;66.87;140.882
1.92364663;187.69;66.87;140.882
2.114343182;196.92;66.87;140.882
2.403507015;329.97;66.87;140.882
2.470199984;427.5;66.87;140.882
2.363904853;497.39;66.87;140.882
2.149445366;317.09;66.87;140.882
2.034037651;258.9;66.87;140.882
1.75745565;217.24;66.87;140.882
1.611596504;161.91;66.87;140.882
1.419914136;150.69;66.87;140.882
1.402986416;140.07;66.87;140.882
1.420282727;144.08;66.87;140.882
1.486946378;182.98;66.87;140.882
1.58279372;261.1;66.87;140.882
1.703979662;376.44;66.87;140.882
1.905042958;447.11;66.87;140.882
1.792368241;319.09;66.87;140.882
1.709355036;229.25;66.87;140.882
1.608438275;176.97;66.87;140.882
1.524758394;138.12;66.87;140.882
1.444869261;139.99;66.87;140.882
1.412884295;103.36;66.87;107.251
1.37513909;96.27;66.87;107.251
1.371853091;89.09;66.87;107.251
1.408714266;109.9;66.87;107.251
1.525700285;82.67;66.87;107.251
1.773440265;178;66.87;107.251
1.734426185;226.24;66.87;107.251
1.624414618;225;66.87;107.251
1.457747174;190.5;66.87;107.251
1.400215547;107.23;66.87;107.251
1.301809303;58.01;66.87;107.251
1.229149109;36.23;66.87;107.251
1.134942042;3.91;66.87;107.251
1.150736163;0.38;66.87;107.251
1.244874291;12.46;66.87;107.251
1.358996323;59.83;66.87;107.251
1.47368278;112.43;66.87;107.251
1.525658936;183.75;66.87;107.251
1.592049385;170.06;66.87;107.251
1.511846864;108.51;66.87;107.251
1.532146677;63.84;66.87;107.251
1.497402242;63.92;66.87;107.251
1.423207548;54.98;66.87;107.251
1.427095838;0.93;66.87;107.251
1.406812114;0.39;66.87;91.862
1.414154513;0.1;66.87;91.862
1.395547472;0.49;66.87;91.862
1.36744288;0.5;66.87;91.862
1.352437855;36.01;66.87;91.862
1.402489483;90.1;66.87;91.862
1.458453187;148.09;66.87;91.862
1.623757325;149.11;66.87;91.862
1.730969666;72.97;66.87;91.862
1.826334413;62.9;66.87;91.862
1.734976158;9.23;66.87;91.862
1.566976834;8.54;66.87;91.862
1.409831825;9.04;66.87;91.862
1.369712837;33.29;66.87;91.862
1.401874751;61.25;66.87;91.862
1.528034641;72.65;66.87;91.862
1.617961921;190.83;66.87;91.862
1.618047435;297.27;66.87;91.862
1.662088075;360.08;66.87;91.862
1.607545043;274.09;66.87;91.862
1.599055558;190.56;66.87;91.862
1.575691439;175.38;66.87;91.862
1.569216852;175.37;66.87;91.862
1.556085538;178.95;66.87;91.862
1.506924177;145.4;66.87;122.21
1.457558553;145.73;66.87;122.21
1.484145348;148.52;66.87;122.21
1.500695749;151;66.87;122.21
1.561585451;172.83;66.87;122.21
1.659871874;209.57;66.87;122.21
1.758229294;301.66;66.87;122.21
1.927270908;250.11;66.87;122.21
1.987478249;188.96;66.87;122.21
2.007909915;160.65;66.87;122.21
1.789497103;76.4;67.36;122.21
1.722027425;66.64;67.52;122.21
1.603140546;64.02;67.52;122.21
1.495534088;64.9;67.52;122.21
1.417171877;72.71;67.52;122.21
1.465765963;143.89;67.52;122.21
1.560444374;205.28;67.52;122.21
1.709732399;252.56;67.52;122.21
1.913106191;289.47;67.52;122.21
1.943539436;197.57;67.52;122.21
1.993555222;155.02;67.52;122.21
1.965874445;169.49;67.52;122.21
1.85372846;122.03;67.52;122.21
1.719510001;131.32;67.52;122.21
1.703976794;114.67;67.52;117.656
1.67663398;117.62;67.52;117.656
1.634286679;121.91;67.52;117.656
1.635132969;119.99;67.52;117.656
1.718072628;130.05;67.52;117.656
1.911125365;116.89;67.52;117.656
1.948191797;142.86;67.52;117.656
1.810367253;167.72;67.52;117.656
1.700396141;191.09;67.52;117.656
1.701186379;165.29;67.52;117.656
1.630581249;106.03;67.52;117.656
1.608398048;68.36;67.52;117.656
1.437677105;49.58;67.52;117.656
1.39753864;45.91;67.52;117.656
1.380136648;78.34;67.52;117.656
1.449578894;76.42;67.52;117.656
1.581233589;166.4;67.52;117.656
1.660603035;244.64;67.52;117.656
1.7712149;302.03;67.52;117.656
1.739723351;229.95;67.52;117.656
1.818498982;231.06;67.52;117.656
1.731924335;189.32;67.52;117.656
1.690322588;180.66;67.52;117.656
1.630559676;216.13;67.52;117.656
1.612429715;195.02;67.52;117.656
1.649985532;189.41;67.52;117.656
1.682111526;162.1;67.52;117.656
1.688980118;141.95;67.52;117.656
1.7774751;147.12;67.52;117.656
1.922934691;153;67.52;117.656
1.86067885;195.68;67.52;117.656
1.729374238;196.7;67.52;117.656
1.611676224;150.85;67.52;117.656
1.612146237;116;67.52;117.656
1.419011856;87.69;67.52;117.656
1.339707748;60.1;67.52;117.656
1.177343979;51.6;67.52;117.656
1.204825825;56.51;67.52;117.656
1.20757945;80.09;67.52;117.656
1.244435482;132.38;67.52;117.656
1.32706361;183.08;67.52;117.656
1.406110274;198.84;67.52;117.656
1.674653854;258.74;67.52;117.656
1.688465246;178.58;67.52;117.656
1.744230974;147.61;67.52;117.656
1.69182198;122.35;67.52;117.656
1.647310377;99.86;67.52;117.656
1.632253337;69.37;67.52;117.656
1.629427908;70.87;67.52;119.323
1.661070083;70.83;67.52;119.323
1.668667196;70.89;67.52;119.323
1.708232676;80.67;67.52;119.323
1.834587842;141.4;67.52;119.323
2.064625095;167.79;67.52;119.323
2.060788715;227.26;67.52;119.323
1.932811057;266.36;67.52;119.323
1.794596667;217.18;67.52;119.323
1.710332159;165.03;67.52;119.323
1.425296213;160.58;67.52;119.323
1.313091304;133.46;67.52;119.323
1.200201188;131.08;67.52;119.323
1.252663597;131.17;67.52;119.323
1.285243971;139.37;67.52;119.323
1.342316911;158.86;67.52;119.323
1.511220238;210.58;67.52;119.323
1.602711707;247.81;67.52;119.323
1.693871516;276.74;67.52;119.323
1.626585227;227.97;67.52;119.323
1.662047667;197.78;67.52;119.323
1.603092354;167.77;67.52;119.323
1.49065129;159.34;67.52;119.323
1.450616046;155;67.52;119.323
1.441774291;174.3;67.52;105.449
1.40522159;174.3;67.52;105.449
1.403143728;171.54;67.52;105.449
1.469619411;170.13;67.52;105.449
1.706754442;169.2;67.52;105.449
2.063803373;253.98;67.52;105.449
2.213555029;299.91;67.52;105.449
2.06489763;348.98;67.52;105.449
1.818386448;300.72;67.52;105.449
1.718996445;258.72;67.52;105.449
1.497006267;239.35;67.52;105.449
1.489547696;206.75;67.52;105.449
1.40311977;203.35;67.52;105.449
1.513537044;207.92;67.52;105.449
1.539773794;225.26;67.52;105.449
1.598488832;258.95;67.52;105.449
1.737765744;323.9;67.52;105.449
1.820517894;442.72;67.52;105.449
1.976003814;484.75;67.52;105.449
2.010139742;351.65;67.52;105.449
2.145432858;295.02;67.52;105.449
2.144201335;262.03;67.52;105.449
2.099371605;258.54;67.52;105.449
2.125635196;236.57;67.52;105.449
2.175991984;222.21;67.52;106.853
2.209827475;207.56;67.52;106.853
2.228101046;198.99;67.52;106.853
2.235854837;219.9;67.52;106.853
2.32544658;240.68;67.52;106.853
2.538104088;307.75;67.52;106.853
2.626283456;480.12;67.52;106.853
2.492045816;479.3;67.52;106.853
2.227340074;334.03;67.52;106.853
2.052200207;283.73;67.52;106.853
1.749759514;232.08;67.52;106.853
1.63387766;213.64;67.52;106.853
1.434169519;217.9;67.52;106.853
1.457328319;217.58;67.52;106.853
1.490514786;224.31;67.52;106.853
1.609331959;241.53;67.52;106.853
1.772038825;295.09;67.52;106.853
1.832218005;378.4;67.52;106.853
1.993209369;479.97;67.52;106.853
1.939068646;324.38;67.52;106.853
1.979933175;273.02;67.52;106.853
1.918130393;243.55;67.52;106.853
1.89295403;228.57;67.52;106.853
1.907952925;218.66;67.52;106.853
1.959722553;210;67.52;105.416
1.96851653;193.8;67.52;105.416
1.93218194;182.96;67.52;105.416
1.895401404;195.02;67.52;105.416
1.88991397;218.46;67.52;105.416
1.943225079;257.47;67.52;105.416
2.002289701;285.81;67.52;105.416
2.151883457;332.53;67.52;105.416
2.08315276;301.56;67.52;105.416
2.041152174;280.05;67.52;105.416
1.818112935;277.7;67.52;105.416
1.706147522;262.7;67.52;105.416
1.549028718;254.99;67.52;105.416
1.506237401;255;67.52;105.416
1.456749106;263.58;67.52;105.416
1.546282617;267.05;67.52;105.416
1.619627667;292.35;67.52;105.416
1.674178241;319.66;67.52;105.416
1.835544752;343.7;67.52;105.416
1.811313965;290.1;67.52;105.416
1.799455383;248.54;67.52;105.416
1.751560131;225.19;67.52;105.416
1.729469241;202.06;67.52;105.416
1.769909496;231.32;67.52;105.416
1.784120842;219.6;67.52;98.389
1.769555054;212.12;67.52;98.389
1.764918839;211.62;67.52;98.389
1.771921447;218.92;67.52;98.389
1.760489054;229.49;67.52;98.389
1.815936729;278.37;67.52;98.389
1.898527034;350;67.52;98.389
2.069446631;412.65;67.52;98.389
2.091714426;327.39;67.52;98.389
2.103589588;297.26;67.52;98.389
1.860836312;282.41;67.66;98.389
1.687412942;262.01;67.7;98.389
1.526546598;238.37;67.7;98.389
1.524439149;221.42;67.7;98.389
1.545663674;242.69;67.7;98.389
1.581221564;258.6;67.7;98.389
1.692302139;274;67.7;98.389
1.814055888;290;67.7;98.389
1.969496127;299.3;67.7;98.389
1.880511541;266.99;67.7;98.389
1.980857707;217.94;67.7;98.389
1.961867884;220.03;67.7;98.389
1.81059403;193;67.7;98.389
1.665113688;191.76;67.7;98.389
1.613075844;174;67.7;70.556
1.573101995;163.8;67.7;70.556
1.543494097;144.74;67.7;70.556
1.55062163;139.9;67.7;70.556
1.687657113;133.36;67.7;70.556
1.948642187;147.49;67.7;70.556
1.902927558;159.44;67.7;70.556
1.784981371;186.62;67.7;70.556
1.628417141;199.33;67.7;70.556
1.580037303;185.09;67.7;70.556
1.441223338;160;67.7;70.556
1.441263363;144.91;67.7;70.556
1.369394175;136.57;67.7;70.556
1.415721751;118.78;67.7;70.556
1.429386361;120;67.7;70.556
1.497440982;133.21;67.7;70.556
1.678297664;169.45;67.7;70.556
1.825244389;184.83;67.7;70.556
1.852346639;195.73;67.7;70.556
1.796551366;158.04;67.7;70.556
1.835641528;143.39;67.7;70.556
1.807652164;140.08;67.7;70.556
1.71798592;128.71;67.7;70.556
1.637369853;76.54;67.7;70.556
1.63961141;67.9;67.7;70.556
1.659569966;65.99;67.7;70.556
1.679958597;69.44;67.7;70.556
1.724935935;79.12;67.7;70.556
1.853980881;75.55;67.7;70.556
2.080042083;71.4;67.7;70.556
2.08491215;75.95;67.7;70.556
1.843888308;87.58;67.7;70.556
1.66959086;84.83;67.7;70.556
1.539179911;75.32;67.7;70.556
1.484764207;67.51;67.7;70.556
1.486817171;51.01;67.7;70.556
1.396466224;12.49;67.7;70.556
1.422298333;16.74;67.7;70.556
1.478148459;64.99;67.7;70.556
1.552884916;75.44;67.7;70.556
1.653276135;168.01;67.7;70.556
1.733854953;195.27;67.7;70.556
1.852032248;222.87;67.7;70.556
1.90591673;177.16;67.7;70.556
2.020397839;144.96;67.7;70.556
1.998104525;140.04;67.7;70.556
1.897347522;134.55;67.7;70.556
1.749341018;128.31;67.7;70.556
1.691652658;114.41;67.7;72.295
1.695870282;105.65;67.7;72.295
1.711138882;89.64;67.7;72.295
1.700485724;86.14;67.7;72.295
1.819162317;108.44;67.7;72.295
2.068417333;129.28;67.7;72.295
2.125445314;158.64;67.7;72.295
2.065815886;182.42;67.7;72.295
1.963699901;161.1;67.7;72.295
1.902746837;128.32;67.7;72.295
1.702200022;128.92;67.7;72.295
1.6160867;117.49;67.7;72.295
1.507724177;117.64;67.7;72.295
1.541812511;123.27;67.7;72.295
1.575828418;139.38;67.7;72.295
1.675399447;169.71;67.7;72.295
1.833763488;222.32;67.7;72.295
1.921115558;266.23;67.7;72.295
1.996719717;272.22;67.7;72.295
1.867753088;229.93;67.7;72.295
1.864011294;175.42;67.7;72.295
1.783666801;162.65;67.7;72.295
1.664471776;145.02;67.7;72.295
1.609332533;141.64;67.7;72.295
1.574431738;135.71;67.7;62.112
1.52606891;140.35;67.7;62.112
1.522846719;139.95;67.7;62.112
1.568125368;150.3;67.7;62.112
1.696764384;149.51;67.7;62.112
1.974285697;198.47;67.7;62.112
2.044577654;258.73;67.7;62.112
1.95313105;277.3;67.7;62.112
1.875876047;242.16;67.7;62.112
1.908412066;201.96;67.7;62.112
1.789907134;180.01;67.7;62.112
1.772170989;167.15;67.7;62.112
1.66120431;152.92;67.7;62.112
1.629882566;145.93;67.7;62.112
1.597433278;153.57;67.7;62.112
1.729793784;158.83;67.7;62.112
1.922827069;219.78;67.7;62.112
2.073203099;245.16;67.7;62.112
2.252867086;251.43;67.7;62.112
2.303170708;201.05;67.7;62.112
2.372480327;167.09;67.7;62.112
2.283474412;163.29;67.7;62.112
2.17942543;153.92;67.7;62.112
2.169040342;131.62;67.7;62.112
2.223037545;125.18;67.7;60.722
2.273276522;121.42;67.7;60.722
2.340337623;125.12;67.7;60.722
2.429312522;133.18;67.7;60.722
2.649071583;148.6;67.7;60.722
2.927286897;169.43;67.7;60.722
3.080171611;240.65;67.7;60.722
3.106578691;247.74;67.7;60.722
2.904294094;216.69;67.7;60.722
2.770339441;187.31;67.7;60.722
2.445841676;174.76;68.39;60.722
2.352141973;152.62;68.62;60.722
2.184950431;148.19;68.62;60.722
2.16851083;142.48;68.62;60.722
2.080608472;151.26;68.62;60.722
2.14983487;168.93;68.62;60.722
2.325696126;197.84;68.62;60.722
2.2979863;240.16;68.62;60.722
2.569765803;226.92;68.62;60.722
2.582795272;166.5;68.62;60.722
2.753188546;146.57;68.62;60.722
2.702420757;148.15;68.62;60.722
2.678676583;131.57;68.62;60.722
2.743386141;127.53;68.62;60.722
2.75860112;114.89;68.62;70.452
2.713605402;77.39;68.62;70.452
2.65740001;76.02;68.62;70.452
2.604789257;71.97;68.62;70.452
2.59273365;112.34;68.62;70.452
2.699012954;149.52;68.62;70.452
2.846590673;172.71;68.62;70.452
3.020678033;195.81;68.62;70.452
3.030556882;167.65;68.62;70.452
3.016247312;167.41;68.62;70.452
2.659581092;155.51;68.62;70.452
2.367806368;132.2;68.62;70.452
1.998538045;129.66;68.62;70.452
1.950140813;130.3;68.62;70.452
1.962513104;138.61;68.62;70.452
2.045333248;149.14;68.62;70.452
2.208774783;169.34;68.62;70.452
2.168730352;177.68;68.62;70.452
2.369393918;184.05;68.62;70.452
2.439643472;167.18;68.62;70.452
2.809105129;141.48;68.62;70.452
2.878017338;132.73;68.62;70.452
2.787662212;124.11;68.62;70.452
2.735776645;131.73;68.62;70.452
2.798769923;118.62;68.62;63.773
2.768643222;113.36;68.62;63.773
2.59837388;111.01;68.62;63.773
2.455736391;115.97;68.62;63.773
2.373138195;136.36;68.62;63.773
2.494369336;155.77;68.62;63.773
2.555006114;180.85;68.62;63.773
2.66316442;194.58;68.62;63.773
2.608469684;194.62;68.62;63.773
2.534691811;181.74;68.62;63.773
2.174589788;177.96;68.08;63.773
2.083168123;174.07;67.9;63.773
1.969607774;166.5;67.9;63.773
2.043252728;168.96;67.9;63.773
2.004907486;171.07;67.9;63.773
2.075773569;178.83;67.9;63.773
2.146058141;197.18;67.9;63.773
2.079835203;201.49;67.9;63.773
2.161586846;209.94;67.9;63.773
2.011954005;179.04;67.9;63.773
2.098551508;164.6;67.9;63.773
1.955241593;155.34;67.9;63.773
1.820253852;143.21;67.9;63.773
1.731248692;143.22;67.9;63.773
1.722486539;132.71;67.9;46.188
1.682432048;129.03;67.9;46.188
1.673318003;132.49;67.9;46.188
1.714185363;132.74;67.9;46.188
1.878657828;134.9;67.9;46.188
2.162127133;133.8;67.9;46.188
2.223444393;141.2;67.9;46.188
2.196120116;145.49;67.9;46.188
2.088261537;145.6;67.9;46.188
2.11382956;140.45;67.9;46.188
1.933413995;132.35;67.9;46.188
1.897662942;129.14;67.9;46.188
1.723564856;121.17;67.9;46.188
1.819665907;114.85;67.9;46.188
1.827536466;116.8;67.9;46.188
1.875544948;132.8;67.9;46.188
2.031164271;159.12;67.9;46.188
2.045569548;179.13;67.9;46.188
2.173410729;183.23;67.9;46.188
2.090475479;164.16;67.9;46.188
2.102229536;143;67.9;46.188
2.046088788;137.01;67.9;46.188
1.933877317;132.42;67.9;46.188
1.877108773;110.66;67.9;46.188
1.834202025;99.15;67.9;46.188
1.843141769;93.54;67.9;46.188
1.8530812;90;67.9;46.188
1.904736153;92.21;67.9;46.188
2.019209826;88.55;67.9;46.188
2.303446523;104.8;67.9;46.188
2.221805719;110;67.9;46.188
2.134435392;121.46;67.9;46.188
2.062876202;114.86;67.9;46.188
2.121757457;96;67.9;46.188
2.02029476;93.23;67.9;46.188
1.961083224;83.47;67.9;46.188
1.858643995;76.17;67.9;46.188
1.93332515;78.31;67.9;46.188
1.922193556;80.02;67.9;46.188
1.903523157;89.23;67.9;46.188
1.976545543;103.87;67.9;46.188
2.046947984;112.44;67.9;46.188
2.128583682;115.49;67.9;46.188
2.117032707;102.98;67.9;46.188
2.225798686;87.33;67.9;46.188
2.050083878;80.71;67.9;46.188
1.907375347;73.53;67.9;46.188
1.834939882;52.81;67.9;46.188
1.870058186;49.82;67.9;48.243
1.88668293;38.08;67.9;48.243
1.889338393;25.08;67.9;48.243
1.900363556;38.07;67.9;48.243
2.068375383;52.33;67.9;48.243
2.310239041;68.29;67.9;48.243
2.288223679;103.69;67.9;48.243
2.161621228;122.1;67.9;48.243
1.966127932;108.91;67.9;48.243
1.954689997;104.75;67.9;48.243
1.751851762;81.49;67.9;48.243
1.749050111;68.1;67.9;48.243
1.621548488;67.82;67.9;48.243
1.615255889;68.19;67.9;48.243
1.594346784;76.16;67.9;48.243
1.704617926;82.5;67.9;48.243
1.822413325;109.98;67.9;48.243
1.825856319;122.27;67.9;48.243
1.925551735;134.3;67.9;48.243
1.872431118;109.23;67.9;48.243
1.866204825;86.73;67.9;48.243
1.770343522;85.67;67.9;48.243
1.641416438;78.4;67.9;48.243
1.582219604;56.93;67.9;48.243
1.546282089;50.59;67.9;32.476
1.562343074;56.49;67.9;32.476
1.577061705;56.19;67.9;32.476
1.63492636;67.4;67.9;32.476
1.751468464;70.67;67.9;32.476
2.010002666;86.88;67.9;32.476
2.085686113;118.65;67.9;32.476
1.987607552;139.43;67.9;32.476
1.90360088;126.17;67.9;32.476
1.86093041;102.21;67.9;32.476
1.663590271;100.1;67.9;32.476
1.647401606;93.81;67.9;32.476
1.554791017;78.72;67.9;32.476
1.563750177;79.98;67.9;32.476
1.556685189;92.11;67.9;32.476
1.716172862;115.6;67.9;32.476
1.902035256;154.83;67.9;32.476
1.958082851;180.31;67.9;32.476
2.04928626;186.33;67.9;32.476
2.000670482;152.7;67.9;32.476
2.043834601;130.43;67.9;32.476
1.987641552;120.67;67.9;32.476
1.903582414;112.33;67.9;32.476
1.832998721;97.6;67.9;32.476
1.832329678;91.39;67.9;39.904
1.80504758;88.23;67.9;39.904
1.783349663;88.69;67.9;39.904
1.763182047;96.53;67.9;39.904
1.830418263;107.51;67.9;39.904
2.111585638;128.04;67.9;39.904
2.148181083;154.98;67.9;39.904
2.027341756;162.1;67.9;39.904
1.906752933;150.06;67.9;39.904
1.86667658;133.31;67.9;39.904
1.674754231;118.58;67.9;39.904
1.649813904;112.49;67.9;39.904
1.602742405;115.93;67.9;39.904
1.667745845;118.53;67.9;39.904
1.700099483;124.91;67.9;39.904
1.756705663;146.98;67.9;39.904
1.874940597;144.72;67.9;39.904
1.920030725;154.9;67.9;39.904
2.053634996;151.81;67.9;39.904
2.005108513;127.65;67.9;39.904
1.987724816;109.99;67.9;39.904
1.932866981;98.47;67.9;39.904
1.868419807;90.1;67.9;39.904
1.853370731;91.91;67.9;39.904
1.847777863;96.11;67.9;49.657
1.840403963;98.14;67.9;49.657
1.85099338;96.01;67.9;49.657
1.861045221;98.34;67.9;49.657
1.919383079;114.44;67.9;49.657
1.97164089;136.72;67.9;49.657
1.971008076;176.79;67.9;49.657
2.06039333;177.25;67.9;49.657
2.127453195;145.1;67.9;49.657
2.283214471;130.36;67.9;49.657
2.181497974;118.81;67.9;49.657
2.012335268;107.59;67.9;49.657
1.814687841;100.86;67.9;49.657
1.77473769;105.72;67.9;49.657
1.773324537;120.06;67.9;49.657
1.826367121;140.69;67.9;49.657
1.851688706;159.56;67.9;49.657
1.741515901;154.95;67.9;49.657
1.823796273;143.61;67.9;49.657
1.733663787;131.82;67.9;49.657
1.785582099;128;67.9;49.657
1.80332591;121.34;67.9;49.657
1.735178797;98.29;67.9;49.657
1.689109639;88.18;67.9;49.657
1.73010033;87.55;67.9;37.635
1.711064561;88.18;67.9;37.635
1.658171274;88.04;67.9;37.635
1.604410941;89.21;67.9;37.635
1.603295081;92.85;67.9;37.635
1.669855606;114.91;67.9;37.635
1.705668953;127.59;67.9;37.635
1.866559746;133.94;67.9;37.635
1.9446606;123.58;67.9;37.635
2.139502982;119.6;67.9;37.635
1.997629879;104.99;77.54;37.635
1.849659314;99.95;80.76;37.635
1.63520723;88.9;80.76;37.635
1.673748603;92.18;80.76;37.635
1.661840426;96.17;80.76;37.635
1.721014203;105.92;80.76;37.635
1.713666001;125.18;80.76;37.635
1.751895233;129.08;80.76;37.635
1.899190733;127.67;80.76;37.635
1.846477136;112.9;80.76;37.635
1.845657581;102.21;80.76;37.635
1.84795931;101.61;80.76;37.635
1.75903861;92.03;80.76;37.635
1.668385223;93.31;80.76;37.635
1.650765035;92.77;80.76;31.835
1.641216118;90.41;80.76;31.835
1.65884478;87.98;80.76;31.835
1.60589632;87;80.76;31.835
1.604705943;86.67;80.76;31.835
1.708903258;91.39;80.76;31.835
1.977004545;101.32;80.76;31.835
2.112262395;115.04;80.76;31.835
1.954990184;109;80.76;31.835
1.872189368;95.48;80.76;31.835
1.808946491;87;80.76;31.835
1.767131208;84.85;80.76;31.835
1.647460838;81.46;80.76;31.835
1.638197935;84.51;80.76;31.835
1.578911116;89.96;80.76;31.835
1.63880261;112.92;80.76;31.835
1.729668966;123.01;80.76;31.835
1.798973211;139.91;80.76;31.835
1.911429303;138.24;80.76;31.835
1.850929858;121.85;80.76;31.835
1.789174581;109.9;80.76;31.835
1.788423472;104.04;80.76;31.835
1.713597518;97.49;80.76;31.835
1.678113438;103.01;80.76;31.835
1.620480727;100.49;80.76;31.835
1.587993533;100.2;80.76;31.835
1.586622154;99.92;80.76;31.835
1.634940398;98.31;80.76;31.835
1.675697118;98.46;80.76;31.835
1.819117365;98.98;80.76;31.835
1.957193543;100.55;80.76;31.835
2.062691938;110.04;80.76;31.835
1.949460087;113.33;80.76;31.835
1.983738779;104.18;80.76;31.835
1.764881565;97.81;80.76;31.835
1.680942996;100.03;80.76;31.835
1.599039914;100;80.76;31.835
1.650601323;100;80.76;31.835
1.649243717;109.43;80.76;31.835
1.689942224;124.61;80.76;31.835
1.79102039;140.15;80.76;31.835
1.740343027;156;80.76;31.835
1.894176099;170.38;80.76;31.835
1.895992482;165;80.76;31.835
2.054713993;147.52;80.76;31.835
1.993414204;138.96;80.76;31.835
1.925167767;127;80.76;31.835
1.859931057;109.26;80.76;31.835
1.785432213;129.38;80.76;35.011
1.662521489;119.09;80.76;35.011
1.599687092;116.32;80.76;35.011
1.559106881;114.6;80.76;35.011
1.591474594;115.07;80.76;35.011
1.737137401;123.45;80.76;35.011
1.877870923;145.62;80.76;35.011
2.022233637;166.39;80.76;35.011
1.862181852;168;80.76;35.011
1.837653083;153.3;80.76;35.011
1.651752735;143.35;80.76;35.011
1.633898008;141.95;80.76;35.011
1.542994829;141.96;80.76;35.011
1.548895151;145.96;80.76;35.011
1.493270318;155;80.76;35.011
1.49859878;169.15;80.76;35.011
1.585092913;179.48;80.76;35.011
1.631505734;201.51;80.76;35.011
1.842115306;182.84;80.76;35.011
1.861077535;167.81;80.76;35.011
1.941974454;147.09;80.76;35.011
1.894804579;136.78;80.76;35.011
1.801523922;120.51;80.76;35.011
1.691747796;100.73;80.76;35.011
1.640228416;80.65;80.76;39.241
1.636698817;76.68;80.76;39.241
1.666136713;55.26;80.76;39.241
1.70943971;37;80.76;39.241
1.765151004;38.76;80.76;39.241
1.880391801;54.63;80.76;39.241
1.999635901;59.95;80.76;39.241
2.193551086;77.99;80.76;39.241
2.028263292;84.4;80.76;39.241
1.985300642;67.65;80.76;39.241
1.860989885;57.18;80.76;39.241
1.893978087;48.91;80.76;39.241
1.785416551;38.59;80.76;39.241
1.873924001;41.24;80.76;39.241
1.796750949;68.89;80.76;39.241
1.782804827;80;80.76;39.241
1.857381925;89.39;80.76;39.241
1.762984264;114.5;80.76;39.241
1.914613714;125.63;80.76;39.241
1.774960487;102.08;80.76;39.241
1.854643846;84.19;80.76;39.241
1.780984147;71.67;80.76;39.241
1.726066623;69.57;80.76;39.241
1.580468422;27.71;80.76;39.241
1.490749863;54.92;80.76;29.463
1.49326106;24.34;80.76;29.463
1.528996707;17.38;80.76;29.463
1.553027007;15.28;80.76;29.463
1.582015341;20.2;80.76;29.463
1.693838393;30.01;80.76;29.463
1.811580729;69.71;80.76;29.463
2.028099971;97.19;80.76;29.463
2.019889351;97.12;80.76;29.463
2.025238845;73.03;80.76;29.463
1.884392963;47.08;80.76;29.463
1.840207164;42.58;80.76;29.463
1.69943863;39.94;80.76;29.463
1.74416184;52.66;80.76;29.463
1.752275655;72.17;80.76;29.463
1.804295336;91.3;80.76;29.463
1.944120698;105.36;80.76;29.463
1.854951914;146.89;80.76;29.463
1.927700134;148.93;80.76;29.463
1.883268571;130;80.76;29.463
1.973723487;97.19;80.76;29.463
1.967177212;83.72;80.76;29.463
1.899827928;88.66;80.76;29.463
1.902459884;81.66;80.76;29.463
1.844233599;75.73;80.76;44.915
1.823645582;71.79;80.76;44.915
1.806364777;46.42;80.76;44.915
1.815330525;45.09;80.76;44.915
1.848556928;43.83;80.76;44.915
1.93290936;71.58;80.76;44.915
2.040807679;87.67;80.76;44.915
2.249426321;99.77;80.76;44.915
2.325449391;112.99;80.76;44.915
2.329968116;106.7;80.76;44.915
2.241090398;94.15;80.76;44.915
2.224243885;108.25;80.76;44.915
2.122272267;110.43;80.76;44.915
2.10484709;128.94;80.76;44.915
2.075820618;125.26;80.76;44.915
1.981520701;136.3;80.76;44.915
2.007951966;133.62;80.76;44.915
1.893674855;137.46;80.76;44.915
2.01800503;128.71;80.76;44.915
1.968268006;132.21;80.76;44.915
2.105034662;128.28;80.76;44.915
2.049830311;109.08;80.76;44.915
1.962628495;124.39;80.76;44.915
1.900009416;113.5;80.76;44.915
1.847084933;88.11;80.76;76.072
1.851246814;93.04;80.76;76.072
1.84127018;89.06;80.76;76.072
1.819351209;94.22;80.76;76.072
1.805304805;114.49;80.76;76.072
1.795507555;129.47;80.76;76.072
1.772862448;174.79;80.76;76.072
1.903674258;206.05;80.76;76.072
1.952830372;215.15;80.76;76.072
2.137130976;209.9;80.76;76.072
1.993289403;204.96;80.76;76.072
2.010847207;202.78;78.8;76.072
1.903290864;203.05;78.14;76.072
1.939267793;189.01;78.14;76.072
1.90087958;207.56;78.14;76.072
2.004551272;212.96;78.14;76.072
2.026969424;217.42;78.14;76.072
1.934602446;239.99;78.14;76.072
2.078820948;240.55;78.14;76.072
2.102000816;217.74;78.14;76.072
2.164951083;195.58;78.14;76.072
2.04782713;187;78.14;76.072
1.87016969;179.8;78.14;76.072
1.71144568;172.21;78.14;76.072
1.638053067;150.59;78.14;57.647
1.601774725;136.89;78.14;57.647
1.574110338;132.54;78.14;57.647
1.550807919;130.65;78.14;57.647
1.550932849;130.65;78.14;57.647
1.729619117;135;78.14;57.647
1.975952081;135.99;78.14;57.647
2.079521444;142.2;78.14;57.647
1.860694011;142.82;78.14;57.647
1.836041349;144.35;78.14;57.647
1.753160211;137.12;78.14;57.647
1.80091539;128.4;78.14;57.647
1.777597329;125.56;78.14;57.647
1.839252543;115.03;78.14;57.647
1.785143813;126.63;78.14;57.647
1.766198304;138.03;78.14;57.647
1.853364978;151.05;78.14;57.647
1.870316609;166.93;78.14;57.647
2.105726684;170;78.14;57.647
2.100934102;163.29;78.14;57.647
2.243195693;112.98;78.14;57.647
2.291211251;94.06;78.14;57.647
2.174017928;91.28;78.14;57.647
2.027389638;72.85;78.14;57.647
1.925200666;57.85;78.14;57.647
1.858711115;23.7;78.14;57.647
1.866075394;35.03;78.14;57.647
1.885335678;21.66;78.14;57.647
1.917304127;64.53;78.14;57.647
1.985430618;27.14;78.14;57.647
2.114055608;53.5;78.14;57.647
2.209053519;31.3;78.14;57.647
1.993204556;37.44;78.14;57.647
1.976484557;44.91;78.14;57.647
1.826362932;59.51;78.14;57.647
1.821521637;50.47;78.14;57.647
1.752178371;64.05;78.14;57.647
1.827883811;39.46;78.14;57.647
1.761722924;82.07;78.14;57.647
1.772866949;84.97;78.14;57.647
1.876623023;85.05;78.14;57.647
1.906244696;100.81;78.14;57.647
2.039750359;77.54;78.14;57.647
2.055863588;73.7;78.14;57.647
2.085423124;36.97;78.14;57.647
1.977986304;27.15;78.14;57.647
1.905450465;27.59;78.14;57.647
1.798818187;19.85;78.14;57.647
1.713871118;0.09;78.14;60.249
1.616915936;0.09;78.14;60.249
1.591802009;0.09;78.14;60.249
1.613301271;0.3;78.14;60.249
1.659109997;5;78.14;60.249
1.81562204;9.07;78.14;60.249
2.021069657;54.32;78.14;60.249
2.190730115;99.52;78.14;60.249
1.942166492;105.04;78.14;60.249
1.925069528;84.4;78.14;60.249
1.784526086;67.14;78.14;60.249
1.808587708;68.86;78.14;60.249
1.776271359;70.46;78.14;60.249
1.883371713;84.35;78.14;60.249
1.838612719;98.87;78.14;60.249
1.845115469;151.61;78.14;60.249
1.919804408;149.05;78.14;60.249
1.943556866;155.57;78.14;60.249
2.12492349;156.49;78.14;60.249
2.108631449;140.15;78.14;60.249
2.230019142;110.07;78.14;60.249
2.160754764;84.33;78.14;60.249
2.017607321;77.06;78.14;60.249
1.982595471;54.36;78.14;60.249
1.944183761;77.58;78.14;58.408
1.885721412;79.51;78.14;58.408
1.854830374;73.45;78.14;58.408
1.834379148;71.22;78.14;58.408
1.888729612;62.99;78.14;58.408
2.056739001;76.77;78.14;58.408
2.256679426;85.41;78.14;58.408
2.400481075;129.24;78.14;58.408
2.180066478;135.49;78.14;58.408
2.0998342;91.3;78.14;58.408
1.95025728;71.38;78.14;58.408
1.981956272;75.62;78.14;58.408
1.930148904;72.86;78.14;58.408
1.943908824;91.23;78.14;58.408
1.884991926;93.46;78.14;58.408
1.971803096;121.03;78.14;58.408
2.116107144;123.3;78.14;58.408
2.188398054;135.27;78.14;58.408
2.232852109;142.1;78.14;58.408
2.209166734;119.78;78.14;58.408
2.285677892;98.6;78.14;58.408
2.209514021;84.98;78.14;58.408
2.076665694;99.77;78.14;58.408
1.964749579;71.37;78.14;58.408
1.884667892;74.42;78.14;84.444
1.858661215;74.41;78.14;84.444
1.828256396;64.97;78.14;84.444
1.813338097;68.06;78.14;84.444
1.843585902;68.38;78.14;84.444
1.98862498;87.3;78.14;84.444
2.225227615;117.05;78.14;84.444
2.328592295;148.63;78.14;84.444
2.170093908;160.58;78.14;84.444
2.14847414;147.2;78.14;84.444
2.039955007;129.13;78.14;84.444
2.027232454;117.83;78.14;84.444
1.939359251;114.07;78.14;84.444
1.965334106;119.49;78.14;84.444
1.928613784;144.36;78.14;84.444
1.897554865;149.07;78.14;84.444
1.969862874;159.06;78.14;84.444
1.939595804;192.11;78.14;84.444
2.027317702;199.96;78.14;84.444
1.935872831;168.84;78.14;84.444
1.965844201;149.1;78.14;84.444
1.931894571;140.69;78.14;84.444
1.84342952;127.73;78.14;84.444
1.797326924;118.81;78.14;84.444
1.743667128;114.54;78.14;93.987
1.720662832;110;78.14;93.987
1.72721818;99.8;78.14;93.987
1.724306003;102.14;78.14;93.987
1.757033271;99.77;78.14;93.987
1.79067666;112.55;78.14;93.987
1.788654885;153.19;78.14;93.987
1.886038523;182.06;78.14;93.987
2.014760917;199.12;78.14;93.987
2.178270081;167.52;78.14;93.987
2.049938052;124.34;78.14;93.987
2.018236503;123.34;78.14;93.987
1.894507705;89.52;78.14;93.987
1.90902198;101.24;78.14;93.987
1.907427318;126.98;78.14;93.987
1.854473998;153.24;78.14;93.987
1.882056124;184.65;78.14;93.987
1.820984361;197.44;78.14;93.987
1.965417055;198.24;78.14;93.987
1.897000901;181.95;78.14;93.987
2.036943338;145.07;78.14;93.987
1.950234349;125.35;78.14;93.987
1.856403835;121.98;78.14;93.987
1.738554166;79.99;78.14;93.987
1.646238522;70.25;78.14;85.324
1.54216947;67.97;78.14;85.324
1.500384762;67.97;78.14;85.324
1.473087293;68.19;78.14;85.324
1.512951322;75.77;78.14;85.324
1.546699566;81.26;78.14;85.324
1.628102258;109;78.14;85.324
1.756452731;134.81;78.14;85.324
1.846404746;149.07;78.14;85.324
1.932972022;125.52;78.14;85.324
1.940610342;111.32;78.14;85.324
2.061820418;109.45;74.53;85.324
1.99743639;104.49;73.33;85.324
1.983139186;114.22;73.33;85.324
1.960168734;134.74;73.33;85.324
1.95166427;174.1;73.33;85.324
1.95395391;179.61;73.33;85.324
1.977561748;208.51;73.33;85.324
2.073601401;206.79;73.33;85.324
1.99683428;177.37;73.33;85.324
1.845565531;156.21;73.33;85.324
1.765956626;133.13;73.33;85.324
1.637326189;128.23;73.33;85.324
1.581506675;121.04;73.33;85.324
1.519150655;137.41;73.33;69.845
1.488230445;134.21;73.33;69.845
1.470925003;130.01;73.33;69.845
1.472090865;126.8;73.33;69.845
1.533754673;129.44;73.33;69.845
1.692667991;129.68;73.33;69.845
1.929722459;158;73.33;69.845
2.013852277;172.29;73.33;69.845
1.794531417;171.72;73.33;69.845
1.663165192;166.93;73.33;69.845
1.614239078;141.85;73.33;69.845
1.621846168;130.89;73.33;69.845
1.572399998;134.16;73.33;69.845
1.628789543;138.03;73.33;69.845
1.722263136;148.94;73.33;69.845
1.783903355;206.97;73.33;69.845
1.857383146;194.53;73.33;69.845
1.918992519;240.7;73.33;69.845
2.040065054;238;73.33;69.845
2.069701291;199.71;73.33;69.845
2.026349221;177.44;73.33;69.845
2.008376315;166.84;73.33;69.845
1.949776261;160.86;73.33;69.845
1.845483719;158.69;73.33;69.845
1.827011267;168.8;73.33;69.845
1.802988067;152.21;73.33;69.845
1.824523866;143;73.33;69.845
1.83578635;127;73.33;69.845
1.896701781;134.07;73.33;69.845
2.036650032;135.29;73.33;69.845
2.131198672;135.29;73.33;69.845
2.166143354;150.75;73.33;69.845
1.999806325;155.96;73.33;69.845
2.084906465;131.57;73.33;69.845
1.922012427;120.31;73.33;69.845
1.899627255;133;73.33;69.845
1.837362143;130.13;73.33;69.845
1.966940537;125;73.33;69.845
1.963241779;137.4;73.33;69.845
2.004133552;141.87;73.33;69.845
2.066348529;150.38;73.33;69.845
2.044362539;187.61;73.33;69.845
2.210558144;197.86;73.33;69.845
2.091093412;165.12;73.33;69.845
2.206552319;150.04;73.33;69.845
2.216718403;141.04;73.33;69.845
2.189158668;141.39;73.33;69.845
2.07636019;122.11;73.33;69.845
1.950087847;100.01;73.33;75.351
1.888783123;101.43;73.33;75.351
1.873669826;93.88;73.33;75.351
1.849977667;107.13;73.33;75.351
1.854358767;108.75;73.33;75.351
1.951347681;121.88;73.33;75.351
2.087909941;167.38;73.33;75.351
2.201698747;205.1;73.33;75.351
1.969313688;208.9;73.33;75.351
1.981525428;166.45;73.33;75.351
1.856504497;142.4;73.33;75.351
1.878745642;129.9;73.33;75.351
1.830895632;143.33;73.33;75.351
1.906880952;165.69;73.33;75.351
1.898725201;207.32;73.33;75.351
1.955367632;212.28;73.33;75.351
2.0646325;212.44;73.33;75.351
2.099987476;254.18;73.33;75.351
2.139995309;217.88;73.33;75.351
2.063760179;187.44;73.33;75.351
2.259476457;160.49;73.33;75.351
2.195800201;139.71;73.33;75.351
2.024296997;157.58;73.33;75.351
1.8942171;147.57;73.33;75.351
1.827752984;136.2;73.33;104.726
1.814380637;129.31;73.33;104.726
1.78044107;128.85;73.33;104.726
1.761210729;110.15;73.33;104.726
1.799728271;111.17;73.33;104.726
1.959848752;129.92;73.33;104.726
2.180912454;163.62;73.33;104.726
2.231984622;211.53;73.33;104.726
2.076570494;222.74;73.33;104.726
2.086590499;210;73.33;104.726
1.954427289;199.92;73.33;104.726
1.992892632;198.81;73.33;104.726
1.945120173;189.84;73.33;104.726
2.107346247;205.65;73.33;104.726
2.171698689;222.18;73.33;104.726
2.226407361;224.08;73.33;104.726
2.26876604;217.35;73.33;104.726
2.183420716;220;73.33;104.726
2.308366566;214.24;73.33;104.726
2.244939752;220.69;73.33;104.726
2.345247783;174.98;73.33;104.726
2.257141996;153.52;73.33;104.726
2.137084099;137.91;73.33;104.726
2.014223526;122.27;73.33;104.726
1.891766229;79.17;73.33;118.513
1.825328563;79.18;73.33;118.513
1.781979245;79.15;73.33;118.513
1.757670164;70.49;73.33;118.513
1.800935136;70.49;73.33;118.513
1.987700551;79.18;73.33;118.513
2.174467926;120.01;73.33;118.513
2.308974527;151.33;73.33;118.513
2.236504099;168.15;73.33;118.513
2.224836663;176.09;73.33;118.513
2.103514382;174.42;73.33;118.513
2.133557577;163.78;73.33;118.513
2.131347621;180.48;73.33;118.513
2.262477608;184.01;73.33;118.513
2.317642582;201.07;73.33;118.513
2.362993887;220.58;73.33;118.513
2.392615105;236.1;73.33;118.513
2.262690881;241.41;73.33;118.513
2.306149101;202.94;73.33;118.513
2.199247092;163.72;73.33;118.513
2.33677491;146.08;73.33;118.513
2.329280141;114.1;73.33;118.513
2.25912556;83.32;73.33;118.513
2.21590252;64.91;73.33;118.513
2.139183659;47.95;73.33;108.676
2.118897831;23.92;73.33;108.676
2.081913746;16.45;73.33;108.676
2.042996298;10.39;73.33;108.676
2.037849613;5.88;73.33;108.676
2.04174069;11.06;73.33;108.676
2.01109802;66.55;73.33;108.676
2.139767597;84.84;73.33;108.676
2.316538212;96.08;73.33;108.676
2.546884112;89.9;73.33;108.676
2.496751707;83.65;73.33;108.676
2.618529631;86.78;73.33;108.676
2.552430907;112.44;73.33;108.676
2.591727269;119.83;73.33;108.676
2.502208259;143.17;73.33;108.676
2.555601084;153.4;73.33;108.676
2.593885098;152.65;73.33;108.676
2.432281041;194.93;73.33;108.676
2.495637112;181.8;73.33;108.676
2.321973729;153.63;73.33;108.676
2.417791441;136.68;73.33;108.676
2.36990974;146.84;73.33;108.676
2.326676594;149.8;73.33;108.676
2.294942235;128.91;73.33;108.676
2.220806024;113.02;73.33;102.749
2.151047497;119.67;73.33;102.749
2.100159401;126.83;73.33;102.749
2.105386726;115.82;73.33;102.749
2.158300037;120.05;73.33;102.749
2.211082689;129.97;73.33;102.749
2.222505374;150.05;73.33;102.749
2.33143109;227.79;73.33;102.749
2.482799603;227.23;73.33;102.749
2.73409007;228.56;73.33;102.749
2.737354516;228.56;73.33;102.749
2.784350455;226.43;72.5;102.749
2.684740637;197.37;72.22;102.749
2.864602014;194.91;72.22;102.749
2.83758636;206.91;72.22;102.749
2.829963713;214.98;72.22;102.749
2.863688472;202.98;72.22;102.749
2.709875299;211.8;72.22;102.749
2.702240982;172.76;72.22;102.749
2.604437525;158.17;72.22;102.749
2.776645398;135.61;72.22;102.749
2.70409767;118.35;72.22;102.749
2.605432689;153.33;72.22;102.749
2.522692775;123.65;72.22;102.749
2.451549043;144.47;72.22;108.688
2.408466125;146.48;72.22;108.688
2.408077894;148.4;72.22;108.688
2.426529241;140.67;72.22;108.688
2.458925663;143.98;72.22;108.688
2.598058836;150;72.22;108.688
2.754892414;138.98;72.22;108.688
2.854556561;159.93;72.22;108.688
2.699239937;205.7;72.22;108.688
2.709501596;215.07;72.22;108.688
2.667712401;180.78;72.22;108.688
2.729186039;203.91;72.22;108.688
2.72544603;186.74;72.22;108.688
2.783481288;192.02;72.22;108.688
2.709095099;213.34;72.22;108.688
2.676239648;227.11;72.22;108.688
2.732599836;243.39;72.22;108.688
2.634676386;281.98;72.22;108.688
2.753357629;287.29;72.22;108.688
2.695551749;260.7;72.22;108.688
2.838208574;240;72.22;108.688
2.776316518;232.09;72.22;108.688
2.644229251;219.05;72.22;108.688
2.50444574;204.82;72.22;108.688
2.420660462;200.74;72.22;108.688
2.394778046;183.92;72.22;108.688
2.456137118;187.42;72.22;108.688
2.483218551;180;72.22;108.688
2.530565782;170.59;72.22;108.688
2.65908762;175.88;72.22;108.688
2.79425675;180.08;72.22;108.688
2.945983619;194.19;72.22;108.688
2.874013296;200.03;72.22;108.688
2.844053539;215.03;72.22;108.688
2.655432442;212.03;72.22;108.688
2.637340038;217.99;72.22;108.688
2.67690755;210.05;72.22;108.688
2.821960789;198.85;72.22;108.688
2.803046417;205.15;72.22;108.688
2.794219794;224.6;72.22;108.688
2.852497261;241.95;72.22;108.688
2.802590575;267.37;72.22;108.688
2.920556071;273;72.22;108.688
2.891619002;266.44;72.22;108.688
3.022704837;244.9;72.22;108.688
3.09245729;215.1;72.22;108.688
3.07906632;212.03;72.22;108.688
3.118168697;169.45;72.22;108.688
3.075242609;139.35;72.22;109.754
3.053669677;140.38;72.22;109.754
3.087531927;149.49;72.22;109.754
3.139637959;144.98;72.22;109.754
3.227664903;154.8;72.22;109.754
3.428598321;167.52;72.22;109.754
3.648150392;270.4;72.22;109.754
3.875576633;316.94;72.22;109.754
3.729138325;324.05;72.22;109.754
3.752900183;308.15;72.22;109.754
3.532725515;296.18;72.22;109.754
3.455541237;307.53;72.22;109.754
3.384009752;299.82;72.22;109.754
3.443296889;302.32;72.22;109.754
3.396884487;332.02;72.22;109.754
3.375022387;333.69;72.22;109.754
3.418960237;334.68;72.22;109.754
3.422628463;335.39;72.22;109.754
3.643586853;315.41;72.22;109.754
3.555251134;291.43;72.22;109.754
3.473405069;252.17;72.22;109.754
3.232451152;220;72.22;109.754
3.030126359;199.93;72.22;109.754
2.900789298;155.03;72.22;109.754
2.808138396;113.67;72.22;115.413
2.848121687;112.45;72.22;115.413
2.902578789;99.97;72.22;115.413
2.955621512;82.15;72.22;115.413
3.002551574;87.9;72.22;115.413
3.154726984;103.72;72.22;115.413
3.308674327;152.18;72.22;115.413
3.511984241;229.91;72.22;115.413
3.387746522;248.97;72.22;115.413
3.489202375;236.51;72.22;115.413
3.318539725;242.2;72.22;115.413
3.238141272;244.41;72.22;115.413
3.071357657;245.18;72.22;115.413
3.116920266;251.76;72.22;115.413
3.04002778;258.96;72.22;115.413
3.084087908;259.97;72.22;115.413
3.163528227;255.54;72.22;115.413
3.014708634;284.96;72.22;115.413
3.096011481;294.9;72.22;115.413
3.038466795;272.49;72.22;115.413
3.188993619;248.95;72.22;115.413
3.143845075;199.13;72.22;115.413
3.038445938;199.53;72.22;115.413
2.896996568;167.68;72.22;115.413
2.831021354;152.89;72.22;116.079
2.748165436;137.44;72.22;116.079
2.726265499;123.98;72.22;116.079
2.712780223;119.94;72.22;116.079
2.730093019;123.91;72.22;116.079
2.911061528;149.78;72.22;116.079
3.172168965;209.19;72.22;116.079
3.356201533;258.46;72.22;116.079
3.229652336;268.55;72.22;116.079
3.267268999;229.95;72.22;116.079
3.173877488;197.41;72.22;116.079
3.164146501;172.42;72.22;116.079
3.080750443;166.64;72.22;116.079
3.194146808;165.11;72.22;116.079
3.224121076;180.08;72.22;116.079
3.2523192;186.68;72.22;116.079
3.288193287;206.22;72.22;116.079
3.122571903;223.49;72.22;116.079
3.194730165;219.51;72.22;116.079
3.080062034;209.92;72.22;116.079
3.124406946;153.73;72.22;116.079
3.005254591;149.77;72.22;116.079
2.875522406;142.24;72.22;116.079
2.802721682;124.22;72.22;116.079
2.741033944;141.63;72.22;125.364
2.72277619;127.37;72.22;125.364
2.692332682;122.17;72.22;125.364
2.666300535;117.73;72.22;125.364
2.659439294;126.18;72.22;125.364
2.671672204;153.56;72.22;125.364
2.692804021;207.39;72.22;125.364
2.84797585;293.16;72.22;125.364
3.043353178;309.09;72.22;125.364
3.273314998;294.94;72.22;125.364
3.323210112;295.02;72.22;125.364
3.281179476;289.9;72.22;125.364
3.164338451;272.93;72.22;125.364
3.233414087;269.92;72.22;125.364
3.153416808;272.24;72.22;125.364
3.214044079;300.36;72.22;125.364
3.259281876;315.05;72.22;125.364
3.051060049;322.72;72.22;125.364
3.000231639;299.59;72.22;125.364
2.819626211;285.91;72.22;125.364
2.904197438;261.56;72.22;125.364
2.874990446;229.94;72.22;125.364
2.850502621;217.1;72.22;125.364
2.733477694;173.64;72.22;125.364
2.638574225;187.29;72.22;122.855
2.542476929;175.19;72.22;122.855
2.517450361;163.07;72.22;122.855
2.490910044;151.82;72.22;122.855
2.489203551;159.15;72.22;122.855
2.490977534;181.64;72.22;122.855
2.492701149;230.6;72.22;122.855
2.661972342;297.07;72.22;122.855
2.843992627;307.65;72.22;122.855
3.07044656;289.85;72.22;122.855
3.097080068;280.45;72.22;122.855
3.104201003;263.47;77.58;122.855
3.025536433;256.03;79.36;122.855
3.233705573;272.43;79.36;122.855
3.319235184;290.17;79.36;122.855
3.176733052;318.36;79.36;122.855
3.007292357;327.36;79.36;122.855
2.919637719;349.9;79.36;122.855
3.097626008;337.95;79.36;122.855
3.070385144;314.37;79.36;122.855
3.202804827;274.15;79.36;122.855
3.09832913;266.32;79.36;122.855
2.975190524;269.92;79.36;122.855
2.808243438;226.03;79.36;122.855
2.683020244;212.77;79.36;121.46
2.616211835;210.7;79.36;121.46
2.611129195;199.13;79.36;121.46
2.603642739;200;79.36;121.46
2.645968933;197.99;79.36;121.46
2.776824279;211.94;79.36;121.46
3.041437651;214.94;79.36;121.46
3.085764569;228.07;79.36;121.46
2.958305188;264.96;79.36;121.46
2.962181059;279.9;79.36;121.46
2.919056126;257.83;79.36;121.46
2.994572528;253.32;79.36;121.46
3.075664732;249.99;79.36;121.46
3.139888248;237.41;79.36;121.46
3.082796096;257.61;79.36;121.46
3.06773053;264.02;79.36;121.46
3.164562787;288.2;79.36;121.46
3.12015288;315.92;79.36;121.46
3.303207696;306.1;79.36;121.46
3.204854742;270.08;79.36;121.46
3.328718037;232.22;79.36;121.46
3.277497136;213.37;79.36;121.46
3.214996206;200;79.36;121.46
3.122773431;173.69;79.36;121.46
3.035401084;144.88;79.36;121.46
2.999227101;135;79.36;121.46
2.956652912;122.01;79.36;121.46
2.90554505;99.4;79.36;121.46
2.928313783;99.4;79.36;121.46
3.119091919;105.64;79.36;121.46
3.321908569;129;79.36;121.46
3.359200881;136.76;79.36;121.46
3.236541425;141.34;79.36;121.46
3.3857739;151.77;79.36;121.46
3.270680928;153.5;79.36;121.46
3.238889714;163.53;79.36;121.46
3.210800713;159.62;79.36;121.46
3.33716946;151.84;79.36;121.46
3.365225021;157.13;79.36;121.46
3.325521134;158;79.36;121.46
3.387873909;170.89;79.36;121.46
3.250317916;180.1;79.36;121.46
3.415538252;180.4;79.36;121.46
3.288104619;181.88;79.36;121.46
3.467154135;157.28;79.36;121.46
3.54463008;135.1;79.36;121.46
3.440280459;155.04;79.36;121.46
3.248513662;150.07;79.36;121.46
3.096861451;129.22;79.36;123.29
3.072457539;130.46;79.36;123.29
3.059541885;127.7;79.36;123.29
3.064067162;119.58;79.36;123.29
3.049517069;120.07;79.36;123.29
3.212424153;129.5;79.36;123.29
3.427531985;193.09;79.36;123.29
3.626232513;304.17;79.36;123.29
3.488836424;354.63;79.36;123.29
3.561172118;367.7;79.36;123.29
3.34317841;370;79.36;123.29
3.215248066;365.91;79.36;123.29
3.040965715;360.1;79.36;123.29
3.056163176;367.2;79.36;123.29
3.054849097;383.91;79.36;123.29
3.07922015;397.91;79.36;123.29
3.182381948;392.6;79.36;123.29
3.173095058;415.58;79.36;123.29
3.335277724;398.97;79.36;123.29
3.291637167;374.7;79.36;123.29
3.473995537;329.04;79.36;123.29
3.439553189;312;79.36;123.29
3.301438442;294.98;79.36;123.29
3.080292252;260.26;79.36;123.29
2.915777892;271.88;79.36;123.668
2.749425356;250.09;79.36;123.668
2.696214744;228.17;79.36;123.668
2.692136732;226.24;79.36;123.668
2.737372567;235.17;79.36;123.668
2.918152556;271.89;79.36;123.668
3.17363529;303.99;79.36;123.668
3.365045857;396.22;79.36;123.668
3.225969458;444.92;79.36;123.668
3.267269079;445.32;79.36;123.668
3.078153702;445.91;79.36;123.668
3.113012655;435.6;79.36;123.668
3.065078233;418.05;79.36;123.668
3.130207265;424.26;79.36;123.668
3.107981573;446.38;79.36;123.668
3.088117777;450.7;79.36;123.668
3.13757013;460.04;79.36;123.668
3.001084363;501.1;79.36;123.668
3.236976281;486.86;79.36;123.668
3.214213126;463.82;79.36;123.668
3.279651686;400;79.36;123.668
3.140436035;334.9;79.36;123.668
3.001921908;297.66;79.36;123.668
2.894872582;280.25;79.36;123.668
2.821664919;288.45;79.36;132.707
2.760270819;279.18;79.36;132.707
2.666888784;264.27;79.36;132.707
2.68353019;260.79;79.36;132.707
2.708430301;267.63;79.36;132.707
2.911598787;290;79.36;132.707
3.152632289;332.28;79.36;132.707
3.384632055;434.43;79.36;132.707
3.27796401;478.1;79.36;132.707
3.301139963;478.6;79.36;132.707
3.164131313;474.71;79.36;132.707
3.183284155;482.52;79.36;132.707
3.113457382;449.99;79.36;132.707
3.241635385;450.47;79.36;132.707
3.238054977;464.24;79.36;132.707
3.258566209;458.76;79.36;132.707
3.382816634;478.4;79.36;132.707
3.267299267;503.55;79.36;132.707
3.320531433;495.2;79.36;132.707
3.155915227;465.14;79.36;132.707
3.207243144;413.9;79.36;132.707
3.151020385;344.2;79.36;132.707
3.067628664;316.86;79.36;132.707
3.014979374;277.18;79.36;132.707
2.949283011;292.06;79.36;143.955
2.856964542;291.43;79.36;143.955
2.741715994;284.76;79.36;143.955
2.710115098;274.8;79.36;143.955
2.760451748;271.91;79.36;143.955
2.86538396;283.49;79.36;143.955
2.923397159;353.18;79.36;143.955
3.113794832;450.84;79.36;143.955
3.300708785;463.55;79.36;143.955
3.654749913;462.15;79.36;143.955
3.564752187;453.07;79.36;143.955
3.5894948;446.43;79.36;143.955
3.593362059;437.88;79.36;143.955
3.694408981;446.54;79.36;143.955
3.579470518;464.07;79.36;143.955
3.455951614;463.1;79.36;143.955
3.45533445;458.04;79.36;143.955
3.189232824;484.07;79.36;143.955
3.123594469;469.79;79.36;143.955
2.879135687;457.89;79.36;143.955
2.975567714;430.8;79.36;143.955
2.864856975;379.49;79.36;143.955
2.784650167;340.63;79.36;143.955
2.694939836;304.55;79.36;143.955
2.612680912;306.33;79.36;145.223
2.585597903;294.19;79.36;145.223
2.568971034;299.1;79.36;145.223
2.577596307;298.97;79.36;145.223
2.557572536;300.72;79.36;145.223
2.578737602;313.82;79.36;145.223
2.600092719;361.55;79.36;145.223
2.874739018;413.6;79.36;145.223
3.122432327;442.66;79.36;145.223
3.3838411;433.19;79.36;145.223
3.314921219;427.34;79.36;145.223
3.421355795;409.66;83.75;145.223
3.379317607;403.96;85.21;145.223
3.481153285;384.3;85.21;145.223
3.423175638;307.58;85.21;145.223
3.344207804;288;85.21;145.223
3.316495092;281.82;85.21;145.223
3.158632225;379.14;85.21;145.223
3.230266702;334.02;85.21;145.223
3.099102953;340.04;85.21;145.223
3.226963051;252.46;85.21;145.223
3.003220204;333.53;85.21;145.223
2.845226607;278.62;85.21;145.223
2.729679859;256.24;85.21;145.223
2.6611899;238.15;85.21;133.086
2.618177211;235.6;85.21;133.086
2.59603206;231.77;85.21;133.086
2.58909168;223.94;85.21;133.086
2.635498975;230.64;85.21;133.086
2.839619905;245;85.21;133.086
3.149831449;252.06;85.21;133.086
3.325786531;253.05;85.21;133.086
3.131172714;256.93;85.21;133.086
3.099159629;281.67;85.21;133.086
3.037584292;311.3;85.21;133.086
3.142124014;316.09;85.21;133.086
3.110056274;307.44;85.21;133.086
3.141949554;302.5;85.21;133.086
3.116055534;315.91;85.21;133.086
3.164547973;315.91;85.21;133.086
3.147377783;330.92;85.21;133.086
2.946073722;358.73;85.21;133.086
2.992722806;343.1;85.21;133.086
2.839360895;311.74;85.21;133.086
3.039944499;290.55;85.21;133.086
3.02513183;289.9;85.21;133.086
2.913797944;278.7;85.21;133.086
2.768502898;244.49;85.21;133.086
2.739570438;230.7;85.21;133.086
2.6864941;219.92;85.21;133.086
2.706306004;231.19;85.21;133.086
2.663099543;208.81;85.21;133.086
2.659044555;208.52;85.21;133.086
2.806088978;213.08;85.21;133.086
3.103322641;211.84;85.21;133.086
3.154796799;218.86;85.21;133.086
2.94708332;255.3;85.21;133.086
2.875690504;288.83;85.21;133.086
2.790983536;300.73;85.21;133.086
2.850747636;306.57;85.21;133.086
2.836940977;304.85;85.21;133.086
3.002820682;301.53;85.21;133.086
3.066114204;306.07;85.21;133.086
3.105530853;308.24;85.21;133.086
3.100575487;324.9;85.21;133.086
2.948362788;347.42;85.21;133.086
3.136557355;304.86;85.21;133.086
3.133963208;302;85.21;133.086
3.316697496;261.63;85.21;133.086
3.238692511;279.2;85.21;133.086
3.071745102;265.9;85.21;133.086
2.897464974;243.17;85.21;133.086
2.772882636;205.16;85.21;134.079
2.827554658;195.89;85.21;134.079
2.901909432;183.22;85.21;134.079
2.942623407;181.68;85.21;134.079
3.018180536;163.66;85.21;134.079
3.236252953;250.61;85.21;134.079
3.46585137;292;85.21;134.079
3.606948615;368.99;85.21;134.079
3.389646149;406.33;85.21;134.079
3.430228303;400.49;85.21;134.079
3.301098995;399.65;85.21;134.079
3.320473423;421.93;85.21;134.079
3.253451416;404.91;85.21;134.079
3.368552262;392.96;85.21;134.079
3.395689885;413.46;85.21;134.079
3.458954767;429.91;85.21;134.079
3.629665157;430.73;85.21;134.079
3.511255558;444.98;85.21;134.079
3.555240262;433.15;85.21;134.079
3.438843351;427.92;85.21;134.079
3.628161784;392.3;85.21;134.079
3.59703986;333.11;85.21;134.079
3.554473758;324.56;85.21;134.079
3.4787956;292.62;85.21;134.079
3.38601102;298.1;85.21;136.706
3.317230275;277.91;85.21;136.706
3.276299895;275.9;85.21;136.706
3.253267414;277.69;85.21;136.706
3.286235393;287.38;85.21;136.706
3.475555482;309.23;85.21;136.706
3.779926871;370.99;85.21;136.706
3.964219259;454.93;85.21;136.706
3.870003576;455.68;85.21;136.706
3.799170099;459.95;85.21;136.706
3.637487237;453.2;85.21;136.706
3.706188043;460.17;85.21;136.706
3.664940158;453.97;85.21;136.706
3.739069765;446.1;85.21;136.706
3.816204247;459.29;85.21;136.706
3.871722931;453.84;85.21;136.706
4.005554296;461.53;85.21;136.706
3.881836274;479.4;85.21;136.706
3.994044406;453.93;85.21;136.706
3.880114429;418.26;85.21;136.706
3.959996352;368.95;85.21;136.706
3.826310092;319;85.21;136.706
3.654951344;304.98;85.21;136.706
3.489479308;274.28;85.21;136.706
3.384340534;264.59;85.21;138.43
3.34204513;235.72;85.21;138.43
3.279618562;203.91;85.21;138.43
3.26929249;199.96;85.21;138.43
3.365677721;230.18;85.21;138.43
3.574783674;259.4;85.21;138.43
3.920230928;254.05;85.21;138.43
4.157088639;345.01;85.21;138.43
4.027140325;383.29;85.21;138.43
4.005890133;345.7;85.21;138.43
3.868921819;325.23;85.21;138.43
3.854721804;305.01;85.21;138.43
3.785940633;296.85;85.21;138.43
3.902404619;323.15;85.21;138.43
3.940655116;408.06;85.21;138.43
4.019524394;436.74;85.21;138.43
4.03986197;454.07;85.21;138.43
3.876352551;419.26;85.21;138.43
3.923354588;400;85.21;138.43
3.818232725;388.38;85.21;138.43
3.92818247;408.82;85.21;138.43
3.84727407;327.15;85.21;138.43
3.75351745;300.72;85.21;138.43
3.617287074;280.56;85.21;138.43
3.629653195;286.56;85.21;147.545
3.551452367;280.78;85.21;147.545
3.477857654;269.67;85.21;147.545
3.379858532;269.91;85.21;147.545
3.355821266;275.49;85.21;147.545
3.389036337;299.79;85.21;147.545
3.361514051;326;85.21;147.545
3.482095626;400.09;85.21;147.545
3.580347787;447.43;85.21;147.545
3.882908403;454.09;85.21;147.545
3.948281871;447.85;85.21;147.545
4.044335574;446.22;85.21;147.545
3.941197846;448.47;85.21;147.545
3.90266045;448.26;85.21;147.545
3.784342929;454.05;85.21;147.545
3.850321813;456.99;85.21;147.545
3.922332982;462.92;85.21;147.545
3.839511579;498.21;85.21;147.545
3.91619185;459.27;85.21;147.545
3.768051813;454.02;85.21;147.545
3.79433705;433.91;85.21;147.545
3.652650171;353.13;85.21;147.545
3.519563554;328.31;85.21;147.545
3.430638028;299.24;85.21;147.545
3.325350806;334.01;85.21;147.682
3.258938768;306.42;85.21;147.682
3.192889103;302.38;85.21;147.682
3.182945611;298.49;85.21;147.682
3.144022635;304.04;85.21;147.682
3.188623309;317.66;85.21;147.682
3.248609197;358.77;85.21;147.682
3.449906201;455.38;85.21;147.682
3.594498333;474.29;85.21;147.682
3.780627311;474.7;85.21;147.682
3.738490893;471.33;85.21;147.682
3.812933894;484.16;87.5;147.682
3.688671966;481.1;88.26;147.682
3.73589259;470;88.26;147.682
3.653367373;476.44;88.26;147.682
3.607113001;473.91;88.26;147.682
3.641954534;474.88;88.26;147.682
3.455639553;507.91;88.26;147.682
3.535856255;477.37;88.26;147.682
3.457653103;451.51;88.26;147.682
3.551646218;440;88.26;147.682
3.412279164;376;88.26;147.682
3.167666008;338.04;88.26;147.682
3.023473778;316.22;88.26;147.682
2.89810802;312.48;88.26;139.917
2.833774153;306;88.26;139.917
2.850084855;290.79;88.26;139.917
2.887433259;287.26;88.26;139.917
2.955123182;284.9;88.26;139.917
3.174301766;287.15;88.26;139.917
3.480569396;295.35;88.26;139.917
3.567825529;313.58;88.26;139.917
3.436909297;346.14;88.26;139.917
3.555119777;396.61;88.26;139.917
3.559615595;419.33;88.26;139.917
3.639482858;412.38;88.26;139.917
3.549731131;398.1;88.26;139.917
3.593003148;375.9;88.26;139.917
3.51114433;377.07;88.26;139.917
3.511628531;393.5;88.26;139.917
3.481781263;420.59;88.26;139.917
3.320570445;449.92;88.26;139.917
3.357270747;442.7;88.26;139.917
3.199706162;420.72;88.26;139.917
3.347295861;361.15;88.26;139.917
3.307416701;323.88;88.26;139.917
3.180720928;307.65;88.26;139.917
3.011706772;288.27;88.26;139.917
2.923682802;300.65;88.26;139.917
2.914326152;292.8;88.26;139.917
2.907655689;288.08;88.26;139.917
2.937990408;272.52;88.26;139.917
2.954710934;268.42;88.26;139.917
3.17498316;269.24;88.26;139.917
3.341480698;280.98;88.26;139.917
3.382530634;279.73;88.26;139.917
3.185431072;293.09;88.26;139.917
3.246498018;320.09;88.26;139.917
3.138400347;326.55;88.26;139.917
3.221476719;345.19;88.26;139.917
3.225536401;347.71;88.26;139.917
3.401196944;324.74;88.26;139.917
3.369830416;328.31;88.26;139.917
3.321116583;336.51;88.26;139.917
3.327705143;361.6;88.26;139.917
3.201568314;413.94;88.26;139.917
3.320303096;430.05;88.26;139.917
3.251930301;412.74;88.26;139.917
3.44651029;383.98;88.26;139.917
3.517807599;335.35;88.26;139.917
3.400900822;323.85;88.26;139.917
3.307033676;306.25;88.26;139.917
3.156489365;280.18;88.26;141.226
3.098643521;277.68;88.26;141.226
3.017093863;274.31;88.26;141.226
3.055634862;269.79;88.26;141.226
3.102557295;267.92;88.26;141.226
3.302844179;283.71;88.26;141.226
3.480681375;392.24;88.26;141.226
3.701662419;505;88.26;141.226
3.558994458;545.22;88.26;141.226
3.680915826;513.99;88.26;141.226
3.509139536;505.47;88.26;141.226
3.55222057;497.62;88.26;141.226
3.515434632;489.95;88.26;141.226
3.610014252;482.8;88.26;141.226
3.669888372;506.04;88.26;141.226
3.701093028;535.73;88.26;141.226
3.711388278;558.54;88.26;141.226
3.609036622;588.09;88.26;141.226
3.656608889;558.66;88.26;141.226
3.592865314;508.04;88.26;141.226
3.816560827;490;88.26;141.226
3.774952366;408.9;88.26;141.226
3.637899668;361.32;88.26;141.226
3.422857418;313.2;88.26;141.226
3.318445894;306.14;88.26;138.104
3.280929187;288.11;88.26;138.104
3.302490664;285.28;88.26;138.104
3.377924148;276.98;88.26;138.104
3.431499345;282.3;88.26;138.104
3.680324203;316.07;88.26;138.104
3.935285247;368.9;88.26;138.104
4.06793938;499.7;88.26;138.104
3.981297251;571.76;88.26;138.104
4.070074728;553.29;88.26;138.104
4.026252134;518.08;88.26;138.104
3.953623451;505.16;88.26;138.104
3.921959016;482.78;88.26;138.104
4.012054676;506.03;88.26;138.104
4.006225806;552.71;88.26;138.104
4.050916483;570.25;88.26;138.104
4.055395277;590;88.26;138.104
3.950124116;665.01;88.26;138.104
4.103992871;595.94;88.26;138.104
4.126679791;522.58;88.26;138.104
4.24823332;452.47;88.26;138.104
4.096597665;353.79;88.26;138.104
3.931609551;321.03;88.26;138.104
3.831467793;283.08;88.26;138.104
3.759402047;274.82;88.26;139.911
3.765756734;270.47;88.26;139.911
3.669987079;268.69;88.26;139.911
3.5619121;278.2;88.26;139.911
3.530625783;280.21;88.26;139.911
3.631585543;311.11;88.26;139.911
3.736365683;368.82;88.26;139.911
3.850029999;494.97;88.26;139.911
3.692748327;539.99;88.26;139.911
3.727138506;569.72;88.26;139.911
3.425650739;565.18;88.26;139.911
3.471181271;568.01;88.26;139.911
3.416764491;526.07;88.26;139.911
3.572332444;515.48;88.26;139.911
3.60093283;514.95;88.26;139.911
3.668625757;528.53;88.26;139.911
3.762045226;545;88.26;139.911
3.703705299;590;88.26;139.911
3.762721978;557;88.26;139.911
3.589596735;520.57;88.26;139.911
3.640342049;487.9;88.26;139.911
3.667735616;396.67;88.26;139.911
3.614401866;351.72;88.26;139.911
3.588239276;328.94;88.26;139.911
3.511051267;300;88.26;133.026
3.411846828;290.74;88.26;133.026
3.300002957;279.46;88.26;133.026
3.267459593;270.19;88.26;133.026
3.281235444;274.14;88.26;133.026
3.338145877;289.63;88.26;133.026
3.397282878;336.73;88.26;133.026
3.586194043;432.74;88.26;133.026
3.763308921;490.03;88.26;133.026
3.978827046;489.66;88.26;133.026
3.949303016;474.55;88.26;133.026
4.099371621;450.72;88.26;133.026
3.963465765;406.56;88.26;133.026
3.929073228;396.53;88.26;133.026
3.853141861;455.05;88.26;133.026
3.894279885;469.93;88.26;133.026
3.934583346;485.03;88.26;133.026
3.747709296;500;88.26;133.026
3.72136475;499.91;88.26;133.026
3.695645478;485.53;88.26;133.026
3.84890642;439.9;88.26;133.026
3.737420495;367.72;88.26;133.026
3.688574738;336.29;88.26;133.026
3.581267785;306.06;88.26;133.026
3.527410261;296.3;88.26;135.863
3.415699126;288.12;88.26;135.863
3.430648694;280.19;88.26;135.863
3.509191753;270.33;88.26;135.863
3.652633842;282.55;88.26;135.863
3.735695404;296.35;88.26;135.863
3.755562397;344.51;88.26;135.863
3.95729299;458.94;88.26;135.863
4.192567661;543.49;88.26;135.863
4.444737508;561.72;88.26;135.863
4.369388009;543.49;88.26;135.863
4.314866947;540.83;84.62;135.863
4.197936752;492.26;83.41;135.863
4.181040757;469.12;83.41;135.863
4.145010772;465.8;83.41;135.863
4.215085004;465.14;83.41;135.863
4.303732151;478.55;83.41;135.863
4.17844111;505;83.41;135.863
4.238521818;490.17;83.41;135.863
4.063642868;467.8;83.41;135.863
4.047706463;401.93;83.41;135.863
3.903080114;335.11;83.41;135.863
3.751732934;308.56;83.41;135.863
3.57891105;285.27;83.41;135.863
3.499993821;283.9;83.41;121.903
3.467502141;271.08;83.41;121.903
3.521900784;259.95;83.41;121.903
3.53251501;246.13;83.41;121.903
3.632063484;238.73;83.41;121.903
3.941379535;237.36;83.41;121.903
4.324196438;237.51;83.41;121.903
4.496190892;248.77;83.41;121.903
4.340357885;291.05;83.41;121.903
4.389045711;299.81;83.41;121.903
4.158941528;302.13;83.41;121.903
4.003024927;281.16;83.41;121.903
3.800211903;270.07;83.41;121.903
3.823070479;254.75;83.41;121.903
3.875738984;266.87;83.41;121.903
3.983712365;283.5;83.41;121.903
4.114775089;305.13;83.41;121.903
3.949735714;335.42;83.41;121.903
3.98486492;324.01;83.41;121.903
3.880577579;291.99;83.41;121.903
4.025526158;264.07;83.41;121.903
3.869856884;245.93;83.41;121.903
3.678510124;216.08;83.41;121.903
3.468905348;199.86;83.41;121.903
3.229126314;176.27;83.41;121.903
3.12689193;168.67;83.41;121.903
3.008028596;170.28;83.41;121.903
2.977689724;172.11;83.41;121.903
3.029747951;172.43;83.41;121.903
3.253150524;169.49;83.41;121.903
3.463635694;168.3;83.41;121.903
3.500451973;177.22;83.41;121.903
3.271453102;209.72;83.41;121.903
3.30123291;209.65;83.41;121.903
3.209611134;218.09;83.41;121.903
3.267470801;216.12;83.41;121.903
3.177188447;185.8;83.41;121.903
3.261075242;224.43;83.41;121.903
3.277978553;229.5;83.41;121.903
3.311948905;239.86;83.41;121.903
3.354179769;233.57;83.41;121.903
3.216206391;229.47;83.41;121.903
3.292146209;220.65;83.41;121.903
3.267067945;208.29;83.41;121.903
3.532680476;130.02;83.41;121.903
3.483142418;163.08;83.41;121.903
3.515398998;145.93;83.41;121.903
3.479484853;115.28;83.41;121.903
3.517312589;120.1;83.41;121.81
3.465311596;105.84;83.41;121.81
3.499083588;92.36;83.41;121.81
3.490237959;76.1;83.41;121.81
3.479804344;77.72;83.41;121.81
3.587292691;109.11;83.41;121.81
3.718929837;175.36;83.41;121.81
3.900573197;240.03;83.41;121.81
3.847117641;249.57;83.41;121.81
3.878398823;248.85;83.41;121.81
3.617098807;248.85;83.41;121.81
3.540955163;247.05;83.41;121.81
3.384767951;248.7;83.41;121.81
3.530541399;245.8;83.41;121.81
3.575765129;249.43;83.41;121.81
3.611440443;248.81;83.41;121.81
3.620638691;249.02;83.41;121.81
3.37489991;248.85;83.41;121.81
3.466749029;248.85;83.41;121.81
3.429719291;227.11;83.41;121.81
3.558657233;187.71;83.41;121.81
3.403568024;174.65;83.41;121.81
3.260007763;166.33;83.41;121.81
3.116277126;120.06;83.41;121.81
3.025640274;108.19;83.41;107.677
2.917224761;92.41;83.41;107.677
2.928148734;92.45;83.41;107.677
2.974355943;76.35;83.41;107.677
3.075272378;81.94;83.41;107.677
3.239169284;99.21;83.41;107.677
3.458961118;149.99;83.41;107.677
3.713579746;199.68;83.41;107.677
3.571766845;223.4;83.41;107.677
3.573793069;225.14;83.41;107.677
3.377366863;220.37;83.41;107.677
3.321886367;227.34;83.41;107.677
3.221581638;219.23;83.41;107.677
3.372385047;216.22;83.41;107.677
3.40044178;228.18;83.41;107.677
3.34661961;225.01;83.41;107.677
3.394510895;227.65;83.41;107.677
3.240022686;228.99;83.41;107.677
3.38578723;234.43;83.41;107.677
3.347034726;230;83.41;107.677
3.50614555;228.24;83.41;107.677
3.428077745;229.49;83.41;107.677
3.249829116;211.16;83.41;107.677
3.05738157;184.65;83.41;107.677
2.930460866;182.11;83.41;105.144
2.843799446;174.76;83.41;105.144
2.838544075;178.93;83.41;105.144
2.792514342;167.93;83.41;105.144
2.873665792;168.96;83.41;105.144
3.015409813;180;83.41;105.144
3.255656369;218.57;83.41;105.144
3.440165561;253.16;83.41;105.144
3.510328968;273;83.41;105.144
3.62047961;269.84;83.41;105.144
3.558958405;251.71;83.41;105.144
3.558434028;248.24;83.41;105.144
3.454205397;238.96;83.41;105.144
3.505463738;232.89;83.41;105.144
3.461436663;241.02;83.41;105.144
3.54574674;228.96;83.41;105.144
3.610759863;224.79;83.41;105.144
3.473265635;246.01;83.41;105.144
3.525726057;234.99;83.41;105.144
3.325202998;225.81;83.41;105.144
3.358882377;211.19;83.41;105.144
3.424629141;187.91;83.41;105.144
3.362834041;170.58;83.41;105.144
3.23060846;140.09;83.41;105.144
3.123897466;158.9;83.41;97.092
3.032995812;145.6;83.41;97.092
3.020497282;140.19;83.41;97.092
2.967509894;132.41;83.41;97.092
2.979163771;128.22;83.41;97.092
3.034385008;155.92;83.41;97.092
3.067223467;183.86;83.41;97.092
3.203825344;224.72;83.41;97.092
3.373528594;224.4;83.41;97.092
3.657608894;223.72;83.41;97.092
3.791307038;225.4;83.41;97.092
3.627706216;224.4;83.41;97.092
3.460870671;224.04;83.41;97.092
3.533246797;216.82;83.41;97.092
3.545374463;213.29;83.41;97.092
3.601020003;210.39;83.41;97.092
3.639114043;213.19;83.41;97.092
3.460248139;214.19;83.41;97.092
3.515307039;224.4;83.41;97.092
3.36712647;221.82;83.41;97.092
3.433583768;201.07;83.41;97.092
3.304462666;183.71;83.41;97.092
3.211456514;170.96;83.41;97.092
3.175982876;161.67;83.41;97.092
3.104070253;148.72;83.41;90.979
3.000531415;148.72;83.41;90.979
2.898325607;146.39;83.41;90.979
2.86504387;137.87;83.41;90.979
2.875883088;141;83.41;90.979
2.95423756;148.55;83.41;90.979
3.036849327;169.45;83.41;90.979
3.174381959;189.19;83.41;90.979
3.285414739;217;83.41;90.979
3.519357877;222.2;83.41;90.979
3.6650286;225.09;83.41;90.979
3.833365968;221.93;83.41;90.979
3.69081444;223.91;83.41;90.979
3.736553637;228.91;83.41;90.979
3.718788032;225.92;83.41;90.979
3.740431122;220.05;83.41;90.979
3.771568134;222.06;83.41;90.979
3.563671533;214.02;83.41;90.979
3.58381707;209.93;83.41;90.979
3.451471235;198.44;83.41;90.979
3.611346621;181.34;83.41;90.979
3.514686697;152;83.41;90.979
3.475312802;148.74;83.41;90.979
3.510587441;119.9;83.41;90.979
3.513128272;81.2;83.41;82.686
3.494951597;50.4;83.41;82.686
3.509986667;50;83.41;82.686
3.509565928;32.52;83.41;82.686
3.578112082;36;83.41;82.686
3.638873996;48.48;83.41;82.686
3.65408154;57.53;83.41;82.686
3.822201051;98.2;83.41;82.686
4.049507596;122.2;83.41;82.686
4.493227488;145.87;83.41;82.686
4.61331503;138.67;83.41;82.686
4.599618281;140.04;83.41;82.686
4.365719171;137.78;83.41;82.686
4.227602974;139.96;83.41;82.686
4.072421785;150.99;83.41;82.686
4.097042096;159.89;83.41;82.686
4.09330611;163.05;83.41;82.686
3.899768911;166.34;83.41;82.686
3.912437255;149.74;83.41;82.686
3.73343285;138.79;83.41;82.686
3.801092942;129.67;83.41;82.686
3.714693586;120;83.41;82.686
3.654709805;116.7;83.41;82.686
3.579228523;110.78;83.41;82.686
3.488619774;120.28;83.41;82.686
3.401358529;112.11;83.41;82.686
3.330696283;106.65;83.41;82.686
3.281510419;90.84;83.41;82.686
3.270031913;85.7;83.41;82.686
3.288598354;85.65;83.41;82.686
3.223461999;85.64;83.41;82.686
3.300730045;92.7;83.41;82.686
3.372009312;110.1;83.41;82.686
3.61123005;113.28;83.41;82.686
3.579566253;119.6;83.41;82.686
3.625902008;121.36;83.41;82.686
3.510961507;101.01;83.41;82.686
3.530357097;95.6;83.41;82.686
3.457337831;92.89;83.41;82.686
3.414147783;110.08;83.41;82.686
3.331820942;112.91;83.41;82.686
3.103374436;130.42;83.41;82.686
3.099749993;120.38;83.41;82.686
2.989229535;110.09;83.41;82.686
3.126159767;118.21;83.41;82.686
3.09297468;106.52;83.41;82.686
3.027490844;102.25;83.41;82.686
2.953914166;100;83.41;82.686
2.866141087;50.3;83.41;82.686
2.765108595;36.98;83.41;82.686
2.704251768;27.02;83.41;82.686
2.723950918;21.3;83.41;82.686
2.747039435;17.9;83.41;82.686
2.759628098;16.33;83.41;82.686
2.689273557;18.11;83.41;82.686
2.788294542;23.29;83.41;82.686
2.884637936;38.68;83.41;82.686
3.130151828;53.57;83.41;82.686
3.18310185;59.3;83.41;82.686
3.324354609;59;83.41;82.686
3.286845826;54.9;83.41;82.686
3.393692169;29.99;83.41;82.686
3.301415768;32.64;83.41;82.686
3.229166157;33.99;83.41;82.686
3.25312318;47.63;83.41;82.686
3.092741339;54.98;83.41;82.686
3.141859704;52.2;83.41;82.686
3.076555628;59.17;83.41;82.686
3.217313818;58.43;83.41;82.686
3.127052229;59.04;83.41;82.686
3.036971762;48.55;83.41;82.686
2.910410195;19.48;83.41;82.686
2.839392877;23.36;83.41;82.686
2.839905188;9.98;83.41;82.686
2.827694639;5.69;83.41;82.686
2.83200845;5;83.41;82.686
2.865525683;11.46;83.41;82.686
2.960734296;19.59;83.41;82.686
3.012771144;30.42;83.41;82.686
3.169630028;80.96;83.41;82.686
3.225222978;95.9;83.41;82.686
3.374976786;100.08;83.41;82.686
3.305222251;95.93;83.41;82.686
3.328305756;108.42;83.41;82.686
3.292730163;110.38;83.41;82.686
3.286402419;124.36;83.41;82.686
3.215883309;139.08;83.41;82.686
3.249289658;143.32;83.41;82.686
3.260292886;147.56;83.41;82.686
3.097962137;158.69;83.41;82.686
3.243364031;164.69;83.41;82.686
3.183800845;156.93;83.41;82.686
3.362102986;147.56;83.41;82.686
3.3055614;128.8;83.41;82.686
3.22262883;107.84;83.41;82.686
3.235022208;85.62;83.41;82.686
3.141307931;40.28;83.41;83.301
3.072510069;33.13;83.41;83.301
2.993524379;10.31;83.41;83.301
2.988562001;0.05;83.41;83.301
3.023675123;0.03;83.41;83.301
3.069098847;0.1;83.41;83.301
3.043593818;16.97;83.41;83.301
3.162388205;31.41;83.41;83.301
3.257120715;43.24;83.41;83.301
3.499776527;63.63;83.41;83.301
3.432824132;68.38;83.41;83.301
3.497645053;59.95;83.41;83.301
3.34380107;52.08;83.41;83.301
3.306147736;47.09;83.41;83.301
3.24602707;71.1;83.41;83.301
3.22663718;71.08;83.41;83.301
3.280865391;85.77;83.41;83.301
3.105631567;89.71;83.41;83.301
3.217207606;87.43;83.41;83.301
3.127322325;71.77;83.41;83.301
3.247106568;55.1;83.41;83.301
3.138809013;46.42;83.41;83.301
3.064398544;35.45;83.41;83.301
3.044036607;21.05;83.41;83.301
3.069150482;-1.01;83.41;77.09
3.086107918;-1.05;83.41;77.09
2.999481223;-1.1;83.41;77.09
2.883881925;-2.18;83.41;77.09
2.8357045;-2.05;83.41;77.09
2.866101882;-0.98;83.41;77.09
2.810020529;-0.05;83.41;77.09
2.87998183;0.09;83.41;77.09
2.97207415;8.98;83.41;77.09
3.186977622;5.97;83.41;77.09
3.227830996;5.28;83.41;77.09
3.22505429;4.01;83.41;77.09
3.047993869;1.99;83.41;77.09
3.079413118;3.4;83.41;77.09
3.063411229;19.95;83.41;77.09
3.034467929;24.54;83.41;77.09
3.074144618;27.2;83.41;77.09
2.805076192;34.54;83.41;77.09
2.822428015;51.41;83.41;77.09
2.725621443;47.94;83.41;77.09
2.833362314;26.62;83.41;77.09
2.761022792;25.01;83.41;77.09
2.686162695;26.31;83.41;77.09
2.600358165;21.07;83.41;77.09
2.598579874;11.17;83.41;81.045
2.620996392;5.09;83.41;81.045
2.678604906;3.09;83.41;81.045
2.677491623;0.65;83.41;81.045
2.657167382;0.57;83.41;81.045
2.645690157;4.88;83.41;81.045
2.60525623;10.93;83.41;81.045
2.743498288;24.13;83.41;81.045
2.84022804;27.69;83.41;81.045
3.057259024;29.08;83.41;81.045
2.94337499;26.09;83.41;81.045
3.095485785;24.72;83.41;81.045
3.084508379;17.74;83.41;81.045
3.152547156;19.87;83.41;81.045
3.05891777;25.64;83.41;81.045
3.082329168;27.97;83.41;81.045
3.094502039;21.01;83.41;81.045
2.916980528;30.78;83.41;81.045
3.034637657;22.4;83.41;81.045
2.8582463;13.79;83.41;81.045
2.889622184;2.63;83.41;81.045
2.707534444;0.69;83.41;81.045
2.612601347;0.4;83.41;81.045
2.490653408;0;83.41;81.045
2.280247588;-0.03;83.41;75.07
2.11284477;-0.07;83.41;75.07
2.055401128;-0.03;83.41;75.07
2.058990743;-0.04;83.41;75.07
2.080627766;-0.03;83.41;75.07
2.107841447;-0.02;83.41;75.07
2.034123047;-0.01;83.41;75.07
2.09348011;-0.05;83.41;75.07
2.108861491;0.63;83.41;75.07
2.291224747;-0.03;83.41;75.07
2.167831618;-0.3;83.41;75.07
2.278092762;-1.66;83.41;75.07
2.266164793;-3.78;83.41;75.07
2.368894874;-3.44;83.41;75.07
2.331998986;-2.07;83.41;75.07
2.366761479;-1.98;83.41;75.07
2.368335297;-0.9;83.41;75.07
2.198216375;0;83.41;75.07
2.26706398;-0.01;83.41;75.07
2.136982545;-1.01;83.41;75.07
2.248981638;-1.39;83.41;75.07
2.184524964;-1.04;83.41;75.07
2.145326052;-1.07;83.41;75.07
2.156299145;-0.68;83.41;75.07
