thermal_demand;electricity_price;co2_price;gas_price
0.660838813;50.05;82.25;70.807
0.656390197;41.33;82.25;70.807
0.649727647;43.22;82.25;70.807
0.640085352;45.46;82.25;70.807
0.631332766;37.67;82.25;70.807
0.630644899;39.7;82.25;70.807
0.63651024;40.59;82.25;70.807
0.64731336;43.26;82.25;70.807
0.650621851;49.66;82.25;70.807
0.664170163;70.05;82.25;70.807
0.684999546;76.79;82.25;70.807
0.709683931;84.1;82.25;70.807
0.706147396;94.74;82.25;70.807
0.719513454;96.8;82.25;70.807
0.693417632;97.17;82.25;70.807
0.687305421;101;82.25;70.807
0.692869834;126.6;82.25;70.807
0.682031791;149.97;82.25;70.807
0.687847603;146.33;82.25;70.807
0.667292992;140.28;82.25;70.807
0.677420084;121.88;82.25;70.807
0.680909746;102.61;82.25;70.807
0.655322532;97.46;82.25;70.807
0.649032964;85.16;82.25;70.807
0.641670183;57.08;82.25;70.807
0.632616579;52.59;82.25;70.807
0.635618243;48.97;82.25;70.807
0.638729868;34.94;82.25;70.807
0.643889539;29.56;82.25;70.807
0.659206971;33.97;82.25;70.807
0.68885673;34.52;82.25;70.807
0.707901449;41.8;82.25;70.807
0.695448353;48.95;82.25;70.807
0.709008099;60.01;82.25;70.807
0.71943612;70.09;82.25;70.807
0.725902447;66.26;82.25;70.807
0.699622576;64.54;82.25;70.807
0.683819891;46.96;82.25;70.807
0.671991503;40.01;82.25;70.807
0.676963057;29.11;82.25;70.807
0.693192523;32.76;82.25;70.807
0.694080528;42.97;82.25;70.807
0.727949442;60.96;82.25;70.807
0.72067362;60.94;82.25;70.807
0.711034088;54.12;82.25;70.807
0.68394628;46.16;82.25;70.807
0.665875824;46.29;82.25;70.807
0.651292251;32.93;82.25;70.807
0.638643752;0.31;82.25;70.807
0.630685652;-0.01;82.25;70.807
0.629143974;-0.07;82.25;70.807
0.632208529;-1.05;82.25;70.807
0.632004838;-1;82.25;70.807
0.653578482;0.32;82.25;70.807
0.699856959;37.55;82.25;70.807
0.72731185;88.76;82.25;70.807
0.711744702;122.93;82.25;70.807
0.708748359;110.17;82.25;70.807
0.710414693;93.38;82.25;70.807
0.709480653;90.73;82.25;70.807
0.6794452;82.37;82.25;70.807
0.683828365;80.9;82.25;70.807
0.68920048;80.99;82.25;70.807
0.703873116;98.05;82.25;70.807
0.699898036;123.51;82.25;70.807
0.706755728;148.49;82.25;70.807
0.72712856;138;82.25;70.807
0.730648592;117.64;82.25;70.807
0.735522245;117.71;82.25;70.807
0.702275102;95.95;82.25;70.807
0.691181355;105.68;82.25;70.807
0.669406622;95.26;82.25;70.807
0.650477902;103.7;82.25;70.807
0.634087225;108.27;82.25;70.807
0.6337457;105.92;82.25;70.807
0.632469124;103.41;82.25;70.807
0.645439458;102.71;82.25;70.807
0.662330494;114.23;82.25;70.807
0.707345507;156.91;82.25;70.807
0.751210676;182.64;82.25;70.807
0.730344067;178.91;82.25;70.807
0.725979396;190;82.25;70.807
0.716446258;189.88;82.25;70.807
0.746217288;182.42;82.25;70.807
0.746269097;182.46;82.25;70.807
0.733513374;179.59;82.25;70.807
0.715702111;179;82.25;70.807
0.701405313;180.93;82.25;70.807
0.702583391;166.69;82.25;70.807
0.716748193;189.88;82.25;70.807
0.75778545;184.94;82.25;70.807
0.73161974;178.99;82.25;70.807
0.749344497;156.12;82.25;70.807
0.730914615;140.92;82.25;70.807
0.705987544;137.92;82.25;70.807
0.683990618;97.56;82.25;70.807
0.662065768;105.31;82.25;91.338
0.649909793;97.29;82.25;91.338
0.639236115;84.5;82.25;91.338
0.643016114;75.38;82.25;91.338
0.64277822;79.11;82.25;91.338
0.653281688;94.79;82.25;91.338
0.687739816;99.16;82.25;91.338
0.719136557;101.15;82.25;91.338
0.72119449;129.56;82.25;91.338
0.731598459;113.37;82.25;91.338
0.769247898;94.43;82.25;91.338
0.77681173;98.1;82.25;91.338
0.752633322;95.68;82.25;91.338
0.760280879;96.8;82.25;91.338
0.757804131;107.32;82.25;91.338
0.748414026;119.48;82.25;91.338
0.752253411;137.28;82.25;91.338
0.756259839;148.09;82.25;91.338
0.787207412;139.88;82.25;91.338
0.758892047;135.75;82.25;91.338
0.737397644;119.93;82.25;91.338
0.73231147;98.09;82.25;91.338
0.751467015;118.71;82.25;91.338
0.716627095;99.68;82.25;91.338
0.702927607;99.85;82.25;92.598
0.68689523;101.32;82.25;92.598
0.690810286;110.01;82.25;92.598
0.699684413;111.55;82.25;92.598
0.712875572;123.37;82.25;92.598
0.72529049;149.94;82.25;92.598
0.73627111;185.92;82.25;92.598
0.750514166;228.25;82.25;92.598
0.786279377;228.92;82.25;92.598
0.824798744;212.9;82.25;92.598
0.852051499;215.5;82.25;92.598
0.892964356;231.9;82.25;92.598
0.86739999;226;82.25;92.598
0.838889066;209.2;82.25;92.598
0.813012978;216.06;82.25;92.598
0.818061606;230.77;82.25;92.598
0.815091192;245.95;82.25;92.598
0.824985361;274.11;82.25;92.598
0.848431669;273.44;82.25;92.598
0.844019532;245.48;82.25;92.598
0.812791752;226.14;82.25;92.598
0.798807881;208.31;82.25;92.598
0.784390563;178.75;82.25;92.598
0.791173728;124.7;82.25;92.598
0.776847493;128.92;82.25;94.548
0.756716272;118.4;82.25;94.548
0.749243211;103.01;82.25;94.548
0.753725064;101.91;82.25;94.548
0.759971794;101.98;82.25;94.548
0.766651582;114.99;82.25;94.548
0.77561088;140.19;82.25;94.548
0.796008071;152.64;82.25;94.548
0.816780448;160.97;82.25;94.548
0.846594336;161.85;82.25;94.548
0.869527361;161.37;82.25;94.548
0.884983693;166.06;82.25;94.548
0.848949733;166.54;82.25;94.548
0.84242897;166.04;82.25;94.548
0.828580706;169.43;82.25;94.548
0.8427125;189.7;82.25;94.548
0.827949601;201.97;82.25;94.548
0.823111132;243.11;82.25;94.548
0.84023577;253.81;82.25;94.548
0.806001606;237.05;82.25;94.548
0.794777869;224.33;82.25;94.548
0.770290013;213.81;82.25;94.548
0.738481219;185.94;82.25;94.548
0.71793229;148.32;82.25;94.548
0.700909306;164.17;82.25;90.886
0.701550371;152.83;82.25;90.886
0.70017957;166;82.25;90.886
0.704163365;160.86;82.25;90.886
0.724615264;160;82.25;90.886
0.765687033;154.3;82.25;90.886
0.836974167;166;82.25;90.886
0.873087296;182.91;82.25;90.886
0.813236802;215.89;82.25;90.886
0.769689665;231;82.25;90.886
0.76536256;228.95;82.25;90.886
0.771148317;215.39;82.25;90.886
0.753834467;206.68;82.25;90.886
0.729844023;185;82.25;90.886
0.723535302;169.52;82.25;90.886
0.738336704;162.8;82.25;90.886
0.755981714;161.34;82.25;90.886
0.780785584;189.9;82.25;90.886
0.821849924;170.71;82.25;90.886
0.829801384;140.23;82.25;90.886
0.820092283;102.54;82.25;90.886
0.791937497;102.18;82.25;90.886
0.760529856;102.29;82.25;90.886
0.725836668;90.05;82.25;90.886
0.695105098;85.03;82.25;90.886
0.688215512;84.4;82.25;90.886
0.673502014;80.24;82.25;90.886
0.67926781;55.46;82.25;90.886
0.682920197;49.29;82.25;90.886
0.715550555;50.64;82.25;90.886
0.788081688;74.29;82.25;90.886
0.830254747;84.44;82.25;90.886
0.767555689;97.26;82.25;90.886
0.746819502;119.97;82.25;90.886
0.74895573;134.96;82.25;90.886
0.751158381;149.4;82.25;90.886
0.731427457;165.13;82.25;90.886
0.722520673;165.06;82.25;90.886
0.717497766;170.09;82.25;90.886
0.743228541;189.04;82.25;90.886
0.77090609;190.96;82.25;90.886
0.786117778;223.3;82.25;90.886
0.823782412;243.94;82.25;90.886
0.805998197;240;82.25;90.886
0.8050869;230.82;82.25;90.886
0.804457592;214.02;82.25;90.886
0.794097074;215.88;82.25;90.886
0.752606716;203.8;82.25;90.886
0.728849989;196.23;82.25;91.43
0.721569247;191.85;82.25;91.43
0.725224637;195.91;82.25;91.43
0.731733323;186.66;82.25;91.43
0.732944299;178.04;82.25;91.43
0.778311952;191.65;82.25;91.43
0.857890093;237.44;82.25;91.43
0.892164015;299.95;82.25;91.43
0.840090778;313.92;82.25;91.43
0.797287038;315;82.25;91.43
0.792911696;310.41;82.25;91.43
0.801104192;310.08;82.25;91.43
0.780512727;300;82.25;91.43
0.770788206;297.01;82.25;91.43
0.782171873;299.96;82.25;91.43
0.772361913;306.45;82.25;91.43
0.775672491;302.73;82.25;91.43
0.793995641;315.47;82.25;91.43
0.821216209;310.82;82.25;91.43
0.798683764;294.98;82.25;91.43
0.784212262;267.45;82.25;91.43
0.787555175;242.29;82.25;91.43
0.765795517;217.03;82.25;91.43
0.73281193;195.83;82.25;91.43
0.713825132;210.34;82.25;88.498
0.700570331;202.42;82.25;88.498
0.693263318;197.6;82.25;88.498
0.699744605;193;82.25;88.498
0.709946915;194.9;82.25;88.498
0.755297271;204.45;82.25;88.498
0.836698659;237.13;82.25;88.498
0.868468256;298.68;82.25;88.498
0.795793359;302.02;82.25;88.498
0.757856069;297.16;82.25;88.498
0.749655148;277.02;82.25;88.498
0.75345154;266.43;82.25;88.498
0.733465884;254.92;82.25;88.498
0.73192222;248.89;82.25;88.498
0.721319388;255.01;82.25;88.498
0.73592451;277.9;82.25;88.498
0.73634955;289.94;82.25;88.498
0.75718643;316.4;82.25;88.498
0.789854785;315.9;82.25;88.498
0.782237412;309.2;82.25;88.498
0.780430744;285.33;82.25;88.498
0.777422609;245.44;82.25;88.498
0.739881409;237.27;82.25;88.498
0.704868064;212.49;82.25;88.498
0.679728181;196.65;82.25;82.675
0.677016472;187.1;82.25;82.675
0.683030033;184.27;82.25;82.675
0.682901932;179.58;82.25;82.675
0.696460719;178.33;82.25;82.675
0.722813572;193.5;82.25;82.675
0.811765677;240.56;82.25;82.675
0.843248471;273.18;82.25;82.675
0.793011725;300.1;82.25;82.675
0.764424236;292.74;82.25;82.675
0.768740356;275.5;82.25;82.675
0.774125463;258.65;82.25;82.675
0.752442644;245.11;82.25;82.675
0.754455093;232.08;82.25;82.675
0.75301158;234.77;82.25;82.675
0.755083881;240.01;82.25;82.675
0.773363239;255;82.25;82.675
0.788233829;284.82;82.25;82.675
0.820033783;285.97;82.25;82.675
0.802480097;269.03;82.25;82.675
0.789183425;235.25;82.25;82.675
0.775111466;191.5;82.25;82.675
0.745982832;193.69;82.25;82.675
0.731553693;172.18;82.25;82.675
0.721409564;173.14;82.25;79.105
0.707632085;161.69;82.25;79.105
0.695640818;153.58;82.25;79.105
0.69887102;147.07;82.25;79.105
0.702642743;152.47;82.25;79.105
0.712426128;171.26;82.25;79.105
0.733644301;192.03;82.25;79.105
0.757443059;215.24;82.25;79.105
0.779394548;235.9;82.25;79.105
0.815073552;219.99;82.25;79.105
0.857766811;180.08;82.25;79.105
0.890090037;170.16;82.25;79.105
0.868152311;152.53;82.25;79.105
0.842030079;134.13;82.25;79.105
0.799959506;171.01;82.25;79.105
0.801010325;201.59;82.25;79.105
0.824699471;205.38;82.25;79.105
0.814270437;220.3;82.25;79.105
0.830382118;212.76;82.25;79.105
0.8086265;210;82.25;79.105
0.783041618;192.69;82.25;79.105
0.754185261;164.46;82.25;79.105
0.744335604;164.2;82.25;79.105
0.729098524;122.09;82.25;79.105
0.709814139;120.04;82.25;79.105
0.698897428;110.03;82.25;79.105
0.692550196;108.24;82.25;79.105
0.693185891;107.46;82.25;79.105
0.700021083;109.82;82.25;79.105
0.705371128;140.52;82.25;79.105
0.715368243;176.04;82.25;79.105
0.736388432;190.97;82.25;79.105
0.767037121;216.99;82.25;79.105
0.82047434;196.91;82.25;79.105
0.868038656;162.92;82.25;79.105
0.845774886;160.04;81.7;79.105
0.80679086;154.01;81.52;79.105
0.827738886;152.29;81.52;79.105
0.810910424;186.94;81.52;79.105
0.820857827;217.18;81.52;79.105
0.824883951;224.91;81.52;79.105
0.833094955;262;81.52;79.105
0.859245609;260.04;81.52;79.105
0.850355754;234.32;81.52;79.105
0.839876689;215.04;81.52;79.105
0.821633205;204.39;81.52;79.105
0.808728159;194.29;81.52;79.105
0.773127838;184.9;81.52;79.105
0.742385918;222.01;81.52;89.824
0.729733021;205.08;81.52;89.824
0.727419138;194.62;81.52;89.824
0.730097536;182.64;81.52;89.824
0.747160404;187.83;81.52;89.824
0.810759278;190.58;81.52;89.824
0.898299481;190.27;81.52;89.824
0.908469913;204.46;81.52;89.824
0.845292769;212.84;81.52;89.824
0.837409558;230;81.52;89.824
0.825113493;222.39;81.52;89.824
0.820714237;214.92;81.52;89.824
0.814611602;208.43;81.52;89.824
0.818373424;200;81.52;89.824
0.798137155;203.09;81.52;89.824
0.790595991;213.98;81.52;89.824
0.815816173;226.32;81.52;89.824
0.839959818;260;81.52;89.824
0.872312277;267.03;81.52;89.824
0.867128654;261.41;81.52;89.824
0.86167023;243.62;81.52;89.824
0.842152609;220.1;81.52;89.824
0.790990899;212.85;81.52;89.824
0.74093381;209.41;81.52;89.824
0.715677732;225.92;81.52;89.824
0.70747444;216;81.52;89.824
0.709478445;189.49;81.52;89.824
0.709159311;181.98;81.52;89.824
0.719303465;174.98;81.52;89.824
0.762700884;165.91;81.52;89.824
0.836877953;118.71;81.52;89.824
0.865408331;119.45;81.52;89.824
0.788141507;125.86;81.52;89.824
0.769827632;129.46;81.52;89.824
0.774914072;125.99;81.52;89.824
0.76944057;131.83;81.52;89.824
0.753369547;123.01;81.52;89.824
0.759825367;122.49;81.52;89.824
0.774140909;102.67;81.52;89.824
0.774994171;121.95;81.52;89.824
0.771597328;115;81.52;89.824
0.781424652;125.42;81.52;89.824
0.819650354;112.4;81.52;89.824
0.814449651;97.49;81.52;89.824
0.813792893;90.14;81.52;89.824
0.809118645;97.09;81.52;89.824
0.778440265;93.85;81.52;89.824
0.747288219;87.2;81.52;89.824
0.725065224;78.08;81.52;90.021
0.721897287;34;81.52;90.021
0.726822681;12.33;81.52;90.021
0.728526547;10.09;81.52;90.021
0.739352948;12.83;81.52;90.021
0.787558496;36.16;81.52;90.021
0.854349216;92.03;81.52;90.021
0.868631336;102.8;81.52;90.021
0.821481667;126;81.52;90.021
0.789116656;100.9;81.52;90.021
0.780103967;112.03;81.52;90.021
0.779655515;111.25;81.52;90.021
0.765220734;100.58;81.52;90.021
0.770991727;111.65;81.52;90.021
0.772592506;127.38;81.52;90.021
0.789342521;168.85;81.52;90.021
0.795373747;199.85;81.52;90.021
0.819846748;249.99;81.52;90.021
0.866706679;254.37;81.52;90.021
0.863075789;237.28;81.52;90.021
0.859530742;220;81.52;90.021
0.843175918;215.94;81.52;90.021
0.800996484;209.16;81.52;90.021
0.763629103;180;81.52;90.021
0.743430974;188.94;81.52;80.637
0.739033053;192.68;81.52;80.637
0.747512256;180.09;81.52;80.637
0.757059435;188.09;81.52;80.637
0.769829306;193.99;81.52;80.637
0.811572725;205.07;81.52;80.637
0.905306397;229.1;81.52;80.637
0.924755271;273.71;81.52;80.637
0.862478968;294.4;81.52;80.637
0.816822355;290.64;81.52;80.637
0.798595843;275.4;81.52;80.637
0.794575575;265.1;81.52;80.637
0.772681864;250;81.52;80.637
0.768198245;244.27;81.52;80.637
0.764911322;243.02;81.52;80.637
0.773871488;249.22;81.52;80.637
0.777259359;260;81.52;80.637
0.789435154;278;81.52;80.637
0.820851634;276.39;81.52;80.637
0.824517999;255.03;81.52;80.637
0.820008509;237.28;81.52;80.637
0.823657902;224.19;81.52;80.637
0.818980046;190.78;81.52;80.637
0.799934802;175.49;81.52;80.637
0.775715763;169.01;81.52;78.242
0.765081726;163.48;81.52;78.242
0.758192228;162.93;81.52;78.242
0.753776392;160.01;81.52;78.242
0.768653394;163.16;81.52;78.242
0.807063098;165.59;81.52;78.242
0.885164223;198.39;81.52;78.242
0.924866809;227.42;81.52;78.242
0.880663206;261.65;81.52;78.242
0.828394054;252.67;81.52;78.242
0.80330351;221.75;81.52;78.242
0.804851429;193.62;81.52;78.242
0.786298257;170.14;81.52;78.242
0.774231875;160.47;81.52;78.242
0.776250353;164.13;81.52;78.242
0.796312361;180.5;81.52;78.242
0.827353218;179.26;81.52;78.242
0.855107893;173.99;81.52;78.242
0.873792045;167.34;81.52;78.242
0.86649868;135.61;81.52;78.242
0.84076157;125.05;81.52;78.242
0.83434026;120.9;81.52;78.242
0.813069537;118.08;81.52;78.242
0.791365836;97.16;81.52;78.242
0.775882418;90.05;81.52;74.748
0.772242422;78.94;81.52;74.748
0.771457384;75.05;81.52;74.748
0.7618208;72.13;81.52;74.748
0.760212828;70.99;81.52;74.748
0.766952568;87.7;81.52;74.748
0.79825894;96.26;81.52;74.748
0.834434448;118.95;81.52;74.748
0.866211288;140.51;81.52;74.748
0.902208294;130.27;81.52;74.748
0.915637798;128.47;81.52;74.748
0.901059647;111.95;81.52;74.748
0.852119161;94.15;81.52;74.748
0.827032611;85.54;81.52;74.748
0.820942356;105.37;81.52;74.748
0.844558478;111.32;81.52;74.748
0.864085527;134.86;81.52;74.748
0.878452187;176.05;81.52;74.748
0.897606759;192.74;81.52;74.748
0.882914454;180;81.52;74.748
0.86753696;152.33;81.52;74.748
0.845219737;137.91;81.52;74.748
0.835279979;131.76;81.52;74.748
0.826866333;121.39;81.52;74.748
0.81749731;119.19;81.52;74.4
0.811399842;117.87;81.52;74.4
0.806250752;110.92;81.52;74.4
0.809180734;113.14;81.52;74.4
0.817267864;119.15;81.52;74.4
0.827868131;120.73;81.52;74.4
0.842400397;148.76;81.52;74.4
0.867126402;207.59;81.52;74.4
0.893747795;223.15;81.52;74.4
0.942931705;215.79;81.52;74.4
0.953883293;206.51;81.52;74.4
0.927206305;206.43;83.4;74.4
0.884066623;190;84.03;74.4
0.847238745;170.08;84.03;74.4
0.832999967;169.29;84.03;74.4
0.848652716;190;84.03;74.4
0.872866842;177.44;84.03;74.4
0.918983148;179.99;84.03;74.4
0.955999121;165.05;84.03;74.4
0.909207664;145.81;84.03;74.4
0.877928455;139.73;84.03;74.4
0.837299797;132.25;84.03;74.4
0.821977262;133.59;84.03;74.4
0.78729866;120.01;84.03;74.4
0.767899625;123.58;84.03;79.12
0.760043078;120.3;84.03;79.12
0.765137705;119.99;84.03;79.12
0.764959732;121.8;84.03;79.12
0.784756675;123.57;84.03;79.12
0.834838025;123.68;84.03;79.12
0.926708657;120;84.03;79.12
0.977032676;148.35;84.03;79.12
0.894465854;186;84.03;79.12
0.838702497;207.46;84.03;79.12
0.815924974;211.25;84.03;79.12
0.815653971;209.69;84.03;79.12
0.801291533;200.83;84.03;79.12
0.810655181;188.54;84.03;79.12
0.801609877;185.88;84.03;79.12
0.804579882;196.5;84.03;79.12
0.820962442;197.25;84.03;79.12
0.854360787;222.31;84.03;79.12
0.893548128;230.82;84.03;79.12
0.890590143;214.32;84.03;79.12
0.896823664;207.14;84.03;79.12
0.89340928;190.33;84.03;79.12
0.840432253;193.52;84.03;79.12
0.789875481;175.07;84.03;79.12
0.760540064;171.69;84.03;79.12
0.74997057;183.01;84.03;79.12
0.746132909;185.22;84.03;79.12
0.740329748;179.73;84.03;79.12
0.750796898;179.04;84.03;79.12
0.783774857;179.49;84.03;79.12
0.851593759;168.23;84.03;79.12
0.883808676;172.45;84.03;79.12
0.833303987;184.93;84.03;79.12
0.786097022;195.31;84.03;79.12
0.764012745;195.34;84.03;79.12
0.76288536;195.87;84.03;79.12
0.744238865;195.41;84.03;79.12
0.745799379;186.29;84.03;79.12
0.743628256;184.49;84.03;79.12
0.752718511;190;84.03;79.12
0.766150096;194;84.03;79.12
0.778474894;214.95;84.03;79.12
0.817112484;239.49;84.03;79.12
0.82647948;242.97;84.03;79.12
0.838726958;224.96;84.03;79.12
0.829638893;204.84;84.03;79.12
0.779075652;201;84.03;79.12
0.74285198;179.97;84.03;79.12
0.703359085;183.33;84.03;79.422
0.68938897;179.61;84.03;79.422
0.683161114;178.3;84.03;79.422
0.690162682;177.46;84.03;79.422
0.704955978;177.61;84.03;79.422
0.757719075;187.48;84.03;79.422
0.832586728;225.19;84.03;79.422
0.837768401;265;84.03;79.422
0.787114284;300.02;84.03;79.422
0.72942062;299.39;84.03;79.422
0.695875862;275.88;84.03;79.422
0.704372731;270;84.03;79.422
0.683289829;245.84;84.03;79.422
0.675044636;240.08;84.03;79.422
0.676038925;244;84.03;79.422
0.688883721;256.49;84.03;79.422
0.712767155;273.57;84.03;79.422
0.736854965;307.38;84.03;79.422
0.774980125;341.85;84.03;79.422
0.747490596;315.31;84.03;79.422
0.7533682;274.98;84.03;79.422
0.723889994;250;84.03;79.422
0.687697503;226.81;84.03;79.422
0.65021121;206.92;84.03;79.422
0.618000334;215.98;84.03;91.752
0.613835547;212.9;84.03;91.752
0.616605395;203.75;84.03;91.752
0.617779627;196.24;84.03;91.752
0.627773509;198.99;84.03;91.752
0.66536168;219.03;84.03;91.752
0.748174541;279.96;84.03;91.752
0.79606437;356.24;84.03;91.752
0.733792512;399.85;84.03;91.752
0.681209453;399.01;84.03;91.752
0.665468796;360;84.03;91.752
0.669006479;347.4;84.03;91.752
0.641507062;328.92;84.03;91.752
0.638641846;305;84.03;91.752
0.64473889;310;84.03;91.752
0.66189532;313;84.03;91.752
0.686204678;318.67;84.03;91.752
0.711347479;366.43;84.03;91.752
0.759678918;399.06;84.03;91.752
0.749463816;373.75;84.03;91.752
0.724273247;309.68;84.03;91.752
0.718432131;265;84.03;91.752
0.688583617;240.89;84.03;91.752
0.655104505;215.17;84.03;91.752
0.64128823;209.57;84.03;93.457
0.633147386;212.36;84.03;93.457
0.634885836;215.41;84.03;93.457
0.642536873;209.89;84.03;93.457
0.662719808;209.14;84.03;93.457
0.72064261;215.09;84.03;93.457
0.814169211;240.16;84.03;93.457
0.857018068;294.88;84.03;93.457
0.788171378;312.32;84.03;93.457
0.751010027;312.69;84.03;93.457
0.717568171;300.02;84.03;93.457
0.710184428;282.65;84.03;93.457
0.688905754;259.68;84.03;93.457
0.695728422;241.54;84.03;93.457
0.694507527;238.24;84.03;93.457
0.715475235;236.76;84.03;93.457
0.727109358;240.11;84.03;93.457
0.75357953;268.08;84.03;93.457
0.794094323;262.46;84.03;93.457
0.745998738;224.45;84.03;93.457
0.719821203;217.43;84.03;93.457
0.712429926;171.34;84.03;93.457
0.70144508;142.94;84.03;93.457
0.690419334;122.34;84.03;93.457
0.672009476;131.59;84.03;91.861
0.66154244;115.02;84.03;91.861
0.661528671;108.65;84.03;91.861
0.656934262;100.94;84.03;91.861
0.673748998;103.06;84.03;91.861
0.689823072;110.03;84.03;91.861
0.712009952;104.03;84.03;91.861
0.74721306;138.79;84.03;91.861
0.771384499;138.23;84.03;91.861
0.812134034;128.79;84.03;91.861
0.841094108;128.74;84.03;91.861
0.850259719;127.8;84.03;91.861
0.81209278;126.24;84.03;91.861
0.788971077;135.78;84.03;91.861
0.7862804;139.66;84.03;91.861
0.795980935;138.69;84.03;91.861
0.809743967;137.58;84.03;91.861
0.811489357;141.17;84.03;91.861
0.829075506;125.96;84.03;91.861
0.807081838;114.73;84.03;91.861
0.779668438;104.04;84.03;91.861
0.795140661;110.1;84.03;91.861
0.790682683;101.19;84.03;91.861
0.763420335;86.31;84.03;91.861
0.731708592;82.03;84.03;92.469
0.707427171;84.03;84.03;92.469
0.687666425;81.59;84.03;92.469
0.678160793;77.26;84.03;92.469
0.684467422;100.7;84.03;92.469
0.690009531;100.69;84.03;92.469
0.702509181;121.69;84.03;92.469
0.743261523;175.29;84.03;92.469
0.767868666;186.17;84.03;92.469
0.800512717;198.05;84.03;92.469
0.840082963;190.92;84.03;92.469
0.839651835;220.07;87.94;92.469
0.809913032;214.74;89.25;92.469
0.778949171;231.6;89.25;92.469
0.763948776;233.67;89.25;92.469
0.751159183;237.08;89.25;92.469
0.771654441;237.92;89.25;92.469
0.795059715;260;89.25;92.469
0.805279387;255.6;89.25;92.469
0.78610075;222.37;89.25;92.469
0.783107337;222.74;89.25;92.469
0.769787592;177.8;89.25;92.469
0.756943655;148.98;89.25;92.469
0.717637022;123.36;89.25;92.469
0.691743109;130.25;89.25;92.726
0.682737295;115.01;89.25;92.726
0.679623179;105.64;89.25;92.726
0.681130273;77.57;89.25;92.726
0.688075772;43.95;89.25;92.726
0.733525026;79.07;89.25;92.726
0.819156184;32.94;89.25;92.726
0.862624027;85.64;89.25;92.726
0.800226552;85.18;89.25;92.726
0.752843905;101.13;89.25;92.726
0.754069905;88.51;89.25;92.726
0.754344716;118.32;89.25;92.726
0.745557219;101.02;89.25;92.726
0.740723463;85.64;89.25;92.726
0.735765108;105.59;89.25;92.726
0.738520269;100.01;89.25;92.726
0.755488597;108.14;89.25;92.726
0.786559012;118.75;89.25;92.726
0.82608213;123.02;89.25;92.726
0.814450726;101.19;89.25;92.726
0.793419577;84.47;89.25;92.726
0.788354346;51.62;89.25;92.726
0.78144713;88.81;89.25;92.726
0.723170489;79.63;89.25;92.726
0.707657277;2.3;89.25;92.726
0.70410386;4.49;89.25;92.726
0.70568582;10.08;89.25;92.726
0.701810405;10.01;89.25;92.726
0.712873518;10.15;89.25;92.726
0.758568125;11.37;89.25;92.726
0.833699558;3.73;89.25;92.726
0.860323174;9.95;89.25;92.726
0.798295974;11.09;89.25;92.726
0.751792013;11.98;89.25;92.726
0.749418962;11.09;89.25;92.726
0.758970701;11.78;89.25;92.726
0.755709451;10;89.25;92.726
0.749123545;10;89.25;92.726
0.753033967;11.69;89.25;92.726
0.755901365;14.04;89.25;92.726
0.773037798;60.06;89.25;92.726
0.797165233;171.74;89.25;92.726
0.818206863;158.07;89.25;92.726
0.802629473;163.37;89.25;92.726
0.805654531;157.94;89.25;92.726
0.829980623;158.13;89.25;92.726
0.793990933;159.94;89.25;92.726
0.749949771;144.21;89.25;92.726
0.722031363;122.16;89.25;92.831
0.713901513;110.17;89.25;92.831
0.713599375;105.3;89.25;92.831
0.71905105;100;89.25;92.831
0.728744841;100.13;89.25;92.831
0.773922559;135.4;89.25;92.831
0.850735787;185.14;89.25;92.831
0.856419429;240;89.25;92.831
0.790017864;248.92;89.25;92.831
0.738997226;251.92;89.25;92.831
0.735518884;248.08;89.25;92.831
0.733504358;243.42;89.25;92.831
0.715566587;238.11;89.25;92.831
0.709476525;221.52;89.25;92.831
0.724201074;206.28;89.25;92.831
0.747956568;191.75;89.25;92.831
0.753002803;193.54;89.25;92.831
0.773568874;240.67;89.25;92.831
0.825235785;253.93;89.25;92.831
0.801518728;240.4;89.25;92.831
0.789395667;231.59;89.25;92.831
0.784057259;212.96;89.25;92.831
0.763353898;201.96;89.25;92.831
0.735467894;161.51;89.25;92.831
0.701042433;160.15;89.25;86.425
0.675139087;154.54;89.25;86.425
0.67104376;156.24;89.25;86.425
0.670634411;155.17;89.25;86.425
0.679829893;165.13;89.25;86.425
0.719840155;163.01;89.25;86.425
0.811503613;206.15;89.25;86.425
0.866467638;239.17;89.25;86.425
0.794158913;243.72;89.25;86.425
0.747265661;213;89.25;86.425
0.720404977;209.94;89.25;86.425
0.718063067;172.81;89.25;86.425
0.721539741;143.7;89.25;86.425
0.727374182;137.69;89.25;86.425
0.730683417;130.9;89.25;86.425
0.727321287;126.42;89.25;86.425
0.741260749;124.2;89.25;86.425
0.774924625;127.37;89.25;86.425
0.802546663;129.95;89.25;86.425
0.797639577;121.63;89.25;86.425
0.767756489;101.03;89.25;86.425
0.776698799;84.66;89.25;86.425
0.746466669;84.61;89.25;86.425
0.716516718;54.74;89.25;86.425
0.701665991;35.54;89.25;76.484
0.703131569;11.84;89.25;76.484
0.703291591;10.05;89.25;76.484
0.709468869;10.36;89.25;76.484
0.732205723;20.03;89.25;76.484
0.768487331;67.31;89.25;76.484
0.83494078;105.03;89.25;76.484
0.866110889;136.92;89.25;76.484
0.825221271;150.15;89.25;76.484
0.789118282;136.14;89.25;76.484
0.783807993;134.6;89.25;76.484
0.795513248;135.71;89.25;76.484
0.772038873;133.1;89.25;76.484
0.757521518;138.92;89.25;76.484
0.747625149;155.13;89.25;76.484
0.762180285;193.09;89.25;76.484
0.781244625;201.53;89.25;76.484
0.803234449;238.01;89.25;76.484
0.837365066;266.9;89.25;76.484
0.836800776;265;89.25;76.484
0.790559152;237;89.25;76.484
0.77570357;203.47;89.25;76.484
0.764119087;195.21;89.25;76.484
0.763297837;184.26;89.25;76.484
0.752319852;156.98;89.25;77.928
0.740430519;159.06;89.25;77.928
0.741025924;159.33;89.25;77.928
0.748246702;157.56;89.25;77.928
0.753145489;158.81;89.25;77.928
0.756247565;162.92;89.25;77.928
0.760849384;192.17;89.25;77.928
0.799966807;209.91;89.25;77.928
0.827446241;226.97;89.25;77.928
0.862771819;223.33;89.25;77.928
0.86957489;213.26;89.25;77.928
0.886560728;209;89.25;77.928
0.872653599;194.85;89.25;77.928
0.8557916;191.46;89.25;77.928
0.840251541;196.97;89.25;77.928
0.82769614;209.67;89.25;77.928
0.837151712;207.61;89.25;77.928
0.846703728;224.15;89.25;77.928
0.866064577;237.78;89.25;77.928
0.834437946;224.96;89.25;77.928
0.809932234;209.53;89.25;77.928
0.79686217;186.82;89.25;77.928
0.779420755;187.24;89.25;77.928
0.772903973;145.05;89.25;77.928
0.770688911;138.71;89.25;78.694
0.761554933;128;89.25;78.694
0.7517963;126.17;89.25;78.694
0.760052138;127.69;89.25;78.694
0.769562913;124.27;89.25;78.694
0.785686629;120.37;89.25;78.694
0.796522425;151.45;89.25;78.694
0.822052739;192.43;89.25;78.694
0.859567717;219.12;89.25;78.694
0.897547683;169.66;89.25;78.694
0.90728839;133.05;89.25;78.694
0.913894685;133;93.3;78.694
0.87733281;131.04;94.65;78.694
0.821233931;120.57;94.65;78.694
0.819915325;117.45;94.65;78.694
0.819601746;117.81;94.65;78.694
0.829928015;119.04;94.65;78.694
0.876318952;128.44;94.65;78.694
0.911085342;151.28;94.65;78.694
0.925651876;119.27;94.65;78.694
0.905429887;106.86;94.65;78.694
0.869399978;108.21;94.65;78.694
0.833184809;105.57;94.65;78.694
0.806789087;87.38;94.65;78.694
0.797281626;98.96;94.65;82.064
0.793798562;88.81;94.65;82.064
0.783458727;65.56;94.65;82.064
0.783693026;49.98;94.65;82.064
0.788920253;57.59;94.65;82.064
0.841774691;63.11;94.65;82.064
0.919410765;84.95;94.65;82.064
0.940444912;114.57;94.65;82.064
0.874560282;115.88;94.65;82.064
0.843432173;135.14;94.65;82.064
0.836893113;102.51;94.65;82.064
0.834828231;114.34;94.65;82.064
0.824036464;88.77;94.65;82.064
0.822468599;74.32;94.65;82.064
0.813597174;69.03;94.65;82.064
0.815522285;87.82;94.65;82.064
0.833633735;120.12;94.65;82.064
0.866831918;150.6;94.65;82.064
0.919631117;146.6;94.65;82.064
0.91677575;115.86;94.65;82.064
0.901429823;106.12;94.65;82.064
0.897108608;39.87;94.65;82.064
0.913908219;31.98;94.65;82.064
0.860525508;10.98;94.65;82.064
0.828470998;10.36;94.65;82.064
0.830319313;9.23;94.65;82.064
0.831590023;5.8;94.65;82.064
0.838563205;0.17;94.65;82.064
0.846621443;1.38;94.65;82.064
0.886089421;7.45;94.65;82.064
0.969934283;0.12;94.65;82.064
0.980367069;4.2;94.65;82.064
0.89277187;10.84;94.65;82.064
0.773221865;12.36;94.65;82.064
0.866588145;13.75;94.65;82.064
0.836691062;20.68;94.65;82.064
0.817964388;85.2;94.65;82.064
0.812922905;90.23;94.65;82.064
0.812765346;70.05;94.65;82.064
0.829887476;70.02;94.65;82.064
0.831353975;94.93;94.65;82.064
0.850027823;116.52;94.65;82.064
0.913858246;125;94.65;82.064
0.93637534;118.7;94.65;82.064
0.940064911;102.05;94.65;82.064
0.933477973;90.35;94.65;82.064
0.879859493;112.47;94.65;82.064
0.836653768;94.96;94.65;82.064
0.818951;20.04;94.65;82.235
0.81710292;15.91;94.65;82.235
0.814386252;14.27;94.65;82.235
0.818806346;10.08;94.65;82.235
0.834233907;13.8;94.65;82.235
0.885787097;21;94.65;82.235
0.974556832;60.9;94.65;82.235
0.999809805;128.07;94.65;82.235
0.948764915;130.17;94.65;82.235
0.911566671;127.26;94.65;82.235
0.890519927;95;94.65;82.235
0.857377349;94.96;94.65;82.235
0.835163295;70.43;94.65;82.235
0.828530844;30.83;94.65;82.235
0.827724526;22.05;94.65;82.235
0.829607592;80.04;94.65;82.235
0.854816918;108.08;94.65;82.235
0.8642858;148.74;94.65;82.235
0.917595882;169.94;94.65;82.235
0.91043791;160.1;94.65;82.235
0.896146712;155.01;94.65;82.235
0.874436558;129.64;94.65;82.235
0.866641722;123.16;94.65;82.235
0.827967974;102.74;94.65;82.235
0.813854457;121.96;94.65;78.596
0.814603936;112.08;94.65;78.596
0.797835381;107.86;94.65;78.596
0.803179058;104.97;94.65;78.596
0.828928303;104.12;94.65;78.596
0.868036921;109.32;94.65;78.596
0.953866253;134.05;94.65;78.596
0.985185245;128.54;94.65;78.596
0.889614807;146.16;94.65;78.596
0.846097954;131.13;94.65;78.596
0.82205113;120.06;94.65;78.596
0.823208897;125.35;94.65;78.596
0.798019356;122.14;94.65;78.596
0.780391114;119.41;94.65;78.596
0.775583927;123.95;94.65;78.596
0.778691033;149;94.65;78.596
0.794038363;161.94;94.65;78.596
0.833865042;196.98;94.65;78.596
0.867218676;209.56;94.65;78.596
0.853662649;199.95;94.65;78.596
0.847010303;182.94;94.65;78.596
0.836553994;139.82;94.65;78.596
0.81093778;132.71;94.65;78.596
0.767807083;123.39;94.65;78.596
0.745490014;115.08;94.65;79.451
0.732750277;114.87;94.65;79.451
0.73348124;118.79;94.65;79.451
0.738285745;109.58;94.65;79.451
0.752235785;116.95;94.65;79.451
0.814596008;119.34;94.65;79.451
0.912363827;139.38;94.65;79.451
0.944108633;177.16;94.65;79.451
0.882673913;180.64;94.65;79.451
0.838591802;179.5;94.65;79.451
0.796972244;127.06;94.65;79.451
0.775484957;122.01;94.65;79.451
0.754094582;123.35;94.65;79.451
0.737181924;136.91;94.65;79.451
0.725290329;149.42;94.65;79.451
0.73249508;179.92;94.65;79.451
0.769820155;189.95;94.65;79.451
0.833588909;219;94.65;79.451
0.866907691;249.12;94.65;79.451
0.830375091;257.28;94.65;79.451
0.813236051;231.79;94.65;79.451
0.814148624;215.81;94.65;79.451
0.835433456;211.79;94.65;79.451
0.832519816;196.7;94.65;79.451
0.817342694;200.46;94.65;75.915
0.802232911;192.61;94.65;75.915
0.81375196;185.1;94.65;75.915
0.811648477;172.23;94.65;75.915
0.823832207;172.91;94.65;75.915
0.83363404;174.88;94.65;75.915
0.849498761;203.67;94.65;75.915
0.89151594;233.46;94.65;75.915
0.903181049;240.32;94.65;75.915
0.925012777;225.56;94.65;75.915
0.914356106;199.99;94.65;75.915
0.904143911;193.67;94.65;75.915
0.868479305;169.97;94.65;75.915
0.833895478;167.9;94.65;75.915
0.827386713;176.35;94.65;75.915
0.846684998;184.55;94.65;75.915
0.85474571;195.98;94.65;75.915
0.886058412;215.77;94.65;75.915
0.879566284;229.58;94.65;75.915
0.844239886;212.49;94.65;75.915
0.822088698;187.28;94.65;75.915
0.803136228;179.37;94.65;75.915
0.791655912;176.91;94.65;75.915
0.783452365;136.66;94.65;75.915
0.781769682;180.01;94.65;74.39
0.76943068;176.73;94.65;74.39
0.767159799;168.87;94.65;74.39
0.760455674;164.09;94.65;74.39
0.766599474;165;94.65;74.39
0.764582968;171.3;94.65;74.39
0.783219719;196.95;94.65;74.39
0.808577918;221.46;94.65;74.39
0.833918098;221.78;94.65;74.39
0.868969546;179.53;94.65;74.39
0.89452851;151.36;94.65;74.39
0.918101497;135.02;91.15;74.39
0.878726071;128.35;89.98;74.39
0.854963465;133.68;89.98;74.39
0.845511963;140.61;89.98;74.39
0.849561401;168.15;89.98;74.39
0.859514984;191.92;89.98;74.39
0.873733524;220.57;89.98;74.39
0.902479057;243.35;89.98;74.39
0.876886321;241.18;89.98;74.39
0.844884087;221.31;89.98;74.39
0.820991793;213.13;89.98;74.39
0.806553777;205.48;89.98;74.39
0.776271318;190.1;89.98;74.39
0.749715584;195.91;89.98;75.533
0.736424698;187.2;89.98;75.533
0.723632271;184.89;89.98;75.533
0.717267397;170.24;89.98;75.533
0.722724638;166;89.98;75.533
0.771856556;162.45;89.98;75.533
0.862377395;160.64;89.98;75.533
0.897515908;162.56;89.98;75.533
0.814957842;157.24;89.98;75.533
0.771184393;121.8;89.98;75.533
0.758556967;115.76;89.98;75.533
0.748703582;121.27;89.98;75.533
0.729756264;97.47;89.98;75.533
0.752004438;87.12;89.98;75.533
0.737479997;89.83;89.98;75.533
0.731497414;116.85;89.98;75.533
0.735586576;171.56;89.98;75.533
0.776631956;194.89;89.98;75.533
0.800666959;191.8;89.98;75.533
0.795847308;140.88;89.98;75.533
0.783398888;121.12;89.98;75.533
0.774042855;104.74;89.98;75.533
0.760553191;109.29;89.98;75.533
0.729560763;101.7;89.98;75.533
0.705730022;88.07;89.98;75.533
0.70035895;98.65;89.98;75.533
0.689651461;99.78;89.98;75.533
0.691495817;99.14;89.98;75.533
0.701992471;104.22;89.98;75.533
0.749987496;99.91;89.98;75.533
0.831622413;93.99;89.98;75.533
0.836003023;88.55;89.98;75.533
0.77595855;88.06;89.98;75.533
0.739176043;60;89.98;75.533
0.731927854;73.03;89.98;75.533
0.734922737;67.23;89.98;75.533
0.712079621;30.08;89.98;75.533
0.702186395;43.25;89.98;75.533
0.703679082;50.12;89.98;75.533
0.728983328;81.78;89.98;75.533
0.746790119;92.47;89.98;75.533
0.794411404;115.71;89.98;75.533
0.828522261;119.11;89.98;75.533
0.810318927;92.33;89.98;75.533
0.786994889;87.18;89.98;75.533
0.805431568;81.39;89.98;75.533
0.777029767;88.59;89.98;75.533
0.75683165;63.23;89.98;75.533
0.738271287;46.55;89.98;75.554
0.72740488;13.33;89.98;75.554
0.733606746;12.94;89.98;75.554
0.72839178;13.78;89.98;75.554
0.73980144;35.25;89.98;75.554
0.779373083;87.91;89.98;75.554
0.852795059;104.25;89.98;75.554
0.873619501;117.19;89.98;75.554
0.785432255;117.11;89.98;75.554
0.745146079;98.58;89.98;75.554
0.732628565;94.91;89.98;75.554
0.716936987;95.89;89.98;75.554
0.692941677;98.52;89.98;75.554
0.699363472;104.18;89.98;75.554
0.702427224;107.01;89.98;75.554
0.709884279;114.51;89.98;75.554
0.738312689;144.52;89.98;75.554
0.796880975;184.58;89.98;75.554
0.857178236;197.13;89.98;75.554
0.853986139;167.3;89.98;75.554
0.870172526;148.44;89.98;75.554
0.855264809;115.49;89.98;75.554
0.814370094;123.05;89.98;75.554
0.772267736;110.94;89.98;75.554
0.761426243;112.68;89.98;81.19
0.755935998;114.82;89.98;81.19
0.76061551;112.3;89.98;81.19
0.763677224;118.28;89.98;81.19
0.781035836;126.86;89.98;81.19
0.830998084;152.72;89.98;81.19
0.916522411;204.2;89.98;81.19
0.94065566;234.06;89.98;81.19
0.855834876;250.06;89.98;81.19
0.790089474;240;89.98;81.19
0.755859148;220.43;89.98;81.19
0.754469096;199.03;89.98;81.19
0.728315639;182.56;89.98;81.19
0.720858524;150.85;89.98;81.19
0.731382879;149.28;89.98;81.19
0.760521131;157.27;89.98;81.19
0.791678398;145.26;89.98;81.19
0.817922042;173.23;89.98;81.19
0.872429133;174.29;89.98;81.19
0.859734574;115.28;89.98;81.19
0.83998308;105.31;89.98;81.19
0.810508862;91.51;89.98;81.19
0.799969812;101.91;89.98;81.19
0.768416007;87.91;89.98;81.19
0.736922164;94.68;89.98;72.742
0.718524376;93.97;89.98;72.742
0.711027838;99.45;89.98;72.742
0.713153632;106.67;89.98;72.742
0.726356585;103.6;89.98;72.742
0.762421649;110.4;89.98;72.742
0.837772943;134.02;89.98;72.742
0.875954512;184.7;89.98;72.742
0.827744497;194.83;89.98;72.742
0.79790032;174.52;89.98;72.742
0.783956167;137.84;89.98;72.742
0.768828292;136.04;89.98;72.742
0.746245999;118.22;89.98;72.742
0.747181457;111.4;89.98;72.742
0.744629449;105.65;89.98;72.742
0.749630167;97.57;89.98;72.742
0.776788512;99.11;89.98;72.742
0.819486774;110.76;89.98;72.742
0.844011461;118.61;89.98;72.742
0.810338101;117.99;89.98;72.742
0.781091239;102.9;89.98;72.742
0.756609938;95.01;89.98;72.742
0.755439043;95.01;89.98;72.742
0.736766458;74.12;89.98;72.742
0.738291311;17.92;89.98;69.371
0.722509118;15.04;89.98;69.371
0.713344497;15.02;89.98;69.371
0.716583237;13.97;89.98;69.371
0.724139788;15.04;89.98;69.371
0.727366728;33.02;89.98;69.371
0.739686992;90.93;89.98;69.371
0.784862126;123.22;89.98;69.371
0.841789616;107.23;89.98;69.371
0.861326997;102.55;89.98;69.371
0.864072255;95.06;89.98;69.371
0.859702002;77.47;89.98;69.371
0.813568263;65.06;89.98;69.371
0.787322563;35.98;89.98;69.371
0.77612188;42.68;89.98;69.371
0.747342752;67.3;89.98;69.371
0.778128233;86.08;89.98;69.371
0.831263217;108.83;89.98;69.371
0.855361065;110.63;89.98;69.371
0.828261372;101.54;89.98;69.371
0.79826225;86.9;89.98;69.371
0.775057974;86.48;89.98;69.371
0.760250553;86.3;89.98;69.371
0.741599772;63.04;89.98;69.371
0.724058717;71.45;89.98;73.103
0.72435972;62.57;89.98;73.103
0.729908679;74.76;89.98;73.103
0.728026816;84.92;89.98;73.103
0.727827021;95.19;89.98;73.103
0.730462784;119.09;89.98;73.103
0.745011231;140.99;89.98;73.103
0.782383923;185.05;89.98;73.103
0.824495933;189.28;89.98;73.103
0.841568311;173.24;89.98;73.103
0.868177432;150;89.98;73.103
0.868369657;130.99;88.23;73.103
0.812744149;123.17;87.65;73.103
0.804937652;106.81;87.65;73.103
0.799381368;99.89;87.65;73.103
0.798515836;99.26;87.65;73.103
0.804936311;97.42;87.65;73.103
0.835719897;113.84;87.65;73.103
0.879013066;130.9;87.65;73.103
0.847047723;140.49;87.65;73.103
0.815133413;115.87;87.65;73.103
0.769336689;109.75;87.65;73.103
0.767857621;115.66;87.65;73.103
0.741070883;92.46;87.65;73.103
0.712303633;73.73;87.65;72.302
0.700779504;54.32;87.65;72.302
0.697715933;16.63;87.65;72.302
0.700152276;14.38;87.65;72.302
0.71889169;10.96;87.65;72.302
0.766216105;9.06;87.65;72.302
0.858872421;0.1;87.65;72.302
0.892418394;3.62;87.65;72.302
0.826590193;9.42;87.65;72.302
0.789670359;1.94;87.65;72.302
0.78869564;0;87.65;72.302
0.795312874;-0.08;87.65;72.302
0.790323183;-0.35;87.65;72.302
0.789249389;-0.52;87.65;72.302
0.782546007;-0.08;87.65;72.302
0.784108545;0.08;87.65;72.302
0.798331699;15.69;87.65;72.302
0.830931978;99.95;87.65;72.302
0.870524385;121.97;87.65;72.302
0.856100025;112.63;87.65;72.302
0.863796753;102.52;87.65;72.302
0.862657364;101.89;87.65;72.302
0.829461055;101.99;87.65;72.302
0.786675479;100.93;87.65;72.302
0.770099265;104.38;87.65;72.302
0.758523473;99.9;87.65;72.302
0.752228613;98.71;87.65;72.302
0.760804817;92.01;87.65;72.302
0.77224112;88.53;87.65;72.302
0.813442451;87.17;87.65;72.302
0.882207365;80;87.65;72.302
0.896847263;80.08;87.65;72.302
0.8252696;88.28;87.65;72.302
0.806006369;95.06;87.65;72.302
0.780885746;98.22;87.65;72.302
0.763507042;95.09;87.65;72.302
0.749782876;88.15;87.65;72.302
0.745646933;51.8;87.65;72.302
0.761421295;43.11;87.65;72.302
0.770501725;21.24;87.65;72.302
0.78409228;21.56;87.65;72.302
0.839732861;63.16;87.65;72.302
0.911142766;76.93;87.65;72.302
0.913752669;51.28;87.65;72.302
0.892417788;20.02;87.65;72.302
0.907121024;15.39;87.65;72.302
0.859891756;40.06;87.65;72.302
0.813792953;14.62;87.65;72.302
0.781077391;10.73;87.65;72.542
0.7705619;7.48;87.65;72.542
0.776032414;5.71;87.65;72.542
0.775871618;1.43;87.65;72.542
0.790545262;7.6;87.65;72.542
0.837356528;14.37;87.65;72.542
0.932390688;19.75;87.65;72.542
0.941810272;106.69;87.65;72.542
0.859049877;110.06;87.65;72.542
0.811690128;88.28;87.65;72.542
0.810663668;65.51;87.65;72.542
0.793778272;78.22;87.65;72.542
0.758478577;92.02;87.65;72.542
0.730024079;99.9;87.65;72.542
0.718129828;104.92;87.65;72.542
0.748168904;108.77;87.65;72.542
0.777333949;103.46;87.65;72.542
0.804507725;117.78;87.65;72.542
0.873017797;135.59;87.65;72.542
0.879813379;123.63;87.65;72.542
0.901119591;110.71;87.65;72.542
0.876082432;102;87.65;72.542
0.861540945;102.83;87.65;72.542
0.830664211;92.55;87.65;72.542
0.816360006;89.99;87.65;73.225
0.802251951;82.14;87.65;73.225
0.791309839;80.34;87.65;73.225
0.783311067;79.9;87.65;73.225
0.799089719;88.16;87.65;73.225
0.843862145;95.36;87.65;73.225
0.944060892;117.86;87.65;73.225
0.947651003;185.78;87.65;73.225
0.878807411;211.59;87.65;73.225
0.810414767;180.27;87.65;73.225
0.791501243;144.08;87.65;73.225
0.783673161;135.04;87.65;73.225
0.765311322;121.25;87.65;73.225
0.760353778;117.66;87.65;73.225
0.754498493;118.87;87.65;73.225
0.772786049;125.29;87.65;73.225
0.823582828;136.7;87.65;73.225
0.862226587;155.21;87.65;73.225
0.909783585;162.62;87.65;73.225
0.880365629;135.49;87.65;73.225
0.866533583;108.62;87.65;73.225
0.825244251;100.54;87.65;73.225
0.789969041;99.99;87.65;73.225
0.765219848;85.08;87.65;73.225
0.747076159;81.79;87.65;79.432
0.742806246;78.96;87.65;79.432
0.74292861;82.28;87.65;79.432
0.74641355;88.34;87.65;79.432
0.757807926;97.32;87.65;79.432
0.798292944;101.7;87.65;79.432
0.893380313;118.36;87.65;79.432
0.947829627;147.54;87.65;79.432
0.875144567;155.03;87.65;79.432
0.802849855;126.44;87.65;79.432
0.786429822;109.43;87.65;79.432
0.786984235;103.51;87.65;79.432
0.774059158;89.9;87.65;79.432
0.791968614;89.9;87.65;79.432
0.812626711;100.9;87.65;79.432
0.815257453;109.49;87.65;79.432
0.822403672;162.8;87.65;79.432
0.866869882;205.72;87.65;79.432
0.909505281;230;87.65;79.432
0.892553556;236.86;87.65;79.432
0.885424499;187.04;87.65;79.432
0.882831127;164.6;87.65;79.432
0.861315336;146.62;87.65;79.432
0.836435422;107.6;87.65;79.432
0.83349511;115.07;87.65;87.042
0.822277067;113.04;87.65;87.042
0.822525149;110.33;87.65;87.042
0.822465983;109.29;87.65;87.042
0.829078286;112.36;87.65;87.042
0.841057454;116.77;87.65;87.042
0.858949078;168.5;87.65;87.042
0.908333272;184.77;87.65;87.042
0.952983469;160;87.65;87.042
0.968837939;137.34;87.65;87.042
0.951318304;117.47;87.65;87.042
0.91713274;112.78;87.65;87.042
0.867794104;107.58;87.65;87.042
0.834248647;105.02;87.65;87.042
0.839923104;105.1;87.65;87.042
0.858869768;112.4;87.65;87.042
0.867492803;113.73;87.65;87.042
0.877703025;146.57;87.65;87.042
0.893619879;155.38;87.65;87.042
0.861038273;134.74;87.65;87.042
0.847904781;110.07;87.65;87.042
0.838030402;104.53;87.65;87.042
0.833569025;109.95;87.65;87.042
0.824029414;98.51;87.65;87.042
0.812144097;94.78;87.65;125.967
0.813940896;100.4;87.65;125.967
0.822741994;98.67;87.65;125.967
0.828444914;99.61;87.65;125.967
0.831564068;100.25;87.65;125.967
0.832874371;95.98;87.65;125.967
0.852443759;116.99;87.65;125.967
0.904293959;133.53;87.65;125.967
0.930129408;125.02;87.65;125.967
0.941957052;107.16;87.65;125.967
0.91308928;98.38;87.65;125.967
0.894056818;100.25;87.09;125.967
0.838733909;89.93;86.9;125.967
0.821074219;97.07;86.9;125.967
0.823903601;93.67;86.9;125.967
0.797796205;98.52;86.9;125.967
0.80171067;119.54;86.9;125.967
0.846905214;146.87;86.9;125.967
0.873459903;190.05;86.9;125.967
0.830599234;198.07;86.9;125.967
0.799505877;160.68;86.9;125.967
0.794210565;145.54;86.9;125.967
0.793301899;135.13;86.9;125.967
0.787219848;132.89;86.9;125.967
0.778952522;150.09;86.9;97.273
0.780427049;152.6;86.9;97.273
0.771135142;174.05;86.9;97.273
0.779035637;187.92;86.9;97.273
0.798016374;190.69;86.9;97.273
0.838680027;237.17;86.9;97.273
0.901628621;249.98;86.9;97.273
0.94592382;263.46;86.9;97.273
0.874228335;275.57;86.9;97.273
0.824529715;267.37;86.9;97.273
0.806692288;245.75;86.9;97.273
0.777399365;213.02;86.9;97.273
0.774483382;196.64;86.9;97.273
0.764678853;178.97;86.9;97.273
0.758431985;177.04;86.9;97.273
0.768079908;197.47;86.9;97.273
0.792900776;225.08;86.9;97.273
0.827479794;259.9;86.9;97.273
0.898296803;299;86.9;97.273
0.883066371;300.7;86.9;97.273
0.886538457;277.91;86.9;97.273
0.870463773;235.8;86.9;97.273
0.864995578;242.15;86.9;97.273
0.829931747;212.09;86.9;97.273
0.817526095;195.65;86.9;97.273
0.816812865;180.7;86.9;97.273
0.829498634;174.44;86.9;97.273
0.846194135;172.31;86.9;97.273
0.858731035;174.5;86.9;97.273
0.892430613;177.1;86.9;97.273
0.949300423;186.05;86.9;97.273
0.984270553;191.54;86.9;97.273
0.94214498;189.37;86.9;97.273
0.93429894;173.75;86.9;97.273
0.923392494;154.07;86.9;97.273
0.90908399;144.76;86.9;97.273
0.882821835;116.53;86.9;97.273
0.870817498;114;86.9;97.273
0.874963728;111.68;86.9;97.273
0.886770537;151.54;86.9;97.273
0.922994246;176.15;86.9;97.273
0.943178101;229.9;86.9;97.273
0.973070602;275.76;86.9;97.273
0.965241555;274.5;86.9;97.273
0.945890427;220.7;86.9;97.273
0.93071542;197.8;86.9;97.273
0.910650283;197.78;86.9;97.273
0.893622899;197.22;86.9;97.273
0.884305008;177.39;86.9;98.02
0.877357526;174.06;86.9;98.02
0.877863109;185.57;86.9;98.02
0.875347946;178.26;86.9;98.02
0.88551216;197;86.9;98.02
0.917877264;217;86.9;98.02
0.961523568;284.97;86.9;98.02
1;322.9;86.9;98.02
0.924657752;308.9;86.9;98.02
0.868535044;267.3;86.9;98.02
0.856110398;163.82;86.9;98.02
0.854979152;145.55;86.9;98.02
0.850290341;137.09;86.9;98.02
0.860686394;135.4;86.9;98.02
0.844745515;141.17;86.9;98.02
0.849905457;198.24;86.9;98.02
0.878048407;253.79;86.9;98.02
0.927049575;280.56;86.9;98.02
0.971700675;300;86.9;98.02
0.964721384;282.19;86.9;98.02
0.9819604;207.32;86.9;98.02
0.965804971;137.24;86.9;98.02
0.961907011;163.3;86.9;98.02
0.919639198;140.09;86.9;98.02
0.907124576;143.17;86.9;104.734
0.892279465;143.15;86.9;104.734
0.879142409;149.74;86.9;104.734
0.870809643;163.5;86.9;104.734
0.883677499;173.15;86.9;104.734
0.912860274;194.03;86.9;104.734
0.960469822;268.04;86.9;104.734
0.997767191;286.73;86.9;104.734
0.963331021;284.91;86.9;104.734
0.930379206;217.58;86.9;104.734
0.894306065;179.33;86.9;104.734
0.865372337;222.33;86.9;104.734
0.826309715;220;86.9;104.734
0.830618124;221.5;86.9;104.734
0.832324921;235.02;86.9;104.734
0.837111576;261.24;86.9;104.734
0.842917143;283.2;86.9;104.734
0.878339822;315.87;86.9;104.734
0.940322833;362.75;86.9;104.734
0.920578253;354.11;86.9;104.734
0.918942149;315.87;86.9;104.734
0.901518752;286;86.9;104.734
0.885973388;266.94;86.9;104.734
0.869051638;245.47;86.9;104.734
0.858785562;251.04;86.9;117.791
0.836177365;248.43;86.9;117.791
0.830939652;242.06;86.9;117.791
0.826349698;233.14;86.9;117.791
0.845505245;233.62;86.9;117.791
0.870594177;250;86.9;117.791
0.919568315;291.55;86.9;117.791
0.963818644;329.07;86.9;117.791
0.931965168;337.09;86.9;117.791
0.893642396;298.1;86.9;117.791
0.851946257;267.85;86.9;117.791
0.819833922;257.95;86.9;117.791
0.793899271;245.82;86.9;117.791
0.788830483;234.99;86.9;117.791
0.786212158;236.29;86.9;117.791
0.797686093;249.66;86.9;117.791
0.829627547;272.58;86.9;117.791
0.865971311;316.56;86.9;117.791
0.896263818;384.83;86.9;117.791
0.870098298;385;86.9;117.791
0.845660429;321.09;86.9;117.791
0.848002183;288.47;86.9;117.791
0.85137537;265.78;86.9;117.791
0.855838743;249.66;86.9;117.791
0.856341424;331.16;86.9;166.246
0.858386754;322.53;86.9;166.246
0.857342434;316;86.9;166.246
0.855833158;307.01;86.9;166.246
0.864227885;307.3;86.9;166.246
0.881932195;332.27;86.9;166.246
0.901651972;371.41;86.9;166.246
0.922017732;405;86.9;166.246
0.927475907;400;86.9;166.246
0.920596603;359.96;86.9;166.246
0.934127641;294.76;86.9;166.246
0.900134722;276.94;86.9;166.246
0.823926036;266.04;86.9;166.246
0.795659535;269.92;86.9;166.246
0.79224482;293.02;86.9;166.246
0.804563806;319.58;86.9;166.246
0.804469535;336.53;86.9;166.246
0.847058042;398.53;86.9;166.246
0.873002995;410;86.9;166.246
0.839806734;405.05;86.9;166.246
0.819247846;390;86.9;166.246
0.824453432;350;86.9;166.246
0.827306714;333.88;86.9;166.246
0.820587773;319.9;86.9;166.246
0.820406317;351.07;86.9;164.459
0.813015237;346.6;86.9;164.459
0.820555736;329.4;86.9;164.459
0.823541645;304.05;86.9;164.459
0.826812397;315;86.9;164.459
0.823992549;349.07;86.9;164.459
0.838276835;398.6;86.9;164.459
0.857565806;410;86.9;164.459
0.86880549;410.05;86.9;164.459
0.879497017;385.16;86.9;164.459
0.883933248;362.95;86.9;164.459
0.873225101;349.78;72.14;164.459
0.834630965;310.69;67.22;164.459
0.811387281;292.16;67.22;164.459
0.800527186;307.43;67.22;164.459
0.814112043;329.95;67.22;164.459
0.856491698;355.77;67.22;164.459
0.898023722;380.94;67.22;164.459
0.944172968;410;67.22;164.459
0.915226669;410;67.22;164.459
0.907615729;400.08;67.22;164.459
0.896716831;381.83;67.22;164.459
0.867462295;359.07;67.22;164.459
0.824379948;361.01;67.22;164.459
0.806673563;363.87;67.22;188.305
0.788043704;360;67.22;188.305
0.785780897;350;67.22;188.305
0.785106039;330;67.22;188.305
0.803479807;338.85;67.22;188.305
0.868901633;347.04;67.22;188.305
0.976040245;369;67.22;188.305
0.992758467;378.1;67.22;188.305
0.896929167;370.53;67.22;188.305
0.818825467;322.34;67.22;188.305
0.80434399;293.81;67.22;188.305
0.79461791;290.57;67.22;188.305
0.771273774;279.3;67.22;188.305
0.774177973;260.35;67.22;188.305
0.770290469;260.56;67.22;188.305
0.756178357;301.36;67.22;188.305
0.761197262;339.99;67.22;188.305
0.799785612;385.63;67.22;188.305
0.845460312;405.78;67.22;188.305
0.867206272;409.3;67.22;188.305
0.838306811;400;67.22;188.305
0.836710683;377.25;67.22;188.305
0.795089158;369.63;67.22;188.305
0.758282835;362.4;67.22;188.305
0.734409319;390.61;67.22;188.305
0.731597818;353;67.22;188.305
0.731203574;345.16;67.22;188.305
0.728546266;334.21;67.22;188.305
0.74115042;339.44;67.22;188.305
0.790373955;342.09;67.22;188.305
0.88413962;350.06;67.22;188.305
0.890176023;340.44;67.22;188.305
0.79299983;336.52;67.22;188.305
0.750421045;210.01;67.22;188.305
0.733145958;259.02;67.22;188.305
0.727156451;268.05;67.22;188.305
0.706303385;279;67.22;188.305
0.71429584;249.18;67.22;188.305
0.712109955;246.29;67.22;188.305
0.728084637;281.41;67.22;188.305
0.743443327;308.1;67.22;188.305
0.784388768;385.16;67.22;188.305
0.843691417;435.08;67.22;188.305
0.838800491;454.28;67.22;188.305
0.824713371;436.35;67.22;188.305
0.816125614;412.02;67.22;188.305
0.790113986;412.02;67.22;188.305
0.748715935;411.65;67.22;188.305
0.720272802;377.56;67.22;189.474
0.718249189;369.83;67.22;189.474
0.711908697;368.94;67.22;189.474
0.71142479;359.21;67.22;189.474
0.724290099;361.71;67.22;189.474
0.772487698;397.23;67.22;189.474
0.869438375;465.77;67.22;189.474
0.88950914;512.36;67.22;189.474
0.809675067;515.01;67.22;189.474
0.745336179;483;67.22;189.474
0.741954398;390.61;67.22;189.474
0.728976543;341.84;67.22;189.474
0.708437469;340.22;67.22;189.474
0.687888054;320.8;67.22;189.474
0.68761105;312.82;67.22;189.474
0.711186994;351.54;67.22;189.474
0.750332104;400;67.22;189.474
0.78797;450.39;67.22;189.474
0.81538644;507.54;67.22;189.474
0.79661523;522.91;67.22;189.474
0.806087507;475;67.22;189.474
0.790231087;434.97;67.22;189.474
0.768793963;415.42;67.22;189.474
0.718529325;367.72;67.22;189.474
0.707298593;456.05;67.22;246.942
0.704708314;449.5;67.22;246.942
0.700625432;449.5;67.22;246.942
0.713987202;424.88;67.22;246.942
0.729996245;437.51;67.22;246.942
0.769967463;457.57;67.22;246.942
0.863995157;622.3;67.22;246.942
0.899623579;690;67.22;246.942
0.814387474;650;67.22;246.942
0.772036811;541.51;67.22;246.942
0.750132217;353.31;67.22;246.942
0.749180332;333.83;67.22;246.942
0.738977025;316.52;67.22;246.942
0.728194962;294.77;67.22;246.942
0.732623591;310.6;67.22;246.942
0.739719932;366.99;67.22;246.942
0.76157474;514.31;67.22;246.942
0.773946182;603.08;67.22;246.942
0.807209318;674.93;67.22;246.942
0.804799999;700;67.22;246.942
0.786097918;619.92;67.22;246.942
0.775929594;542.9;67.22;246.942
0.748114453;492.05;67.22;246.942
0.714717967;399.73;67.22;246.942
0.704049845;430.07;67.22;212.93
0.692024658;408.91;67.22;212.93
0.687254147;418.38;67.22;212.93
0.684612044;420.03;67.22;212.93
0.690134526;420.03;67.22;212.93
0.739775696;440;67.22;212.93
0.841890216;523.76;67.22;212.93
0.880991522;579.45;67.22;212.93
0.809141528;554.76;67.22;212.93
0.754555697;449.99;67.22;212.93
0.727121668;389;67.22;212.93
0.728439995;350.83;67.22;212.93
0.714322527;305.11;67.22;212.93
0.70697241;316.75;67.22;212.93
0.721274308;341.86;67.22;212.93
0.735434566;382.44;67.22;212.93
0.754367936;425.09;67.22;212.93
0.790951272;529.43;67.22;212.93
0.804377853;574.93;67.22;212.93
0.776827703;605;67.22;212.93
0.755446563;528.03;67.22;212.93
0.734052056;448.75;67.22;212.93
0.717005601;449.06;67.22;212.93
0.695538236;418.45;67.22;212.93
0.691483851;350;67.22;163.493
0.6822538;320;67.22;163.493
0.691945508;321.59;67.22;163.493
0.697137388;310.09;67.22;163.493
0.707515216;310.07;67.22;163.493
0.72238214;335.01;67.22;163.493
0.749643586;414.66;67.22;163.493
0.799303022;436.06;67.22;163.493
0.845615899;421.17;67.22;163.493
0.855635895;311.99;67.22;163.493
0.881418226;240.33;67.22;163.493
0.884542465;199.82;67.22;163.493
0.852001347;171.7;67.22;163.493
0.825542989;150.01;67.22;163.493
0.823924987;162.66;67.22;163.493
0.83545881;199.85;67.22;163.493
0.8345297;276.58;67.22;163.493
0.83600176;379.95;67.22;163.493
0.829973019;412.4;67.22;163.493
0.796168088;326.39;67.22;163.493
0.769458158;179.01;67.22;163.493
0.753817917;173.6;67.22;163.493
0.772686557;172.74;67.22;163.493
0.765422353;123.93;67.22;163.493
0.74864377;88.96;67.22;133.528
0.724572383;91.02;67.22;133.528
0.712704862;88.93;67.22;133.528
0.712794131;97.03;67.22;133.528
0.71246895;91.15;67.22;133.528
0.72099346;109.92;67.22;133.528
0.738845667;172.57;67.22;133.528
0.771953726;185.06;67.22;133.528
0.79088041;112.35;67.22;133.528
0.809492108;67.3;67.22;133.528
0.830794312;23.07;67.22;133.528
0.849712664;15.52;74.18;133.528
0.789190065;10.1;76.5;133.528
0.767291217;0.1;76.5;133.528
0.752860813;0.08;76.5;133.528
0.750180049;10.04;76.5;133.528
0.763019947;23.87;76.5;133.528
0.792399651;118.86;76.5;133.528
0.83081339;170.06;76.5;133.528
0.827208853;151.98;76.5;133.528
0.801522867;84.48;76.5;133.528
0.787439127;69.77;76.5;133.528
0.741898679;81.05;76.5;133.528
0.697308731;67.27;76.5;133.528
0.673991308;68.93;76.5;125.259
0.665846881;69.07;76.5;125.259
0.66531877;72.97;76.5;125.259
0.67308916;72.99;76.5;125.259
0.676627841;72.93;76.5;125.259
0.72926666;73.11;76.5;125.259
0.81351656;89.05;76.5;125.259
0.845741921;87.52;76.5;125.259
0.769007711;79.07;76.5;125.259
0.722733039;78.9;76.5;125.259
0.716289282;72.95;76.5;125.259
0.734031275;67.84;76.5;125.259
0.706756747;72.91;76.5;125.259
0.693314851;68.95;76.5;125.259
0.685255;80.07;76.5;125.259
0.687682049;118.95;76.5;125.259
0.689549078;189.3;76.5;125.259
0.716300462;287.3;76.5;125.259
0.755503757;323.3;76.5;125.259
0.757217747;235;76.5;125.259
0.746059728;173;76.5;125.259
0.740265339;176.5;76.5;125.259
0.729759407;182.51;76.5;125.259
0.684693537;168.88;76.5;125.259
0.659539946;160.1;76.5;125.259
0.649562152;150.01;76.5;125.259
0.65253986;124.27;76.5;125.259
0.64741787;102.54;76.5;125.259
0.653912947;130.25;76.5;125.259
0.69825848;120.7;76.5;125.259
0.790436333;100.05;76.5;125.259
0.821714466;90.92;76.5;125.259
0.756389;77.49;76.5;125.259
0.71514052;72.82;76.5;125.259
0.713640123;56.15;76.5;125.259
0.727409047;30.07;76.5;125.259
0.717361577;24.76;76.5;125.259
0.708834635;8.55;76.5;125.259
0.718790634;10.05;76.5;125.259
0.732952375;30.07;76.5;125.259
0.741666141;104.03;76.5;125.259
0.755532003;212.12;76.5;125.259
0.814447045;234.21;76.5;125.259
0.818237729;199.9;76.5;125.259
0.811292941;170.08;76.5;125.259
0.797708568;163.12;76.5;125.259
0.764843749;190.67;76.5;125.259
0.727279778;199.42;76.5;125.259
0.699246481;205.9;76.5;127.709
0.695419882;204.44;76.5;127.709
0.706893881;211.64;76.5;127.709
0.713347342;207.03;76.5;127.709
0.720151383;219.91;76.5;127.709
0.759280427;230.06;76.5;127.709
0.852204299;301.92;76.5;127.709
0.870383021;335.88;76.5;127.709
0.795440602;344.24;76.5;127.709
0.767991147;300.83;76.5;127.709
0.758356023;265.91;76.5;127.709
0.752936164;258.34;76.5;127.709
0.719386755;240.57;76.5;127.709
0.715068921;224.25;76.5;127.709
0.701956883;218.34;76.5;127.709
0.709825799;269.8;76.5;127.709
0.736060726;293.02;76.5;127.709
0.774335377;346.5;76.5;127.709
0.828473866;390.01;76.5;127.709
0.814056094;435.42;76.5;127.709
0.821894653;365.26;76.5;127.709
0.828741514;322.7;76.5;127.709
0.827671556;300.73;76.5;127.709
0.79017751;261.86;76.5;127.709
0.77289423;248.92;76.5;114.935
0.767703856;245.03;76.5;114.935
0.776959665;241.79;76.5;114.935
0.78530878;240.07;76.5;114.935
0.797858101;242.69;76.5;114.935
0.859814109;262.4;76.5;114.935
0.959466985;318.93;76.5;114.935
0.957754512;340.29;76.5;114.935
0.846979531;349.98;76.5;114.935
0.770827225;329.45;76.5;114.935
0.749191199;318.46;76.5;114.935
0.739929486;296.17;76.5;114.935
0.718999659;279.49;76.5;114.935
0.722560932;283.24;76.5;114.935
0.730380359;287.96;76.5;114.935
0.747957544;297.17;76.5;114.935
0.769851923;317.53;76.5;114.935
0.803299885;332.36;76.5;114.935
0.860790021;375;76.5;114.935
0.864985412;405.02;76.5;114.935
0.886704518;335.24;76.5;114.935
0.868154632;312.09;76.5;114.935
0.832294123;288.99;76.5;114.935
0.80957607;264.63;76.5;114.935
0.798974677;253.41;76.5;116.426
0.798676979;251.4;76.5;116.426
0.796757146;247.5;76.5;116.426
0.804722328;240.01;76.5;116.426
0.830821414;238.5;76.5;116.426
0.880866361;249.72;76.5;116.426
0.970293798;296.96;76.5;116.426
0.971600132;317.7;76.5;116.426
0.876388035;314;76.5;116.426
0.79752647;295.94;76.5;116.426
0.768488849;276.6;76.5;116.426
0.761395009;260.14;76.5;116.426
0.745513291;207.44;76.5;116.426
0.731288989;204.01;76.5;116.426
0.727046142;200.03;76.5;116.426
0.739235268;198.22;76.5;116.426
0.76320821;248.97;76.5;116.426
0.796585756;294.92;76.5;116.426
0.853175883;319.13;76.5;116.426
0.842982199;296.49;76.5;116.426
0.823660656;215.58;76.5;116.426
0.810594273;165.96;76.5;116.426
0.823180158;165.22;76.5;116.426
0.813206987;129.27;76.5;116.426
0.797928271;157.27;76.5;106.087
0.792807788;127.99;76.5;106.087
0.79044424;119.71;76.5;106.087
0.795882323;126.58;76.5;106.087
0.804302041;147.97;76.5;106.087
0.819198844;180;76.5;106.087
0.837268358;206.5;76.5;106.087
0.863575643;262.89;76.5;106.087
0.880671918;270;76.5;106.087
0.88371785;254.94;76.5;106.087
0.843675636;211.6;76.5;106.087
0.807185432;220.02;76.5;106.087
0.763731014;206.21;76.5;106.087
0.730750044;214.09;76.5;106.087
0.730367849;229.97;76.5;106.087
0.74661805;246.2;76.5;106.087
0.750712165;257.36;76.5;106.087
0.775936999;276.22;76.5;106.087
0.820203394;310.03;76.5;106.087
0.80029876;347.21;76.5;106.087
0.785314186;295.92;76.5;106.087
0.799108344;259.29;76.5;106.087
0.780365063;244.66;76.5;106.087
0.778800434;237.2;76.5;106.087
0.77041401;203.03;76.5;105.083
0.762353142;206.97;76.5;105.083
0.763162968;201.38;76.5;105.083
0.767972211;206.5;76.5;105.083
0.779054753;209.9;76.5;105.083
0.789821218;217.06;76.5;105.083
0.811629423;262.97;76.5;105.083
0.831329003;291.51;76.5;105.083
0.853329484;287.81;76.5;105.083
0.851475201;249.9;76.5;105.083
0.855549462;228.58;76.5;105.083
0.811375723;204.87;78.53;105.083
0.740626618;205.01;79.21;105.083
0.717479807;201.14;79.21;105.083
0.704763675;200.31;79.21;105.083
0.705751258;202.48;79.21;105.083
0.727492691;212.4;79.21;105.083
0.760352822;245.54;79.21;105.083
0.820329357;275.31;79.21;105.083
0.813501088;286.52;79.21;105.083
0.772529532;251.15;79.21;105.083
0.759755334;216.95;79.21;105.083
0.723347705;228.5;79.21;105.083
0.708878129;197.81;79.21;105.083
0.693692477;196.67;79.21;101.046
0.68883743;194.82;79.21;101.046
0.692291586;187.02;79.21;101.046
0.697397465;187;79.21;101.046
0.703026839;185.06;79.21;101.046
0.754248471;190.8;79.21;101.046
0.863856932;198.23;79.21;101.046
0.873825053;204.14;79.21;101.046
0.778424897;196.11;79.21;101.046
0.709013079;135.07;79.21;101.046
0.691456076;99.55;79.21;101.046
0.676167316;85.08;79.21;101.046
0.666161451;69.71;79.21;101.046
0.665317086;10;79.21;101.046
0.684988081;8.84;79.21;101.046
0.69671831;14.74;79.21;101.046
0.714837646;79;79.21;101.046
0.755806028;151.01;79.21;101.046
0.801680892;192.8;79.21;101.046
0.800448462;173.27;79.21;101.046
0.785748718;119.96;79.21;101.046
0.782517993;89.99;79.21;101.046
0.759339162;91.13;79.21;101.046
0.724567967;82.85;79.21;101.046
0.706798112;84.04;79.21;101.046
0.691870606;70.99;79.21;101.046
0.68941423;74.78;79.21;101.046
0.692642602;68.38;79.21;101.046
0.703319284;75.9;79.21;101.046
0.748877143;75.9;79.21;101.046
0.842771453;68.53;79.21;101.046
0.858794508;20.56;79.21;101.046
0.745010113;8.81;79.21;101.046
0.706972282;0.07;79.21;101.046
0.682788035;-0.1;79.21;101.046
0.683473613;-5.31;79.21;101.046
0.647142547;-16.81;79.21;101.046
0.64856726;-19.04;79.21;101.046
0.653463683;-13.35;79.21;101.046
0.654791263;-1.06;79.21;101.046
0.680401361;0.06;79.21;101.046
0.727942981;69.93;79.21;101.046
0.788548797;122.32;79.21;101.046
0.800980574;122.95;79.21;101.046
0.792148822;85.97;79.21;101.046
0.799788765;80.08;79.21;101.046
0.794935648;110.07;79.21;101.046
0.760177081;93.36;79.21;101.046
0.738769315;114.18;79.21;101.487
0.726878826;118.82;79.21;101.487
0.717000829;118.85;79.21;101.487
0.715971383;119;79.21;101.487
0.729300238;137.03;79.21;101.487
0.776528342;189.41;79.21;101.487
0.854796686;264;79.21;101.487
0.864053658;288;79.21;101.487
0.777611087;270.6;79.21;101.487
0.700028088;196.47;79.21;101.487
0.64895987;153.06;79.21;101.487
0.631491435;163.68;79.21;101.487
0.595708392;156.99;79.21;101.487
0.575381997;171.35;79.21;101.487
0.574956217;170.67;79.21;101.487
0.585603037;212.63;79.21;101.487
0.600382652;232.98;79.21;101.487
0.650680469;273.68;79.21;101.487
0.737682059;309.6;79.21;101.487
0.746814932;336.98;79.21;101.487
0.736694692;277.16;79.21;101.487
0.732866538;240.91;79.21;101.487
0.715772721;222.81;79.21;101.487
0.668474951;199.25;79.21;101.487
0.65871082;223;79.21;96.216
0.658162293;215;79.21;96.216
0.660410189;207;79.21;96.216
0.664620239;206.36;79.21;96.216
0.672689556;203;79.21;96.216
0.716603291;220.92;79.21;96.216
0.815248861;273.7;79.21;96.216
0.827616836;287.34;79.21;96.216
0.742256773;281.1;79.21;96.216
0.685199726;240.15;79.21;96.216
0.64997365;199.9;79.21;96.216
0.642064105;192.2;79.21;96.216
0.616926497;183.66;79.21;96.216
0.592922912;185.21;79.21;96.216
0.580999792;193.92;79.21;96.216
0.5802134;199.86;79.21;96.216
0.599161328;230.01;79.21;96.216
0.641443909;269.97;79.21;96.216
0.678726614;301.03;79.21;96.216
0.669498617;351;79.21;96.216
0.684617588;290.84;79.21;96.216
0.685188033;255.9;79.21;96.216
0.662176356;242.27;79.21;96.216
0.6390251;222.38;79.21;96.216
0.629142106;215.39;79.21;96.188
0.629468909;200.05;79.21;96.188
0.632991394;200.62;79.21;96.188
0.6475315;198.08;79.21;96.188
0.677288402;204.09;79.21;96.188
0.743794496;226.15;79.21;96.188
0.822813478;275.45;79.21;96.188
0.790190508;299.25;79.21;96.188
0.716561152;280.72;79.21;96.188
0.646488296;217.11;79.21;96.188
0.610980265;199.7;79.21;96.188
0.603495552;191.54;79.21;96.188
0.585536461;181.07;79.21;96.188
0.596219412;181.93;79.21;96.188
0.593303162;190.31;79.21;96.188
0.603655744;202.34;79.21;96.188
0.630884146;217.99;79.21;96.188
0.671788295;266.05;79.21;96.188
0.709531214;312.28;79.21;96.188
0.704873206;374.14;79.21;96.188
0.687788778;311.03;79.21;96.188
0.683295926;270;79.21;96.188
0.684842246;245.12;79.21;96.188
0.678127264;216.4;79.21;96.188
0.661789544;213.01;79.21;109.395
0.652671039;212.33;79.21;109.395
0.656874816;211.5;79.21;109.395
0.657397007;211.8;79.21;109.395
0.665903734;212.93;79.21;109.395
0.670493729;223.32;79.21;109.395
0.694108491;282.97;79.21;109.395
0.717832612;305.07;79.21;109.395
0.732112203;267.73;79.21;109.395
0.730046188;218.91;79.21;109.395
0.739960373;194.92;79.21;109.395
0.742751206;194.94;79.21;109.395
0.699457231;185.97;79.21;109.395
0.661668702;181.94;79.21;109.395
0.629362796;192.7;79.21;109.395
0.623840383;208.42;79.21;109.395
0.65173027;232.58;79.21;109.395
0.686478159;266.99;79.21;109.395
0.743989614;310.76;79.21;109.395
0.698435837;371.11;79.21;109.395
0.654603151;295.4;79.21;109.395
0.643872775;256.86;79.21;109.395
0.643225579;240.04;79.21;109.395
0.623585412;219.76;79.21;109.395
0.616330865;262.48;79.21;114.125
0.605571423;244.31;79.21;114.125
0.608215759;234.29;79.21;114.125
0.615415073;230.15;79.21;114.125
0.618251323;226.01;79.21;114.125
0.632087424;254.91;79.21;114.125
0.64444559;315;79.21;114.125
0.678879923;333.86;79.21;114.125
0.718067989;285.12;79.21;114.125
0.720587126;248.37;79.21;114.125
0.695306042;185.6;79.21;114.125
0.6648406;185.87;78.68;114.125
0.609231945;172.57;78.5;114.125
0.591366036;169.75;78.5;114.125
0.577872668;178.57;78.5;114.125
0.579428176;210;78.5;114.125
0.628902918;251.07;78.5;114.125
0.684317178;276.28;78.5;114.125
0.723272658;300.77;78.5;114.125
0.687620295;339.9;78.5;114.125
0.651813463;283.38;78.5;114.125
0.621733227;242.2;78.5;114.125
0.645255584;244.56;78.5;114.125
0.631165513;190.07;78.5;114.125
0.62384972;235.96;78.5;100.981
0.630449958;221.16;78.5;100.981
0.63094555;185.58;78.5;100.981
0.643392371;191.02;78.5;100.981
0.691674495;206.58;78.5;100.981
0.795935106;216.18;78.5;100.981
0.819599967;199.56;78.5;100.981
0.755773202;190.28;78.5;100.981
0.700066366;152.18;78.5;100.981
0.677894256;159.37;78.5;100.981
0.661102836;110.05;78.5;100.981
0.673404084;85.94;78.5;100.981
0.652806486;83.11;78.5;100.981
0.631711533;80.38;78.5;100.981
0.617874205;89.35;78.5;100.981
0.625982135;157.71;78.5;100.981
0.657253539;199.95;78.5;100.981
0.694909951;232.42;78.5;100.981
0.758213002;262.5;78.5;100.981
0.739545028;292.24;78.5;100.981
0.737012609;270.07;78.5;100.981
0.731698048;244.98;78.5;100.981
0.70424217;244.94;78.5;100.981
0.701027508;237.75;78.5;100.981
0.702738885;235;78.5;100.981
0.714776683;221.93;78.5;100.981
0.722038876;214.02;78.5;100.981
0.731669292;212;78.5;100.981
0.773531111;211.09;78.5;100.981
0.857219991;210.31;78.5;100.981
0.853739571;214.03;78.5;100.981
0.779146192;214.08;78.5;100.981
0.715621023;214.07;78.5;100.981
0.670241443;205.02;78.5;100.981
0.644176377;194.4;78.5;100.981
0.634841618;161.5;78.5;100.981
0.621326273;89.9;78.5;100.981
0.616873761;77.97;78.5;100.981
0.609345781;92;78.5;100.981
0.62071156;141.59;78.5;100.981
0.662272765;194.83;78.5;100.981
0.711042916;220;78.5;100.981
0.769861588;263.02;78.5;100.981
0.752956189;281.68;78.5;100.981
0.747470602;265.63;78.5;100.981
0.725354813;251.59;78.5;100.981
0.72590547;228;78.5;100.981
0.704679091;196;78.5;100.981
0.705155769;192.04;78.5;101.827
0.715225358;189.45;78.5;101.827
0.717723435;194.89;78.5;101.827
0.729359883;195.01;78.5;101.827
0.774091496;208.62;78.5;101.827
0.867001452;274.95;78.5;101.827
0.879700038;316.95;78.5;101.827
0.787469119;313.95;78.5;101.827
0.716557472;266.98;78.5;101.827
0.668168202;224.94;78.5;101.827
0.635239827;204.14;78.5;101.827
0.631485979;173.87;78.5;101.827
0.60509949;163.51;78.5;101.827
0.601148945;130.99;78.5;101.827
0.600407833;161.5;78.5;101.827
0.606820255;170.68;78.5;101.827
0.635232536;197.56;78.5;101.827
0.672732919;260.31;78.5;101.827
0.748212341;304.62;78.5;101.827
0.734692274;274.06;78.5;101.827
0.739565494;252.61;78.5;101.827
0.727784318;229.53;78.5;101.827
0.706584116;220.54;78.5;101.827
0.692461905;209.83;78.5;101.827
0.700183388;210.18;78.5;101.957
0.707811294;208.96;78.5;101.957
0.715529287;210;78.5;101.957
0.731515124;209.87;78.5;101.957
0.773980479;225.27;78.5;101.957
0.829289458;270.27;78.5;101.957
0.864999793;302.12;78.5;101.957
0.797430622;318.74;78.5;101.957
0.728867084;299.9;78.5;101.957
0.695702372;278.48;78.5;101.957
0.680132772;275.94;78.5;101.957
0.659874431;236.43;78.5;101.957
0.636672839;230.85;78.5;101.957
0.643407923;223.52;78.5;101.957
0.627452353;222.41;78.5;101.957
0.637935528;228.01;78.5;101.957
0.65565866;246.53;78.5;101.957
0.672602582;280.04;78.5;101.957
0.726838423;302.49;78.5;101.957
0.705228989;297.67;78.5;101.957
0.698567013;260.04;78.5;101.957
0.698266571;237;78.5;101.957
0.699726429;219.84;78.5;101.957
0.686021338;233.07;78.5;101.957
0.669773936;228.86;78.5;110.03
0.66606215;229.61;78.5;110.03
0.664764808;229.08;78.5;110.03
0.674107256;232.33;78.5;110.03
0.688683975;242;78.5;110.03
0.707635106;283;78.5;110.03
0.717805687;315;78.5;110.03
0.730279252;346.91;78.5;110.03
0.726847187;328.11;78.5;110.03
0.71787547;302.07;78.5;110.03
0.689282588;312.56;78.5;110.03
0.669287738;295.99;78.5;110.03
0.666366403;272.89;78.5;110.03
0.648022809;278.3;78.5;110.03
0.627481833;266.52;78.5;110.03
0.618136155;256.34;78.5;110.03
0.63491635;269.81;78.5;110.03
0.647057572;294.7;78.5;110.03
0.68367579;309.97;78.5;110.03
0.674665287;285.73;78.5;110.03
0.673036001;253.36;78.5;110.03
0.678129262;240.52;78.5;110.03
0.673271934;197.92;78.5;110.03
0.664291693;200.66;78.5;110.03
0.66718325;204.29;78.5;119.844
0.666790441;195.02;78.5;119.844
0.669211112;181.93;78.5;119.844
0.676780994;186.3;78.5;119.844
0.679132707;200.69;78.5;119.844
0.693239329;270;78.5;119.844
0.708492196;305.76;78.5;119.844
0.721246309;324.23;78.5;119.844
0.720083163;271;78.5;119.844
0.736947788;250.75;78.5;119.844
0.70791666;219.54;78.5;119.844
0.689580069;203.92;78.5;119.844
0.646796988;193.43;78.5;119.844
0.63718102;190.8;78.5;119.844
0.626645372;185.62;78.5;119.844
0.619799725;184.96;78.5;119.844
0.628692464;188.01;78.5;119.844
0.647104164;200.01;78.5;119.844
0.68396534;229.49;78.5;119.844
0.695909722;199.08;78.5;119.844
0.69469554;164.35;78.5;119.844
0.687556013;150.64;78.5;119.844
0.679655565;120.08;78.5;119.844
0.673497169;111.72;78.5;119.844
0.666026544;99.64;78.5;121.255
0.655676817;94.48;78.5;121.255
0.649411887;99.59;78.5;121.255
0.653204385;109.02;78.5;121.255
0.66040707;140.01;78.5;121.255
0.664350064;178.63;78.5;121.255
0.677364697;200.03;78.5;121.255
0.70655543;208.47;78.5;121.255
0.717739395;200.35;78.5;121.255
0.716039166;193.08;78.5;121.255
0.707215713;181.14;78.12;121.255
0.722585108;171.94;78;121.255
0.683944806;159.91;78;121.255
0.667615649;147.1;78;121.255
0.666773352;140.82;78;121.255
0.678832566;142.33;78;121.255
0.706081527;172.4;78;121.255
0.714493671;191.7;78;121.255
0.727943206;205.96;78;121.255
0.689863796;200.19;78;121.255
0.683139551;174.92;78;121.255
0.683756735;167.85;78;121.255
0.679089424;151.86;78;121.255
0.667831207;112.01;78;121.255
0.660903341;125.01;78;120.241
0.655433608;131.72;78;120.241
0.653015878;140.54;78;120.241
0.652985833;131.79;78;120.241
0.659143269;145.07;78;120.241
0.67288993;135.84;78;120.241
0.681812386;168.06;78;120.241
0.69551289;190.3;78;120.241
0.693088345;192.15;78;120.241
0.700521701;169.77;78;120.241
0.697220974;166.94;78;120.241
0.685220798;160.63;78;120.241
0.660071689;132.18;78;120.241
0.6353963;120.6;78;120.241
0.621702841;128.45;78;120.241
0.618739204;137.45;78;120.241
0.622406343;171.27;78;120.241
0.663116238;227.6;78;120.241
0.708316548;259.15;78;120.241
0.672889401;241.63;78;120.241
0.671771642;210;78;120.241
0.666727967;206.14;78;120.241
0.667862445;189.38;78;120.241
0.669746731;199.08;78;120.241
0.673306623;193.08;78;120.241
0.678838252;195.76;78;120.241
0.682065025;194.44;78;120.241
0.693332066;195.55;78;120.241
0.72098952;193.82;78;120.241
0.782937547;190.88;78;120.241
0.794472375;192.6;78;120.241
0.716001109;197.24;78;120.241
0.649596456;182.07;78;120.241
0.622635262;180.76;78;120.241
0.600438477;179.13;78;120.241
0.584445546;174.2;78;120.241
0.55545061;119.64;78;120.241
0.539686687;97.07;78;120.241
0.539071739;104;78;120.241
0.550709619;121.39;78;120.241
0.572136856;132.21;78;120.241
0.622648407;177.39;78;120.241
0.677127139;211.79;78;120.241
0.684893794;204.95;78;120.241
0.678013006;179.74;78;120.241
0.662765264;177.45;78;120.241
0.62923141;155.03;78;120.241
0.620227713;118.63;78;120.241
0.621234339;91.81;78;120.346
0.606742743;88;78;120.346
0.60060569;81.56;78;120.346
0.603901025;87.49;78;120.346
0.634090757;91.6;78;120.346
0.690967067;133;78;120.346
0.722190907;120.6;78;120.346
0.668753439;101.16;78;120.346
0.620404705;87.6;78;120.346
0.619162265;74.54;78;120.346
0.612068959;68.27;78;120.346
0.606126189;40.08;78;120.346
0.596118588;30.98;78;120.346
0.594691841;25.6;78;120.346
0.594059794;37.56;78;120.346
0.615466025;47.24;78;120.346
0.631595324;69.78;78;120.346
0.641906046;69.93;78;120.346
0.651523903;74.86;78;120.346
0.632629188;74.52;78;120.346
0.63446248;69.96;78;120.346
0.632193183;72.98;78;120.346
0.611703964;50.09;78;120.346
0.595772507;23.53;78;120.346
0.583731361;30;78;111.258
0.579340096;35.09;78;111.258
0.578941279;42.35;78;111.258
0.592285864;74.53;78;111.258
0.630122338;83.97;78;111.258
0.694341935;163.27;78;111.258
0.713355944;220.07;78;111.258
0.671659384;232.03;78;111.258
0.644872857;229.51;78;111.258
0.655761463;227;78;111.258
0.656986693;230.09;78;111.258
0.651109428;214.24;78;111.258
0.624787633;222.98;78;111.258
0.612895989;208.49;78;111.258
0.587881255;222.97;78;111.258
0.587420656;224.41;78;111.258
0.62495903;262.21;78;111.258
0.640608558;278.24;78;111.258
0.658528702;309.93;78;111.258
0.654454688;277.91;78;111.258
0.653424502;226.47;78;111.258
0.643259073;189.65;78;111.258
0.601498427;163.64;78;111.258
0.577404372;112.87;78;111.258
0.570956002;140;78;109.154
0.568696969;126.56;78;109.154
0.576220697;121.67;78;109.154
0.615562393;126.59;78;109.154
0.653064392;118.48;78;109.154
0.732736515;165.6;78;109.154
0.749742854;177.84;78;109.154
0.721429694;175.3;78;109.154
0.699729752;159.36;78;109.154
0.70075132;95.69;78;109.154
0.685991069;74.86;78;109.154
0.671305175;77.8;78;109.154
0.629724183;74.73;78;109.154
0.615817479;71.98;78;109.154
0.608517783;74.75;78;109.154
0.629138517;74.81;78;109.154
0.639120879;126.26;78;109.154
0.651127217;165.54;78;109.154
0.670399392;178.43;78;109.154
0.667101625;171;78;109.154
0.6606803;132.42;78;109.154
0.677363833;109.11;78;109.154
0.669923461;60.37;78;109.154
0.666817796;73.02;78;109.154
0.655949859;67.74;78;108.819
0.657068279;59.64;78;108.819
0.66483704;67.58;78;108.819
0.671632233;73.58;78;108.819
0.670536511;74.13;78;108.819
0.675552093;74.5;78;108.819
0.67492951;90.03;78;108.819
0.697442939;113.23;78;108.819
0.726639107;77.35;78;108.819
0.730999452;71.93;78;108.819
0.688479281;71.94;78;108.819
0.648866124;77.38;78;108.819
0.590297114;70.38;78;108.819
0.568938951;70.15;78;108.819
0.581775967;73.35;78;108.819
0.583294507;74.82;78;108.819
0.601307222;80.91;78;108.819
0.621258758;82.06;78;108.819
0.65585781;94.41;78;108.819
0.641969127;79.56;78;108.819
0.639536357;65.45;78;108.819
0.623818054;69.19;78;108.819
0.595714643;27.35;78;108.819
0.589576585;2.02;78;108.819
0.583931078;1.03;78;105.453
0.591911897;1.02;78;105.453
0.597336186;2.47;78;105.453
0.612143171;8.58;78;105.453
0.623173792;44.51;78;105.453
0.631949523;95.37;78;105.453
0.635453599;147.26;78;105.453
0.654996198;150;78;105.453
0.665449036;87;78;105.453
0.65189957;81.85;78;105.453
0.613511572;86.54;79.66;105.453
0.579643645;88.19;80.21;105.453
0.542452738;91.41;80.21;105.453
0.531587781;130.77;80.21;105.453
0.544766982;166.11;80.21;105.453
0.578299765;186.11;80.21;105.453
0.607440949;202.31;80.21;105.453
0.653149881;229.9;80.21;105.453
0.693251146;267.77;80.21;105.453
0.668854982;259.04;80.21;105.453
0.654889855;221.8;80.21;105.453
0.642904552;189.8;80.21;105.453
0.61778071;159.98;80.21;105.453
0.600616601;119.25;80.21;105.453
0.58716061;110.6;80.21;107.069
0.593058832;92.51;80.21;107.069
0.603706881;83.22;80.21;107.069
0.62057499;79.12;80.21;107.069
0.664730091;76.14;80.21;107.069
0.750184579;76.56;80.21;107.069
0.753595073;88.15;80.21;107.069
0.662938579;82.9;80.21;107.069
0.587025655;69.72;80.21;107.069
0.566202807;25.14;80.21;107.069
0.547005343;5.04;80.21;107.069
0.543216817;-0.01;80.21;107.069
0.524959199;-0.28;80.21;107.069
0.53287268;-2.49;80.21;107.069
0.555919839;-0.1;80.21;107.069
0.585202553;-0.03;80.21;107.069
0.610423278;1.98;80.21;107.069
0.653404189;75.81;80.21;107.069
0.693630842;96.97;80.21;107.069
0.689957406;105;80.21;107.069
0.695614693;90.95;80.21;107.069
0.665611376;89.77;80.21;107.069
0.626905137;69.88;80.21;107.069
0.613060303;70.96;80.21;107.069
0.608934573;26.15;80.21;107.069
0.608577718;24.59;80.21;107.069
0.607577857;25.67;80.21;107.069
0.614929813;40.04;80.21;107.069
0.661156475;36.85;80.21;107.069
0.755641604;25.95;80.21;107.069
0.742339696;45.02;80.21;107.069
0.648592861;35.76;80.21;107.069
0.593416053;22.23;80.21;107.069
0.570642014;12.29;80.21;107.069
0.550487311;13;80.21;107.069
0.548317721;5.31;80.21;107.069
0.528308251;0.1;80.21;107.069
0.525741698;0.09;80.21;107.069
0.527785461;0.42;80.21;107.069
0.54268351;8.52;80.21;107.069
0.575653883;71.03;80.21;107.069
0.606833213;139.9;80.21;107.069
0.675417234;233.51;80.21;107.069
0.689577587;252.18;80.21;107.069
0.694056073;239.54;80.21;107.069
0.663024335;238.28;80.21;107.069
0.641093755;224.3;80.21;107.069
0.627725792;182.38;80.21;107.069
0.629992707;184.98;80.21;107.325
0.630875984;184.6;80.21;107.325
0.643014145;185.68;80.21;107.325
0.660690037;195.55;80.21;107.325
0.708146674;220.56;80.21;107.325
0.792832251;264.91;80.21;107.325
0.778557599;299.93;80.21;107.325
0.664145102;285.03;80.21;107.325
0.600771611;255;80.21;107.325
0.549247029;214.92;80.21;107.325
0.52606515;190.71;80.21;107.325
0.532775429;187.85;80.21;107.325
0.522342316;181.84;80.21;107.325
0.51111389;179.98;80.21;107.325
0.512192832;179.77;80.21;107.325
0.526077291;182.86;80.21;107.325
0.56629584;219.39;80.21;107.325
0.619733016;263.32;80.21;107.325
0.666404402;296.99;80.21;107.325
0.682610694;290.37;80.21;107.325
0.661278836;267.81;80.21;107.325
0.656186683;247.99;80.21;107.325
0.633324732;204.4;80.21;107.325
0.619841939;192.9;80.21;107.325
0.621731337;188.71;80.21;102.816
0.625206946;184.13;80.21;102.816
0.636756379;183;80.21;102.816
0.648548869;185.55;80.21;102.816
0.689763035;191.53;80.21;102.816
0.758704648;229.54;80.21;102.816
0.751859479;268.78;80.21;102.816
0.664026836;260.33;80.21;102.816
0.609161541;219.02;80.21;102.816
0.575957892;182.51;80.21;102.816
0.547182588;172.32;80.21;102.816
0.540893526;136.12;80.21;102.816
0.524610914;110.02;80.21;102.816
0.520135851;100.01;80.21;102.816
0.516142097;118.14;80.21;102.816
0.536923808;139.9;80.21;102.816
0.56745441;179.4;80.21;102.816
0.614430122;215.47;80.21;102.816
0.649727645;235.09;80.21;102.816
0.644648334;233.47;80.21;102.816
0.655618503;189.08;80.21;102.816
0.64212354;177.46;80.21;102.816
0.617533722;137.74;80.21;102.816
0.605378832;161.67;80.21;102.816
0.605810131;165.81;80.21;103.685
0.616916267;163.31;80.21;103.685
0.623475998;167.63;80.21;103.685
0.64130596;180.73;80.21;103.685
0.683341619;212.32;80.21;103.685
0.75614864;248.74;80.21;103.685
0.74572891;267.52;80.21;103.685
0.644161707;273.83;80.21;103.685
0.580406422;254.25;80.21;103.685
0.548702577;212.9;80.21;103.685
0.522414709;192.45;80.21;103.685
0.516390737;188.72;80.21;103.685
0.493374381;195.04;80.21;103.685
0.48831251;200.05;80.21;103.685
0.490317676;196;80.21;103.685
0.510755214;200.47;80.21;103.685
0.5393623;241.25;80.21;103.685
0.573585378;266.2;80.21;103.685
0.620637177;298.95;80.21;103.685
0.617627389;301.63;80.21;103.685
0.616787323;269.03;80.21;103.685
0.612846715;250;80.21;103.685
0.603815094;231.94;80.21;103.685
0.606217661;232.45;80.21;103.685
0.597237317;207.63;80.21;104.715
0.602079392;200.14;80.21;104.715
0.601843693;198.05;80.21;104.715
0.613349215;199.97;80.21;104.715
0.621341537;204.46;80.21;104.715
0.629198235;254;80.21;104.715
0.623111665;272.33;80.21;104.715
0.629913447;282.11;80.21;104.715
0.637602316;252.78;80.21;104.715
0.628191307;216.35;80.21;104.715
0.597735037;212.54;80.21;104.715
0.575928759;202.24;80.21;104.715
0.520968823;195.19;80.21;104.715
0.497156948;193.64;80.21;104.715
0.492889434;191.99;80.21;104.715
0.529883583;194.53;80.21;104.715
0.551067232;212.8;80.21;104.715
0.580088731;244.94;80.21;104.715
0.611615078;271.07;80.21;104.715
0.574830171;272.31;80.21;104.715
0.577376846;265.46;80.21;104.715
0.566155129;253.68;80.21;104.715
0.570717928;234.36;80.21;104.715
0.563573942;214.9;80.21;104.715
0.556373233;198.45;80.21;97.33
0.556289856;194.28;80.21;97.33
0.559754989;190.49;80.21;97.33
0.568636969;191.86;80.21;97.33
0.574266553;196.86;80.21;97.33
0.58222568;205.33;80.21;97.33
0.598636073;220.78;80.21;97.33
0.630575372;209.88;80.21;97.33
0.643714468;189.92;80.21;97.33
0.637339189;190.62;80.21;97.33
0.58546311;186.55;80.21;97.33
0.548833886;160.03;80.21;97.33
0.537244776;167.65;80.21;97.33
0.538196185;157.38;80.21;97.33
0.552861293;151.11;80.21;97.33
0.549686545;155.01;80.21;97.33
0.575204295;179.32;80.21;97.33
0.612789322;196.21;80.21;97.33
0.662509834;228.35;80.21;97.33
0.627598033;235.99;80.21;97.33
0.60289818;208.84;80.21;97.33
0.577894366;205.09;80.21;97.33
0.556130311;196.24;80.21;97.33
0.537621061;191.16;80.21;97.33
0.537298877;183.37;80.21;97.33
0.538723121;178;80.21;97.33
0.536170001;174.21;80.21;97.33
0.542009799;171.81;80.21;97.33
0.579495314;179.54;80.21;97.33
0.670768535;188.98;80.21;97.33
0.679618336;191.12;80.21;97.33
0.601599827;189.6;80.21;97.33
0.560422423;172.62;80.21;97.33
0.556709151;146.58;80.21;97.33
0.531166371;121.99;80.21;97.33
0.521789432;82.36;80.21;97.33
0.490916633;52.9;80.21;97.33
0.479563788;33.78;80.21;97.33
0.466425869;40.32;80.21;97.33
0.481772556;65.84;80.21;97.33
0.516541726;107.71;80.21;97.33
0.532994943;171.19;80.21;97.33
0.567464747;195.08;80.21;97.33
0.593209719;205.81;80.21;97.33
0.617689004;194.47;80.21;97.33
0.608010922;175.84;80.21;97.33
0.583686127;166.88;80.21;97.33
0.577326474;160.22;80.21;97.33
0.572077866;139.97;80.21;97.33
0.575832389;121.76;80.21;97.33
0.581439695;123.38;80.21;97.33
0.591667053;133.96;80.21;97.33
0.625478129;139.96;80.21;97.33
0.708606565;146.1;80.21;97.33
0.69610266;144.01;80.21;97.33
0.579787329;133.55;80.21;97.33
0.536450461;100;80.21;97.33
0.528651001;75.92;80.21;97.33
0.506079654;41.29;80.21;97.33
0.492464117;20.73;80.21;97.33
0.462071366;0.07;80.21;97.33
0.457945917;0;80.21;97.33
0.451533973;0.08;80.21;97.33
0.454865238;15;80.21;97.33
0.485712145;66.2;80.21;97.33
0.543934926;158.02;80.21;97.33
0.57715052;182.55;80.21;97.33
0.585933771;191.54;80.21;97.33
0.56799532;187.88;80.21;97.33
0.54439486;171.46;80.21;97.33
0.517985163;158.07;80.21;97.33
0.508723389;95.9;80.21;97.33
0.499473945;81;80.21;97.33
0.503435393;84;80.21;97.33
0.514019757;81;80.21;97.33
0.531697075;85.25;80.21;97.33
0.579098331;92.31;80.21;97.33
0.655516944;95.23;80.21;97.33
0.645671518;105;80.21;97.33
0.571361901;108.65;80.21;97.33
0.52738445;101.18;80.21;97.33
0.514426481;95.51;80.21;97.33
0.492181658;82.92;80.21;97.33
0.489525057;75.98;80.21;97.33
0.468797193;61.17;80.21;97.33
0.453236563;45;80.21;97.33
0.458122422;60.58;80.21;97.33
0.46547616;82.92;80.21;97.33
0.492095342;121.25;80.21;97.33
0.507057997;189.84;80.21;97.33
0.558996463;240.3;80.21;97.33
0.561948491;250.73;80.21;97.33
0.577679081;226.6;80.21;97.33
0.538054235;221.23;80.21;97.33
0.516196901;202;80.21;97.33
0.505566735;205;80.21;97.33
0.503122128;192.98;80.21;98.46
0.511786466;191.14;80.21;98.46
0.525447939;190.95;80.21;98.46
0.533462568;190;80.21;98.46
0.582389814;200.61;80.21;98.46
0.655709331;251.27;80.21;98.46
0.668682935;291.43;80.21;98.46
0.587138135;295.43;80.21;98.46
0.50523977;255.71;80.21;98.46
0.474882827;232.54;80.21;98.46
0.459795459;207.71;80.21;98.46
0.456108988;193.56;80.21;98.46
0.444364983;187.06;80.21;98.46
0.433568154;176.57;80.21;98.46
0.445407712;176.11;80.21;98.46
0.453065934;168.94;80.21;98.46
0.478186862;193.33;80.21;98.46
0.506406063;224.93;80.21;98.46
0.552309875;239.03;80.21;98.46
0.567439973;240.01;80.21;98.46
0.603225735;223.6;80.21;98.46
0.569815184;200;80.21;98.46
0.524429371;184.2;80.21;98.46
0.510609681;191;80.21;98.46
0.511838645;189.55;80.21;93.519
0.500489008;183.1;80.21;93.519
0.508935433;183.28;80.21;93.519
0.515210876;183.38;80.21;93.519
0.557658878;197.96;80.21;93.519
0.625380172;227.24;80.21;93.519
0.625966567;249.92;80.21;93.519
0.548568405;249.9;80.21;93.519
0.485512566;209.96;80.21;93.519
0.464628295;193.5;80.21;93.519
0.450023323;188.91;80.21;93.519
0.458895501;175.87;80.21;93.519
0.452561617;168.37;80.21;93.519
0.451555567;158.9;80.21;93.519
0.440917717;171.95;80.21;93.519
0.446546881;175.85;80.21;93.519
0.486500364;196.15;80.21;93.519
0.491937237;222.95;80.21;93.519
0.50823714;249;80.21;93.519
0.492835069;250;80.21;93.519
0.482608248;239.18;80.21;93.519
0.469398242;220.1;80.21;93.519
0.449007953;201.97;80.21;93.519
0.426936092;188.55;80.21;93.519
0.427192311;179.92;80.21;96.083
0.448907926;181.08;80.21;96.083
0.466293498;178.92;80.21;96.083
0.49916003;180.5;80.21;96.083
0.510002841;199.92;80.21;96.083
0.518579007;229.76;80.21;96.083
0.541634539;256.02;80.21;96.083
0.568205071;256.25;80.21;96.083
0.562315288;232.26;80.21;96.083
0.556014644;207.93;80.21;96.083
0.551772346;197.01;80.21;96.083
0.554284588;185.06;80.21;96.083
0.515181292;176.25;80.21;96.083
0.492512324;167.93;80.21;96.083
0.478699635;168.05;80.21;96.083
0.485318777;173.4;80.21;96.083
0.486073757;185.34;80.21;96.083
0.509943141;204.96;80.21;96.083
0.533331407;220.62;80.21;96.083
0.528744849;223.61;80.21;96.083
0.52263329;220.44;80.21;96.083
0.520052812;199.71;80.21;96.083
0.515033178;174.62;80.21;96.083
0.498119383;191.07;80.21;96.083
0.499766234;183.93;80.21;97.471
0.503965344;187.01;80.21;97.471
0.517569067;179.41;80.21;97.471
0.524501807;176.09;80.21;97.471
0.534585566;189.58;80.21;97.471
0.550091417;218.07;80.21;97.471
0.555644907;239.95;80.21;97.471
0.586421524;244.1;80.21;97.471
0.617387344;221.05;80.21;97.471
0.635148502;196.56;80.21;97.471
0.603147815;156.71;85.6;97.471
0.586709912;122.43;87.4;97.471
0.548353793;98.52;87.4;97.471
0.516768532;86.77;87.4;97.471
0.517684436;86.77;87.4;97.471
0.551541785;102.34;87.4;97.471
0.569002962;137;87.4;97.471
0.615039353;180.26;87.4;97.471
0.636560007;209.61;87.4;97.471
0.626275091;209.97;87.4;97.471
0.611281744;185;87.4;97.471
0.59228548;190.17;87.4;97.471
0.56619426;147.32;87.4;97.471
0.549356327;130.46;87.4;97.471
0.54739626;116.44;87.4;95.486
0.551073815;108.65;87.4;95.486
0.559325689;119.04;87.4;95.486
0.569187458;119.4;87.4;95.486
0.613973417;122.32;87.4;95.486
0.684507442;128.32;87.4;95.486
0.66766644;143.64;87.4;95.486
0.574297349;141.5;87.4;95.486
0.535027263;82.69;87.4;95.486
0.52621473;55.43;87.4;95.486
0.507167109;15.92;87.4;95.486
0.523276706;2.43;87.4;95.486
0.515010037;0.01;87.4;95.486
0.532811401;0.08;87.4;95.486
0.547325568;5.07;87.4;95.486
0.573513606;20.45;87.4;95.486
0.592516573;94.85;87.4;95.486
0.597040368;138.87;87.4;95.486
0.616335983;168.19;87.4;95.486
0.619584161;171.36;87.4;95.486
0.606628547;138.05;87.4;95.486
0.581612619;118.23;87.4;95.486
0.554812247;97.95;87.4;95.486
0.541713782;100.58;87.4;95.486
0.536966702;93.14;87.4;95.486
0.536645595;91.92;87.4;95.486
0.527371316;87.88;87.4;95.486
0.534359914;84.06;87.4;95.486
0.556723688;87.84;87.4;95.486
0.641131861;87.81;87.4;95.486
0.623077732;95.1;87.4;95.486
0.564731478;96.51;87.4;95.486
0.527502319;81.88;87.4;95.486
0.519577551;74.9;87.4;95.486
0.497495906;73.03;87.4;95.486
0.497996884;54.86;87.4;95.486
0.49034883;34.51;87.4;95.486
0.48342092;34.2;87.4;95.486
0.462830784;44.09;87.4;95.486
0.482213093;72.81;87.4;95.486
0.526172608;111.73;87.4;95.486
0.563479125;165.01;87.4;95.486
0.610464352;198.65;87.4;95.486
0.633334542;224.95;87.4;95.486
0.59366855;216.66;87.4;95.486
0.558909477;205.73;87.4;95.486
0.528872649;186.99;87.4;95.486
0.508611676;184.96;87.4;95.486
0.511355546;183.78;87.4;96.422
0.515179257;185.63;87.4;96.422
0.520171748;186.1;87.4;96.422
0.538833629;188.12;87.4;96.422
0.581867517;200.06;87.4;96.422
0.659886053;237.23;87.4;96.422
0.652370007;261.87;87.4;96.422
0.587410808;272.47;87.4;96.422
0.536848441;249.06;87.4;96.422
0.526904944;232.59;87.4;96.422
0.516546879;227.97;87.4;96.422
0.498979484;211;87.4;96.422
0.477799876;200;87.4;96.422
0.468171026;194.9;87.4;96.422
0.478736471;191.99;87.4;96.422
0.490589949;189.5;87.4;96.422
0.503337781;209.25;87.4;96.422
0.523863255;252.71;87.4;96.422
0.583343846;273.88;87.4;96.422
0.593497632;275.71;87.4;96.422
0.600798504;264.93;87.4;96.422
0.570838279;254;87.4;96.422
0.539794844;235.44;87.4;96.422
0.529720215;212.54;87.4;96.422
0.524646886;205.01;87.4;96.892
0.53113968;204.59;87.4;96.892
0.537152823;201.07;87.4;96.892
0.54742151;204.16;87.4;96.892
0.596737957;232.95;87.4;96.892
0.685991074;266.52;87.4;96.892
0.697513333;290;87.4;96.892
0.625394993;290;87.4;96.892
0.56895976;260.48;87.4;96.892
0.546564035;235.88;87.4;96.892
0.532064193;224.28;87.4;96.892
0.529122901;219.41;87.4;96.892
0.510507032;210.49;87.4;96.892
0.495059628;214.19;87.4;96.892
0.500301019;215.42;87.4;96.892
0.50959973;211.03;87.4;96.892
0.553712752;239.93;87.4;96.892
0.584840053;260.63;87.4;96.892
0.635979579;281;87.4;96.892
0.610299211;286.76;87.4;96.892
0.64078777;270.01;87.4;96.892
0.601703043;255;87.4;96.892
0.566306162;231.91;87.4;96.892
0.550705856;206.72;87.4;96.892
0.552140548;198.01;87.4;94.689
0.552101654;196.36;87.4;94.689
0.55869117;194.53;87.4;94.689
0.567094853;197.51;87.4;94.689
0.60430508;209.94;87.4;94.689
0.66840241;244.2;87.4;94.689
0.668065937;271.01;87.4;94.689
0.615120696;265.98;87.4;94.689
0.559859752;252.74;87.4;94.689
0.541457175;225.22;87.4;94.689
0.526985756;214.12;87.4;94.689
0.556431792;207.66;87.4;94.689
0.529262804;200.62;87.4;94.689
0.523705496;193.22;87.4;94.689
0.519906734;190.96;87.4;94.689
0.518975984;191.35;87.4;94.689
0.533979896;206.49;87.4;94.689
0.561996082;239.31;87.4;94.689
0.600614152;267.9;87.4;94.689
0.597831388;266.33;87.4;94.689
0.616515514;254.94;87.4;94.689
0.592818356;235.33;87.4;94.689
0.57768265;202.57;87.4;94.689
0.573985132;214.63;87.4;94.689
0.571605034;201.94;87.4;108.398
0.568129805;198;87.4;108.398
0.568069369;201.37;87.4;108.398
0.576324876;201.5;87.4;108.398
0.587602028;218.35;87.4;108.398
0.588308609;255;87.4;108.398
0.586149867;283.37;87.4;108.398
0.606135252;279.29;87.4;108.398
0.619764535;251.26;87.4;108.398
0.619509254;224.93;87.4;108.398
0.586218084;213.56;87.4;108.398
0.553291999;208;87.4;108.398
0.513694946;200.09;87.4;108.398
0.482470235;197.05;87.4;108.398
0.504883656;196.3;87.4;108.398
0.54076423;197.13;87.4;108.398
0.570943118;217.63;87.4;108.398
0.591085575;255;87.4;108.398
0.601965161;279.09;87.4;108.398
0.568744701;284.91;87.4;108.398
0.566880607;268.91;87.4;108.398
0.56078013;253.56;87.4;108.398
0.558535622;222.78;87.4;108.398
0.557448109;206.05;87.4;108.398
0.560412817;203.15;87.4;101.985
0.557720235;202.52;87.4;101.985
0.551369339;203.23;87.4;101.985
0.546361949;205.09;87.4;101.985
0.549953723;213.86;87.4;101.985
0.554361606;255.77;87.4;101.985
0.58201413;280.06;87.4;101.985
0.613107199;291.22;87.4;101.985
0.627208691;256.34;87.4;101.985
0.620987686;230.33;87.4;101.985
0.622750463;217.4;84;101.985
0.615994059;208.37;82.86;101.985
0.574707873;197.25;82.86;101.985
0.545831428;195.24;82.86;101.985
0.53535972;195.04;82.86;101.985
0.541232862;206;82.86;101.985
0.549588742;216.3;82.86;101.985
0.552243606;246.98;82.86;101.985
0.599858229;262.08;82.86;101.985
0.591667092;265.87;82.86;101.985
0.583676864;254.97;82.86;101.985
0.573932744;241.56;82.86;101.985
0.568622922;217.91;82.86;101.985
0.546984439;204.78;82.86;101.985
0.548194529;189.1;82.86;100.434
0.553156724;189.91;82.86;100.434
0.559415719;187.47;82.86;100.434
0.570040922;189.96;82.86;100.434
0.58934799;194.81;82.86;100.434
0.615743291;201;82.86;100.434
0.603391509;206.59;82.86;100.434
0.583688132;210.01;82.86;100.434
0.568694828;205.85;82.86;100.434
0.539878374;195.95;82.86;100.434
0.528377778;186.58;82.86;100.434
0.533848253;180.04;82.86;100.434
0.529790969;172.94;82.86;100.434
0.53072198;166.35;82.86;100.434
0.525563109;159.69;82.86;100.434
0.534470153;166.65;82.86;100.434
0.542035531;192.02;82.86;100.434
0.533537238;226.09;82.86;100.434
0.562877145;246.97;82.86;100.434
0.552124634;252.64;82.86;100.434
0.545484659;247.11;82.86;100.434
0.532125906;239.09;82.86;100.434
0.529535783;219;82.86;100.434
0.535426572;206;82.86;100.434
0.532372813;199.7;82.86;100.434
0.533448258;197.56;82.86;100.434
0.536753944;192.2;82.86;100.434
0.538373813;197.43;82.86;100.434
0.537695302;201.32;82.86;100.434
0.540956353;195;82.86;100.434
0.554964431;194.95;82.86;100.434
0.596552904;186.94;82.86;100.434
0.608493433;182.04;82.86;100.434
0.63002117;177.31;82.86;100.434
0.60074508;176.5;82.86;100.434
0.577804289;174.92;82.86;100.434
0.534045463;150.74;82.86;100.434
0.522040394;140.4;82.86;100.434
0.50699136;138.9;82.86;100.434
0.512249067;155.9;82.86;100.434
0.551718588;187.04;82.86;100.434
0.57028738;215.85;82.86;100.434
0.638338044;249.43;82.86;100.434
0.622653766;254.94;82.86;100.434
0.6015679;243.03;82.86;100.434
0.566248028;239.72;82.86;100.434
0.538591905;215.97;82.86;100.434
0.532652682;206.46;82.86;100.434
0.518700131;199.87;82.86;100.434
0.522842613;194.69;82.86;100.434
0.523020248;193.76;82.86;100.434
0.533008665;196.34;82.86;100.434
0.575914171;209.96;82.86;100.434
0.63954547;248.88;82.86;100.434
0.624290152;270;82.86;100.434
0.562463707;264.57;82.86;100.434
0.510639023;238.98;82.86;100.434
0.490885456;194.27;82.86;100.434
0.486689892;189.97;82.86;100.434
0.49658963;190.68;82.86;100.434
0.480550956;190.45;82.86;100.434
0.480305175;187.65;82.86;100.434
0.475095841;185.05;82.86;100.434
0.489319655;188.2;82.86;100.434
0.522474058;218.72;82.86;100.434
0.553499995;244.11;82.86;100.434
0.586991839;263.97;82.86;100.434
0.578973728;265.41;82.86;100.434
0.590493688;253.52;82.86;100.434
0.585852754;241.11;82.86;100.434
0.560289113;219.92;82.86;100.434
0.548373831;184.5;82.86;100.434
0.547062581;182.09;82.86;100.813
0.54749369;184.08;82.86;100.813
0.554753711;185.12;82.86;100.813
0.573354232;187.04;82.86;100.813
0.605875803;191.19;82.86;100.813
0.672293029;236.26;82.86;100.813
0.657593783;255.96;82.86;100.813
0.566895573;255.96;82.86;100.813
0.520343155;232.7;82.86;100.813
0.504361114;206.07;82.86;100.813
0.519421624;200.24;82.86;100.813
0.538168376;195.79;82.86;100.813
0.541142641;197.29;82.86;100.813
0.541943407;194.89;82.86;100.813
0.562974446;195.54;82.86;100.813
0.577340763;197.99;82.86;100.813
0.612513352;218.99;82.86;100.813
0.635833403;249.96;82.86;100.813
0.651212032;269.94;82.86;100.813
0.623973255;270.23;82.86;100.813
0.626166508;261.77;82.86;100.813
0.623642231;253.21;82.86;100.813
0.585310496;228.94;82.86;100.813
0.56008372;206;82.86;100.813
0.54404746;200;82.86;98.744
0.536578011;200.34;82.86;98.744
0.540382984;201.12;82.86;98.744
0.556999838;201.14;82.86;98.744
0.593555267;224.32;82.86;98.744
0.666150895;256.58;82.86;98.744
0.673452013;296.9;82.86;98.744
0.610570506;280.1;82.86;98.744
0.565081119;255.09;82.86;98.744
0.54032273;226.01;82.86;98.744
0.516006708;209.41;82.86;98.744
0.512466801;204.64;82.86;98.744
0.496671226;202.15;82.86;98.744
0.494728546;199.51;82.86;98.744
0.481556978;200.6;82.86;98.744
0.492367071;206.24;82.86;98.744
0.503020672;231.16;82.86;98.744
0.542062583;249.98;82.86;98.744
0.564838749;275.44;82.86;98.744
0.549320898;281.49;82.86;98.744
0.572614045;263.37;82.86;98.744
0.560863969;246.9;82.86;98.744
0.544019423;232.47;82.86;98.744
0.53182364;225.2;82.86;98.744
0.525529886;208.44;82.86;103.21
0.520004333;208.12;82.86;103.21
0.529489258;205.09;82.86;103.21
0.537712604;204.9;82.86;103.21
0.544567224;220.77;82.86;103.21
0.561269473;254.96;82.86;103.21
0.570081778;275.06;82.86;103.21
0.587945599;268.02;82.86;103.21
0.599271291;252.96;82.86;103.21
0.589565819;235.03;82.86;103.21
0.547118046;232.09;82.86;103.21
0.528971647;224.5;82.86;103.21
0.510117227;215.04;82.86;103.21
0.50934244;210.9;82.86;103.21
0.494517741;210;82.86;103.21
0.497853525;210.35;82.86;103.21
0.509067837;229;82.86;103.21
0.50825786;247.28;82.86;103.21
0.522775831;263;82.86;103.21
0.508471602;276.61;82.86;103.21
0.52149486;259.96;82.86;103.21
0.520597345;251.84;82.86;103.21
0.513141502;238.52;82.86;103.21
0.5066971;220.69;82.86;103.21
0.503531251;213.74;82.86;101.49
0.498499465;207.56;82.86;101.49
0.496515015;204.02;82.86;101.49
0.494827526;206.57;82.86;101.49
0.498787059;219.07;82.86;101.49
0.505454749;255.91;82.86;101.49
0.516179198;274.92;82.86;101.49
0.530707061;262.97;82.86;101.49
0.537299709;236.8;82.86;101.49
0.543719734;220;82.86;101.49
0.535104412;208.13;88.79;101.49
0.536575364;207.4;90.77;101.49
0.499846486;191.81;90.77;101.49
0.49403189;190.01;90.77;101.49
0.492723476;187.01;90.77;101.49
0.508256111;192.7;90.77;101.49
0.524642129;211.59;90.77;101.49
0.514865309;239.09;90.77;101.49
0.534232776;256.79;90.77;101.49
0.508791995;262.69;90.77;101.49
0.504573129;255.91;90.77;101.49
0.498381647;247.78;90.77;101.49
0.48465125;235.46;90.77;101.49
0.470671745;225.12;90.77;101.49
0.462866619;216.94;90.77;93.875
0.452449162;207.36;90.77;93.875
0.469038729;200.01;90.77;93.875
0.483915314;199.5;90.77;93.875
0.534648425;200.1;90.77;93.875
0.589276577;201.78;90.77;93.875
0.574091227;216.28;90.77;93.875
0.522385331;217.04;90.77;93.875
0.47173685;208.57;90.77;93.875
0.474652537;194.17;90.77;93.875
0.468704387;190.67;90.77;93.875
0.467514015;186.55;90.77;93.875
0.447060019;174.37;90.77;93.875
0.442418929;166.7;90.77;93.875
0.444919239;159.17;90.77;93.875
0.452244082;168.22;90.77;93.875
0.470545092;185.3;90.77;93.875
0.488186076;201.62;90.77;93.875
0.51544491;222.74;90.77;93.875
0.505366465;231.57;90.77;93.875
0.498862715;229;90.77;93.875
0.487792666;223.12;90.77;93.875
0.474640362;208.38;90.77;93.875
0.464537097;208.1;90.77;93.875
0.460964057;193.3;90.77;93.875
0.45760007;191.92;90.77;93.875
0.462121864;186.01;90.77;93.875
0.469111865;182.98;90.77;93.875
0.509012204;186.06;90.77;93.875
0.565228928;184.97;90.77;93.875
0.555528998;185.93;90.77;93.875
0.491014547;183.62;90.77;93.875
0.444292469;163.45;90.77;93.875
0.433055674;140.33;90.77;93.875
0.427978196;123.17;90.77;93.875
0.434345653;114.65;90.77;93.875
0.422393658;86.18;90.77;93.875
0.420470189;78.5;90.77;93.875
0.429289728;93.26;90.77;93.875
0.440435682;113.6;90.77;93.875
0.460007374;155.8;90.77;93.875
0.497171613;196.04;90.77;93.875
0.517049678;234.6;90.77;93.875
0.500067713;238.99;90.77;93.875
0.507646935;238.35;90.77;93.875
0.514362123;225.91;90.77;93.875
0.48741138;217.9;90.77;93.875
0.474549767;209.08;90.77;93.875
0.475579603;199.21;90.77;94.918
0.476685847;196.07;90.77;94.918
0.475063535;191.11;90.77;94.918
0.47929672;193.68;90.77;94.918
0.51199605;210.72;90.77;94.918
0.565968512;240;90.77;94.918
0.545202575;256.23;90.77;94.918
0.484072994;250.04;90.77;94.918
0.437774831;219.21;90.77;94.918
0.424250056;199.95;90.77;94.918
0.426367826;194.39;90.77;94.918
0.439765378;185.51;90.77;94.918
0.433313311;183.46;90.77;94.918
0.433134322;179.55;90.77;94.918
0.443920769;183.94;90.77;94.918
0.446985212;190.63;90.77;94.918
0.460471236;220.93;90.77;94.918
0.484827741;247.97;90.77;94.918
0.519418061;280;90.77;94.918
0.507033898;280;90.77;94.918
0.514351328;250.44;90.77;94.918
0.504352216;237.08;90.77;94.918
0.498602441;204.25;90.77;94.918
0.491215073;216.41;90.77;94.918
0.495498833;205.61;90.77;88
0.498036628;184.72;90.77;88
0.50101978;169.98;90.77;88
0.500855314;167.73;90.77;88
0.499044124;187.06;90.77;88
0.49566444;224.08;90.77;88
0.504265574;237.95;90.77;88
0.526523948;232.72;90.77;88
0.527329619;210.25;90.77;88
0.512538288;185;90.77;88
0.496308956;165.46;90.77;88
0.521564837;106.9;90.77;88
0.492487581;88.44;90.77;88
0.463266714;78.65;90.77;88
0.453400828;88.49;90.77;88
0.446269462;113.58;90.77;88
0.451072938;184.43;90.77;88
0.471755217;209.78;90.77;88
0.501556537;234.92;90.77;88
0.484615788;239.95;90.77;88
0.490061037;236.96;90.77;88
0.489149415;229.09;90.77;88
0.487310378;201.49;90.77;88
0.467671062;207.15;90.77;88
0.455427801;192.8;90.77;84.058
0.453028697;185.5;90.77;84.058
0.454153883;179;90.77;84.058
0.463072922;179.46;90.77;84.058
0.474501022;185.72;90.77;84.058
0.481206435;216.37;90.77;84.058
0.48087733;233.22;90.77;84.058
0.486423098;224;90.77;84.058
0.479905474;200;90.77;84.058
0.489502092;148.46;90.77;84.058
0.472667126;95.19;90.77;84.058
0.469509372;70.1;90.77;84.058
0.443188772;25.23;90.77;84.058
0.436875951;3.74;90.77;84.058
0.429788097;31.26;90.77;84.058
0.45074919;79.05;90.77;84.058
0.470465917;117.6;90.77;84.058
0.475701352;184.18;90.77;84.058
0.502696806;219.3;90.77;84.058
0.479547628;221.93;90.77;84.058
0.479473615;220;90.77;84.058
0.472409827;206.01;90.77;84.058
0.458411037;192.93;90.77;84.058
0.463768047;149.9;90.77;84.058
0.458954465;145.01;90.77;84.575
0.458973482;140.01;90.77;84.575
0.466217723;145.66;90.77;84.575
0.465845963;148.91;90.77;84.575
0.460003962;172.42;90.77;84.575
0.449889976;211.94;90.77;84.575
0.463131736;230.56;90.77;84.575
0.499337173;223.46;90.77;84.575
0.498039692;189.21;90.77;84.575
0.489105806;144.04;90.77;84.575
0.484985869;122.63;90.77;84.575
0.479631121;98.46;90.77;84.575
0.452280534;82.38;90.77;84.575
0.452915073;82.3;90.77;84.575
0.457071508;98.74;90.77;84.575
0.462994437;137.32;90.77;84.575
0.467367556;183.91;90.77;84.575
0.466431309;213.69;90.77;84.575
0.479582492;233.5;90.77;84.575
0.452053601;241.77;90.77;84.575
0.459353377;233.17;90.77;84.575
0.453322472;224.32;90.77;84.575
0.457359762;205.56;90.77;84.575
0.456777481;210;90.77;84.575
0.461228167;202.71;90.77;96.188
0.455796389;189;90.77;96.188
0.458776093;174.74;90.77;96.188
0.462525185;176.26;90.77;96.188
0.47140155;203.2;90.77;96.188
0.468502328;226.93;90.77;96.188
0.462807686;242.74;90.77;96.188
0.471155932;242.29;90.77;96.188
0.483474575;225.1;90.77;96.188
0.489167362;180.04;90.77;96.188
0.469852508;122.95;89.26;96.188
0.471812905;89.81;88.75;96.188
0.450774921;60.5;88.75;96.188
0.447102915;25.66;88.75;96.188
0.439439435;29.8;88.75;96.188
0.443298187;49.1;88.75;96.188
0.47261792;113.7;88.75;96.188
0.492410203;188.59;88.75;96.188
0.518845495;220.77;88.75;96.188
0.499760911;231.09;88.75;96.188
0.500673023;229;88.75;96.188
0.487284447;220.36;88.75;96.188
0.461368579;196.57;88.75;96.188
0.448885792;181;88.75;96.188
0.447593751;158.66;88.75;91.051
0.449364154;150.01;88.75;91.051
0.454913523;133.9;88.75;91.051
0.462337034;155.18;88.75;91.051
0.497042614;168.99;88.75;91.051
0.555614044;184.07;88.75;91.051
0.556729769;194.3;88.75;91.051
0.497454391;184.94;88.75;91.051
0.447819761;160;88.75;91.051
0.430433521;124.05;88.75;91.051
0.429487444;89.46;88.75;91.051
0.439478101;76.46;88.75;91.051
0.427821375;20.11;88.75;91.051
0.425295725;6.28;88.75;91.051
0.427284996;55.98;88.75;91.051
0.434157551;89.4;88.75;91.051
0.453741494;162.02;88.75;91.051
0.475342736;206.38;88.75;91.051
0.514531638;225;88.75;91.051
0.495424544;240.04;88.75;91.051
0.500306281;241.87;88.75;91.051
0.470068986;239;88.75;91.051
0.451482557;224.15;88.75;91.051
0.439404206;214.91;88.75;91.051
0.433272172;196.35;88.75;91.051
0.434663327;185.43;88.75;91.051
0.437727399;174.15;88.75;91.051
0.45032796;170.17;88.75;91.051
0.479300153;170.25;88.75;91.051
0.524467014;162.92;88.75;91.051
0.510308846;158.57;88.75;91.051
0.464709405;154.98;88.75;91.051
0.429851482;110.6;88.75;91.051
0.434005756;95.98;88.75;91.051
0.427088613;90;88.75;91.051
0.444507692;75;88.75;91.051
0.445782243;45.35;88.75;91.051
0.425148065;20.15;88.75;91.051
0.421881465;39.58;88.75;91.051
0.422483419;76.21;88.75;91.051
0.441802245;133.33;88.75;91.051
0.478195839;199.74;88.75;91.051
0.51996684;226.11;88.75;91.051
0.499935531;230.57;88.75;91.051
0.471173217;226.18;88.75;91.051
0.45730885;219.57;88.75;91.051
0.44237911;200.5;88.75;91.051
0.433223712;180.18;88.75;91.051
0.426285879;169.06;88.75;91.894
0.425918001;169.13;88.75;91.894
0.430530513;169.89;88.75;91.894
0.438258177;169.53;88.75;91.894
0.466190162;182.04;88.75;91.894
0.519137962;229.95;88.75;91.894
0.518254916;248.08;88.75;91.894
0.467427763;251.09;88.75;91.894
0.431362371;231.08;88.75;91.894
0.433700819;210.62;88.75;91.894
0.42669529;199.68;88.75;91.894
0.435568567;185.34;88.75;91.894
0.420648424;182.33;88.75;91.894
0.416691326;185.39;88.75;91.894
0.416944564;186.26;88.75;91.894
0.42919357;203.27;88.75;91.894
0.455446625;219.17;88.75;91.894
0.485549174;245.74;88.75;91.894
0.506959439;276.31;88.75;91.894
0.495165969;275.36;88.75;91.894
0.483299077;259.9;88.75;91.894
0.456500106;240.2;88.75;91.894
0.431747532;208.38;88.75;91.894
0.417542793;203.39;88.75;91.894
0.410696722;195.94;88.75;92.624
0.415465053;189.1;88.75;92.624
0.422182233;185.05;88.75;92.624
0.432181863;189.2;88.75;92.624
0.470974418;202.24;88.75;92.624
0.539211018;236.7;88.75;92.624
0.560692725;264.89;88.75;92.624
0.50063495;274.17;88.75;92.624
0.471401782;244.91;88.75;92.624
0.460251681;231.99;88.75;92.624
0.46528257;216.29;88.75;92.624
0.479591867;208.09;88.75;92.624
0.471466832;197.46;88.75;92.624
0.452104436;189.24;88.75;92.624
0.44078041;187.97;88.75;92.624
0.449349722;204.12;88.75;92.624
0.473664564;237.13;88.75;92.624
0.497133248;251.82;88.75;92.624
0.541419968;290;88.75;92.624
0.521383533;298.21;88.75;92.624
0.51008533;265.88;88.75;92.624
0.507570141;245.46;88.75;92.624
0.48965718;208.73;88.75;92.624
0.466708697;206.47;88.75;92.624
0.449441547;187.89;88.75;92.99
0.447713487;176.23;88.75;92.99
0.451411154;170.98;88.75;92.99
0.457618282;173.48;88.75;92.99
0.486844482;179.61;88.75;92.99
0.544080182;219.95;88.75;92.99
0.555725844;247.6;88.75;92.99
0.508388759;241.29;88.75;92.99
0.472651995;211.07;88.75;92.99
0.45152269;179.17;88.75;92.99
0.446510575;174.9;88.75;92.99
0.457874683;179.94;88.75;92.99
0.459301668;177.03;88.75;92.99
0.451618287;176.71;88.75;92.99
0.453378858;178.9;88.75;92.99
0.466959444;194.94;88.75;92.99
0.464474435;216.84;88.75;92.99
0.470587009;241.2;88.75;92.99
0.495547378;286.99;88.75;92.99
0.478217284;280;88.75;92.99
0.495928004;245.88;88.75;92.99
0.510568331;225.73;88.75;92.99
0.498273671;194.47;88.75;92.99
0.477411087;196.96;88.75;92.99
0.469379367;185.01;88.75;93.894
0.467029996;179.94;88.75;93.894
0.471138234;176.27;88.75;93.894
0.476366972;177.98;88.75;93.894
0.476319142;185.06;88.75;93.894
0.473904431;222.33;88.75;93.894
0.482648404;250.04;88.75;93.894
0.508291874;249.31;88.75;93.894
0.520830842;229.93;88.75;93.894
0.519829483;198.22;88.75;93.894
0.504684555;183.99;88.75;93.894
0.490269132;182.96;88.75;93.894
0.471766446;180.8;88.75;93.894
0.476830545;176.2;88.75;93.894
0.460452658;185.09;88.75;93.894
0.450636307;198.96;88.75;93.894
0.45550419;224.02;88.75;93.894
0.457613587;232.99;88.75;93.894
0.467029813;269.27;88.75;93.894
0.448933117;273.4;88.75;93.894
0.454253376;253;88.75;93.894
0.459350405;234.38;88.75;93.894
0.459187682;213.31;88.75;93.894
0.446095471;211.1;88.75;93.894
0.43709517;195.98;88.75;90.38
0.434068676;189.56;88.75;90.38
0.440083877;188;88.75;90.38
0.447213527;189.56;88.75;90.38
0.437443961;208.62;88.75;90.38
0.436602535;237.24;88.75;90.38
0.445237488;263.32;88.75;90.38
0.475312305;250;88.75;90.38
0.474143555;224;88.75;90.38
0.488231469;204.97;88.75;90.38
0.489794765;201.6;83.05;90.38
0.488019867;197.4;81.15;90.38
0.453667573;190.07;81.15;90.38
0.444710464;185.33;81.15;90.38
0.446296964;189.26;81.15;90.38
0.448036308;190;81.15;90.38
0.465725561;216.3;81.15;90.38
0.483177946;227.7;81.15;90.38
0.519333096;230.99;81.15;90.38
0.489677414;231.03;81.15;90.38
0.465200413;218.03;81.15;90.38
0.446549548;205.27;81.15;90.38
0.437707449;176.3;81.15;90.38
0.441496697;134.15;81.15;90.38
0.434437962;125.3;81.15;85.862
0.43488717;96.29;81.15;85.862
0.436618935;94.66;81.15;85.862
0.439687267;91.76;81.15;85.862
0.476663899;90.01;81.15;85.862
0.535927582;105.14;81.15;85.862
0.54505666;118.9;81.15;85.862
0.475356865;110.8;81.15;85.862
0.435387702;83.93;81.15;85.862
0.431649164;74.99;81.15;85.862
0.43169005;14.19;81.15;85.862
0.441217358;0.48;81.15;85.862
0.422184607;-0.06;81.15;85.862
0.416085582;-0.09;81.15;85.862
0.418513028;0.01;81.15;85.862
0.428461982;11.01;81.15;85.862
0.45431748;81.49;81.15;85.862
0.482924039;161.27;81.15;85.862
0.496018625;201;81.15;85.862
0.474946579;219.32;81.15;85.862
0.476597758;228.11;81.15;85.862
0.469048981;223.85;81.15;85.862
0.446493844;214.18;81.15;85.862
0.432597947;186.58;81.15;85.862
0.431307233;179.4;81.15;85.862
0.432902192;172.5;81.15;85.862
0.434380197;170;81.15;85.862
0.44076989;171;81.15;85.862
0.462405048;169.91;81.15;85.862
0.513339687;166.96;81.15;85.862
0.510240666;166.88;81.15;85.862
0.459090562;160;81.15;85.862
0.427520579;149.96;81.15;85.862
0.423687229;138.29;81.15;85.862
0.414426976;138.25;81.15;85.862
0.423804573;136.95;81.15;85.862
0.414380289;109.92;81.15;85.862
0.404940347;101.4;81.15;85.862
0.406505139;103.7;81.15;85.862
0.419074954;133.19;81.15;85.862
0.442228352;156.62;81.15;85.862
0.48857672;195.29;81.15;85.862
0.520657259;213.37;81.15;85.862
0.477417178;225.55;81.15;85.862
0.459440864;227.9;81.15;85.862
0.460089858;219.91;81.15;85.862
0.44753249;191.24;81.15;85.862
0.437537005;175.89;81.15;85.862
0.427723536;164.57;81.15;86.503
0.424470313;158.75;81.15;86.503
0.428367375;155.07;81.15;86.503
0.43411613;158.2;81.15;86.503
0.455163512;172.54;81.15;86.503
0.51230448;202.7;81.15;86.503
0.507983671;224.96;81.15;86.503
0.460687961;230.02;81.15;86.503
0.433001807;220.97;81.15;86.503
0.434925791;217.19;81.15;86.503
0.429556933;202.68;81.15;86.503
0.426510869;188.88;81.15;86.503
0.410470864;171.73;81.15;86.503
0.414607987;171.63;81.15;86.503
0.413259723;170.88;81.15;86.503
0.42166036;175.25;81.15;86.503
0.445326673;197.1;81.15;86.503
0.466153077;214.03;81.15;86.503
0.499929564;214.94;81.15;86.503
0.471952831;210.07;81.15;86.503
0.491706178;190;81.15;86.503
0.485741148;179.91;81.15;86.503
0.458307524;147.35;81.15;86.503
0.444485087;92.07;81.15;86.503
0.437045597;82.85;81.15;80.55
0.439231638;81.77;81.15;80.55
0.447764953;96.24;81.15;80.55
0.464446197;107.4;81.15;80.55
0.498179157;155.95;81.15;80.55
0.562501189;188.91;81.15;80.55
0.564262117;210.29;81.15;80.55
0.518932076;209.14;81.15;80.55
0.469061819;193;81.15;80.55
0.448996785;180.05;81.15;80.55
0.437587445;163.36;81.15;80.55
0.443595947;150.5;81.15;80.55
0.435754832;137.56;81.15;80.55
0.438798303;124.5;81.15;80.55
0.434395445;149.99;81.15;80.55
0.437048285;162.47;81.15;80.55
0.455785339;171.43;81.15;80.55
0.486162038;198.38;81.15;80.55
0.508120292;212.98;81.15;80.55
0.481999022;219.99;81.15;80.55
0.474628974;220.3;81.15;80.55
0.46936195;211.91;81.15;80.55
0.453413993;189.64;81.15;80.55
0.450250362;190.73;81.15;80.55
0.451379474;180.06;81.15;80.479
0.454088811;170.51;81.15;80.479
0.457401237;167.92;81.15;80.479
0.4672056;169.9;81.15;80.479
0.491444481;178.14;81.15;80.479
0.542066291;211.11;81.15;80.479
0.535321817;230;81.15;80.479
0.48204683;227.88;81.15;80.479
0.447355261;207.21;81.15;80.479
0.444838326;174.26;81.15;80.479
0.432412409;168.98;81.15;80.479
0.446544252;161.83;81.15;80.479
0.447769433;145.17;81.15;80.479
0.446263158;137.78;81.15;80.479
0.438708795;124.06;81.15;80.479
0.440795658;124.08;81.15;80.479
0.449256518;151.69;81.15;80.479
0.455746823;166.32;81.15;80.479
0.474143749;192.77;81.15;80.479
0.455802267;210.13;81.15;80.479
0.461045729;211.95;81.15;80.479
0.47289241;192.26;81.15;80.479
0.466445232;165.17;81.15;80.479
0.453634836;132.39;81.15;80.479
0.447220179;82.68;81.15;80.546
0.450274055;82.19;81.15;80.546
0.453815286;77.02;81.15;80.546
0.454861787;84.73;81.15;80.546
0.453954304;84.8;81.15;80.546
0.455364421;77.09;81.15;80.546
0.465927326;77.04;81.15;80.546
0.485243098;51.85;81.15;80.546
0.487876407;7.37;81.15;80.546
0.487641744;1.96;81.15;80.546
0.492522956;0.07;81.15;80.546
0.488901606;0;81.15;80.546
0.472068447;-0.08;81.15;80.546
0.464247097;-4.4;81.15;80.546
0.460397239;-1.36;81.15;80.546
0.463521464;0.01;81.15;80.546
0.461301532;9.29;81.15;80.546
0.463487816;113.27;81.15;80.546
0.472100866;154.12;81.15;80.546
0.460040627;168.09;81.15;80.546
0.44416654;162.26;81.15;80.546
0.442329153;159.17;81.15;80.546
0.440096609;110.82;81.15;80.546
0.443248001;77.15;81.15;80.546
0.435520793;56.99;81.15;81.6
0.429775217;50.06;81.15;81.6
0.427004441;50.02;81.15;81.6
0.42847222;76.43;81.15;81.6
0.432774517;90.9;81.15;81.6
0.437380901;112.28;81.15;81.6
0.446397261;138.59;81.15;81.6
0.472982915;76.44;81.15;81.6
0.503911875;44.31;81.15;81.6
0.514499772;3.01;81.15;81.6
0.506024769;0.06;81.15;81.6
0.491854229;0.03;81.15;81.6
0.469645548;-0.1;81.15;81.6
0.460561423;-10.8;81.15;81.6
0.456828851;-7.36;81.15;81.6
0.469304773;-0.04;81.15;81.6
0.475071087;0.1;81.15;81.6
0.486287833;7.11;81.15;81.6
0.515607195;51.65;81.15;81.6
0.504833235;75.97;81.15;81.6
0.502055381;77.12;81.15;81.6
0.499798457;75.96;81.15;81.6
0.477087818;76.49;81.15;81.6
0.454373065;9.79;81.15;81.6
0.444130263;8.11;81.15;81.798
0.44586723;3.78;81.15;81.798
0.456605103;2.73;81.15;81.798
0.464224236;2.99;81.15;81.798
0.498953916;1.93;81.15;81.798
0.561164018;2.97;81.15;81.798
0.557596441;1.96;81.15;81.798
0.491997906;0.59;81.15;81.798
0.449452451;0.02;81.15;81.798
0.437664764;-0.05;81.15;81.798
0.438785498;-0.28;81.15;81.798
0.441754678;-1.36;81.15;81.798
0.435811894;-13.85;81.15;81.798
0.4288966;-10.01;81.15;81.798
0.42852627;-3.15;81.15;81.798
0.432177209;-0.03;81.15;81.798
0.449156762;12.56;81.15;81.798
0.472636903;79.44;81.15;81.798
0.495384611;135.46;81.15;81.798
0.483170797;158.33;81.15;81.798
0.476918229;164.37;81.15;81.798
0.470627342;170;81.15;81.798
0.453814427;158.08;81.15;81.798
0.436835911;162.11;81.15;81.798
0.439380055;141.28;81.15;81.798
0.438807876;140.79;81.15;81.798
0.441967688;138.37;81.15;81.798
0.446860379;140.04;81.15;81.798
0.469917972;141.32;81.15;81.798
0.513632685;133.8;81.15;81.798
0.505794981;138.37;81.15;81.798
0.463110323;140.15;81.15;81.798
0.421199671;140.08;81.15;81.798
0.417083822;140;81.15;81.798
0.418067212;145.06;81.15;81.798
0.42672868;141;81.15;81.798
0.413373221;133.49;81.15;81.798
0.413140696;123.78;81.15;81.798
0.409283;121.59;81.15;81.798
0.426998688;120;81.15;81.798
0.444592148;150;81.15;81.798
0.457506192;179.56;81.15;81.798
0.479483848;201.38;81.15;81.798
0.458825621;214.94;81.15;81.798
0.452409902;224.97;81.15;81.798
0.448163559;225;81.15;81.798
0.428358939;214.96;81.15;81.798
0.402405639;203.9;81.15;81.798
0.391712699;194.72;81.15;82.59
0.389018671;192.65;81.15;82.59
0.388955725;184.5;81.15;82.59
0.392467672;182.92;81.15;82.59
0.423754441;195.74;81.15;82.59
0.488290788;230.68;81.15;82.59
0.512198404;257.95;81.15;82.59
0.459744481;260.27;81.15;82.59
0.4195105;232.92;81.15;82.59
0.410783571;230;81.15;82.59
0.42095695;229.77;81.15;82.59
0.42704956;215;81.15;82.59
0.415157262;207.5;81.15;82.59
0.41480272;201.28;81.15;82.59
0.423348643;202.29;81.15;82.59
0.427186834;210.9;81.15;82.59
0.447892348;225.7;81.15;82.59
0.458180688;241.36;81.15;82.59
0.488968003;291.14;81.15;82.59
0.477161215;295;81.15;82.59
0.453423629;266.46;81.15;82.59
0.444028954;243.68;81.15;82.59
0.436749446;227.5;81.15;82.59
0.422883002;200.91;81.15;82.59
0.416044288;183;81.15;87.14
0.417981815;179.62;81.15;87.14
0.426287772;177.02;81.15;87.14
0.442717438;180.01;81.15;87.14
0.471519617;195.99;81.15;87.14
0.516853018;228.68;81.15;87.14
0.512161815;247.77;81.15;87.14
0.47003406;243.14;81.15;87.14
0.43818079;225.9;81.15;87.14
0.432420211;200.63;81.15;87.14
0.425862786;193.91;81.15;87.14
0.432873347;192.27;81.15;87.14
0.421440303;184.07;81.15;87.14
0.420098326;182.54;81.15;87.14
0.425808951;182.08;81.15;87.14
0.430588185;182.38;81.15;87.14
0.446935995;200;81.15;87.14
0.472337054;234.97;81.15;87.14
0.502883389;255.02;81.15;87.14
0.499892404;258.67;81.15;87.14
0.481256148;247.51;81.15;87.14
0.478325323;240.01;81.15;87.14
0.460814078;227.98;81.15;87.14
0.454623282;220;81.15;87.14
0.450859901;207.45;81.15;90.344
0.454660775;199.09;81.15;90.344
0.45651309;182.53;81.15;90.344
0.461415583;182.28;81.15;90.344
0.480092935;198.95;81.15;90.344
0.518169232;230;81.15;90.344
0.516340763;249.68;81.15;90.344
0.476027105;246.36;81.15;90.344
0.457115984;228.82;81.15;90.344
0.451263256;211.8;81.15;90.344
0.439657225;206.6;81.15;90.344
0.447458369;189.77;81.15;90.344
0.445495673;184.86;81.15;90.344
0.445994115;184.86;81.15;90.344
0.447581536;180.04;81.15;90.344
0.454802799;181.6;81.15;90.344
0.447356043;199.71;81.15;90.344
0.453543391;229.92;81.15;90.344
0.482054639;251.98;81.15;90.344
0.467419634;257.71;81.15;90.344
0.460583934;262.6;81.15;90.344
0.445862065;250;81.15;90.344
0.427432286;230.33;81.15;90.344
0.411234781;191;81.15;90.344
0.400448402;175.04;81.15;80.803
0.399389866;169.33;81.15;80.803
0.402358987;161.96;81.15;80.803
0.404182059;165.05;81.15;80.803
0.404147795;171.7;81.15;80.803
0.40915878;209.65;81.15;80.803
0.42887281;223.1;81.15;80.803
0.475415318;218.13;81.15;80.803
0.491956729;190.26;81.15;80.803
0.493444039;173.81;81.15;80.803
0.481779967;167.5;81.15;80.803
0.471086609;162.51;81.15;80.803
0.452585396;152.8;81.15;80.803
0.436810459;150.4;81.15;80.803
0.444654553;154.8;81.15;80.803
0.460589095;164.86;81.15;80.803
0.466598036;174.74;81.15;80.803
0.46912349;218.05;81.15;80.803
0.478886232;230.65;81.15;80.803
0.447184198;238.97;81.15;80.803
0.43689215;228.94;81.15;80.803
0.437001771;229.78;81.15;80.803
0.422113295;209.87;81.15;80.803
0.410856498;177.61;81.15;80.803
0.406915034;163.13;81.15;80.803
0.413515984;157.41;81.15;80.803
0.420855687;159.62;81.15;80.803
0.416891033;161.7;81.15;80.803
0.415007574;169.94;81.15;80.803
0.412610371;209.83;81.15;80.803
0.42762827;225.11;81.15;80.803
0.459479951;217.18;81.15;80.803
0.472891289;197.12;81.15;80.803
0.493053853;179.97;81.15;80.803
0.481655541;161.85;81.15;80.803
0.464302237;161.67;81.15;80.803
0.452278896;150.23;81.15;80.803
0.446092691;151.96;81.15;80.803
0.442574034;155.14;81.15;80.803
0.443507833;163.09;81.15;80.803
0.458530775;195.41;81.15;80.803
0.485942997;216.31;81.15;80.803
0.513725979;225;81.15;80.803
0.502971403;221.83;81.15;80.803
0.48183779;212.86;81.15;80.803
0.472213545;211.96;81.15;80.803
0.437499111;183.16;81.15;80.803
0.409063706;175.81;81.15;80.803
0.402483085;167.97;81.15;80.803
0.399994304;166.92;81.15;80.803
0.400744443;157.05;81.15;80.803
0.401393172;155.5;81.15;80.803
0.431503186;156.01;81.15;80.803
0.490738518;159.8;81.15;80.803
0.506350443;169.86;81.15;80.803
0.470700169;180;81.15;80.803
0.439948403;178.5;81.15;80.803
0.439965578;163.33;81.15;80.803
0.449068213;139.98;81.15;80.803
0.45123278;135.14;81.15;80.803
0.429673464;114.28;81.15;80.803
0.42022665;94.86;81.15;80.803
0.423638517;118.99;81.15;80.803
0.432339786;141.42;81.15;80.803
0.454891347;158.92;81.15;80.803
0.470036113;179.83;81.15;80.803
0.492841798;199.03;81.15;80.803
0.479612221;209.24;81.15;80.803
0.476109995;198.98;81.15;80.803
0.463133601;199.06;81.15;80.803
0.444138474;179.36;81.15;80.803
0.419210226;165.52;81.15;80.803
0.420467834;157.23;81.15;80.771
0.430937584;149.57;81.15;80.771
0.441105608;136.88;81.15;80.771
0.453315886;136.04;81.15;80.771
0.483487614;128.04;81.15;80.771
0.540058015;127.27;81.15;80.771
0.542605002;133.65;81.15;80.771
0.50725458;136.28;81.15;80.771
0.458260237;142.65;81.15;80.771
0.444137267;141.36;81.15;80.771
0.43968168;143.62;81.15;80.771
0.440966797;132.5;81.15;80.771
0.425930034;90.36;81.15;80.771
0.422436857;98.31;81.15;80.771
0.429706227;121.95;81.15;80.771
0.442570662;132.03;81.15;80.771
0.462110177;150.02;81.15;80.771
0.474149251;163.03;81.15;80.771
0.484094502;168.8;81.15;80.771
0.483079058;169.44;81.15;80.771
0.484508394;166.36;81.15;80.771
0.483507449;169.22;81.15;80.771
0.482686247;137.74;81.15;80.771
0.484057006;103.4;81.15;80.771
0.4772051;90.86;81.15;80.739
0.474640124;82.07;81.15;80.739
0.46501466;88.02;81.15;80.739
0.452026799;85.05;81.15;80.739
0.455633515;88.08;81.15;80.739
0.458483423;90.06;81.15;80.739
0.458847285;94.22;81.15;80.739
0.474600469;84.05;81.15;80.739
0.480651754;57.05;81.15;80.739
0.506808423;30;81.15;80.739
0.50551879;11.06;81.15;80.739
0.488328163;0.1;81.15;80.739
0.466205277;-0.08;81.15;80.739
0.443289527;-0.59;81.15;80.739
0.436371248;-0.01;81.15;80.739
0.453638233;0.81;81.15;80.739
0.456620953;82.06;81.15;80.739
0.483083986;169.55;81.15;80.739
0.522057364;200;81.15;80.739
0.511270641;214.97;81.15;80.739
0.50187922;214.04;81.15;80.739
0.489886327;217.42;81.15;80.739
0.472601568;189.7;81.15;80.739
0.461411788;163.72;81.15;80.739
0.456456819;154.34;81.15;79.768
0.458678201;150.61;81.15;79.768
0.461526673;145.72;81.15;79.768
0.464812422;146.88;81.15;79.768
0.49138945;154.33;81.15;79.768
0.535868334;175.7;81.15;79.768
0.532272522;216.93;81.15;79.768
0.479042961;220.12;81.15;79.768
0.445710396;210.99;81.15;79.768
0.430076322;191;81.15;79.768
0.434135824;173.32;81.15;79.768
0.446829028;168.7;81.15;79.768
0.437132794;168.7;81.15;79.768
0.430398587;165.52;81.15;79.768
0.431378987;163.87;81.15;79.768
0.436842239;164.07;81.15;79.768
0.4501866;173.1;81.15;79.768
0.465635843;200;81.15;79.768
0.484482051;218.04;81.15;79.768
0.459463869;227.46;81.15;79.768
0.45886038;228.81;81.15;79.768
0.451188057;220.26;81.15;79.768
0.43156047;210.97;81.15;79.768
0.427365239;185.05;81.15;79.768
0.422302831;168.95;81.15;78.361
0.425392574;165.1;81.15;78.361
0.425740284;162.96;81.15;78.361
0.42916575;164.92;81.15;78.361
0.453073133;175;81.15;78.361
0.515368945;197.42;81.15;78.361
0.515686935;213.93;81.15;78.361
0.486056905;215.01;81.15;78.361
0.451133237;205.29;81.15;78.361
0.440438977;191;81.15;78.361
0.436559499;183.58;81.15;78.361
0.446012207;180.58;81.15;78.361
0.435595778;174.43;81.15;78.361
0.43080436;176.43;81.15;78.361
0.429376369;178.99;81.15;78.361
0.431306691;181.73;81.15;78.361
0.440741326;199.66;81.15;78.361
0.460083614;209.69;81.15;78.361
0.488290487;227.2;81.15;78.361
0.462660334;212.36;81.15;78.361
0.457861499;211.98;81.15;78.361
0.460331526;211;81.15;78.361
0.459226361;176.09;81.15;78.361
0.447643414;189.01;81.15;78.361
0.440176756;170.63;81.15;77.288
0.435794539;165;81.15;77.288
0.436055924;164.81;81.15;77.288
0.436801485;164.85;81.15;77.288
0.434765234;174.54;81.15;77.288
0.434871033;205.75;81.15;77.288
0.44106391;215.06;81.15;77.288
0.463207449;221.92;81.15;77.288
0.49625808;214.21;81.15;77.288
0.505148836;205.13;81.15;77.288
0.507383832;189.43;81.15;77.288
0.49074986;183.18;81.15;77.288
0.457913017;169.63;81.15;77.288
0.438127855;161.16;81.15;77.288
0.438219633;154.04;81.15;77.288
0.438444853;153.31;81.15;77.288
0.444990526;166.76;81.15;77.288
0.451172714;177.73;81.15;77.288
0.461765079;191.97;81.15;77.288
0.446648089;202.28;81.15;77.288
0.44136152;210.24;81.15;77.288
0.430377336;209.09;81.15;77.288
0.415177135;192.07;81.15;77.288
0.40871971;196.58;81.15;77.288
0.406539579;170;81.15;83.934
0.406587223;164.24;81.15;83.934
0.402140245;163.81;81.15;83.934
0.403471466;163.84;81.15;83.934
0.400260364;179.14;81.15;83.934
0.409572773;207.91;81.15;83.934
0.426122112;213.76;81.15;83.934
0.458021705;212.84;81.15;83.934
0.479746823;194.94;81.15;83.934
0.495079253;175.16;81.15;83.934
0.488248522;164.17;80.84;83.934
0.473027209;157.77;80.73;83.934
0.451021328;159.07;80.73;83.934
0.441752906;151.61;80.73;83.934
0.445233476;155.83;80.73;83.934
0.442519378;162.8;80.73;83.934
0.450361058;185.78;80.73;83.934
0.469281947;202.44;80.73;83.934
0.490184577;218.51;80.73;83.934
0.474431398;220.46;80.73;83.934
0.472122419;216.9;80.73;83.934
0.468515573;215.48;80.73;83.934
0.423789892;205.07;80.73;83.934
0.407019653;202.71;80.73;83.934
0.413780979;186.01;80.73;80.453
0.411857401;173.39;80.73;80.453
0.416376255;165.68;80.73;80.453
0.414022503;158.56;80.73;80.453
0.422298471;155.46;80.73;80.453
0.44771069;157.84;80.73;80.453
0.460421695;151.42;80.73;80.453
0.452535649;149;80.73;80.453
0.441537441;111.05;80.73;80.453
0.440553095;80.29;80.73;80.453
0.44496456;72.28;80.73;80.453
0.452448969;62.62;80.73;80.453
0.446890099;48.15;80.73;80.453
0.439702634;4.23;80.73;80.453
0.435490382;37.53;80.73;80.453
0.441218051;61.49;80.73;80.453
0.442198944;76.05;80.73;80.453
0.446869545;155.36;80.73;80.453
0.465745532;196.39;80.73;80.453
0.444093079;209.33;80.73;80.453
0.444232125;211.06;80.73;80.453
0.437658775;207.92;80.73;80.453
0.425656222;199;80.73;80.453
0.421440113;195;80.73;80.453
0.406196484;164.45;80.73;80.453
0.405487244;154.18;80.73;80.453
0.411043654;145.76;80.73;80.453
0.416703693;145.28;80.73;80.453
0.433187841;131.89;80.73;80.453
0.481008323;120.32;80.73;80.453
0.479298229;117.01;80.73;80.453
0.457151649;103.03;80.73;80.453
0.433503966;80.83;80.73;80.453
0.431704408;74.37;80.73;80.453
0.423048956;48.89;80.73;80.453
0.428975301;19.91;80.73;80.453
0.411856531;4.82;80.73;80.453
0.412464189;0.08;80.73;80.453
0.422692648;9.95;80.73;80.453
0.429374696;44.79;80.73;80.453
0.437988645;85.33;80.73;80.453
0.449119629;159.95;80.73;80.453
0.48098797;185.31;80.73;80.453
0.459757406;205.98;80.73;80.453
0.453986466;210.98;80.73;80.453
0.449946972;210;80.73;80.453
0.44382678;188.83;80.73;80.453
0.429484184;173.97;80.73;80.453
0.425039512;162.67;80.73;81.222
0.4316604;155.11;80.73;81.222
0.433154846;149.92;80.73;81.222
0.440903206;146.92;80.73;81.222
0.451537756;158.47;80.73;81.222
0.493945236;200.03;80.73;81.222
0.503147161;211.19;80.73;81.222
0.455887892;212.12;80.73;81.222
0.426340834;179.22;80.73;81.222
0.421567804;165.7;80.73;81.222
0.417004962;147.17;80.73;81.222
0.426738592;139.6;80.73;81.222
0.414420353;106.06;80.73;81.222
0.409039514;87.59;80.73;81.222
0.417134697;85.23;80.73;81.222
0.429417233;106.26;80.73;81.222
0.43625801;142.92;80.73;81.222
0.447000132;160.35;80.73;81.222
0.462508049;207.46;80.73;81.222
0.447563752;224.9;80.73;81.222
0.459123895;225.97;80.73;81.222
0.462490038;223.47;80.73;81.222
0.443954719;201.24;80.73;81.222
0.42343156;174.44;80.73;81.222
0.413889495;162.72;80.73;81.409
0.405253344;161.69;80.73;81.409
0.406489785;157.58;80.73;81.409
0.409606778;162.9;80.73;81.409
0.437675943;171;80.73;81.409
0.496299128;215.22;80.73;81.409
0.499277193;227.88;80.73;81.409
0.465365157;211.95;80.73;81.409
0.435474532;181.57;80.73;81.409
0.43932811;164.04;80.73;81.409
0.435679728;164.09;80.73;81.409
0.44535441;162.84;80.73;81.409
0.429793627;157.51;80.73;81.409
0.430726944;151.74;80.73;81.409
0.440309013;163.95;80.73;81.409
0.450976826;173.97;80.73;81.409
0.456765573;202.74;80.73;81.409
0.460081244;230.97;80.73;81.409
0.471714164;288.9;80.73;81.409
0.459753099;295.68;80.73;81.409
0.46636119;248.15;80.73;81.409
0.462063161;234.9;80.73;81.409
0.441876324;213.11;80.73;81.409
0.421791563;197.96;80.73;81.409
0.403544845;183.5;80.73;91.499
0.400265344;177.67;80.73;91.499
0.397368208;173.02;80.73;91.499
0.403742728;173.18;80.73;91.499
0.423824273;182.23;80.73;91.499
0.465114107;219.61;80.73;91.499
0.489494292;246.95;80.73;91.499
0.470712828;252.78;80.73;91.499
0.446618286;213.58;80.73;91.499
0.460697138;195.78;80.73;91.499
0.460218792;175.37;80.73;91.499
0.456621359;170.76;80.73;91.499
0.439128993;172.2;80.73;91.499
0.441179834;168.61;80.73;91.499
0.45006832;170.24;80.73;91.499
0.454408649;183.06;80.73;91.499
0.460542194;220.76;80.73;91.499
0.459116544;259.1;80.73;91.499
0.472895874;305.77;80.73;91.499
0.443408409;307.48;80.73;91.499
0.440201827;263.97;80.73;91.499
0.438930821;247.69;80.73;91.499
0.419232468;222.64;80.73;91.499
0.406899063;232.64;80.73;91.499
0.410805869;221.54;80.73;106.569
0.410331818;213.34;80.73;106.569
0.40816318;213.63;80.73;106.569
0.407201621;206.46;80.73;106.569
0.407808043;207.09;80.73;106.569
0.417340238;227.35;80.73;106.569
0.442227315;254.96;80.73;106.569
0.485260021;245;80.73;106.569
0.490427694;221.81;80.73;106.569
0.501889042;185.73;80.73;106.569
0.4947511;163.48;80.73;106.569
0.479318829;152.96;80.73;106.569
0.460795634;116.89;80.73;106.569
0.451353991;100;80.73;106.569
0.456407037;98.56;80.73;106.569
0.479587991;116.63;80.73;106.569
0.485931272;165.21;80.73;106.569
0.46360663;222.7;80.73;106.569
0.467584381;258.56;80.73;106.569
0.443209235;265.18;80.73;106.569
0.437022362;270.47;80.73;106.569
0.430866146;262.25;80.73;106.569
0.430584969;224.9;80.73;106.569
0.432798106;296.21;80.73;106.569
0.438340188;250.7;80.73;132.967
0.438276756;225.09;80.73;132.967
0.434742892;211.4;80.73;132.967
0.424358266;206.86;80.73;132.967
0.420555912;239.91;80.73;132.967
0.420060212;292.34;80.73;132.967
0.439309739;323.31;80.73;132.967
0.46524476;325.7;80.73;132.967
0.474681222;299.07;80.73;132.967
0.475162663;250.43;80.73;132.967
0.472440192;194.9;82.43;132.967
0.469441474;186.55;83;132.967
0.453228444;180.67;83;132.967
0.440516918;174.12;83;132.967
0.439597824;180.47;83;132.967
0.46463198;188.34;83;132.967
0.47648668;254.46;83;132.967
0.486943806;303.99;83;132.967
0.502785635;327.56;83;132.967
0.467610719;355.39;83;132.967
0.455896928;319.06;83;132.967
0.453640782;284.03;83;132.967
0.43085342;259.79;83;132.967
0.421845936;255.05;83;132.967
0.422964851;207.86;83;117.612
0.426158195;184.37;83;117.612
0.431543307;180.64;83;117.612
0.435693315;172.22;83;117.612
0.457504091;178.99;83;117.612
0.498377442;189.93;83;117.612
0.495737798;190.15;83;117.612
0.466779884;188.16;83;117.612
0.436983976;185.06;83;117.612
0.439658127;157.44;83;117.612
0.440668842;142.26;83;117.612
0.450641803;106.52;83;117.612
0.431982518;77.28;83;117.612
0.426354081;76.66;83;117.612
0.428817658;78.29;83;117.612
0.439053333;149.4;83;117.612
0.453014876;189.94;83;117.612
0.468646976;264.61;83;117.612
0.488740813;328.01;83;117.612
0.472731573;330.47;83;117.612
0.461668139;319.21;83;117.612
0.444540327;285.08;83;117.612
0.412360422;251.88;83;117.612
0.399046416;207.07;83;117.612
0.393369136;190;83;117.612
0.39264074;165.52;83;117.612
0.393244386;139.8;83;117.612
0.393775363;120.6;83;117.612
0.413268167;110.96;83;117.612
0.46244731;112.55;83;117.612
0.476106116;98.57;83;117.612
0.445999194;90.53;83;117.612
0.431778033;94.28;83;117.612
0.422572102;94.15;83;117.612
0.425835859;95.2;83;117.612
0.431585836;82.55;83;117.612
0.419828757;75;83;117.612
0.417396851;60.09;83;117.612
0.419558241;80.72;83;117.612
0.422554846;93.38;83;117.612
0.427475126;157.35;83;117.612
0.453719653;219.62;83;117.612
0.494213155;258.7;83;117.612
0.475990996;282.69;83;117.612
0.474762718;294.29;83;117.612
0.45638064;306.93;83;117.612
0.426622913;281.1;83;117.612
0.416179542;240.22;83;117.612
0.416614454;220.39;83;118.704
0.416101624;218.9;83;118.704
0.419377303;220.1;83;118.704
0.420742033;213.2;83;118.704
0.438969814;263.27;83;118.704
0.476440643;301.67;83;118.704
0.484018566;370.14;83;118.704
0.448175818;500;83;118.704
0.428803636;348.28;83;118.704
0.4244936;310.28;83;118.704
0.419230751;305.97;83;118.704
0.422472992;263.54;83;118.704
0.418238719;213.87;83;118.704
0.419591991;193.09;83;118.704
0.426420888;183.58;83;118.704
0.429049347;180.44;83;118.704
0.442481443;198.2;83;118.704
0.468439893;209.23;83;118.704
0.510214641;291.19;83;118.704
0.486768819;316.32;83;118.704
0.474826244;316.32;83;118.704
0.47151111;288.71;83;118.704
0.449251231;250.01;83;118.704
0.433382173;264.91;83;118.704
0.426853793;242.42;83;120.925
0.429377082;232.91;83;120.925
0.429418583;219.95;83;120.925
0.430685808;217.17;83;120.925
0.445735736;228.91;83;120.925
0.481025604;297.61;83;120.925
0.51129668;338.9;83;120.925
0.492240841;332.02;83;120.925
0.479241149;279.45;83;120.925
0.462380315;237.03;83;120.925
0.441779034;225.21;83;120.925
0.446598975;219.86;83;120.925
0.437505832;212.61;83;120.925
0.42992222;210.81;83;120.925
0.427623136;230.74;83;120.925
0.440789174;239.93;83;120.925
0.449792234;304.48;83;120.925
0.457132284;373.93;83;120.925
0.477791349;450.25;83;120.925
0.461463976;458.04;83;120.925
0.464524226;410.35;83;120.925
0.463277933;373.25;83;120.925
0.451550519;325.51;83;120.925
0.448795339;272.45;83;120.925
0.444419784;268.49;83;123.114
0.453146714;268.9;83;123.114
0.455618952;248.5;83;123.114
0.459634784;255.02;83;123.114
0.460786779;284.29;83;123.114
0.477482983;348.49;83;123.114
0.504012114;429.95;83;123.114
0.536715354;387.88;83;123.114
0.53764696;339.79;83;123.114
0.527801612;301.49;83;123.114
0.50003902;292.44;83;123.114
0.49356572;268.9;83;123.114
0.460307965;249.7;83;123.114
0.441645101;244.46;83;123.114
0.426790156;258.12;83;123.114
0.42538208;284.1;83;123.114
0.425686152;331.47;83;123.114
0.426662723;398.36;83;123.114
0.434450086;491.04;83;123.114
0.42540414;462.91;83;123.114
0.441269519;399.3;83;123.114
0.456460873;374.55;83;123.114
0.45052136;299.58;83;123.114
0.437998834;288.59;83;123.114
0.437543808;257.91;83;127.129
0.442660439;250.11;83;127.129
0.444279701;245.82;83;127.129
0.443805289;255.08;83;127.129
0.435797822;279.68;83;127.129
0.436242802;336.1;83;127.129
0.44083539;363.35;83;127.129
0.451326254;350.39;83;127.129
0.448964058;316.23;83;127.129
0.455334589;277.83;83;127.129
0.457012611;246.34;83;127.129
0.460342119;240.7;83;127.129
0.445083146;227.92;83;127.129
0.439653188;228;83;127.129
0.451148475;248.7;83;127.129
0.44524045;263.06;83;127.129
0.438027424;333.96;83;127.129
0.440319719;367.43;83;127.129
0.446954402;429.06;83;127.129
0.424803441;413.99;83;127.129
0.43859282;358.95;83;127.129
0.460393099;292.36;83;127.129
0.458499893;210.37;83;127.129
0.450943725;224.84;83;127.129
0.446857066;211.69;83;132.001
0.452697435;204.21;83;132.001
0.452411699;218.93;83;132.001
0.46018542;223.23;83;132.001
0.451583052;231.6;83;132.001
0.435952389;302.85;83;132.001
0.431926033;335.17;83;132.001
0.44350508;345.74;83;132.001
0.441542366;329.98;83;132.001
0.451743829;304.03;83;132.001
0.454469193;263.8;82.93;132.001
0.449335191;244.01;82.9;132.001
0.440142734;240.72;82.9;132.001
0.439429951;214.81;82.9;132.001
0.45028963;243.18;82.9;132.001
0.452205479;245.47;82.9;132.001
0.452996166;296.41;82.9;132.001
0.453790672;322;82.9;132.001
0.46957315;329.94;82.9;132.001
0.442372362;335.2;82.9;132.001
0.439841148;330.92;82.9;132.001
0.45614356;320;82.9;132.001
0.448744665;264.47;82.9;132.001
0.434008769;260.65;82.9;132.001
0.42772129;236.9;82.9;126.877
0.427201342;214.91;82.9;126.877
0.430128287;217.08;82.9;126.877
0.4230023;203.74;82.9;126.877
0.439944596;209.06;82.9;126.877
0.475701947;226.73;82.9;126.877
0.469106327;261.09;82.9;126.877
0.445808886;269.03;82.9;126.877
0.421109716;228.26;82.9;126.877
0.421802981;185.73;82.9;126.877
0.413627046;184.96;82.9;126.877
0.420522972;197.65;82.9;126.877
0.410533966;180.43;82.9;126.877
0.4135535;164.06;82.9;126.877
0.420020038;184.94;82.9;126.877
0.425309719;220.66;82.9;126.877
0.430997531;269.07;82.9;126.877
0.439596231;271.57;82.9;126.877
0.458013319;314.1;82.9;126.877
0.437403734;327.17;82.9;126.877
0.425342153;322.68;82.9;126.877
0.417816657;324.02;82.9;126.877
0.413120089;294.94;82.9;126.877
0.407158022;288.91;82.9;126.877
0.410902997;261.33;82.9;126.877
0.403313755;217.9;82.9;126.877
0.40271616;206.62;82.9;126.877
0.402426427;196.78;82.9;126.877
0.412303108;180.25;82.9;126.877
0.45268824;174.44;82.9;126.877
0.462197927;167.67;82.9;126.877
0.442047044;155.09;82.9;126.877
0.424335359;112.14;82.9;126.877
0.421225372;101.36;82.9;126.877
0.423261065;95;82.9;126.877
0.421615807;83.02;82.9;126.877
0.405804785;79.82;82.9;126.877
0.404127937;79.82;82.9;126.877
0.411104199;112.45;82.9;126.877
0.42539998;176.23;82.9;126.877
0.444743917;218.31;82.9;126.877
0.44999866;289.02;82.9;126.877
0.459398829;324.79;82.9;126.877
0.434821849;333.38;82.9;126.877
0.438003646;334.19;82.9;126.877
0.443588221;335.71;82.9;126.877
0.432959928;315.87;82.9;126.877
0.422705241;295.62;82.9;126.877
0.421023533;263.7;82.9;128.124
0.418079972;258.07;82.9;128.124
0.415024703;256.14;82.9;128.124
0.414051138;254.55;82.9;128.124
0.425145834;268.87;82.9;128.124
0.450153954;330.91;82.9;128.124
0.463499045;357.94;82.9;128.124
0.45708586;371.07;82.9;128.124
0.428548113;348.38;82.9;128.124
0.418347581;332.54;82.9;128.124
0.419764116;293.5;82.9;128.124
0.421494224;268;82.9;128.124
0.418341273;250.91;82.9;128.124
0.416818955;251.87;82.9;128.124
0.416777304;259.91;82.9;128.124
0.419190283;288.57;82.9;128.124
0.427347382;340.91;82.9;128.124
0.44699573;378.59;82.9;128.124
0.465505259;443.5;82.9;128.124
0.437511914;390.37;82.9;128.124
0.435370682;375.64;82.9;128.124
0.431814307;372.17;82.9;128.124
0.424921903;347.81;82.9;128.124
0.401414013;266.05;82.9;128.124
0.393963515;272.47;82.9;131.202
0.391775156;254.91;82.9;131.202
0.393209755;256.31;82.9;131.202
0.391910448;267.66;82.9;131.202
0.407380444;282.41;82.9;131.202
0.442824921;359.1;82.9;131.202
0.472428406;381.88;82.9;131.202
0.467524368;400.93;82.9;131.202
0.443252581;372.62;82.9;131.202
0.433470848;313.99;82.9;131.202
0.430628996;270.09;82.9;131.202
0.443479442;250.41;82.9;131.202
0.431257355;259.7;82.9;131.202
0.42937643;252.43;82.9;131.202
0.427274677;299;82.9;131.202
0.428900363;324.02;82.9;131.202
0.444154753;368.83;82.9;131.202
0.458204705;434.99;82.9;131.202
0.478818341;470.9;82.9;131.202
0.454746451;453.14;82.9;131.202
0.451283599;410.92;82.9;131.202
0.431578631;396.38;82.9;131.202
0.41903352;337.23;82.9;131.202
0.410156797;275.06;82.9;131.202
0.407329337;261.27;82.9;129.346
0.40726414;246.47;82.9;129.346
0.414124905;238;82.9;129.346
0.421686617;243.27;82.9;129.346
0.440362066;254.02;82.9;129.346
0.471080292;315.46;82.9;129.346
0.493823099;350.85;82.9;129.346
0.481587603;386.95;82.9;129.346
0.458369823;365.41;82.9;129.346
0.451803059;329.64;82.9;129.346
0.437088916;320.93;82.9;129.346
0.444310966;303.91;82.9;129.346
0.432925645;291.4;82.9;129.346
0.435886335;294.55;82.9;129.346
0.435063178;300.85;82.9;129.346
0.437331811;308.91;82.9;129.346
0.446030465;341.07;82.9;129.346
0.447422989;368.86;82.9;129.346
0.461133759;390.9;82.9;129.346
0.447528287;390;82.9;129.346
0.448996722;366.9;82.9;129.346
0.456673436;352.77;82.9;129.346
0.454029052;275.58;82.9;129.346
0.432015012;285.04;82.9;129.346
0.422488316;272.58;82.9;138.89
0.422005085;274.72;82.9;138.89
0.432988859;278;82.9;138.89
0.439512825;267.63;82.9;138.89
0.441128313;277.86;82.9;138.89
0.44374215;339.77;82.9;138.89
0.44610833;369.89;82.9;138.89
0.469106811;379.63;82.9;138.89
0.481680393;341.75;82.9;138.89
0.488624536;299.02;82.9;138.89
0.470069741;274.02;82.9;138.89
0.463380917;276.32;82.9;138.89
0.456386687;268.97;82.9;138.89
0.445006807;278.07;82.9;138.89
0.440473576;285.79;82.9;138.89
0.434006218;324.09;82.9;138.89
0.451972035;372.44;82.9;138.89
0.456700995;409.41;82.9;138.89
0.471295322;479;82.9;138.89
0.439682884;450;82.9;138.89
0.446358501;394.21;82.9;138.89
0.448086668;355.17;82.9;138.89
0.447004568;258.08;82.9;138.89
0.441865467;268.71;82.9;138.89
0.447872327;265.86;82.9;147.263
0.451685999;268.01;82.9;147.263
0.453337117;266.12;82.9;147.263
0.452104587;265.38;82.9;147.263
0.453706307;282.13;82.9;147.263
0.448060399;355.19;82.9;147.263
0.444701327;378.85;82.9;147.263
0.454590891;385.19;82.9;147.263
0.461464129;378;82.9;147.263
0.475450362;360.06;82.9;147.263
0.471137429;354.77;86.89;147.263
0.463102666;325.63;88.22;147.263
0.44968314;300.72;88.22;147.263
0.449219588;266.68;88.22;147.263
0.440224371;261.06;88.22;147.263
0.441339725;220.69;88.22;147.263
0.453763255;259.95;88.22;147.263
0.454708277;289.07;88.22;147.263
0.466624818;329.39;88.22;147.263
0.445213256;359.56;88.22;147.263
0.440057201;356.91;88.22;147.263
0.437017971;385;88.22;147.263
0.442102526;362.3;88.22;147.263
0.439305503;285.72;88.22;147.263
0.43703425;255;88.22;146.233
0.435376768;237.2;88.22;146.233
0.441314956;230.71;88.22;146.233
0.442691309;222.31;88.22;146.233
0.457003202;214.2;88.22;146.233
0.4709752;233.84;88.22;146.233
0.487970942;244.56;88.22;146.233
0.468470868;208.6;88.22;146.233
0.452645995;154.08;88.22;146.233
0.445788269;125;88.22;146.233
0.454490855;113.85;88.22;146.233
0.446653819;89.37;88.22;146.233
0.429550921;76.33;88.22;146.233
0.430076305;89.34;88.22;146.233
0.429068824;89.17;88.22;146.233
0.431970042;131.11;88.22;146.233
0.435117936;240.3;88.22;146.233
0.431633432;285.03;88.22;146.233
0.445237007;350;88.22;146.233
0.428470803;362.85;88.22;146.233
0.427096;359.96;88.22;146.233
0.422457028;353.44;88.22;146.233
0.406041276;302.17;88.22;146.233
0.395117202;270.08;88.22;146.233
0.398481921;237.95;88.22;146.233
0.409518422;199.08;88.22;146.233
0.40979218;195.6;88.22;146.233
0.410762281;185.6;88.22;146.233
0.420057074;182.71;88.22;146.233
0.432679548;176.71;88.22;146.233
0.443751939;192.31;88.22;146.233
0.442762878;185.07;88.22;146.233
0.421587345;170.26;88.22;146.233
0.423639599;128.2;88.22;146.233
0.427636629;107.43;88.22;146.233
0.434811909;93.1;88.22;146.233
0.429127256;68.55;88.22;146.233
0.423588389;65.82;88.22;146.233
0.41888551;74.46;88.22;146.233
0.411012757;123.8;88.22;146.233
0.411879944;175.99;88.22;146.233
0.424288088;272.77;88.22;146.233
0.437820752;327;88.22;146.233
0.416284956;340.1;88.22;146.233
0.417321616;348.43;88.22;146.233
0.411343339;348.45;88.22;146.233
0.406651851;333.06;88.22;146.233
0.396348277;319.65;88.22;146.233
0.400407873;277.83;88.22;146.617
0.406976;265.16;88.22;146.617
0.396541074;254.35;88.22;146.617
0.393954267;258.03;88.22;146.617
0.409519631;302.44;88.22;146.617
0.439182604;361.88;88.22;146.617
0.465195865;376;88.22;146.617
0.445463713;385.17;88.22;146.617
0.43111171;366;88.22;146.617
0.431414958;291.7;88.22;146.617
0.417261112;221.3;88.22;146.617
0.424168228;181.8;88.22;146.617
0.408440152;184.36;88.22;146.617
0.402506997;172.35;88.22;146.617
0.401446337;171.19;88.22;146.617
0.400372217;182.64;88.22;146.617
0.415567494;211.1;88.22;146.617
0.422959078;329.99;88.22;146.617
0.440551548;379.62;88.22;146.617
0.423504099;398.72;88.22;146.617
0.425676372;385.52;88.22;146.617
0.414517217;396.92;88.22;146.617
0.408246904;379.64;88.22;146.617
0.412387968;359.96;88.22;146.617
0.414457935;319.24;88.22;162.411
0.405938056;309.33;88.22;162.411
0.401339288;301.08;88.22;162.411
0.406284126;299.91;88.22;162.411
0.41302097;324.82;88.22;162.411
0.442810626;380.47;88.22;162.411
0.459113631;412.59;88.22;162.411
0.452848915;409.61;88.22;162.411
0.441717697;338.68;88.22;162.411
0.437211109;283.72;88.22;162.411
0.429144594;286.6;88.22;162.411
0.432922263;243.95;88.22;162.411
0.419314834;227.94;88.22;162.411
0.41748137;210.95;88.22;162.411
0.417636756;213.06;88.22;162.411
0.424410534;237.8;88.22;162.411
0.428773225;301.14;88.22;162.411
0.44024559;336.25;88.22;162.411
0.450562761;363.98;88.22;162.411
0.423781169;370;88.22;162.411
0.421932392;370.4;88.22;162.411
0.417446152;378.29;88.22;162.411
0.41543438;361.16;88.22;162.411
0.404029273;351.39;88.22;162.411
0.400952867;309.3;88.22;170.708
0.410835092;293.84;88.22;170.708
0.412773547;280.18;88.22;170.708
0.406869861;299.44;88.22;170.708
0.412779412;322.79;88.22;170.708
0.433845539;389.83;88.22;170.708
0.447639166;413.89;88.22;170.708
0.454129043;406.93;88.22;170.708
0.437142114;355.89;88.22;170.708
0.428954785;287.9;88.22;170.708
0.422293036;265.29;88.22;170.708
0.430983898;230.68;88.22;170.708
0.425991305;204.77;88.22;170.708
0.423700061;172.44;88.22;170.708
0.42213387;163.21;88.22;170.708
0.424629399;180.04;88.22;170.708
0.424536297;239.08;88.22;170.708
0.425499919;313.06;88.22;170.708
0.44225294;376.09;88.22;170.708
0.427053479;387.46;88.22;170.708
0.422092415;381.59;88.22;170.708
0.41270988;379.91;88.22;170.708
0.40519299;279.85;88.22;170.708
0.400508045;267.5;88.22;170.708
0.392634249;209;88.22;166.69
0.389024882;195.77;88.22;166.69
0.389158653;189.58;88.22;166.69
0.388119847;186.88;88.22;166.69
0.392067633;190.77;88.22;166.69
0.402475826;223.6;88.22;166.69
0.412802364;282.38;88.22;166.69
0.434317463;296.72;88.22;166.69
0.437139898;256;88.22;166.69
0.44680245;235.48;88.22;166.69
0.443344915;220;88.22;166.69
0.452924273;201.99;88.22;166.69
0.431694645;190.48;88.22;166.69
0.436769068;165.62;88.22;166.69
0.42842385;159.07;88.22;166.69
0.418179568;155.02;88.22;166.69
0.412080488;169.68;88.22;166.69
0.41765127;179.01;88.22;166.69
0.445082899;197.23;88.22;166.69
0.434890982;242.42;88.22;166.69
0.435796072;258.96;88.22;166.69
0.415836733;246.15;88.22;166.69
0.406198758;197.94;88.22;166.69
0.406964689;200.08;88.22;166.69
0.412743733;224.05;88.22;183.585
0.415158358;228.55;88.22;183.585
0.40415379;227.26;88.22;183.585
0.397479907;210.33;88.22;183.585
0.399835194;248.33;88.22;183.585
0.40296673;371.95;88.22;183.585
0.408628887;418.92;88.22;183.585
0.431577475;420.67;88.22;183.585
0.440006717;351.7;88.22;183.585
0.445431104;318.59;88.22;183.585
0.446227331;272.28;84.03;183.585
0.44221532;215.05;82.63;183.585
0.427359503;210.59;82.63;183.585
0.418729325;178.56;82.63;183.585
0.412274724;207.56;82.63;183.585
0.420254466;210.02;82.63;183.585
0.425631675;258.71;82.63;183.585
0.437109185;319.26;82.63;183.585
0.458056365;387.92;82.63;183.585
0.439283276;410.89;82.63;183.585
0.434472263;422.59;82.63;183.585
0.421859988;416.11;82.63;183.585
0.412399483;372;82.63;183.585
0.412304703;350;82.63;183.585
0.413937929;283.47;82.63;177.326
0.41391743;221.32;82.63;177.326
0.414062273;216.81;82.63;177.326
0.414929564;203.12;82.63;177.326
0.415675554;209.86;82.63;177.326
0.425786843;241.95;82.63;177.326
0.436946717;247.14;82.63;177.326
0.450119924;241.43;82.63;177.326
0.444951363;179.83;82.63;177.326
0.440620865;154.72;82.63;177.326
0.437080549;136.51;82.63;177.326
0.442722616;93.54;82.63;177.326
0.429944455;74.35;82.63;177.326
0.426246904;21.94;82.63;177.326
0.42832318;11.94;82.63;177.326
0.433504665;16.03;82.63;177.326
0.428130796;64.84;82.63;177.326
0.429577738;90.02;82.63;177.326
0.448931635;94.98;82.63;177.326
0.422908959;100.86;82.63;177.326
0.427669731;100.59;82.63;177.326
0.421473568;120.16;82.63;177.326
0.414632338;79.89;82.63;177.326
0.40786926;77.12;82.63;177.326
0.396582343;49.32;82.63;177.326
0.386911798;50.03;82.63;177.326
0.385458221;31.39;82.63;177.326
0.388806655;63.31;82.63;177.326
0.395804743;58.57;82.63;177.326
0.413130532;67.67;82.63;177.326
0.429967414;41.89;82.63;177.326
0.442616324;36.75;82.63;177.326
0.431618511;30.01;82.63;177.326
0.415584483;30.08;82.63;177.326
0.411354004;49.77;82.63;177.326
0.426209833;20;82.63;177.326
0.416689007;19.14;82.63;177.326
0.412511435;11.85;82.63;177.326
0.410707876;21.31;82.63;177.326
0.418568617;40.29;82.63;177.326
0.416585866;77.11;82.63;177.326
0.418297939;157.13;82.63;177.326
0.434740502;322.13;82.63;177.326
0.420899316;369.9;82.63;177.326
0.4182167;378.07;82.63;177.326
0.418217435;389.17;82.63;177.326
0.408587998;371.92;82.63;177.326
0.398809873;320.08;82.63;177.326
0.387624941;278;82.63;178.569
0.388270851;275.96;82.63;178.569
0.39148372;269.27;82.63;178.569
0.394429705;272.15;82.63;178.569
0.394280428;298;82.63;178.569
0.412804813;395.95;82.63;178.569
0.422901602;415.08;82.63;178.569
0.431531478;433.97;82.63;178.569
0.415597618;416.32;82.63;178.569
0.418253418;404.98;82.63;178.569
0.419880833;396.9;82.63;178.569
0.426459474;380.42;82.63;178.569
0.418048777;369.28;82.63;178.569
0.415926076;333.76;82.63;178.569
0.410775853;332.61;82.63;178.569
0.417663479;319.82;82.63;178.569
0.41311858;375.48;82.63;178.569
0.417444341;405;82.63;178.569
0.438563429;458.03;82.63;178.569
0.420602342;469.9;82.63;178.569
0.413368223;452.12;82.63;178.569
0.412935172;450.05;82.63;178.569
0.421966172;419.15;82.63;178.569
0.405656186;395.49;82.63;178.569
0.403524906;349.57;82.63;169.884
0.403050242;330.04;82.63;169.884
0.403125182;331.5;82.63;169.884
0.406349098;334.34;82.63;169.884
0.410046137;362.1;82.63;169.884
0.421640053;419.64;82.63;169.884
0.43984239;453.66;82.63;169.884
0.443404825;448.9;82.63;169.884
0.431348152;382.42;82.63;169.884
0.427654179;328.74;82.63;169.884
0.426463516;338.32;82.63;169.884
0.434229415;297.47;82.63;169.884
0.422479724;260.07;82.63;169.884
0.418719828;262.23;82.63;169.884
0.414802082;287.22;82.63;169.884
0.416889887;314.81;82.63;169.884
0.419104318;395.9;82.63;169.884
0.419301602;429.08;82.63;169.884
0.440105906;481.59;82.63;169.884
0.419328331;506.69;82.63;169.884
0.420044009;480;82.63;169.884
0.414055521;470;82.63;169.884
0.408274736;404.09;82.63;169.884
0.396616744;416.05;82.63;169.884
0.388761298;365.61;82.63;173.908
0.390540558;325.34;82.63;173.908
0.3973257;339.99;82.63;173.908
0.399579975;325.04;82.63;173.908
0.40256036;332.22;82.63;173.908
0.417036236;411.97;82.63;173.908
0.426965928;435;82.63;173.908
0.442108891;456.57;82.63;173.908
0.441619741;423.14;82.63;173.908
0.4354406;365.76;82.63;173.908
0.429417535;350.25;82.63;173.908
0.434642588;273.05;82.63;173.908
0.420262676;246.1;82.63;173.908
0.412118209;190.02;82.63;173.908
0.414044905;183.63;82.63;173.908
0.415476589;211.39;82.63;173.908
0.417181799;294.48;82.63;173.908
0.423632;370.44;82.63;173.908
0.439356605;431.7;82.63;173.908
0.432013077;448.22;82.63;173.908
0.424508087;446.34;82.63;173.908
0.423415366;435.93;82.63;173.908
0.41096792;373.57;82.63;173.908
0.401541489;400.44;82.63;173.908
0.399290852;378.06;82.63;182.356
0.394750297;345.47;82.63;182.356
0.39216125;334.1;82.63;182.356
0.390266671;335.01;82.63;182.356
0.392899568;371.63;82.63;182.356
0.401263939;421.32;82.63;182.356
0.411452259;433.31;82.63;182.356
0.428924574;434.07;82.63;182.356
0.436762946;419.94;82.63;182.356
0.443649017;379.9;82.63;182.356
0.438191424;355.93;82.63;182.356
0.436009493;301.49;82.63;182.356
0.421089373;274.85;82.63;182.356
0.415773614;239.44;82.63;182.356
0.413089446;254.96;82.63;182.356
0.419603542;282.6;82.63;182.356
0.421856304;346.37;82.63;182.356
0.424865613;394.63;82.63;182.356
0.437249554;420.92;82.63;182.356
0.422784881;436.27;82.63;182.356
0.423164254;433.93;82.63;182.356
0.404973401;422.39;82.63;182.356
0.405270983;400.04;82.63;182.356
0.396466442;350;82.63;182.356
0.389579046;320.07;82.63;176.314
0.385396385;298.49;82.63;176.314
0.385706756;305.01;82.63;176.314
0.388851501;307.55;82.63;176.314
0.390834099;330;82.63;176.314
0.396897776;404.9;82.63;176.314
0.405134779;429.92;82.63;176.314
0.425565755;416.65;82.63;176.314
0.427854521;334.06;82.63;176.314
0.427798868;262.45;82.63;176.314
0.425746436;243.92;83.44;176.314
0.437316848;218.1;83.71;176.314
0.421549253;190;83.71;176.314
0.421853044;191.8;83.71;176.314
0.417723458;222.15;83.71;176.314
0.418659584;225.39;83.71;176.314
0.420434308;335.35;83.71;176.314
0.420770572;409.07;83.71;176.314
0.441913195;421.86;83.71;176.314
0.430129463;430.45;83.71;176.314
0.432963751;433.99;83.71;176.314
0.426465178;432.89;83.71;176.314
0.408832398;404.09;83.71;176.314
0.395230766;384.91;83.71;176.314
0.389007206;349.96;83.71;161.715
0.384491562;289.8;83.71;161.715
0.385009063;252.86;83.71;161.715
0.384677752;236.19;83.71;161.715
0.38791225;233.1;83.71;161.715
0.397601989;211.55;83.71;161.715
0.406439772;199.74;83.71;161.715
0.41988886;139.93;83.71;161.715
0.419415692;52.49;83.71;161.715
0.433045958;35.53;83.71;161.715
0.437456753;1.07;83.71;161.715
0.436954571;0.07;83.71;161.715
0.415965584;-0.05;83.71;161.715
0.41467285;-0.1;83.71;161.715
0.411637928;0;83.71;161.715
0.410824158;1.03;83.71;161.715
0.409720716;31.66;83.71;161.715
0.4186009;143.75;83.71;161.715
0.432700785;264.3;83.71;161.715
0.411770295;334.25;83.71;161.715
0.414682253;344.13;83.71;161.715
0.415573747;357.55;83.71;161.715
0.410244435;331.77;83.71;161.715
0.398301917;290.06;83.71;161.715
0.387130001;240.8;83.71;161.715
0.383772282;200.64;83.71;161.715
0.38320583;192.63;83.71;161.715
0.382576169;193.81;83.71;161.715
0.38304441;190.46;83.71;161.715
0.393403246;195.02;83.71;161.715
0.401222422;190.14;83.71;161.715
0.414153321;189.51;83.71;161.715
0.419638286;164;83.71;161.715
0.414582954;115.77;83.71;161.715
0.411295469;110.21;83.71;161.715
0.413868597;87.59;83.71;161.715
0.401429423;72.92;83.71;161.715
0.393390741;40.02;83.71;161.715
0.398067452;83.42;83.71;161.715
0.39790905;109.3;83.71;161.715
0.403998187;200.89;83.71;161.715
0.404373788;344.42;83.71;161.715
0.423368623;415.01;83.71;161.715
0.411254931;426.4;83.71;161.715
0.408584637;434.95;83.71;161.715
0.405695582;430.02;83.71;161.715
0.398429264;406.57;83.71;161.715
0.392204772;389.77;83.71;161.715
0.388486034;328.49;83.71;161.951
0.388665489;299.23;83.71;161.951
0.386232609;282.44;83.71;161.951
0.385350697;287.08;83.71;161.951
0.385997179;305.11;83.71;161.951
0.391516584;393.11;83.71;161.951
0.392582948;424.94;83.71;161.951
0.399408795;401.82;83.71;161.951
0.407096691;373.93;83.71;161.951
0.402976977;324.03;83.71;161.951
0.401070478;303.44;83.71;161.951
0.406319258;291.35;83.71;161.951
0.399429904;271.57;83.71;161.951
0.398093322;277.89;83.71;161.951
0.403321823;279.97;83.71;161.951
0.408083202;386.25;83.71;161.951
0.405314195;455.42;83.71;161.951
0.403059565;512.56;83.71;161.951
0.423391816;637.64;83.71;161.951
0.400851443;679.54;83.71;161.951
0.402093502;600;83.71;161.951
0.400787416;530.13;83.71;161.951
0.405244711;469.86;83.71;161.951
0.399149184;402.46;83.71;161.951
0.389613386;368.99;83.71;159.589
0.385106663;336.39;83.71;159.589
0.385643243;325.24;83.71;159.589
0.38907821;318.72;83.71;159.589
0.386978511;350.98;83.71;159.589
0.398734412;440;83.71;159.589
0.404654037;483.43;83.71;159.589
0.413463761;452.95;83.71;159.589
0.414754051;385.6;83.71;159.589
0.416608992;364.07;83.71;159.589
0.417638122;342.88;83.71;159.589
0.422121758;344.33;83.71;159.589
0.415276074;339.53;83.71;159.589
0.409607591;322.72;83.71;159.589
0.411501232;348.17;83.71;159.589
0.411570933;380.01;83.71;159.589
0.409495658;443.42;83.71;159.589
0.407211353;484.1;83.71;159.589
0.43298227;581.25;83.71;159.589
0.416662064;570.05;83.71;159.589
0.415683143;466.15;83.71;159.589
0.416026279;392.7;83.71;159.589
0.404190453;285.91;83.71;159.589
0.392429666;268.35;83.71;159.589
0.389927037;241.92;83.71;158.329
0.389770675;234.63;83.71;158.329
0.39022892;236.89;83.71;158.329
0.391015274;235.99;83.71;158.329
0.393528681;280.09;83.71;158.329
0.399440773;377.03;83.71;158.329
0.406811272;425.07;83.71;158.329
0.414019991;394.46;83.71;158.329
0.420323704;334.09;83.71;158.329
0.418616049;299.15;83.71;158.329
0.415402109;230.98;83.71;158.329
0.421551933;228.72;83.71;158.329
0.410165819;235.91;83.71;158.329
0.411987662;238.46;83.71;158.329
0.412202304;287.4;83.71;158.329
0.408427095;319.97;83.71;158.329
0.409230218;380.32;83.71;158.329
0.406720276;439.1;83.71;158.329
0.424867973;513.99;83.71;158.329
0.406631471;526.26;83.71;158.329
0.407544863;467.73;83.71;158.329
0.405131354;413.57;83.71;158.329
0.399737498;374.83;83.71;158.329
0.394316372;336;83.71;158.329
0.387860162;328.74;83.71;156.781
0.386110589;332.29;83.71;156.781
0.387798732;335.67;83.71;156.781
0.389092038;327.24;83.71;156.781
0.392154115;334;83.71;156.781
0.393985189;436.95;83.71;156.781
0.398592915;493.88;83.71;156.781
0.425148256;488.31;83.71;156.781
0.433654465;462.98;83.71;156.781
0.433959477;431.95;83.71;156.781
0.427939752;381.09;83.71;156.781
0.431204555;346.06;83.71;156.781
0.416380102;319.96;83.71;156.781
0.409959719;314.82;83.71;156.781
0.406984988;307.94;83.71;156.781
0.411606476;337.08;83.71;156.781
0.419799128;346.19;83.71;156.781
0.422832129;427.87;83.71;156.781
0.439251069;488.71;83.71;156.781
0.414976394;515.45;83.71;156.781
0.40779468;495.18;83.71;156.781
0.402202756;513.29;83.71;156.781
0.399742511;419.96;83.71;156.781
0.395821806;372.69;83.71;156.781
0.389818154;334.1;83.71;151.333
0.387444436;333.41;83.71;151.333
0.387317731;327.35;83.71;151.333
0.384501637;328.25;83.71;151.333
0.388349073;336.95;83.71;151.333
0.39298197;409.88;83.71;151.333
0.402801392;450.9;83.71;151.333
0.414133315;436.92;83.71;151.333
0.419738067;409.4;83.71;151.333
0.427385604;342.65;83.71;151.333
0.42844078;334.03;79.47;151.333
0.427925749;307.56;78.06;151.333
0.408766054;274.04;78.06;151.333
0.411731635;275.57;78.06;151.333
0.415020182;300.99;78.06;151.333
0.415198935;301.09;78.06;151.333
0.413846704;391.04;78.06;151.333
0.424639864;450.56;78.06;151.333
0.440669739;479.99;78.06;151.333
0.42529052;480.9;78.06;151.333
0.422473241;494.6;78.06;151.333
0.421985107;461.04;78.06;151.333
0.418428466;424.92;78.06;151.333
0.402330121;404.56;78.06;151.333
0.393782034;344.67;78.06;161.078
0.389575012;351.99;78.06;161.078
0.391200055;337.01;78.06;161.078
0.392117765;332.04;78.06;161.078
0.396999154;331.27;78.06;161.078
0.402592678;337.03;78.06;161.078
0.413198456;333.12;78.06;161.078
0.426020308;343.78;78.06;161.078
0.422218854;350.96;78.06;161.078
0.422494685;337.02;78.06;161.078
0.421291229;307.36;78.06;161.078
0.428798333;285.06;78.06;161.078
0.419795973;242.73;78.06;161.078
0.411716175;183.97;78.06;161.078
0.410461831;185.45;78.06;161.078
0.414302866;226.44;78.06;161.078
0.418193582;285.03;78.06;161.078
0.422327731;336.02;78.06;161.078
0.439212367;372.87;78.06;161.078
0.418631423;402.15;78.06;161.078
0.413241756;405.61;78.06;161.078
0.414791632;396.9;78.06;161.078
0.409508373;366.61;78.06;161.078
0.406248502;393.26;78.06;161.078
0.399068019;379.24;78.06;161.078
0.397244684;355.06;78.06;161.078
0.392599088;331;78.06;161.078
0.39271066;316.18;78.06;161.078
0.391359611;302.82;78.06;161.078
0.399063605;272.76;78.06;161.078
0.410876999;260.93;78.06;161.078
0.425925998;222.42;78.06;161.078
0.420349314;162.89;78.06;161.078
0.419828652;149.99;78.06;161.078
0.41700432;100.16;78.06;161.078
0.421152032;71.72;78.06;161.078
0.410492554;58.48;78.06;161.078
0.409545123;48.77;78.06;161.078
0.405032055;64.4;78.06;161.078
0.409992445;120.06;78.06;161.078
0.412138326;255.88;78.06;161.078
0.413196131;355.02;78.06;161.078
0.428519076;390.4;78.06;161.078
0.412724633;418.85;78.06;161.078
0.413694073;433.15;78.06;161.078
0.409726837;417.16;78.06;161.078
0.407959233;374.48;78.06;161.078
0.397315304;346.4;78.06;161.078
0.39145699;276.76;78.06;161.864
0.390362717;264.97;78.06;161.864
0.386850519;266.03;78.06;161.864
0.38543499;261.71;78.06;161.864
0.387530415;286.29;78.06;161.864
0.393214987;375.08;78.06;161.864
0.404392327;410.14;78.06;161.864
0.416206335;412.34;78.06;161.864
0.416463986;350.64;78.06;161.864
0.418876929;295.58;78.06;161.864
0.409288401;265.25;78.06;161.864
0.411561454;235.09;78.06;161.864
0.400127489;231.32;78.06;161.864
0.402480708;222.45;78.06;161.864
0.401213016;203.61;78.06;161.864
0.40224678;259.43;78.06;161.864
0.406221379;266.29;78.06;161.864
0.408974925;333.55;78.06;161.864
0.432996317;379.2;78.06;161.864
0.41544626;383.81;78.06;161.864
0.409835165;386.86;78.06;161.864
0.411919819;391.69;78.06;161.864
0.409663571;330.98;78.06;161.864
0.398150809;330.38;78.06;161.864
0.390803149;316.03;78.06;169.55
0.387686633;276.85;78.06;169.55
0.389522913;292.79;78.06;169.55
0.391503488;300.31;78.06;169.55
0.391620032;346.94;78.06;169.55
0.398924389;408.23;78.06;169.55
0.408946801;454.37;78.06;169.55
0.42321894;391.64;78.06;169.55
0.419749837;293.5;78.06;169.55
0.417629879;235.59;78.06;169.55
0.416745928;262.81;78.06;169.55
0.423587869;200.01;78.06;169.55
0.421428388;188.58;78.06;169.55
0.420511381;183.1;78.06;169.55
0.414533732;179.58;78.06;169.55
0.413943466;190.16;78.06;169.55
0.411728646;264.3;78.06;169.55
0.415112424;350.01;78.06;169.55
0.431010718;432.55;78.06;169.55
0.418006971;438.97;78.06;169.55
0.412302593;447.5;78.06;169.55
0.409830521;437.28;78.06;169.55
0.404433434;376.27;78.06;169.55
0.393978702;405;78.06;169.55
0.390009887;351.19;78.06;196.615
0.38650938;347.08;78.06;196.615
0.384091883;349.99;78.06;196.615
0.388550356;348.33;78.06;196.615
0.393746363;377.14;78.06;196.615
0.404906016;460;78.06;196.615
0.414780629;499.94;78.06;196.615
0.430026478;492.41;78.06;196.615
0.422212588;434.99;78.06;196.615
0.421075364;425.61;78.06;196.615
0.420190879;418.4;78.06;196.615
0.431331515;389.92;78.06;196.615
0.420115245;348.89;78.06;196.615
0.422898766;337.95;78.06;196.615
0.416885342;353.31;78.06;196.615
0.412331518;371.24;78.06;196.615
0.415926528;429.65;78.06;196.615
0.420263528;500.91;78.06;196.615
0.431811217;532.67;78.06;196.615
0.41298843;549.87;78.06;196.615
0.408309192;529.36;78.06;196.615
0.40347369;504.98;78.06;196.615
0.393930491;428.97;78.06;196.615
0.39288741;437.79;78.06;196.615
0.389967422;400.91;78.06;211.113
0.389155314;399.97;78.06;211.113
0.387954306;399.71;78.06;211.113
0.390943566;399.97;78.06;211.113
0.388322605;400.04;78.06;211.113
0.391466749;493.93;78.06;211.113
0.400280696;559.28;78.06;211.113
0.41837499;539.56;78.06;211.113
0.427573824;501.42;78.06;211.113
0.428186055;451.16;78.06;211.113
0.42202953;418.45;78.06;211.113
0.430959231;426.07;78.06;211.113
0.42824819;409.58;78.06;211.113
0.42285223;425.1;78.06;211.113
0.415638012;433.66;78.06;211.113
0.418462994;454.39;78.06;211.113
0.422582598;513.93;78.06;211.113
0.428380028;563.85;78.06;211.113
0.443619313;598.94;78.06;211.113
0.417739944;586.99;78.06;211.113
0.417311163;557.43;78.06;211.113
0.408782912;534.23;78.06;211.113
0.402899651;451.72;78.06;211.113
0.394385399;400.02;78.06;211.113
0.389140754;384.1;78.06;205.351
0.38615831;373.81;78.06;205.351
0.382712263;388.51;78.06;205.351
0.3839467;374.83;78.06;205.351
0.385690983;402.61;78.06;205.351
0.391127584;463.16;78.06;205.351
0.398178285;508.14;78.06;205.351
0.411686508;517.17;78.06;205.351
0.418313201;503.93;78.06;205.351
0.424547455;463.44;78.06;205.351
0.425275821;448.93;77.98;205.351
0.433827128;394.44;77.96;205.351
0.422958077;366.45;77.96;205.351
0.422912523;365.04;77.96;205.351
0.42497938;404.98;77.96;205.351
0.422749032;407.08;77.96;205.351
0.424280281;461.52;77.96;205.351
0.423837486;489.87;77.96;205.351
0.435419488;512.51;77.96;205.351
0.415188569;504.33;77.96;205.351
0.41023232;484.94;77.96;205.351
0.410230902;482.05;77.96;205.351
0.400108499;425.74;77.96;205.351
0.391067272;425;77.96;205.351
0.386974484;404.3;77.96;193.504
0.385974884;405;77.96;193.504
0.386405846;395.85;77.96;193.504
0.386686612;377.06;77.96;193.504
0.390272178;383.98;77.96;193.504
0.397815687;406.78;77.96;193.504
0.412591786;423.02;77.96;193.504
0.42618565;412.72;77.96;193.504
0.42055515;388.65;77.96;193.504
0.412272296;335.48;77.96;193.504
0.417174098;308.54;77.96;193.504
0.423817037;268.46;77.96;193.504
0.412623154;236.78;77.96;193.504
0.410128235;247.78;77.96;193.504
0.408978987;291.73;77.96;193.504
0.409535552;316.43;77.96;193.504
0.417855739;388.44;77.96;193.504
0.416437951;425.86;77.96;193.504
0.426801612;454.15;77.96;193.504
0.405395525;467.71;77.96;193.504
0.410035822;466.69;77.96;193.504
0.405321613;466.24;77.96;193.504
0.399133108;441.93;77.96;193.504
0.386011254;382.79;77.96;193.504
0.382394303;339.88;77.96;193.504
0.38042063;300.1;77.96;193.504
0.383277839;293.05;77.96;193.504
0.387625682;271.3;77.96;193.504
0.390965966;272.41;77.96;193.504
0.396628484;261.03;77.96;193.504
0.403746268;264.8;77.96;193.504
0.41911071;300.01;77.96;193.504
0.411424163;286.37;77.96;193.504
0.414516868;261.1;77.96;193.504
0.407008579;255.76;77.96;193.504
0.413387206;263.08;77.96;193.504
0.399295985;219.08;77.96;193.504
0.395854541;208.74;77.96;193.504
0.400602006;226.08;77.96;193.504
0.40622919;252.07;77.96;193.504
0.412120941;316.01;77.96;193.504
0.419265917;394.79;77.96;193.504
0.434828257;449.55;77.96;193.504
0.415880496;452.95;77.96;193.504
0.41535667;464.52;77.96;193.504
0.412555148;465.67;77.96;193.504
0.398462898;425.89;77.96;193.504
0.386680982;385.06;77.96;193.504
0.384489429;344.06;77.96;193.846
0.381953471;338.81;77.96;193.846
0.379853401;320.86;77.96;193.846
0.380695178;329.72;77.96;193.846
0.382493196;380;77.96;193.846
0.395768924;429.66;77.96;193.846
0.409355782;467.91;77.96;193.846
0.417981142;474.9;77.96;193.846
0.401641231;459.05;77.96;193.846
0.404087805;447.89;77.96;193.846
0.403760135;428.22;77.96;193.846
0.415514916;392.1;77.96;193.846
0.405200856;388.2;77.96;193.846
0.402144883;377.4;77.96;193.846
0.400558692;385.09;77.96;193.846
0.400809204;398.9;77.96;193.846
0.404429662;437.25;77.96;193.846
0.410732962;461.06;77.96;193.846
0.429561266;510.66;77.96;193.846
0.412057781;530.88;77.96;193.846
0.420822803;524.33;77.96;193.846
0.416876321;509.33;77.96;193.846
0.40870058;469.58;77.96;193.846
0.402765485;440.98;77.96;193.846
0.391935404;390.1;77.96;200.291
0.38980058;382.1;77.96;200.291
0.388225069;359.89;77.96;200.291
0.388058536;352.69;77.96;200.291
0.390951749;393.03;77.96;200.291
0.400805768;457.04;77.96;200.291
0.419674404;479.9;77.96;200.291
0.43421636;478.9;77.96;200.291
0.420614888;397.91;77.96;200.291
0.415806216;328.26;77.96;200.291
0.414473636;307.77;77.96;200.291
0.426618485;234.87;77.96;200.291
0.415479299;227.41;77.96;200.291
0.407593629;198.39;77.96;200.291
0.407492701;219;77.96;200.291
0.413088079;274.71;77.96;200.291
0.412097676;324.11;77.96;200.291
0.418655811;435.36;77.96;200.291
0.436746821;499.47;77.96;200.291
0.423123914;511.07;77.96;200.291
0.413378309;513.17;77.96;200.291
0.411874831;484.91;77.96;200.291
0.404662429;441.26;77.96;200.291
0.402282605;383.95;77.96;200.291
0.394014932;368.07;77.96;205.316
0.392911931;340.14;77.96;205.316
0.39107098;326.3;77.96;205.316
0.393211736;329.96;77.96;205.316
0.397932935;368.76;77.96;205.316
0.409173879;440.47;77.96;205.316
0.422865154;453.86;77.96;205.316
0.435910882;444.21;77.96;205.316
0.419645486;370.24;77.96;205.316
0.423420989;317.82;77.96;205.316
0.43011774;244.61;77.96;205.316
0.43758853;243.56;77.96;205.316
0.418160202;182.52;77.96;205.316
0.413934688;199.08;77.96;205.316
0.415650086;291.92;77.96;205.316
0.418224326;361.59;77.96;205.316
0.417529922;438.52;77.96;205.316
0.421765979;500.35;77.96;205.316
0.442853815;550.06;77.96;205.316
0.428231652;566.89;77.96;205.316
0.430802105;560.76;77.96;205.316
0.414367334;500.02;77.96;205.316
0.405175421;452.18;77.96;205.316
0.40388457;450.3;77.96;205.316
0.401665659;414.26;77.96;202.24
0.392908225;375.07;77.96;202.24
0.387438526;348.49;77.96;202.24
0.384682841;345.3;77.96;202.24
0.387383003;375.07;77.96;202.24
0.397888093;452.27;77.96;202.24
0.404422287;480.1;77.96;202.24
0.418895816;479.79;77.96;202.24
0.426644126;449.9;77.96;202.24
0.437683331;408.25;77.96;202.24
0.448342715;370.91;77.96;202.24
0.451586218;344.28;77.96;202.24
0.429614397;284.02;77.96;202.24
0.422863743;319.51;77.96;202.24
0.418004896;342.64;77.96;202.24
0.418634994;366.51;77.96;202.24
0.417944922;416.97;77.96;202.24
0.424282738;492.73;77.96;202.24
0.436314679;513.74;77.96;202.24
0.428691126;504.33;77.96;202.24
0.42577852;499.83;77.96;202.24
0.414036732;480.6;77.96;202.24
0.406358249;424.96;77.96;202.24
0.401790887;406.06;77.96;202.24
0.395750986;358.18;77.96;196.406
0.397117986;337.64;77.96;196.406
0.39520398;339.17;77.96;196.406
0.396034915;338.52;77.96;196.406
0.39776985;390.05;77.96;196.406
0.401988966;449.91;77.96;196.406
0.41003699;468;77.96;196.406
0.421363998;483.91;77.96;196.406
0.427166435;447.14;77.96;196.406
0.43894712;428.44;77.96;196.406
0.440574662;405.1;82.86;196.406
0.452301458;394.2;84.5;196.406
0.447067865;331.05;84.5;196.406
0.442708508;297.06;84.5;196.406
0.430773735;256.21;84.5;196.406
0.427782068;252.44;84.5;196.406
0.429134703;291.18;84.5;196.406
0.430122879;355.02;84.5;196.406
0.440151781;419.54;84.5;196.406
0.421618527;424.89;84.5;196.406
0.425873826;437.3;84.5;196.406
0.424856645;429.91;84.5;196.406
0.411499897;386.55;84.5;196.406
0.397312472;361.76;84.5;196.406
0.392260159;315.05;84.5;196.133
0.392337736;308.59;84.5;196.133
0.393159231;276.45;84.5;196.133
0.393728089;267.76;84.5;196.133
0.406063841;261.14;84.5;196.133
0.420951643;290.83;84.5;196.133
0.440465585;315.03;84.5;196.133
0.446736243;309.56;84.5;196.133
0.428465017;273.36;84.5;196.133
0.434397428;238.11;84.5;196.133
0.428895133;202.19;84.5;196.133
0.434276485;170.12;84.5;196.133
0.419468596;149.31;84.5;196.133
0.415512768;116.02;84.5;196.133
0.411392192;139.77;84.5;196.133
0.420440381;175.16;84.5;196.133
0.432994505;239.05;84.5;196.133
0.434110632;318.16;84.5;196.133
0.458207458;372.49;84.5;196.133
0.440705317;396.81;84.5;196.133
0.425461551;380.64;84.5;196.133
0.421718825;369.08;84.5;196.133
0.410810998;324.98;84.5;196.133
0.396990537;277.89;84.5;196.133
0.393403678;232.85;84.5;196.133
0.388937999;218.28;84.5;196.133
0.392095251;206.4;84.5;196.133
0.40334555;200.47;84.5;196.133
0.414215162;205.23;84.5;196.133
0.429298604;205;84.5;196.133
0.438717391;206.29;84.5;196.133
0.431236053;162.27;84.5;196.133
0.418427776;142.7;84.5;196.133
0.427864917;100;84.5;196.133
0.435866154;87.69;84.5;196.133
0.434287349;86.82;84.5;196.133
0.417677666;69.74;84.5;196.133
0.413771984;70.02;84.5;196.133
0.407546897;86.15;84.5;196.133
0.410759638;102.82;84.5;196.133
0.41540616;199.42;84.5;196.133
0.428983502;301.67;84.5;196.133
0.44960321;393.3;84.5;196.133
0.430243451;421.99;84.5;196.133
0.422386792;419.92;84.5;196.133
0.420728587;401.86;84.5;196.133
0.407036086;359.42;84.5;196.133
0.396817253;310.08;84.5;196.133
0.392250976;271.57;84.5;195.67
0.387656026;281.49;84.5;195.67
0.385703909;278.39;84.5;195.67
0.391465105;272.89;84.5;195.67
0.40029132;310.38;84.5;195.67
0.421300023;408.54;84.5;195.67
0.432802042;419.99;84.5;195.67
0.430965151;414.68;84.5;195.67
0.419469583;384.55;84.5;195.67
0.418618888;339.44;84.5;195.67
0.415753612;307.07;84.5;195.67
0.420975001;292.66;84.5;195.67
0.406279309;294.01;84.5;195.67
0.404465049;294.68;84.5;195.67
0.399922886;307.77;84.5;195.67
0.408384535;329.86;84.5;195.67
0.414262641;406.02;84.5;195.67
0.419060403;439.98;84.5;195.67
0.445226138;495.9;84.5;195.67
0.429562482;493.85;84.5;195.67
0.427713593;455;84.5;195.67
0.416049416;429.15;84.5;195.67
0.403976318;391.2;84.5;195.67
0.393765966;330.76;84.5;195.67
0.39044946;298.92;84.5;195.46
0.386772759;298.95;84.5;195.46
0.38688768;289.2;84.5;195.46
0.388484792;295.75;84.5;195.46
0.402679608;320.01;84.5;195.46
0.421232618;382.92;84.5;195.46
0.44712618;414.98;84.5;195.46
0.444120888;426.22;84.5;195.46
0.42945924;383.99;84.5;195.46
0.431452498;310.09;84.5;195.46
0.434558803;282.44;84.5;195.46
0.439638287;277.57;84.5;195.46
0.427578586;258.94;84.5;195.46
0.42387999;260.64;84.5;195.46
0.424176251;266.89;84.5;195.46
0.431468673;289.37;84.5;195.46
0.429066463;351.34;84.5;195.46
0.429988857;420;84.5;195.46
0.448112906;469.8;84.5;195.46
0.442467993;469.72;84.5;195.46
0.440196073;428.67;84.5;195.46
0.419925607;406.45;84.5;195.46
0.404599105;343.31;84.5;195.46
0.397074416;297.01;84.5;195.46
0.391258014;286.98;84.5;190.161
0.391294154;298.71;84.5;190.161
0.38772598;285.6;84.5;190.161
0.386387752;293.99;84.5;190.161
0.396899477;297.74;84.5;190.161
0.413849133;343.67;84.5;190.161
0.433872484;392.98;84.5;190.161
0.448201372;395.51;84.5;190.161
0.43351685;356.26;84.5;190.161
0.435235562;302.9;84.5;190.161
0.432818223;284.9;84.5;190.161
0.444150371;274.76;84.5;190.161
0.429695687;253;84.5;190.161
0.430464375;253.96;84.5;190.161
0.438069788;272.34;84.5;190.161
0.442223421;303.1;84.5;190.161
0.442508723;353;84.5;190.161
0.438536003;409.93;84.5;190.161
0.453836104;449;84.5;190.161
0.43186466;454.73;84.5;190.161
0.426693516;420;84.5;190.161
0.415646001;406.84;84.5;190.161
0.405375384;355.01;84.5;190.161
0.397698143;309.92;84.5;190.161
0.394841755;300.03;84.5;202.467
0.389314663;310;84.5;202.467
0.389557527;306.3;84.5;202.467
0.389783797;312;84.5;202.467
0.395192568;347.06;84.5;202.467
0.40160793;406.65;84.5;202.467
0.417123597;419.97;84.5;202.467
0.440326962;414.9;84.5;202.467
0.450429611;397.16;84.5;202.467
0.455181052;355.1;84.5;202.467
0.452486438;313.97;84.5;202.467
0.459819134;298.97;84.5;202.467
0.447719269;269.86;84.5;202.467
0.444052521;267.86;84.5;202.467
0.432172611;294;84.5;202.467
0.433686695;334.8;84.5;202.467
0.434349354;401.31;84.5;202.467
0.442707793;450;84.5;202.467
0.455325338;539.9;84.5;202.467
0.4275015;534.75;84.5;202.467
0.426234754;446;84.5;202.467
0.421032752;414.99;84.5;202.467
0.411688145;390;84.5;202.467
0.399478543;422.1;84.5;202.467
0.390613035;405;84.5;210.885
0.388620516;395.69;84.5;210.885
0.389754045;391.95;84.5;210.885
0.399553545;402.56;84.5;210.885
0.404473975;408;84.5;210.885
0.407107955;469.21;84.5;210.885
0.417022975;513.31;84.5;210.885
0.439302648;508;84.5;210.885
0.451108807;472.56;84.5;210.885
0.469123164;419.9;84.5;210.885
0.475355128;405.6;86.6;210.885
0.471903549;376.39;87.3;210.885
0.463841179;328.45;87.3;210.885
0.453479247;334.37;87.3;210.885
0.442974548;372.09;87.3;210.885
0.449178272;393.24;87.3;210.885
0.454004151;448.08;87.3;210.885
0.454016578;489.99;87.3;210.885
0.481614147;560;87.3;210.885
0.468653124;565.4;87.3;210.885
0.475178893;507.78;87.3;210.885
0.46168984;469.47;87.3;210.885
0.440961523;424.02;87.3;210.885
0.41360563;427.23;87.3;210.885
0.407930299;400.71;87.3;203.648
0.409259806;387.87;87.3;203.648
0.412743558;374.09;87.3;203.648
0.419685299;375.79;87.3;203.648
0.438247391;382.76;87.3;203.648
0.480777738;379.9;87.3;203.648
0.485442426;388.74;87.3;203.648
0.450182009;399.9;87.3;203.648
0.431336338;374.5;87.3;203.648
0.425111732;333.41;87.3;203.648
0.423699949;300.02;87.3;203.648
0.433890011;247.22;87.3;203.648
0.427555619;192.11;87.3;203.648
0.431307559;213.62;87.3;203.648
0.422584707;292.05;87.3;203.648
0.417241442;341.76;87.3;203.648
0.427710985;412.3;87.3;203.648
0.432961607;466.2;87.3;203.648
0.469167606;503.26;87.3;203.648
0.461623704;504.7;87.3;203.648
0.457952864;479.94;87.3;203.648
0.44178471;461.91;87.3;203.648
0.430542564;425.89;87.3;203.648
0.42563705;416.3;87.3;203.648
0.415581753;397.2;87.3;203.648
0.41763985;377.9;87.3;203.648
0.418447268;354;87.3;203.648
0.427671686;350.06;87.3;203.648
0.4417825;351.01;87.3;203.648
0.46842012;352.77;87.3;203.648
0.468691725;350.05;87.3;203.648
0.443626179;355.17;87.3;203.648
0.421430515;339.94;87.3;203.648
0.415606733;309;87.3;203.648
0.412301188;249.58;87.3;203.648
0.420889337;136.72;87.3;203.648
0.413856633;84.93;87.3;203.648
0.409541338;74.02;87.3;203.648
0.405100236;164.37;87.3;203.648
0.414319929;268.13;87.3;203.648
0.440243524;343.52;87.3;203.648
0.446699382;415.9;87.3;203.648
0.459117856;454.91;87.3;203.648
0.445720761;459.96;87.3;203.648
0.441183786;462.6;87.3;203.648
0.424254627;455.42;87.3;203.648
0.406920104;407.48;87.3;203.648
0.396515492;375.03;87.3;203.648
0.393313891;361.09;87.3;203.639
0.403960704;360.64;87.3;203.639
0.408618471;350;87.3;203.639
0.406141231;352.99;87.3;203.639
0.423800287;363.59;87.3;203.639
0.462946641;381.41;87.3;203.639
0.474740235;429.12;87.3;203.639
0.450017762;467.34;87.3;203.639
0.427304303;452.8;87.3;203.639
0.424287387;431.41;87.3;203.639
0.413319984;407.06;87.3;203.639
0.42177252;402.31;87.3;203.639
0.41527327;392.13;87.3;203.639
0.41680167;392.77;87.3;203.639
0.411915198;380.09;87.3;203.639
0.41025888;400.05;87.3;203.639
0.429173102;448.84;87.3;203.639
0.446588299;495;87.3;203.639
0.471557378;520.01;87.3;203.639
0.459034948;555.72;87.3;203.639
0.446539044;536.69;87.3;203.639
0.433113512;507;87.3;203.639
0.414038161;475.42;87.3;203.639
0.399521807;465.26;87.3;203.639
0.396815166;430.65;87.3;212.846
0.401053927;430.94;87.3;212.846
0.397864346;416.42;87.3;212.846
0.402685978;422.59;87.3;212.846
0.431407193;440.99;87.3;212.846
0.462634781;502.52;87.3;212.846
0.472268099;517.99;87.3;212.846
0.453091223;514.9;87.3;212.846
0.436018171;488.44;87.3;212.846
0.430156593;450;87.3;212.846
0.43164825;424.95;87.3;212.846
0.440113702;417.08;87.3;212.846
0.429800543;410.06;87.3;212.846
0.425053818;410.09;87.3;212.846
0.426533553;418.06;87.3;212.846
0.430695472;442.53;87.3;212.846
0.441415831;506.91;87.3;212.846
0.452379072;600.05;87.3;212.846
0.476409528;664.89;87.3;212.846
0.456431779;662.05;87.3;212.846
0.440775781;648.38;87.3;212.846
0.431902288;580;87.3;212.846
0.419486213;513.28;87.3;212.846
0.402522338;523.94;87.3;212.846
0.392488186;483.88;87.3;235.643
0.390031337;472.13;87.3;235.643
0.390410692;459.22;87.3;235.643
0.393992057;463.42;87.3;235.643
0.414279904;489.64;87.3;235.643
0.446909097;547.74;87.3;235.643
0.470774864;597.04;87.3;235.643
0.460871993;616.33;87.3;235.643
0.441230544;575.1;87.3;235.643
0.443204894;549.97;87.3;235.643
0.438077105;526.89;87.3;235.643
0.444493895;509.09;87.3;235.643
0.43128927;500;87.3;235.643
0.428603898;493.09;87.3;235.643
0.429693171;509.47;87.3;235.643
0.428112554;541.6;87.3;235.643
0.428997915;593.3;87.3;235.643
0.440114748;676.04;87.3;235.643
0.456074782;747.93;87.3;235.643
0.437277345;681;87.3;235.643
0.432195479;629.09;87.3;235.643
0.417801662;552.03;87.3;235.643
0.409771844;508.92;87.3;235.643
0.402554693;523.92;87.3;235.643
0.40003921;479.9;87.3;231.385
0.408560599;480;87.3;231.385
0.408443965;474.46;87.3;231.385
0.411740788;478.13;87.3;231.385
0.413683437;499.24;87.3;231.385
0.419719824;550;87.3;231.385
0.429828353;598.9;87.3;231.385
0.450248887;620.1;87.3;231.385
0.46159911;613.59;87.3;231.385
0.478819501;610.19;87.3;231.385
0.478048549;577.65;87.3;231.385
0.480262449;559.87;87.3;231.385
0.457801489;563.11;87.3;231.385
0.442517453;543.34;87.3;231.385
0.437931062;541.9;87.3;231.385
0.44130334;586.23;87.3;231.385
0.445574512;593.97;87.3;231.385
0.44163988;642.99;87.3;231.385
0.455774811;657.98;87.3;231.385
0.434039717;646.96;87.3;231.385
0.423960101;600.06;87.3;231.385
0.422951221;562.82;87.3;231.385
0.418257277;524.93;87.3;231.385
0.412436252;510.09;87.3;231.385
0.402574331;467.63;87.3;234.537
0.395041089;450.1;87.3;234.537
0.394389743;434.14;87.3;234.537
0.39553215;439.39;87.3;234.537
0.39904887;469.62;87.3;234.537
0.408685757;528.21;87.3;234.537
0.425494258;571.24;87.3;234.537
0.45366832;587.56;87.3;234.537
0.461967184;575;87.3;234.537
0.468749976;566;87.3;234.537
0.463726432;547.26;94.48;234.537
0.473896851;527.8;96.87;234.537
0.459675981;488.24;96.87;234.537
0.453964193;461.14;96.87;234.537
0.450408143;461.17;96.87;234.537
0.450067265;490.86;96.87;234.537
0.444471702;517.42;96.87;234.537
0.456952007;545.56;96.87;234.537
0.496617585;568.99;96.87;234.537
0.486296392;569.4;96.87;234.537
0.473962799;550;96.87;234.537
0.441411747;530.58;96.87;234.537
0.410588622;504.93;96.87;234.537
0.396389244;512.09;96.87;234.537
0.395012488;500.05;96.87;243.841
0.395093029;480.09;96.87;243.841
0.399648317;460.04;96.87;243.841
0.408814924;452.61;96.87;243.841
0.438652355;452.15;96.87;243.841
0.48091816;471.69;96.87;243.841
0.510901502;475.03;96.87;243.841
0.464923528;484.93;96.87;243.841
0.4409719;480.02;96.87;243.841
0.431509804;464.5;96.87;243.841
0.424021752;443.19;96.87;243.841
0.427748942;432.48;96.87;243.841
0.424920588;364.68;96.87;243.841
0.421683297;344.13;96.87;243.841
0.423135529;339.28;96.87;243.841
0.422718197;361.23;96.87;243.841
0.436619656;402.56;96.87;243.841
0.450018572;475.06;96.87;243.841
0.476793262;529.91;96.87;243.841
0.448961913;552.48;96.87;243.841
0.439317955;540.09;96.87;243.841
0.441137358;514.12;96.87;243.841
0.433410768;458.96;96.87;243.841
0.419176929;430.27;96.87;243.841
0.416406404;381;96.87;243.841
0.416626149;374.94;96.87;243.841
0.422384614;344.27;96.87;243.841
0.432123933;323;96.87;243.841
0.466736638;324.07;96.87;243.841
0.508769458;365.99;96.87;243.841
0.517980726;348.35;96.87;243.841
0.470791236;332;96.87;243.841
0.438847928;317.26;96.87;243.841
0.420115434;254.52;96.87;243.841
0.419657054;176.88;96.87;243.841
0.420188253;97.31;96.87;243.841
0.412904691;77.46;96.87;243.841
0.412740264;97.34;96.87;243.841
0.410659077;204.21;96.87;243.841
0.412337084;313.88;96.87;243.841
0.425276079;455;96.87;243.841
0.447585475;530;96.87;243.841
0.47877743;592;96.87;243.841
0.457672145;623.89;96.87;243.841
0.457631828;609.96;96.87;243.841
0.467542147;595.46;96.87;243.841
0.462406472;570.11;96.87;243.841
0.450200414;504.25;96.87;243.841
0.451800444;477.42;96.87;244.68
0.452516641;467.94;96.87;244.68
0.455413708;447.93;96.87;244.68
0.459801999;450.02;96.87;244.68
0.488087625;497.08;96.87;244.68
0.528647351;561.74;96.87;244.68
0.508591242;599.9;96.87;244.68
0.45680585;610;96.87;244.68
0.420951007;595.59;96.87;244.68
0.421191777;583.46;96.87;244.68
0.409559003;567.5;96.87;244.68
0.416738456;534.3;96.87;244.68
0.408350833;540.91;96.87;244.68
0.407760602;557.06;96.87;244.68
0.406938745;577.2;96.87;244.68
0.412822558;586.67;96.87;244.68
0.434808396;613.55;96.87;244.68
0.447939233;640;96.87;244.68
0.46740709;675.55;96.87;244.68
0.449176244;679.97;96.87;244.68
0.440604897;629.63;96.87;244.68
0.429316327;588.86;96.87;244.68
0.409437356;545;96.87;244.68
0.406215239;550;96.87;244.68
0.397567341;504.73;96.87;282.309
0.394352474;507;96.87;282.309
0.394623493;500.57;96.87;282.309
0.396241288;503.32;96.87;282.309
0.423759187;531.02;96.87;282.309
0.483101583;627.95;96.87;282.309
0.496977923;668.21;96.87;282.309
0.464683953;680;96.87;282.309
0.440229672;640.1;96.87;282.309
0.431003548;614.01;96.87;282.309
0.426401413;551.4;96.87;282.309
0.438765218;518.71;96.87;282.309
0.430378712;518.46;96.87;282.309
0.427790885;549.81;96.87;282.309
0.427569481;572.78;96.87;282.309
0.431345397;604.43;96.87;282.309
0.444244878;648.15;96.87;282.309
0.454310383;713.65;96.87;282.309
0.478732526;794.95;96.87;282.309
0.465043722;771;96.87;282.309
0.456010411;708.83;96.87;282.309
0.437189833;644;96.87;282.309
0.418663057;599.99;96.87;282.309
0.409404589;581.8;96.87;282.309
0.406152908;550;96.87;272.212
0.402985351;550.19;96.87;272.212
0.400003071;535.98;96.87;272.212
0.403288672;539.01;96.87;272.212
0.428609622;574.18;96.87;272.212
0.489415472;648;96.87;272.212
0.490034698;683.25;96.87;272.212
0.464531973;694.26;96.87;272.212
0.438446953;649.92;96.87;272.212
0.436819178;588.06;96.87;272.212
0.435464329;576.89;96.87;272.212
0.44255302;516.12;96.87;272.212
0.429405889;541.97;96.87;272.212
0.42778647;545.11;96.87;272.212
0.432678267;577.34;96.87;272.212
0.436748675;613.48;96.87;272.212
0.446880101;672.33;96.87;272.212
0.462359486;750;96.87;272.212
0.471440667;850;96.87;272.212
0.442150934;783.56;96.87;272.212
0.427403577;724.96;96.87;272.212
0.424449536;659.37;96.87;272.212
0.431180145;578.42;96.87;272.212
0.429494697;535.2;96.87;272.212
0.427068397;522.92;96.87;283.492
0.425283944;520.07;96.87;283.492
0.424949186;513.06;96.87;283.492
0.431780213;518.6;96.87;283.492
0.440385178;530.07;96.87;283.492
0.446783954;606.61;96.87;283.492
0.454550973;668.24;96.87;283.492
0.471428791;689.87;96.87;283.492
0.478733238;639.34;96.87;283.492
0.484226229;576.99;96.87;283.492
0.481407719;535.04;96.87;283.492
0.473241798;505.88;96.87;283.492
0.460061462;504.19;96.87;283.492
0.455327875;502.59;96.87;283.492
0.45001333;524.96;96.87;283.492
0.449434318;564.35;96.87;283.492
0.456761745;686.8;96.87;283.492
0.463564285;714.23;96.87;283.492
0.465629658;766.79;96.87;283.492
0.444357582;760;96.87;283.492
0.445940584;710;96.87;283.492
0.456993054;673.4;96.87;283.492
0.452026314;626.73;96.87;283.492
0.442285621;607.15;96.87;283.492
0.437293629;580.07;96.87;312.156
0.434547324;572.53;96.87;312.156
0.431655534;571.04;96.87;312.156
0.426047803;569.21;96.87;312.156
0.434449514;598.99;96.87;312.156
0.448887349;750;96.87;312.156
0.459708034;769.23;96.87;312.156
0.472797608;802.99;96.87;312.156
0.47946438;781.62;96.87;312.156
0.481172197;763.2;96.87;312.156
0.477051017;750.03;91.39;312.156
0.475085389;702.33;89.56;312.156
0.455646398;676.88;89.56;312.156
0.451500205;643.55;89.56;312.156
0.452024912;665.93;89.56;312.156
0.467295067;685.56;89.56;312.156
0.495447212;750.01;89.56;312.156
0.505244245;770;89.56;312.156
0.534932464;780;89.56;312.156
0.514874512;778.54;89.56;312.156
0.499389854;770;89.56;312.156
0.484607515;747.74;89.56;312.156
0.470901147;700;89.56;312.156
0.452845616;685.14;89.56;312.156
0.452200475;644.2;89.56;312.137
0.456115454;636.8;89.56;312.137
0.458934627;587.9;89.56;312.137
0.462662692;563.47;89.56;312.137
0.492658037;573.1;89.56;312.137
0.554221708;580.9;89.56;312.137
0.550284014;636;89.56;312.137
0.500978505;682.59;89.56;312.137
0.454245693;685.95;89.56;312.137
0.447069171;660.75;89.56;312.137
0.445666859;601.84;89.56;312.137
0.448547834;578.03;89.56;312.137
0.435026029;488.82;89.56;312.137
0.43065113;500.16;89.56;312.137
0.425235286;461.73;89.56;312.137
0.434338188;489.19;89.56;312.137
0.451785662;554.67;89.56;312.137
0.466570277;669.91;89.56;312.137
0.496377827;704.62;89.56;312.137
0.489544024;700.06;89.56;312.137
0.499788615;665.98;89.56;312.137
0.473001728;659.94;89.56;312.137
0.449977548;576.39;89.56;312.137
0.428822883;585.03;89.56;312.137
0.418299473;491.4;89.56;312.137
0.416417548;467.7;89.56;312.137
0.415805345;430;89.56;312.137
0.415423643;425.97;89.56;312.137
0.437727796;409.92;89.56;312.137
0.489101793;427.29;89.56;312.137
0.485532784;441.91;89.56;312.137
0.449616014;467.45;89.56;312.137
0.423171765;437.62;89.56;312.137
0.423890594;275.09;89.56;312.137
0.419451585;256.88;89.56;312.137
0.423761725;115.98;89.56;312.137
0.414239092;75.8;89.56;312.137
0.41302002;13.29;89.56;312.137
0.417565444;62.16;89.56;312.137
0.426191122;105.92;89.56;312.137
0.431915402;336.2;89.56;312.137
0.446598041;579.24;89.56;312.137
0.480226834;676.4;89.56;312.137
0.470666049;700.75;89.56;312.137
0.466585124;646.06;89.56;312.137
0.447974592;606.7;89.56;312.137
0.424112512;590.03;89.56;312.137
0.420722193;590.85;89.56;312.137
0.425911161;544.14;89.56;312.137
0.427232086;523.3;89.56;312.137
0.432338475;521.03;89.56;312.137
0.431045215;516.07;89.56;312.137
0.448833107;582.36;89.56;312.137
0.498242466;696.75;89.56;312.137
0.499037059;769.92;89.56;312.137
0.446725649;793.99;89.56;312.137
0.420974709;668.06;89.56;312.137
0.414787837;661.36;89.56;312.137
0.410285827;574.27;89.56;312.137
0.423541431;548.77;89.56;312.137
0.410833619;553.42;89.56;312.137
0.408917326;541.57;89.56;312.137
0.407307492;548.41;89.56;312.137
0.417270779;645.73;89.56;312.137
0.420922032;773.91;89.56;312.137
0.436753212;837.66;89.56;312.137
0.474097382;871;89.56;312.137
0.457817532;860.89;89.56;312.137
0.456130957;800;89.56;312.137
0.450284759;762.48;89.56;312.137
0.437565599;615.91;89.56;312.137
0.423129172;617.49;89.56;312.137
0.421543894;595.07;89.56;313.553
0.421198247;585.01;89.56;313.553
0.420350398;584.96;89.56;313.553
0.424783089;594.99;89.56;313.553
0.44718529;612.55;89.56;313.553
0.49587262;763.3;89.56;313.553
0.497839986;778.06;89.56;313.553
0.466821356;791.31;89.56;313.553
0.435442958;759.95;89.56;313.553
0.43044516;664.79;89.56;313.553
0.42292398;580.26;89.56;313.553
0.431047104;569.34;89.56;313.553
0.42143235;571.95;89.56;313.553
0.420127267;553.98;89.56;313.553
0.425908107;581.3;89.56;313.553
0.435000494;573.89;89.56;313.553
0.448935414;746.77;89.56;313.553
0.459139493;793.71;89.56;313.553
0.484857323;855.46;89.56;313.553
0.453924712;765.99;89.56;313.553
0.452851307;705;89.56;313.553
0.447880509;626.74;89.56;313.553
0.421204405;573.8;89.56;313.553
0.4031877;531.48;89.56;313.553
0.399721211;523.31;89.56;262.711
0.399154226;541.87;89.56;262.711
0.399714164;498.16;89.56;262.711
0.400792196;541.83;89.56;262.711
0.42611469;543.26;89.56;262.711
0.479518286;649.99;89.56;262.711
0.492737723;724.46;89.56;262.711
0.466152051;736.97;89.56;262.711
0.446383929;697.72;89.56;262.711
0.43700565;633.31;89.56;262.711
0.432073136;644.83;89.56;262.711
0.434399465;552.93;89.56;262.711
0.425341562;529.08;89.56;262.711
0.429094771;496.98;89.56;262.711
0.437334487;519.64;89.56;262.711
0.444578998;541.81;89.56;262.711
0.449573329;641.74;89.56;262.711
0.456394185;720.67;89.56;262.711
0.468264768;750;89.56;262.711
0.443406258;714.45;89.56;262.711
0.432688342;677.26;89.56;262.711
0.431389255;563.52;89.56;262.711
0.419026349;532.51;89.56;262.711
0.409720519;490.77;89.56;262.711
0.403753009;484.36;89.56;244.325
0.410357144;486.34;89.56;244.325
0.418897603;480.02;89.56;244.325
0.421807729;495.18;89.56;244.325
0.425558458;532.8;89.56;244.325
0.431751841;644.71;89.56;244.325
0.447842873;669.21;89.56;244.325
0.476914422;665.46;89.56;244.325
0.4923646;614.15;89.56;244.325
0.492177027;567.93;89.56;244.325
0.465277101;522.02;89.56;244.325
0.46580965;495.26;89.56;244.325
0.460912304;491.55;89.56;244.325
0.460706859;511.25;89.56;244.325
0.454206278;539.65;89.56;244.325
0.449780563;559.97;89.56;244.325
0.454796254;631.45;89.56;244.325
0.456278426;686.23;89.56;244.325
0.471459638;729.9;89.56;244.325
0.449993725;702.09;89.56;244.325
0.448629636;640.72;89.56;244.325
0.44383897;572.54;89.56;244.325
0.445949472;495.19;89.56;244.325
0.439955639;456.05;89.56;244.325
0.445026757;418.74;89.56;229.117
0.452193389;395.35;89.56;229.117
0.449231062;362.68;89.56;229.117
0.456444652;391.73;89.56;229.117
0.462992238;445.42;89.56;229.117
0.47078144;532.08;89.56;229.117
0.470105486;566.1;89.56;229.117
0.475892614;581.97;89.56;229.117
0.477180138;529.89;89.56;229.117
0.482066577;497.53;89.56;229.117
0.485265227;404.22;81.2;229.117
0.485838344;260.08;78.41;229.117
0.462437876;238.59;78.41;229.117
0.44924557;244.16;78.41;229.117
0.442826119;309.98;78.41;229.117
0.447677095;367.53;78.41;229.117
0.454592978;489.39;78.41;229.117
0.471460464;550.1;78.41;229.117
0.499920273;574.34;78.41;229.117
0.479415942;562.86;78.41;229.117
0.478600845;401.96;78.41;229.117
0.454139544;343.25;78.41;229.117
0.444166751;210.06;78.41;229.117
0.433540718;230.18;78.41;229.117
0.427984306;244.97;78.41;194.61
0.431252953;262.46;78.41;194.61
0.435818921;249.99;78.41;194.61
0.443797813;235.3;78.41;194.61
0.473750395;291.67;78.41;194.61
0.538622136;275;78.41;194.61
0.546749245;370.08;78.41;194.61
0.483021506;400.43;78.41;194.61
0.44205006;378.67;78.41;194.61
0.430591645;206.73;78.41;194.61
0.423483056;128.28;78.41;194.61
0.432275313;75.27;78.41;194.61
0.428254416;51.01;78.41;194.61
0.42484233;77.55;78.41;194.61
0.424035717;165.93;78.41;194.61
0.427070712;249.98;78.41;194.61
0.44016983;401.54;78.41;194.61
0.449935578;453.63;78.41;194.61
0.49118416;530;78.41;194.61
0.474278111;514.93;78.41;194.61
0.46199272;411;78.41;194.61
0.455916925;381.71;78.41;194.61
0.4475518;319.72;78.41;194.61
0.440249213;210.27;78.41;194.61
0.437908661;204.77;78.41;194.61
0.441294211;200.05;78.41;194.61
0.445116799;204.16;78.41;194.61
0.453102479;220.08;78.41;194.61
0.472490723;222.72;78.41;194.61
0.522942118;211.07;78.41;194.61
0.526529039;226.39;78.41;194.61
0.472834436;209.95;78.41;194.61
0.428026251;183.72;78.41;194.61
0.417169367;125.91;78.41;194.61
0.419412131;83.97;78.41;194.61
0.428206498;72.61;78.41;194.61
0.419441454;52.91;78.41;194.61
0.420562019;65.48;78.41;194.61
0.418433734;86.63;78.41;194.61
0.423515858;204.12;78.41;194.61
0.445442653;375;78.41;194.61
0.465957555;455.47;78.41;194.61
0.4865831;509.93;78.41;194.61
0.468047452;509.93;78.41;194.61
0.458460547;445;78.41;194.61
0.444711621;409.67;78.41;194.61
0.439281963;335.28;78.41;194.61
0.433042133;269.25;78.41;194.61
0.428398911;220;78.41;194.04
0.430355451;212.45;78.41;194.04
0.435607456;222.84;78.41;194.04
0.440869469;239.33;78.41;194.04
0.472476922;367.52;78.41;194.04
0.525676033;459.9;78.41;194.04
0.527111697;506.5;78.41;194.04
0.476306919;519.93;78.41;194.04
0.438048533;470.49;78.41;194.04
0.418501368;400.99;78.41;194.04
0.418670455;308.08;78.41;194.04
0.426030737;250.01;78.41;194.04
0.417526964;182.56;78.41;194.04
0.415675492;204.1;78.41;194.04
0.416077553;267.37;78.41;194.04
0.427107443;346.51;78.41;194.04
0.447805129;487.05;78.41;194.04
0.456873442;564.27;78.41;194.04
0.467675701;601.62;78.41;194.04
0.459402237;523.03;78.41;194.04
0.455417861;420.15;78.41;194.04
0.439235477;309.49;78.41;194.04
0.414672796;225.45;78.41;194.04
0.399417592;273.51;78.41;194.04
0.399297936;298.29;78.41;233.347
0.402900526;275.68;78.41;233.347
0.405713661;282.87;78.41;233.347
0.417746438;286.75;78.41;233.347
0.450095781;340.91;78.41;233.347
0.508679105;513.03;78.41;233.347
0.511773076;553.88;78.41;233.347
0.475802176;561.75;78.41;233.347
0.438258561;478.46;78.41;233.347
0.438241573;431.07;78.41;233.347
0.438574509;304.49;78.41;233.347
0.452380579;255.17;78.41;233.347
0.433580913;267.1;78.41;233.347
0.42764855;279.92;78.41;233.347
0.428759076;363.97;78.41;233.347
0.433288196;443.33;78.41;233.347
0.445249892;525.81;78.41;233.347
0.463774133;564.44;78.41;233.347
0.486970956;633.97;78.41;233.347
0.464350416;594;78.41;233.347
0.467277644;530.03;78.41;233.347
0.458602461;484.81;78.41;233.347
0.439477306;471.21;78.41;233.347
0.424251287;415.26;78.41;233.347
0.415312705;384.07;78.41;212.006
0.415274956;367.45;78.41;212.006
0.417701344;366.11;78.41;212.006
0.426862696;387.67;78.41;212.006
0.456172062;394.01;78.41;212.006
0.512676527;484.68;78.41;212.006
0.509876259;519.9;78.41;212.006
0.475719998;524.77;78.41;212.006
0.44941899;501.18;78.41;212.006
0.440850564;469.94;78.41;212.006
0.436012321;450.38;78.41;212.006
0.442573418;392.98;78.41;212.006
0.432855104;390.39;78.41;212.006
0.432667151;396.65;78.41;212.006
0.4300273;399.97;78.41;212.006
0.438092632;445.33;78.41;212.006
0.444371217;521.75;78.41;212.006
0.458094943;576.75;78.41;212.006
0.468273843;633.49;78.41;212.006
0.439497755;599.98;78.41;212.006
0.43647494;551.3;78.41;212.006
0.436278692;486.44;78.41;212.006
0.421347609;438.87;78.41;212.006
0.406296837;442.12;78.41;212.006
0.401264711;407.83;78.41;215.547
0.399710004;400.35;78.41;215.547
0.399914402;382.07;78.41;215.547
0.411934136;379.29;78.41;215.547
0.426938991;404.13;78.41;215.547
0.433432805;500.91;78.41;215.547
0.442140841;520;78.41;215.547
0.469957351;524.06;78.41;215.547
0.477510472;509.98;78.41;215.547
0.480048889;483.69;78.41;215.547
0.488297649;455.56;78.41;215.547
0.478576189;432.9;78.41;215.547
0.461642721;399.93;78.41;215.547
0.449118312;392.84;78.41;215.547
0.445354539;394.96;78.41;215.547
0.459516003;403.04;78.41;215.547
0.459450507;450.15;78.41;215.547
0.457172612;504.91;78.41;215.547
0.470749248;525.82;78.41;215.547
0.45015652;510.24;78.41;215.547
0.450546219;479.91;78.41;215.547
0.458016291;394.55;78.41;215.547
0.455663557;345.17;78.41;215.547
0.449735419;300.01;78.41;215.547
0.450249299;238.2;78.41;198.332
0.452410419;205.01;78.41;198.332
0.45523492;192.6;78.41;198.332
0.461148521;226.87;78.41;198.332
0.465068792;278.7;78.41;198.332
0.466220687;375.58;78.41;198.332
0.46928457;431;78.41;198.332
0.490482586;431.46;78.41;198.332
0.495256209;401.74;78.41;198.332
0.489462503;353.07;78.41;198.332
0.482090374;329.86;68.51;198.332
0.486651683;339.76;65.21;198.332
0.4731374;292.47;65.21;198.332
0.459085071;293.88;65.21;198.332
0.450903499;291.02;65.21;198.332
0.455679188;364.23;65.21;198.332
0.465711049;390;65.21;198.332
0.488457343;435.31;65.21;198.332
0.503432035;467.35;65.21;198.332
0.471044203;465;65.21;198.332
0.460378054;419.95;65.21;198.332
0.458168468;398.29;65.21;198.332
0.44297441;375.44;65.21;198.332
0.43433153;400.85;65.21;198.332
0.433244879;359.09;65.21;193.91
0.432549906;352.09;65.21;193.91
0.433451526;348.07;65.21;193.91
0.438798628;348.09;65.21;193.91
0.470735332;356.04;65.21;193.91
0.528856919;381.3;65.21;193.91
0.521327584;411.07;65.21;193.91
0.469115553;427.72;65.21;193.91
0.443484125;429.18;65.21;193.91
0.444255556;419.9;65.21;193.91
0.44115788;418.36;65.21;193.91
0.445593206;399.98;65.21;193.91
0.431441158;355;65.21;193.91
0.427965332;348.99;65.21;193.91
0.428061497;353.39;65.21;193.91
0.428488197;371.98;65.21;193.91
0.444719641;436.24;65.21;193.91
0.463600555;469.52;65.21;193.91
0.471046066;491.86;65.21;193.91
0.470359163;483.98;65.21;193.91
0.477199169;459.95;65.21;193.91
0.467623542;443.97;65.21;193.91
0.444682055;437.01;65.21;193.91
0.428388979;421.45;65.21;193.91
0.426887434;385.07;65.21;193.91
0.422145628;385.06;65.21;193.91
0.427769871;369.22;65.21;193.91
0.434415062;358.54;65.21;193.91
0.465131941;369.02;65.21;193.91
0.514041636;379.02;65.21;193.91
0.517222835;385.01;65.21;193.91
0.46176884;402.13;65.21;193.91
0.427982918;402.13;65.21;193.91
0.422559951;388.5;65.21;193.91
0.420967008;380.04;65.21;193.91
0.433375659;360;65.21;193.91
0.420180059;295;65.21;193.91
0.418704229;251.8;65.21;193.91
0.418411918;297;65.21;193.91
0.434785108;343.1;65.21;193.91
0.463521533;404.32;65.21;193.91
0.487990515;459.99;65.21;193.91
0.517726307;505.94;65.21;193.91
0.491001111;517.2;65.21;193.91
0.465562845;484.94;65.21;193.91
0.444415813;451.26;65.21;193.91
0.419597174;400;65.21;193.91
0.404200778;347.09;65.21;193.91
0.401230844;355.48;65.21;194.45
0.407098273;355;65.21;194.45
0.416367573;349.9;65.21;194.45
0.429319547;353.39;65.21;194.45
0.465225265;389.05;65.21;194.45
0.509069669;466.11;65.21;194.45
0.520904656;502.68;65.21;194.45
0.464481985;502.29;65.21;194.45
0.433120525;458.97;65.21;194.45
0.424494707;405.02;65.21;194.45
0.418229089;359.35;65.21;194.45
0.425382598;351.33;65.21;194.45
0.417223585;329.91;65.21;194.45
0.414620111;336.94;65.21;194.45
0.416638932;344.22;65.21;194.45
0.430420645;385.97;65.21;194.45
0.44783771;471.71;65.21;194.45
0.458509198;515;65.21;194.45
0.480183521;540.64;65.21;194.45
0.481157375;515.64;65.21;194.45
0.478028614;443.31;65.21;194.45
0.462101676;369;65.21;194.45
0.4518;344.74;65.21;194.45
0.439054097;345.06;65.21;194.45
0.433942959;294.93;65.21;186.644
0.429335126;282.3;65.21;186.644
0.436550655;295.04;65.21;186.644
0.451043335;302.86;65.21;186.644
0.48791751;338.74;65.21;186.644
0.55162853;421.1;65.21;186.644
0.544954307;447.28;65.21;186.644
0.48425581;461.19;65.21;186.644
0.455887345;449.78;65.21;186.644
0.4441094;422.29;65.21;186.644
0.436577035;429.55;65.21;186.644
0.438101945;335.95;65.21;186.644
0.426260092;325.35;65.21;186.644
0.428372642;331.05;65.21;186.644
0.427136564;344.96;65.21;186.644
0.430566345;364.53;65.21;186.644
0.442010612;450.11;65.21;186.644
0.459432868;503.46;65.21;186.644
0.505974674;520.95;65.21;186.644
0.504612818;521.15;65.21;186.644
0.483177535;459.13;65.21;186.644
0.475465165;425.21;65.21;186.644
0.466135704;344.91;65.21;186.644
0.45733597;345.08;65.21;186.644
0.453493772;329.47;65.21;189.042
0.454053252;339.9;65.21;189.042
0.460061637;335.64;65.21;189.042
0.469894474;343.29;65.21;189.042
0.490584593;377.77;65.21;189.042
0.535861217;468.6;65.21;189.042
0.543951993;506.06;65.21;189.042
0.498748269;571.51;65.21;189.042
0.455223944;545.08;65.21;189.042
0.44894127;505.76;65.21;189.042
0.448017172;503.5;65.21;189.042
0.44720269;485.02;65.21;189.042
0.437054344;454.41;65.21;189.042
0.438112185;435.15;65.21;189.042
0.437932288;448.28;65.21;189.042
0.437262596;485.94;65.21;189.042
0.447151773;502.08;65.21;189.042
0.463215726;550.97;65.21;189.042
0.481848511;630.25;65.21;189.042
0.463004649;540.31;65.21;189.042
0.450779042;460.34;65.21;189.042
0.442940246;421.71;65.21;189.042
0.434155695;353.41;65.21;189.042
0.431519714;391.63;65.21;189.042
0.427016441;338.77;65.21;210.517
0.42754096;317.25;65.21;210.517
0.432080744;301.87;65.21;210.517
0.437208056;271.99;65.21;210.517
0.433491468;322.58;65.21;210.517
0.445219128;450;65.21;210.517
0.469964685;465.56;65.21;210.517
0.497076509;500.1;65.21;210.517
0.491275656;470.74;65.21;210.517
0.492587795;420.61;65.21;210.517
0.488467806;375.02;65.21;210.517
0.482805373;330.87;65.21;210.517
0.454271801;302.5;65.21;210.517
0.449530698;297.03;65.21;210.517
0.447177744;260.82;65.21;210.517
0.452066657;274.7;65.21;210.517
0.465042113;366.08;65.21;210.517
0.486306363;457.8;65.21;210.517
0.508055312;464.19;65.21;210.517
0.486402088;460.33;65.21;210.517
0.47115777;405.79;65.21;210.517
0.480485529;364.46;65.21;210.517
0.474184108;254.09;65.21;210.517
0.469888865;182.6;65.21;210.517
0.465133388;163.73;65.21;212.864
0.465367707;140.92;65.21;212.864
0.476498864;138.26;65.21;212.864
0.490696938;142.59;65.21;212.864
0.499797996;211.52;65.21;212.864
0.511569128;354.1;65.21;212.864
0.527534855;421.07;65.21;212.864
0.533770228;446;65.21;212.864
0.536012709;333.78;65.21;212.864
0.516288174;190.32;65.21;212.864
0.493529184;111.86;69.55;212.864
0.490966237;80.95;71;212.864
0.474150559;67.84;71;212.864
0.465144235;38.19;71;212.864
0.460808941;43.97;71;212.864
0.467547243;83.09;71;212.864
0.489005029;149.92;71;212.864
0.513341395;313.75;71;212.864
0.538632775;363.93;71;212.864
0.511819742;350;71;212.864
0.492236176;219.56;71;212.864
0.484551321;160.86;71;212.864
0.459367761;119.91;71;212.864
0.45110778;92.62;71;212.864
0.442884058;80.24;71;170.953
0.440339693;71.17;71;170.953
0.443041286;80.2;71;170.953
0.45444798;71.11;71;170.953
0.486925684;72.69;71;170.953
0.536936681;82.24;71;170.953
0.532411304;86;71;170.953
0.492901074;97.88;71;170.953
0.463410813;74.03;71;170.953
0.445274033;79.55;71;170.953
0.444899276;60.06;71;170.953
0.454832362;43.92;71;170.953
0.44443616;5.09;71;170.953
0.440153806;7.13;71;170.953
0.431211445;2;71;170.953
0.435087287;35.18;71;170.953
0.443754172;66.72;71;170.953
0.475514466;104.5;71;170.953
0.518032575;144.33;71;170.953
0.504707187;106.36;71;170.953
0.501441276;72.68;71;170.953
0.491110478;70.42;71;170.953
0.47306931;44.28;71;170.953
0.45671279;26.62;71;170.953
0.450857013;27.06;71;170.953
0.45099693;22.19;71;170.953
0.452787097;27.17;71;170.953
0.460353806;34.02;71;170.953
0.489379091;31.59;71;170.953
0.5391421;22;71;170.953
0.529160308;60.05;71;170.953
0.474765366;74.57;71;170.953
0.435255378;67.95;71;170.953
0.427886996;72.55;71;170.953
0.428529421;72.46;71;170.953
0.437487346;68.49;71;170.953
0.423159917;35.37;71;170.953
0.418849093;20.02;71;170.953
0.41524228;33.97;71;170.953
0.419941081;47.93;71;170.953
0.44047544;81.73;71;170.953
0.466104152;182.5;71;170.953
0.491299225;201.92;71;170.953
0.466456286;214.68;71;170.953
0.461857242;182.75;71;170.953
0.449747976;149.5;71;170.953
0.439116127;113.28;71;170.953
0.411972836;83.82;71;170.953
0.403073881;97.02;71;171.008
0.40797607;84.28;71;171.008
0.415551575;83.89;71;171.008
0.420962069;98.33;71;171.008
0.447434356;169.4;71;171.008
0.513170382;344.87;71;171.008
0.508347106;400.03;71;171.008
0.459475794;415.38;71;171.008
0.43480473;355;71;171.008
0.428433821;325.98;71;171.008
0.419812062;230.69;71;171.008
0.429742413;190.78;71;171.008
0.421250246;153.35;71;171.008
0.426831764;170.13;71;171.008
0.428259312;215.41;71;171.008
0.434607789;228.15;71;171.008
0.452410715;350;71;171.008
0.465990927;407.43;71;171.008
0.489370493;442.05;71;171.008
0.470692307;420.05;71;171.008
0.459880419;375;71;171.008
0.446670864;342.68;71;171.008
0.423951904;296.69;71;171.008
0.411823185;261.77;71;171.008
0.405541133;260.1;71;164.889
0.405057396;275.39;71;164.889
0.40898881;262.47;71;164.889
0.413890012;260.1;71;164.889
0.445649557;278.3;71;164.889
0.50631113;375;71;164.889
0.510414788;433;71;164.889
0.472709269;440.76;71;164.889
0.453046785;401.65;71;164.889
0.445366431;364.15;71;164.889
0.442761141;344.3;71;164.889
0.454591032;318.48;71;164.889
0.436475075;306.78;71;164.889
0.438357879;308.31;71;164.889
0.440953311;325.61;71;164.889
0.447308282;355.69;71;164.889
0.458626003;420.7;71;164.889
0.466808878;469.05;71;164.889
0.494292041;580.61;71;164.889
0.492048991;508.1;71;164.889
0.501493794;429.9;71;164.889
0.499031396;388.2;71;164.889
0.470773409;353.78;71;164.889
0.457281848;310.3;71;164.889
0.457845047;299.58;71;170.398
0.452606267;299.54;71;170.398
0.45165658;299.58;71;170.398
0.455399686;297.28;71;170.398
0.479806859;340.94;71;170.398
0.524964267;427.01;71;170.398
0.536290981;534.75;71;170.398
0.493056388;527.71;71;170.398
0.462219927;429.07;71;170.398
0.461277125;358.15;71;170.398
0.459167138;321.62;71;170.398
0.459518076;298.37;71;170.398
0.445831346;302.26;71;170.398
0.442607112;311.38;71;170.398
0.445709874;331.88;71;170.398
0.460045504;364.32;71;170.398
0.466024055;406.74;71;170.398
0.476088105;470;71;170.398
0.485301422;574.51;71;170.398
0.4597697;490.53;71;170.398
0.464349931;403.66;71;170.398
0.469972554;370;71;170.398
0.478509493;349.39;71;170.398
0.470719531;373.07;71;170.398
0.465450409;339.41;71;185.602
0.465645207;330.08;71;185.602
0.466165819;310.94;71;185.602
0.467569599;322.2;71;185.602
0.473112178;360;71;185.602
0.486886722;435.1;71;185.602
0.502882219;536.03;71;185.602
0.516195246;498.8;71;185.602
0.532218617;387.88;71;185.602
0.535657157;333.9;71;185.602
0.522367965;301;71;185.602
0.509664691;294.36;71;185.602
0.49265075;275.84;71;185.602
0.47678343;288.07;71;185.602
0.476560259;310.94;71;185.602
0.483391864;376.92;71;185.602
0.498191594;437.74;71;185.602
0.510051159;493.68;71;185.602
0.533757185;600;71;185.602
0.516016986;510;71;185.602
0.504887506;418.38;71;185.602
0.499264404;396.34;71;185.602
0.494119582;378.69;71;185.602
0.490389537;352.56;71;185.602
0.492582242;320.23;71;175.829
0.492910087;312.58;71;175.829
0.490426535;300.48;71;175.829
0.496026431;303.12;71;175.829
0.498061896;324.57;71;175.829
0.517544106;410.66;71;175.829
0.529559946;455.29;71;175.829
0.541437653;424.57;71;175.829
0.551184118;376.02;71;175.829
0.546243986;350.92;71;175.829
0.538003293;338.56;68.42;175.829
0.517803458;318.16;67.56;175.829
0.49334856;295.3;67.56;175.829
0.491428209;324.92;67.56;175.829
0.492713853;330.76;67.56;175.829
0.504918324;372.14;67.56;175.829
0.534891687;422.09;67.56;175.829
0.557640265;460.13;67.56;175.829
0.567685183;473.02;67.56;175.829
0.528467812;435.61;67.56;175.829
0.527570395;395.48;67.56;175.829
0.532260529;381.86;67.56;175.829
0.512034521;360.93;67.56;175.829
0.503012053;377.94;67.56;175.829
0.504690485;344.12;67.56;167.866
0.50842847;312.03;67.56;167.866
0.517771123;307.23;67.56;167.866
0.533283271;306.29;67.56;167.866
0.569619962;312.74;67.56;167.866
0.645634223;345.2;67.56;167.866
0.650645697;371.78;67.56;167.866
0.591416439;370.66;67.56;167.866
0.555355489;375.15;67.56;167.866
0.540059883;369.93;67.56;167.866
0.516008185;363.49;67.56;167.866
0.522316255;330;67.56;167.866
0.492433954;298.29;67.56;167.866
0.478856958;299;67.56;167.866
0.477561309;317.11;67.56;167.866
0.500322952;357;67.56;167.866
0.524497413;374.47;67.56;167.866
0.552541186;409.63;67.56;167.866
0.597402307;427.76;67.56;167.866
0.569361539;407.68;67.56;167.866
0.56168447;371.55;67.56;167.866
0.546335209;362.73;67.56;167.866
0.528103815;314.97;67.56;167.866
0.527597884;268.66;67.56;167.866
0.529980551;230;67.56;167.866
0.53150997;215.24;67.56;167.866
0.537113812;215.16;67.56;167.866
0.545463615;194.4;67.56;167.866
0.584020065;197.6;67.56;167.866
0.644505671;228.14;67.56;167.866
0.64791229;239.9;67.56;167.866
0.585062276;278.74;67.56;167.866
0.549998656;291.6;67.56;167.866
0.518784057;271.97;67.56;167.866
0.496339614;277;67.56;167.866
0.48978507;266.48;67.56;167.866
0.469546059;238.34;67.56;167.866
0.467436314;211.34;67.56;167.866
0.45997093;218.59;67.56;167.866
0.466698982;266.2;67.56;167.866
0.493138711;328.13;67.56;167.866
0.533697576;380.09;67.56;167.866
0.570681169;412.03;67.56;167.866
0.565297501;393.92;67.56;167.866
0.56273857;369.97;67.56;167.866
0.535943277;348.17;67.56;167.866
0.501584577;294.43;67.56;167.866
0.494819864;248.77;67.56;167.866
0.486683502;179.85;67.56;169.689
0.485954801;156.84;67.56;169.689
0.476279922;121.24;67.56;169.689
0.477785533;98.22;67.56;169.689
0.512935546;155.92;67.56;169.689
0.579122774;244.59;67.56;169.689
0.603508959;333.89;67.56;169.689
0.547856339;329.99;67.56;169.689
0.512557706;291.5;67.56;169.689
0.490669283;259.75;67.56;169.689
0.478717929;217.48;67.56;169.689
0.472063617;162.98;67.56;169.689
0.456923561;173.93;67.56;169.689
0.441685102;154.25;67.56;169.689
0.427409416;165.24;67.56;169.689
0.438000115;197.39;67.56;169.689
0.472644462;309.08;67.56;169.689
0.521877691;389.01;67.56;169.689
0.573153556;419.01;67.56;169.689
0.557303048;396.58;67.56;169.689
0.544790333;329.7;67.56;169.689
0.524054986;303.08;67.56;169.689
0.500261102;263.91;67.56;169.689
0.482851717;190.95;67.56;169.689
0.480404347;180.24;67.56;166.093
0.490326718;169.8;67.56;166.093
0.50190237;151.3;67.56;166.093
0.506784543;167.35;67.56;166.093
0.539071263;209.97;67.56;166.093
0.606259521;327.48;67.56;166.093
0.610890641;415.95;67.56;166.093
0.562894909;443.51;67.56;166.093
0.530031096;412.29;67.56;166.093
0.497372883;366.86;67.56;166.093
0.483809167;351.37;67.56;166.093
0.480291769;301.37;67.56;166.093
0.46608139;293.27;67.56;166.093
0.473360992;288.65;67.56;166.093
0.491010418;295.21;67.56;166.093
0.52917034;308.29;67.56;166.093
0.563838094;365.3;67.56;166.093
0.582754221;381.5;67.56;166.093
0.60444711;418.99;67.56;166.093
0.587696834;400.52;67.56;166.093
0.576051672;351.43;67.56;166.093
0.558040498;333.69;67.56;166.093
0.539088573;319.71;67.56;166.093
0.526636161;306.42;67.56;166.093
0.528481104;275.78;67.56;189.562
0.5360402;245.94;67.56;189.562
0.538948588;242.98;67.56;189.562
0.549848985;273.77;67.56;189.562
0.578628751;307.13;67.56;189.562
0.640251019;383.17;67.56;189.562
0.653428837;472.63;67.56;189.562
0.602371945;500.38;67.56;189.562
0.574183859;429.91;67.56;189.562
0.552079741;409.97;67.56;189.562
0.541631984;394.6;67.56;189.562
0.550070677;353.76;67.56;189.562
0.544575134;346.45;67.56;189.562
0.552659768;331.8;67.56;189.562
0.555917694;357.91;67.56;189.562
0.557816331;384.98;67.56;189.562
0.564585351;435.59;67.56;189.562
0.583629448;510.79;67.56;189.562
0.614311929;640.42;67.56;189.562
0.592643411;510;67.56;189.562
0.572316842;419.99;67.56;189.562
0.57333547;372.61;67.56;189.562
0.568587155;361.8;67.56;189.562
0.562334749;351.45;67.56;189.562
0.56835937;336.51;67.56;200.991
0.575222983;326.14;67.56;200.991
0.581659595;315.19;67.56;200.991
0.596247745;320;67.56;200.991
0.609063902;345.53;67.56;200.991
0.622500886;440.07;67.56;200.991
0.634538488;569.93;67.56;200.991
0.660288603;583.44;67.56;200.991
0.657509517;478.2;67.56;200.991
0.636011786;443.38;67.56;200.991
0.58511368;377.86;67.56;200.991
0.5728472;394.98;67.56;200.991
0.553515905;344.25;67.56;200.991
0.548068159;335.99;67.56;200.991
0.554624032;368.94;67.56;200.991
0.560788676;389.75;67.56;200.991
0.563730466;445.01;67.56;200.991
0.556003324;523.19;67.56;200.991
0.568923498;605;67.56;200.991
0.546346862;520;67.56;200.991
0.538683849;424.99;67.56;200.991
0.530045532;397.03;67.56;200.991
0.526802096;374.46;67.56;200.991
0.516734663;349.44;67.56;200.991
0.503238243;336.1;67.56;184.858
0.499795614;325.03;67.56;184.858
0.497987981;322.42;67.56;184.858
0.495249824;324.8;67.56;184.858
0.497865855;348.44;67.56;184.858
0.513987934;429.99;67.56;184.858
0.533614069;524;67.56;184.858
0.550984754;538.92;67.56;184.858
0.549340438;431.37;67.56;184.858
0.552118469;376.35;67.56;184.858
0.548912027;334.17;67.04;184.858
0.542407235;279.01;66.87;184.858
0.523195864;252.2;66.87;184.858
0.531458195;200.03;66.87;184.858
0.525977599;195.36;66.87;184.858
0.551745694;218.23;66.87;184.858
0.554527603;306.61;66.87;184.858
0.561392992;365.85;66.87;184.858
0.595422534;356.73;66.87;184.858
0.57525503;308.23;66.87;184.858
0.565514623;192.44;66.87;184.858
0.554034463;164;66.87;184.858
0.536125002;91.95;66.87;184.858
0.520407167;64.41;66.87;184.858
0.516663001;63.59;66.87;164.578
0.517455634;50;66.87;164.578
0.521145088;21.48;66.87;164.578
0.535048603;16.91;66.87;164.578
0.578793465;15.03;66.87;164.578
0.659917833;15.02;66.87;164.578
0.66579201;23.84;66.87;164.578
0.607809064;45.02;66.87;164.578
0.560438457;73.05;66.87;164.578
0.540769573;109.85;66.87;164.578
0.530860238;106.77;66.87;164.578
0.531610421;90;66.87;164.578
0.504935008;74.04;66.87;164.578
0.493442269;66.16;66.87;164.578
0.492582245;66.9;66.87;164.578
0.513872054;69.82;66.87;164.578
0.531879478;137.8;66.87;164.578
0.566243005;169.32;66.87;164.578
0.596554974;195.77;66.87;164.578
0.578240648;180.27;66.87;164.578
0.589425121;144.9;66.87;164.578
0.574316761;110.29;66.87;164.578
0.53613009;77.45;66.87;164.578
0.526349161;64.54;66.87;164.578
0.52091294;64.04;66.87;164.578
0.524694579;58.24;66.87;164.578
0.535650065;61.95;66.87;164.578
0.54874027;59.19;66.87;164.578
0.58830293;59.53;66.87;164.578
0.64920126;59.38;66.87;164.578
0.668971026;59.17;66.87;164.578
0.606323179;85.03;66.87;164.578
0.562906835;92;66.87;164.578
0.536050156;74.15;66.87;164.578
0.519831386;62.08;66.87;164.578
0.514562957;57.47;66.87;164.578
0.506491588;56.37;66.87;164.578
0.510948864;64.55;66.87;164.578
0.511163414;67.01;66.87;164.578
0.532416065;91.36;66.87;164.578
0.561348525;192.05;66.87;164.578
0.59781119;280;66.87;164.578
0.634199539;311.72;66.87;164.578
0.622263351;289.98;66.87;164.578
0.597571818;230.47;66.87;164.578
0.564921938;162.7;66.87;164.578
0.560632867;150.92;66.87;164.578
0.536025107;80.84;66.87;164.578
0.525982375;94.04;66.87;164.097
0.528150952;82.92;66.87;164.097
0.529160625;84.27;66.87;164.097
0.540203339;95.21;66.87;164.097
0.57026481;126.95;66.87;164.097
0.640459019;192.68;66.87;164.097
0.668125285;279.94;66.87;164.097
0.593295725;304.1;66.87;164.097
0.517622234;243.02;66.87;164.097
0.504091523;193.73;66.87;164.097
0.524634919;117.1;66.87;164.097
0.528390076;100;66.87;164.097
0.51139374;121.96;66.87;164.097
0.498453897;83.43;66.87;164.097
0.508005874;140.3;66.87;164.097
0.526075345;204.07;66.87;164.097
0.561758466;322.59;66.87;164.097
0.594073635;391.11;66.87;164.097
0.636831662;466.62;66.87;164.097
0.636913542;379.85;66.87;164.097
0.623926509;321.3;66.87;164.097
0.620556714;318.42;66.87;164.097
0.590479874;279.93;66.87;164.097
0.589550371;205.48;66.87;164.097
0.58538369;188.59;66.87;140.882
0.578017555;187.67;66.87;140.882
0.579819246;169.1;66.87;140.882
0.594477441;187.69;66.87;140.882
0.626257753;196.92;66.87;140.882
0.693770086;329.97;66.87;140.882
0.712268531;427.5;66.87;140.882
0.671662261;497.39;66.87;140.882
0.621908552;317.09;66.87;140.882
0.589190389;258.9;66.87;140.882
0.560416106;217.24;66.87;140.882
0.555265753;161.91;66.87;140.882
0.529441116;150.69;66.87;140.882
0.523419923;140.07;66.87;140.882
0.528325523;144.08;66.87;140.882
0.548158913;182.98;66.87;140.882
0.563170314;261.1;66.87;140.882
0.603818161;376.44;66.87;140.882
0.645257744;447.11;66.87;140.882
0.615517028;319.09;66.87;140.882
0.589145879;229.25;66.87;140.882
0.562733835;176.97;66.87;140.882
0.531375002;138.12;66.87;140.882
0.510129325;139.99;66.87;140.882
0.502971071;103.36;66.87;107.251
0.502323279;96.27;66.87;107.251
0.500229697;89.09;66.87;107.251
0.502819915;109.9;66.87;107.251
0.524673817;82.67;66.87;107.251
0.590951659;178;66.87;107.251
0.59292725;226.24;66.87;107.251
0.557078372;225;66.87;107.251
0.501684228;190.5;66.87;107.251
0.476715322;107.23;66.87;107.251
0.458611168;58.01;66.87;107.251
0.460752953;36.23;66.87;107.251
0.450020828;3.91;66.87;107.251
0.452691842;0.38;66.87;107.251
0.468763634;12.46;66.87;107.251
0.494803322;59.83;66.87;107.251
0.523202096;112.43;66.87;107.251
0.541245226;183.75;66.87;107.251
0.55744017;170.06;66.87;107.251
0.539014128;108.51;66.87;107.251
0.538347765;63.84;66.87;107.251
0.523790181;63.92;66.87;107.251
0.512619062;54.98;66.87;107.251
0.520030701;0.93;66.87;107.251
0.515783437;0.39;66.87;91.862
0.508668815;0.1;66.87;91.862
0.505210429;0.49;66.87;91.862
0.50166697;0.5;66.87;91.862
0.503807243;36.01;66.87;91.862
0.518641279;90.1;66.87;91.862
0.537141784;148.09;66.87;91.862
0.571681182;149.11;66.87;91.862
0.59423105;72.97;66.87;91.862
0.612160459;62.9;66.87;91.862
0.590384878;9.23;66.87;91.862
0.563053902;8.54;66.87;91.862
0.532443252;9.04;66.87;91.862
0.52205191;33.29;66.87;91.862
0.528687988;61.25;66.87;91.862
0.557776244;72.65;66.87;91.862
0.579980169;190.83;66.87;91.862
0.574454678;297.27;66.87;91.862
0.583084039;360.08;66.87;91.862
0.555081744;274.09;66.87;91.862
0.535708395;190.56;66.87;91.862
0.521624113;175.38;66.87;91.862
0.520466;175.37;66.87;91.862
0.52246266;178.95;66.87;91.862
0.511477443;145.4;66.87;122.21
0.505504788;145.73;66.87;122.21
0.511013301;148.52;66.87;122.21
0.513910728;151;66.87;122.21
0.523542429;172.83;66.87;122.21
0.544004807;209.57;66.87;122.21
0.57680726;301.66;66.87;122.21
0.611724005;250.11;66.87;122.21
0.639917802;188.96;66.87;122.21
0.641518683;160.65;66.87;122.21
0.605368537;76.4;67.36;122.21
0.594130034;66.64;67.52;122.21
0.57356544;64.02;67.52;122.21
0.54469734;64.9;67.52;122.21
0.525797767;72.71;67.52;122.21
0.53672282;143.89;67.52;122.21
0.56769428;205.28;67.52;122.21
0.615907995;252.56;67.52;122.21
0.665120421;289.47;67.52;122.21
0.657710816;197.57;67.52;122.21
0.654394371;155.02;67.52;122.21
0.649035022;169.49;67.52;122.21
0.623216108;122.03;67.52;122.21
0.59931359;131.32;67.52;122.21
0.590532069;114.67;67.52;117.656
0.582165728;117.62;67.52;117.656
0.563485493;121.91;67.52;117.656
0.56050637;119.99;67.52;117.656
0.579395641;130.05;67.52;117.656
0.641603167;116.89;67.52;117.656
0.658467788;142.86;67.52;117.656
0.612942739;167.72;67.52;117.656
0.57690456;191.09;67.52;117.656
0.56666399;165.29;67.52;117.656
0.563764712;106.03;67.52;117.656
0.57324504;68.36;67.52;117.656
0.543292723;49.58;67.52;117.656
0.538838759;45.91;67.52;117.656
0.533323374;78.34;67.52;117.656
0.539636451;76.42;67.52;117.656
0.557111379;166.4;67.52;117.656
0.582074142;244.64;67.52;117.656
0.587021107;302.03;67.52;117.656
0.569765022;229.95;67.52;117.656
0.559866649;231.06;67.52;117.656
0.531056146;189.32;67.52;117.656
0.517288788;180.66;67.52;117.656
0.496328579;216.13;67.52;117.656
0.485436698;195.02;67.52;117.656
0.484385948;189.41;67.52;117.656
0.479952918;162.1;67.52;117.656
0.480745868;141.95;67.52;117.656
0.50838325;147.12;67.52;117.656
0.553606261;153;67.52;117.656
0.56613573;195.68;67.52;117.656
0.518670046;196.7;67.52;117.656
0.485604558;150.85;67.52;117.656
0.462828693;116;67.52;117.656
0.446491189;87.69;67.52;117.656
0.448033744;60.1;67.52;117.656
0.426139105;51.6;67.52;117.656
0.430345758;56.51;67.52;117.656
0.439843069;80.09;67.52;117.656
0.45336018;132.38;67.52;117.656
0.46628394;183.08;67.52;117.656
0.489803227;198.84;67.52;117.656
0.535593203;258.74;67.52;117.656
0.518661997;178.58;67.52;117.656
0.49289404;147.61;67.52;117.656
0.471393723;122.35;67.52;117.656
0.450026468;99.86;67.52;117.656
0.433835015;69.37;67.52;117.656
0.427792467;70.87;67.52;119.323
0.427681878;70.83;67.52;119.323
0.425279791;70.89;67.52;119.323
0.42341872;80.67;67.52;119.323
0.458232193;141.4;67.52;119.323
0.517980847;167.79;67.52;119.323
0.535706128;227.26;67.52;119.323
0.483763986;266.36;67.52;119.323
0.448746153;217.18;67.52;119.323
0.437761639;165.03;67.52;119.323
0.424052729;160.58;67.52;119.323
0.431311321;133.46;67.52;119.323
0.418114195;131.08;67.52;119.323
0.425037915;131.17;67.52;119.323
0.436923156;139.37;67.52;119.323
0.447361951;158.86;67.52;119.323
0.481315596;210.58;67.52;119.323
0.513310317;247.81;67.52;119.323
0.521140951;276.74;67.52;119.323
0.49989955;227.97;67.52;119.323
0.490114176;197.78;67.52;119.323
0.478786319;167.77;67.52;119.323
0.449978869;159.34;67.52;119.323
0.438374876;155;67.52;119.323
0.439997855;174.3;67.52;105.449
0.452065221;174.3;67.52;105.449
0.447363708;171.54;67.52;105.449
0.470202444;170.13;67.52;105.449
0.517741342;169.2;67.52;105.449
0.595791414;253.98;67.52;105.449
0.637759685;299.91;67.52;105.449
0.581029089;348.98;67.52;105.449
0.523084822;300.72;67.52;105.449
0.481052169;258.72;67.52;105.449
0.465271361;239.35;67.52;105.449
0.480891075;206.75;67.52;105.449
0.474046271;203.35;67.52;105.449
0.487379927;207.92;67.52;105.449
0.500493025;225.26;67.52;105.449
0.511588846;258.95;67.52;105.449
0.540870466;323.9;67.52;105.449
0.574254966;442.72;67.52;105.449
0.596440243;484.75;67.52;105.449
0.585770382;351.65;67.52;105.449
0.577251688;295.02;67.52;105.449
0.56260673;262.03;67.52;105.449
0.536111832;258.54;67.52;105.449
0.524086217;236.57;67.52;105.449
0.521920092;222.21;67.52;106.853
0.523560583;207.56;67.52;106.853
0.536285013;198.99;67.52;106.853
0.545315213;219.9;67.52;106.853
0.569800575;240.68;67.52;106.853
0.622724641;307.75;67.52;106.853
0.645558587;480.12;67.52;106.853
0.599854604;479.3;67.52;106.853
0.539873662;334.03;67.52;106.853
0.503506151;283.73;67.52;106.853
0.470879957;232.08;67.52;106.853
0.462931201;213.64;67.52;106.853
0.44227521;217.9;67.52;106.853
0.447649935;217.58;67.52;106.853
0.46076061;224.31;67.52;106.853
0.48155285;241.53;67.52;106.853
0.512747867;295.09;67.52;106.853
0.546534024;378.4;67.52;106.853
0.572047038;479.97;67.52;106.853
0.540650474;324.38;67.52;106.853
0.528205975;273.02;67.52;106.853
0.527760986;243.55;67.52;106.853
0.516417004;228.57;67.52;106.853
0.511583125;218.66;67.52;106.853
0.509026878;210;67.52;105.416
0.51488772;193.8;67.52;105.416
0.512043954;182.96;67.52;105.416
0.515362298;195.02;67.52;105.416
0.522105103;218.46;67.52;105.416
0.534080402;257.47;67.52;105.416
0.564675357;285.81;67.52;105.416
0.594884042;332.53;67.52;105.416
0.582341293;301.56;67.52;105.416
0.556797608;280.05;67.52;105.416
0.529600377;277.7;67.52;105.416
0.513334287;262.7;67.52;105.416
0.489526927;254.99;67.52;105.416
0.476914066;255;67.52;105.416
0.463600893;263.58;67.52;105.416
0.471913657;267.05;67.52;105.416
0.4768496;292.35;67.52;105.416
0.493849014;319.66;67.52;105.416
0.534331242;343.7;67.52;105.416
0.515576244;290.1;67.52;105.416
0.495080821;248.54;67.52;105.416
0.481905931;225.19;67.52;105.416
0.485028465;202.06;67.52;105.416
0.497574857;231.32;67.52;105.416
0.490790507;219.6;67.52;98.389
0.483605865;212.12;67.52;98.389
0.484315806;211.62;67.52;98.389
0.49898583;218.92;67.52;98.389
0.504730347;229.49;67.52;98.389
0.52303134;278.37;67.52;98.389
0.545557339;350;67.52;98.389
0.580375009;412.65;67.52;98.389
0.574558993;327.39;67.52;98.389
0.568470681;297.26;67.52;98.389
0.538774648;282.41;67.66;98.389
0.506512171;262.01;67.7;98.389
0.487621654;238.37;67.7;98.389
0.482311336;221.42;67.7;98.389
0.499001455;242.69;67.7;98.389
0.515725581;258.6;67.7;98.389
0.533917239;274;67.7;98.389
0.566510799;290;67.7;98.389
0.594057828;299.3;67.7;98.389
0.558834929;266.99;67.7;98.389
0.546476113;217.94;67.7;98.389
0.541901539;220.03;67.7;98.389
0.50474888;193;67.7;98.389
0.482201633;191.76;67.7;98.389
0.480845475;174;67.7;70.556
0.481760206;163.8;67.7;70.556
0.486725358;144.74;67.7;70.556
0.495541223;139.9;67.7;70.556
0.539135655;133.36;67.7;70.556
0.61665723;147.49;67.7;70.556
0.620927716;159.44;67.7;70.556
0.574447974;186.62;67.7;70.556
0.519387531;199.33;67.7;70.556
0.490369331;185.09;67.7;70.556
0.471715372;160;67.7;70.556
0.473708725;144.91;67.7;70.556
0.456477135;136.57;67.7;70.556
0.449243398;118.78;67.7;70.556
0.452777012;120;67.7;70.556
0.465129616;133.21;67.7;70.556
0.516450502;169.45;67.7;70.556
0.565355044;184.83;67.7;70.556
0.585216815;195.73;67.7;70.556
0.571353256;158.04;67.7;70.556
0.571823254;143.39;67.7;70.556
0.555530397;140.08;67.7;70.556
0.532113552;128.71;67.7;70.556
0.5110423;76.54;67.7;70.556
0.507782706;67.9;67.7;70.556
0.514792809;65.99;67.7;70.556
0.519857092;69.44;67.7;70.556
0.532191765;79.12;67.7;70.556
0.564745251;75.55;67.7;70.556
0.63751227;71.4;67.7;70.556
0.641272791;75.95;67.7;70.556
0.575553864;87.58;67.7;70.556
0.524318388;84.83;67.7;70.556
0.485620431;75.32;67.7;70.556
0.476870419;67.51;67.7;70.556
0.489409742;51.01;67.7;70.556
0.471522468;12.49;67.7;70.556
0.477135109;16.74;67.7;70.556
0.491861048;64.99;67.7;70.556
0.509057633;75.44;67.7;70.556
0.532069414;168.01;67.7;70.556
0.55063411;195.27;67.7;70.556
0.571467721;222.87;67.7;70.556
0.561971424;177.16;67.7;70.556
0.561496961;144.96;67.7;70.556
0.548776962;140.04;67.7;70.556
0.533645594;134.55;67.7;70.556
0.510219755;128.31;67.7;70.556
0.50184281;114.41;67.7;72.295
0.505442768;105.65;67.7;72.295
0.504084348;89.64;67.7;72.295
0.506579915;86.14;67.7;72.295
0.545472932;108.44;67.7;72.295
0.620015851;129.28;67.7;72.295
0.627534221;158.64;67.7;72.295
0.575626594;182.42;67.7;72.295
0.525096248;161.1;67.7;72.295
0.494036689;128.32;67.7;72.295
0.47446253;128.92;67.7;72.295
0.471948373;117.49;67.7;72.295
0.457358243;117.64;67.7;72.295
0.457617619;123.27;67.7;72.295
0.465686038;139.38;67.7;72.295
0.48148504;169.71;67.7;72.295
0.521415701;222.32;67.7;72.295
0.564418371;266.23;67.7;72.295
0.587095115;272.22;67.7;72.295
0.554692235;229.93;67.7;72.295
0.542314871;175.42;67.7;72.295
0.523423399;162.65;67.7;72.295
0.494430417;145.02;67.7;72.295
0.477755179;141.64;67.7;72.295
0.466698612;135.71;67.7;62.112
0.461209722;140.35;67.7;62.112
0.469629034;139.95;67.7;62.112
0.479300814;150.3;67.7;62.112
0.509276792;149.51;67.7;62.112
0.576389816;198.47;67.7;62.112
0.603248436;258.73;67.7;62.112
0.553648585;277.3;67.7;62.112
0.523602096;242.16;67.7;62.112
0.522783912;201.96;67.7;62.112
0.518409804;180.01;67.7;62.112
0.52677418;167.15;67.7;62.112
0.512272632;152.92;67.7;62.112
0.498923924;145.93;67.7;62.112
0.492464012;153.57;67.7;62.112
0.516111502;158.83;67.7;62.112
0.549015215;219.78;67.7;62.112
0.589467161;245.16;67.7;62.112
0.631192324;251.43;67.7;62.112
0.648789997;201.05;67.7;62.112
0.659268233;167.09;67.7;62.112
0.637720614;163.29;67.7;62.112
0.604605677;153.92;67.7;62.112
0.59888719;131.62;67.7;62.112
0.595922193;125.18;67.7;60.722
0.597573532;121.42;67.7;60.722
0.608348708;125.12;67.7;60.722
0.625224246;133.18;67.7;60.722
0.661121608;148.6;67.7;60.722
0.708087266;169.43;67.7;60.722
0.724104202;240.65;67.7;60.722
0.687901095;247.74;67.7;60.722
0.634673753;216.69;67.7;60.722
0.61349068;187.31;67.7;60.722
0.587306802;174.76;68.39;60.722
0.570838803;152.62;68.62;60.722
0.554128418;148.19;68.62;60.722
0.546074326;142.48;68.62;60.722
0.540897885;151.26;68.62;60.722
0.562067088;168.93;68.62;60.722
0.591263902;197.84;68.62;60.722
0.615321193;240.16;68.62;60.722
0.654794612;226.92;68.62;60.722
0.628852788;166.5;68.62;60.722
0.613151253;146.57;68.62;60.722
0.597095207;148.15;68.62;60.722
0.593127733;131.57;68.62;60.722
0.599405442;127.53;68.62;60.722
0.588923484;114.89;68.62;70.452
0.575290613;77.39;68.62;70.452
0.56586664;76.02;68.62;70.452
0.566275712;71.97;68.62;70.452
0.570449973;112.34;68.62;70.452
0.576276269;149.52;68.62;70.452
0.5943815;172.71;68.62;70.452
0.616817333;195.81;68.62;70.452
0.642482285;167.65;68.62;70.452
0.660508158;167.41;68.62;70.452
0.661339007;155.51;68.62;70.452
0.629993199;132.2;68.62;70.452
0.579236935;129.66;68.62;70.452
0.557135334;130.3;68.62;70.452
0.570450188;138.61;68.62;70.452
0.582542983;149.14;68.62;70.452
0.603378256;169.34;68.62;70.452
0.620093021;177.68;68.62;70.452
0.643618329;184.05;68.62;70.452
0.617890088;167.18;68.62;70.452
0.613080228;141.48;68.62;70.452
0.607433907;132.73;68.62;70.452
0.56843649;124.11;68.62;70.452
0.560482039;131.73;68.62;70.452
0.567863168;118.62;68.62;63.773
0.566086063;113.36;68.62;63.773
0.567578121;111.01;68.62;63.773
0.576853802;115.97;68.62;63.773
0.586788167;136.36;68.62;63.773
0.606896025;155.77;68.62;63.773
0.625612195;180.85;68.62;63.773
0.642649689;194.58;68.62;63.773
0.660554811;194.62;68.62;63.773
0.655481344;181.74;68.62;63.773
0.631015578;177.96;68.08;63.773
0.612792249;174.07;67.9;63.773
0.585542867;166.5;67.9;63.773
0.577286641;168.96;67.9;63.773
0.566714516;171.07;67.9;63.773
0.583159354;178.83;67.9;63.773
0.585859394;197.18;67.9;63.773
0.591874889;201.49;67.9;63.773
0.591746902;209.94;67.9;63.773
0.556061338;179.04;67.9;63.773
0.549570479;164.6;67.9;63.773
0.526050391;155.34;67.9;63.773
0.498693104;143.21;67.9;63.773
0.482558446;143.22;67.9;63.773
0.474034342;132.71;67.9;46.188
0.467240279;129.03;67.9;46.188
0.466892019;132.49;67.9;46.188
0.490566495;132.74;67.9;46.188
0.534446756;134.9;67.9;46.188
0.620043528;133.8;67.9;46.188
0.653274653;141.2;67.9;46.188
0.612507053;145.49;67.9;46.188
0.571291897;145.6;67.9;46.188
0.557133303;140.45;67.9;46.188
0.542331339;132.35;67.9;46.188
0.538482717;129.14;67.9;46.188
0.502424118;121.17;67.9;46.188
0.507911081;114.85;67.9;46.188
0.517972232;116.8;67.9;46.188
0.536836752;132.8;67.9;46.188
0.577396276;159.12;67.9;46.188
0.605967942;179.13;67.9;46.188
0.625892559;183.23;67.9;46.188
0.60654418;164.16;67.9;46.188
0.586327048;143;67.9;46.188
0.582043904;137.01;67.9;46.188
0.551777999;132.42;67.9;46.188
0.537053397;110.66;67.9;46.188
0.525358869;99.15;67.9;46.188
0.527424251;93.54;67.9;46.188
0.535407342;90;67.9;46.188
0.544274764;92.21;67.9;46.188
0.570675158;88.55;67.9;46.188
0.645083535;104.8;67.9;46.188
0.637415862;110;67.9;46.188
0.60241577;121.46;67.9;46.188
0.569419546;114.86;67.9;46.188
0.558388594;96;67.9;46.188
0.551748903;93.23;67.9;46.188
0.540563309;83.47;67.9;46.188
0.515896804;76.17;67.9;46.188
0.515991285;78.31;67.9;46.188
0.521191447;80.02;67.9;46.188
0.535239665;89.23;67.9;46.188
0.561352154;103.87;67.9;46.188
0.589928184;112.44;67.9;46.188
0.601214734;115.49;67.9;46.188
0.599394201;102.98;67.9;46.188
0.606656046;87.33;67.9;46.188
0.569700719;80.71;67.9;46.188
0.531430791;73.53;67.9;46.188
0.510624187;52.81;67.9;46.188
0.505441481;49.82;67.9;48.243
0.505293766;38.08;67.9;48.243
0.511022454;25.08;67.9;48.243
0.522726706;38.07;67.9;48.243
0.55971969;52.33;67.9;48.243
0.618282122;68.29;67.9;48.243
0.62799858;103.69;67.9;48.243
0.584534494;122.1;67.9;48.243
0.543594138;108.91;67.9;48.243
0.524465182;104.75;67.9;48.243
0.505500911;81.49;67.9;48.243
0.505534961;68.1;67.9;48.243
0.483833529;67.82;67.9;48.243
0.467154282;68.19;67.9;48.243
0.471561177;76.16;67.9;48.243
0.490249802;82.5;67.9;48.243
0.516552484;109.98;67.9;48.243
0.544880336;122.27;67.9;48.243
0.584374133;134.3;67.9;48.243
0.57632314;109.23;67.9;48.243
0.554992668;86.73;67.9;48.243
0.535273705;85.67;67.9;48.243
0.516009875;78.4;67.9;48.243
0.505412174;56.93;67.9;48.243
0.501456268;50.59;67.9;32.476
0.497575304;56.49;67.9;32.476
0.502945951;56.19;67.9;32.476
0.51724396;67.4;67.9;32.476
0.551140385;70.67;67.9;32.476
0.621852646;86.88;67.9;32.476
0.647073498;118.65;67.9;32.476
0.602377991;139.43;67.9;32.476
0.572939408;126.17;67.9;32.476
0.54497529;102.21;67.9;32.476
0.518701036;100.1;67.9;32.476
0.519516955;93.81;67.9;32.476
0.499723991;78.72;67.9;32.476
0.49279303;79.98;67.9;32.476
0.493359498;92.11;67.9;32.476
0.527327545;115.6;67.9;32.476
0.559892231;154.83;67.9;32.476
0.581972358;180.31;67.9;32.476
0.597067046;186.33;67.9;32.476
0.581671457;152.7;67.9;32.476
0.576297087;130.43;67.9;32.476
0.562175493;120.67;67.9;32.476
0.541804094;112.33;67.9;32.476
0.523565978;97.6;67.9;32.476
0.538045144;91.39;67.9;39.904
0.545998462;88.23;67.9;39.904
0.556789281;88.69;67.9;39.904
0.557995892;96.53;67.9;39.904
0.576569969;107.51;67.9;39.904
0.649988968;128.04;67.9;39.904
0.665280177;154.98;67.9;39.904
0.622004327;162.1;67.9;39.904
0.588206129;150.06;67.9;39.904
0.565993241;133.31;67.9;39.904
0.540539639;118.58;67.9;39.904
0.530259487;112.49;67.9;39.904
0.52524652;115.93;67.9;39.904
0.51745965;118.53;67.9;39.904
0.530609638;124.91;67.9;39.904
0.545724726;146.98;67.9;39.904
0.570703257;144.72;67.9;39.904
0.582823581;154.9;67.9;39.904
0.61012875;151.81;67.9;39.904
0.591674482;127.65;67.9;39.904
0.581874312;109.99;67.9;39.904
0.573675793;98.47;67.9;39.904
0.569831657;90.1;67.9;39.904
0.561751884;91.91;67.9;39.904
0.549317148;96.11;67.9;49.657
0.538420058;98.14;67.9;49.657
0.530282298;96.01;67.9;49.657
0.526868127;98.34;67.9;49.657
0.532320936;114.44;67.9;49.657
0.548691075;136.72;67.9;49.657
0.583665108;176.79;67.9;49.657
0.617378433;177.25;67.9;49.657
0.645993578;145.1;67.9;49.657
0.676649263;130.36;67.9;49.657
0.677065357;118.81;67.9;49.657
0.651763332;107.59;67.9;49.657
0.605081593;100.86;67.9;49.657
0.603500837;105.72;67.9;49.657
0.599896851;120.06;67.9;49.657
0.612663371;140.69;67.9;49.657
0.608837818;159.56;67.9;49.657
0.589153938;154.95;67.9;49.657
0.597132437;143.61;67.9;49.657
0.571542059;131.82;67.9;49.657
0.563944776;128;67.9;49.657
0.564875749;121.34;67.9;49.657
0.55046451;98.29;67.9;49.657
0.53599189;88.18;67.9;49.657
0.545183853;87.55;67.9;37.635
0.545346602;88.18;67.9;37.635
0.537948675;88.04;67.9;37.635
0.537070918;89.21;67.9;37.635
0.543623165;92.85;67.9;37.635
0.563656538;114.91;67.9;37.635
0.586399872;127.59;67.9;37.635
0.619214984;133.94;67.9;37.635
0.639280161;123.58;67.9;37.635
0.673001299;119.6;67.9;37.635
0.660994796;104.99;77.54;37.635
0.634898172;99.95;80.76;37.635
0.589595984;88.9;80.76;37.635
0.589313733;92.18;80.76;37.635
0.589040005;96.17;80.76;37.635
0.607985952;105.92;80.76;37.635
0.61636911;125.18;80.76;37.635
0.633336756;129.08;80.76;37.635
0.660689122;127.67;80.76;37.635
0.640965711;112.9;80.76;37.635
0.631492157;102.21;80.76;37.635
0.623536681;101.61;80.76;37.635
0.612543873;92.03;80.76;37.635
0.586244427;93.31;80.76;37.635
0.581770904;92.77;80.76;31.835
0.574590466;90.41;80.76;31.835
0.570699037;87.98;80.76;31.835
0.559712864;87;80.76;31.835
0.567274336;86.67;80.76;31.835
0.599963647;91.39;80.76;31.835
0.678213227;101.32;80.76;31.835
0.696566101;115.04;80.76;31.835
0.633218285;109;80.76;31.835
0.593703767;95.48;80.76;31.835
0.589450587;87;80.76;31.835
0.571822696;84.85;80.76;31.835
0.545497675;81.46;80.76;31.835
0.544391519;84.51;80.76;31.835
0.526785472;89.96;80.76;31.835
0.539686211;112.92;80.76;31.835
0.558865143;123.01;80.76;31.835
0.587599986;139.91;80.76;31.835
0.612608114;138.24;80.76;31.835
0.588886466;121.85;80.76;31.835
0.56474746;109.9;80.76;31.835
0.55823324;104.04;80.76;31.835
0.538675203;97.49;80.76;31.835
0.528356128;103.01;80.76;31.835
0.517128594;100.49;80.76;31.835
0.509691047;100.2;80.76;31.835
0.510661059;99.92;80.76;31.835
0.51896615;98.31;80.76;31.835
0.526771473;98.46;80.76;31.835
0.548945397;98.98;80.76;31.835
0.608117305;100.55;80.76;31.835
0.620058041;110.04;80.76;31.835
0.57792479;113.33;80.76;31.835
0.56306982;104.18;80.76;31.835
0.539427212;97.81;80.76;31.835
0.52961206;100.03;80.76;31.835
0.525810082;100;80.76;31.835
0.512466338;100;80.76;31.835
0.49675769;109.43;80.76;31.835
0.509648912;124.61;80.76;31.835
0.522686435;140.15;80.76;31.835
0.533258922;156;80.76;31.835
0.559656563;170.38;80.76;31.835
0.549487972;165;80.76;31.835
0.551927136;147.52;80.76;31.835
0.529820845;138.96;80.76;31.835
0.496301694;127;80.76;31.835
0.482920199;109.26;80.76;31.835
0.466574874;129.38;80.76;35.011
0.445581629;119.09;80.76;35.011
0.444054326;116.32;80.76;35.011
0.444199436;114.6;80.76;35.011
0.457091506;115.07;80.76;35.011
0.495130209;123.45;80.76;35.011
0.552395984;145.62;80.76;35.011
0.588595794;166.39;80.76;35.011
0.541333555;168;80.76;35.011
0.513545448;153.3;80.76;35.011
0.499442728;143.35;80.76;35.011
0.509906877;141.95;80.76;35.011
0.50582194;141.96;80.76;35.011
0.497823671;145.96;80.76;35.011
0.493502562;155;80.76;35.011
0.492006909;169.15;80.76;35.011
0.497805682;179.48;80.76;35.011
0.518149693;201.51;80.76;35.011
0.546248116;182.84;80.76;35.011
0.536256578;167.81;80.76;35.011
0.531390626;147.09;80.76;35.011
0.528906004;136.78;80.76;35.011
0.515903667;120.51;80.76;35.011
0.491928615;100.73;80.76;35.011
0.481704555;80.65;80.76;39.241
0.481887115;76.68;80.76;39.241
0.478892336;55.26;80.76;39.241
0.478060816;37;80.76;39.241
0.487211001;38.76;80.76;39.241
0.516447072;54.63;80.76;39.241
0.579193424;59.95;80.76;39.241
0.622822852;77.99;80.76;39.241
0.569131849;84.4;80.76;39.241
0.525843319;67.65;80.76;39.241
0.526957708;57.18;80.76;39.241
0.536693047;48.91;80.76;39.241
0.511853368;38.59;80.76;39.241
0.516897215;41.24;80.76;39.241
0.50458579;68.89;80.76;39.241
0.509206227;80;80.76;39.241
0.518405097;89.39;80.76;39.241
0.520515512;114.5;80.76;39.241
0.567557237;125.63;80.76;39.241
0.534356676;102.08;80.76;39.241
0.536526606;84.19;80.76;39.241
0.525182024;71.67;80.76;39.241
0.517752057;69.57;80.76;39.241
0.480672226;27.71;80.76;39.241
0.461715375;54.92;80.76;29.463
0.456016164;24.34;80.76;29.463
0.454361886;17.38;80.76;29.463
0.453769794;15.28;80.76;29.463
0.454402928;20.2;80.76;29.463
0.477111479;30.01;80.76;29.463
0.518073834;69.71;80.76;29.463
0.56965803;97.19;80.76;29.463
0.551093609;97.12;80.76;29.463
0.53748171;73.03;80.76;29.463
0.533684601;47.08;80.76;29.463
0.534397863;42.58;80.76;29.463
0.509449429;39.94;80.76;29.463
0.524784861;52.66;80.76;29.463
0.5291368;72.17;80.76;29.463
0.536090651;91.3;80.76;29.463
0.550340641;105.36;80.76;29.463
0.548260373;146.89;80.76;29.463
0.549391401;148.93;80.76;29.463
0.528470344;130;80.76;29.463
0.514990954;97.19;80.76;29.463
0.508759436;83.72;80.76;29.463
0.490124164;88.66;80.76;29.463
0.48621894;81.66;80.76;29.463
0.473655968;75.73;80.76;44.915
0.459101771;71.79;80.76;44.915
0.453180886;46.42;80.76;44.915
0.448870453;45.09;80.76;44.915
0.451101615;43.83;80.76;44.915
0.456086101;71.58;80.76;44.915
0.469828816;87.67;80.76;44.915
0.502826031;99.77;80.76;44.915
0.520498294;112.99;80.76;44.915
0.539979075;106.7;80.76;44.915
0.571481554;94.15;80.76;44.915
0.58977624;108.25;80.76;44.915
0.569656201;110.43;80.76;44.915
0.551234665;128.94;80.76;44.915
0.551568614;125.26;80.76;44.915
0.534225343;136.3;80.76;44.915
0.532879988;133.62;80.76;44.915
0.535378477;137.46;80.76;44.915
0.566849852;128.71;80.76;44.915
0.549856404;132.21;80.76;44.915
0.535730936;128.28;80.76;44.915
0.520435556;109.08;80.76;44.915
0.514766413;124.39;80.76;44.915
0.501420687;113.5;80.76;44.915
0.494735799;88.11;80.76;76.072
0.496329357;93.04;80.76;76.072
0.495543539;89.06;80.76;76.072
0.496155302;94.22;80.76;76.072
0.500844785;114.49;80.76;76.072
0.505263102;129.47;80.76;76.072
0.520385354;174.79;80.76;76.072
0.552711023;206.05;80.76;76.072
0.567857323;215.15;80.76;76.072
0.597814089;209.9;80.76;76.072
0.599416273;204.96;80.76;76.072
0.584672515;202.78;78.8;76.072
0.554140582;203.05;78.14;76.072
0.529318883;189.01;78.14;76.072
0.524429924;207.56;78.14;76.072
0.554101442;212.96;78.14;76.072
0.564747352;217.42;78.14;76.072
0.577863131;239.99;78.14;76.072
0.614362326;240.55;78.14;76.072
0.615126232;217.74;78.14;76.072
0.599676393;195.58;78.14;76.072
0.568211001;187;78.14;76.072
0.531305013;179.8;78.14;76.072
0.502593659;172.21;78.14;76.072
0.482912013;150.59;78.14;57.647
0.477533823;136.89;78.14;57.647
0.471051739;132.54;78.14;57.647
0.475399501;130.65;78.14;57.647
0.479522784;130.65;78.14;57.647
0.52133062;135;78.14;57.647
0.606257544;135.99;78.14;57.647
0.627938831;142.2;78.14;57.647
0.561964073;142.82;78.14;57.647
0.532592124;144.35;78.14;57.647
0.530017043;137.12;78.14;57.647
0.524913273;128.4;78.14;57.647
0.512666667;125.56;78.14;57.647
0.503897681;115.03;78.14;57.647
0.505083449;126.63;78.14;57.647
0.499598566;138.03;78.14;57.647
0.516135419;151.05;78.14;57.647
0.538376435;166.93;78.14;57.647
0.585689527;170;78.14;57.647
0.566273006;163.29;78.14;57.647
0.564410818;112.98;78.14;57.647
0.578506979;94.06;78.14;57.647
0.547630443;91.28;78.14;57.647
0.507509015;72.85;78.14;57.647
0.486999745;57.85;78.14;57.647
0.4769333;23.7;78.14;57.647
0.476612953;35.03;78.14;57.647
0.474536248;21.66;78.14;57.647
0.481081485;64.53;78.14;57.647
0.505753836;27.14;78.14;57.647
0.576014145;53.5;78.14;57.647
0.592421415;31.3;78.14;57.647
0.528408526;37.44;78.14;57.647
0.508647537;44.91;78.14;57.647
0.501174649;59.51;78.14;57.647
0.503145647;50.47;78.14;57.647
0.491728376;64.05;78.14;57.647
0.494403491;39.46;78.14;57.647
0.477722434;82.07;78.14;57.647
0.484684338;84.97;78.14;57.647
0.502707675;85.05;78.14;57.647
0.531703554;100.81;78.14;57.647
0.562147207;77.54;78.14;57.647
0.558916438;73.7;78.14;57.647
0.543815077;36.97;78.14;57.647
0.516841426;27.15;78.14;57.647
0.499466796;27.59;78.14;57.647
0.479197912;19.85;78.14;57.647
0.46910703;0.09;78.14;60.249
0.460919737;0.09;78.14;60.249
0.45834218;0.09;78.14;60.249
0.463469794;0.3;78.14;60.249
0.474016713;5;78.14;60.249
0.513118726;9.07;78.14;60.249
0.586927861;54.32;78.14;60.249
0.616953954;99.52;78.14;60.249
0.528819661;105.04;78.14;60.249
0.506821312;84.4;78.14;60.249
0.49763093;67.14;78.14;60.249
0.49912748;68.86;78.14;60.249
0.495871207;70.46;78.14;60.249
0.511862972;84.35;78.14;60.249
0.506810656;98.87;78.14;60.249
0.496077078;151.61;78.14;60.249
0.515378453;149.05;78.14;60.249
0.541421005;155.57;78.14;60.249
0.578076441;156.49;78.14;60.249
0.573298033;140.15;78.14;60.249
0.569484315;110.07;78.14;60.249
0.555086574;84.33;78.14;60.249
0.529658567;77.06;78.14;60.249
0.511602632;54.36;78.14;60.249
0.498487929;77.58;78.14;58.408
0.486515205;79.51;78.14;58.408
0.483850857;73.45;78.14;58.408
0.486892407;71.22;78.14;58.408
0.502115092;62.99;78.14;58.408
0.539065862;76.77;78.14;58.408
0.615692515;85.41;78.14;58.408
0.647925674;129.24;78.14;58.408
0.578123503;135.49;78.14;58.408
0.54429589;91.3;78.14;58.408
0.531235145;71.38;78.14;58.408
0.540396187;75.62;78.14;58.408
0.524807629;72.86;78.14;58.408
0.519629805;91.23;78.14;58.408
0.513645749;93.46;78.14;58.408
0.524425213;121.03;78.14;58.408
0.538580796;123.3;78.14;58.408
0.558977076;135.27;78.14;58.408
0.583142262;142.1;78.14;58.408
0.585534872;119.78;78.14;58.408
0.591885583;98.6;78.14;58.408
0.577950948;84.98;78.14;58.408
0.554077401;99.77;78.14;58.408
0.526612497;71.37;78.14;58.408
0.504111463;74.42;78.14;84.444
0.498071667;74.41;78.14;84.444
0.496903853;64.97;78.14;84.444
0.495402681;68.06;78.14;84.444
0.499295728;68.38;78.14;84.444
0.5277939;87.3;78.14;84.444
0.605085823;117.05;78.14;84.444
0.620506739;148.63;78.14;84.444
0.563855264;160.58;78.14;84.444
0.541003522;147.2;78.14;84.444
0.536777145;129.13;78.14;84.444
0.54071359;117.83;78.14;84.444
0.517944238;114.07;78.14;84.444
0.51754097;119.49;78.14;84.444
0.520003129;144.36;78.14;84.444
0.522682496;149.07;78.14;84.444
0.54085734;159.06;78.14;84.444
0.553071724;192.11;78.14;84.444
0.564615177;199.96;78.14;84.444
0.54102427;168.84;78.14;84.444
0.52388181;149.1;78.14;84.444
0.51405492;140.69;78.14;84.444
0.502069043;127.73;78.14;84.444
0.494999001;118.81;78.14;84.444
0.485889754;114.54;78.14;93.987
0.475423694;110;78.14;93.987
0.476436182;99.8;78.14;93.987
0.476074239;102.14;78.14;93.987
0.479806458;99.77;78.14;93.987
0.485315592;112.55;78.14;93.987
0.49892169;153.19;78.14;93.987
0.51873125;182.06;78.14;93.987
0.551599834;199.12;78.14;93.987
0.577822637;167.52;78.14;93.987
0.592770024;124.34;78.14;93.987
0.603604226;123.34;78.14;93.987
0.57867639;89.52;78.14;93.987
0.562501552;101.24;78.14;93.987
0.569300491;126.98;78.14;93.987
0.552718001;153.24;78.14;93.987
0.542697481;184.65;78.14;93.987
0.554019259;197.44;78.14;93.987
0.568075132;198.24;78.14;93.987
0.546852265;181.95;78.14;93.987
0.534551426;145.07;78.14;93.987
0.524322343;125.35;78.14;93.987
0.519053812;121.98;78.14;93.987
0.500959773;79.99;78.14;93.987
0.490739245;70.25;78.14;85.324
0.474284651;67.97;78.14;85.324
0.470470526;67.97;78.14;85.324
0.47144793;68.19;78.14;85.324
0.482043552;75.77;78.14;85.324
0.491058327;81.26;78.14;85.324
0.504084438;109;78.14;85.324
0.531438924;134.81;78.14;85.324
0.550968174;149.07;78.14;85.324
0.577080036;125.52;78.14;85.324
0.604996912;111.32;78.14;85.324
0.626197082;109.45;74.53;85.324
0.604893294;104.49;73.33;85.324
0.586121038;114.22;73.33;85.324
0.578318231;134.74;73.33;85.324
0.575125265;174.1;73.33;85.324
0.583116406;179.61;73.33;85.324
0.603873421;208.51;73.33;85.324
0.633711547;206.79;73.33;85.324
0.623171225;177.37;73.33;85.324
0.579656518;156.21;73.33;85.324
0.557995398;133.13;73.33;85.324
0.525419353;128.23;73.33;85.324
0.503613379;121.04;73.33;85.324
0.490666101;137.41;73.33;69.845
0.483057338;134.21;73.33;69.845
0.482137959;130.01;73.33;69.845
0.484482575;126.8;73.33;69.845
0.495502636;129.44;73.33;69.845
0.53128189;129.68;73.33;69.845
0.596680287;158;73.33;69.845
0.619725202;172.29;73.33;69.845
0.552537268;171.72;73.33;69.845
0.52513605;166.93;73.33;69.845
0.522108131;141.85;73.33;69.845
0.520696443;130.89;73.33;69.845
0.509675274;134.16;73.33;69.845
0.510576403;138.03;73.33;69.845
0.52363053;148.94;73.33;69.845
0.526345174;206.97;73.33;69.845
0.546981823;194.53;73.33;69.845
0.561104616;240.7;73.33;69.845
0.58985933;238;73.33;69.845
0.588484698;199.71;73.33;69.845
0.564492292;177.44;73.33;69.845
0.552444869;166.84;73.33;69.845
0.533111027;160.86;73.33;69.845
0.510396149;158.69;73.33;69.845
0.497578658;168.8;73.33;69.845
0.489314835;152.21;73.33;69.845
0.484078712;143;73.33;69.845
0.484694724;127;73.33;69.845
0.495275138;134.07;73.33;69.845
0.535814632;135.29;73.33;69.845
0.584580241;135.29;73.33;69.845
0.603085526;150.75;73.33;69.845
0.544013822;155.96;73.33;69.845
0.535986969;131.57;73.33;69.845
0.52074489;120.31;73.33;69.845
0.518071691;133;73.33;69.845
0.495235644;130.13;73.33;69.845
0.492250612;125;73.33;69.845
0.495248879;137.4;73.33;69.845
0.50597241;141.87;73.33;69.845
0.519340686;150.38;73.33;69.845
0.543214926;187.61;73.33;69.845
0.58862224;197.86;73.33;69.845
0.571481954;165.12;73.33;69.845
0.570313215;150.04;73.33;69.845
0.561067441;141.04;73.33;69.845
0.540170088;141.39;73.33;69.845
0.51451076;122.11;73.33;69.845
0.495048013;100.01;73.33;75.351
0.489148975;101.43;73.33;75.351
0.485057643;93.88;73.33;75.351
0.485763592;107.13;73.33;75.351
0.496334531;108.75;73.33;75.351
0.525340505;121.88;73.33;75.351
0.5900626;167.38;73.33;75.351
0.620512893;205.1;73.33;75.351
0.54873301;208.9;73.33;75.351
0.518776803;166.45;73.33;75.351
0.5165646;142.4;73.33;75.351
0.519390771;129.9;73.33;75.351
0.504816093;143.33;73.33;75.351
0.499887272;165.69;73.33;75.351
0.501365094;207.32;73.33;75.351
0.508392724;212.28;73.33;75.351
0.529376341;212.44;73.33;75.351
0.567529032;254.18;73.33;75.351
0.580642705;217.88;73.33;75.351
0.57114474;187.44;73.33;75.351
0.589479732;160.49;73.33;75.351
0.576468009;139.71;73.33;75.351
0.545756656;157.58;73.33;75.351
0.518596806;147.57;73.33;75.351
0.50409263;136.2;73.33;104.726
0.505098619;129.31;73.33;104.726
0.499927187;128.85;73.33;104.726
0.502629921;110.15;73.33;104.726
0.515594912;111.17;73.33;104.726
0.552581579;129.92;73.33;104.726
0.633150348;163.62;73.33;104.726
0.63926563;211.53;73.33;104.726
0.585331486;222.74;73.33;104.726
0.549011753;210;73.33;104.726
0.525792141;199.92;73.33;104.726
0.518993116;198.81;73.33;104.726
0.507657673;189.84;73.33;104.726
0.518347294;205.65;73.33;104.726
0.526564003;222.18;73.33;104.726
0.525840611;224.08;73.33;104.726
0.533494056;217.35;73.33;104.726
0.552195585;220;73.33;104.726
0.591034402;214.24;73.33;104.726
0.580454168;220.69;73.33;104.726
0.574046267;174.98;73.33;104.726
0.560302612;153.52;73.33;104.726
0.540313836;137.91;73.33;104.726
0.518626816;122.27;73.33;104.726
0.49807894;79.17;73.33;118.513
0.480091087;79.18;73.33;118.513
0.471306119;79.15;73.33;118.513
0.479287247;70.49;73.33;118.513
0.492801408;70.49;73.33;118.513
0.534459853;79.18;73.33;118.513
0.602619626;120.01;73.33;118.513
0.628840517;151.33;73.33;118.513
0.591292775;168.15;73.33;118.513
0.547842545;176.09;73.33;118.513
0.528362027;174.42;73.33;118.513
0.526608786;163.78;73.33;118.513
0.513651629;180.48;73.33;118.513
0.513638577;184.01;73.33;118.513
0.533999993;201.07;73.33;118.513
0.546301694;220.58;73.33;118.513
0.555217976;236.1;73.33;118.513
0.564049039;241.41;73.33;118.513
0.576522916;202.94;73.33;118.513
0.556090793;163.72;73.33;118.513
0.551218219;146.08;73.33;118.513
0.550777782;114.1;73.33;118.513
0.537355616;83.32;73.33;118.513
0.535848852;64.91;73.33;118.513
0.516451285;47.95;73.33;108.676
0.517639826;23.92;73.33;108.676
0.511083806;16.45;73.33;108.676
0.504239882;10.39;73.33;108.676
0.504098279;5.88;73.33;108.676
0.502702018;11.06;73.33;108.676
0.509735223;66.55;73.33;108.676
0.547131666;84.84;73.33;108.676
0.573933014;96.08;73.33;108.676
0.602091361;89.9;73.33;108.676
0.601608592;83.65;73.33;108.676
0.629310938;86.78;73.33;108.676
0.609121944;112.44;73.33;108.676
0.593561253;119.83;73.33;108.676
0.571799118;143.17;73.33;108.676
0.576455581;153.4;73.33;108.676
0.575444942;152.65;73.33;108.676
0.584090558;194.93;73.33;108.676
0.598320352;181.8;73.33;108.676
0.563336924;153.63;73.33;108.676
0.545563896;136.68;73.33;108.676
0.534224821;146.84;73.33;108.676
0.531063618;149.8;73.33;108.676
0.524926542;128.91;73.33;108.676
0.518630908;113.02;73.33;102.749
0.510463918;119.67;73.33;102.749
0.510983674;126.83;73.33;102.749
0.518609864;115.82;73.33;102.749
0.519575425;120.05;73.33;102.749
0.523411309;129.97;73.33;102.749
0.535461312;150.05;73.33;102.749
0.562128206;227.79;73.33;102.749
0.58254335;227.23;73.33;102.749
0.614100376;228.56;73.33;102.749
0.632798668;228.56;73.33;102.749
0.627782647;226.43;72.5;102.749
0.602284264;197.37;72.22;102.749
0.609129215;194.91;72.22;102.749
0.604179139;206.91;72.22;102.749
0.605008812;214.98;72.22;102.749
0.626779124;202.98;72.22;102.749
0.630366858;211.8;72.22;102.749
0.63938055;172.76;72.22;102.749
0.620590772;158.17;72.22;102.749
0.616030828;135.61;72.22;102.749
0.591587879;118.35;72.22;102.749
0.562543692;153.33;72.22;102.749
0.542282822;123.65;72.22;102.749
0.537206444;144.47;72.22;108.688
0.536144322;146.48;72.22;108.688
0.53856947;148.4;72.22;108.688
0.542931638;140.67;72.22;108.688
0.554624654;143.98;72.22;108.688
0.596269663;150;72.22;108.688
0.673897518;138.98;72.22;108.688
0.699252257;159.93;72.22;108.688
0.643561126;205.7;72.22;108.688
0.609028299;215.07;72.22;108.688
0.601266272;180.78;72.22;108.688
0.596506257;203.91;72.22;108.688
0.585844316;186.74;72.22;108.688
0.574070676;192.02;72.22;108.688
0.575859634;213.34;72.22;108.688
0.576943481;227.11;72.22;108.688
0.604139007;243.39;72.22;108.688
0.629434656;281.98;72.22;108.688
0.664887603;287.29;72.22;108.688
0.656905269;260.7;72.22;108.688
0.64902599;240;72.22;108.688
0.638215437;232.09;72.22;108.688
0.609966832;219.05;72.22;108.688
0.583244332;204.82;72.22;108.688
0.561526046;200.74;72.22;108.688
0.555301787;183.92;72.22;108.688
0.555708902;187.42;72.22;108.688
0.560486676;180;72.22;108.688
0.576020852;170.59;72.22;108.688
0.608186017;175.88;72.22;108.688
0.669763777;180.08;72.22;108.688
0.697092035;194.19;72.22;108.688
0.64777731;200.03;72.22;108.688
0.607646587;215.03;72.22;108.688
0.582709745;212.03;72.22;108.688
0.572101376;217.99;72.22;108.688
0.563011925;210.05;72.22;108.688
0.571778134;198.85;72.22;108.688
0.566011508;205.15;72.22;108.688
0.571088724;224.6;72.22;108.688
0.582893263;241.95;72.22;108.688
0.614000801;267.37;72.22;108.688
0.653986257;273;72.22;108.688
0.658905124;266.44;72.22;108.688
0.655548942;244.9;72.22;108.688
0.661073737;215.1;72.22;108.688
0.66470068;212.03;72.22;108.688
0.675382883;169.45;72.22;108.688
0.66792471;139.35;72.22;109.754
0.659264918;140.38;72.22;109.754
0.649923513;149.49;72.22;109.754
0.648272857;144.98;72.22;109.754
0.659718299;154.8;72.22;109.754
0.702946137;167.52;72.22;109.754
0.776906983;270.4;72.22;109.754
0.798430472;316.94;72.22;109.754
0.703940032;324.05;72.22;109.754
0.674297774;308.15;72.22;109.754
0.667240913;296.18;72.22;109.754
0.67091265;307.53;72.22;109.754
0.656841644;299.82;72.22;109.754
0.653574009;302.32;72.22;109.754
0.663701038;332.02;72.22;109.754
0.674980228;333.69;72.22;109.754
0.688655072;334.68;72.22;109.754
0.732870086;335.39;72.22;109.754
0.780975704;315.41;72.22;109.754
0.751368696;291.43;72.22;109.754
0.695212984;252.17;72.22;109.754
0.646657122;220;72.22;109.754
0.611753634;199.93;72.22;109.754
0.586793442;155.03;72.22;109.754
0.559136874;113.67;72.22;115.413
0.572193503;112.45;72.22;115.413
0.585067591;99.97;72.22;115.413
0.598450915;82.15;72.22;115.413
0.612695981;87.9;72.22;115.413
0.651908233;103.72;72.22;115.413
0.727250446;152.18;72.22;115.413
0.771375568;229.91;72.22;115.413
0.699781786;248.97;72.22;115.413
0.678539312;236.51;72.22;115.413
0.661987129;242.2;72.22;115.413
0.667631916;244.41;72.22;115.413
0.653347158;245.18;72.22;115.413
0.65803545;251.76;72.22;115.413
0.652539425;258.96;72.22;115.413
0.651060221;259.97;72.22;115.413
0.665160917;255.54;72.22;115.413
0.679518405;284.96;72.22;115.413
0.706360994;294.9;72.22;115.413
0.698981254;272.49;72.22;115.413
0.692699448;248.95;72.22;115.413
0.685438864;199.13;72.22;115.413
0.669834338;199.53;72.22;115.413
0.634052431;167.68;72.22;115.413
0.616176692;152.89;72.22;116.079
0.61194493;137.44;72.22;116.079
0.615313579;123.98;72.22;116.079
0.619665204;119.94;72.22;116.079
0.627538139;123.91;72.22;116.079
0.667656804;149.78;72.22;116.079
0.752862186;209.19;72.22;116.079
0.778965377;258.46;72.22;116.079
0.735979727;268.55;72.22;116.079
0.704338771;229.95;72.22;116.079
0.700330701;197.41;72.22;116.079
0.690804823;172.42;72.22;116.079
0.670698099;166.64;72.22;116.079
0.673056887;165.11;72.22;116.079
0.671380547;180.08;72.22;116.079
0.669385582;186.68;72.22;116.079
0.677365138;206.22;72.22;116.079
0.704680284;223.49;72.22;116.079
0.733300158;219.51;72.22;116.079
0.708017715;209.92;72.22;116.079
0.675070921;153.73;72.22;116.079
0.658492531;149.77;72.22;116.079
0.644205619;142.24;72.22;116.079
0.632994593;124.22;72.22;116.079
0.634392141;141.63;72.22;125.364
0.627389881;127.37;72.22;125.364
0.625837736;122.17;72.22;125.364
0.619211671;117.73;72.22;125.364
0.619607291;126.18;72.22;125.364
0.624146006;153.56;72.22;125.364
0.634735385;207.39;72.22;125.364
0.667832543;293.16;72.22;125.364
0.70222036;309.09;72.22;125.364
0.733938787;294.94;72.22;125.364
0.764484085;295.02;72.22;125.364
0.73249386;289.9;72.22;125.364
0.698827518;272.93;72.22;125.364
0.683102403;269.92;72.22;125.364
0.67909457;272.24;72.22;125.364
0.680676023;300.36;72.22;125.364
0.684875784;315.05;72.22;125.364
0.685421242;322.72;72.22;125.364
0.677793851;299.59;72.22;125.364
0.64217334;285.91;72.22;125.364
0.632555783;261.56;72.22;125.364
0.621926599;229.94;72.22;125.364
0.628355414;217.1;72.22;125.364
0.614864995;173.64;72.22;125.364
0.602941518;187.29;72.22;122.855
0.583896495;175.19;72.22;122.855
0.57831633;163.07;72.22;122.855
0.583920383;151.82;72.22;122.855
0.592896613;159.15;72.22;122.855
0.600185364;181.64;72.22;122.855
0.61156615;230.6;72.22;122.855
0.644772127;297.07;72.22;122.855
0.675521372;307.65;72.22;122.855
0.71084383;289.85;72.22;122.855
0.738200621;280.45;72.22;122.855
0.720609846;263.47;77.58;122.855
0.691954442;256.03;79.36;122.855
0.706439759;272.43;79.36;122.855
0.732975179;290.17;79.36;122.855
0.714954747;318.36;79.36;122.855
0.684843617;327.36;79.36;122.855
0.697447087;349.9;79.36;122.855
0.719460603;337.95;79.36;122.855
0.703189593;314.37;79.36;122.855
0.695688456;274.15;79.36;122.855
0.672187667;266.32;79.36;122.855
0.642805454;269.92;79.36;122.855
0.608626219;226.03;79.36;122.855
0.588283597;212.77;79.36;121.46
0.58000016;210.7;79.36;121.46
0.579503382;199.13;79.36;121.46
0.580621056;200;79.36;121.46
0.589830545;197.99;79.36;121.46
0.629855947;211.94;79.36;121.46
0.720076913;214.94;79.36;121.46
0.732679553;228.07;79.36;121.46
0.667986537;264.96;79.36;121.46
0.639975929;279.9;79.36;121.46
0.624099885;257.83;79.36;121.46
0.627012041;253.32;79.36;121.46
0.627072118;249.99;79.36;121.46
0.624709018;237.41;79.36;121.46
0.619629106;257.61;79.36;121.46
0.631073773;264.02;79.36;121.46
0.648759395;288.2;79.36;121.46
0.682123873;315.92;79.36;121.46
0.726797674;306.1;79.36;121.46
0.707959684;270.08;79.36;121.46
0.689133122;232.22;79.36;121.46
0.678557785;213.37;79.36;121.46
0.660083887;200;79.36;121.46
0.639185566;173.69;79.36;121.46
0.618330139;144.88;79.36;121.46
0.617417289;135;79.36;121.46
0.62453528;122.01;79.36;121.46
0.623908942;99.4;79.36;121.46
0.64550205;99.4;79.36;121.46
0.691030736;105.64;79.36;121.46
0.774327714;129;79.36;121.46
0.774099673;136.76;79.36;121.46
0.722166236;141.34;79.36;121.46
0.690157773;151.77;79.36;121.46
0.668173242;153.5;79.36;121.46
0.634633838;163.53;79.36;121.46
0.628632565;159.62;79.36;121.46
0.636200154;151.84;79.36;121.46
0.645406874;157.13;79.36;121.46
0.655267064;158;79.36;121.46
0.68305657;170.89;79.36;121.46
0.710053804;180.1;79.36;121.46
0.753627982;180.4;79.36;121.46
0.725936235;181.88;79.36;121.46
0.72611731;157.28;79.36;121.46
0.733654271;135.1;79.36;121.46
0.709704408;155.04;79.36;121.46
0.674745682;150.07;79.36;121.46
0.659729214;129.22;79.36;123.29
0.662911872;130.46;79.36;123.29
0.669144464;127.7;79.36;123.29
0.675245834;119.58;79.36;123.29
0.685743801;120.07;79.36;123.29
0.731377786;129.5;79.36;123.29
0.813522926;193.09;79.36;123.29
0.846850718;304.17;79.36;123.29
0.780512294;354.63;79.36;123.29
0.748591353;367.7;79.36;123.29
0.717237049;370;79.36;123.29
0.690230226;365.91;79.36;123.29
0.667783371;360.1;79.36;123.29
0.657929384;367.2;79.36;123.29
0.674086503;383.91;79.36;123.29
0.682902965;397.91;79.36;123.29
0.694213151;392.6;79.36;123.29
0.729053722;415.58;79.36;123.29
0.773007974;398.97;79.36;123.29
0.759995464;374.7;79.36;123.29
0.76351466;329.04;79.36;123.29
0.746112863;312;79.36;123.29
0.718743573;294.98;79.36;123.29
0.667554838;260.26;79.36;123.29
0.631996296;271.88;79.36;123.668
0.597737729;250.09;79.36;123.668
0.594865378;228.17;79.36;123.668
0.591858699;226.24;79.36;123.668
0.598451616;235.17;79.36;123.668
0.631003706;271.89;79.36;123.668
0.727747034;303.99;79.36;123.668
0.750453042;396.22;79.36;123.668
0.688647248;444.92;79.36;123.668
0.64328905;445.32;79.36;123.668
0.622402269;445.91;79.36;123.668
0.629297604;435.6;79.36;123.668
0.627990742;418.05;79.36;123.668
0.621825751;424.26;79.36;123.668
0.625517246;446.38;79.36;123.668
0.614865724;450.7;79.36;123.668
0.62401533;460.04;79.36;123.668
0.641522592;501.1;79.36;123.668
0.719908703;486.86;79.36;123.668
0.719072579;463.82;79.36;123.668
0.685603466;400;79.36;123.668
0.660116366;334.9;79.36;123.668
0.627026026;297.66;79.36;123.668
0.606406564;280.25;79.36;123.668
0.588740383;288.45;79.36;132.707
0.574363151;279.18;79.36;132.707
0.564269329;264.27;79.36;132.707
0.566364081;260.79;79.36;132.707
0.579073448;267.63;79.36;132.707
0.620872975;290;79.36;132.707
0.697042795;332.28;79.36;132.707
0.733582141;434.43;79.36;132.707
0.678349906;478.1;79.36;132.707
0.636192365;478.6;79.36;132.707
0.626431976;474.71;79.36;132.707
0.629348271;482.52;79.36;132.707
0.615598339;449.99;79.36;132.707
0.618285094;450.47;79.36;132.707
0.620126875;464.24;79.36;132.707
0.620201361;458.76;79.36;132.707
0.640886035;478.4;79.36;132.707
0.659279758;503.55;79.36;132.707
0.675877447;495.2;79.36;132.707
0.6468043;465.14;79.36;132.707
0.627419513;413.9;79.36;132.707
0.61561793;344.2;79.36;132.707
0.602914787;316.86;79.36;132.707
0.595762201;277.18;79.36;132.707
0.589131614;292.06;79.36;143.955
0.583961866;291.43;79.36;143.955
0.574345259;284.76;79.36;143.955
0.580063917;274.8;79.36;143.955
0.590589843;271.91;79.36;143.955
0.598478069;283.49;79.36;143.955
0.61524146;353.18;79.36;143.955
0.635483395;450.84;79.36;143.955
0.674204146;463.55;79.36;143.955
0.717854566;462.15;79.36;143.955
0.730362817;453.07;79.36;143.955
0.7383112;446.43;79.36;143.955
0.721668249;437.88;79.36;143.955
0.714376831;446.54;79.36;143.955
0.690691807;464.07;79.36;143.955
0.670887947;463.1;79.36;143.955
0.676659139;458.04;79.36;143.955
0.665931052;484.07;79.36;143.955
0.65900171;469.79;79.36;143.955
0.6276956;457.89;79.36;143.955
0.613426174;430.8;79.36;143.955
0.597092206;379.49;79.36;143.955
0.58645133;340.63;79.36;143.955
0.578842971;304.55;79.36;143.955
0.563043618;306.33;79.36;145.223
0.549271277;294.19;79.36;145.223
0.542161093;299.1;79.36;145.223
0.539363362;298.97;79.36;145.223
0.536827092;300.72;79.36;145.223
0.54143879;313.82;79.36;145.223
0.55753679;361.55;79.36;145.223
0.59863109;413.6;79.36;145.223
0.628506492;442.66;79.36;145.223
0.660395195;433.19;79.36;145.223
0.660581629;427.34;79.36;145.223
0.676948437;409.66;83.75;145.223
0.660718159;403.96;85.21;145.223
0.658389575;384.3;85.21;145.223
0.640104863;307.58;85.21;145.223
0.619211621;288;85.21;145.223
0.614609088;281.82;85.21;145.223
0.628778941;379.14;85.21;145.223
0.656451269;334.02;85.21;145.223
0.637043468;340.04;85.21;145.223
0.628702049;252.46;85.21;145.223
0.594387078;333.53;85.21;145.223
0.573416795;278.62;85.21;145.223
0.553383606;256.24;85.21;145.223
0.543301482;238.15;85.21;133.086
0.535126269;235.6;85.21;133.086
0.533833488;231.77;85.21;133.086
0.536176607;223.94;85.21;133.086
0.549645908;230.64;85.21;133.086
0.602440216;245;85.21;133.086
0.693975505;252.06;85.21;133.086
0.715788761;253.05;85.21;133.086
0.635607267;256.93;85.21;133.086
0.598415126;281.67;85.21;133.086
0.591581623;311.3;85.21;133.086
0.599079293;316.09;85.21;133.086
0.590202315;307.44;85.21;133.086
0.575736894;302.5;85.21;133.086
0.576229288;315.91;85.21;133.086
0.5838457;315.91;85.21;133.086
0.58479962;330.92;85.21;133.086
0.594994049;358.73;85.21;133.086
0.630063699;343.1;85.21;133.086
0.605373578;311.74;85.21;133.086
0.613975193;290.55;85.21;133.086
0.60657732;289.9;85.21;133.086
0.587299098;278.7;85.21;133.086
0.538463375;244.49;85.21;133.086
0.524275035;230.7;85.21;133.086
0.512469127;219.92;85.21;133.086
0.510951801;231.19;85.21;133.086
0.514050792;208.81;85.21;133.086
0.521829327;208.52;85.21;133.086
0.573469217;213.08;85.21;133.086
0.671202581;211.84;85.21;133.086
0.678021827;218.86;85.21;133.086
0.623432603;255.3;85.21;133.086
0.562767012;288.83;85.21;133.086
0.561374287;300.73;85.21;133.086
0.564061637;306.57;85.21;133.086
0.559503241;304.85;85.21;133.086
0.564192564;301.53;85.21;133.086
0.574552117;306.07;85.21;133.086
0.588523304;308.24;85.21;133.086
0.590617922;324.9;85.21;133.086
0.608102189;347.42;85.21;133.086
0.660206753;304.86;85.21;133.086
0.661977064;302;85.21;133.086
0.666214094;261.63;85.21;133.086
0.638039015;279.2;85.21;133.086
0.608920998;265.9;85.21;133.086
0.580021694;243.17;85.21;133.086
0.567709076;205.16;85.21;134.079
0.565690758;195.89;85.21;134.079
0.578184933;183.22;85.21;134.079
0.583916856;181.68;85.21;134.079
0.604155005;163.66;85.21;134.079
0.650933552;250.61;85.21;134.079
0.730224697;292;85.21;134.079
0.750868656;368.99;85.21;134.079
0.67449642;406.33;85.21;134.079
0.646989339;400.49;85.21;134.079
0.637821473;399.65;85.21;134.079
0.631336713;421.93;85.21;134.079
0.614589116;404.91;85.21;134.079
0.612287129;392.96;85.21;134.079
0.614920293;413.46;85.21;134.079
0.628580345;429.91;85.21;134.079
0.671747306;430.73;85.21;134.079
0.70168239;444.98;85.21;134.079
0.722985063;433.15;85.21;134.079
0.719041923;427.92;85.21;134.079
0.7126703;392.3;85.21;134.079
0.704559389;333.11;85.21;134.079
0.690467912;324.56;85.21;134.079
0.671187968;292.62;85.21;134.079
0.644146239;298.1;85.21;136.706
0.626129864;277.91;85.21;136.706
0.615563375;275.9;85.21;136.706
0.612619021;277.69;85.21;136.706
0.619796023;287.38;85.21;136.706
0.657551835;309.23;85.21;136.706
0.742419377;370.99;85.21;136.706
0.761168567;454.93;85.21;136.706
0.700982452;455.68;85.21;136.706
0.652525054;459.95;85.21;136.706
0.641738713;453.2;85.21;136.706
0.649919755;460.17;85.21;136.706
0.634215077;453.97;85.21;136.706
0.630161198;446.1;85.21;136.706
0.6514198;459.29;85.21;136.706
0.650725876;453.84;85.21;136.706
0.671281977;461.53;85.21;136.706
0.685381424;479.4;85.21;136.706
0.702950651;453.93;85.21;136.706
0.683382975;418.26;85.21;136.706
0.662799708;368.95;85.21;136.706
0.659768735;319;85.21;136.706
0.639516274;304.98;85.21;136.706
0.607888991;274.28;85.21;136.706
0.580063392;264.59;85.21;138.43
0.559719429;235.72;85.21;138.43
0.55807842;203.91;85.21;138.43
0.560469801;199.96;85.21;138.43
0.577890598;230.18;85.21;138.43
0.615150107;259.4;85.21;138.43
0.699529135;254.05;85.21;138.43
0.747061102;345.01;85.21;138.43
0.676792393;383.29;85.21;138.43
0.63325664;345.7;85.21;138.43
0.622899177;325.23;85.21;138.43
0.622261499;305.01;85.21;138.43
0.614543116;296.85;85.21;138.43
0.614057456;323.15;85.21;138.43
0.632298063;408.06;85.21;138.43
0.633786448;436.74;85.21;138.43
0.631251734;454.07;85.21;138.43
0.628260164;419.26;85.21;138.43
0.653908073;400;85.21;138.43
0.630739506;388.38;85.21;138.43
0.616431173;408.82;85.21;138.43
0.61713892;327.15;85.21;138.43
0.605742372;300.72;85.21;138.43
0.587076586;280.56;85.21;138.43
0.574625981;286.56;85.21;147.545
0.554927452;280.78;85.21;147.545
0.537714306;269.67;85.21;147.545
0.525949645;269.91;85.21;147.545
0.521747318;275.49;85.21;147.545
0.528375093;299.79;85.21;147.545
0.537196755;326;85.21;147.545
0.559677703;400.09;85.21;147.545
0.580249104;447.43;85.21;147.545
0.621865783;454.09;85.21;147.545
0.64848507;447.85;85.21;147.545
0.665317355;446.22;85.21;147.545
0.657390442;448.47;85.21;147.545
0.637829043;448.26;85.21;147.545
0.616192242;454.05;85.21;147.545
0.613795729;456.99;85.21;147.545
0.605240769;462.92;85.21;147.545
0.604836158;498.21;85.21;147.545
0.616889517;459.27;85.21;147.545
0.601261461;454.02;85.21;147.545
0.579097817;433.91;85.21;147.545
0.565592083;353.13;85.21;147.545
0.564577635;328.31;85.21;147.545
0.556456317;299.24;85.21;147.545
0.528889731;334.01;85.21;147.682
0.515240242;306.42;85.21;147.682
0.509496842;302.38;85.21;147.682
0.510293872;298.49;85.21;147.682
0.509783055;304.04;85.21;147.682
0.521693357;317.66;85.21;147.682
0.529268775;358.77;85.21;147.682
0.55327403;455.38;85.21;147.682
0.581433899;474.29;85.21;147.682
0.624147724;474.7;85.21;147.682
0.653181829;471.33;85.21;147.682
0.676804351;484.16;87.5;147.682
0.640529971;481.1;88.26;147.682
0.61665758;470;88.26;147.682
0.604469466;476.44;88.26;147.682
0.604767966;473.91;88.26;147.682
0.619807037;474.88;88.26;147.682
0.622799895;507.91;88.26;147.682
0.648751351;477.37;88.26;147.682
0.640065265;451.51;88.26;147.682
0.622888649;440;88.26;147.682
0.608583378;376;88.26;147.682
0.579108907;338.04;88.26;147.682
0.570627916;316.22;88.26;147.682
0.56320923;312.48;88.26;139.917
0.550842429;306;88.26;139.917
0.554641631;290.79;88.26;139.917
0.560315252;287.26;88.26;139.917
0.569292992;284.9;88.26;139.917
0.622736525;287.15;88.26;139.917
0.716015833;295.35;88.26;139.917
0.737693827;313.58;88.26;139.917
0.675491649;346.14;88.26;139.917
0.660314165;396.61;88.26;139.917
0.650967535;419.33;88.26;139.917
0.660648897;412.38;88.26;139.917
0.646326289;398.1;88.26;139.917
0.647204637;375.9;88.26;139.917
0.639120246;377.07;88.26;139.917
0.639174218;393.5;88.26;139.917
0.638718773;420.59;88.26;139.917
0.653963631;449.92;88.26;139.917
0.673374967;442.7;88.26;139.917
0.645115974;420.72;88.26;139.917
0.647535449;361.15;88.26;139.917
0.635645098;323.88;88.26;139.917
0.602333029;307.65;88.26;139.917
0.559657396;288.27;88.26;139.917
0.539759828;300.65;88.26;139.917
0.527256599;292.8;88.26;139.917
0.528720288;288.08;88.26;139.917
0.52902328;272.52;88.26;139.917
0.539358674;268.42;88.26;139.917
0.579024236;269.24;88.26;139.917
0.653669648;280.98;88.26;139.917
0.661261787;279.73;88.26;139.917
0.599665925;293.09;88.26;139.917
0.582090868;320.09;88.26;139.917
0.564689257;326.55;88.26;139.917
0.564858736;345.19;88.26;139.917
0.553292107;347.71;88.26;139.917
0.563272121;324.74;88.26;139.917
0.564660388;328.31;88.26;139.917
0.568190174;336.51;88.26;139.917
0.56427854;361.6;88.26;139.917
0.586971953;413.94;88.26;139.917
0.617947813;430.05;88.26;139.917
0.61089978;412.74;88.26;139.917
0.614114255;383.98;88.26;139.917
0.609997414;335.35;88.26;139.917
0.58333021;323.85;88.26;139.917
0.559864001;306.25;88.26;139.917
0.552447686;280.18;88.26;141.226
0.546849257;277.68;88.26;141.226
0.547590647;274.31;88.26;141.226
0.549745909;269.79;88.26;141.226
0.561187769;267.92;88.26;141.226
0.60452094;283.71;88.26;141.226
0.680888781;392.24;88.26;141.226
0.708843837;505;88.26;141.226
0.644784331;545.22;88.26;141.226
0.618768202;513.99;88.26;141.226
0.601736681;505.47;88.26;141.226
0.608702507;497.62;88.26;141.226
0.601847555;489.95;88.26;141.226
0.601321599;482.8;88.26;141.226
0.611143186;506.04;88.26;141.226
0.609289748;535.73;88.26;141.226
0.60787026;558.54;88.26;141.226
0.635251715;588.09;88.26;141.226
0.668220573;558.66;88.26;141.226
0.65870894;508.04;88.26;141.226
0.661576349;490;88.26;141.226
0.648376906;408.9;88.26;141.226
0.618742966;361.32;88.26;141.226
0.582642621;313.2;88.26;141.226
0.572644445;306.14;88.26;138.104
0.560423245;288.11;88.26;138.104
0.562625405;285.28;88.26;138.104
0.569250871;276.98;88.26;138.104
0.585088038;282.3;88.26;138.104
0.633278411;316.07;88.26;138.104
0.722096787;368.9;88.26;138.104
0.733829326;499.7;88.26;138.104
0.671607181;571.76;88.26;138.104
0.650266999;553.29;88.26;138.104
0.635187834;518.08;88.26;138.104
0.635811845;505.16;88.26;138.104
0.63642841;482.78;88.26;138.104
0.646861156;506.03;88.26;138.104
0.646258757;552.71;88.26;138.104
0.64878076;570.25;88.26;138.104
0.656376902;590;88.26;138.104
0.667882257;665.01;88.26;138.104
0.708205596;595.94;88.26;138.104
0.725999262;522.58;88.26;138.104
0.701600804;452.47;88.26;138.104
0.673526204;353.79;88.26;138.104
0.648847574;321.03;88.26;138.104
0.629227166;283.08;88.26;138.104
0.608836921;274.82;88.26;139.911
0.596784695;270.47;88.26;139.911
0.591336421;268.69;88.26;139.911
0.591550723;278.2;88.26;139.911
0.607185928;280.21;88.26;139.911
0.645840361;311.11;88.26;139.911
0.728980913;368.82;88.26;139.911
0.752699914;494.97;88.26;139.911
0.70628758;539.99;88.26;139.911
0.681124065;569.72;88.26;139.911
0.652893168;565.18;88.26;139.911
0.672543321;568.01;88.26;139.911
0.646984947;526.07;88.26;139.911
0.643736037;515.48;88.26;139.911
0.650950644;514.95;88.26;139.911
0.681098603;528.53;88.26;139.911
0.695462424;545;88.26;139.911
0.705210577;590;88.26;139.911
0.723379428;557;88.26;139.911
0.686633808;520.57;88.26;139.911
0.666316444;487.9;88.26;139.911
0.664954596;396.67;88.26;139.911
0.64953687;351.72;88.26;139.911
0.626719937;328.94;88.26;139.911
0.615504789;300;88.26;133.026
0.606816235;290.74;88.26;133.026
0.602438114;279.46;88.26;133.026
0.603155822;270.19;88.26;133.026
0.60626002;274.14;88.26;133.026
0.610141359;289.63;88.26;133.026
0.629391597;336.73;88.26;133.026
0.664157464;432.74;88.26;133.026
0.712695348;490.03;88.26;133.026
0.751128961;489.66;88.26;133.026
0.754183999;474.55;88.26;133.026
0.791699802;450.72;88.26;133.026
0.76622094;406.56;88.26;133.026
0.73236877;396.53;88.26;133.026
0.702560792;455.05;88.26;133.026
0.700122431;469.93;88.26;133.026
0.718658757;485.03;88.26;133.026
0.715029428;500;88.26;133.026
0.71392163;499.91;88.26;133.026
0.700643984;485.53;88.26;133.026
0.678933913;439.9;88.26;133.026
0.650560946;367.72;88.26;133.026
0.62037991;336.29;88.26;133.026
0.602257637;306.06;88.26;133.026
0.591292895;296.3;88.26;135.863
0.578166858;288.12;88.26;135.863
0.578018923;280.19;88.26;135.863
0.573953916;270.33;88.26;135.863
0.578207453;282.55;88.26;135.863
0.576165571;296.35;88.26;135.863
0.597880748;344.51;88.26;135.863
0.630700903;458.94;88.26;135.863
0.668019395;543.49;88.26;135.863
0.689344127;561.72;88.26;135.863
0.716153913;543.49;88.26;135.863
0.718928387;540.83;84.62;135.863
0.697941404;492.26;83.41;135.863
0.677207721;469.12;83.41;135.863
0.662204925;465.8;83.41;135.863
0.67428623;465.14;83.41;135.863
0.663269151;478.55;83.41;135.863
0.677728483;505;83.41;135.863
0.713865441;490.17;83.41;135.863
0.696415271;467.8;83.41;135.863
0.66621578;401.93;83.41;135.863
0.639294398;335.11;83.41;135.863
0.626319916;308.56;83.41;135.863
0.612195813;285.27;83.41;135.863
0.593087066;283.9;83.41;121.903
0.580214761;271.08;83.41;121.903
0.578014124;259.95;83.41;121.903
0.579850073;246.13;83.41;121.903
0.595251693;238.73;83.41;121.903
0.659493839;237.36;83.41;121.903
0.763091908;237.51;83.41;121.903
0.782542215;248.77;83.41;121.903
0.708200578;291.05;83.41;121.903
0.676956516;299.81;83.41;121.903
0.667348275;302.13;83.41;121.903
0.657494699;281.16;83.41;121.903
0.647669728;270.07;83.41;121.903
0.642262868;254.75;83.41;121.903
0.656020422;266.87;83.41;121.903
0.668830898;283.5;83.41;121.903
0.66679093;305.13;83.41;121.903
0.686897239;335.42;83.41;121.903
0.710588417;324.01;83.41;121.903
0.713543823;291.99;83.41;121.903
0.711934783;264.07;83.41;121.903
0.686522052;245.93;83.41;121.903
0.673978245;216.08;83.41;121.903
0.638401272;199.86;83.41;121.903
0.610542548;176.27;83.41;121.903
0.598499267;168.67;83.41;121.903
0.591642376;170.28;83.41;121.903
0.59698777;172.11;83.41;121.903
0.609708021;172.43;83.41;121.903
0.65826858;169.49;83.41;121.903
0.732445748;168.3;83.41;121.903
0.73433978;177.22;83.41;121.903
0.656764038;209.72;83.41;121.903
0.633733785;209.65;83.41;121.903
0.625849356;218.09;83.41;121.903
0.630557179;216.12;83.41;121.903
0.609722851;185.8;83.41;121.903
0.60238211;224.43;83.41;121.903
0.616361302;229.5;83.41;121.903
0.629547638;239.86;83.41;121.903
0.65177615;233.57;83.41;121.903
0.663944704;229.47;83.41;121.903
0.681603142;220.65;83.41;121.903
0.669315215;208.29;83.41;121.903
0.683633846;130.02;83.41;121.903
0.676788607;163.08;83.41;121.903
0.677546232;145.93;83.41;121.903
0.646463809;115.28;83.41;121.903
0.638387825;120.1;83.41;121.81
0.629516883;105.84;83.41;121.81
0.631600928;92.36;83.41;121.81
0.623075053;76.1;83.41;121.81
0.628208883;77.72;83.41;121.81
0.665713882;109.11;83.41;121.81
0.739010241;175.36;83.41;121.81
0.73954347;240.03;83.41;121.81
0.680086062;249.57;83.41;121.81
0.636199181;248.85;83.41;121.81
0.624940845;248.85;83.41;121.81
0.632347298;247.05;83.41;121.81
0.610551524;248.7;83.41;121.81
0.615777702;245.8;83.41;121.81
0.621036258;249.43;83.41;121.81
0.630411212;248.81;83.41;121.81
0.641673308;249.02;83.41;121.81
0.642524804;248.85;83.41;121.81
0.679155557;248.85;83.41;121.81
0.668965473;227.11;83.41;121.81
0.666303703;187.71;83.41;121.81
0.654454621;174.65;83.41;121.81
0.627391491;166.33;83.41;121.81
0.597399482;120.06;83.41;121.81
0.578997831;108.19;83.41;107.677
0.569503162;92.41;83.41;107.677
0.569152816;92.45;83.41;107.677
0.576498397;76.35;83.41;107.677
0.586976174;81.94;83.41;107.677
0.624955118;99.21;83.41;107.677
0.703038239;149.99;83.41;107.677
0.75852378;199.68;83.41;107.677
0.705679434;223.4;83.41;107.677
0.670927432;225.14;83.41;107.677
0.662790553;220.37;83.41;107.677
0.664452512;227.34;83.41;107.677
0.651094299;219.23;83.41;107.677
0.66053009;216.22;83.41;107.677
0.665716629;228.18;83.41;107.677
0.656827797;225.01;83.41;107.677
0.666644285;227.65;83.41;107.677
0.680122666;228.99;83.41;107.677
0.722297263;234.43;83.41;107.677
0.719629892;230;83.41;107.677
0.72266347;228.24;83.41;107.677
0.712133057;229.49;83.41;107.677
0.687600822;211.16;83.41;107.677
0.659150376;184.65;83.41;107.677
0.641168083;182.11;83.41;105.144
0.624043715;174.76;83.41;105.144
0.626068194;178.93;83.41;105.144
0.624785513;167.93;83.41;105.144
0.635305109;168.96;83.41;105.144
0.664350038;180;83.41;105.144
0.727798902;218.57;83.41;105.144
0.774894914;253.16;83.41;105.144
0.763537132;273;83.41;105.144
0.737941024;269.84;83.41;105.144
0.726123385;251.71;83.41;105.144
0.715143012;248.24;83.41;105.144
0.7045144;238.96;83.41;105.144
0.709483991;232.89;83.41;105.144
0.705909057;241.02;83.41;105.144
0.711112786;228.96;83.41;105.144
0.71288235;224.79;83.41;105.144
0.709679469;246.01;83.41;105.144
0.738950968;234.99;83.41;105.144
0.697924418;225.81;83.41;105.144
0.682701634;211.19;83.41;105.144
0.700301659;187.91;83.41;105.144
0.694119911;170.58;83.41;105.144
0.670155197;140.09;83.41;105.144
0.652605068;158.9;83.41;97.092
0.641103012;145.6;83.41;97.092
0.636297677;140.19;83.41;97.092
0.633001568;132.41;83.41;97.092
0.641228443;128.22;83.41;97.092
0.648573807;155.92;83.41;97.092
0.665549488;183.86;83.41;97.092
0.694831748;224.72;83.41;97.092
0.722853305;224.4;83.41;97.092
0.760027397;223.72;83.41;97.092
0.798883247;225.4;83.41;97.092
0.777863551;224.4;83.41;97.092
0.745919001;224.04;83.41;97.092
0.759783829;216.82;83.41;97.092
0.747935282;213.29;83.41;97.092
0.74973861;210.39;83.41;97.092
0.740660174;213.19;83.41;97.092
0.733166934;214.19;83.41;97.092
0.746409059;224.4;83.41;97.092
0.714978456;221.82;83.41;97.092
0.71159164;201.07;83.41;97.092
0.710374861;183.71;83.41;97.092
0.703454554;170.96;83.41;97.092
0.694858559;161.67;83.41;97.092
0.690469794;148.72;83.41;90.979
0.67382381;148.72;83.41;90.979
0.663014121;146.39;83.41;90.979
0.663622932;137.87;83.41;90.979
0.663435848;141;83.41;90.979
0.665529004;148.55;83.41;90.979
0.685868647;169.45;83.41;90.979
0.713422029;189.19;83.41;90.979
0.732701643;217;83.41;90.979
0.763641145;222.2;83.41;90.979
0.809675516;225.09;83.41;90.979
0.814211075;221.93;83.41;90.979
0.766923657;223.91;83.41;90.979
0.734142148;228.91;83.41;90.979
0.741573994;225.92;83.41;90.979
0.746132932;220.05;83.41;90.979
0.755146391;222.06;83.41;90.979
0.751325019;214.02;83.41;90.979
0.75335279;209.93;83.41;90.979
0.727708233;198.44;83.41;90.979
0.723331904;181.34;83.41;90.979
0.704464304;152;83.41;90.979
0.691475622;148.74;83.41;90.979
0.69257943;119.9;83.41;90.979
0.684091;81.2;83.41;82.686
0.676463265;50.4;83.41;82.686
0.669416583;50;83.41;82.686
0.666124868;32.52;83.41;82.686
0.670379167;36;83.41;82.686
0.676093399;48.48;83.41;82.686
0.685018503;57.53;83.41;82.686
0.701991017;98.2;83.41;82.686
0.735431481;122.2;83.41;82.686
0.795729149;145.87;83.41;82.686
0.854683506;138.67;83.41;82.686
0.870447169;140.04;83.41;82.686
0.838462166;137.78;83.41;82.686
0.802011844;139.96;83.41;82.686
0.774092294;150.99;83.41;82.686
0.756069031;159.89;83.41;82.686
0.746863542;163.05;83.41;82.686
0.739742809;166.34;83.41;82.686
0.750300378;149.74;83.41;82.686
0.716502119;138.79;83.41;82.686
0.709074551;129.67;83.41;82.686
0.695408791;120;83.41;82.686
0.688620241;116.7;83.41;82.686
0.675345156;110.78;83.41;82.686
0.662883103;120.28;83.41;82.686
0.648034329;112.11;83.41;82.686
0.637744062;106.65;83.41;82.686
0.632145885;90.84;83.41;82.686
0.632558638;85.7;83.41;82.686
0.630883745;85.65;83.41;82.686
0.628132413;85.64;83.41;82.686
0.636789802;92.7;83.41;82.686
0.641532645;110.1;83.41;82.686
0.665801508;113.28;83.41;82.686
0.677480599;119.6;83.41;82.686
0.687038207;121.36;83.41;82.686
0.669348843;101.01;83.41;82.686
0.659230196;95.6;83.41;82.686
0.660871685;92.89;83.41;82.686
0.673811809;110.08;83.41;82.686
0.649346736;112.91;83.41;82.686
0.6469041;130.42;83.41;82.686
0.656899326;120.38;83.41;82.686
0.637434824;110.09;83.41;82.686
0.629651078;118.21;83.41;82.686
0.631877179;106.52;83.41;82.686
0.61725671;102.25;83.41;82.686
0.603812904;100;83.41;82.686
0.595732311;50.3;83.41;82.686
0.570822046;36.98;83.41;82.686
0.558634912;27.02;83.41;82.686
0.558629369;21.3;83.41;82.686
0.561568425;17.9;83.41;82.686
0.563760481;16.33;83.41;82.686
0.571569834;18.11;83.41;82.686
0.597308566;23.29;83.41;82.686
0.618300877;38.68;83.41;82.686
0.649316535;53.57;83.41;82.686
0.681568166;59.3;83.41;82.686
0.693513121;59;83.41;82.686
0.694136757;54.9;83.41;82.686
0.679485342;29.99;83.41;82.686
0.659902074;32.64;83.41;82.686
0.65021155;33.99;83.41;82.686
0.657430355;47.63;83.41;82.686
0.663792514;54.98;83.41;82.686
0.668221225;52.2;83.41;82.686
0.654091785;59.17;83.41;82.686
0.642284735;58.43;83.41;82.686
0.621736635;59.04;83.41;82.686
0.612191015;48.55;83.41;82.686
0.600882436;19.48;83.41;82.686
0.588854344;23.36;83.41;82.686
0.585628226;9.98;83.41;82.686
0.585663226;5.69;83.41;82.686
0.591667139;5;83.41;82.686
0.60394111;11.46;83.41;82.686
0.615298254;19.59;83.41;82.686
0.643440106;30.42;83.41;82.686
0.675287773;80.96;83.41;82.686
0.680583513;95.9;83.41;82.686
0.685427269;100.08;83.41;82.686
0.690451562;95.93;83.41;82.686
0.698382176;108.42;83.41;82.686
0.693458253;110.38;83.41;82.686
0.676242649;124.36;83.41;82.686
0.656728027;139.08;83.41;82.686
0.653508069;143.32;83.41;82.686
0.655553562;147.56;83.41;82.686
0.662293825;158.69;83.41;82.686
0.696686613;164.69;83.41;82.686
0.668621697;156.93;83.41;82.686
0.662491804;147.56;83.41;82.686
0.655714108;128.8;83.41;82.686
0.64231866;107.84;83.41;82.686
0.640041485;85.62;83.41;82.686
0.61929337;40.28;83.41;83.301
0.604467453;33.13;83.41;83.301
0.604377765;10.31;83.41;83.301
0.607015079;0.05;83.41;83.301
0.610391634;0.03;83.41;83.301
0.617709652;0.1;83.41;83.301
0.630718874;16.97;83.41;83.301
0.664706114;31.41;83.41;83.301
0.678999206;43.24;83.41;83.301
0.689402337;63.63;83.41;83.301
0.686914095;68.38;83.41;83.301
0.703868011;59.95;83.41;83.301
0.677836668;52.08;83.41;83.301
0.661533556;47.09;83.41;83.301
0.653313068;71.1;83.41;83.301
0.656612279;71.08;83.41;83.301
0.670949417;85.77;83.41;83.301
0.691242593;89.71;83.41;83.301
0.716434891;87.43;83.41;83.301
0.68984402;71.77;83.41;83.301
0.669630664;55.1;83.41;83.301
0.658535012;46.42;83.41;83.301
0.647249352;35.45;83.41;83.301
0.645470192;21.05;83.41;83.301
0.643533605;-1.01;83.41;77.09
0.642320546;-1.05;83.41;77.09
0.637241097;-1.1;83.41;77.09
0.641971414;-2.18;83.41;77.09
0.643420528;-2.05;83.41;77.09
0.649040173;-0.98;83.41;77.09
0.643151958;-0.05;83.41;77.09
0.659498801;0.09;83.41;77.09
0.674461056;8.98;83.41;77.09
0.700746108;5.97;83.41;77.09
0.721053156;5.28;83.41;77.09
0.721922319;4.01;83.41;77.09
0.686673467;1.99;83.41;77.09
0.700842017;3.4;83.41;77.09
0.68924851;19.95;83.41;77.09
0.682221606;24.54;83.41;77.09
0.680678697;27.2;83.41;77.09
0.667489992;34.54;83.41;77.09
0.682380116;51.41;83.41;77.09
0.671391762;47.94;83.41;77.09
0.646065514;26.62;83.41;77.09
0.647744291;25.01;83.41;77.09
0.644054373;26.31;83.41;77.09
0.64097179;21.07;83.41;77.09
0.631816679;11.17;83.41;81.045
0.616732069;5.09;83.41;81.045
0.613287796;3.09;83.41;81.045
0.613145708;0.65;83.41;81.045
0.618904466;0.57;83.41;81.045
0.620622237;4.88;83.41;81.045
0.625132133;10.93;83.41;81.045
0.648409401;24.13;83.41;81.045
0.667799703;27.69;83.41;81.045
0.695578619;29.08;83.41;81.045
0.697845516;26.09;83.41;81.045
0.733352482;24.72;83.41;81.045
0.725514223;17.74;83.41;81.045
0.716197853;19.87;83.41;81.045
0.685794398;25.64;83.41;81.045
0.678394197;27.97;83.41;81.045
0.676889683;21.01;83.41;81.045
0.675512036;30.78;83.41;81.045
0.706400906;22.4;83.41;81.045
0.677744974;13.79;83.41;81.045
0.651066234;2.63;83.41;81.045
0.625584975;0.69;83.41;81.045
0.61887229;0.4;83.41;81.045
0.60747437;0;83.41;81.045
0.579168419;-0.03;83.41;75.07
0.551205804;-0.07;83.41;75.07
0.546969244;-0.03;83.41;75.07
0.543679074;-0.04;83.41;75.07
0.547500414;-0.03;83.41;75.07
0.548231151;-0.02;83.41;75.07
0.554861016;-0.01;83.41;75.07
0.572771322;-0.05;83.41;75.07
0.579821366;0.63;83.41;75.07
0.592571078;-0.03;83.41;75.07
0.585022393;-0.3;83.41;75.07
0.611672241;-1.66;83.41;75.07
0.596219724;-3.78;83.41;75.07
0.594783574;-3.44;83.41;75.07
0.57509844;-2.07;83.41;75.07
0.572683568;-1.98;83.41;75.07
0.573591901;-0.9;83.41;75.07
0.569811306;0;83.41;75.07
0.596144474;-0.01;83.41;75.07
0.574983509;-1.01;83.41;75.07
0.569082601;-1.39;83.41;75.07
0.560704617;-1.04;83.41;75.07
0.554647848;-1.07;83.41;75.07
0.555913303;-0.68;83.41;75.07
