date,Distance_km,Consumption_kWh,Consumption_km,Location,ChargingStation,ID,PowerRating_kW,consumption_factor,VehicleID,ScheduleType,VehicleType,CompanyType
2026-01-01 00:00:00,0.0,0.0,0.0,1,1,0,80,1.0,0,Typea,Renault,Mail
2026-01-01 01:00:00,0.0,0.0,0.0,1,1,0,80,1.0,0,Typea,Renault,Mail
2026-01-01 02:00:00,0.0,0.0,0.0,1,1,0,80,1.0,0,Typea,Renault,Mail
2026-01-01 03:00:00,0.0,0.0,0.0,1,1,0,80,1.0,0,Typea,Renault,Mail
2026-01-01 04:00:00,0.0,0.0,0.0,1,1,0,80,1.0,0,Typea,Renault,Mail
2026-01-01 05:00:00,0.0,0.0,0.0,1,1,0,80,1.0,0,Typea,Renault,Mail
2026-01-01 06:00:00,0.0,0.0,0.0,1,1,0,80,1.0,0,Typea,Renault,Mail
2026-01-01 07:00:00,0.0,0.0,0.0,1,1,0,80,1.0,0,Typea,Renault,Mail
2026-01-01 08:00:00,0.0,0.0,0.0,1,1,0,80,1.0,0,Typea,Renault,Mail
2026-01-01 09:00:00,12.562374935790768,2.277803424061295,0.18131949059820934,0,0,0,0,1.1329772784640002,0,Typea,Renault,Mail
2026-01-01 10:00:00,12.562374935790768,2.2778353203299058,0.18132202962994293,0,0,0,0,1.1329772784640002,0,Typea,Renault,Mail
2026-01-01 11:00:00,12.562374935790768,5.800791043817251,0.4617591079287514,0,0,0,0,1.1329772784640002,0,Typea,Renault,Mail
2026-01-01 12:00:00,12.562374935790768,4.223677626999802,0.33621649159398637,0,0,0,0,1.1329772784640002,0,Typea,Renault,Mail
2026-01-01 13:00:00,12.562374935790768,1.8206243867365215,0.14492676711546645,0,0,0,0,1.1329772784640002,0,Typea,Renault,Mail
2026-01-01 14:00:00,12.562374935790768,3.786793594686363,0.30143930698148635,0,0,0,0,1.1329772784640002,0,Typea,Renault,Mail
2026-01-01 15:00:00,12.562374935790768,1.8323912626174916,0.14586344317720742,0,0,0,0,1.1329772784640002,0,Typea,Renault,Mail
2026-01-01 16:00:00,12.562374935790768,1.8278994167511047,0.14550587974757365,0,0,0,0,1.1329772784640002,0,Typea,Renault,Mail
2026-01-01 17:00:00,12.562374935790768,3.202795594140376,0.25495144114951296,0,0,0,0,1.1329772784640002,0,Typea,Renault,Mail
2026-01-01 18:00:00,12.562374935790768,1.4232885365796593,0.11329772784640002,0,0,0,0,1.1329772784640002,0,Typea,Renault,Mail
2026-01-01 19:00:00,12.562374935790768,1.4232885365796593,0.11329772784640002,0,0,0,0,1.1329772784640002,0,Typea,Renault,Mail
2026-01-01 20:00:00,12.562374935790768,1.6403080465624822,0.13057308470305015,0,0,0,0,1.1329772784640002,0,Typea,Renault,Mail
2026-01-01 21:00:00,0.0,0.0,0.0,1,1,0,80,1.0,0,Typea,Renault,Mail
2026-01-01 22:00:00,0.0,0.0,0.0,1,1,0,80,1.0,0,Typea,Renault,Mail
2026-01-01 23:00:00,0.0,0.0,0.0,1,1,0,80,1.0,0,Typea,Renault,Mail
2026-01-02 00:00:00,0.0,0.0,0.0,1,1,0,80,1.0,0,Typea,Renault,Mail
2026-01-02 01:00:00,0.0,0.0,0.0,1,1,0,80,1.0,0,Typea,Renault,Mail
2026-01-02 02:00:00,0.0,0.0,0.0,1,1,0,80,1.0,0,Typea,Renault,Mail
2026-01-02 03:00:00,0.0,0.0,0.0,1,1,0,80,1.0,0,Typea,Renault,Mail
2026-01-02 04:00:00,0.0,0.0,0.0,1,1,0,80,1.0,0,Typea,Renault,Mail
2026-01-02 05:00:00,0.0,0.0,0.0,1,1,0,80,1.0,0,Typea,Renault,Mail
2026-01-02 06:00:00,0.0,0.0,0.0,1,1,0,80,1.0,0,Typea,Renault,Mail
2026-01-02 07:00:00,6.885924220714484,3.327626693622536,0.48325055387804733,0,0,0,0,1.23259004,0,Typea,Renault,Mail
2026-01-02 08:00:00,6.885924220714484,1.3680317614105277,0.198670754652682,0,0,0,0,1.23259004,0,Typea,Renault,Mail
2026-01-02 09:00:00,6.885924220714484,1.707838727932525,0.24801880955862732,0,0,0,0,1.23259004,0,Typea,Renault,Mail
2026-01-02 10:00:00,6.885924220714484,0.8487521610647436,0.123259004,0,0,0,0,1.23259004,0,Typea,Renault,Mail
2026-01-02 11:00:00,6.885924220714484,0.9989113402884683,0.14506568882699977,0,0,0,0,1.23259004,0,Typea,Renault,Mail
2026-01-02 12:00:00,6.885924220714484,1.7581131494918627,0.2553198515027284,0,0,0,0,1.23259004,0,Typea,Renault,Mail
2026-01-02 13:00:00,6.885924220714484,0.8487521610647436,0.123259004,0,0,0,0,1.23259004,0,Typea,Renault,Mail
2026-01-02 14:00:00,6.885924220714484,2.0648678485401386,0.2998679309203736,0,0,0,0,1.23259004,0,Typea,Renault,Mail
2026-01-02 15:00:00,6.885924220714484,0.9337361772346214,0.13560070475735456,0,0,0,0,1.23259004,0,Typea,Renault,Mail
2026-01-02 16:00:00,6.885924220714484,1.291663318053451,0.18758024001597676,0,0,0,0,1.23259004,0,Typea,Renault,Mail
2026-01-02 17:00:00,6.885924220714484,0.9324989393659854,0.13542102838727277,0,0,0,0,1.23259004,0,Typea,Renault,Mail
2026-01-02 18:00:00,6.885924220714484,3.7755549271175384,0.5483003887495275,0,0,0,0,1.23259004,0,Typea,Renault,Mail
2026-01-02 19:00:00,6.885924220714484,1.613966984066995,0.23438639931758204,0,0,0,0,1.23259004,0,Typea,Renault,Mail
2026-01-02 20:00:00,0.0,0.0,0.0,1,1,0,80,1.0,0,Typea,Renault,Mail
2026-01-02 21:00:00,0.0,0.0,0.0,1,1,0,80,1.0,0,Typea,Renault,Mail
2026-01-02 22:00:00,0.0,0.0,0.0,1,1,0,80,1.0,0,Typea,Renault,Mail
2026-01-02 23:00:00,0.0,0.0,0.0,1,1,0,80,1.0,0,Typea,Renault,Mail
2026-01-03 00:00:00,0.0,0.0,0.0,1,1,0,80,1.0,0,Typea,Renault,Mail
2026-01-03 01:00:00,0.0,0.0,0.0,1,1,0,80,1.0,0,Typea,Renault,Mail
2026-01-03 02:00:00,0.0,0.0,0.0,1,1,0,80,1.0,0,Typea,Renault,Mail
2026-01-03 03:00:00,0.0,0.0,0.0,1,1,0,80,1.0,0,Typea,Renault,Mail
2026-01-03 04:00:00,0.0,0.0,0.0,1,1,0,80,1.0,0,Typea,Renault,Mail
2026-01-03 05:00:00,0.0,0.0,0.0,1,1,0,80,1.0,0,Typea,Renault,Mail
2026-01-03 06:00:00,0.0,0.0,0.0,1,1,0,80,1.0,0,Typea,Renault,Mail
2026-01-03 07:00:00,5.907989437316106,0.7143048780301126,0.1209049010004,0,0,0,0,1.209049010004,0,Typea,Renault,Mail
2026-01-03 08:00:00,5.907989437316106,0.7143048780301126,0.1209049010004,0,0,0,0,1.209049010004,0,Typea,Renault,Mail
2026-01-03 09:00:00,5.907989437316106,1.5634102203870361,0.26462644135959484,0,0,0,0,1.209049010004,0,Typea,Renault,Mail
2026-01-03 10:00:00,5.907989437316106,2.091489598499574,0.35401038215967096,0,0,0,0,1.209049010004,0,Typea,Renault,Mail
2026-01-03 11:00:00,5.907989437316106,1.5385539227171239,0.260419206743887,0,0,0,0,1.209049010004,0,Typea,Renault,Mail
2026-01-03 12:00:00,5.907989437316106,1.258705265302403,0.21305137367920043,0,0,0,0,1.209049010004,0,Typea,Renault,Mail
2026-01-03 13:00:00,5.907989437316106,1.0778813861938952,0.18244470434997215,0,0,0,0,1.209049010004,0,Typea,Renault,Mail
2026-01-03 14:00:00,5.907989437316106,0.7143048780301126,0.1209049010004,0,0,0,0,1.209049010004,0,Typea,Renault,Mail
2026-01-03 15:00:00,5.907989437316106,0.7143048780301126,0.1209049010004,0,0,0,0,1.209049010004,0,Typea,Renault,Mail
2026-01-03 16:00:00,5.907989437316106,0.9223305145076184,0.15611580289598767,0,0,0,0,1.209049010004,0,Typea,Renault,Mail
2026-01-03 17:00:00,5.907989437316106,2.4021871891247515,0.4065997772358954,0,0,0,0,1.209049010004,0,Typea,Renault,Mail
2026-01-03 18:00:00,5.907989437316106,1.7065021866899093,0.2888465195809732,0,0,0,0,1.209049010004,0,Typea,Renault,Mail
2026-01-03 19:00:00,5.907989437316106,0.7143048780301126,0.1209049010004,0,0,0,0,1.209049010004,0,Typea,Renault,Mail
2026-01-03 20:00:00,0.0,0.0,0.0,1,1,0,80,1.0,0,Typea,Renault,Mail
2026-01-03 21:00:00,0.0,0.0,0.0,1,1,0,80,1.0,0,Typea,Renault,Mail
2026-01-03 22:00:00,0.0,0.0,0.0,1,1,0,80,1.0,0,Typea,Renault,Mail
2026-01-03 23:00:00,0.0,0.0,0.0,1,1,0,80,1.0,0,Typea,Renault,Mail
2026-01-04 00:00:00,0.0,0.0,0.0,1,1,0,80,1.0,0,Typea,Renault,Mail
2026-01-04 01:00:00,0.0,0.0,0.0,1,1,0,80,1.0,0,Typea,Renault,Mail
2026-01-04 02:00:00,0.0,0.0,0.0,1,1,0,80,1.0,0,Typea,Renault,Mail
2026-01-04 03:00:00,0.0,0.0,0.0,1,1,0,80,1.0,0,Typea,Renault,Mail
2026-01-04 04:00:00,0.0,0.0,0.0,1,1,0,80,1.0,0,Typea,Renault,Mail
2026-01-04 05:00:00,0.0,0.0,0.0,1,1,0,80,1.0,0,Typea,Renault,Mail
2026-01-04 06:00:00,0.0,0.0,0.0,1,1,0,80,1.0,0,Typea,Renault,Mail
2026-01-04 07:00:00,0.0,0.0,0.0,1,1,0,80,1.0,0,Typea,Renault,Mail
2026-01-04 08:00:00,0.0,0.0,0.0,1,1,0,80,1.0,0,Typea,Renault,Mail
2026-01-04 09:00:00,7.650538190519108,3.3220515422495605,0.4342245551255985,0,0,0,0,1.3050301525,0,Typea,Renault,Mail
2026-01-04 10:00:00,7.650538190519108,3.1861498525799608,0.4164608780763139,0,0,0,0,1.3050301525,0,Typea,Renault,Mail
2026-01-04 11:00:00,7.650538190519108,0.9984183021480226,0.13050301525000002,0,0,0,0,1.3050301525,0,Typea,Renault,Mail
2026-01-04 12:00:00,7.650538190519108,1.4955558420389858,0.19548374307736233,0,0,0,0,1.3050301525,0,Typea,Renault,Mail
2026-01-04 13:00:00,7.650538190519108,2.368422520422049,0.30957593589390936,0,0,0,0,1.3050301525,0,Typea,Renault,Mail
2026-01-04 14:00:00,7.650538190519108,3.2464760195784397,0.42434609680161056,0,0,0,0,1.3050301525,0,Typea,Renault,Mail
2026-01-04 15:00:00,7.650538190519108,1.2639248510629992,0.1652073121639092,0,0,0,0,1.3050301525,0,Typea,Renault,Mail
2026-01-04 16:00:00,7.650538190519108,1.6639394779703578,0.2174931274811995,0,0,0,0,1.3050301525,0,Typea,Renault,Mail
2026-01-04 17:00:00,7.650538190519108,0.9984183021480226,0.13050301525000002,0,0,0,0,1.3050301525,0,Typea,Renault,Mail
2026-01-04 18:00:00,7.650538190519108,0.9984183021480226,0.13050301525000002,0,0,0,0,1.3050301525,0,Typea,Renault,Mail
2026-01-04 19:00:00,7.650538190519108,3.0243066301673225,0.39530638954461783,0,0,0,0,1.3050301525,0,Typea,Renault,Mail
2026-01-04 20:00:00,0.0,0.0,0.0,1,1,0,80,1.0,0,Typea,Renault,Mail
2026-01-04 21:00:00,0.0,0.0,0.0,1,1,0,80,1.0,0,Typea,Renault,Mail
2026-01-04 22:00:00,0.0,0.0,0.0,1,1,0,80,1.0,0,Typea,Renault,Mail
2026-01-04 23:00:00,0.0,0.0,0.0,1,1,0,80,1.0,0,Typea,Renault,Mail
2026-01-05 00:00:00,0.0,0.0,0.0,1,1,0,80,1.0,0,Typea,Renault,Mail
2026-01-05 01:00:00,0.0,0.0,0.0,1,1,0,80,1.0,0,Typea,Renault,Mail
2026-01-05 02:00:00,0.0,0.0,0.0,1,1,0,80,1.0,0,Typea,Renault,Mail
2026-01-05 03:00:00,0.0,0.0,0.0,1,1,0,80,1.0,0,Typea,Renault,Mail
2026-01-05 04:00:00,0.0,0.0,0.0,1,1,0,80,1.0,0,Typea,Renault,Mail
2026-01-05 05:00:00,0.0,0.0,0.0,1,1,0,80,1.0,0,Typea,Renault,Mail
2026-01-05 06:00:00,0.0,0.0,0.0,1,1,0,80,1.0,0,Typea,Renault,Mail
2026-01-05 07:00:00,0.0,0.0,0.0,1,1,0,80,1.0,0,Typea,Renault,Mail
2026-01-05 08:00:00,0.0,0.0,0.0,1,1,0,80,1.0,0,Typea,Renault,Mail
2026-01-05 09:00:00,0.0,0.0,0.0,1,1,0,80,1.0,0,Typea,Renault,Mail
2026-01-05 10:00:00,10.638173761313926,1.355860680035222,0.12745239083853419,0,0,0,0,1.226197579604,0,Typea,Renault,Mail
2026-01-05 11:00:00,10.638173761313926,3.148036413320394,0.2959188751708807,0,0,0,0,1.226197579604,0,Typea,Renault,Mail
2026-01-05 12:00:00,10.638173761313926,5.243133478485503,0.49286029690099,0,0,0,0,1.226197579604,0,Typea,Renault,Mail
2026-01-05 13:00:00,10.638173761313926,2.4407536231796083,0.22943351725044106,0,0,0,0,1.226197579604,0,Typea,Renault,Mail
2026-01-05 14:00:00,10.638173761313926,5.2905093872421505,0.49731368427927586,0,0,0,0,1.226197579604,0,Typea,Renault,Mail
2026-01-05 15:00:00,10.638173761313926,1.3044502917529919,0.12261975796040002,0,0,0,0,1.226197579604,0,Typea,Renault,Mail
2026-01-05 16:00:00,10.638173761313926,3.968003322783563,0.3729966638835454,0,0,0,0,1.226197579604,0,Typea,Renault,Mail
2026-01-05 17:00:00,10.638173761313926,2.6595383630744958,0.24999952273255735,0,0,0,0,1.226197579604,0,Typea,Renault,Mail
2026-01-05 18:00:00,10.638173761313926,1.9721396522879606,0.18538329007744847,0,0,0,0,1.226197579604,0,Typea,Renault,Mail
2026-01-05 19:00:00,10.638173761313926,2.6679314725679357,0.2507884842293099,0,0,0,0,1.226197579604,0,Typea,Renault,Mail
2026-01-05 20:00:00,10.638173761313926,1.3044502917529919,0.12261975796040002,0,0,0,0,1.226197579604,0,Typea,Renault,Mail
2026-01-05 21:00:00,10.638173761313926,2.113402365750627,0.19866214005979912,0,0,0,0,1.226197579604,0,Typea,Renault,Mail
2026-01-05 22:00:00,0.0,0.0,0.0,1,1,0,80,1.0,0,Typea,Renault,Mail
2026-01-05 23:00:00,0.0,0.0,0.0,1,1,0,80,1.0,0,Typea,Renault,Mail
2026-01-06 00:00:00,0.0,0.0,0.0,1,1,0,80,1.0,0,Typea,Renault,Mail
2026-01-06 01:00:00,0.0,0.0,0.0,1,1,0,80,1.0,0,Typea,Renault,Mail
2026-01-06 02:00:00,0.0,0.0,0.0,1,1,0,80,1.0,0,Typea,Renault,Mail
2026-01-06 03:00:00,0.0,0.0,0.0,1,1,0,80,1.0,0,Typea,Renault,Mail
2026-01-06 04:00:00,0.0,0.0,0.0,1,1,0,80,1.0,0,Typea,Renault,Mail
2026-01-06 05:00:00,0.0,0.0,0.0,1,1,0,80,1.0,0,Typea,Renault,Mail
2026-01-06 06:00:00,0.0,0.0,0.0,1,1,0,80,1.0,0,Typea,Renault,Mail
2026-01-06 07:00:00,0.0,0.0,0.0,1,1,0,80,1.0,0,Typea,Renault,Mail
2026-01-06 08:00:00,0.0,0.0,0.0,1,1,0,80,1.0,0,Typea,Renault,Mail
2026-01-06 09:00:00,8.272371770676534,1.359534081172543,0.16434634695599,0,0,0,0,1.3306301459840002,0,Typea,Renault,Mail
2026-01-06 10:00:00,8.272371770676534,3.488843044627803,0.4217464037333125,0,0,0,0,1.3306301459840002,0,Typea,Renault,Mail
2026-01-06 11:00:00,8.272371770676534,2.607388594084199,0.31519238573473357,0,0,0,0,1.3306301459840002,0,Typea,Renault,Mail
2026-01-06 12:00:00,8.272371770676534,1.3174587930817254,0.1592601045508839,0,0,0,0,1.3306301459840002,0,Typea,Renault,Mail
2026-01-06 13:00:00,8.272371770676534,2.8846279276513713,0.3487062728341886,0,0,0,0,1.3306301459840002,0,Typea,Renault,Mail
2026-01-06 14:00:00,8.272371770676534,2.259294602919992,0.27311328184362066,0,0,0,0,1.3306301459840002,0,Typea,Renault,Mail
2026-01-06 15:00:00,8.272371770676534,3.5688414876085024,0.43141696076319286,0,0,0,0,1.3306301459840002,0,Typea,Renault,Mail
2026-01-06 16:00:00,8.272371770676534,1.100746725684924,0.13306301459840003,0,0,0,0,1.3306301459840002,0,Typea,Renault,Mail
2026-01-06 17:00:00,8.272371770676534,1.6211150205422555,0.1959673797892762,0,0,0,0,1.3306301459840002,0,Typea,Renault,Mail
2026-01-06 18:00:00,8.272371770676534,1.5242836531692452,0.18426198621445486,0,0,0,0,1.3306301459840002,0,Typea,Renault,Mail
2026-01-06 19:00:00,8.272371770676534,1.100746725684924,0.13306301459840003,0,0,0,0,1.3306301459840002,0,Typea,Renault,Mail
2026-01-06 20:00:00,8.272371770676534,2.558360138969325,0.30926561449257695,0,0,0,0,1.3306301459840002,0,Typea,Renault,Mail
2026-01-06 21:00:00,0.0,0.0,0.0,1,1,0,80,1.0,0,Typea,Renault,Mail
2026-01-06 22:00:00,0.0,0.0,0.0,1,1,0,80,1.0,0,Typea,Renault,Mail
2026-01-06 23:00:00,0.0,0.0,0.0,1,1,0,80,1.0,0,Typea,Renault,Mail
2026-01-07 00:00:00,0.0,0.0,0.0,1,1,0,80,1.0,0,Typea,Renault,Mail
2026-01-07 01:00:00,0.0,0.0,0.0,1,1,0,80,1.0,0,Typea,Renault,Mail
2026-01-07 02:00:00,0.0,0.0,0.0,1,1,0,80,1.0,0,Typea,Renault,Mail
2026-01-07 03:00:00,0.0,0.0,0.0,1,1,0,80,1.0,0,Typea,Renault,Mail
2026-01-07 04:00:00,0.0,0.0,0.0,1,1,0,80,1.0,0,Typea,Renault,Mail
2026-01-07 05:00:00,0.0,0.0,0.0,1,1,0,80,1.0,0,Typea,Renault,Mail
2026-01-07 06:00:00,0.0,0.0,0.0,1,1,0,80,1.0,0,Typea,Renault,Mail
2026-01-07 07:00:00,0.0,0.0,0.0,1,1,0,80,1.0,0,Typea,Renault,Mail
2026-01-07 08:00:00,0.0,0.0,0.0,1,1,0,80,1.0,0,Typea,Renault,Mail
2026-01-07 09:00:00,7.453872744403372,1.2868052698205297,0.17263579805366386,0,0,0,0,1.282756305344,0,Typea,Renault,Mail
2026-01-07 10:00:00,7.453872744403372,1.3885162765094672,0.18628118886950595,0,0,0,0,1.282756305344,0,Typea,Renault,Mail
2026-01-07 11:00:00,7.453872744403372,0.9561502262115212,0.12827563053440003,0,0,0,0,1.282756305344,0,Typea,Renault,Mail
2026-01-07 12:00:00,7.453872744403372,1.6253071846936185,0.21804868964444768,0,0,0,0,1.282756305344,0,Typea,Renault,Mail
2026-01-07 13:00:00,7.453872744403372,2.3631534135929266,0.3170369946773326,0,0,0,0,1.282756305344,0,Typea,Renault,Mail
2026-01-07 14:00:00,7.453872744403372,4.297554643229144,0.5765532617196741,0,0,0,0,1.282756305344,0,Typea,Renault,Mail
2026-01-07 15:00:00,7.453872744403372,2.0636578041159925,0.27685712848605565,0,0,0,0,1.282756305344,0,Typea,Renault,Mail
2026-01-07 16:00:00,7.453872744403372,2.1719490541644673,0.29138531453937716,0,0,0,0,1.282756305344,0,Typea,Renault,Mail
2026-01-07 17:00:00,7.453872744403372,1.7386457152176507,0.2332540110136823,0,0,0,0,1.282756305344,0,Typea,Renault,Mail
2026-01-07 18:00:00,7.453872744403372,0.9561502262115212,0.12827563053440003,0,0,0,0,1.282756305344,0,Typea,Renault,Mail
2026-01-07 19:00:00,7.453872744403372,1.8012039807945008,0.2416467308416162,0,0,0,0,1.282756305344,0,Typea,Renault,Mail
2026-01-07 20:00:00,7.453872744403372,1.9144175952198568,0.25683529366090513,0,0,0,0,1.282756305344,0,Typea,Renault,Mail
2026-01-07 21:00:00,0.0,0.0,0.0,1,1,0,80,1.0,0,Typea,Renault,Mail
2026-01-07 22:00:00,0.0,0.0,0.0,1,1,0,80,1.0,0,Typea,Renault,Mail
2026-01-07 23:00:00,0.0,0.0,0.0,1,1,0,80,1.0,0,Typea,Renault,Mail
2026-01-08 00:00:00,0.0,0.0,0.0,1,1,0,80,1.0,0,Typea,Renault,Mail
2026-01-08 01:00:00,0.0,0.0,0.0,1,1,0,80,1.0,0,Typea,Renault,Mail
2026-01-08 02:00:00,0.0,0.0,0.0,1,1,0,80,1.0,0,Typea,Renault,Mail
2026-01-08 03:00:00,0.0,0.0,0.0,1,1,0,80,1.0,0,Typea,Renault,Mail
2026-01-08 04:00:00,0.0,0.0,0.0,1,1,0,80,1.0,0,Typea,Renault,Mail
2026-01-08 05:00:00,0.0,0.0,0.0,1,1,0,80,1.0,0,Typea,Renault,Mail
2026-01-08 06:00:00,0.0,0.0,0.0,1,1,0,80,1.0,0,Typea,Renault,Mail
2026-01-08 07:00:00,0.0,0.0,0.0,1,1,0,80,1.0,0,Typea,Renault,Mail
2026-01-08 08:00:00,0.0,0.0,0.0,1,1,0,80,1.0,0,Typea,Renault,Mail
2026-01-08 09:00:00,0.0,0.0,0.0,1,1,0,80,1.0,0,Typea,Renault,Mail
2026-01-08 10:00:00,0.0,0.0,0.0,1,1,0,80,1.0,0,Typea,Renault,Mail
2026-01-08 11:00:00,11.824549199685796,1.3912589846864971,0.11765852221440001,0,0,0,0,1.176585222144,0,Typea,Renault,Mail
2026-01-08 12:00:00,11.824549199685796,4.8415160748353445,0.4094461440410763,0,0,0,0,1.176585222144,0,Typea,Renault,Mail
2026-01-08 13:00:00,11.824549199685796,4.099189597683049,0.34666772732375906,0,0,0,0,1.176585222144,0,Typea,Renault,Mail
2026-01-08 14:00:00,11.824549199685796,4.173441114872425,0.352947164783527,0,0,0,0,1.176585222144,0,Typea,Renault,Mail
2026-01-08 15:00:00,11.824549199685796,1.3912589846864971,0.11765852221440001,0,0,0,0,1.176585222144,0,Typea,Renault,Mail
2026-01-08 16:00:00,11.824549199685796,5.335219758251314,0.45119857578951783,0,0,0,0,1.176585222144,0,Typea,Renault,Mail
2026-01-08 17:00:00,11.824549199685796,1.3912589846864971,0.11765852221440001,0,0,0,0,1.176585222144,0,Typea,Renault,Mail
2026-01-08 18:00:00,11.824549199685796,3.785699079708678,0.3201558905779911,0,0,0,0,1.176585222144,0,Typea,Renault,Mail
2026-01-08 19:00:00,11.824549199685796,6.260665431089237,0.5294633499648,0,0,0,0,1.176585222144,0,Typea,Renault,Mail
2026-01-08 20:00:00,11.824549199685796,1.3912589846864971,0.11765852221440001,0,0,0,0,1.176585222144,0,Typea,Renault,Mail
2026-01-08 21:00:00,0.0,0.0,0.0,1,1,0,80,1.0,0,Typea,Renault,Mail
2026-01-08 22:00:00,0.0,0.0,0.0,1,1,0,80,1.0,0,Typea,Renault,Mail
2026-01-08 23:00:00,0.0,0.0,0.0,1,1,0,80,1.0,0,Typea,Renault,Mail
2026-01-09 00:00:00,0.0,0.0,0.0,1,1,0,80,1.0,0,Typea,Renault,Mail
2026-01-09 01:00:00,0.0,0.0,0.0,1,1,0,80,1.0,0,Typea,Renault,Mail
2026-01-09 02:00:00,0.0,0.0,0.0,1,1,0,80,1.0,0,Typea,Renault,Mail
2026-01-09 03:00:00,0.0,0.0,0.0,1,1,0,80,1.0,0,Typea,Renault,Mail
2026-01-09 04:00:00,0.0,0.0,0.0,1,1,0,80,1.0,0,Typea,Renault,Mail
2026-01-09 05:00:00,0.0,0.0,0.0,1,1,0,80,1.0,0,Typea,Renault,Mail
2026-01-09 06:00:00,0.0,0.0,0.0,1,1,0,80,1.0,0,Typea,Renault,Mail
2026-01-09 07:00:00,0.0,0.0,0.0,1,1,0,80,1.0,0,Typea,Renault,Mail
2026-01-09 08:00:00,6.906779286838316,1.5817488082541822,0.22901395028915886,0,0,0,0,1.137342385344,0,Typea,Renault,Mail
2026-01-09 09:00:00,6.906779286838316,0.785537282913722,0.1137342385344,0,0,0,0,1.137342385344,0,Typea,Renault,Mail
2026-01-09 10:00:00,6.906779286838316,2.0160450409409405,0.291893653642987,0,0,0,0,1.137342385344,0,Typea,Renault,Mail
2026-01-09 11:00:00,6.906779286838316,0.785537282913722,0.1137342385344,0,0,0,0,1.137342385344,0,Typea,Renault,Mail
2026-01-09 12:00:00,6.906779286838316,3.1701617547486913,0.45899276972550856,0,0,0,0,1.137342385344,0,Typea,Renault,Mail
2026-01-09 13:00:00,6.906779286838316,0.785537282913722,0.1137342385344,0,0,0,0,1.137342385344,0,Typea,Renault,Mail
2026-01-09 14:00:00,6.906779286838316,1.1628984199675492,0.16837057790214746,0,0,0,0,1.137342385344,0,Typea,Renault,Mail
2026-01-09 15:00:00,6.906779286838316,2.380532245886126,0.34466603709525095,0,0,0,0,1.137342385344,0,Typea,Renault,Mail
2026-01-09 16:00:00,6.906779286838316,0.785537282913722,0.1137342385344,0,0,0,0,1.137342385344,0,Typea,Renault,Mail
2026-01-09 17:00:00,6.906779286838316,1.7521274067302484,0.2536822640429721,0,0,0,0,1.137342385344,0,Typea,Renault,Mail
2026-01-09 18:00:00,6.906779286838316,2.909826369940197,0.4213000371222539,0,0,0,0,1.137342385344,0,Typea,Renault,Mail
2026-01-09 19:00:00,6.906779286838316,0.785537282913722,0.1137342385344,0,0,0,0,1.137342385344,0,Typea,Renault,Mail
2026-01-09 20:00:00,0.0,0.0,0.0,1,1,0,80,1.0,0,Typea,Renault,Mail
2026-01-09 21:00:00,0.0,0.0,0.0,1,1,0,80,1.0,0,Typea,Renault,Mail
2026-01-09 22:00:00,0.0,0.0,0.0,1,1,0,80,1.0,0,Typea,Renault,Mail
2026-01-09 23:00:00,0.0,0.0,0.0,1,1,0,80,1.0,0,Typea,Renault,Mail
2026-01-10 00:00:00,0.0,0.0,0.0,1,1,0,80,1.0,0,Typea,Renault,Mail
2026-01-10 01:00:00,0.0,0.0,0.0,1,1,0,80,1.0,0,Typea,Renault,Mail
2026-01-10 02:00:00,0.0,0.0,0.0,1,1,0,80,1.0,0,Typea,Renault,Mail
2026-01-10 03:00:00,0.0,0.0,0.0,1,1,0,80,1.0,0,Typea,Renault,Mail
2026-01-10 04:00:00,0.0,0.0,0.0,1,1,0,80,1.0,0,Typea,Renault,Mail
2026-01-10 05:00:00,0.0,0.0,0.0,1,1,0,80,1.0,0,Typea,Renault,Mail
2026-01-10 06:00:00,0.0,0.0,0.0,1,1,0,80,1.0,0,Typea,Renault,Mail
2026-01-10 07:00:00,0.0,0.0,0.0,1,1,0,80,1.0,0,Typea,Renault,Mail
2026-01-10 08:00:00,0.0,0.0,0.0,1,1,0,80,1.0,0,Typea,Renault,Mail
2026-01-10 09:00:00,3.3500102807541627,0.39852058640883714,0.11896100400000001,0,0,0,0,1.18961004,0,Typea,Renault,Mail
2026-01-10 10:00:00,3.3500102807541627,1.0490856121680492,0.31315892318153615,0,0,0,0,1.18961004,0,Typea,Renault,Mail
2026-01-10 11:00:00,3.3500102807541627,0.9267134267742274,0.2766300247190893,0,0,0,0,1.18961004,0,Typea,Renault,Mail
2026-01-10 12:00:00,3.3500102807541627,0.9014227770440638,0.26908060020673524,0,0,0,0,1.18961004,0,Typea,Renault,Mail
2026-01-10 13:00:00,3.3500102807541627,0.9536206309312883,0.2846620013108159,0,0,0,0,1.18961004,0,Typea,Renault,Mail
2026-01-10 14:00:00,3.3500102807541627,0.39852058640883714,0.11896100400000001,0,0,0,0,1.18961004,0,Typea,Renault,Mail
2026-01-10 15:00:00,3.3500102807541627,0.8915010315428925,0.26611889422088447,0,0,0,0,1.18961004,0,Typea,Renault,Mail
2026-01-10 16:00:00,3.3500102807541627,0.9245852659047827,0.275994754767331,0,0,0,0,1.18961004,0,Typea,Renault,Mail
2026-01-10 17:00:00,3.3500102807541627,0.39852058640883714,0.11896100400000001,0,0,0,0,1.18961004,0,Typea,Renault,Mail
2026-01-10 18:00:00,3.3500102807541627,1.7801046647781826,0.5313728960788267,0,0,0,0,1.18961004,0,Typea,Renault,Mail
2026-01-10 19:00:00,3.3500102807541627,1.0229154427346208,0.3053469562798892,0,0,0,0,1.18961004,0,Typea,Renault,Mail
2026-01-10 20:00:00,3.3500102807541627,0.39852058640883714,0.11896100400000001,0,0,0,0,1.18961004,0,Typea,Renault,Mail
2026-01-10 21:00:00,3.3500102807541627,1.1223119521559402,0.3350174650518632,0,0,0,0,1.18961004,0,Typea,Renault,Mail
2026-01-10 22:00:00,0.0,0.0,0.0,1,1,0,80,1.0,0,Typea,Renault,Mail
2026-01-10 23:00:00,0.0,0.0,0.0,1,1,0,80,1.0,0,Typea,Renault,Mail
2026-01-11 00:00:00,0.0,0.0,0.0,1,1,0,80,1.0,0,Typea,Renault,Mail
2026-01-11 01:00:00,0.0,0.0,0.0,1,1,0,80,1.0,0,Typea,Renault,Mail
2026-01-11 02:00:00,0.0,0.0,0.0,1,1,0,80,1.0,0,Typea,Renault,Mail
2026-01-11 03:00:00,0.0,0.0,0.0,1,1,0,80,1.0,0,Typea,Renault,Mail
2026-01-11 04:00:00,0.0,0.0,0.0,1,1,0,80,1.0,0,Typea,Renault,Mail
2026-01-11 05:00:00,0.0,0.0,0.0,1,1,0,80,1.0,0,Typea,Renault,Mail
2026-01-11 06:00:00,0.0,0.0,0.0,1,1,0,80,1.0,0,Typea,Renault,Mail
2026-01-11 07:00:00,3.541620445194044,1.2855743348511732,0.3629904318503947,0,0,0,0,1.122069513044,0,Typea,Renault,Mail
2026-01-11 08:00:00,3.541620445194044,0.9869076008381025,0.27865990049197104,0,0,0,0,1.122069513044,0,Typea,Renault,Mail
2026-01-11 09:00:00,3.541620445194044,1.2089184199016234,0.34134612633099004,0,0,0,0,1.122069513044,0,Typea,Renault,Mail
2026-01-11 10:00:00,3.541620445194044,1.7882749477464999,0.5049312808698,0,0,0,0,1.122069513044,0,Typea,Renault,Mail
2026-01-11 11:00:00,3.541620445194044,0.6298881468739709,0.17785309200163585,0,0,0,0,1.122069513044,0,Typea,Renault,Mail
2026-01-11 12:00:00,3.541620445194044,0.39739443283255554,0.1122069513044,0,0,0,0,1.122069513044,0,Typea,Renault,Mail
2026-01-11 13:00:00,3.541620445194044,0.39739443283255554,0.1122069513044,0,0,0,0,1.122069513044,0,Typea,Renault,Mail
2026-01-11 14:00:00,3.541620445194044,0.39739443283255554,0.1122069513044,0,0,0,0,1.122069513044,0,Typea,Renault,Mail
2026-01-11 15:00:00,3.541620445194044,0.7211739975751591,0.20362825682062785,0,0,0,0,1.122069513044,0,Typea,Renault,Mail
2026-01-11 16:00:00,3.541620445194044,0.9480529484532909,0.2676890319344617,0,0,0,0,1.122069513044,0,Typea,Renault,Mail
2026-01-11 17:00:00,3.541620445194044,0.9130864092017008,0.25781599788332854,0,0,0,0,1.122069513044,0,Typea,Renault,Mail
2026-01-11 18:00:00,3.541620445194044,1.2116974057439982,0.34213079139755465,0,0,0,0,1.122069513044,0,Typea,Renault,Mail
2026-01-11 19:00:00,3.541620445194044,0.7700501014858061,0.2174287486200728,0,0,0,0,1.122069513044,0,Typea,Renault,Mail
2026-01-11 20:00:00,3.541620445194044,1.5514572790543044,0.43806424292575513,0,0,0,0,1.122069513044,0,Typea,Renault,Mail
2026-01-11 21:00:00,3.541620445194044,0.6194359583676007,0.1749018473191195,0,0,0,0,1.122069513044,0,Typea,Renault,Mail
2026-01-11 22:00:00,0.0,0.0,0.0,1,1,0,80,1.0,0,Typea,Renault,Mail
2026-01-11 23:00:00,0.0,0.0,0.0,1,1,0,80,1.0,0,Typea,Renault,Mail
2026-01-12 00:00:00,0.0,0.0,0.0,1,1,0,80,1.0,0,Typea,Renault,Mail
2026-01-12 01:00:00,0.0,0.0,0.0,1,1,0,80,1.0,0,Typea,Renault,Mail
2026-01-12 02:00:00,0.0,0.0,0.0,1,1,0,80,1.0,0,Typea,Renault,Mail
2026-01-12 03:00:00,0.0,0.0,0.0,1,1,0,80,1.0,0,Typea,Renault,Mail
2026-01-12 04:00:00,0.0,0.0,0.0,1,1,0,80,1.0,0,Typea,Renault,Mail
2026-01-12 05:00:00,0.0,0.0,0.0,1,1,0,80,1.0,0,Typea,Renault,Mail
2026-01-12 06:00:00,0.0,0.0,0.0,1,1,0,80,1.0,0,Typea,Renault,Mail
2026-01-12 07:00:00,0.0,0.0,0.0,1,1,0,80,1.0,0,Typea,Renault,Mail
2026-01-12 08:00:00,0.0,0.0,0.0,1,1,0,80,1.0,0,Typea,Renault,Mail
2026-01-12 09:00:00,0.0,0.0,0.0,1,1,0,80,1.0,0,Typea,Renault,Mail
2026-01-12 10:00:00,0.0,0.0,0.0,1,1,0,80,1.0,0,Typea,Renault,Mail
2026-01-12 11:00:00,10.818830282732712,3.124173580678202,0.2887718449252789,0,0,0,0,1.119889326784,0,Typea,Renault,Mail
2026-01-12 12:00:00,10.818830282732712,1.9566842969303495,0.1808591359505192,0,0,0,0,1.119889326784,0,Typea,Renault,Mail
2026-01-12 13:00:00,10.818830282732712,3.507079194004948,0.3241643599495583,0,0,0,0,1.119889326784,0,Typea,Renault,Mail
2026-01-12 14:00:00,10.818830282732712,3.1089009053168244,0.28736016963670785,0,0,0,0,1.119889326784,0,Typea,Renault,Mail
2026-01-12 15:00:00,10.818830282732712,2.2058055080113546,0.20388576679420778,0,0,0,0,1.119889326784,0,Typea,Renault,Mail
2026-01-12 16:00:00,10.818830282732712,1.211589256191989,0.1119889326784,0,0,0,0,1.119889326784,0,Typea,Renault,Mail
2026-01-12 17:00:00,10.818830282732712,1.211589256191989,0.1119889326784,0,0,0,0,1.119889326784,0,Typea,Renault,Mail
2026-01-12 18:00:00,10.818830282732712,1.5877963109266136,0.14676229032456498,0,0,0,0,1.119889326784,0,Typea,Renault,Mail
2026-01-12 19:00:00,10.818830282732712,3.7425802561563146,0.3459320608929066,0,0,0,0,1.119889326784,0,Typea,Renault,Mail
2026-01-12 20:00:00,0.0,0.0,0.0,1,1,0,80,1.0,0,Typea,Renault,Mail
2026-01-12 21:00:00,0.0,0.0,0.0,1,1,0,80,1.0,0,Typea,Renault,Mail
2026-01-12 22:00:00,0.0,0.0,0.0,1,1,0,80,1.0,0,Typea,Renault,Mail
2026-01-12 23:00:00,0.0,0.0,0.0,1,1,0,80,1.0,0,Typea,Renault,Mail
2026-01-13 00:00:00,0.0,0.0,0.0,1,1,0,80,1.0,0,Typea,Renault,Mail
2026-01-13 01:00:00,0.0,0.0,0.0,1,1,0,80,1.0,0,Typea,Renault,Mail
2026-01-13 02:00:00,0.0,0.0,0.0,1,1,0,80,1.0,0,Typea,Renault,Mail
2026-01-13 03:00:00,0.0,0.0,0.0,1,1,0,80,1.0,0,Typea,Renault,Mail
2026-01-13 04:00:00,0.0,0.0,0.0,1,1,0,80,1.0,0,Typea,Renault,Mail
2026-01-13 05:00:00,0.0,0.0,0.0,1,1,0,80,1.0,0,Typea,Renault,Mail
2026-01-13 06:00:00,0.0,0.0,0.0,1,1,0,80,1.0,0,Typea,Renault,Mail
2026-01-13 07:00:00,0.0,0.0,0.0,1,1,0,80,1.0,0,Typea,Renault,Mail
2026-01-13 08:00:00,0.0,0.0,0.0,1,1,0,80,1.0,0,Typea,Renault,Mail
2026-01-13 09:00:00,11.379330411631587,1.2793214946316112,0.11242502400000001,0,0,0,0,1.12425024,0,Typea,Renault,Mail
2026-01-13 10:00:00,11.379330411631587,2.7247434007830607,0.23944672509007345,0,0,0,0,1.12425024,0,Typea,Renault,Mail
2026-01-13 11:00:00,11.379330411631587,2.557945631984889,0.22478876519573057,0,0,0,0,1.12425024,0,Typea,Renault,Mail
2026-01-13 12:00:00,11.379330411631587,1.2793214946316112,0.11242502400000001,0,0,0,0,1.12425024,0,Typea,Renault,Mail
2026-01-13 13:00:00,11.379330411631587,3.0810919774131467,0.2707621508435815,0,0,0,0,1.12425024,0,Typea,Renault,Mail
2026-01-13 14:00:00,11.379330411631587,3.4355806180628705,0.30191412796583617,0,0,0,0,1.12425024,0,Typea,Renault,Mail
2026-01-13 15:00:00,11.379330411631587,4.347601323215605,0.3820612607198422,0,0,0,0,1.12425024,0,Typea,Renault,Mail
2026-01-13 16:00:00,11.379330411631587,4.296524225880974,0.377572675233088,0,0,0,0,1.12425024,0,Typea,Renault,Mail
2026-01-13 17:00:00,11.379330411631587,1.2793214946316112,0.11242502400000001,0,0,0,0,1.12425024,0,Typea,Renault,Mail
2026-01-13 18:00:00,11.379330411631587,1.2793214946316112,0.11242502400000001,0,0,0,0,1.12425024,0,Typea,Renault,Mail
2026-01-13 19:00:00,11.379330411631587,3.355689883585249,0.2948934394378047,0,0,0,0,1.12425024,0,Typea,Renault,Mail
2026-01-13 20:00:00,0.0,0.0,0.0,1,1,0,80,1.0,0,Typea,Renault,Mail
2026-01-13 21:00:00,0.0,0.0,0.0,1,1,0,80,1.0,0,Typea,Renault,Mail
2026-01-13 22:00:00,0.0,0.0,0.0,1,1,0,80,1.0,0,Typea,Renault,Mail
2026-01-13 23:00:00,0.0,0.0,0.0,1,1,0,80,1.0,0,Typea,Renault,Mail
2026-01-14 00:00:00,0.0,0.0,0.0,1,1,0,80,1.0,0,Typea,Renault,Mail
2026-01-14 01:00:00,0.0,0.0,0.0,1,1,0,80,1.0,0,Typea,Renault,Mail
2026-01-14 02:00:00,0.0,0.0,0.0,1,1,0,80,1.0,0,Typea,Renault,Mail
2026-01-14 03:00:00,0.0,0.0,0.0,1,1,0,80,1.0,0,Typea,Renault,Mail
2026-01-14 04:00:00,0.0,0.0,0.0,1,1,0,80,1.0,0,Typea,Renault,Mail
2026-01-14 05:00:00,0.0,0.0,0.0,1,1,0,80,1.0,0,Typea,Renault,Mail
2026-01-14 06:00:00,0.0,0.0,0.0,1,1,0,80,1.0,0,Typea,Renault,Mail
2026-01-14 07:00:00,0.0,0.0,0.0,1,1,0,80,1.0,0,Typea,Renault,Mail
2026-01-14 08:00:00,0.0,0.0,0.0,1,1,0,80,1.0,0,Typea,Renault,Mail
2026-01-14 09:00:00,9.652177267567344,3.6925757133930874,0.3825640175300815,0,0,0,0,1.102475,0,Typea,Renault,Mail
2026-01-14 10:00:00,9.652177267567344,3.428847776175248,0.3552408623592785,0,0,0,0,1.102475,0,Typea,Renault,Mail
2026-01-14 11:00:00,9.652177267567344,2.989295329864445,0.3097016607754286,0,0,0,0,1.102475,0,Typea,Renault,Mail
2026-01-14 12:00:00,9.652177267567344,1.585186851696294,0.16423101314381594,0,0,0,0,1.102475,0,Typea,Renault,Mail
2026-01-14 13:00:00,9.652177267567344,3.1455561259078304,0.32589083672109254,0,0,0,0,1.102475,0,Typea,Renault,Mail
2026-01-14 14:00:00,9.652177267567344,1.0641284133061308,0.11024750000000001,0,0,0,0,1.102475,0,Typea,Renault,Mail
2026-01-14 15:00:00,9.652177267567344,1.6991391713116177,0.17603687999193315,0,0,0,0,1.102475,0,Typea,Renault,Mail
2026-01-14 16:00:00,9.652177267567344,1.3381188746795265,0.13863388928587042,0,0,0,0,1.102475,0,Typea,Renault,Mail
2026-01-14 17:00:00,9.652177267567344,2.1620516298668737,0.22399626218342128,0,0,0,0,1.102475,0,Typea,Renault,Mail
2026-01-14 18:00:00,9.652177267567344,4.78857785987759,0.4961137500000001,0,0,0,0,1.102475,0,Typea,Renault,Mail
2026-01-14 19:00:00,9.652177267567344,1.0641284133061308,0.11024750000000001,0,0,0,0,1.102475,0,Typea,Renault,Mail
2026-01-14 20:00:00,9.652177267567344,3.0399436941830795,0.31494901201179887,0,0,0,0,1.102475,0,Typea,Renault,Mail
2026-01-14 21:00:00,9.652177267567344,1.0641284133061308,0.11024750000000001,0,0,0,0,1.102475,0,Typea,Renault,Mail
2026-01-14 22:00:00,9.652177267567344,1.3576288667678038,0.14065519407000793,0,0,0,0,1.102475,0,Typea,Renault,Mail
2026-01-14 23:00:00,0.0,0.0,0.0,1,1,0,80,1.0,0,Typea,Renault,Mail
2026-01-01 00:00:00,0.0,0.0,0.0,1,1,1,80,1.0,1,Typea,Renault,Mail
2026-01-01 01:00:00,0.0,0.0,0.0,1,1,1,80,1.0,1,Typea,Renault,Mail
2026-01-01 02:00:00,0.0,0.0,0.0,1,1,1,80,1.0,1,Typea,Renault,Mail
2026-01-01 03:00:00,0.0,0.0,0.0,1,1,1,80,1.0,1,Typea,Renault,Mail
2026-01-01 04:00:00,0.0,0.0,0.0,1,1,1,80,1.0,1,Typea,Renault,Mail
2026-01-01 05:00:00,0.0,0.0,0.0,1,1,1,80,1.0,1,Typea,Renault,Mail
2026-01-01 06:00:00,0.0,0.0,0.0,1,1,1,80,1.0,1,Typea,Renault,Mail
2026-01-01 07:00:00,0.0,0.0,0.0,1,1,1,80,1.0,1,Typea,Renault,Mail
2026-01-01 08:00:00,10.429633703603528,2.039957044270785,0.19559239588308477,0,0,1,0,1.1329772784640002,1,Typea,Renault,Mail
2026-01-01 09:00:00,10.429633703603528,2.8983572018593904,0.2778963561163211,0,0,1,0,1.1329772784640002,1,Typea,Renault,Mail
2026-01-01 10:00:00,10.429633703603528,2.9957636343739797,0.2872357476311865,0,0,1,0,1.1329772784640002,1,Typea,Renault,Mail
2026-01-01 11:00:00,10.429633703603528,1.1816538008885138,0.11329772784640002,0,0,1,0,1.1329772784640002,1,Typea,Renault,Mail
2026-01-01 12:00:00,10.429633703603528,2.083634107587098,0.19978018085785545,0,0,1,0,1.1329772784640002,1,Typea,Renault,Mail
2026-01-01 13:00:00,10.429633703603528,2.7458372440842895,0.263272644286211,0,0,1,0,1.1329772784640002,1,Typea,Renault,Mail
2026-01-01 14:00:00,10.429633703603528,1.1816538008885138,0.11329772784640002,0,0,1,0,1.1329772784640002,1,Typea,Renault,Mail
2026-01-01 15:00:00,10.429633703603528,1.2894375534022429,0.12363210348957233,0,0,1,0,1.1329772784640002,1,Typea,Renault,Mail
2026-01-01 16:00:00,10.429633703603528,2.9410432281624677,0.28198911982367236,0,0,1,0,1.1329772784640002,1,Typea,Renault,Mail
2026-01-01 17:00:00,10.429633703603528,1.1816538008885138,0.11329772784640002,0,0,1,0,1.1329772784640002,1,Typea,Renault,Mail
2026-01-01 18:00:00,10.429633703603528,1.4444221855569959,0.13849212988735507,0,0,1,0,1.1329772784640002,1,Typea,Renault,Mail
2026-01-01 19:00:00,10.429633703603528,1.7106710963594876,0.16402024701677068,0,0,1,0,1.1329772784640002,1,Typea,Renault,Mail
2026-01-01 20:00:00,0.0,0.0,0.0,1,1,1,80,1.0,1,Typea,Renault,Mail
2026-01-01 21:00:00,0.0,0.0,0.0,1,1,1,80,1.0,1,Typea,Renault,Mail
2026-01-01 22:00:00,0.0,0.0,0.0,1,1,1,80,1.0,1,Typea,Renault,Mail
2026-01-01 23:00:00,0.0,0.0,0.0,1,1,1,80,1.0,1,Typea,Renault,Mail
2026-01-02 00:00:00,0.0,0.0,0.0,1,1,1,80,1.0,1,Typea,Renault,Mail
2026-01-02 01:00:00,0.0,0.0,0.0,1,1,1,80,1.0,1,Typea,Renault,Mail
2026-01-02 02:00:00,0.0,0.0,0.0,1,1,1,80,1.0,1,Typea,Renault,Mail
2026-01-02 03:00:00,0.0,0.0,0.0,1,1,1,80,1.0,1,Typea,Renault,Mail
2026-01-02 04:00:00,0.0,0.0,0.0,1,1,1,80,1.0,1,Typea,Renault,Mail
2026-01-02 05:00:00,0.0,0.0,0.0,1,1,1,80,1.0,1,Typea,Renault,Mail
2026-01-02 06:00:00,0.0,0.0,0.0,1,1,1,80,1.0,1,Typea,Renault,Mail
2026-01-02 07:00:00,0.0,0.0,0.0,1,1,1,80,1.0,1,Typea,Renault,Mail
2026-01-02 08:00:00,0.0,0.0,0.0,1,1,1,80,1.0,1,Typea,Renault,Mail
2026-01-02 09:00:00,0.0,0.0,0.0,1,1,1,80,1.0,1,Typea,Renault,Mail
2026-01-02 10:00:00,6.547146307988251,1.4871072759663884,0.2271382379452787,0,0,1,0,1.23259004,1,Typea,Renault,Mail
2026-01-02 11:00:00,6.547146307988251,3.025113914017196,0.46205075795025674,0,0,1,0,1.23259004,1,Typea,Renault,Mail
2026-01-02 12:00:00,6.547146307988251,0.8069947329649091,0.123259004,0,0,1,0,1.23259004,1,Typea,Renault,Mail
2026-01-02 13:00:00,6.547146307988251,1.4313479872115222,0.21862165894553443,0,0,1,0,1.23259004,1,Typea,Renault,Mail
2026-01-02 14:00:00,6.547146307988251,2.7192777678425317,0.4153378647617373,0,0,1,0,1.23259004,1,Typea,Renault,Mail
2026-01-02 15:00:00,6.547146307988251,0.9442514711074543,0.1442233649117268,0,0,1,0,1.23259004,1,Typea,Renault,Mail
2026-01-02 16:00:00,6.547146307988251,1.7428088984602073,0.26619366919199366,0,0,1,0,1.23259004,1,Typea,Renault,Mail
2026-01-02 17:00:00,6.547146307988251,2.0975649308120774,0.32037850265432644,0,0,1,0,1.23259004,1,Typea,Renault,Mail
2026-01-02 18:00:00,6.547146307988251,3.6314762983420907,0.5546655180000001,0,0,1,0,1.23259004,1,Typea,Renault,Mail
2026-01-02 19:00:00,6.547146307988251,2.3481014945935934,0.35864503161150485,0,0,1,0,1.23259004,1,Typea,Renault,Mail
2026-01-02 20:00:00,0.0,0.0,0.0,1,1,1,80,1.0,1,Typea,Renault,Mail
2026-01-02 21:00:00,0.0,0.0,0.0,1,1,1,80,1.0,1,Typea,Renault,Mail
2026-01-02 22:00:00,0.0,0.0,0.0,1,1,1,80,1.0,1,Typea,Renault,Mail
2026-01-02 23:00:00,0.0,0.0,0.0,1,1,1,80,1.0,1,Typea,Renault,Mail
2026-01-03 00:00:00,0.0,0.0,0.0,1,1,1,80,1.0,1,Typea,Renault,Mail
2026-01-03 01:00:00,0.0,0.0,0.0,1,1,1,80,1.0,1,Typea,Renault,Mail
2026-01-03 02:00:00,0.0,0.0,0.0,1,1,1,80,1.0,1,Typea,Renault,Mail
2026-01-03 03:00:00,0.0,0.0,0.0,1,1,1,80,1.0,1,Typea,Renault,Mail
2026-01-03 04:00:00,0.0,0.0,0.0,1,1,1,80,1.0,1,Typea,Renault,Mail
2026-01-03 05:00:00,0.0,0.0,0.0,1,1,1,80,1.0,1,Typea,Renault,Mail
2026-01-03 06:00:00,0.0,0.0,0.0,1,1,1,80,1.0,1,Typea,Renault,Mail
2026-01-03 07:00:00,0.0,0.0,0.0,1,1,1,80,1.0,1,Typea,Renault,Mail
2026-01-03 08:00:00,9.477813475888437,1.1459141000025486,0.1209049010004,0,0,1,0,1.209049010004,1,Typea,Renault,Mail
2026-01-03 09:00:00,9.477813475888437,4.126476851406602,0.4353827875917121,0,0,1,0,1.209049010004,1,Typea,Renault,Mail
2026-01-03 10:00:00,9.477813475888437,1.1459141000025486,0.1209049010004,0,0,1,0,1.209049010004,1,Typea,Renault,Mail
2026-01-03 11:00:00,9.477813475888437,1.8632895376815262,0.1965948731130588,0,0,1,0,1.209049010004,1,Typea,Renault,Mail
2026-01-03 12:00:00,9.477813475888437,2.4075297223829097,0.2540174195775921,0,0,1,0,1.209049010004,1,Typea,Renault,Mail
2026-01-03 13:00:00,9.477813475888437,3.9681855554388616,0.4186815414266094,0,0,1,0,1.209049010004,1,Typea,Renault,Mail
2026-01-03 14:00:00,9.477813475888437,2.6821535338876004,0.2829928591347573,0,0,1,0,1.209049010004,1,Typea,Renault,Mail
2026-01-03 15:00:00,9.477813475888437,2.2530880775420186,0.23772234843763024,0,0,1,0,1.209049010004,1,Typea,Renault,Mail
2026-01-03 16:00:00,9.477813475888437,5.156613450011468,0.5440720545018,0,0,1,0,1.209049010004,1,Typea,Renault,Mail
2026-01-03 17:00:00,9.477813475888437,2.9090501309620804,0.3069326209428689,0,0,1,0,1.209049010004,1,Typea,Renault,Mail
2026-01-03 18:00:00,9.477813475888437,4.033074615387473,0.4255279580725677,0,0,1,0,1.209049010004,1,Typea,Renault,Mail
2026-01-03 19:00:00,9.477813475888437,2.9223099879949928,0.3083316627225626,0,0,1,0,1.209049010004,1,Typea,Renault,Mail
2026-01-03 20:00:00,9.477813475888437,3.125756304412141,0.32979719556246456,0,0,1,0,1.209049010004,1,Typea,Renault,Mail
2026-01-03 21:00:00,9.477813475888437,5.156613450011468,0.5440720545018,0,0,1,0,1.209049010004,1,Typea,Renault,Mail
2026-01-03 22:00:00,0.0,0.0,0.0,1,1,1,80,1.0,1,Typea,Renault,Mail
2026-01-03 23:00:00,0.0,0.0,0.0,1,1,1,80,1.0,1,Typea,Renault,Mail
2026-01-04 00:00:00,0.0,0.0,0.0,1,1,1,80,1.0,1,Typea,Renault,Mail
2026-01-04 01:00:00,0.0,0.0,0.0,1,1,1,80,1.0,1,Typea,Renault,Mail
2026-01-04 02:00:00,0.0,0.0,0.0,1,1,1,80,1.0,1,Typea,Renault,Mail
2026-01-04 03:00:00,0.0,0.0,0.0,1,1,1,80,1.0,1,Typea,Renault,Mail
2026-01-04 04:00:00,0.0,0.0,0.0,1,1,1,80,1.0,1,Typea,Renault,Mail
2026-01-04 05:00:00,0.0,0.0,0.0,1,1,1,80,1.0,1,Typea,Renault,Mail
2026-01-04 06:00:00,0.0,0.0,0.0,1,1,1,80,1.0,1,Typea,Renault,Mail
2026-01-04 07:00:00,0.0,0.0,0.0,1,1,1,80,1.0,1,Typea,Renault,Mail
2026-01-04 08:00:00,0.0,0.0,0.0,1,1,1,80,1.0,1,Typea,Renault,Mail
2026-01-04 09:00:00,5.9314157714855344,0.7740676428802672,0.13050301525000002,0,0,1,0,1.3050301525,1,Typea,Renault,Mail
2026-01-04 10:00:00,5.9314157714855344,1.474010651576829,0.24850907580327322,0,0,1,0,1.3050301525,1,Typea,Renault,Mail
2026-01-04 11:00:00,5.9314157714855344,0.7740676428802672,0.13050301525000002,0,0,1,0,1.3050301525,1,Typea,Renault,Mail
2026-01-04 12:00:00,5.9314157714855344,0.8844583024293752,0.14911419743685594,0,0,1,0,1.3050301525,1,Typea,Renault,Mail
2026-01-04 13:00:00,5.9314157714855344,0.7740676428802672,0.13050301525000002,0,0,1,0,1.3050301525,1,Typea,Renault,Mail
2026-01-04 14:00:00,5.9314157714855344,0.7740676428802672,0.13050301525000002,0,0,1,0,1.3050301525,1,Typea,Renault,Mail
2026-01-04 15:00:00,5.9314157714855344,0.7740676428802672,0.13050301525000002,0,0,1,0,1.3050301525,1,Typea,Renault,Mail
2026-01-04 16:00:00,5.9314157714855344,1.5341089630044282,0.2586412792674973,0,0,1,0,1.3050301525,1,Typea,Renault,Mail
2026-01-04 17:00:00,5.9314157714855344,0.9071941151445936,0.15294731478879034,0,0,1,0,1.3050301525,1,Typea,Renault,Mail
2026-01-04 18:00:00,5.9314157714855344,2.4952550889867195,0.42068456926967,0,0,1,0,1.3050301525,1,Typea,Renault,Mail
2026-01-04 19:00:00,0.0,0.0,0.0,1,1,1,80,1.0,1,Typea,Renault,Mail
2026-01-04 20:00:00,0.0,0.0,0.0,1,1,1,80,1.0,1,Typea,Renault,Mail
2026-01-04 21:00:00,0.0,0.0,0.0,1,1,1,80,1.0,1,Typea,Renault,Mail
2026-01-04 22:00:00,0.0,0.0,0.0,1,1,1,80,1.0,1,Typea,Renault,Mail
2026-01-04 23:00:00,0.0,0.0,0.0,1,1,1,80,1.0,1,Typea,Renault,Mail
2026-01-05 00:00:00,0.0,0.0,0.0,1,1,1,80,1.0,1,Typea,Renault,Mail
2026-01-05 01:00:00,0.0,0.0,0.0,1,1,1,80,1.0,1,Typea,Renault,Mail
2026-01-05 02:00:00,0.0,0.0,0.0,1,1,1,80,1.0,1,Typea,Renault,Mail
2026-01-05 03:00:00,0.0,0.0,0.0,1,1,1,80,1.0,1,Typea,Renault,Mail
2026-01-05 04:00:00,0.0,0.0,0.0,1,1,1,80,1.0,1,Typea,Renault,Mail
2026-01-05 05:00:00,0.0,0.0,0.0,1,1,1,80,1.0,1,Typea,Renault,Mail
2026-01-05 06:00:00,0.0,0.0,0.0,1,1,1,80,1.0,1,Typea,Renault,Mail
2026-01-05 07:00:00,0.0,0.0,0.0,1,1,1,80,1.0,1,Typea,Renault,Mail
2026-01-05 08:00:00,0.0,0.0,0.0,1,1,1,80,1.0,1,Typea,Renault,Mail
2026-01-05 09:00:00,0.0,0.0,0.0,1,1,1,80,1.0,1,Typea,Renault,Mail
2026-01-05 10:00:00,14.947945191438587,2.6261193490896075,0.17568430412721295,0,0,1,0,1.226197579604,1,Typea,Renault,Mail
2026-01-05 11:00:00,14.947945191438587,4.045854249479196,0.27066290367430923,0,0,1,0,1.226197579604,1,Typea,Renault,Mail
2026-01-05 12:00:00,14.947945191438587,4.348220867824379,0.2908908757783522,0,0,1,0,1.226197579604,1,Typea,Renault,Mail
2026-01-05 13:00:00,14.947945191438587,3.005261186908414,0.20104844835995742,0,0,1,0,1.226197579604,1,Typea,Renault,Mail
2026-01-05 14:00:00,14.947945191438587,4.406769878818863,0.29480773593837056,0,0,1,0,1.226197579604,1,Typea,Renault,Mail
2026-01-05 15:00:00,14.947945191438587,4.958540840733057,0.33172056608643796,0,0,1,0,1.226197579604,1,Typea,Renault,Mail
2026-01-05 16:00:00,14.947945191438587,7.520445301286989,0.5031089694919615,0,0,1,0,1.226197579604,1,Typea,Renault,Mail
2026-01-05 17:00:00,14.947945191438587,5.091843256358996,0.34063834133372,0,0,1,0,1.226197579604,1,Typea,Renault,Mail
2026-01-05 18:00:00,14.947945191438587,7.637613614936079,0.5109473922416113,0,0,1,0,1.226197579604,1,Typea,Renault,Mail
2026-01-05 19:00:00,0.0,0.0,0.0,1,1,1,80,1.0,1,Typea,Renault,Mail
2026-01-05 20:00:00,0.0,0.0,0.0,1,1,1,80,1.0,1,Typea,Renault,Mail
2026-01-05 21:00:00,0.0,0.0,0.0,1,1,1,80,1.0,1,Typea,Renault,Mail
2026-01-05 22:00:00,0.0,0.0,0.0,1,1,1,80,1.0,1,Typea,Renault,Mail
2026-01-05 23:00:00,0.0,0.0,0.0,1,1,1,80,1.0,1,Typea,Renault,Mail
2026-01-06 00:00:00,0.0,0.0,0.0,1,1,1,80,1.0,1,Typea,Renault,Mail
2026-01-06 01:00:00,0.0,0.0,0.0,1,1,1,80,1.0,1,Typea,Renault,Mail
2026-01-06 02:00:00,0.0,0.0,0.0,1,1,1,80,1.0,1,Typea,Renault,Mail
2026-01-06 03:00:00,0.0,0.0,0.0,1,1,1,80,1.0,1,Typea,Renault,Mail
2026-01-06 04:00:00,0.0,0.0,0.0,1,1,1,80,1.0,1,Typea,Renault,Mail
2026-01-06 05:00:00,0.0,0.0,0.0,1,1,1,80,1.0,1,Typea,Renault,Mail
2026-01-06 06:00:00,0.0,0.0,0.0,1,1,1,80,1.0,1,Typea,Renault,Mail
2026-01-06 07:00:00,0.0,0.0,0.0,1,1,1,80,1.0,1,Typea,Renault,Mail
2026-01-06 08:00:00,0.0,0.0,0.0,1,1,1,80,1.0,1,Typea,Renault,Mail
2026-01-06 09:00:00,0.0,0.0,0.0,1,1,1,80,1.0,1,Typea,Renault,Mail
2026-01-06 10:00:00,8.362012083615898,2.2181642008684936,0.2652668016606496,0,0,1,0,1.3306301459840002,1,Typea,Renault,Mail
2026-01-06 11:00:00,8.362012083615898,1.1126745359541796,0.13306301459840003,0,0,1,0,1.3306301459840002,1,Typea,Renault,Mail
2026-01-06 12:00:00,8.362012083615898,1.6868659760601645,0.20172967453196153,0,0,1,0,1.3306301459840002,1,Typea,Renault,Mail
2026-01-06 13:00:00,8.362012083615898,2.6162889183247793,0.31287791648268515,0,0,1,0,1.3306301459840002,1,Typea,Renault,Mail
2026-01-06 14:00:00,8.362012083615898,2.2655759193249296,0.27093669522003966,0,0,1,0,1.3306301459840002,1,Typea,Renault,Mail
2026-01-06 15:00:00,8.362012083615898,1.3997777638586693,0.16739724241744672,0,0,1,0,1.3306301459840002,1,Typea,Renault,Mail
2026-01-06 16:00:00,8.362012083615898,1.1126745359541796,0.13306301459840003,0,0,1,0,1.3306301459840002,1,Typea,Renault,Mail
2026-01-06 17:00:00,8.362012083615898,1.1126745359541796,0.13306301459840003,0,0,1,0,1.3306301459840002,1,Typea,Renault,Mail
2026-01-06 18:00:00,8.362012083615898,1.2473231822839763,0.14916543647765326,0,0,1,0,1.3306301459840002,1,Typea,Renault,Mail
2026-01-06 19:00:00,8.362012083615898,2.287997775073791,0.2736180900236652,0,0,1,0,1.3306301459840002,1,Typea,Renault,Mail
2026-01-06 20:00:00,8.362012083615898,5.007035411793809,0.5987835656928001,0,0,1,0,1.3306301459840002,1,Typea,Renault,Mail
2026-01-06 21:00:00,0.0,0.0,0.0,1,1,1,80,1.0,1,Typea,Renault,Mail
2026-01-06 22:00:00,0.0,0.0,0.0,1,1,1,80,1.0,1,Typea,Renault,Mail
2026-01-06 23:00:00,0.0,0.0,0.0,1,1,1,80,1.0,1,Typea,Renault,Mail
2026-01-07 00:00:00,0.0,0.0,0.0,1,1,1,80,1.0,1,Typea,Renault,Mail
2026-01-07 01:00:00,0.0,0.0,0.0,1,1,1,80,1.0,1,Typea,Renault,Mail
2026-01-07 02:00:00,0.0,0.0,0.0,1,1,1,80,1.0,1,Typea,Renault,Mail
2026-01-07 03:00:00,0.0,0.0,0.0,1,1,1,80,1.0,1,Typea,Renault,Mail
2026-01-07 04:00:00,0.0,0.0,0.0,1,1,1,80,1.0,1,Typea,Renault,Mail
2026-01-07 05:00:00,0.0,0.0,0.0,1,1,1,80,1.0,1,Typea,Renault,Mail
2026-01-07 06:00:00,0.0,0.0,0.0,1,1,1,80,1.0,1,Typea,Renault,Mail
2026-01-07 07:00:00,0.0,0.0,0.0,1,1,1,80,1.0,1,Typea,Renault,Mail
2026-01-07 08:00:00,0.0,0.0,0.0,1,1,1,80,1.0,1,Typea,Renault,Mail
2026-01-07 09:00:00,13.591667136787171,4.9646221506383394,0.3652695508707027,0,0,1,0,1.282756305344,1,Typea,Renault,Mail
2026-01-07 10:00:00,13.591667136787171,5.784721631738266,0.42560795327906126,0,0,1,0,1.282756305344,1,Typea,Renault,Mail
2026-01-07 11:00:00,13.591667136787171,4.4415502082195335,0.3267847986210643,0,0,1,0,1.282756305344,1,Typea,Renault,Mail
2026-01-07 12:00:00,13.591667136787171,7.84565852393276,0.5772403374048001,0,0,1,0,1.282756305344,1,Typea,Renault,Mail
2026-01-07 13:00:00,13.591667136787171,3.550496461002523,0.26122597215412663,0,0,1,0,1.282756305344,1,Typea,Renault,Mail
2026-01-07 14:00:00,13.591667136787171,1.7654565968085036,0.12989257160588663,0,0,1,0,1.282756305344,1,Typea,Renault,Mail
2026-01-07 15:00:00,13.591667136787171,2.619586786567898,0.19273476610369092,0,0,1,0,1.282756305344,1,Typea,Renault,Mail
2026-01-07 16:00:00,13.591667136787171,5.626746885997255,0.4139850416707099,0,0,1,0,1.282756305344,1,Typea,Renault,Mail
2026-01-07 17:00:00,13.591667136787171,1.8904881600882983,0.13909170531196338,0,0,1,0,1.282756305344,1,Typea,Renault,Mail
2026-01-07 18:00:00,13.591667136787171,3.0013161763840466,0.2208203118998325,0,0,1,0,1.282756305344,1,Typea,Renault,Mail
2026-01-07 19:00:00,0.0,0.0,0.0,1,1,1,80,1.0,1,Typea,Renault,Mail
2026-01-07 20:00:00,0.0,0.0,0.0,1,1,1,80,1.0,1,Typea,Renault,Mail
2026-01-07 21:00:00,0.0,0.0,0.0,1,1,1,80,1.0,1,Typea,Renault,Mail
2026-01-07 22:00:00,0.0,0.0,0.0,1,1,1,80,1.0,1,Typea,Renault,Mail
2026-01-07 23:00:00,0.0,0.0,0.0,1,1,1,80,1.0,1,Typea,Renault,Mail
2026-01-08 00:00:00,0.0,0.0,0.0,1,1,1,80,1.0,1,Typea,Renault,Mail
2026-01-08 01:00:00,0.0,0.0,0.0,1,1,1,80,1.0,1,Typea,Renault,Mail
2026-01-08 02:00:00,0.0,0.0,0.0,1,1,1,80,1.0,1,Typea,Renault,Mail
2026-01-08 03:00:00,0.0,0.0,0.0,1,1,1,80,1.0,1,Typea,Renault,Mail
2026-01-08 04:00:00,0.0,0.0,0.0,1,1,1,80,1.0,1,Typea,Renault,Mail
2026-01-08 05:00:00,0.0,0.0,0.0,1,1,1,80,1.0,1,Typea,Renault,Mail
2026-01-08 06:00:00,0.0,0.0,0.0,1,1,1,80,1.0,1,Typea,Renault,Mail
2026-01-08 07:00:00,0.0,0.0,0.0,1,1,1,80,1.0,1,Typea,Renault,Mail
2026-01-08 08:00:00,8.514915909248279,1.0018524226620367,0.11765852221440001,0,0,1,0,1.176585222144,1,Typea,Renault,Mail
2026-01-08 09:00:00,8.514915909248279,1.0018524226620367,0.11765852221440001,0,0,1,0,1.176585222144,1,Typea,Renault,Mail
2026-01-08 10:00:00,8.514915909248279,3.2313032857613337,0.3794873983725111,0,0,1,0,1.176585222144,1,Typea,Renault,Mail
2026-01-08 11:00:00,8.514915909248279,4.3032666913050415,0.5053798225571609,0,0,1,0,1.176585222144,1,Typea,Renault,Mail
2026-01-08 12:00:00,8.514915909248279,1.0018524226620367,0.11765852221440001,0,0,1,0,1.176585222144,1,Typea,Renault,Mail
2026-01-08 13:00:00,8.514915909248279,1.0018524226620367,0.11765852221440001,0,0,1,0,1.176585222144,1,Typea,Renault,Mail
2026-01-08 14:00:00,8.514915909248279,1.184155913270956,0.1390684213316555,0,0,1,0,1.176585222144,1,Typea,Renault,Mail
2026-01-08 15:00:00,8.514915909248279,2.9352418421949737,0.3447176546989652,0,0,1,0,1.176585222144,1,Typea,Renault,Mail
2026-01-08 16:00:00,8.514915909248279,3.551064388996585,0.4170404531111903,0,0,1,0,1.176585222144,1,Typea,Renault,Mail
2026-01-08 17:00:00,8.514915909248279,1.3802504001607045,0.16209794845555403,0,0,1,0,1.176585222144,1,Typea,Renault,Mail
2026-01-08 18:00:00,8.514915909248279,1.0018524226620367,0.11765852221440001,0,0,1,0,1.176585222144,1,Typea,Renault,Mail
2026-01-08 19:00:00,8.514915909248279,1.0018524226620367,0.11765852221440001,0,0,1,0,1.176585222144,1,Typea,Renault,Mail
2026-01-08 20:00:00,8.514915909248279,1.7324144903989172,0.20345644148021416,0,0,1,0,1.176585222144,1,Typea,Renault,Mail
2026-01-08 21:00:00,8.514915909248279,1.0018524226620367,0.11765852221440001,0,0,1,0,1.176585222144,1,Typea,Renault,Mail
2026-01-08 22:00:00,0.0,0.0,0.0,1,1,1,80,1.0,1,Typea,Renault,Mail
2026-01-08 23:00:00,0.0,0.0,0.0,1,1,1,80,1.0,1,Typea,Renault,Mail
2026-01-09 00:00:00,0.0,0.0,0.0,1,1,1,80,1.0,1,Typea,Renault,Mail
2026-01-09 01:00:00,0.0,0.0,0.0,1,1,1,80,1.0,1,Typea,Renault,Mail
2026-01-09 02:00:00,0.0,0.0,0.0,1,1,1,80,1.0,1,Typea,Renault,Mail
2026-01-09 03:00:00,0.0,0.0,0.0,1,1,1,80,1.0,1,Typea,Renault,Mail
2026-01-09 04:00:00,0.0,0.0,0.0,1,1,1,80,1.0,1,Typea,Renault,Mail
2026-01-09 05:00:00,0.0,0.0,0.0,1,1,1,80,1.0,1,Typea,Renault,Mail
2026-01-09 06:00:00,0.0,0.0,0.0,1,1,1,80,1.0,1,Typea,Renault,Mail
2026-01-09 07:00:00,11.267096000756869,2.238749046992341,0.198697965016181,0,0,1,0,1.137342385344,1,Typea,Renault,Mail
2026-01-09 08:00:00,11.267096000756869,3.4886048840797534,0.30962768790160355,0,0,1,0,1.137342385344,1,Typea,Renault,Mail
2026-01-09 09:00:00,11.267096000756869,2.9689327772236056,0.26350470227857886,0,0,1,0,1.137342385344,1,Typea,Renault,Mail
2026-01-09 10:00:00,11.267096000756869,5.516469754700671,0.4896088357044353,0,0,1,0,1.137342385344,1,Typea,Renault,Mail
2026-01-09 11:00:00,11.267096000756869,2.4181503487540765,0.2146205507250171,0,0,1,0,1.137342385344,1,Typea,Renault,Mail
2026-01-09 12:00:00,11.267096000756869,3.5174349927618667,0.312186475780945,0,0,1,0,1.137342385344,1,Typea,Renault,Mail
2026-01-09 13:00:00,11.267096000756869,2.824379397541263,0.2506750095456305,0,0,1,0,1.137342385344,1,Typea,Renault,Mail
2026-01-09 14:00:00,11.267096000756869,3.2562188333139277,0.28900249301995745,0,0,1,0,1.137342385344,1,Typea,Renault,Mail
2026-01-09 15:00:00,11.267096000756869,3.037005857535338,0.26954646142460553,0,0,1,0,1.137342385344,1,Typea,Renault,Mail
2026-01-09 16:00:00,11.267096000756869,5.38586828237489,0.47801743075705516,0,0,1,0,1.137342385344,1,Typea,Renault,Mail
2026-01-09 17:00:00,11.267096000756869,1.281454584140066,0.1137342385344,0,0,1,0,1.137342385344,1,Typea,Renault,Mail
2026-01-09 18:00:00,11.267096000756869,1.281454584140066,0.1137342385344,0,0,1,0,1.137342385344,1,Typea,Renault,Mail
2026-01-09 19:00:00,11.267096000756869,5.19337578757551,0.4609329491136531,0,0,1,0,1.137342385344,1,Typea,Renault,Mail
2026-01-09 20:00:00,0.0,0.0,0.0,1,1,1,80,1.0,1,Typea,Renault,Mail
2026-01-09 21:00:00,0.0,0.0,0.0,1,1,1,80,1.0,1,Typea,Renault,Mail
2026-01-09 22:00:00,0.0,0.0,0.0,1,1,1,80,1.0,1,Typea,Renault,Mail
2026-01-09 23:00:00,0.0,0.0,0.0,1,1,1,80,1.0,1,Typea,Renault,Mail
2026-01-10 00:00:00,0.0,0.0,0.0,1,1,1,80,1.0,1,Typea,Renault,Mail
2026-01-10 01:00:00,0.0,0.0,0.0,1,1,1,80,1.0,1,Typea,Renault,Mail
2026-01-10 02:00:00,0.0,0.0,0.0,1,1,1,80,1.0,1,Typea,Renault,Mail
2026-01-10 03:00:00,0.0,0.0,0.0,1,1,1,80,1.0,1,Typea,Renault,Mail
2026-01-10 04:00:00,0.0,0.0,0.0,1,1,1,80,1.0,1,Typea,Renault,Mail
2026-01-10 05:00:00,0.0,0.0,0.0,1,1,1,80,1.0,1,Typea,Renault,Mail
2026-01-10 06:00:00,0.0,0.0,0.0,1,1,1,80,1.0,1,Typea,Renault,Mail
2026-01-10 07:00:00,6.898398161750048,2.2193195598946547,0.32171520226249706,0,0,1,0,1.18961004,1,Typea,Renault,Mail
2026-01-10 08:00:00,6.898398161750048,1.5800997746650702,0.22905314213759678,0,0,1,0,1.18961004,1,Typea,Renault,Mail
2026-01-10 09:00:00,6.898398161750048,2.3584305177529092,0.34188089212215045,0,0,1,0,1.18961004,1,Typea,Renault,Mail
2026-01-10 10:00:00,6.898398161750048,0.8206403713135403,0.11896100400000001,0,0,1,0,1.18961004,1,Typea,Renault,Mail
2026-01-10 11:00:00,6.898398161750048,3.1666636718585925,0.45904333116301954,0,0,1,0,1.18961004,1,Typea,Renault,Mail
2026-01-10 12:00:00,6.898398161750048,1.8229267311102955,0.2642536264749089,0,0,1,0,1.18961004,1,Typea,Renault,Mail
2026-01-10 13:00:00,6.898398161750048,3.6130517668672013,0.5237522801888561,0,0,1,0,1.18961004,1,Typea,Renault,Mail
2026-01-10 14:00:00,6.898398161750048,2.173309658057881,0.31504555218461555,0,0,1,0,1.18961004,1,Typea,Renault,Mail
2026-01-10 15:00:00,6.898398161750048,1.2152774749728565,0.1761680677858342,0,0,1,0,1.18961004,1,Typea,Renault,Mail
2026-01-10 16:00:00,6.898398161750048,0.8206403713135403,0.11896100400000001,0,0,1,0,1.18961004,1,Typea,Renault,Mail
2026-01-10 17:00:00,6.898398161750048,0.8206403713135403,0.11896100400000001,0,0,1,0,1.18961004,1,Typea,Renault,Mail
2026-01-10 18:00:00,6.898398161750048,0.8206403713135403,0.11896100400000001,0,0,1,0,1.18961004,1,Typea,Renault,Mail
2026-01-10 19:00:00,6.898398161750048,2.2137708948671806,0.32091086118252865,0,0,1,0,1.18961004,1,Typea,Renault,Mail
2026-01-10 20:00:00,0.0,0.0,0.0,1,1,1,80,1.0,1,Typea,Renault,Mail
2026-01-10 21:00:00,0.0,0.0,0.0,1,1,1,80,1.0,1,Typea,Renault,Mail
2026-01-10 22:00:00,0.0,0.0,0.0,1,1,1,80,1.0,1,Typea,Renault,Mail
2026-01-10 23:00:00,0.0,0.0,0.0,1,1,1,80,1.0,1,Typea,Renault,Mail
2026-01-11 00:00:00,0.0,0.0,0.0,1,1,1,80,1.0,1,Typea,Renault,Mail
2026-01-11 01:00:00,0.0,0.0,0.0,1,1,1,80,1.0,1,Typea,Renault,Mail
2026-01-11 02:00:00,0.0,0.0,0.0,1,1,1,80,1.0,1,Typea,Renault,Mail
2026-01-11 03:00:00,0.0,0.0,0.0,1,1,1,80,1.0,1,Typea,Renault,Mail
2026-01-11 04:00:00,0.0,0.0,0.0,1,1,1,80,1.0,1,Typea,Renault,Mail
2026-01-11 05:00:00,0.0,0.0,0.0,1,1,1,80,1.0,1,Typea,Renault,Mail
2026-01-11 06:00:00,0.0,0.0,0.0,1,1,1,80,1.0,1,Typea,Renault,Mail
2026-01-11 07:00:00,0.0,0.0,0.0,1,1,1,80,1.0,1,Typea,Renault,Mail
2026-01-11 08:00:00,3.9880488047290426,0.6741746799884849,0.16904875366345723,0,0,1,0,1.122069513044,1,Typea,Renault,Mail
2026-01-11 09:00:00,3.9880488047290426,0.5184027209636379,0.12998906140489408,0,0,1,0,1.122069513044,1,Typea,Renault,Mail
2026-01-11 10:00:00,3.9880488047290426,1.5177553537695858,0.3805759227344024,0,0,1,0,1.122069513044,1,Typea,Renault,Mail
2026-01-11 11:00:00,3.9880488047290426,0.8256643937882456,0.20703467640846568,0,0,1,0,1.122069513044,1,Typea,Renault,Mail
2026-01-11 12:00:00,3.9880488047290426,0.4474867980318023,0.1122069513044,0,0,1,0,1.122069513044,1,Typea,Renault,Mail
2026-01-11 13:00:00,3.9880488047290426,0.602567215034656,0.15109323996239205,0,0,1,0,1.122069513044,1,Typea,Renault,Mail
2026-01-11 14:00:00,3.9880488047290426,1.4311402143752745,0.35885724685169934,0,0,1,0,1.122069513044,1,Typea,Renault,Mail
2026-01-11 15:00:00,3.9880488047290426,0.9982767628141721,0.2503170878025394,0,0,1,0,1.122069513044,1,Typea,Renault,Mail
2026-01-11 16:00:00,3.9880488047290426,0.4474867980318023,0.1122069513044,0,0,1,0,1.122069513044,1,Typea,Renault,Mail
2026-01-11 17:00:00,3.9880488047290426,1.106862008288037,0.27754474994777295,0,0,1,0,1.122069513044,1,Typea,Renault,Mail
2026-01-11 18:00:00,3.9880488047290426,1.14887381965204,0.28807917753907664,0,0,1,0,1.122069513044,1,Typea,Renault,Mail
2026-01-11 19:00:00,0.0,0.0,0.0,1,1,1,80,1.0,1,Typea,Renault,Mail
2026-01-11 20:00:00,0.0,0.0,0.0,1,1,1,80,1.0,1,Typea,Renault,Mail
2026-01-11 21:00:00,0.0,0.0,0.0,1,1,1,80,1.0,1,Typea,Renault,Mail
2026-01-11 22:00:00,0.0,0.0,0.0,1,1,1,80,1.0,1,Typea,Renault,Mail
2026-01-11 23:00:00,0.0,0.0,0.0,1,1,1,80,1.0,1,Typea,Renault,Mail
2026-01-12 00:00:00,0.0,0.0,0.0,1,1,1,80,1.0,1,Typea,Renault,Mail
2026-01-12 01:00:00,0.0,0.0,0.0,1,1,1,80,1.0,1,Typea,Renault,Mail
2026-01-12 02:00:00,0.0,0.0,0.0,1,1,1,80,1.0,1,Typea,Renault,Mail
2026-01-12 03:00:00,0.0,0.0,0.0,1,1,1,80,1.0,1,Typea,Renault,Mail
2026-01-12 04:00:00,0.0,0.0,0.0,1,1,1,80,1.0,1,Typea,Renault,Mail
2026-01-12 05:00:00,0.0,0.0,0.0,1,1,1,80,1.0,1,Typea,Renault,Mail
2026-01-12 06:00:00,0.0,0.0,0.0,1,1,1,80,1.0,1,Typea,Renault,Mail
2026-01-12 07:00:00,0.0,0.0,0.0,1,1,1,80,1.0,1,Typea,Renault,Mail
2026-01-12 08:00:00,0.0,0.0,0.0,1,1,1,80,1.0,1,Typea,Renault,Mail
2026-01-12 09:00:00,9.278840893730173,2.1442728270378666,0.23109274656134884,0,0,1,0,1.119889326784,1,Typea,Renault,Mail
2026-01-12 10:00:00,9.278840893730173,2.0326671629265314,0.21906477179709266,0,0,1,0,1.119889326784,1,Typea,Renault,Mail
2026-01-12 11:00:00,9.278840893730173,1.0391274881815333,0.1119889326784,0,0,1,0,1.119889326784,1,Typea,Renault,Mail
2026-01-12 12:00:00,9.278840893730173,2.9022510281441947,0.31278163526925884,0,0,1,0,1.119889326784,1,Typea,Renault,Mail
2026-01-12 13:00:00,9.278840893730173,1.0893168367645458,0.1173979432604142,0,0,1,0,1.119889326784,1,Typea,Renault,Mail
2026-01-12 14:00:00,9.278840893730173,1.551535400369646,0.1672122001162923,0,0,1,0,1.119889326784,1,Typea,Renault,Mail
2026-01-12 15:00:00,9.278840893730173,1.0391274881815333,0.1119889326784,0,0,1,0,1.119889326784,1,Typea,Renault,Mail
2026-01-12 16:00:00,9.278840893730173,1.346081987807059,0.14507005812726273,0,0,1,0,1.119889326784,1,Typea,Renault,Mail
2026-01-12 17:00:00,9.278840893730173,4.6760736968169,0.5039501970528,0,0,1,0,1.119889326784,1,Typea,Renault,Mail
2026-01-12 18:00:00,9.278840893730173,3.9421825010708726,0.42485721505739515,0,0,1,0,1.119889326784,1,Typea,Renault,Mail
2026-01-12 19:00:00,0.0,0.0,0.0,1,1,1,80,1.0,1,Typea,Renault,Mail
2026-01-12 20:00:00,0.0,0.0,0.0,1,1,1,80,1.0,1,Typea,Renault,Mail
2026-01-12 21:00:00,0.0,0.0,0.0,1,1,1,80,1.0,1,Typea,Renault,Mail
2026-01-12 22:00:00,0.0,0.0,0.0,1,1,1,80,1.0,1,Typea,Renault,Mail
2026-01-12 23:00:00,0.0,0.0,0.0,1,1,1,80,1.0,1,Typea,Renault,Mail
2026-01-13 00:00:00,0.0,0.0,0.0,1,1,1,80,1.0,1,Typea,Renault,Mail
2026-01-13 01:00:00,0.0,0.0,0.0,1,1,1,80,1.0,1,Typea,Renault,Mail
2026-01-13 02:00:00,0.0,0.0,0.0,1,1,1,80,1.0,1,Typea,Renault,Mail
2026-01-13 03:00:00,0.0,0.0,0.0,1,1,1,80,1.0,1,Typea,Renault,Mail
2026-01-13 04:00:00,0.0,0.0,0.0,1,1,1,80,1.0,1,Typea,Renault,Mail
2026-01-13 05:00:00,0.0,0.0,0.0,1,1,1,80,1.0,1,Typea,Renault,Mail
2026-01-13 06:00:00,0.0,0.0,0.0,1,1,1,80,1.0,1,Typea,Renault,Mail
2026-01-13 07:00:00,9.586730017555185,1.0777883523051621,0.11242502400000001,0,0,1,0,1.12425024,1,Typea,Renault,Mail
2026-01-13 08:00:00,9.586730017555185,2.119233133686008,0.22105901906127282,0,0,1,0,1.12425024,1,Typea,Renault,Mail
2026-01-13 09:00:00,9.586730017555185,2.9883659796815385,0.3117190089018105,0,0,1,0,1.12425024,1,Typea,Renault,Mail
2026-01-13 10:00:00,9.586730017555185,1.5496171441928677,0.16164188845990388,0,0,1,0,1.12425024,1,Typea,Renault,Mail
2026-01-13 11:00:00,9.586730017555185,1.8331974319473507,0.1912223905951671,0,0,1,0,1.12425024,1,Typea,Renault,Mail
2026-01-13 12:00:00,9.586730017555185,2.6773479288103057,0.2792764502502476,0,0,1,0,1.12425024,1,Typea,Renault,Mail
2026-01-13 13:00:00,9.586730017555185,3.2410360840817063,0.3380752433986075,0,0,1,0,1.12425024,1,Typea,Renault,Mail
2026-01-13 14:00:00,9.586730017555185,1.204220404326164,0.1256132593826049,0,0,1,0,1.12425024,1,Typea,Renault,Mail
2026-01-13 15:00:00,9.586730017555185,1.620667536254067,0.16905321556842703,0,0,1,0,1.12425024,1,Typea,Renault,Mail
2026-01-13 16:00:00,9.586730017555185,1.6209275265683274,0.16908033538026948,0,0,1,0,1.12425024,1,Typea,Renault,Mail
2026-01-13 17:00:00,9.586730017555185,4.466133739860022,0.4658662267198152,0,0,1,0,1.12425024,1,Typea,Renault,Mail
2026-01-13 18:00:00,9.586730017555185,3.253234736036095,0.3393476952077281,0,0,1,0,1.12425024,1,Typea,Renault,Mail
2026-01-13 19:00:00,9.586730017555185,1.9817733558692,0.20672047217770645,0,0,1,0,1.12425024,1,Typea,Renault,Mail
2026-01-13 20:00:00,9.586730017555185,1.0777883523051621,0.11242502400000001,0,0,1,0,1.12425024,1,Typea,Renault,Mail
2026-01-13 21:00:00,0.0,0.0,0.0,1,1,1,80,1.0,1,Typea,Renault,Mail
2026-01-13 22:00:00,0.0,0.0,0.0,1,1,1,80,1.0,1,Typea,Renault,Mail
2026-01-13 23:00:00,0.0,0.0,0.0,1,1,1,80,1.0,1,Typea,Renault,Mail
2026-01-14 00:00:00,0.0,0.0,0.0,1,1,1,80,1.0,1,Typea,Renault,Mail
2026-01-14 01:00:00,0.0,0.0,0.0,1,1,1,80,1.0,1,Typea,Renault,Mail
2026-01-14 02:00:00,0.0,0.0,0.0,1,1,1,80,1.0,1,Typea,Renault,Mail
2026-01-14 03:00:00,0.0,0.0,0.0,1,1,1,80,1.0,1,Typea,Renault,Mail
2026-01-14 04:00:00,0.0,0.0,0.0,1,1,1,80,1.0,1,Typea,Renault,Mail
2026-01-14 05:00:00,0.0,0.0,0.0,1,1,1,80,1.0,1,Typea,Renault,Mail
2026-01-14 06:00:00,0.0,0.0,0.0,1,1,1,80,1.0,1,Typea,Renault,Mail
2026-01-14 07:00:00,0.0,0.0,0.0,1,1,1,80,1.0,1,Typea,Renault,Mail
2026-01-14 08:00:00,0.0,0.0,0.0,1,1,1,80,1.0,1,Typea,Renault,Mail
2026-01-14 09:00:00,0.0,0.0,0.0,1,1,1,80,1.0,1,Typea,Renault,Mail
2026-01-14 10:00:00,0.0,0.0,0.0,1,1,1,80,1.0,1,Typea,Renault,Mail
2026-01-14 11:00:00,15.741613344597614,1.7354735172085256,0.11024750000000001,0,0,1,0,1.102475,1,Typea,Renault,Mail
2026-01-14 12:00:00,15.741613344597614,1.7354735172085256,0.11024750000000001,0,0,1,0,1.102475,1,Typea,Renault,Mail
2026-01-14 13:00:00,15.741613344597614,7.809630827438365,0.4961137500000001,0,0,1,0,1.102475,1,Typea,Renault,Mail
2026-01-14 14:00:00,15.741613344597614,6.667122949834745,0.4235349200800212,0,0,1,0,1.102475,1,Typea,Renault,Mail
2026-01-14 15:00:00,15.741613344597614,3.211493131920915,0.2040129598928989,0,0,1,0,1.102475,1,Typea,Renault,Mail
2026-01-14 16:00:00,15.741613344597614,2.287706836671034,0.1453286131853921,0,0,1,0,1.102475,1,Typea,Renault,Mail
2026-01-14 17:00:00,15.741613344597614,4.017257801585441,0.2551998777789908,0,0,1,0,1.102475,1,Typea,Renault,Mail
2026-01-14 18:00:00,15.741613344597614,2.8738893612016527,0.18256637984237792,0,0,1,0,1.102475,1,Typea,Renault,Mail
2026-01-14 19:00:00,15.741613344597614,6.7019770780842824,0.4257490596022258,0,0,1,0,1.102475,1,Typea,Renault,Mail
2026-01-14 20:00:00,0.0,0.0,0.0,1,1,1,80,1.0,1,Typea,Renault,Mail
2026-01-14 21:00:00,0.0,0.0,0.0,1,1,1,80,1.0,1,Typea,Renault,Mail
2026-01-14 22:00:00,0.0,0.0,0.0,1,1,1,80,1.0,1,Typea,Renault,Mail
2026-01-14 23:00:00,0.0,0.0,0.0,1,1,1,80,1.0,1,Typea,Renault,Mail
2026-01-01 00:00:00,0.0,0.0,0.0,1,1,2,80,1.0,2,Typea,Renault,Mail
2026-01-01 01:00:00,0.0,0.0,0.0,1,1,2,80,1.0,2,Typea,Renault,Mail
2026-01-01 02:00:00,0.0,0.0,0.0,1,1,2,80,1.0,2,Typea,Renault,Mail
2026-01-01 03:00:00,0.0,0.0,0.0,1,1,2,80,1.0,2,Typea,Renault,Mail
2026-01-01 04:00:00,0.0,0.0,0.0,1,1,2,80,1.0,2,Typea,Renault,Mail
2026-01-01 05:00:00,0.0,0.0,0.0,1,1,2,80,1.0,2,Typea,Renault,Mail
2026-01-01 06:00:00,0.0,0.0,0.0,1,1,2,80,1.0,2,Typea,Renault,Mail
2026-01-01 07:00:00,0.0,0.0,0.0,1,1,2,80,1.0,2,Typea,Renault,Mail
2026-01-01 08:00:00,0.0,0.0,0.0,1,1,2,80,1.0,2,Typea,Renault,Mail
2026-01-01 09:00:00,9.836078536106914,1.757390471344876,0.17866779579826791,0,0,2,0,1.1329772784640002,2,Typea,Renault,Mail
2026-01-01 10:00:00,9.836078536106914,3.093689533200993,0.314524688049661,0,0,2,0,1.1329772784640002,2,Typea,Renault,Mail
2026-01-01 11:00:00,9.836078536106914,1.854448595728486,0.18853535877342337,0,0,2,0,1.1329772784640002,2,Typea,Renault,Mail
2026-01-01 12:00:00,9.836078536106914,3.220354370870055,0.3274022629087974,0,0,2,0,1.1329772784640002,2,Typea,Renault,Mail
2026-01-01 13:00:00,9.836078536106914,3.7262752353686386,0.378837483016223,0,0,2,0,1.1329772784640002,2,Typea,Renault,Mail
2026-01-01 14:00:00,9.836078536106914,5.01482407076846,0.5098397753088001,0,0,2,0,1.1329772784640002,2,Typea,Renault,Mail
2026-01-01 15:00:00,9.836078536106914,1.8415484886093934,0.18722384961133828,0,0,2,0,1.1329772784640002,2,Typea,Renault,Mail
2026-01-01 16:00:00,9.836078536106914,1.114405349059658,0.11329772784640002,0,0,2,0,1.1329772784640002,2,Typea,Renault,Mail
2026-01-01 17:00:00,9.836078536106914,1.114405349059658,0.11329772784640002,0,0,2,0,1.1329772784640002,2,Typea,Renault,Mail
2026-01-01 18:00:00,9.836078536106914,2.4068582599844954,0.24469693396095243,0,0,2,0,1.1329772784640002,2,Typea,Renault,Mail
2026-01-01 19:00:00,9.836078536106914,3.412701437540296,0.3469575222496172,0,0,2,0,1.1329772784640002,2,Typea,Renault,Mail
2026-01-01 20:00:00,9.836078536106914,2.4800174428133848,0.2521347744133576,0,0,2,0,1.1329772784640002,2,Typea,Renault,Mail
2026-01-01 21:00:00,9.836078536106914,1.114405349059658,0.11329772784640002,0,0,2,0,1.1329772784640002,2,Typea,Renault,Mail
2026-01-01 22:00:00,9.836078536106914,4.42241381441097,0.4496114786168987,0,0,2,0,1.1329772784640002,2,Typea,Renault,Mail
2026-01-01 23:00:00,0.0,0.0,0.0,1,1,2,80,1.0,2,Typea,Renault,Mail
2026-01-02 00:00:00,0.0,0.0,0.0,1,1,2,80,1.0,2,Typea,Renault,Mail
2026-01-02 01:00:00,0.0,0.0,0.0,1,1,2,80,1.0,2,Typea,Renault,Mail
2026-01-02 02:00:00,0.0,0.0,0.0,1,1,2,80,1.0,2,Typea,Renault,Mail
2026-01-02 03:00:00,0.0,0.0,0.0,1,1,2,80,1.0,2,Typea,Renault,Mail
2026-01-02 04:00:00,0.0,0.0,0.0,1,1,2,80,1.0,2,Typea,Renault,Mail
2026-01-02 05:00:00,0.0,0.0,0.0,1,1,2,80,1.0,2,Typea,Renault,Mail
2026-01-02 06:00:00,0.0,0.0,0.0,1,1,2,80,1.0,2,Typea,Renault,Mail
2026-01-02 07:00:00,0.0,0.0,0.0,1,1,2,80,1.0,2,Typea,Renault,Mail
2026-01-02 08:00:00,9.689834894852783,4.3759148612833565,0.4515984956160431,0,0,2,0,1.23259004,2,Typea,Renault,Mail
2026-01-02 09:00:00,9.689834894852783,1.1943593980639988,0.123259004,0,0,2,0,1.23259004,2,Typea,Renault,Mail
2026-01-02 10:00:00,9.689834894852783,1.1943593980639988,0.123259004,0,0,2,0,1.23259004,2,Typea,Renault,Mail
2026-01-02 11:00:00,9.689834894852783,3.655217764538242,0.3772218829528132,0,0,2,0,1.23259004,2,Typea,Renault,Mail
2026-01-02 12:00:00,9.689834894852783,1.1943593980639988,0.123259004,0,0,2,0,1.23259004,2,Typea,Renault,Mail
2026-01-02 13:00:00,9.689834894852783,5.374617291287994,0.5546655180000001,0,0,2,0,1.23259004,2,Typea,Renault,Mail
2026-01-02 14:00:00,9.689834894852783,1.3648564335337285,0.1408544571031584,0,0,2,0,1.23259004,2,Typea,Renault,Mail
2026-01-02 15:00:00,9.689834894852783,2.2756166068944785,0.234845756567357,0,0,2,0,1.23259004,2,Typea,Renault,Mail
2026-01-02 16:00:00,9.689834894852783,2.6168952530869376,0.27006603120524025,0,0,2,0,1.23259004,2,Typea,Renault,Mail
2026-01-02 17:00:00,9.689834894852783,2.0633758251977223,0.2129423099142569,0,0,2,0,1.23259004,2,Typea,Renault,Mail
2026-01-02 18:00:00,9.689834894852783,1.8624579586535788,0.19220739866712402,0,0,2,0,1.23259004,2,Typea,Renault,Mail
2026-01-02 19:00:00,9.689834894852783,4.2177041428405655,0.435271001890961,0,0,2,0,1.23259004,2,Typea,Renault,Mail
2026-01-02 20:00:00,9.689834894852783,2.8146513569047906,0.2904746455896711,0,0,2,0,1.23259004,2,Typea,Renault,Mail
2026-01-02 21:00:00,0.0,0.0,0.0,1,1,2,80,1.0,2,Typea,Renault,Mail
2026-01-02 22:00:00,0.0,0.0,0.0,1,1,2,80,1.0,2,Typea,Renault,Mail
2026-01-02 23:00:00,0.0,0.0,0.0,1,1,2,80,1.0,2,Typea,Renault,Mail
2026-01-03 00:00:00,0.0,0.0,0.0,1,1,2,80,1.0,2,Typea,Renault,Mail
2026-01-03 01:00:00,0.0,0.0,0.0,1,1,2,80,1.0,2,Typea,Renault,Mail
2026-01-03 02:00:00,0.0,0.0,0.0,1,1,2,80,1.0,2,Typea,Renault,Mail
2026-01-03 03:00:00,0.0,0.0,0.0,1,1,2,80,1.0,2,Typea,Renault,Mail
2026-01-03 04:00:00,0.0,0.0,0.0,1,1,2,80,1.0,2,Typea,Renault,Mail
2026-01-03 05:00:00,0.0,0.0,0.0,1,1,2,80,1.0,2,Typea,Renault,Mail
2026-01-03 06:00:00,0.0,0.0,0.0,1,1,2,80,1.0,2,Typea,Renault,Mail
2026-01-03 07:00:00,0.0,0.0,0.0,1,1,2,80,1.0,2,Typea,Renault,Mail
2026-01-03 08:00:00,0.0,0.0,0.0,1,1,2,80,1.0,2,Typea,Renault,Mail
2026-01-03 09:00:00,8.32144729941159,1.0061037619154043,0.1209049010004,0,0,2,0,1.209049010004,2,Typea,Renault,Mail
2026-01-03 10:00:00,8.32144729941159,1.7901712016134521,0.21512738556188837,0,0,2,0,1.209049010004,2,Typea,Renault,Mail
2026-01-03 11:00:00,8.32144729941159,3.4068389875897327,0.40940462217799906,0,0,2,0,1.209049010004,2,Typea,Renault,Mail
2026-01-03 12:00:00,8.32144729941159,3.0577140891461365,0.3674497931822927,0,0,2,0,1.209049010004,2,Typea,Renault,Mail
2026-01-03 13:00:00,8.32144729941159,1.28996372478569,0.15501675109772114,0,0,2,0,1.209049010004,2,Typea,Renault,Mail
2026-01-03 14:00:00,8.32144729941159,1.756441438233031,0.2110740325612864,0,0,2,0,1.209049010004,2,Typea,Renault,Mail
2026-01-03 15:00:00,8.32144729941159,1.453577668309815,0.17467846830113284,0,0,2,0,1.209049010004,2,Typea,Renault,Mail
2026-01-03 16:00:00,8.32144729941159,1.0061037619154043,0.1209049010004,0,0,2,0,1.209049010004,2,Typea,Renault,Mail
2026-01-03 17:00:00,8.32144729941159,2.2411111885192403,0.2693174766218503,0,0,2,0,1.209049010004,2,Typea,Renault,Mail
2026-01-03 18:00:00,8.32144729941159,2.6493797956241494,0.3183796880876103,0,0,2,0,1.209049010004,2,Typea,Renault,Mail
2026-01-03 19:00:00,8.32144729941159,2.464900008552622,0.29621049318270815,0,0,2,0,1.209049010004,2,Typea,Renault,Mail
2026-01-03 20:00:00,0.0,0.0,0.0,1,1,2,80,1.0,2,Typea,Renault,Mail
2026-01-03 21:00:00,0.0,0.0,0.0,1,1,2,80,1.0,2,Typea,Renault,Mail
2026-01-03 22:00:00,0.0,0.0,0.0,1,1,2,80,1.0,2,Typea,Renault,Mail
2026-01-03 23:00:00,0.0,0.0,0.0,1,1,2,80,1.0,2,Typea,Renault,Mail
2026-01-04 00:00:00,0.0,0.0,0.0,1,1,2,80,1.0,2,Typea,Renault,Mail
2026-01-04 01:00:00,0.0,0.0,0.0,1,1,2,80,1.0,2,Typea,Renault,Mail
2026-01-04 02:00:00,0.0,0.0,0.0,1,1,2,80,1.0,2,Typea,Renault,Mail
2026-01-04 03:00:00,0.0,0.0,0.0,1,1,2,80,1.0,2,Typea,Renault,Mail
2026-01-04 04:00:00,0.0,0.0,0.0,1,1,2,80,1.0,2,Typea,Renault,Mail
2026-01-04 05:00:00,0.0,0.0,0.0,1,1,2,80,1.0,2,Typea,Renault,Mail
2026-01-04 06:00:00,0.0,0.0,0.0,1,1,2,80,1.0,2,Typea,Renault,Mail
2026-01-04 07:00:00,0.0,0.0,0.0,1,1,2,80,1.0,2,Typea,Renault,Mail
2026-01-04 08:00:00,0.0,0.0,0.0,1,1,2,80,1.0,2,Typea,Renault,Mail
2026-01-04 09:00:00,2.8507035822621,0.3720254130691805,0.13050301525000002,0,0,2,0,1.3050301525,2,Typea,Renault,Mail
2026-01-04 10:00:00,2.8507035822621,0.3720254130691805,0.13050301525000002,0,0,2,0,1.3050301525,2,Typea,Renault,Mail
2026-01-04 11:00:00,2.8507035822621,0.5546978602068496,0.19458279130048448,0,0,2,0,1.3050301525,2,Typea,Renault,Mail
2026-01-04 12:00:00,2.8507035822621,0.9221332100029577,0.32347565553315905,0,0,2,0,1.3050301525,2,Typea,Renault,Mail
2026-01-04 13:00:00,2.8507035822621,0.3720254130691805,0.13050301525000002,0,0,2,0,1.3050301525,2,Typea,Renault,Mail
2026-01-04 14:00:00,2.8507035822621,1.6741143588113125,0.5872635686250001,0,0,2,0,1.3050301525,2,Typea,Renault,Mail
2026-01-04 15:00:00,2.8507035822621,0.9895844242497789,0.347136906975267,0,0,2,0,1.3050301525,2,Typea,Renault,Mail
2026-01-04 16:00:00,2.8507035822621,0.3720254130691805,0.13050301525000002,0,0,2,0,1.3050301525,2,Typea,Renault,Mail
2026-01-04 17:00:00,2.8507035822621,1.029765293221293,0.361231977827786,0,0,2,0,1.3050301525,2,Typea,Renault,Mail
2026-01-04 18:00:00,2.8507035822621,0.7945877150092253,0.27873389571380874,0,0,2,0,1.3050301525,2,Typea,Renault,Mail
2026-01-04 19:00:00,2.8507035822621,1.3163962121103092,0.4617794078280556,0,0,2,0,1.3050301525,2,Typea,Renault,Mail
2026-01-04 20:00:00,2.8507035822621,0.3921820129709647,0.13757376088178172,0,0,2,0,1.3050301525,2,Typea,Renault,Mail
2026-01-04 21:00:00,2.8507035822621,0.8680729187683062,0.30451181391488974,0,0,2,0,1.3050301525,2,Typea,Renault,Mail
2026-01-04 22:00:00,0.0,0.0,0.0,1,1,2,80,1.0,2,Typea,Renault,Mail
2026-01-04 23:00:00,0.0,0.0,0.0,1,1,2,80,1.0,2,Typea,Renault,Mail
2026-01-05 00:00:00,0.0,0.0,0.0,1,1,2,80,1.0,2,Typea,Renault,Mail
2026-01-05 01:00:00,0.0,0.0,0.0,1,1,2,80,1.0,2,Typea,Renault,Mail
2026-01-05 02:00:00,0.0,0.0,0.0,1,1,2,80,1.0,2,Typea,Renault,Mail
2026-01-05 03:00:00,0.0,0.0,0.0,1,1,2,80,1.0,2,Typea,Renault,Mail
2026-01-05 04:00:00,0.0,0.0,0.0,1,1,2,80,1.0,2,Typea,Renault,Mail
2026-01-05 05:00:00,0.0,0.0,0.0,1,1,2,80,1.0,2,Typea,Renault,Mail
2026-01-05 06:00:00,0.0,0.0,0.0,1,1,2,80,1.0,2,Typea,Renault,Mail
2026-01-05 07:00:00,0.0,0.0,0.0,1,1,2,80,1.0,2,Typea,Renault,Mail
2026-01-05 08:00:00,7.759126130399545,2.8998029012887576,0.3737280271714615,0,0,2,0,1.226197579604,2,Typea,Renault,Mail
2026-01-05 09:00:00,7.759126130399545,2.1486558066685477,0.27691981939181415,0,0,2,0,1.226197579604,2,Typea,Renault,Mail
2026-01-05 10:00:00,7.759126130399545,3.0684447473860956,0.3954626714165929,0,0,2,0,1.226197579604,2,Typea,Renault,Mail
2026-01-05 11:00:00,7.759126130399545,1.6959088214390325,0.21856956478573242,0,0,2,0,1.226197579604,2,Typea,Renault,Mail
2026-01-05 12:00:00,7.759126130399545,0.9514221680938073,0.12261975796040002,0,0,2,0,1.226197579604,2,Typea,Renault,Mail
2026-01-05 13:00:00,7.759126130399545,1.2500268795587748,0.161104080350142,0,0,2,0,1.226197579604,2,Typea,Renault,Mail
2026-01-05 14:00:00,7.759126130399545,2.121511649905429,0.2734214670893853,0,0,2,0,1.226197579604,2,Typea,Renault,Mail
2026-01-05 15:00:00,7.759126130399545,0.9514221680938073,0.12261975796040002,0,0,2,0,1.226197579604,2,Typea,Renault,Mail
2026-01-05 16:00:00,7.759126130399545,1.1769202708440454,0.1516820645862399,0,0,2,0,1.226197579604,2,Typea,Renault,Mail
2026-01-05 17:00:00,7.759126130399545,2.6764750244937057,0.3449454203363858,0,0,2,0,1.226197579604,2,Typea,Renault,Mail
2026-01-05 18:00:00,7.759126130399545,0.9514221680938073,0.12261975796040002,0,0,2,0,1.226197579604,2,Typea,Renault,Mail
2026-01-05 19:00:00,7.759126130399545,2.443121469213379,0.3148706991166767,0,0,2,0,1.226197579604,2,Typea,Renault,Mail
2026-01-05 20:00:00,7.759126130399545,2.6574111803498144,0.3424884627069434,0,0,2,0,1.226197579604,2,Typea,Renault,Mail
2026-01-05 21:00:00,0.0,0.0,0.0,1,1,2,80,1.0,2,Typea,Renault,Mail
2026-01-05 22:00:00,0.0,0.0,0.0,1,1,2,80,1.0,2,Typea,Renault,Mail
2026-01-05 23:00:00,0.0,0.0,0.0,1,1,2,80,1.0,2,Typea,Renault,Mail
2026-01-06 00:00:00,0.0,0.0,0.0,1,1,2,80,1.0,2,Typea,Renault,Mail
2026-01-06 01:00:00,0.0,0.0,0.0,1,1,2,80,1.0,2,Typea,Renault,Mail
2026-01-06 02:00:00,0.0,0.0,0.0,1,1,2,80,1.0,2,Typea,Renault,Mail
2026-01-06 03:00:00,0.0,0.0,0.0,1,1,2,80,1.0,2,Typea,Renault,Mail
2026-01-06 04:00:00,0.0,0.0,0.0,1,1,2,80,1.0,2,Typea,Renault,Mail
2026-01-06 05:00:00,0.0,0.0,0.0,1,1,2,80,1.0,2,Typea,Renault,Mail
2026-01-06 06:00:00,0.0,0.0,0.0,1,1,2,80,1.0,2,Typea,Renault,Mail
2026-01-06 07:00:00,0.0,0.0,0.0,1,1,2,80,1.0,2,Typea,Renault,Mail
2026-01-06 08:00:00,0.0,0.0,0.0,1,1,2,80,1.0,2,Typea,Renault,Mail
2026-01-06 09:00:00,13.291000231248345,4.649357096777117,0.34981243065860895,0,0,2,0,1.3306301459840002,2,Typea,Renault,Mail
2026-01-06 10:00:00,13.291000231248345,3.8364455619409727,0.28864987549403104,0,0,2,0,1.3306301459840002,2,Typea,Renault,Mail
2026-01-06 11:00:00,13.291000231248345,7.958432510090715,0.5987835656928001,0,0,2,0,1.3306301459840002,2,Typea,Renault,Mail
2026-01-06 12:00:00,13.291000231248345,2.033526398865862,0.15300025306484138,0,0,2,0,1.3306301459840002,2,Typea,Renault,Mail
2026-01-06 13:00:00,13.291000231248345,1.7685405577979367,0.13306301459840003,0,0,2,0,1.3306301459840002,2,Typea,Renault,Mail
2026-01-06 14:00:00,13.291000231248345,4.365873925943645,0.3284834737779238,0,0,2,0,1.3306301459840002,2,Typea,Renault,Mail
2026-01-06 15:00:00,13.291000231248345,1.7779521159706122,0.13377112971456323,0,0,2,0,1.3306301459840002,2,Typea,Renault,Mail
2026-01-06 16:00:00,13.291000231248345,1.7685405577979367,0.13306301459840003,0,0,2,0,1.3306301459840002,2,Typea,Renault,Mail
2026-01-06 17:00:00,13.291000231248345,1.7685405577979367,0.13306301459840003,0,0,2,0,1.3306301459840002,2,Typea,Renault,Mail
2026-01-06 18:00:00,13.291000231248345,3.231840302936858,0.2431600516670302,0,0,2,0,1.3306301459840002,2,Typea,Renault,Mail
2026-01-06 19:00:00,13.291000231248345,7.958432510090715,0.5987835656928001,0,0,2,0,1.3306301459840002,2,Typea,Renault,Mail
2026-01-06 20:00:00,0.0,0.0,0.0,1,1,2,80,1.0,2,Typea,Renault,Mail
2026-01-06 21:00:00,0.0,0.0,0.0,1,1,2,80,1.0,2,Typea,Renault,Mail
2026-01-06 22:00:00,0.0,0.0,0.0,1,1,2,80,1.0,2,Typea,Renault,Mail
2026-01-06 23:00:00,0.0,0.0,0.0,1,1,2,80,1.0,2,Typea,Renault,Mail
2026-01-07 00:00:00,0.0,0.0,0.0,1,1,2,80,1.0,2,Typea,Renault,Mail
2026-01-07 01:00:00,0.0,0.0,0.0,1,1,2,80,1.0,2,Typea,Renault,Mail
2026-01-07 02:00:00,0.0,0.0,0.0,1,1,2,80,1.0,2,Typea,Renault,Mail
2026-01-07 03:00:00,0.0,0.0,0.0,1,1,2,80,1.0,2,Typea,Renault,Mail
2026-01-07 04:00:00,0.0,0.0,0.0,1,1,2,80,1.0,2,Typea,Renault,Mail
2026-01-07 05:00:00,0.0,0.0,0.0,1,1,2,80,1.0,2,Typea,Renault,Mail
2026-01-07 06:00:00,0.0,0.0,0.0,1,1,2,80,1.0,2,Typea,Renault,Mail
2026-01-07 07:00:00,0.0,0.0,0.0,1,1,2,80,1.0,2,Typea,Renault,Mail
2026-01-07 08:00:00,0.0,0.0,0.0,1,1,2,80,1.0,2,Typea,Renault,Mail
2026-01-07 09:00:00,10.807448950775637,1.9335907740963398,0.1789127834795434,0,0,2,0,1.282756305344,2,Typea,Renault,Mail
2026-01-07 10:00:00,10.807448950775637,1.8846218932042396,0.1743817529731642,0,0,2,0,1.282756305344,2,Typea,Renault,Mail
2026-01-07 11:00:00,10.807448950775637,2.395172617599213,0.22162238549619193,0,0,2,0,1.282756305344,2,Typea,Renault,Mail
2026-01-07 12:00:00,10.807448950775637,1.3863323286290847,0.12827563053440003,0,0,2,0,1.282756305344,2,Typea,Renault,Mail
2026-01-07 13:00:00,10.807448950775637,1.3863323286290847,0.12827563053440003,0,0,2,0,1.282756305344,2,Typea,Renault,Mail
2026-01-07 14:00:00,10.807448950775637,5.401842165063739,0.49982583213368365,0,0,2,0,1.282756305344,2,Typea,Renault,Mail
2026-01-07 15:00:00,10.807448950775637,3.26389019818008,0.30200375806039176,0,0,2,0,1.282756305344,2,Typea,Renault,Mail
2026-01-07 16:00:00,10.807448950775637,4.682205394742769,0.4332387241493038,0,0,2,0,1.282756305344,2,Typea,Renault,Mail
2026-01-07 17:00:00,10.807448950775637,3.3069062433240104,0.30598397997398613,0,0,2,0,1.282756305344,2,Typea,Renault,Mail
2026-01-07 18:00:00,10.807448950775637,1.3863323286290847,0.12827563053440003,0,0,2,0,1.282756305344,2,Typea,Renault,Mail
2026-01-07 19:00:00,10.807448950775637,5.152882354023405,0.47678988607700895,0,0,2,0,1.282756305344,2,Typea,Renault,Mail
2026-01-07 20:00:00,10.807448950775637,3.0742756418835215,0.2844589556597336,0,0,2,0,1.282756305344,2,Typea,Renault,Mail
2026-01-07 21:00:00,0.0,0.0,0.0,1,1,2,80,1.0,2,Typea,Renault,Mail
2026-01-07 22:00:00,0.0,0.0,0.0,1,1,2,80,1.0,2,Typea,Renault,Mail
2026-01-07 23:00:00,0.0,0.0,0.0,1,1,2,80,1.0,2,Typea,Renault,Mail
2026-01-08 00:00:00,0.0,0.0,0.0,1,1,2,80,1.0,2,Typea,Renault,Mail
2026-01-08 01:00:00,0.0,0.0,0.0,1,1,2,80,1.0,2,Typea,Renault,Mail
2026-01-08 02:00:00,0.0,0.0,0.0,1,1,2,80,1.0,2,Typea,Renault,Mail
2026-01-08 03:00:00,0.0,0.0,0.0,1,1,2,80,1.0,2,Typea,Renault,Mail
2026-01-08 04:00:00,0.0,0.0,0.0,1,1,2,80,1.0,2,Typea,Renault,Mail
2026-01-08 05:00:00,0.0,0.0,0.0,1,1,2,80,1.0,2,Typea,Renault,Mail
2026-01-08 06:00:00,0.0,0.0,0.0,1,1,2,80,1.0,2,Typea,Renault,Mail
2026-01-08 07:00:00,0.0,0.0,0.0,1,1,2,80,1.0,2,Typea,Renault,Mail
2026-01-08 08:00:00,8.214771159668256,0.9665378349760402,0.11765852221440001,0,0,2,0,1.176585222144,2,Typea,Renault,Mail
2026-01-08 09:00:00,8.214771159668256,2.2477081801533494,0.2736178691366152,0,0,2,0,1.176585222144,2,Typea,Renault,Mail
2026-01-08 10:00:00,8.214771159668256,1.074283108356701,0.13077456297639395,0,0,2,0,1.176585222144,2,Typea,Renault,Mail
2026-01-08 11:00:00,8.214771159668256,2.283769131295369,0.2780076385460257,0,0,2,0,1.176585222144,2,Typea,Renault,Mail
2026-01-08 12:00:00,8.214771159668256,3.170583595041857,0.3859612804077061,0,0,2,0,1.176585222144,2,Typea,Renault,Mail
2026-01-08 13:00:00,8.214771159668256,2.53003488096154,0.3079860451114152,0,0,2,0,1.176585222144,2,Typea,Renault,Mail
2026-01-08 14:00:00,8.214771159668256,2.9551805708071686,0.3597398531703602,0,0,2,0,1.176585222144,2,Typea,Renault,Mail
2026-01-08 15:00:00,8.214771159668256,1.8593717656882218,0.2263449254456542,0,0,2,0,1.176585222144,2,Typea,Renault,Mail
2026-01-08 16:00:00,8.214771159668256,1.030337760548459,0.1254250106937937,0,0,2,0,1.176585222144,2,Typea,Renault,Mail
2026-01-08 17:00:00,8.214771159668256,0.9869241669857036,0.12014018988516284,0,0,2,0,1.176585222144,2,Typea,Renault,Mail
2026-01-08 18:00:00,8.214771159668256,2.889344130301692,0.35172545578474457,0,0,2,0,1.176585222144,2,Typea,Renault,Mail
2026-01-08 19:00:00,8.214771159668256,1.1455589593302058,0.1394511103309259,0,0,2,0,1.176585222144,2,Typea,Renault,Mail
2026-01-08 20:00:00,8.214771159668256,3.9626888626648493,0.4823857884344131,0,0,2,0,1.176585222144,2,Typea,Renault,Mail
2026-01-08 21:00:00,8.214771159668256,2.2510889093358917,0.2740294118463063,0,0,2,0,1.176585222144,2,Typea,Renault,Mail
2026-01-08 22:00:00,8.214771159668256,2.1705861214033657,0.26422965158910433,0,0,2,0,1.176585222144,2,Typea,Renault,Mail
2026-01-08 23:00:00,0.0,0.0,0.0,1,1,2,80,1.0,2,Typea,Renault,Mail
2026-01-09 00:00:00,0.0,0.0,0.0,1,1,2,80,1.0,2,Typea,Renault,Mail
2026-01-09 01:00:00,0.0,0.0,0.0,1,1,2,80,1.0,2,Typea,Renault,Mail
2026-01-09 02:00:00,0.0,0.0,0.0,1,1,2,80,1.0,2,Typea,Renault,Mail
2026-01-09 03:00:00,0.0,0.0,0.0,1,1,2,80,1.0,2,Typea,Renault,Mail
2026-01-09 04:00:00,0.0,0.0,0.0,1,1,2,80,1.0,2,Typea,Renault,Mail
2026-01-09 05:00:00,0.0,0.0,0.0,1,1,2,80,1.0,2,Typea,Renault,Mail
2026-01-09 06:00:00,0.0,0.0,0.0,1,1,2,80,1.0,2,Typea,Renault,Mail
2026-01-09 07:00:00,0.0,0.0,0.0,1,1,2,80,1.0,2,Typea,Renault,Mail
2026-01-09 08:00:00,0.0,0.0,0.0,1,1,2,80,1.0,2,Typea,Renault,Mail
2026-01-09 09:00:00,9.161114671542443,3.508112579854269,0.38293512368660415,0,0,2,0,1.137342385344,2,Typea,Renault,Mail
2026-01-09 10:00:00,9.161114671542443,1.0419324012941997,0.1137342385344,0,0,2,0,1.137342385344,2,Typea,Renault,Mail
2026-01-09 11:00:00,9.161114671542443,1.0419324012941997,0.1137342385344,0,0,2,0,1.137342385344,2,Typea,Renault,Mail
2026-01-09 12:00:00,9.161114671542443,4.688695805823898,0.5118040734047999,0,0,2,0,1.137342385344,2,Typea,Renault,Mail
2026-01-09 13:00:00,9.161114671542443,1.0419324012941997,0.1137342385344,0,0,2,0,1.137342385344,2,Typea,Renault,Mail
2026-01-09 14:00:00,9.161114671542443,1.0419324012941997,0.1137342385344,0,0,2,0,1.137342385344,2,Typea,Renault,Mail
2026-01-09 15:00:00,9.161114671542443,1.666854743181014,0.18194890064621014,0,0,2,0,1.137342385344,2,Typea,Renault,Mail
2026-01-09 16:00:00,9.161114671542443,3.449566369028724,0.3765443936363178,0,0,2,0,1.137342385344,2,Typea,Renault,Mail
2026-01-09 17:00:00,9.161114671542443,1.0419324012941997,0.1137342385344,0,0,2,0,1.137342385344,2,Typea,Renault,Mail
2026-01-09 18:00:00,9.161114671542443,1.1913619090813004,0.1300455186727526,0,0,2,0,1.137342385344,2,Typea,Renault,Mail
2026-01-09 19:00:00,9.161114671542443,1.0419324012941997,0.1137342385344,0,0,2,0,1.137342385344,2,Typea,Renault,Mail
2026-01-09 20:00:00,9.161114671542443,1.0419324012941997,0.1137342385344,0,0,2,0,1.137342385344,2,Typea,Renault,Mail
2026-01-09 21:00:00,9.161114671542443,2.0162252797385984,0.2200851481536067,0,0,2,0,1.137342385344,2,Typea,Renault,Mail
2026-01-09 22:00:00,0.0,0.0,0.0,1,1,2,80,1.0,2,Typea,Renault,Mail
2026-01-09 23:00:00,0.0,0.0,0.0,1,1,2,80,1.0,2,Typea,Renault,Mail
2026-01-10 00:00:00,0.0,0.0,0.0,1,1,2,80,1.0,2,Typea,Renault,Mail
2026-01-10 01:00:00,0.0,0.0,0.0,1,1,2,80,1.0,2,Typea,Renault,Mail
2026-01-10 02:00:00,0.0,0.0,0.0,1,1,2,80,1.0,2,Typea,Renault,Mail
2026-01-10 03:00:00,0.0,0.0,0.0,1,1,2,80,1.0,2,Typea,Renault,Mail
2026-01-10 04:00:00,0.0,0.0,0.0,1,1,2,80,1.0,2,Typea,Renault,Mail
2026-01-10 05:00:00,0.0,0.0,0.0,1,1,2,80,1.0,2,Typea,Renault,Mail
2026-01-10 06:00:00,0.0,0.0,0.0,1,1,2,80,1.0,2,Typea,Renault,Mail
2026-01-10 07:00:00,0.0,0.0,0.0,1,1,2,80,1.0,2,Typea,Renault,Mail
2026-01-10 08:00:00,0.0,0.0,0.0,1,1,2,80,1.0,2,Typea,Renault,Mail
2026-01-10 09:00:00,7.559098429896087,1.40085919373966,0.1853209356554069,0,0,2,0,1.18961004,2,Typea,Renault,Mail
2026-01-10 10:00:00,7.559098429896087,3.0614967439805048,0.4050081861445731,0,0,2,0,1.18961004,2,Typea,Renault,Mail
2026-01-10 11:00:00,7.559098429896087,3.788259286914626,0.5011522633350208,0,0,2,0,1.18961004,2,Typea,Renault,Mail
2026-01-10 12:00:00,7.559098429896087,1.0232967901987429,0.13537286221219502,0,0,2,0,1.18961004,2,Typea,Renault,Mail
2026-01-10 13:00:00,7.559098429896087,2.2684887147167414,0.3001004333724393,0,0,2,0,1.18961004,2,Typea,Renault,Mail
2026-01-10 14:00:00,7.559098429896087,0.8992379385552621,0.11896100400000001,0,0,2,0,1.18961004,2,Typea,Renault,Mail
2026-01-10 15:00:00,7.559098429896087,0.8992379385552621,0.11896100400000001,0,0,2,0,1.18961004,2,Typea,Renault,Mail
2026-01-10 16:00:00,7.559098429896087,2.238011845738111,0.296068620681908,0,0,2,0,1.18961004,2,Typea,Renault,Mail
2026-01-10 17:00:00,7.559098429896087,1.18234744245004,0.15641381752271924,0,0,2,0,1.18961004,2,Typea,Renault,Mail
2026-01-10 18:00:00,7.559098429896087,1.1713062669086989,0.15495317037759496,0,0,2,0,1.18961004,2,Typea,Renault,Mail
2026-01-10 19:00:00,7.559098429896087,2.3164856122685373,0.3064499865627998,0,0,2,0,1.18961004,2,Typea,Renault,Mail
2026-01-10 20:00:00,7.559098429896087,0.8992379385552621,0.11896100400000001,0,0,2,0,1.18961004,2,Typea,Renault,Mail
2026-01-10 21:00:00,0.0,0.0,0.0,1,1,2,80,1.0,2,Typea,Renault,Mail
2026-01-10 22:00:00,0.0,0.0,0.0,1,1,2,80,1.0,2,Typea,Renault,Mail
2026-01-10 23:00:00,0.0,0.0,0.0,1,1,2,80,1.0,2,Typea,Renault,Mail
2026-01-11 00:00:00,0.0,0.0,0.0,1,1,2,80,1.0,2,Typea,Renault,Mail
2026-01-11 01:00:00,0.0,0.0,0.0,1,1,2,80,1.0,2,Typea,Renault,Mail
2026-01-11 02:00:00,0.0,0.0,0.0,1,1,2,80,1.0,2,Typea,Renault,Mail
2026-01-11 03:00:00,0.0,0.0,0.0,1,1,2,80,1.0,2,Typea,Renault,Mail
2026-01-11 04:00:00,0.0,0.0,0.0,1,1,2,80,1.0,2,Typea,Renault,Mail
2026-01-11 05:00:00,0.0,0.0,0.0,1,1,2,80,1.0,2,Typea,Renault,Mail
2026-01-11 06:00:00,0.0,0.0,0.0,1,1,2,80,1.0,2,Typea,Renault,Mail
2026-01-11 07:00:00,0.0,0.0,0.0,1,1,2,80,1.0,2,Typea,Renault,Mail
2026-01-11 08:00:00,5.031565520359181,1.2531298204400847,0.2490536623978275,0,0,2,0,1.122069513044,2,Typea,Renault,Mail
2026-01-11 09:00:00,5.031565520359181,0.5645766273278406,0.1122069513044,0,0,2,0,1.122069513044,2,Typea,Renault,Mail
2026-01-11 10:00:00,5.031565520359181,0.9497508690375907,0.1887585216161097,0,0,2,0,1.122069513044,2,Typea,Renault,Mail
2026-01-11 11:00:00,5.031565520359181,0.5645766273278406,0.1122069513044,0,0,2,0,1.122069513044,2,Typea,Renault,Mail
2026-01-11 12:00:00,5.031565520359181,1.3546286818077453,0.26922608407393733,0,0,2,0,1.122069513044,2,Typea,Renault,Mail
2026-01-11 13:00:00,5.031565520359181,0.5645766273278406,0.1122069513044,0,0,2,0,1.122069513044,2,Typea,Renault,Mail
2026-01-11 14:00:00,5.031565520359181,0.5645766273278406,0.1122069513044,0,0,2,0,1.122069513044,2,Typea,Renault,Mail
2026-01-11 15:00:00,5.031565520359181,0.8709324004663057,0.1730937214157819,0,0,2,0,1.122069513044,2,Typea,Renault,Mail
2026-01-11 16:00:00,5.031565520359181,1.6858542390684068,0.33505560689748526,0,0,2,0,1.122069513044,2,Typea,Renault,Mail
2026-01-11 17:00:00,5.031565520359181,2.191153815933132,0.4354815230104994,0,0,2,0,1.122069513044,2,Typea,Renault,Mail
2026-01-11 18:00:00,5.031565520359181,1.23606593483875,0.24566229533080047,0,0,2,0,1.122069513044,2,Typea,Renault,Mail
2026-01-11 19:00:00,5.031565520359181,1.001065928609515,0.19895714853735091,0,0,2,0,1.122069513044,2,Typea,Renault,Mail
2026-01-11 20:00:00,0.0,0.0,0.0,1,1,2,80,1.0,2,Typea,Renault,Mail
2026-01-11 21:00:00,0.0,0.0,0.0,1,1,2,80,1.0,2,Typea,Renault,Mail
2026-01-11 22:00:00,0.0,0.0,0.0,1,1,2,80,1.0,2,Typea,Renault,Mail
2026-01-11 23:00:00,0.0,0.0,0.0,1,1,2,80,1.0,2,Typea,Renault,Mail
2026-01-12 00:00:00,0.0,0.0,0.0,1,1,2,80,1.0,2,Typea,Renault,Mail
2026-01-12 01:00:00,0.0,0.0,0.0,1,1,2,80,1.0,2,Typea,Renault,Mail
2026-01-12 02:00:00,0.0,0.0,0.0,1,1,2,80,1.0,2,Typea,Renault,Mail
2026-01-12 03:00:00,0.0,0.0,0.0,1,1,2,80,1.0,2,Typea,Renault,Mail
2026-01-12 04:00:00,0.0,0.0,0.0,1,1,2,80,1.0,2,Typea,Renault,Mail
2026-01-12 05:00:00,0.0,0.0,0.0,1,1,2,80,1.0,2,Typea,Renault,Mail
2026-01-12 06:00:00,0.0,0.0,0.0,1,1,2,80,1.0,2,Typea,Renault,Mail
2026-01-12 07:00:00,7.781331278971173,2.598348528560962,0.33392082092468234,0,0,2,0,1.119889326784,2,Typea,Renault,Mail
2026-01-12 08:00:00,7.781331278971173,0.8714229847490309,0.1119889326784,0,0,2,0,1.119889326784,2,Typea,Renault,Mail
2026-01-12 09:00:00,7.781331278971173,1.5020073897462207,0.19302704587393074,0,0,2,0,1.119889326784,2,Typea,Renault,Mail
2026-01-12 10:00:00,7.781331278971173,2.3261273480109015,0.2989369382456694,0,0,2,0,1.119889326784,2,Typea,Renault,Mail
2026-01-12 11:00:00,7.781331278971173,0.8714229847490309,0.1119889326784,0,0,2,0,1.119889326784,2,Typea,Renault,Mail
2026-01-12 12:00:00,7.781331278971173,1.6805911446719632,0.21597732886835358,0,0,2,0,1.119889326784,2,Typea,Renault,Mail
2026-01-12 13:00:00,7.781331278971173,1.1646165404791686,0.1496680322076136,0,0,2,0,1.119889326784,2,Typea,Renault,Mail
2026-01-12 14:00:00,7.781331278971173,2.575493427169968,0.33098364981968653,0,0,2,0,1.119889326784,2,Typea,Renault,Mail
2026-01-12 15:00:00,7.781331278971173,3.921403431370639,0.5039501970528,0,0,2,0,1.119889326784,2,Typea,Renault,Mail
2026-01-12 16:00:00,7.781331278971173,1.9254333466033025,0.24744266470272655,0,0,2,0,1.119889326784,2,Typea,Renault,Mail
2026-01-12 17:00:00,7.781331278971173,0.8714229847490309,0.1119889326784,0,0,2,0,1.119889326784,2,Typea,Renault,Mail
2026-01-12 18:00:00,7.781331278971173,1.2170816258990722,0.15641046271711892,0,0,2,0,1.119889326784,2,Typea,Renault,Mail
2026-01-12 19:00:00,7.781331278971173,3.921403431370639,0.5039501970528,0,0,2,0,1.119889326784,2,Typea,Renault,Mail
2026-01-12 20:00:00,7.781331278971173,3.921403431370639,0.5039501970528,0,0,2,0,1.119889326784,2,Typea,Renault,Mail
2026-01-12 21:00:00,7.781331278971173,0.8714229847490309,0.1119889326784,0,0,2,0,1.119889326784,2,Typea,Renault,Mail
2026-01-12 22:00:00,0.0,0.0,0.0,1,1,2,80,1.0,2,Typea,Renault,Mail
2026-01-12 23:00:00,0.0,0.0,0.0,1,1,2,80,1.0,2,Typea,Renault,Mail
2026-01-13 00:00:00,0.0,0.0,0.0,1,1,2,80,1.0,2,Typea,Renault,Mail
2026-01-13 01:00:00,0.0,0.0,0.0,1,1,2,80,1.0,2,Typea,Renault,Mail
2026-01-13 02:00:00,0.0,0.0,0.0,1,1,2,80,1.0,2,Typea,Renault,Mail
2026-01-13 03:00:00,0.0,0.0,0.0,1,1,2,80,1.0,2,Typea,Renault,Mail
2026-01-13 04:00:00,0.0,0.0,0.0,1,1,2,80,1.0,2,Typea,Renault,Mail
2026-01-13 05:00:00,0.0,0.0,0.0,1,1,2,80,1.0,2,Typea,Renault,Mail
2026-01-13 06:00:00,0.0,0.0,0.0,1,1,2,80,1.0,2,Typea,Renault,Mail
2026-01-13 07:00:00,0.0,0.0,0.0,1,1,2,80,1.0,2,Typea,Renault,Mail
2026-01-13 08:00:00,8.479630438754342,3.840572632136054,0.45291745434842734,0,0,2,0,1.12425024,2,Typea,Renault,Mail
2026-01-13 09:00:00,8.479630438754342,2.3800226460841754,0.280675279810166,0,0,2,0,1.12425024,2,Typea,Renault,Mail
2026-01-13 10:00:00,8.479630438754342,2.148803089376999,0.25340763431816,0,0,2,0,1.12425024,2,Typea,Renault,Mail
2026-01-13 11:00:00,8.479630438754342,2.996001673116726,0.35331748178837363,0,0,2,0,1.12425024,2,Typea,Renault,Mail
2026-01-13 12:00:00,8.479630438754342,2.2028566698534227,0.25978215510262526,0,0,2,0,1.12425024,2,Typea,Renault,Mail
2026-01-13 13:00:00,8.479630438754342,1.8183039046680598,0.21443197528490038,0,0,2,0,1.12425024,2,Typea,Renault,Mail
2026-01-13 14:00:00,8.479630438754342,2.1128953804638653,0.24917305013757765,0,0,2,0,1.12425024,2,Typea,Renault,Mail
2026-01-13 15:00:00,8.479630438754342,2.1619953442288122,0.25496339254926415,0,0,2,0,1.12425024,2,Typea,Renault,Mail
2026-01-13 16:00:00,8.479630438754342,2.4538455510201467,0.289381190459123,0,0,2,0,1.12425024,2,Typea,Renault,Mail
2026-01-13 17:00:00,8.479630438754342,1.6489562847239112,0.19446086673632715,0,0,2,0,1.12425024,2,Typea,Renault,Mail
2026-01-13 18:00:00,8.479630438754342,3.8123342474778306,0.44958731102883565,0,0,2,0,1.12425024,2,Typea,Renault,Mail
2026-01-13 19:00:00,8.479630438754342,3.620980489909383,0.42702102598250796,0,0,2,0,1.12425024,2,Typea,Renault,Mail
2026-01-13 20:00:00,8.479630438754342,0.9533226555880875,0.11242502400000001,0,0,2,0,1.12425024,2,Typea,Renault,Mail
2026-01-13 21:00:00,0.0,0.0,0.0,1,1,2,80,1.0,2,Typea,Renault,Mail
2026-01-13 22:00:00,0.0,0.0,0.0,1,1,2,80,1.0,2,Typea,Renault,Mail
2026-01-13 23:00:00,0.0,0.0,0.0,1,1,2,80,1.0,2,Typea,Renault,Mail
2026-01-14 00:00:00,0.0,0.0,0.0,1,1,2,80,1.0,2,Typea,Renault,Mail
2026-01-14 01:00:00,0.0,0.0,0.0,1,1,2,80,1.0,2,Typea,Renault,Mail
2026-01-14 02:00:00,0.0,0.0,0.0,1,1,2,80,1.0,2,Typea,Renault,Mail
2026-01-14 03:00:00,0.0,0.0,0.0,1,1,2,80,1.0,2,Typea,Renault,Mail
2026-01-14 04:00:00,0.0,0.0,0.0,1,1,2,80,1.0,2,Typea,Renault,Mail
2026-01-14 05:00:00,0.0,0.0,0.0,1,1,2,80,1.0,2,Typea,Renault,Mail
2026-01-14 06:00:00,0.0,0.0,0.0,1,1,2,80,1.0,2,Typea,Renault,Mail
2026-01-14 07:00:00,0.0,0.0,0.0,1,1,2,80,1.0,2,Typea,Renault,Mail
2026-01-14 08:00:00,0.0,0.0,0.0,1,1,2,80,1.0,2,Typea,Renault,Mail
2026-01-14 09:00:00,0.0,0.0,0.0,1,1,2,80,1.0,2,Typea,Renault,Mail
2026-01-14 10:00:00,9.432342043648044,2.252828616902893,0.23884085272543729,0,0,2,0,1.102475,2,Typea,Renault,Mail
2026-01-14 11:00:00,9.432342043648044,1.37506951928124,0.14578240620602212,0,0,2,0,1.102475,2,Typea,Renault,Mail
2026-01-14 12:00:00,9.432342043648044,4.679514582556895,0.4961137500000001,0,0,2,0,1.102475,2,Typea,Renault,Mail
2026-01-14 13:00:00,9.432342043648044,1.4921623718549681,0.15819638059667532,0,0,2,0,1.102475,2,Typea,Renault,Mail
2026-01-14 14:00:00,9.432342043648044,3.6699172868360543,0.3890780539820925,0,0,2,0,1.102475,2,Typea,Renault,Mail
2026-01-14 15:00:00,9.432342043648044,3.9131297055976924,0.41486299876422356,0,0,2,0,1.102475,2,Typea,Renault,Mail
2026-01-14 16:00:00,9.432342043648044,1.0398921294570878,0.11024750000000001,0,0,2,0,1.102475,2,Typea,Renault,Mail
2026-01-14 17:00:00,9.432342043648044,1.56711392510521,0.16614260995343574,0,0,2,0,1.102475,2,Typea,Renault,Mail
2026-01-14 18:00:00,9.432342043648044,2.2964561819901914,0.24346616899210918,0,0,2,0,1.102475,2,Typea,Renault,Mail
2026-01-14 19:00:00,9.432342043648044,1.0398921294570878,0.11024750000000001,0,0,2,0,1.102475,2,Typea,Renault,Mail
2026-01-14 20:00:00,9.432342043648044,2.8170958617209663,0.2986634548116354,0,0,2,0,1.102475,2,Typea,Renault,Mail
2026-01-14 21:00:00,9.432342043648044,1.7114755634878884,0.18144757214783527,0,0,2,0,1.102475,2,Typea,Renault,Mail
2026-01-14 22:00:00,0.0,0.0,0.0,1,1,2,80,1.0,2,Typea,Renault,Mail
2026-01-14 23:00:00,0.0,0.0,0.0,1,1,2,80,1.0,2,Typea,Renault,Mail
2026-01-01 00:00:00,0.0,0.0,0.0,1,1,3,100,1.0,3,Typea,Toyota,Mail
2026-01-01 01:00:00,0.0,0.0,0.0,1,1,3,100,1.0,3,Typea,Toyota,Mail
2026-01-01 02:00:00,0.0,0.0,0.0,1,1,3,100,1.0,3,Typea,Toyota,Mail
2026-01-01 03:00:00,0.0,0.0,0.0,1,1,3,100,1.0,3,Typea,Toyota,Mail
2026-01-01 04:00:00,0.0,0.0,0.0,1,1,3,100,1.0,3,Typea,Toyota,Mail
2026-01-01 05:00:00,0.0,0.0,0.0,1,1,3,100,1.0,3,Typea,Toyota,Mail
2026-01-01 06:00:00,0.0,0.0,0.0,1,1,3,100,1.0,3,Typea,Toyota,Mail
2026-01-01 07:00:00,8.271994106797772,3.13406981258731,0.3788771815023163,0,0,3,0,1.1329772784640002,3,Typea,Toyota,Mail
2026-01-01 08:00:00,8.271994106797772,3.006834595066342,0.3634957370914204,0,0,3,0,1.1329772784640002,3,Typea,Toyota,Mail
2026-01-01 09:00:00,8.271994106797772,4.098209929781815,0.49543192087310384,0,0,3,0,1.1329772784640002,3,Typea,Toyota,Mail
2026-01-01 10:00:00,8.271994106797772,4.054842446406443,0.49018923297760186,0,0,3,0,1.1329772784640002,3,Typea,Toyota,Mail
2026-01-01 11:00:00,8.271994106797772,3.06387797988556,0.37039170245149494,0,0,3,0,1.1329772784640002,3,Typea,Toyota,Mail
2026-01-01 12:00:00,8.271994106797772,0.9371981370589988,0.11329772784640002,0,0,3,0,1.1329772784640002,3,Typea,Toyota,Mail
2026-01-01 13:00:00,8.271994106797772,1.658815745859991,0.20053396127262796,0,0,3,0,1.1329772784640002,3,Typea,Toyota,Mail
2026-01-01 14:00:00,8.271994106797772,3.5192765223707485,0.4254447569635806,0,0,3,0,1.1329772784640002,3,Typea,Toyota,Mail
2026-01-01 15:00:00,8.271994106797772,3.838004052087717,0.46397567533730666,0,0,3,0,1.1329772784640002,3,Typea,Toyota,Mail
2026-01-01 16:00:00,8.271994106797772,3.4117785152481854,0.4124493406546855,0,0,3,0,1.1329772784640002,3,Typea,Toyota,Mail
2026-01-01 17:00:00,8.271994106797772,1.819632015012903,0.21997501346350853,0,0,3,0,1.1329772784640002,3,Typea,Toyota,Mail
2026-01-01 18:00:00,8.271994106797772,3.1150484778772944,0.3765776954939324,0,0,3,0,1.1329772784640002,3,Typea,Toyota,Mail
2026-01-01 19:00:00,8.271994106797772,4.217391616765495,0.5098397753088001,0,0,3,0,1.1329772784640002,3,Typea,Toyota,Mail
2026-01-01 20:00:00,0.0,0.0,0.0,1,1,3,100,1.0,3,Typea,Toyota,Mail
2026-01-01 21:00:00,0.0,0.0,0.0,1,1,3,100,1.0,3,Typea,Toyota,Mail
2026-01-01 22:00:00,0.0,0.0,0.0,1,1,3,100,1.0,3,Typea,Toyota,Mail
2026-01-01 23:00:00,0.0,0.0,0.0,1,1,3,100,1.0,3,Typea,Toyota,Mail
2026-01-02 00:00:00,0.0,0.0,0.0,1,1,3,100,1.0,3,Typea,Toyota,Mail
2026-01-02 01:00:00,0.0,0.0,0.0,1,1,3,100,1.0,3,Typea,Toyota,Mail
2026-01-02 02:00:00,0.0,0.0,0.0,1,1,3,100,1.0,3,Typea,Toyota,Mail
2026-01-02 03:00:00,0.0,0.0,0.0,1,1,3,100,1.0,3,Typea,Toyota,Mail
2026-01-02 04:00:00,0.0,0.0,0.0,1,1,3,100,1.0,3,Typea,Toyota,Mail
2026-01-02 05:00:00,0.0,0.0,0.0,1,1,3,100,1.0,3,Typea,Toyota,Mail
2026-01-02 06:00:00,0.0,0.0,0.0,1,1,3,100,1.0,3,Typea,Toyota,Mail
2026-01-02 07:00:00,0.0,0.0,0.0,1,1,3,100,1.0,3,Typea,Toyota,Mail
2026-01-02 08:00:00,11.231553685087423,4.7540486300771745,0.42327613466241204,0,0,3,0,1.23259004,3,Typea,Toyota,Mail
2026-01-02 09:00:00,11.231553685087423,3.8850643939977023,0.3459062301554998,0,0,3,0,1.23259004,3,Typea,Toyota,Mail
2026-01-02 10:00:00,11.231553685087423,5.066841925640575,0.4511256472350767,0,0,3,0,1.23259004,3,Typea,Toyota,Mail
2026-01-02 11:00:00,11.231553685087423,2.4761671311482707,0.22046523576127988,0,0,3,0,1.23259004,3,Typea,Toyota,Mail
2026-01-02 12:00:00,11.231553685087423,6.229755542683825,0.5546655180000001,0,0,3,0,1.23259004,3,Typea,Toyota,Mail
2026-01-02 13:00:00,11.231553685087423,4.056389581327159,0.3611601471230991,0,0,3,0,1.23259004,3,Typea,Toyota,Mail
2026-01-02 14:00:00,11.231553685087423,1.3843901205964055,0.123259004,0,0,3,0,1.23259004,3,Typea,Toyota,Mail
2026-01-02 15:00:00,11.231553685087423,1.3843901205964055,0.123259004,0,0,3,0,1.23259004,3,Typea,Toyota,Mail
2026-01-02 16:00:00,11.231553685087423,4.96121675058018,0.44172132277365894,0,0,3,0,1.23259004,3,Typea,Toyota,Mail
2026-01-02 17:00:00,11.231553685087423,4.770482927023102,0.42473936026830017,0,0,3,0,1.23259004,3,Typea,Toyota,Mail
2026-01-02 18:00:00,11.231553685087423,5.950919803094307,0.5298394122440583,0,0,3,0,1.23259004,3,Typea,Toyota,Mail
2026-01-02 19:00:00,11.231553685087423,2.1007399771388484,0.18703912531069353,0,0,3,0,1.23259004,3,Typea,Toyota,Mail
2026-01-02 20:00:00,11.231553685087423,1.3843901205964055,0.123259004,0,0,3,0,1.23259004,3,Typea,Toyota,Mail
2026-01-02 21:00:00,11.231553685087423,4.924856534225605,0.4384839953856546,0,0,3,0,1.23259004,3,Typea,Toyota,Mail
2026-01-02 22:00:00,11.231553685087423,4.167801266740197,0.37107967282157506,0,0,3,0,1.23259004,3,Typea,Toyota,Mail
2026-01-02 23:00:00,0.0,0.0,0.0,1,1,3,100,1.0,3,Typea,Toyota,Mail
2026-01-03 00:00:00,0.0,0.0,0.0,1,1,3,100,1.0,3,Typea,Toyota,Mail
2026-01-03 01:00:00,0.0,0.0,0.0,1,1,3,100,1.0,3,Typea,Toyota,Mail
2026-01-03 02:00:00,0.0,0.0,0.0,1,1,3,100,1.0,3,Typea,Toyota,Mail
2026-01-03 03:00:00,0.0,0.0,0.0,1,1,3,100,1.0,3,Typea,Toyota,Mail
2026-01-03 04:00:00,0.0,0.0,0.0,1,1,3,100,1.0,3,Typea,Toyota,Mail
2026-01-03 05:00:00,0.0,0.0,0.0,1,1,3,100,1.0,3,Typea,Toyota,Mail
2026-01-03 06:00:00,0.0,0.0,0.0,1,1,3,100,1.0,3,Typea,Toyota,Mail
2026-01-03 07:00:00,0.0,0.0,0.0,1,1,3,100,1.0,3,Typea,Toyota,Mail
2026-01-03 08:00:00,0.0,0.0,0.0,1,1,3,100,1.0,3,Typea,Toyota,Mail
2026-01-03 09:00:00,4.701955335053816,1.5772201297043715,0.33543919865549293,0,0,3,0,1.209049010004,3,Typea,Toyota,Mail
2026-01-03 10:00:00,4.701955335053816,0.8827181965414151,0.18773427938811163,0,0,3,0,1.209049010004,3,Typea,Toyota,Mail
2026-01-03 11:00:00,4.701955335053816,1.5069618006310468,0.3204968344544683,0,0,3,0,1.209049010004,3,Typea,Toyota,Mail
2026-01-03 12:00:00,4.701955335053816,0.5684894442929841,0.1209049010004,0,0,3,0,1.209049010004,3,Typea,Toyota,Mail
2026-01-03 13:00:00,4.701955335053816,0.5876049212864389,0.12497033242867109,0,0,3,0,1.209049010004,3,Typea,Toyota,Mail
2026-01-03 14:00:00,4.701955335053816,1.6311683912190391,0.3469127788302076,0,0,3,0,1.209049010004,3,Typea,Toyota,Mail
2026-01-03 15:00:00,4.701955335053816,2.5582024993184285,0.5440720545018,0,0,3,0,1.209049010004,3,Typea,Toyota,Mail
2026-01-03 16:00:00,4.701955335053816,0.7666828698104259,0.16305617879750678,0,0,3,0,1.209049010004,3,Typea,Toyota,Mail
2026-01-03 17:00:00,4.701955335053816,1.7966131159528813,0.3820991455530954,0,0,3,0,1.209049010004,3,Typea,Toyota,Mail
2026-01-03 18:00:00,4.701955335053816,1.1208713931779266,0.23838410050849573,0,0,3,0,1.209049010004,3,Typea,Toyota,Mail
2026-01-03 19:00:00,4.701955335053816,0.9758247401863364,0.20753594422971433,0,0,3,0,1.209049010004,3,Typea,Toyota,Mail
2026-01-03 20:00:00,4.701955335053816,1.4072167000199545,0.29928329806302767,0,0,3,0,1.209049010004,3,Typea,Toyota,Mail
2026-01-03 21:00:00,0.0,0.0,0.0,1,1,3,100,1.0,3,Typea,Toyota,Mail
2026-01-03 22:00:00,0.0,0.0,0.0,1,1,3,100,1.0,3,Typea,Toyota,Mail
2026-01-03 23:00:00,0.0,0.0,0.0,1,1,3,100,1.0,3,Typea,Toyota,Mail
2026-01-04 00:00:00,0.0,0.0,0.0,1,1,3,100,1.0,3,Typea,Toyota,Mail
2026-01-04 01:00:00,0.0,0.0,0.0,1,1,3,100,1.0,3,Typea,Toyota,Mail
2026-01-04 02:00:00,0.0,0.0,0.0,1,1,3,100,1.0,3,Typea,Toyota,Mail
2026-01-04 03:00:00,0.0,0.0,0.0,1,1,3,100,1.0,3,Typea,Toyota,Mail
2026-01-04 04:00:00,0.0,0.0,0.0,1,1,3,100,1.0,3,Typea,Toyota,Mail
2026-01-04 05:00:00,0.0,0.0,0.0,1,1,3,100,1.0,3,Typea,Toyota,Mail
2026-01-04 06:00:00,0.0,0.0,0.0,1,1,3,100,1.0,3,Typea,Toyota,Mail
2026-01-04 07:00:00,6.682524389407984,1.030585150331394,0.15422093362875036,0,0,3,0,1.3050301525,3,Typea,Toyota,Mail
2026-01-04 08:00:00,6.682524389407984,2.9606112988056106,0.4430378590908362,0,0,3,0,1.3050301525,3,Typea,Toyota,Mail
2026-01-04 09:00:00,6.682524389407984,2.972372197600782,0.44479780759380205,0,0,3,0,1.3050301525,3,Typea,Toyota,Mail
2026-01-04 10:00:00,6.682524389407984,0.8720895822994071,0.13050301525000002,0,0,3,0,1.3050301525,3,Typea,Toyota,Mail
2026-01-04 11:00:00,6.682524389407984,1.4133771994196234,0.21150348536847416,0,0,3,0,1.3050301525,3,Typea,Toyota,Mail
2026-01-04 12:00:00,6.682524389407984,0.8720895822994071,0.13050301525000002,0,0,3,0,1.3050301525,3,Typea,Toyota,Mail
2026-01-04 13:00:00,6.682524389407984,1.6046320529301306,0.24012363583341712,0,0,3,0,1.3050301525,3,Typea,Toyota,Mail
2026-01-04 14:00:00,6.682524389407984,3.580791493194006,0.5358441338230917,0,0,3,0,1.3050301525,3,Typea,Toyota,Mail
2026-01-04 15:00:00,6.682524389407984,2.758328881908192,0.4127674994019075,0,0,3,0,1.3050301525,3,Typea,Toyota,Mail
2026-01-04 16:00:00,6.682524389407984,2.0981779628769215,0.31397984363552806,0,0,3,0,1.3050301525,3,Typea,Toyota,Mail
2026-01-04 17:00:00,6.682524389407984,1.7206239307743656,0.2574811299606493,0,0,3,0,1.3050301525,3,Typea,Toyota,Mail
2026-01-04 18:00:00,6.682524389407984,1.2786237194145622,0.19133842914830537,0,0,3,0,1.3050301525,3,Typea,Toyota,Mail
2026-01-04 19:00:00,6.682524389407984,0.8720895822994071,0.13050301525000002,0,0,3,0,1.3050301525,3,Typea,Toyota,Mail
2026-01-04 20:00:00,6.682524389407984,1.8684656060777385,0.2796047567053128,0,0,3,0,1.3050301525,3,Typea,Toyota,Mail
2026-01-04 21:00:00,6.682524389407984,0.8720895822994071,0.13050301525000002,0,0,3,0,1.3050301525,3,Typea,Toyota,Mail
2026-01-04 22:00:00,6.682524389407984,2.6531480435913015,0.3970278129918428,0,0,3,0,1.3050301525,3,Typea,Toyota,Mail
2026-01-04 23:00:00,0.0,0.0,0.0,1,1,3,100,1.0,3,Typea,Toyota,Mail
2026-01-05 00:00:00,0.0,0.0,0.0,1,1,3,100,1.0,3,Typea,Toyota,Mail
2026-01-05 01:00:00,0.0,0.0,0.0,1,1,3,100,1.0,3,Typea,Toyota,Mail
2026-01-05 02:00:00,0.0,0.0,0.0,1,1,3,100,1.0,3,Typea,Toyota,Mail
2026-01-05 03:00:00,0.0,0.0,0.0,1,1,3,100,1.0,3,Typea,Toyota,Mail
2026-01-05 04:00:00,0.0,0.0,0.0,1,1,3,100,1.0,3,Typea,Toyota,Mail
2026-01-05 05:00:00,0.0,0.0,0.0,1,1,3,100,1.0,3,Typea,Toyota,Mail
2026-01-05 06:00:00,0.0,0.0,0.0,1,1,3,100,1.0,3,Typea,Toyota,Mail
2026-01-05 07:00:00,0.0,0.0,0.0,1,1,3,100,1.0,3,Typea,Toyota,Mail
2026-01-05 08:00:00,0.0,0.0,0.0,1,1,3,100,1.0,3,Typea,Toyota,Mail
2026-01-05 09:00:00,0.0,0.0,0.0,1,1,3,100,1.0,3,Typea,Toyota,Mail
2026-01-05 10:00:00,12.987699658326447,1.592548588566359,0.12261975796040002,0,0,3,0,1.226197579604,3,Typea,Toyota,Mail
2026-01-05 11:00:00,12.987699658326447,4.529843037654899,0.34877947264131604,0,0,3,0,1.226197579604,3,Typea,Toyota,Mail
2026-01-05 12:00:00,12.987699658326447,2.7526670244302687,0.2119441546113616,0,0,3,0,1.226197579604,3,Typea,Toyota,Mail
2026-01-05 13:00:00,12.987699658326447,2.288306269677828,0.17619026693543757,0,0,3,0,1.226197579604,3,Typea,Toyota,Mail
2026-01-05 14:00:00,12.987699658326447,7.166468648548615,0.5517889108218,0,0,3,0,1.226197579604,3,Typea,Toyota,Mail
2026-01-05 15:00:00,12.987699658326447,2.8238161299143076,0.21742234608142885,0,0,3,0,1.226197579604,3,Typea,Toyota,Mail
2026-01-05 16:00:00,12.987699658326447,5.039105459805619,0.3879906059095719,0,0,3,0,1.226197579604,3,Typea,Toyota,Mail
2026-01-05 17:00:00,12.987699658326447,3.153634037551968,0.24281698226137877,0,0,3,0,1.226197579604,3,Typea,Toyota,Mail
2026-01-05 18:00:00,12.987699658326447,7.048166870593139,0.5426801555327422,0,0,3,0,1.226197579604,3,Typea,Toyota,Mail
2026-01-05 19:00:00,12.987699658326447,4.454017564633126,0.34294121990861137,0,0,3,0,1.226197579604,3,Typea,Toyota,Mail
2026-01-05 20:00:00,12.987699658326447,4.426402700249466,0.3408149877728108,0,0,3,0,1.226197579604,3,Typea,Toyota,Mail
2026-01-05 21:00:00,0.0,0.0,0.0,1,1,3,100,1.0,3,Typea,Toyota,Mail
2026-01-05 22:00:00,0.0,0.0,0.0,1,1,3,100,1.0,3,Typea,Toyota,Mail
2026-01-05 23:00:00,0.0,0.0,0.0,1,1,3,100,1.0,3,Typea,Toyota,Mail
2026-01-06 00:00:00,0.0,0.0,0.0,1,1,3,100,1.0,3,Typea,Toyota,Mail
2026-01-06 01:00:00,0.0,0.0,0.0,1,1,3,100,1.0,3,Typea,Toyota,Mail
2026-01-06 02:00:00,0.0,0.0,0.0,1,1,3,100,1.0,3,Typea,Toyota,Mail
2026-01-06 03:00:00,0.0,0.0,0.0,1,1,3,100,1.0,3,Typea,Toyota,Mail
2026-01-06 04:00:00,0.0,0.0,0.0,1,1,3,100,1.0,3,Typea,Toyota,Mail
2026-01-06 05:00:00,0.0,0.0,0.0,1,1,3,100,1.0,3,Typea,Toyota,Mail
2026-01-06 06:00:00,0.0,0.0,0.0,1,1,3,100,1.0,3,Typea,Toyota,Mail
2026-01-06 07:00:00,0.0,0.0,0.0,1,1,3,100,1.0,3,Typea,Toyota,Mail
2026-01-06 08:00:00,0.0,0.0,0.0,1,1,3,100,1.0,3,Typea,Toyota,Mail
2026-01-06 09:00:00,8.517319153641841,3.8434776720062973,0.4512543915138956,0,0,3,0,1.3306301459840002,3,Typea,Toyota,Mail
2026-01-06 10:00:00,8.517319153641841,3.0779695412832915,0.36137773937556533,0,0,3,0,1.3306301459840002,3,Typea,Toyota,Mail
2026-01-06 11:00:00,8.517319153641841,4.642646478734348,0.5450830707393702,0,0,3,0,1.3306301459840002,3,Typea,Toyota,Mail
2026-01-06 12:00:00,8.517319153641841,1.6981959149248929,0.19938150541168545,0,0,3,0,1.3306301459840002,3,Typea,Toyota,Mail
2026-01-06 13:00:00,8.517319153641841,1.3837648433163103,0.16246483410506454,0,0,3,0,1.3306301459840002,3,Typea,Toyota,Mail
2026-01-06 14:00:00,8.517319153641841,2.1991756834722733,0.2582004553078122,0,0,3,0,1.3306301459840002,3,Typea,Toyota,Mail
2026-01-06 15:00:00,8.517319153641841,1.4635846298595987,0.17183630241609513,0,0,3,0,1.3306301459840002,3,Typea,Toyota,Mail
2026-01-06 16:00:00,8.517319153641841,1.1333401628802764,0.13306301459840003,0,0,3,0,1.3306301459840002,3,Typea,Toyota,Mail
2026-01-06 17:00:00,8.517319153641841,2.7835691233872124,0.32681282375065307,0,0,3,0,1.3306301459840002,3,Typea,Toyota,Mail
2026-01-06 18:00:00,8.517319153641841,5.100030732961244,0.5987835656928001,0,0,3,0,1.3306301459840002,3,Typea,Toyota,Mail
2026-01-06 19:00:00,8.517319153641841,3.190729792236528,0.37461667628977285,0,0,3,0,1.3306301459840002,3,Typea,Toyota,Mail
2026-01-06 20:00:00,8.517319153641841,3.246703911634847,0.3811884764523141,0,0,3,0,1.3306301459840002,3,Typea,Toyota,Mail
2026-01-06 21:00:00,0.0,0.0,0.0,1,1,3,100,1.0,3,Typea,Toyota,Mail
2026-01-06 22:00:00,0.0,0.0,0.0,1,1,3,100,1.0,3,Typea,Toyota,Mail
2026-01-06 23:00:00,0.0,0.0,0.0,1,1,3,100,1.0,3,Typea,Toyota,Mail
2026-01-07 00:00:00,0.0,0.0,0.0,1,1,3,100,1.0,3,Typea,Toyota,Mail
2026-01-07 01:00:00,0.0,0.0,0.0,1,1,3,100,1.0,3,Typea,Toyota,Mail
2026-01-07 02:00:00,0.0,0.0,0.0,1,1,3,100,1.0,3,Typea,Toyota,Mail
2026-01-07 03:00:00,0.0,0.0,0.0,1,1,3,100,1.0,3,Typea,Toyota,Mail
2026-01-07 04:00:00,0.0,0.0,0.0,1,1,3,100,1.0,3,Typea,Toyota,Mail
2026-01-07 05:00:00,0.0,0.0,0.0,1,1,3,100,1.0,3,Typea,Toyota,Mail
2026-01-07 06:00:00,0.0,0.0,0.0,1,1,3,100,1.0,3,Typea,Toyota,Mail
2026-01-07 07:00:00,0.0,0.0,0.0,1,1,3,100,1.0,3,Typea,Toyota,Mail
2026-01-07 08:00:00,0.0,0.0,0.0,1,1,3,100,1.0,3,Typea,Toyota,Mail
2026-01-07 09:00:00,11.160323319351905,4.960534083238198,0.4444794242328691,0,0,3,0,1.282756305344,3,Typea,Toyota,Mail
2026-01-07 10:00:00,11.160323319351905,6.442188798409351,0.5772403374048001,0,0,3,0,1.282756305344,3,Typea,Toyota,Mail
2026-01-07 11:00:00,11.160323319351905,5.529767449758641,0.49548452061151954,0,0,3,0,1.282756305344,3,Typea,Toyota,Mail
2026-01-07 12:00:00,11.160323319351905,3.2934918404083415,0.29510720667899065,0,0,3,0,1.282756305344,3,Typea,Toyota,Mail
2026-01-07 13:00:00,11.160323319351905,6.37583426206449,0.5712947626713331,0,0,3,0,1.282756305344,3,Typea,Toyota,Mail
2026-01-07 14:00:00,11.160323319351905,4.464578998227902,0.40004029188709617,0,0,3,0,1.282756305344,3,Typea,Toyota,Mail
2026-01-07 15:00:00,11.160323319351905,5.565950588446457,0.49872664341140965,0,0,3,0,1.282756305344,3,Typea,Toyota,Mail
2026-01-07 16:00:00,11.160323319351905,6.442188798409351,0.5772403374048001,0,0,3,0,1.282756305344,3,Typea,Toyota,Mail
2026-01-07 17:00:00,11.160323319351905,4.184896558941717,0.3749798674456987,0,0,3,0,1.282756305344,3,Typea,Toyota,Mail
2026-01-07 18:00:00,11.160323319351905,1.4315975107576338,0.12827563053440003,0,0,3,0,1.282756305344,3,Typea,Toyota,Mail
2026-01-07 19:00:00,11.160323319351905,3.1687231583830537,0.2839275411392889,0,0,3,0,1.282756305344,3,Typea,Toyota,Mail
2026-01-07 20:00:00,11.160323319351905,3.1345911074638346,0.2808692022415229,0,0,3,0,1.282756305344,3,Typea,Toyota,Mail
2026-01-07 21:00:00,0.0,0.0,0.0,1,1,3,100,1.0,3,Typea,Toyota,Mail
2026-01-07 22:00:00,0.0,0.0,0.0,1,1,3,100,1.0,3,Typea,Toyota,Mail
2026-01-07 23:00:00,0.0,0.0,0.0,1,1,3,100,1.0,3,Typea,Toyota,Mail
2026-01-08 00:00:00,0.0,0.0,0.0,1,1,3,100,1.0,3,Typea,Toyota,Mail
2026-01-08 01:00:00,0.0,0.0,0.0,1,1,3,100,1.0,3,Typea,Toyota,Mail
2026-01-08 02:00:00,0.0,0.0,0.0,1,1,3,100,1.0,3,Typea,Toyota,Mail
2026-01-08 03:00:00,0.0,0.0,0.0,1,1,3,100,1.0,3,Typea,Toyota,Mail
2026-01-08 04:00:00,0.0,0.0,0.0,1,1,3,100,1.0,3,Typea,Toyota,Mail
2026-01-08 05:00:00,0.0,0.0,0.0,1,1,3,100,1.0,3,Typea,Toyota,Mail
2026-01-08 06:00:00,0.0,0.0,0.0,1,1,3,100,1.0,3,Typea,Toyota,Mail
2026-01-08 07:00:00,0.0,0.0,0.0,1,1,3,100,1.0,3,Typea,Toyota,Mail
2026-01-08 08:00:00,0.0,0.0,0.0,1,1,3,100,1.0,3,Typea,Toyota,Mail
2026-01-08 09:00:00,8.28258694340294,3.7474997749867516,0.4524552293376921,0,0,3,0,1.176585222144,3,Typea,Toyota,Mail
2026-01-08 10:00:00,8.28258694340294,0.9745169398730744,0.11765852221440001,0,0,3,0,1.176585222144,3,Typea,Toyota,Mail
2026-01-08 11:00:00,8.28258694340294,3.1080309838470557,0.37524882081951394,0,0,3,0,1.176585222144,3,Typea,Toyota,Mail
2026-01-08 12:00:00,8.28258694340294,1.9156418369087822,0.23128544861633912,0,0,3,0,1.176585222144,3,Typea,Toyota,Mail
2026-01-08 13:00:00,8.28258694340294,2.1368950008780816,0.2579984991983831,0,0,3,0,1.176585222144,3,Typea,Toyota,Mail
2026-01-08 14:00:00,8.28258694340294,0.9745169398730744,0.11765852221440001,0,0,3,0,1.176585222144,3,Typea,Toyota,Mail
2026-01-08 15:00:00,8.28258694340294,1.3347766281657136,0.16115455681740354,0,0,3,0,1.176585222144,3,Typea,Toyota,Mail
2026-01-08 16:00:00,8.28258694340294,4.287925329597747,0.5177036303872511,0,0,3,0,1.176585222144,3,Typea,Toyota,Mail
2026-01-08 17:00:00,8.28258694340294,0.9745169398730744,0.11765852221440001,0,0,3,0,1.176585222144,3,Typea,Toyota,Mail
2026-01-08 18:00:00,8.28258694340294,1.6568556340563516,0.2000408381316218,0,0,3,0,1.176585222144,3,Typea,Toyota,Mail
2026-01-08 19:00:00,8.28258694340294,3.049616600352342,0.36819614707230497,0,0,3,0,1.176585222144,3,Typea,Toyota,Mail
2026-01-08 20:00:00,8.28258694340294,1.3364119025667693,0.16135199204050832,0,0,3,0,1.176585222144,3,Typea,Toyota,Mail
2026-01-08 21:00:00,8.28258694340294,2.3920886204174887,0.2888093583276879,0,0,3,0,1.176585222144,3,Typea,Toyota,Mail
2026-01-08 22:00:00,0.0,0.0,0.0,1,1,3,100,1.0,3,Typea,Toyota,Mail
2026-01-08 23:00:00,0.0,0.0,0.0,1,1,3,100,1.0,3,Typea,Toyota,Mail
2026-01-09 00:00:00,0.0,0.0,0.0,1,1,3,100,1.0,3,Typea,Toyota,Mail
2026-01-09 01:00:00,0.0,0.0,0.0,1,1,3,100,1.0,3,Typea,Toyota,Mail
2026-01-09 02:00:00,0.0,0.0,0.0,1,1,3,100,1.0,3,Typea,Toyota,Mail
2026-01-09 03:00:00,0.0,0.0,0.0,1,1,3,100,1.0,3,Typea,Toyota,Mail
2026-01-09 04:00:00,0.0,0.0,0.0,1,1,3,100,1.0,3,Typea,Toyota,Mail
2026-01-09 05:00:00,0.0,0.0,0.0,1,1,3,100,1.0,3,Typea,Toyota,Mail
2026-01-09 06:00:00,0.0,0.0,0.0,1,1,3,100,1.0,3,Typea,Toyota,Mail
2026-01-09 07:00:00,0.0,0.0,0.0,1,1,3,100,1.0,3,Typea,Toyota,Mail
2026-01-09 08:00:00,0.0,0.0,0.0,1,1,3,100,1.0,3,Typea,Toyota,Mail
2026-01-09 09:00:00,0.0,0.0,0.0,1,1,3,100,1.0,3,Typea,Toyota,Mail
2026-01-09 10:00:00,17.43332557532893,5.0702161179482985,0.29083470597964983,0,0,3,0,1.137342385344,3,Typea,Toyota,Mail
2026-01-09 11:00:00,17.43332557532893,4.053069928512691,0.23248977431181936,0,0,3,0,1.137342385344,3,Typea,Toyota,Mail
2026-01-09 12:00:00,17.43332557532893,8.033405484160465,0.4608074030080111,0,0,3,0,1.137342385344,3,Typea,Toyota,Mail
2026-01-09 13:00:00,17.43332557532893,5.134890494854885,0.2945445189253858,0,0,3,0,1.137342385344,3,Typea,Toyota,Mail
2026-01-09 14:00:00,17.43332557532893,8.922447042445423,0.5118040734047999,0,0,3,0,1.137342385344,3,Typea,Toyota,Mail
2026-01-09 15:00:00,17.43332557532893,1.9827660094323165,0.1137342385344,0,0,3,0,1.137342385344,3,Typea,Toyota,Mail
2026-01-09 16:00:00,17.43332557532893,6.4392653762569045,0.369365291116317,0,0,3,0,1.137342385344,3,Typea,Toyota,Mail
2026-01-09 17:00:00,17.43332557532893,5.631211373271252,0.3230141804522,0,0,3,0,1.137342385344,3,Typea,Toyota,Mail
2026-01-09 18:00:00,17.43332557532893,1.9827660094323165,0.1137342385344,0,0,3,0,1.137342385344,3,Typea,Toyota,Mail
2026-01-09 19:00:00,0.0,0.0,0.0,1,1,3,100,1.0,3,Typea,Toyota,Mail
2026-01-09 20:00:00,0.0,0.0,0.0,1,1,3,100,1.0,3,Typea,Toyota,Mail
2026-01-09 21:00:00,0.0,0.0,0.0,1,1,3,100,1.0,3,Typea,Toyota,Mail
2026-01-09 22:00:00,0.0,0.0,0.0,1,1,3,100,1.0,3,Typea,Toyota,Mail
2026-01-09 23:00:00,0.0,0.0,0.0,1,1,3,100,1.0,3,Typea,Toyota,Mail
2026-01-10 00:00:00,0.0,0.0,0.0,1,1,3,100,1.0,3,Typea,Toyota,Mail
2026-01-10 01:00:00,0.0,0.0,0.0,1,1,3,100,1.0,3,Typea,Toyota,Mail
2026-01-10 02:00:00,0.0,0.0,0.0,1,1,3,100,1.0,3,Typea,Toyota,Mail
2026-01-10 03:00:00,0.0,0.0,0.0,1,1,3,100,1.0,3,Typea,Toyota,Mail
2026-01-10 04:00:00,0.0,0.0,0.0,1,1,3,100,1.0,3,Typea,Toyota,Mail
2026-01-10 05:00:00,0.0,0.0,0.0,1,1,3,100,1.0,3,Typea,Toyota,Mail
2026-01-10 06:00:00,0.0,0.0,0.0,1,1,3,100,1.0,3,Typea,Toyota,Mail
2026-01-10 07:00:00,0.0,0.0,0.0,1,1,3,100,1.0,3,Typea,Toyota,Mail
2026-01-10 08:00:00,3.9395640505839027,1.4420839707589996,0.3660516626313668,0,0,3,0,1.18961004,3,Typea,Toyota,Mail
2026-01-10 09:00:00,3.9395640505839027,0.4686544947797679,0.11896100400000001,0,0,3,0,1.18961004,3,Typea,Toyota,Mail
2026-01-10 10:00:00,3.9395640505839027,1.9003511969464892,0.482376012306445,0,0,3,0,1.18961004,3,Typea,Toyota,Mail
2026-01-10 11:00:00,3.9395640505839027,1.2780924352179355,0.3244248396033827,0,0,3,0,1.18961004,3,Typea,Toyota,Mail
2026-01-10 12:00:00,3.9395640505839027,1.7013017299296749,0.43185025248606285,0,0,3,0,1.18961004,3,Typea,Toyota,Mail
2026-01-10 13:00:00,3.9395640505839027,0.8895636699410324,0.22580256559331374,0,0,3,0,1.18961004,3,Typea,Toyota,Mail
2026-01-10 14:00:00,3.9395640505839027,1.226463087459875,0.31131949416537463,0,0,3,0,1.18961004,3,Typea,Toyota,Mail
2026-01-10 15:00:00,3.9395640505839027,0.9299060526643073,0.23604288208652965,0,0,3,0,1.18961004,3,Typea,Toyota,Mail
2026-01-10 16:00:00,3.9395640505839027,1.6980514751626232,0.4310252234408897,0,0,3,0,1.18961004,3,Typea,Toyota,Mail
2026-01-10 17:00:00,3.9395640505839027,0.4686544947797679,0.11896100400000001,0,0,3,0,1.18961004,3,Typea,Toyota,Mail
2026-01-10 18:00:00,3.9395640505839027,1.0667187815652643,0.2707707674932105,0,0,3,0,1.18961004,3,Typea,Toyota,Mail
2026-01-10 19:00:00,3.9395640505839027,1.8065721873990477,0.458571599345183,0,0,3,0,1.18961004,3,Typea,Toyota,Mail
2026-01-10 20:00:00,3.9395640505839027,1.713904998943642,0.43504940570508444,0,0,3,0,1.18961004,3,Typea,Toyota,Mail
2026-01-10 21:00:00,0.0,0.0,0.0,1,1,3,100,1.0,3,Typea,Toyota,Mail
2026-01-10 22:00:00,0.0,0.0,0.0,1,1,3,100,1.0,3,Typea,Toyota,Mail
2026-01-10 23:00:00,0.0,0.0,0.0,1,1,3,100,1.0,3,Typea,Toyota,Mail
2026-01-11 00:00:00,0.0,0.0,0.0,1,1,3,100,1.0,3,Typea,Toyota,Mail
2026-01-11 01:00:00,0.0,0.0,0.0,1,1,3,100,1.0,3,Typea,Toyota,Mail
2026-01-11 02:00:00,0.0,0.0,0.0,1,1,3,100,1.0,3,Typea,Toyota,Mail
2026-01-11 03:00:00,0.0,0.0,0.0,1,1,3,100,1.0,3,Typea,Toyota,Mail
2026-01-11 04:00:00,0.0,0.0,0.0,1,1,3,100,1.0,3,Typea,Toyota,Mail
2026-01-11 05:00:00,0.0,0.0,0.0,1,1,3,100,1.0,3,Typea,Toyota,Mail
2026-01-11 06:00:00,0.0,0.0,0.0,1,1,3,100,1.0,3,Typea,Toyota,Mail
2026-01-11 07:00:00,0.0,0.0,0.0,1,1,3,100,1.0,3,Typea,Toyota,Mail
2026-01-11 08:00:00,0.0,0.0,0.0,1,1,3,100,1.0,3,Typea,Toyota,Mail
2026-01-11 09:00:00,2.608695652173913,1.1460869849664441,0.43933334423713694,0,0,3,0,1.122069513044,3,Typea,Toyota,Mail
2026-01-11 10:00:00,2.608695652173913,0.29271378601147824,0.1122069513044,0,0,3,0,1.122069513044,3,Typea,Toyota,Mail
2026-01-11 11:00:00,2.608695652173913,0.29271378601147824,0.1122069513044,0,0,3,0,1.122069513044,3,Typea,Toyota,Mail
2026-01-11 12:00:00,2.608695652173913,0.6883620522530498,0.2638721200303357,0,0,3,0,1.122069513044,3,Typea,Toyota,Mail
2026-01-11 13:00:00,2.608695652173913,0.747940086381901,0.28671036644639536,0,0,3,0,1.122069513044,3,Typea,Toyota,Mail
2026-01-11 14:00:00,2.608695652173913,1.0261303294508557,0.39334995962282804,0,0,3,0,1.122069513044,3,Typea,Toyota,Mail
2026-01-11 15:00:00,2.608695652173913,0.6298720188951197,0.24145094057646255,0,0,3,0,1.122069513044,3,Typea,Toyota,Mail
2026-01-11 16:00:00,2.608695652173913,0.48554428072754424,0.18612530761222532,0,0,3,0,1.122069513044,3,Typea,Toyota,Mail
2026-01-11 17:00:00,2.608695652173913,0.5747566027087,0.22032336437166833,0,0,3,0,1.122069513044,3,Typea,Toyota,Mail
2026-01-11 18:00:00,2.608695652173913,0.9927435421276825,0.38055169114894494,0,0,3,0,1.122069513044,3,Typea,Toyota,Mail
2026-01-11 19:00:00,2.608695652173913,0.29271378601147824,0.1122069513044,0,0,3,0,1.122069513044,3,Typea,Toyota,Mail
2026-01-11 20:00:00,0.0,0.0,0.0,1,1,3,100,1.0,3,Typea,Toyota,Mail
2026-01-11 21:00:00,0.0,0.0,0.0,1,1,3,100,1.0,3,Typea,Toyota,Mail
2026-01-11 22:00:00,0.0,0.0,0.0,1,1,3,100,1.0,3,Typea,Toyota,Mail
2026-01-11 23:00:00,0.0,0.0,0.0,1,1,3,100,1.0,3,Typea,Toyota,Mail
2026-01-12 00:00:00,0.0,0.0,0.0,1,1,3,100,1.0,3,Typea,Toyota,Mail
2026-01-12 01:00:00,0.0,0.0,0.0,1,1,3,100,1.0,3,Typea,Toyota,Mail
2026-01-12 02:00:00,0.0,0.0,0.0,1,1,3,100,1.0,3,Typea,Toyota,Mail
2026-01-12 03:00:00,0.0,0.0,0.0,1,1,3,100,1.0,3,Typea,Toyota,Mail
2026-01-12 04:00:00,0.0,0.0,0.0,1,1,3,100,1.0,3,Typea,Toyota,Mail
2026-01-12 05:00:00,0.0,0.0,0.0,1,1,3,100,1.0,3,Typea,Toyota,Mail
2026-01-12 06:00:00,0.0,0.0,0.0,1,1,3,100,1.0,3,Typea,Toyota,Mail
2026-01-12 07:00:00,0.0,0.0,0.0,1,1,3,100,1.0,3,Typea,Toyota,Mail
2026-01-12 08:00:00,0.0,0.0,0.0,1,1,3,100,1.0,3,Typea,Toyota,Mail
2026-01-12 09:00:00,11.928525787340623,3.2307815971928093,0.27084500254185123,0,0,3,0,1.119889326784,3,Typea,Toyota,Mail
2026-01-12 10:00:00,11.928525787340623,5.894168367969661,0.4941237897330917,0,0,3,0,1.119889326784,3,Typea,Toyota,Mail
2026-01-12 11:00:00,11.928525787340623,4.159856709301941,0.3487318368977891,0,0,3,0,1.119889326784,3,Typea,Toyota,Mail
2026-01-12 12:00:00,11.928525787340623,1.3358628713510476,0.1119889326784,0,0,3,0,1.119889326784,3,Typea,Toyota,Mail
2026-01-12 13:00:00,11.928525787340623,1.3358628713510476,0.1119889326784,0,0,3,0,1.119889326784,3,Typea,Toyota,Mail
2026-01-12 14:00:00,11.928525787340623,5.32498158805551,0.4464073501611363,0,0,3,0,1.119889326784,3,Typea,Toyota,Mail
2026-01-12 15:00:00,11.928525787340623,4.654183854662504,0.39017259447113295,0,0,3,0,1.119889326784,3,Typea,Toyota,Mail
2026-01-12 16:00:00,11.928525787340623,2.946522037927465,0.24701476866944597,0,0,3,0,1.119889326784,3,Typea,Toyota,Mail
2026-01-12 17:00:00,11.928525787340623,1.3358628713510476,0.1119889326784,0,0,3,0,1.119889326784,3,Typea,Toyota,Mail
2026-01-12 18:00:00,11.928525787340623,6.011382921079714,0.5039501970528,0,0,3,0,1.119889326784,3,Typea,Toyota,Mail
2026-01-12 19:00:00,11.928525787340623,5.646918698283131,0.47339619320570464,0,0,3,0,1.119889326784,3,Typea,Toyota,Mail
2026-01-12 20:00:00,0.0,0.0,0.0,1,1,3,100,1.0,3,Typea,Toyota,Mail
2026-01-12 21:00:00,0.0,0.0,0.0,1,1,3,100,1.0,3,Typea,Toyota,Mail
2026-01-12 22:00:00,0.0,0.0,0.0,1,1,3,100,1.0,3,Typea,Toyota,Mail
2026-01-12 23:00:00,0.0,0.0,0.0,1,1,3,100,1.0,3,Typea,Toyota,Mail
2026-01-13 00:00:00,0.0,0.0,0.0,1,1,3,100,1.0,3,Typea,Toyota,Mail
2026-01-13 01:00:00,0.0,0.0,0.0,1,1,3,100,1.0,3,Typea,Toyota,Mail
2026-01-13 02:00:00,0.0,0.0,0.0,1,1,3,100,1.0,3,Typea,Toyota,Mail
2026-01-13 03:00:00,0.0,0.0,0.0,1,1,3,100,1.0,3,Typea,Toyota,Mail
2026-01-13 04:00:00,0.0,0.0,0.0,1,1,3,100,1.0,3,Typea,Toyota,Mail
2026-01-13 05:00:00,0.0,0.0,0.0,1,1,3,100,1.0,3,Typea,Toyota,Mail
2026-01-13 06:00:00,0.0,0.0,0.0,1,1,3,100,1.0,3,Typea,Toyota,Mail
2026-01-13 07:00:00,0.0,0.0,0.0,1,1,3,100,1.0,3,Typea,Toyota,Mail
2026-01-13 08:00:00,0.0,0.0,0.0,1,1,3,100,1.0,3,Typea,Toyota,Mail
2026-01-13 09:00:00,10.782608941539369,5.455057810658302,0.505912608,0,0,3,0,1.12425024,3,Typea,Toyota,Mail
2026-01-13 10:00:00,10.782608941539369,5.455057810658302,0.505912608,0,0,3,0,1.12425024,3,Typea,Toyota,Mail
2026-01-13 11:00:00,10.782608941539369,2.9182827215689704,0.27064718171559177,0,0,3,0,1.12425024,3,Typea,Toyota,Mail
2026-01-13 12:00:00,10.782608941539369,4.571419857313806,0.42396231580862387,0,0,3,0,1.12425024,3,Typea,Toyota,Mail
2026-01-13 13:00:00,10.782608941539369,3.7227486907788356,0.3452549110296641,0,0,3,0,1.12425024,3,Typea,Toyota,Mail
2026-01-13 14:00:00,10.782608941539369,5.075892816510678,0.4707481133769118,0,0,3,0,1.12425024,3,Typea,Toyota,Mail
2026-01-13 15:00:00,10.782608941539369,2.6245394100634827,0.24340485909236662,0,0,3,0,1.12425024,3,Typea,Toyota,Mail
2026-01-13 16:00:00,10.782608941539369,1.7579179665423545,0.1630327109212019,0,0,3,0,1.12425024,3,Typea,Toyota,Mail
2026-01-13 17:00:00,10.782608941539369,5.247481257944693,0.4866615571792722,0,0,3,0,1.12425024,3,Typea,Toyota,Mail
2026-01-13 18:00:00,10.782608941539369,3.101768137867552,0.2876639739681342,0,0,3,0,1.12425024,3,Typea,Toyota,Mail
2026-01-13 19:00:00,10.782608941539369,5.455057810658302,0.505912608,0,0,3,0,1.12425024,3,Typea,Toyota,Mail
2026-01-13 20:00:00,0.0,0.0,0.0,1,1,3,100,1.0,3,Typea,Toyota,Mail
2026-01-13 21:00:00,0.0,0.0,0.0,1,1,3,100,1.0,3,Typea,Toyota,Mail
2026-01-13 22:00:00,0.0,0.0,0.0,1,1,3,100,1.0,3,Typea,Toyota,Mail
2026-01-13 23:00:00,0.0,0.0,0.0,1,1,3,100,1.0,3,Typea,Toyota,Mail
2026-01-14 00:00:00,0.0,0.0,0.0,1,1,3,100,1.0,3,Typea,Toyota,Mail
2026-01-14 01:00:00,0.0,0.0,0.0,1,1,3,100,1.0,3,Typea,Toyota,Mail
2026-01-14 02:00:00,0.0,0.0,0.0,1,1,3,100,1.0,3,Typea,Toyota,Mail
2026-01-14 03:00:00,0.0,0.0,0.0,1,1,3,100,1.0,3,Typea,Toyota,Mail
2026-01-14 04:00:00,0.0,0.0,0.0,1,1,3,100,1.0,3,Typea,Toyota,Mail
2026-01-14 05:00:00,0.0,0.0,0.0,1,1,3,100,1.0,3,Typea,Toyota,Mail
2026-01-14 06:00:00,0.0,0.0,0.0,1,1,3,100,1.0,3,Typea,Toyota,Mail
2026-01-14 07:00:00,0.0,0.0,0.0,1,1,3,100,1.0,3,Typea,Toyota,Mail
2026-01-14 08:00:00,0.0,0.0,0.0,1,1,3,100,1.0,3,Typea,Toyota,Mail
2026-01-14 09:00:00,10.555748642674144,2.329394390083791,0.22067543183689078,0,0,3,0,1.102475,3,Typea,Toyota,Mail
2026-01-14 10:00:00,10.555748642674144,1.163744898483218,0.11024750000000001,0,0,3,0,1.102475,3,Typea,Toyota,Mail
2026-01-14 11:00:00,10.555748642674144,1.761722827000145,0.16689700433732935,0,0,3,0,1.102475,3,Typea,Toyota,Mail
2026-01-14 12:00:00,10.555748642674144,1.163744898483218,0.11024750000000001,0,0,3,0,1.102475,3,Typea,Toyota,Mail
2026-01-14 13:00:00,10.555748642674144,1.163744898483218,0.11024750000000001,0,0,3,0,1.102475,3,Typea,Toyota,Mail
2026-01-14 14:00:00,10.555748642674144,4.407597038755245,0.41755418662931004,0,0,3,0,1.102475,3,Typea,Toyota,Mail
2026-01-14 15:00:00,10.555748642674144,1.5096724691428847,0.14301898617021552,0,0,3,0,1.102475,3,Typea,Toyota,Mail
2026-01-14 16:00:00,10.555748642674144,4.416424505953654,0.41839045769801675,0,0,3,0,1.102475,3,Typea,Toyota,Mail
2026-01-14 17:00:00,10.555748642674144,2.773891207025239,0.2627848863140904,0,0,3,0,1.102475,3,Typea,Toyota,Mail
2026-01-14 18:00:00,10.555748642674144,4.415894519379624,0.4183402493620691,0,0,3,0,1.102475,3,Typea,Toyota,Mail
2026-01-14 19:00:00,10.555748642674144,2.5399395490161707,0.24062145045287037,0,0,3,0,1.102475,3,Typea,Toyota,Mail
2026-01-14 20:00:00,10.555748642674144,4.785313292018869,0.45333717711627697,0,0,3,0,1.102475,3,Typea,Toyota,Mail
2026-01-14 21:00:00,10.555748642674144,5.095838062853414,0.4827547751802526,0,0,3,0,1.102475,3,Typea,Toyota,Mail
2026-01-14 22:00:00,0.0,0.0,0.0,1,1,3,100,1.0,3,Typea,Toyota,Mail
2026-01-14 23:00:00,0.0,0.0,0.0,1,1,3,100,1.0,3,Typea,Toyota,Mail
2026-01-01 00:00:00,0.0,0.0,0.0,1,1,4,100,1.0,4,Typea,Toyota,Mail
2026-01-01 01:00:00,0.0,0.0,0.0,1,1,4,100,1.0,4,Typea,Toyota,Mail
2026-01-01 02:00:00,0.0,0.0,0.0,1,1,4,100,1.0,4,Typea,Toyota,Mail
2026-01-01 03:00:00,0.0,0.0,0.0,1,1,4,100,1.0,4,Typea,Toyota,Mail
2026-01-01 04:00:00,0.0,0.0,0.0,1,1,4,100,1.0,4,Typea,Toyota,Mail
2026-01-01 05:00:00,0.0,0.0,0.0,1,1,4,100,1.0,4,Typea,Toyota,Mail
2026-01-01 06:00:00,0.0,0.0,0.0,1,1,4,100,1.0,4,Typea,Toyota,Mail
2026-01-01 07:00:00,0.0,0.0,0.0,1,1,4,100,1.0,4,Typea,Toyota,Mail
2026-01-01 08:00:00,0.0,0.0,0.0,1,1,4,100,1.0,4,Typea,Toyota,Mail
2026-01-01 09:00:00,10.737641347542557,1.2165503671061286,0.11329772784640002,0,0,4,0,1.1329772784640002,4,Typea,Toyota,Mail
2026-01-01 10:00:00,10.737641347542557,5.258397394278426,0.4897162443856328,0,0,4,0,1.1329772784640002,4,Typea,Toyota,Mail
2026-01-01 11:00:00,10.737641347542557,3.500652407642669,0.3260168871671093,0,0,4,0,1.1329772784640002,4,Typea,Toyota,Mail
2026-01-01 12:00:00,10.737641347542557,3.9520480912461617,0.3680555126895384,0,0,4,0,1.1329772784640002,4,Typea,Toyota,Mail
2026-01-01 13:00:00,10.737641347542557,1.9054008369080009,0.1774505941515802,0,0,4,0,1.1329772784640002,4,Typea,Toyota,Mail
2026-01-01 14:00:00,10.737641347542557,4.240504775244524,0.39491957665498084,0,0,4,0,1.1329772784640002,4,Typea,Toyota,Mail
2026-01-01 15:00:00,10.737641347542557,3.4281217122020124,0.3192620801202846,0,0,4,0,1.1329772784640002,4,Typea,Toyota,Mail
2026-01-01 16:00:00,10.737641347542557,4.169161669027463,0.3882753701753716,0,0,4,0,1.1329772784640002,4,Typea,Toyota,Mail
2026-01-01 17:00:00,10.737641347542557,4.65187741704268,0.43323084339255946,0,0,4,0,1.1329772784640002,4,Typea,Toyota,Mail
2026-01-01 18:00:00,10.737641347542557,2.5199796357852304,0.23468651580190458,0,0,4,0,1.1329772784640002,4,Typea,Toyota,Mail
2026-01-01 19:00:00,10.737641347542557,1.2165503671061286,0.11329772784640002,0,0,4,0,1.1329772784640002,4,Typea,Toyota,Mail
2026-01-01 20:00:00,10.737641347542557,5.474476651977579,0.5098397753088001,0,0,4,0,1.1329772784640002,4,Typea,Toyota,Mail
2026-01-01 21:00:00,10.737641347542557,3.453417436493792,0.3216178790777129,0,0,4,0,1.1329772784640002,4,Typea,Toyota,Mail
2026-01-01 22:00:00,0.0,0.0,0.0,1,1,4,100,1.0,4,Typea,Toyota,Mail
2026-01-01 23:00:00,0.0,0.0,0.0,1,1,4,100,1.0,4,Typea,Toyota,Mail
2026-01-02 00:00:00,0.0,0.0,0.0,1,1,4,100,1.0,4,Typea,Toyota,Mail
2026-01-02 01:00:00,0.0,0.0,0.0,1,1,4,100,1.0,4,Typea,Toyota,Mail
2026-01-02 02:00:00,0.0,0.0,0.0,1,1,4,100,1.0,4,Typea,Toyota,Mail
2026-01-02 03:00:00,0.0,0.0,0.0,1,1,4,100,1.0,4,Typea,Toyota,Mail
2026-01-02 04:00:00,0.0,0.0,0.0,1,1,4,100,1.0,4,Typea,Toyota,Mail
2026-01-02 05:00:00,0.0,0.0,0.0,1,1,4,100,1.0,4,Typea,Toyota,Mail
2026-01-02 06:00:00,0.0,0.0,0.0,1,1,4,100,1.0,4,Typea,Toyota,Mail
2026-01-02 07:00:00,0.0,0.0,0.0,1,1,4,100,1.0,4,Typea,Toyota,Mail
2026-01-02 08:00:00,0.0,0.0,0.0,1,1,4,100,1.0,4,Typea,Toyota,Mail
2026-01-02 09:00:00,0.0,0.0,0.0,1,1,4,100,1.0,4,Typea,Toyota,Mail
2026-01-02 10:00:00,10.966737113464484,2.5442358568642676,0.23199570032006744,0,0,4,0,1.23259004,4,Typea,Toyota,Mail
2026-01-02 11:00:00,10.966737113464484,5.474211318920455,0.4991649988764166,0,0,4,0,1.23259004,4,Typea,Toyota,Mail
2026-01-02 12:00:00,10.966737113464484,1.9587419111861744,0.17860753758575246,0,0,4,0,1.23259004,4,Typea,Toyota,Mail
2026-01-02 13:00:00,10.966737113464484,4.3053411724338515,0.39258177960224294,0,0,4,0,1.23259004,4,Typea,Toyota,Mail
2026-01-02 14:00:00,10.966737113464484,5.5057443012730785,0.5020403283409943,0,0,4,0,1.23259004,4,Typea,Toyota,Mail
2026-01-02 15:00:00,10.966737113464484,3.6480404791522156,0.3326459311834246,0,0,4,0,1.23259004,4,Typea,Toyota,Mail
2026-01-02 16:00:00,10.966737113464484,3.5346576057516015,0.3223071337610438,0,0,4,0,1.23259004,4,Typea,Toyota,Mail
2026-01-02 17:00:00,10.966737113464484,5.303663048713172,0.48361358477368493,0,0,4,0,1.23259004,4,Typea,Toyota,Mail
2026-01-02 18:00:00,10.966737113464484,1.6929894778805739,0.15437494857080095,0,0,4,0,1.23259004,4,Typea,Toyota,Mail
2026-01-02 19:00:00,10.966737113464484,2.5756331545629814,0.2348586574032791,0,0,4,0,1.23259004,4,Typea,Toyota,Mail
2026-01-02 20:00:00,10.966737113464484,1.3517490937354675,0.123259004,0,0,4,0,1.23259004,4,Typea,Toyota,Mail
2026-01-02 21:00:00,0.0,0.0,0.0,1,1,4,100,1.0,4,Typea,Toyota,Mail
2026-01-02 22:00:00,0.0,0.0,0.0,1,1,4,100,1.0,4,Typea,Toyota,Mail
2026-01-02 23:00:00,0.0,0.0,0.0,1,1,4,100,1.0,4,Typea,Toyota,Mail
2026-01-03 00:00:00,0.0,0.0,0.0,1,1,4,100,1.0,4,Typea,Toyota,Mail
2026-01-03 01:00:00,0.0,0.0,0.0,1,1,4,100,1.0,4,Typea,Toyota,Mail
2026-01-03 02:00:00,0.0,0.0,0.0,1,1,4,100,1.0,4,Typea,Toyota,Mail
2026-01-03 03:00:00,0.0,0.0,0.0,1,1,4,100,1.0,4,Typea,Toyota,Mail
2026-01-03 04:00:00,0.0,0.0,0.0,1,1,4,100,1.0,4,Typea,Toyota,Mail
2026-01-03 05:00:00,0.0,0.0,0.0,1,1,4,100,1.0,4,Typea,Toyota,Mail
2026-01-03 06:00:00,0.0,0.0,0.0,1,1,4,100,1.0,4,Typea,Toyota,Mail
2026-01-03 07:00:00,0.0,0.0,0.0,1,1,4,100,1.0,4,Typea,Toyota,Mail
2026-01-03 08:00:00,5.726757825148845,2.945462616321802,0.5143333638777096,0,0,4,0,1.209049010004,4,Typea,Toyota,Mail
2026-01-03 09:00:00,5.726757825148845,1.8102553396528749,0.31610474808332306,0,0,4,0,1.209049010004,4,Typea,Toyota,Mail
2026-01-03 10:00:00,5.726757825148845,0.8868149896410474,0.1548546344576738,0,0,4,0,1.209049010004,4,Typea,Toyota,Mail
2026-01-03 11:00:00,5.726757825148845,1.1981195895846501,0.20921429300243016,0,0,4,0,1.209049010004,4,Typea,Toyota,Mail
2026-01-03 12:00:00,5.726757825148845,2.26999354045578,0.3963837147935935,0,0,4,0,1.209049010004,4,Typea,Toyota,Mail
2026-01-03 13:00:00,5.726757825148845,0.979011398271533,0.17095386746969474,0,0,4,0,1.209049010004,4,Typea,Toyota,Mail
2026-01-03 14:00:00,5.726757825148845,0.6923930879028872,0.1209049010004,0,0,4,0,1.209049010004,4,Typea,Toyota,Mail
2026-01-03 15:00:00,5.726757825148845,1.6109634306678235,0.28130461944686,0,0,4,0,1.209049010004,4,Typea,Toyota,Mail
2026-01-03 16:00:00,5.726757825148845,1.9215688280183936,0.3355421840225014,0,0,4,0,1.209049010004,4,Typea,Toyota,Mail
2026-01-03 17:00:00,5.726757825148845,0.8646106826336901,0.1509773433821113,0,0,4,0,1.209049010004,4,Typea,Toyota,Mail
2026-01-03 18:00:00,5.726757825148845,2.7118767870138023,0.47354486950796065,0,0,4,0,1.209049010004,4,Typea,Toyota,Mail
2026-01-03 19:00:00,5.726757825148845,1.27474404547662,0.22259436916969466,0,0,4,0,1.209049010004,4,Typea,Toyota,Mail
2026-01-03 20:00:00,5.726757825148845,0.8904259574837445,0.15548517759446223,0,0,4,0,1.209049010004,4,Typea,Toyota,Mail
2026-01-03 21:00:00,5.726757825148845,3.1157688955629923,0.5440720545018,0,0,4,0,1.209049010004,4,Typea,Toyota,Mail
2026-01-03 22:00:00,0.0,0.0,0.0,1,1,4,100,1.0,4,Typea,Toyota,Mail
2026-01-03 23:00:00,0.0,0.0,0.0,1,1,4,100,1.0,4,Typea,Toyota,Mail
2026-01-04 00:00:00,0.0,0.0,0.0,1,1,4,100,1.0,4,Typea,Toyota,Mail
2026-01-04 01:00:00,0.0,0.0,0.0,1,1,4,100,1.0,4,Typea,Toyota,Mail
2026-01-04 02:00:00,0.0,0.0,0.0,1,1,4,100,1.0,4,Typea,Toyota,Mail
2026-01-04 03:00:00,0.0,0.0,0.0,1,1,4,100,1.0,4,Typea,Toyota,Mail
2026-01-04 04:00:00,0.0,0.0,0.0,1,1,4,100,1.0,4,Typea,Toyota,Mail
2026-01-04 05:00:00,0.0,0.0,0.0,1,1,4,100,1.0,4,Typea,Toyota,Mail
2026-01-04 06:00:00,0.0,0.0,0.0,1,1,4,100,1.0,4,Typea,Toyota,Mail
2026-01-04 07:00:00,0.0,0.0,0.0,1,1,4,100,1.0,4,Typea,Toyota,Mail
2026-01-04 08:00:00,5.230150983258837,2.118961089491409,0.40514338807311306,0,0,4,0,1.3050301525,4,Typea,Toyota,Mail
2026-01-04 09:00:00,5.230150983258837,1.7003801848485371,0.3251111087024591,0,0,4,0,1.3050301525,4,Typea,Toyota,Mail
2026-01-04 10:00:00,5.230150983258837,0.9880810789845633,0.1889201826385714,0,0,4,0,1.3050301525,4,Typea,Toyota,Mail
2026-01-04 11:00:00,5.230150983258837,2.022099591748518,0.38662355985917923,0,0,4,0,1.3050301525,4,Typea,Toyota,Mail
2026-01-04 12:00:00,5.230150983258837,3.0714771308761377,0.5872635686250001,0,0,4,0,1.3050301525,4,Typea,Toyota,Mail
2026-01-04 13:00:00,5.230150983258837,1.1160306107240605,0.21338401401725438,0,0,4,0,1.3050301525,4,Typea,Toyota,Mail
2026-01-04 14:00:00,5.230150983258837,3.0714771308761377,0.5872635686250001,0,0,4,0,1.3050301525,4,Typea,Toyota,Mail
2026-01-04 15:00:00,5.230150983258837,1.4820554204355307,0.2833676169539721,0,0,4,0,1.3050301525,4,Typea,Toyota,Mail
2026-01-04 16:00:00,5.230150983258837,1.212039111888741,0.23174075007936687,0,0,4,0,1.3050301525,4,Typea,Toyota,Mail
2026-01-04 17:00:00,5.230150983258837,1.4366141986614158,0.27467929764549187,0,0,4,0,1.3050301525,4,Typea,Toyota,Mail
2026-01-04 18:00:00,5.230150983258837,2.2276961883671578,0.4259334377722132,0,0,4,0,1.3050301525,4,Typea,Toyota,Mail
2026-01-04 19:00:00,5.230150983258837,3.0714771308761377,0.5872635686250001,0,0,4,0,1.3050301525,4,Typea,Toyota,Mail
2026-01-04 20:00:00,5.230150983258837,0.8989699048110477,0.17188220907743498,0,0,4,0,1.3050301525,4,Typea,Toyota,Mail
2026-01-04 21:00:00,0.0,0.0,0.0,1,1,4,100,1.0,4,Typea,Toyota,Mail
2026-01-04 22:00:00,0.0,0.0,0.0,1,1,4,100,1.0,4,Typea,Toyota,Mail
2026-01-04 23:00:00,0.0,0.0,0.0,1,1,4,100,1.0,4,Typea,Toyota,Mail
2026-01-05 00:00:00,0.0,0.0,0.0,1,1,4,100,1.0,4,Typea,Toyota,Mail
2026-01-05 01:00:00,0.0,0.0,0.0,1,1,4,100,1.0,4,Typea,Toyota,Mail
2026-01-05 02:00:00,0.0,0.0,0.0,1,1,4,100,1.0,4,Typea,Toyota,Mail
2026-01-05 03:00:00,0.0,0.0,0.0,1,1,4,100,1.0,4,Typea,Toyota,Mail
2026-01-05 04:00:00,0.0,0.0,0.0,1,1,4,100,1.0,4,Typea,Toyota,Mail
2026-01-05 05:00:00,0.0,0.0,0.0,1,1,4,100,1.0,4,Typea,Toyota,Mail
2026-01-05 06:00:00,0.0,0.0,0.0,1,1,4,100,1.0,4,Typea,Toyota,Mail
2026-01-05 07:00:00,0.0,0.0,0.0,1,1,4,100,1.0,4,Typea,Toyota,Mail
2026-01-05 08:00:00,0.0,0.0,0.0,1,1,4,100,1.0,4,Typea,Toyota,Mail
2026-01-05 09:00:00,9.212322699006732,1.1296127796053044,0.12261975796040002,0,0,4,0,1.226197579604,4,Typea,Toyota,Mail
2026-01-05 10:00:00,9.212322699006732,3.2038444477941015,0.34777813939795427,0,0,4,0,1.226197579604,4,Typea,Toyota,Mail
2026-01-05 11:00:00,9.212322699006732,5.083257508223871,0.5517889108218,0,0,4,0,1.226197579604,4,Typea,Toyota,Mail
2026-01-05 12:00:00,9.212322699006732,2.340813382978867,0.25409589518952175,0,0,4,0,1.226197579604,4,Typea,Toyota,Mail
2026-01-05 13:00:00,9.212322699006732,3.1628067327347025,0.343323484866169,0,0,4,0,1.226197579604,4,Typea,Toyota,Mail
2026-01-05 14:00:00,9.212322699006732,3.7415994192704,0.4061515799564661,0,0,4,0,1.226197579604,4,Typea,Toyota,Mail
2026-01-05 15:00:00,9.212322699006732,2.7099400568643732,0.29416469064382184,0,0,4,0,1.226197579604,4,Typea,Toyota,Mail
2026-01-05 16:00:00,9.212322699006732,3.970270000679992,0.4309738304225995,0,0,4,0,1.226197579604,4,Typea,Toyota,Mail
2026-01-05 17:00:00,9.212322699006732,1.7072342381581596,0.18532071595171462,0,0,4,0,1.226197579604,4,Typea,Toyota,Mail
2026-01-05 18:00:00,9.212322699006732,4.4574679921283815,0.4838592977869722,0,0,4,0,1.226197579604,4,Typea,Toyota,Mail
2026-01-05 19:00:00,9.212322699006732,4.6363913523876645,0.5032814745935418,0,0,4,0,1.226197579604,4,Typea,Toyota,Mail
2026-01-05 20:00:00,9.212322699006732,1.166453797643005,0.1266188599503545,0,0,4,0,1.226197579604,4,Typea,Toyota,Mail
2026-01-05 21:00:00,0.0,0.0,0.0,1,1,4,100,1.0,4,Typea,Toyota,Mail
2026-01-05 22:00:00,0.0,0.0,0.0,1,1,4,100,1.0,4,Typea,Toyota,Mail
2026-01-05 23:00:00,0.0,0.0,0.0,1,1,4,100,1.0,4,Typea,Toyota,Mail
2026-01-06 00:00:00,0.0,0.0,0.0,1,1,4,100,1.0,4,Typea,Toyota,Mail
2026-01-06 01:00:00,0.0,0.0,0.0,1,1,4,100,1.0,4,Typea,Toyota,Mail
2026-01-06 02:00:00,0.0,0.0,0.0,1,1,4,100,1.0,4,Typea,Toyota,Mail
2026-01-06 03:00:00,0.0,0.0,0.0,1,1,4,100,1.0,4,Typea,Toyota,Mail
2026-01-06 04:00:00,0.0,0.0,0.0,1,1,4,100,1.0,4,Typea,Toyota,Mail
2026-01-06 05:00:00,0.0,0.0,0.0,1,1,4,100,1.0,4,Typea,Toyota,Mail
2026-01-06 06:00:00,0.0,0.0,0.0,1,1,4,100,1.0,4,Typea,Toyota,Mail
2026-01-06 07:00:00,0.0,0.0,0.0,1,1,4,100,1.0,4,Typea,Toyota,Mail
2026-01-06 08:00:00,0.0,0.0,0.0,1,1,4,100,1.0,4,Typea,Toyota,Mail
2026-01-06 09:00:00,13.54287805104408,8.109252809146934,0.5987835656928001,0,0,4,0,1.3306301459840002,4,Typea,Toyota,Mail
2026-01-06 10:00:00,13.54287805104408,2.9923404645256295,0.22095306870868098,0,0,4,0,1.3306301459840002,4,Typea,Toyota,Mail
2026-01-06 11:00:00,13.54287805104408,2.9934878016875244,0.22103778756663495,0,0,4,0,1.3306301459840002,4,Typea,Toyota,Mail
2026-01-06 12:00:00,13.54287805104408,7.3718991963828495,0.5443377078784608,0,0,4,0,1.3306301459840002,4,Typea,Toyota,Mail
2026-01-06 13:00:00,13.54287805104408,5.882026334856681,0.43432616853573525,0,0,4,0,1.3306301459840002,4,Typea,Toyota,Mail
2026-01-06 14:00:00,13.54287805104408,8.109252809146934,0.5987835656928001,0,0,4,0,1.3306301459840002,4,Typea,Toyota,Mail
2026-01-06 15:00:00,13.54287805104408,1.8020561798104298,0.13306301459840003,0,0,4,0,1.3306301459840002,4,Typea,Toyota,Mail
2026-01-06 16:00:00,13.54287805104408,6.386659784522093,0.4715880745917016,0,0,4,0,1.3306301459840002,4,Typea,Toyota,Mail
2026-01-06 17:00:00,13.54287805104408,2.6798394004353985,0.19787813124617173,0,0,4,0,1.3306301459840002,4,Typea,Toyota,Mail
2026-01-06 18:00:00,13.54287805104408,5.958721403390239,0.4399892977645808,0,0,4,0,1.3306301459840002,4,Typea,Toyota,Mail
2026-01-06 19:00:00,0.0,0.0,0.0,1,1,4,100,1.0,4,Typea,Toyota,Mail
2026-01-06 20:00:00,0.0,0.0,0.0,1,1,4,100,1.0,4,Typea,Toyota,Mail
2026-01-06 21:00:00,0.0,0.0,0.0,1,1,4,100,1.0,4,Typea,Toyota,Mail
2026-01-06 22:00:00,0.0,0.0,0.0,1,1,4,100,1.0,4,Typea,Toyota,Mail
2026-01-06 23:00:00,0.0,0.0,0.0,1,1,4,100,1.0,4,Typea,Toyota,Mail
2026-01-07 00:00:00,0.0,0.0,0.0,1,1,4,100,1.0,4,Typea,Toyota,Mail
2026-01-07 01:00:00,0.0,0.0,0.0,1,1,4,100,1.0,4,Typea,Toyota,Mail
2026-01-07 02:00:00,0.0,0.0,0.0,1,1,4,100,1.0,4,Typea,Toyota,Mail
2026-01-07 03:00:00,0.0,0.0,0.0,1,1,4,100,1.0,4,Typea,Toyota,Mail
2026-01-07 04:00:00,0.0,0.0,0.0,1,1,4,100,1.0,4,Typea,Toyota,Mail
2026-01-07 05:00:00,0.0,0.0,0.0,1,1,4,100,1.0,4,Typea,Toyota,Mail
2026-01-07 06:00:00,0.0,0.0,0.0,1,1,4,100,1.0,4,Typea,Toyota,Mail
2026-01-07 07:00:00,0.0,0.0,0.0,1,1,4,100,1.0,4,Typea,Toyota,Mail
2026-01-07 08:00:00,0.0,0.0,0.0,1,1,4,100,1.0,4,Typea,Toyota,Mail
2026-01-07 09:00:00,10.217151782598851,4.896270588906917,0.47922069605013684,0,0,4,0,1.282756305344,4,Typea,Toyota,Mail
2026-01-07 10:00:00,10.217151782598851,4.49565239907043,0.4400103370028343,0,0,4,0,1.282756305344,4,Typea,Toyota,Mail
2026-01-07 11:00:00,10.217151782598851,1.3106115871785369,0.12827563053440003,0,0,4,0,1.282756305344,4,Typea,Toyota,Mail
2026-01-07 12:00:00,10.217151782598851,4.5164525596540885,0.44204614512492607,0,0,4,0,1.282756305344,4,Typea,Toyota,Mail
2026-01-07 13:00:00,10.217151782598851,3.2777775574398227,0.3208112815767607,0,0,4,0,1.282756305344,4,Typea,Toyota,Mail
2026-01-07 14:00:00,10.217151782598851,5.897752142303415,0.5772403374048001,0,0,4,0,1.282756305344,4,Typea,Toyota,Mail
2026-01-07 15:00:00,10.217151782598851,5.446669188377554,0.5330907579991075,0,0,4,0,1.282756305344,4,Typea,Toyota,Mail
2026-01-07 16:00:00,10.217151782598851,3.2316856217354544,0.3163000501998452,0,0,4,0,1.282756305344,4,Typea,Toyota,Mail
2026-01-07 17:00:00,10.217151782598851,1.3106115871785369,0.12827563053440003,0,0,4,0,1.282756305344,4,Typea,Toyota,Mail
2026-01-07 18:00:00,10.217151782598851,2.452962031856313,0.2400827631859232,0,0,4,0,1.282756305344,4,Typea,Toyota,Mail
2026-01-07 19:00:00,10.217151782598851,2.958232587677891,0.28953593434093333,0,0,4,0,1.282756305344,4,Typea,Toyota,Mail
2026-01-07 20:00:00,10.217151782598851,1.3106115871785369,0.12827563053440003,0,0,4,0,1.282756305344,4,Typea,Toyota,Mail
2026-01-07 21:00:00,10.217151782598851,4.683839473496099,0.45842907819704626,0,0,4,0,1.282756305344,4,Typea,Toyota,Mail
2026-01-07 22:00:00,0.0,0.0,0.0,1,1,4,100,1.0,4,Typea,Toyota,Mail
2026-01-07 23:00:00,0.0,0.0,0.0,1,1,4,100,1.0,4,Typea,Toyota,Mail
2026-01-08 00:00:00,0.0,0.0,0.0,1,1,4,100,1.0,4,Typea,Toyota,Mail
2026-01-08 01:00:00,0.0,0.0,0.0,1,1,4,100,1.0,4,Typea,Toyota,Mail
2026-01-08 02:00:00,0.0,0.0,0.0,1,1,4,100,1.0,4,Typea,Toyota,Mail
2026-01-08 03:00:00,0.0,0.0,0.0,1,1,4,100,1.0,4,Typea,Toyota,Mail
2026-01-08 04:00:00,0.0,0.0,0.0,1,1,4,100,1.0,4,Typea,Toyota,Mail
2026-01-08 05:00:00,0.0,0.0,0.0,1,1,4,100,1.0,4,Typea,Toyota,Mail
2026-01-08 06:00:00,0.0,0.0,0.0,1,1,4,100,1.0,4,Typea,Toyota,Mail
2026-01-08 07:00:00,9.581694634049583,2.0820107747731664,0.2172904537548626,0,0,4,0,1.176585222144,4,Typea,Toyota,Mail
2026-01-08 08:00:00,9.581694634049583,3.8408625079338727,0.4008541969481008,0,0,4,0,1.176585222144,4,Typea,Toyota,Mail
2026-01-08 09:00:00,9.581694634049583,5.073156139283641,0.5294633499648,0,0,4,0,1.176585222144,4,Typea,Toyota,Mail
2026-01-08 10:00:00,9.581694634049583,5.073156139283641,0.5294633499648,0,0,4,0,1.176585222144,4,Typea,Toyota,Mail
2026-01-08 11:00:00,9.581694634049583,5.073156139283641,0.5294633499648,0,0,4,0,1.176585222144,4,Typea,Toyota,Mail
2026-01-08 12:00:00,9.581694634049583,1.727653405184918,0.1803077087267544,0,0,4,0,1.176585222144,4,Typea,Toyota,Mail
2026-01-08 13:00:00,9.581694634049583,1.1273680309519203,0.11765852221440001,0,0,4,0,1.176585222144,4,Typea,Toyota,Mail
2026-01-08 14:00:00,9.581694634049583,2.303289885087972,0.2403843968167159,0,0,4,0,1.176585222144,4,Typea,Toyota,Mail
2026-01-08 15:00:00,9.581694634049583,2.1633957853756227,0.22578425508236954,0,0,4,0,1.176585222144,4,Typea,Toyota,Mail
2026-01-08 16:00:00,9.581694634049583,2.4176368528251015,0.2523182949531463,0,0,4,0,1.176585222144,4,Typea,Toyota,Mail
2026-01-08 17:00:00,9.581694634049583,3.163002902081713,0.33010892361792055,0,0,4,0,1.176585222144,4,Typea,Toyota,Mail
2026-01-08 18:00:00,9.581694634049583,3.912886980464842,0.40837107942889106,0,0,4,0,1.176585222144,4,Typea,Toyota,Mail
2026-01-08 19:00:00,9.581694634049583,5.073156139283641,0.5294633499648,0,0,4,0,1.176585222144,4,Typea,Toyota,Mail
2026-01-08 20:00:00,9.581694634049583,3.287961826533546,0.34315034574880104,0,0,4,0,1.176585222144,4,Typea,Toyota,Mail
2026-01-08 21:00:00,9.581694634049583,3.517410026288914,0.3670968613202741,0,0,4,0,1.176585222144,4,Typea,Toyota,Mail
2026-01-08 22:00:00,0.0,0.0,0.0,1,1,4,100,1.0,4,Typea,Toyota,Mail
2026-01-08 23:00:00,0.0,0.0,0.0,1,1,4,100,1.0,4,Typea,Toyota,Mail
2026-01-09 00:00:00,0.0,0.0,0.0,1,1,4,100,1.0,4,Typea,Toyota,Mail
2026-01-09 01:00:00,0.0,0.0,0.0,1,1,4,100,1.0,4,Typea,Toyota,Mail
2026-01-09 02:00:00,0.0,0.0,0.0,1,1,4,100,1.0,4,Typea,Toyota,Mail
2026-01-09 03:00:00,0.0,0.0,0.0,1,1,4,100,1.0,4,Typea,Toyota,Mail
2026-01-09 04:00:00,0.0,0.0,0.0,1,1,4,100,1.0,4,Typea,Toyota,Mail
2026-01-09 05:00:00,0.0,0.0,0.0,1,1,4,100,1.0,4,Typea,Toyota,Mail
2026-01-09 06:00:00,0.0,0.0,0.0,1,1,4,100,1.0,4,Typea,Toyota,Mail
2026-01-09 07:00:00,7.678598994332037,1.0525568055578904,0.13707667327527273,0,0,4,0,1.137342385344,4,Typea,Toyota,Mail
2026-01-09 08:00:00,7.678598994332037,2.543287284894462,0.33121762013770895,0,0,4,0,1.137342385344,4,Typea,Toyota,Mail
2026-01-09 09:00:00,7.678598994332037,3.4159163533903865,0.4448619280563873,0,0,4,0,1.137342385344,4,Typea,Toyota,Mail
2026-01-09 10:00:00,7.678598994332037,3.929938243341137,0.5118040734047999,0,0,4,0,1.137342385344,4,Typea,Toyota,Mail
2026-01-09 11:00:00,7.678598994332037,3.2501345509772106,0.42327181734276004,0,0,4,0,1.137342385344,4,Typea,Toyota,Mail
2026-01-09 12:00:00,7.678598994332037,0.8733196096313638,0.1137342385344,0,0,4,0,1.137342385344,4,Typea,Toyota,Mail
2026-01-09 13:00:00,7.678598994332037,1.403189883971639,0.1827403521146767,0,0,4,0,1.137342385344,4,Typea,Toyota,Mail
2026-01-09 14:00:00,7.678598994332037,1.7311239449180722,0.22544789045448296,0,0,4,0,1.137342385344,4,Typea,Toyota,Mail
2026-01-09 15:00:00,7.678598994332037,3.356575829704495,0.43713388759878646,0,0,4,0,1.137342385344,4,Typea,Toyota,Mail
2026-01-09 16:00:00,7.678598994332037,3.0358766770808385,0.3953685664952386,0,0,4,0,1.137342385344,4,Typea,Toyota,Mail
2026-01-09 17:00:00,7.678598994332037,3.036951137623275,0.3955084957379598,0,0,4,0,1.137342385344,4,Typea,Toyota,Mail
2026-01-09 18:00:00,7.678598994332037,0.8733196096313638,0.1137342385344,0,0,4,0,1.137342385344,4,Typea,Toyota,Mail
2026-01-09 19:00:00,7.678598994332037,1.236677681079188,0.1610551198196497,0,0,4,0,1.137342385344,4,Typea,Toyota,Mail
2026-01-09 20:00:00,7.678598994332037,3.1236638542385395,0.406801274105377,0,0,4,0,1.137342385344,4,Typea,Toyota,Mail
2026-01-09 21:00:00,0.0,0.0,0.0,1,1,4,100,1.0,4,Typea,Toyota,Mail
2026-01-09 22:00:00,0.0,0.0,0.0,1,1,4,100,1.0,4,Typea,Toyota,Mail
2026-01-09 23:00:00,0.0,0.0,0.0,1,1,4,100,1.0,4,Typea,Toyota,Mail
2026-01-10 00:00:00,0.0,0.0,0.0,1,1,4,100,1.0,4,Typea,Toyota,Mail
2026-01-10 01:00:00,0.0,0.0,0.0,1,1,4,100,1.0,4,Typea,Toyota,Mail
2026-01-10 02:00:00,0.0,0.0,0.0,1,1,4,100,1.0,4,Typea,Toyota,Mail
2026-01-10 03:00:00,0.0,0.0,0.0,1,1,4,100,1.0,4,Typea,Toyota,Mail
2026-01-10 04:00:00,0.0,0.0,0.0,1,1,4,100,1.0,4,Typea,Toyota,Mail
2026-01-10 05:00:00,0.0,0.0,0.0,1,1,4,100,1.0,4,Typea,Toyota,Mail
2026-01-10 06:00:00,0.0,0.0,0.0,1,1,4,100,1.0,4,Typea,Toyota,Mail
2026-01-10 07:00:00,0.0,0.0,0.0,1,1,4,100,1.0,4,Typea,Toyota,Mail
2026-01-10 08:00:00,0.0,0.0,0.0,1,1,4,100,1.0,4,Typea,Toyota,Mail
2026-01-10 09:00:00,3.1113526446730417,0.3701296344083604,0.11896100400000001,0,0,4,0,1.18961004,4,Typea,Toyota,Mail
2026-01-10 10:00:00,3.1113526446730417,1.5355825127899305,0.4935417768921202,0,0,4,0,1.18961004,4,Typea,Toyota,Mail
2026-01-10 11:00:00,3.1113526446730417,0.7386124080086135,0.23739270097627618,0,0,4,0,1.18961004,4,Typea,Toyota,Mail
2026-01-10 12:00:00,3.1113526446730417,0.9522408159306056,0.30605364440477056,0,0,4,0,1.18961004,4,Typea,Toyota,Mail
2026-01-10 13:00:00,3.1113526446730417,0.9782648486345691,0.31441786269693983,0,0,4,0,1.18961004,4,Typea,Toyota,Mail
2026-01-10 14:00:00,3.1113526446730417,1.155924959615689,0.37151846531917637,0,0,4,0,1.18961004,4,Typea,Toyota,Mail
2026-01-10 15:00:00,3.1113526446730417,1.575460456442117,0.5063586923004272,0,0,4,0,1.18961004,4,Typea,Toyota,Mail
2026-01-10 16:00:00,3.1113526446730417,0.3701296344083604,0.11896100400000001,0,0,4,0,1.18961004,4,Typea,Toyota,Mail
2026-01-10 17:00:00,3.1113526446730417,1.2911207169515022,0.41497087100108526,0,0,4,0,1.18961004,4,Typea,Toyota,Mail
2026-01-10 18:00:00,3.1113526446730417,0.3701296344083604,0.11896100400000001,0,0,4,0,1.18961004,4,Typea,Toyota,Mail
2026-01-10 19:00:00,3.1113526446730417,0.8564175607013276,0.2752557033892006,0,0,4,0,1.18961004,4,Typea,Toyota,Mail
2026-01-10 20:00:00,0.0,0.0,0.0,1,1,4,100,1.0,4,Typea,Toyota,Mail
2026-01-10 21:00:00,0.0,0.0,0.0,1,1,4,100,1.0,4,Typea,Toyota,Mail
2026-01-10 22:00:00,0.0,0.0,0.0,1,1,4,100,1.0,4,Typea,Toyota,Mail
2026-01-10 23:00:00,0.0,0.0,0.0,1,1,4,100,1.0,4,Typea,Toyota,Mail
2026-01-11 00:00:00,0.0,0.0,0.0,1,1,4,100,1.0,4,Typea,Toyota,Mail
2026-01-11 01:00:00,0.0,0.0,0.0,1,1,4,100,1.0,4,Typea,Toyota,Mail
2026-01-11 02:00:00,0.0,0.0,0.0,1,1,4,100,1.0,4,Typea,Toyota,Mail
2026-01-11 03:00:00,0.0,0.0,0.0,1,1,4,100,1.0,4,Typea,Toyota,Mail
2026-01-11 04:00:00,0.0,0.0,0.0,1,1,4,100,1.0,4,Typea,Toyota,Mail
2026-01-11 05:00:00,0.0,0.0,0.0,1,1,4,100,1.0,4,Typea,Toyota,Mail
2026-01-11 06:00:00,0.0,0.0,0.0,1,1,4,100,1.0,4,Typea,Toyota,Mail
2026-01-11 07:00:00,6.430451964547645,2.219740388400471,0.34519197105247645,0,0,4,0,1.122069513044,4,Typea,Toyota,Mail
2026-01-11 08:00:00,6.430451964547645,1.126238645855502,0.1751414444994969,0,0,4,0,1.122069513044,4,Typea,Toyota,Mail
2026-01-11 09:00:00,6.430451964547645,0.721541410451281,0.1122069513044,0,0,4,0,1.122069513044,4,Typea,Toyota,Mail
2026-01-11 10:00:00,6.430451964547645,1.8898346039325462,0.29388830121919557,0,0,4,0,1.122069513044,4,Typea,Toyota,Mail
2026-01-11 11:00:00,6.430451964547645,3.246936347030764,0.5049312808698,0,0,4,0,1.122069513044,4,Typea,Toyota,Mail
2026-01-11 12:00:00,6.430451964547645,0.7816495910040957,0.12155437834128684,0,0,4,0,1.122069513044,4,Typea,Toyota,Mail
2026-01-11 13:00:00,6.430451964547645,2.0832706162024865,0.3239695479708067,0,0,4,0,1.122069513044,4,Typea,Toyota,Mail
2026-01-11 14:00:00,6.430451964547645,0.721541410451281,0.1122069513044,0,0,4,0,1.122069513044,4,Typea,Toyota,Mail
2026-01-11 15:00:00,6.430451964547645,1.3313142128382232,0.2070327591556584,0,0,4,0,1.122069513044,4,Typea,Toyota,Mail
2026-01-11 16:00:00,6.430451964547645,1.973196257248715,0.30685187730618885,0,0,4,0,1.122069513044,4,Typea,Toyota,Mail
2026-01-11 17:00:00,6.430451964547645,2.126058656441372,0.33062351886970837,0,0,4,0,1.122069513044,4,Typea,Toyota,Mail
2026-01-11 18:00:00,6.430451964547645,1.8002451553675851,0.27995624029114796,0,0,4,0,1.122069513044,4,Typea,Toyota,Mail
2026-01-11 19:00:00,6.430451964547645,2.6365797162755764,0.41001468183131806,0,0,4,0,1.122069513044,4,Typea,Toyota,Mail
2026-01-11 20:00:00,6.430451964547645,2.393130739497742,0.37215591574146656,0,0,4,0,1.122069513044,4,Typea,Toyota,Mail
2026-01-11 21:00:00,0.0,0.0,0.0,1,1,4,100,1.0,4,Typea,Toyota,Mail
2026-01-11 22:00:00,0.0,0.0,0.0,1,1,4,100,1.0,4,Typea,Toyota,Mail
2026-01-11 23:00:00,0.0,0.0,0.0,1,1,4,100,1.0,4,Typea,Toyota,Mail
2026-01-12 00:00:00,0.0,0.0,0.0,1,1,4,100,1.0,4,Typea,Toyota,Mail
2026-01-12 01:00:00,0.0,0.0,0.0,1,1,4,100,1.0,4,Typea,Toyota,Mail
2026-01-12 02:00:00,0.0,0.0,0.0,1,1,4,100,1.0,4,Typea,Toyota,Mail
2026-01-12 03:00:00,0.0,0.0,0.0,1,1,4,100,1.0,4,Typea,Toyota,Mail
2026-01-12 04:00:00,0.0,0.0,0.0,1,1,4,100,1.0,4,Typea,Toyota,Mail
2026-01-12 05:00:00,0.0,0.0,0.0,1,1,4,100,1.0,4,Typea,Toyota,Mail
2026-01-12 06:00:00,0.0,0.0,0.0,1,1,4,100,1.0,4,Typea,Toyota,Mail
2026-01-12 07:00:00,0.0,0.0,0.0,1,1,4,100,1.0,4,Typea,Toyota,Mail
2026-01-12 08:00:00,9.223307424493857,1.8935221495919956,0.20529752099159868,0,0,4,0,1.119889326784,4,Typea,Toyota,Mail
2026-01-12 09:00:00,9.223307424493857,2.1074516521569633,0.22849196661929685,0,0,4,0,1.119889326784,4,Typea,Toyota,Mail
2026-01-12 10:00:00,9.223307424493857,3.1673186606809964,0.34340378292820567,0,0,4,0,1.119889326784,4,Typea,Toyota,Mail
2026-01-12 11:00:00,9.223307424493857,4.191475524296158,0.4544438704455492,0,0,4,0,1.119889326784,4,Typea,Toyota,Mail
2026-01-12 12:00:00,9.223307424493857,1.0329083542338295,0.1119889326784,0,0,4,0,1.119889326784,4,Typea,Toyota,Mail
2026-01-12 13:00:00,9.223307424493857,1.8285439384988786,0.19825251987621162,0,0,4,0,1.119889326784,4,Typea,Toyota,Mail
2026-01-12 14:00:00,9.223307424493857,1.0329083542338295,0.1119889326784,0,0,4,0,1.119889326784,4,Typea,Toyota,Mail
2026-01-12 15:00:00,9.223307424493857,1.6169241165935395,0.17530849208165375,0,0,4,0,1.119889326784,4,Typea,Toyota,Mail
2026-01-12 16:00:00,9.223307424493857,2.109290855443043,0.2286913748360495,0,0,4,0,1.119889326784,4,Typea,Toyota,Mail
2026-01-12 17:00:00,9.223307424493857,1.116883750049899,0.12109362711730165,0,0,4,0,1.119889326784,4,Typea,Toyota,Mail
2026-01-12 18:00:00,9.223307424493857,3.2323398350740726,0.35045344216653956,0,0,4,0,1.119889326784,4,Typea,Toyota,Mail
2026-01-12 19:00:00,9.223307424493857,1.0329083542338295,0.1119889326784,0,0,4,0,1.119889326784,4,Typea,Toyota,Mail
2026-01-12 20:00:00,9.223307424493857,2.9010105552308914,0.3145303980139303,0,0,4,0,1.119889326784,4,Typea,Toyota,Mail
2026-01-12 21:00:00,0.0,0.0,0.0,1,1,4,100,1.0,4,Typea,Toyota,Mail
2026-01-12 22:00:00,0.0,0.0,0.0,1,1,4,100,1.0,4,Typea,Toyota,Mail
2026-01-12 23:00:00,0.0,0.0,0.0,1,1,4,100,1.0,4,Typea,Toyota,Mail
2026-01-13 00:00:00,0.0,0.0,0.0,1,1,4,100,1.0,4,Typea,Toyota,Mail
2026-01-13 01:00:00,0.0,0.0,0.0,1,1,4,100,1.0,4,Typea,Toyota,Mail
2026-01-13 02:00:00,0.0,0.0,0.0,1,1,4,100,1.0,4,Typea,Toyota,Mail
2026-01-13 03:00:00,0.0,0.0,0.0,1,1,4,100,1.0,4,Typea,Toyota,Mail
2026-01-13 04:00:00,0.0,0.0,0.0,1,1,4,100,1.0,4,Typea,Toyota,Mail
2026-01-13 05:00:00,0.0,0.0,0.0,1,1,4,100,1.0,4,Typea,Toyota,Mail
2026-01-13 06:00:00,0.0,0.0,0.0,1,1,4,100,1.0,4,Typea,Toyota,Mail
2026-01-13 07:00:00,0.0,0.0,0.0,1,1,4,100,1.0,4,Typea,Toyota,Mail
2026-01-13 08:00:00,0.0,0.0,0.0,1,1,4,100,1.0,4,Typea,Toyota,Mail
2026-01-13 09:00:00,10.5126138534154,5.3184638914783156,0.505912608,0,0,4,0,1.12425024,4,Typea,Toyota,Mail
2026-01-13 10:00:00,10.5126138534154,1.1818808647729588,0.11242502400000001,0,0,4,0,1.12425024,4,Typea,Toyota,Mail
2026-01-13 11:00:00,10.5126138534154,5.183784474800632,0.49310138725551045,0,0,4,0,1.12425024,4,Typea,Toyota,Mail
2026-01-13 12:00:00,10.5126138534154,2.497310476843892,0.23755371515263554,0,0,4,0,1.12425024,4,Typea,Toyota,Mail
2026-01-13 13:00:00,10.5126138534154,3.003209833925784,0.2856767951150497,0,0,4,0,1.12425024,4,Typea,Toyota,Mail
2026-01-13 14:00:00,10.5126138534154,1.353458172530172,0.12874611313631124,0,0,4,0,1.12425024,4,Typea,Toyota,Mail
2026-01-13 15:00:00,10.5126138534154,4.1904635906894585,0.398612909131827,0,0,4,0,1.12425024,4,Typea,Toyota,Mail
2026-01-13 16:00:00,10.5126138534154,1.1818808647729588,0.11242502400000001,0,0,4,0,1.12425024,4,Typea,Toyota,Mail
2026-01-13 17:00:00,10.5126138534154,5.2138222929302245,0.4959586992949738,0,0,4,0,1.12425024,4,Typea,Toyota,Mail
2026-01-13 18:00:00,10.5126138534154,1.9158339810852338,0.18224144896778513,0,0,4,0,1.12425024,4,Typea,Toyota,Mail
2026-01-13 19:00:00,10.5126138534154,3.506064236518069,0.3335102273711878,0,0,4,0,1.12425024,4,Typea,Toyota,Mail
2026-01-13 20:00:00,10.5126138534154,1.1818808647729588,0.11242502400000001,0,0,4,0,1.12425024,4,Typea,Toyota,Mail
2026-01-13 21:00:00,0.0,0.0,0.0,1,1,4,100,1.0,4,Typea,Toyota,Mail
2026-01-13 22:00:00,0.0,0.0,0.0,1,1,4,100,1.0,4,Typea,Toyota,Mail
2026-01-13 23:00:00,0.0,0.0,0.0,1,1,4,100,1.0,4,Typea,Toyota,Mail
2026-01-14 00:00:00,0.0,0.0,0.0,1,1,4,100,1.0,4,Typea,Toyota,Mail
2026-01-14 01:00:00,0.0,0.0,0.0,1,1,4,100,1.0,4,Typea,Toyota,Mail
2026-01-14 02:00:00,0.0,0.0,0.0,1,1,4,100,1.0,4,Typea,Toyota,Mail
2026-01-14 03:00:00,0.0,0.0,0.0,1,1,4,100,1.0,4,Typea,Toyota,Mail
2026-01-14 04:00:00,0.0,0.0,0.0,1,1,4,100,1.0,4,Typea,Toyota,Mail
2026-01-14 05:00:00,0.0,0.0,0.0,1,1,4,100,1.0,4,Typea,Toyota,Mail
2026-01-14 06:00:00,0.0,0.0,0.0,1,1,4,100,1.0,4,Typea,Toyota,Mail
2026-01-14 07:00:00,0.0,0.0,0.0,1,1,4,100,1.0,4,Typea,Toyota,Mail
2026-01-14 08:00:00,10.862514377238886,3.52606067010309,0.32460814758427686,0,0,4,0,1.102475,4,Typea,Toyota,Mail
2026-01-14 09:00:00,10.862514377238886,4.199963084289113,0.3866474131523028,0,0,4,0,1.102475,4,Typea,Toyota,Mail
2026-01-14 10:00:00,10.862514377238886,4.82488512538539,0.44417755943277426,0,0,4,0,1.102475,4,Typea,Toyota,Mail
2026-01-14 11:00:00,10.862514377238886,3.3549540003627354,0.3088561159829298,0,0,4,0,1.102475,4,Typea,Toyota,Mail
2026-01-14 12:00:00,10.862514377238886,1.1975650538046443,0.11024750000000001,0,0,4,0,1.102475,4,Typea,Toyota,Mail
2026-01-14 13:00:00,10.862514377238886,2.9244998356444287,0.2692286273767676,0,0,4,0,1.102475,4,Typea,Toyota,Mail
2026-01-14 14:00:00,10.862514377238886,3.89138218276338,0.35823954267138286,0,0,4,0,1.102475,4,Typea,Toyota,Mail
2026-01-14 15:00:00,10.862514377238886,4.165568629775596,0.38348106940176313,0,0,4,0,1.102475,4,Typea,Toyota,Mail
2026-01-14 16:00:00,10.862514377238886,3.7773341142976893,0.34774030975854414,0,0,4,0,1.102475,4,Typea,Toyota,Mail
2026-01-14 17:00:00,10.862514377238886,3.939724452635853,0.3626899183573077,0,0,4,0,1.102475,4,Typea,Toyota,Mail
2026-01-14 18:00:00,10.862514377238886,1.1975650538046443,0.11024750000000001,0,0,4,0,1.102475,4,Typea,Toyota,Mail
2026-01-14 19:00:00,10.862514377238886,4.644529859579494,0.42757410469454077,0,0,4,0,1.102475,4,Typea,Toyota,Mail
2026-01-14 20:00:00,10.862514377238886,4.4536853746694,0.41000501541351886,0,0,4,0,1.102475,4,Typea,Toyota,Mail
2026-01-14 21:00:00,10.862514377238886,3.0475249186773214,0.2805542817106,0,0,4,0,1.102475,4,Typea,Toyota,Mail
2026-01-14 22:00:00,0.0,0.0,0.0,1,1,4,100,1.0,4,Typea,Toyota,Mail
2026-01-14 23:00:00,0.0,0.0,0.0,1,1,4,100,1.0,4,Typea,Toyota,Mail
2026-01-01 00:00:00,0.0,0.0,0.0,1,1,5,100,1.0,5,Typea,Toyota,Mail
2026-01-01 01:00:00,0.0,0.0,0.0,1,1,5,100,1.0,5,Typea,Toyota,Mail
2026-01-01 02:00:00,0.0,0.0,0.0,1,1,5,100,1.0,5,Typea,Toyota,Mail
2026-01-01 03:00:00,0.0,0.0,0.0,1,1,5,100,1.0,5,Typea,Toyota,Mail
2026-01-01 04:00:00,0.0,0.0,0.0,1,1,5,100,1.0,5,Typea,Toyota,Mail
2026-01-01 05:00:00,0.0,0.0,0.0,1,1,5,100,1.0,5,Typea,Toyota,Mail
2026-01-01 06:00:00,0.0,0.0,0.0,1,1,5,100,1.0,5,Typea,Toyota,Mail
2026-01-01 07:00:00,0.0,0.0,0.0,1,1,5,100,1.0,5,Typea,Toyota,Mail
2026-01-01 08:00:00,0.0,0.0,0.0,1,1,5,100,1.0,5,Typea,Toyota,Mail
2026-01-01 09:00:00,11.15602253129213,1.2639520045986425,0.11329772784640002,0,0,5,0,1.1329772784640002,5,Typea,Toyota,Mail
2026-01-01 10:00:00,11.15602253129213,4.053616655510599,0.36335680070028453,0,0,5,0,1.1329772784640002,5,Typea,Toyota,Mail
2026-01-01 11:00:00,11.15602253129213,1.867625704085099,0.16740963895030642,0,0,5,0,1.1329772784640002,5,Typea,Toyota,Mail
2026-01-01 12:00:00,11.15602253129213,2.3329939165810694,0.20912416679305984,0,0,5,0,1.1329772784640002,5,Typea,Toyota,Mail
2026-01-01 13:00:00,11.15602253129213,4.099404353483749,0.36746110381053,0,0,5,0,1.1329772784640002,5,Typea,Toyota,Mail
2026-01-01 14:00:00,11.15602253129213,5.055665170387359,0.45317810682135595,0,0,5,0,1.1329772784640002,5,Typea,Toyota,Mail
2026-01-01 15:00:00,11.15602253129213,4.690681008005989,0.420461772540244,0,0,5,0,1.1329772784640002,5,Typea,Toyota,Mail
2026-01-01 16:00:00,11.15602253129213,4.57778442283466,0.41034198434022384,0,0,5,0,1.1329772784640002,5,Typea,Toyota,Mail
2026-01-01 17:00:00,11.15602253129213,1.8461556700043287,0.16548511486293135,0,0,5,0,1.1329772784640002,5,Typea,Toyota,Mail
2026-01-01 18:00:00,11.15602253129213,3.0120564456672647,0.2699937578306771,0,0,5,0,1.1329772784640002,5,Typea,Toyota,Mail
2026-01-01 19:00:00,11.15602253129213,2.5491544673948923,0.22850029750698614,0,0,5,0,1.1329772784640002,5,Typea,Toyota,Mail
2026-01-01 20:00:00,11.15602253129213,4.961608895360445,0.44474712035076663,0,0,5,0,1.1329772784640002,5,Typea,Toyota,Mail
2026-01-01 21:00:00,11.15602253129213,1.9556045860074351,0.17529586199042305,0,0,5,0,1.1329772784640002,5,Typea,Toyota,Mail
2026-01-01 22:00:00,11.15602253129213,4.350003774643188,0.3899242550327975,0,0,5,0,1.1329772784640002,5,Typea,Toyota,Mail
2026-01-01 23:00:00,0.0,0.0,0.0,1,1,5,100,1.0,5,Typea,Toyota,Mail
2026-01-02 00:00:00,0.0,0.0,0.0,1,1,5,100,1.0,5,Typea,Toyota,Mail
2026-01-02 01:00:00,0.0,0.0,0.0,1,1,5,100,1.0,5,Typea,Toyota,Mail
2026-01-02 02:00:00,0.0,0.0,0.0,1,1,5,100,1.0,5,Typea,Toyota,Mail
2026-01-02 03:00:00,0.0,0.0,0.0,1,1,5,100,1.0,5,Typea,Toyota,Mail
2026-01-02 04:00:00,0.0,0.0,0.0,1,1,5,100,1.0,5,Typea,Toyota,Mail
2026-01-02 05:00:00,0.0,0.0,0.0,1,1,5,100,1.0,5,Typea,Toyota,Mail
2026-01-02 06:00:00,0.0,0.0,0.0,1,1,5,100,1.0,5,Typea,Toyota,Mail
2026-01-02 07:00:00,6.457387819561703,2.764965179317694,0.4281863280600308,0,0,5,0,1.23259004,5,Typea,Toyota,Mail
2026-01-02 08:00:00,6.457387819561703,0.7959311910809073,0.123259004,0,0,5,0,1.23259004,5,Typea,Toyota,Mail
2026-01-02 09:00:00,6.457387819561703,1.8362000865384946,0.28435648250458145,0,0,5,0,1.23259004,5,Typea,Toyota,Mail
2026-01-02 10:00:00,6.457387819561703,1.3371594095371573,0.2070743537327014,0,0,5,0,1.23259004,5,Typea,Toyota,Mail
2026-01-02 11:00:00,6.457387819561703,0.9337835831396654,0.14460701590678912,0,0,5,0,1.23259004,5,Typea,Toyota,Mail
2026-01-02 12:00:00,6.457387819561703,0.7959311910809073,0.123259004,0,0,5,0,1.23259004,5,Typea,Toyota,Mail
2026-01-02 13:00:00,6.457387819561703,2.5114502456837275,0.3889266551523606,0,0,5,0,1.23259004,5,Typea,Toyota,Mail
2026-01-02 14:00:00,6.457387819561703,1.5932802754241113,0.2467375849097222,0,0,5,0,1.23259004,5,Typea,Toyota,Mail
2026-01-02 15:00:00,6.457387819561703,2.7227647554196706,0.42165111210626954,0,0,5,0,1.23259004,5,Typea,Toyota,Mail
2026-01-02 16:00:00,6.457387819561703,2.6555029355312483,0.41123485374175517,0,0,5,0,1.23259004,5,Typea,Toyota,Mail
2026-01-02 17:00:00,6.457387819561703,3.010032283578316,0.46613775843846145,0,0,5,0,1.23259004,5,Typea,Toyota,Mail
2026-01-02 18:00:00,6.457387819561703,1.390777226544507,0.215377682958944,0,0,5,0,1.23259004,5,Typea,Toyota,Mail
2026-01-02 19:00:00,6.457387819561703,1.882240415845978,0.29148635151570246,0,0,5,0,1.23259004,5,Typea,Toyota,Mail
2026-01-02 20:00:00,6.457387819561703,2.8543336743249883,0.4420260566785545,0,0,5,0,1.23259004,5,Typea,Toyota,Mail
2026-01-02 21:00:00,6.457387819561703,2.554429348536203,0.3955824584049198,0,0,5,0,1.23259004,5,Typea,Toyota,Mail
2026-01-02 22:00:00,0.0,0.0,0.0,1,1,5,100,1.0,5,Typea,Toyota,Mail
2026-01-02 23:00:00,0.0,0.0,0.0,1,1,5,100,1.0,5,Typea,Toyota,Mail
2026-01-03 00:00:00,0.0,0.0,0.0,1,1,5,100,1.0,5,Typea,Toyota,Mail
2026-01-03 01:00:00,0.0,0.0,0.0,1,1,5,100,1.0,5,Typea,Toyota,Mail
2026-01-03 02:00:00,0.0,0.0,0.0,1,1,5,100,1.0,5,Typea,Toyota,Mail
2026-01-03 03:00:00,0.0,0.0,0.0,1,1,5,100,1.0,5,Typea,Toyota,Mail
2026-01-03 04:00:00,0.0,0.0,0.0,1,1,5,100,1.0,5,Typea,Toyota,Mail
2026-01-03 05:00:00,0.0,0.0,0.0,1,1,5,100,1.0,5,Typea,Toyota,Mail
2026-01-03 06:00:00,0.0,0.0,0.0,1,1,5,100,1.0,5,Typea,Toyota,Mail
2026-01-03 07:00:00,0.0,0.0,0.0,1,1,5,100,1.0,5,Typea,Toyota,Mail
2026-01-03 08:00:00,6.776388509234959,3.1894687122599534,0.4706738269084336,0,0,5,0,1.209049010004,5,Typea,Toyota,Mail
2026-01-03 09:00:00,6.776388509234959,0.8192985818493008,0.1209049010004,0,0,5,0,1.209049010004,5,Typea,Toyota,Mail
2026-01-03 10:00:00,6.776388509234959,2.3343965622384233,0.34448977638414247,0,0,5,0,1.209049010004,5,Typea,Toyota,Mail
2026-01-03 11:00:00,6.776388509234959,0.873188473430254,0.1288574986868389,0,0,5,0,1.209049010004,5,Typea,Toyota,Mail
2026-01-03 12:00:00,6.776388509234959,1.6948590840885032,0.2501124429006284,0,0,5,0,1.209049010004,5,Typea,Toyota,Mail
2026-01-03 13:00:00,6.776388509234959,3.1607629601022835,0.46643768370050664,0,0,5,0,1.209049010004,5,Typea,Toyota,Mail
2026-01-03 14:00:00,6.776388509234959,0.8192985818493008,0.1209049010004,0,0,5,0,1.209049010004,5,Typea,Toyota,Mail
2026-01-03 15:00:00,6.776388509234959,3.0011506865775215,0.4428835038734143,0,0,5,0,1.209049010004,5,Typea,Toyota,Mail
2026-01-03 16:00:00,6.776388509234959,2.329743422069146,0.3438031067572555,0,0,5,0,1.209049010004,5,Typea,Toyota,Mail
2026-01-03 17:00:00,6.776388509234959,1.6838183382242229,0.24848314643257116,0,0,5,0,1.209049010004,5,Typea,Toyota,Mail
2026-01-03 18:00:00,6.776388509234959,0.9515078018961652,0.14041517846850676,0,0,5,0,1.209049010004,5,Typea,Toyota,Mail
2026-01-03 19:00:00,6.776388509234959,1.6754402141749152,0.2472467763457779,0,0,5,0,1.209049010004,5,Typea,Toyota,Mail
2026-01-03 20:00:00,6.776388509234959,0.8192985818493008,0.1209049010004,0,0,5,0,1.209049010004,5,Typea,Toyota,Mail
2026-01-03 21:00:00,0.0,0.0,0.0,1,1,5,100,1.0,5,Typea,Toyota,Mail
2026-01-03 22:00:00,0.0,0.0,0.0,1,1,5,100,1.0,5,Typea,Toyota,Mail
2026-01-03 23:00:00,0.0,0.0,0.0,1,1,5,100,1.0,5,Typea,Toyota,Mail
2026-01-04 00:00:00,0.0,0.0,0.0,1,1,5,100,1.0,5,Typea,Toyota,Mail
2026-01-04 01:00:00,0.0,0.0,0.0,1,1,5,100,1.0,5,Typea,Toyota,Mail
2026-01-04 02:00:00,0.0,0.0,0.0,1,1,5,100,1.0,5,Typea,Toyota,Mail
2026-01-04 03:00:00,0.0,0.0,0.0,1,1,5,100,1.0,5,Typea,Toyota,Mail
2026-01-04 04:00:00,0.0,0.0,0.0,1,1,5,100,1.0,5,Typea,Toyota,Mail
2026-01-04 05:00:00,0.0,0.0,0.0,1,1,5,100,1.0,5,Typea,Toyota,Mail
2026-01-04 06:00:00,0.0,0.0,0.0,1,1,5,100,1.0,5,Typea,Toyota,Mail
2026-01-04 07:00:00,0.0,0.0,0.0,1,1,5,100,1.0,5,Typea,Toyota,Mail
2026-01-04 08:00:00,7.813294888181978,1.9966810798846597,0.2555491771985652,0,0,5,0,1.3050301525,5,Typea,Toyota,Mail
2026-01-04 09:00:00,7.813294888181978,1.0196585419451598,0.13050301525000002,0,0,5,0,1.3050301525,5,Typea,Toyota,Mail
2026-01-04 10:00:00,7.813294888181978,1.3901961014148256,0.17792699767643108,0,0,5,0,1.3050301525,5,Typea,Toyota,Mail
2026-01-04 11:00:00,7.813294888181978,3.2622341641298265,0.4175234917939842,0,0,5,0,1.3050301525,5,Typea,Toyota,Mail
2026-01-04 12:00:00,7.813294888181978,3.652393012218419,0.46745874365280354,0,0,5,0,1.3050301525,5,Typea,Toyota,Mail
2026-01-04 13:00:00,7.813294888181978,1.084726557575243,0.1388308739269459,0,0,5,0,1.3050301525,5,Typea,Toyota,Mail
2026-01-04 14:00:00,7.813294888181978,3.637579723535725,0.46556283560188627,0,0,5,0,1.3050301525,5,Typea,Toyota,Mail
2026-01-04 15:00:00,7.813294888181978,2.4853345443012964,0.31809045733836266,0,0,5,0,1.3050301525,5,Typea,Toyota,Mail
2026-01-04 16:00:00,7.813294888181978,1.6356965437731408,0.20934785736133144,0,0,5,0,1.3050301525,5,Typea,Toyota,Mail
2026-01-04 17:00:00,7.813294888181978,4.588463438753219,0.5872635686250001,0,0,5,0,1.3050301525,5,Typea,Toyota,Mail
2026-01-04 18:00:00,7.813294888181978,4.588463438753219,0.5872635686250001,0,0,5,0,1.3050301525,5,Typea,Toyota,Mail
2026-01-04 19:00:00,7.813294888181978,3.2454454503957075,0.4153747550607127,0,0,5,0,1.3050301525,5,Typea,Toyota,Mail
2026-01-04 20:00:00,0.0,0.0,0.0,1,1,5,100,1.0,5,Typea,Toyota,Mail
2026-01-04 21:00:00,0.0,0.0,0.0,1,1,5,100,1.0,5,Typea,Toyota,Mail
2026-01-04 22:00:00,0.0,0.0,0.0,1,1,5,100,1.0,5,Typea,Toyota,Mail
2026-01-04 23:00:00,0.0,0.0,0.0,1,1,5,100,1.0,5,Typea,Toyota,Mail
2026-01-05 00:00:00,0.0,0.0,0.0,1,1,5,100,1.0,5,Typea,Toyota,Mail
2026-01-05 01:00:00,0.0,0.0,0.0,1,1,5,100,1.0,5,Typea,Toyota,Mail
2026-01-05 02:00:00,0.0,0.0,0.0,1,1,5,100,1.0,5,Typea,Toyota,Mail
2026-01-05 03:00:00,0.0,0.0,0.0,1,1,5,100,1.0,5,Typea,Toyota,Mail
2026-01-05 04:00:00,0.0,0.0,0.0,1,1,5,100,1.0,5,Typea,Toyota,Mail
2026-01-05 05:00:00,0.0,0.0,0.0,1,1,5,100,1.0,5,Typea,Toyota,Mail
2026-01-05 06:00:00,0.0,0.0,0.0,1,1,5,100,1.0,5,Typea,Toyota,Mail
2026-01-05 07:00:00,0.0,0.0,0.0,1,1,5,100,1.0,5,Typea,Toyota,Mail
2026-01-05 08:00:00,0.0,0.0,0.0,1,1,5,100,1.0,5,Typea,Toyota,Mail
2026-01-05 09:00:00,8.456681953423654,3.216203540391406,0.38031506424210965,0,0,5,0,1.226197579604,5,Typea,Toyota,Mail
2026-01-05 10:00:00,8.456681953423654,2.738392397157234,0.32381404577342615,0,0,5,0,1.226197579604,5,Typea,Toyota,Mail
2026-01-05 11:00:00,8.456681953423654,4.666303324246011,0.5517889108218,0,0,5,0,1.226197579604,5,Typea,Toyota,Mail
2026-01-05 12:00:00,8.456681953423654,2.634884308089815,0.31157424656641985,0,0,5,0,1.226197579604,5,Typea,Toyota,Mail
2026-01-05 13:00:00,8.456681953423654,3.8862037452899836,0.4595423792326338,0,0,5,0,1.226197579604,5,Typea,Toyota,Mail
2026-01-05 14:00:00,8.456681953423654,1.323896047883164,0.15655029421405517,0,0,5,0,1.226197579604,5,Typea,Toyota,Mail
2026-01-05 15:00:00,8.456681953423654,1.0369562942768913,0.12261975796040002,0,0,5,0,1.226197579604,5,Typea,Toyota,Mail
2026-01-05 16:00:00,8.456681953423654,3.842269756176982,0.4543471987404533,0,0,5,0,1.226197579604,5,Typea,Toyota,Mail
2026-01-05 17:00:00,8.456681953423654,3.663900987002021,0.4332551474894601,0,0,5,0,1.226197579604,5,Typea,Toyota,Mail
2026-01-05 18:00:00,8.456681953423654,1.0369562942768913,0.12261975796040002,0,0,5,0,1.226197579604,5,Typea,Toyota,Mail
2026-01-05 19:00:00,8.456681953423654,4.666303324246011,0.5517889108218,0,0,5,0,1.226197579604,5,Typea,Toyota,Mail
2026-01-05 20:00:00,8.456681953423654,1.0369562942768913,0.12261975796040002,0,0,5,0,1.226197579604,5,Typea,Toyota,Mail
2026-01-05 21:00:00,0.0,0.0,0.0,1,1,5,100,1.0,5,Typea,Toyota,Mail
2026-01-05 22:00:00,0.0,0.0,0.0,1,1,5,100,1.0,5,Typea,Toyota,Mail
2026-01-05 23:00:00,0.0,0.0,0.0,1,1,5,100,1.0,5,Typea,Toyota,Mail
2026-01-06 00:00:00,0.0,0.0,0.0,1,1,5,100,1.0,5,Typea,Toyota,Mail
2026-01-06 01:00:00,0.0,0.0,0.0,1,1,5,100,1.0,5,Typea,Toyota,Mail
2026-01-06 02:00:00,0.0,0.0,0.0,1,1,5,100,1.0,5,Typea,Toyota,Mail
2026-01-06 03:00:00,0.0,0.0,0.0,1,1,5,100,1.0,5,Typea,Toyota,Mail
2026-01-06 04:00:00,0.0,0.0,0.0,1,1,5,100,1.0,5,Typea,Toyota,Mail
2026-01-06 05:00:00,0.0,0.0,0.0,1,1,5,100,1.0,5,Typea,Toyota,Mail
2026-01-06 06:00:00,7.572578198796887,3.506732422532374,0.4630830254205252,0,0,5,0,1.3306301459840002,5,Typea,Toyota,Mail
2026-01-06 07:00:00,7.572578198796887,1.007630083414036,0.13306301459840003,0,0,5,0,1.3306301459840002,5,Typea,Toyota,Mail
2026-01-06 08:00:00,7.572578198796887,1.007630083414036,0.13306301459840003,0,0,5,0,1.3306301459840002,5,Typea,Toyota,Mail
2026-01-06 09:00:00,7.572578198796887,4.5343353753631614,0.5987835656928001,0,0,5,0,1.3306301459840002,5,Typea,Toyota,Mail
2026-01-06 10:00:00,7.572578198796887,2.811496097084495,0.3712732999615876,0,0,5,0,1.3306301459840002,5,Typea,Toyota,Mail
2026-01-06 11:00:00,7.572578198796887,2.486678324111256,0.32837935229329607,0,0,5,0,1.3306301459840002,5,Typea,Toyota,Mail
2026-01-06 12:00:00,7.572578198796887,2.6567368026297733,0.35083649622157337,0,0,5,0,1.3306301459840002,5,Typea,Toyota,Mail
2026-01-06 13:00:00,7.572578198796887,2.3888650118549033,0.3154625741909724,0,0,5,0,1.3306301459840002,5,Typea,Toyota,Mail
2026-01-06 14:00:00,7.572578198796887,4.0828180639051315,0.5391582571644885,0,0,5,0,1.3306301459840002,5,Typea,Toyota,Mail
2026-01-06 15:00:00,7.572578198796887,2.10884462147963,0.2784843637289448,0,0,5,0,1.3306301459840002,5,Typea,Toyota,Mail
2026-01-06 16:00:00,7.572578198796887,3.934515595112127,0.5195741122537676,0,0,5,0,1.3306301459840002,5,Typea,Toyota,Mail
2026-01-06 17:00:00,7.572578198796887,3.512580880216269,0.46385534596055267,0,0,5,0,1.3306301459840002,5,Typea,Toyota,Mail
2026-01-06 18:00:00,7.572578198796887,3.458981452131309,0.45677725093428073,0,0,5,0,1.3306301459840002,5,Typea,Toyota,Mail
2026-01-06 19:00:00,7.572578198796887,3.159397335324147,0.4172155443473801,0,0,5,0,1.3306301459840002,5,Typea,Toyota,Mail
2026-01-06 20:00:00,7.572578198796887,1.007630083414036,0.13306301459840003,0,0,5,0,1.3306301459840002,5,Typea,Toyota,Mail
2026-01-06 21:00:00,7.572578198796887,1.7331885707929389,0.22887694590837024,0,0,5,0,1.3306301459840002,5,Typea,Toyota,Mail
2026-01-06 22:00:00,0.0,0.0,0.0,1,1,5,100,1.0,5,Typea,Toyota,Mail
2026-01-06 23:00:00,0.0,0.0,0.0,1,1,5,100,1.0,5,Typea,Toyota,Mail
2026-01-07 00:00:00,0.0,0.0,0.0,1,1,5,100,1.0,5,Typea,Toyota,Mail
2026-01-07 01:00:00,0.0,0.0,0.0,1,1,5,100,1.0,5,Typea,Toyota,Mail
2026-01-07 02:00:00,0.0,0.0,0.0,1,1,5,100,1.0,5,Typea,Toyota,Mail
2026-01-07 03:00:00,0.0,0.0,0.0,1,1,5,100,1.0,5,Typea,Toyota,Mail
2026-01-07 04:00:00,0.0,0.0,0.0,1,1,5,100,1.0,5,Typea,Toyota,Mail
2026-01-07 05:00:00,0.0,0.0,0.0,1,1,5,100,1.0,5,Typea,Toyota,Mail
2026-01-07 06:00:00,0.0,0.0,0.0,1,1,5,100,1.0,5,Typea,Toyota,Mail
2026-01-07 07:00:00,6.883450015792416,2.552773381316881,0.3708566744089313,0,0,5,0,1.282756305344,5,Typea,Toyota,Mail
2026-01-07 08:00:00,6.883450015792416,1.4466702240361968,0.2101664457092244,0,0,5,0,1.282756305344,5,Typea,Toyota,Mail
2026-01-07 09:00:00,6.883450015792416,0.8829788910277979,0.12827563053440003,0,0,5,0,1.282756305344,5,Typea,Toyota,Mail
2026-01-07 10:00:00,6.883450015792416,2.5332450221128706,0.3680196727369198,0,0,5,0,1.282756305344,5,Typea,Toyota,Mail
2026-01-07 11:00:00,6.883450015792416,1.5021460289053976,0.21822574805643766,0,0,5,0,1.282756305344,5,Typea,Toyota,Mail
2026-01-07 12:00:00,6.883450015792416,0.9150928277252235,0.13294101440785708,0,0,5,0,1.282756305344,5,Typea,Toyota,Mail
2026-01-07 13:00:00,6.883450015792416,2.497899614878868,0.3628848337894573,0,0,5,0,1.282756305344,5,Typea,Toyota,Mail
2026-01-07 14:00:00,6.883450015792416,1.7778657960831685,0.2582812095684989,0,0,5,0,1.282756305344,5,Typea,Toyota,Mail
2026-01-07 15:00:00,6.883450015792416,3.9734050096250906,0.5772403374048001,0,0,5,0,1.282756305344,5,Typea,Toyota,Mail
2026-01-07 16:00:00,6.883450015792416,3.039748244153054,0.4416024286047091,0,0,5,0,1.282756305344,5,Typea,Toyota,Mail
2026-01-07 17:00:00,6.883450015792416,0.8829788910277979,0.12827563053440003,0,0,5,0,1.282756305344,5,Typea,Toyota,Mail
2026-01-07 18:00:00,6.883450015792416,1.3811894044839332,0.200653654971726,0,0,5,0,1.282756305344,5,Typea,Toyota,Mail
2026-01-07 19:00:00,6.883450015792416,0.8829788910277979,0.12827563053440003,0,0,5,0,1.282756305344,5,Typea,Toyota,Mail
2026-01-07 20:00:00,6.883450015792416,1.762549750619357,0.2560561559357026,0,0,5,0,1.282756305344,5,Typea,Toyota,Mail
2026-01-07 21:00:00,6.883450015792416,1.99771245118278,0.29021964953613527,0,0,5,0,1.282756305344,5,Typea,Toyota,Mail
2026-01-07 22:00:00,0.0,0.0,0.0,1,1,5,100,1.0,5,Typea,Toyota,Mail
2026-01-07 23:00:00,0.0,0.0,0.0,1,1,5,100,1.0,5,Typea,Toyota,Mail
2026-01-08 00:00:00,0.0,0.0,0.0,1,1,5,100,1.0,5,Typea,Toyota,Mail
2026-01-08 01:00:00,0.0,0.0,0.0,1,1,5,100,1.0,5,Typea,Toyota,Mail
2026-01-08 02:00:00,0.0,0.0,0.0,1,1,5,100,1.0,5,Typea,Toyota,Mail
2026-01-08 03:00:00,0.0,0.0,0.0,1,1,5,100,1.0,5,Typea,Toyota,Mail
2026-01-08 04:00:00,0.0,0.0,0.0,1,1,5,100,1.0,5,Typea,Toyota,Mail
2026-01-08 05:00:00,0.0,0.0,0.0,1,1,5,100,1.0,5,Typea,Toyota,Mail
2026-01-08 06:00:00,0.0,0.0,0.0,1,1,5,100,1.0,5,Typea,Toyota,Mail
2026-01-08 07:00:00,0.0,0.0,0.0,1,1,5,100,1.0,5,Typea,Toyota,Mail
2026-01-08 08:00:00,10.621825189430298,5.458127710284874,0.5138596816407991,0,0,5,0,1.176585222144,5,Typea,Toyota,Mail
2026-01-08 09:00:00,10.621825189430298,5.1030404694919556,0.48042971697274345,0,0,5,0,1.176585222144,5,Typea,Toyota,Mail
2026-01-08 10:00:00,10.621825189430298,5.30743136913695,0.4996722573083142,0,0,5,0,1.176585222144,5,Typea,Toyota,Mail
2026-01-08 11:00:00,10.621825189430298,5.623867147536263,0.5294633499648,0,0,5,0,1.176585222144,5,Typea,Toyota,Mail
2026-01-08 12:00:00,10.621825189430298,3.5940647211525167,0.33836602062788085,0,0,5,0,1.176585222144,5,Typea,Toyota,Mail
2026-01-08 13:00:00,10.621825189430298,5.623867147536263,0.5294633499648,0,0,5,0,1.176585222144,5,Typea,Toyota,Mail
2026-01-08 14:00:00,10.621825189430298,5.125875368156263,0.48257952628113154,0,0,5,0,1.176585222144,5,Typea,Toyota,Mail
2026-01-08 15:00:00,10.621825189430298,3.795803755525175,0.3573588990432974,0,0,5,0,1.176585222144,5,Typea,Toyota,Mail
2026-01-08 16:00:00,10.621825189430298,2.5267723214134015,0.23788494692303674,0,0,5,0,1.176585222144,5,Typea,Toyota,Mail
2026-01-08 17:00:00,10.621825189430298,2.556438738121934,0.2406779148150383,0,0,5,0,1.176585222144,5,Typea,Toyota,Mail
2026-01-08 18:00:00,10.621825189430298,3.2150466347371474,0.302683067872028,0,0,5,0,1.176585222144,5,Typea,Toyota,Mail
2026-01-08 19:00:00,10.621825189430298,1.2497482550080583,0.11765852221440001,0,0,5,0,1.176585222144,5,Typea,Toyota,Mail
2026-01-08 20:00:00,10.621825189430298,2.834977407585377,0.26690115465338693,0,0,5,0,1.176585222144,5,Typea,Toyota,Mail
2026-01-08 21:00:00,10.621825189430298,5.6064363091426985,0.5278223101168736,0,0,5,0,1.176585222144,5,Typea,Toyota,Mail
2026-01-08 22:00:00,0.0,0.0,0.0,1,1,5,100,1.0,5,Typea,Toyota,Mail
2026-01-08 23:00:00,0.0,0.0,0.0,1,1,5,100,1.0,5,Typea,Toyota,Mail
2026-01-09 00:00:00,0.0,0.0,0.0,1,1,5,100,1.0,5,Typea,Toyota,Mail
2026-01-09 01:00:00,0.0,0.0,0.0,1,1,5,100,1.0,5,Typea,Toyota,Mail
2026-01-09 02:00:00,0.0,0.0,0.0,1,1,5,100,1.0,5,Typea,Toyota,Mail
2026-01-09 03:00:00,0.0,0.0,0.0,1,1,5,100,1.0,5,Typea,Toyota,Mail
2026-01-09 04:00:00,0.0,0.0,0.0,1,1,5,100,1.0,5,Typea,Toyota,Mail
2026-01-09 05:00:00,0.0,0.0,0.0,1,1,5,100,1.0,5,Typea,Toyota,Mail
2026-01-09 06:00:00,0.0,0.0,0.0,1,1,5,100,1.0,5,Typea,Toyota,Mail
2026-01-09 07:00:00,0.0,0.0,0.0,1,1,5,100,1.0,5,Typea,Toyota,Mail
2026-01-09 08:00:00,9.112920831864447,1.2222796605995188,0.13412600451061396,0,0,5,0,1.137342385344,5,Typea,Toyota,Mail
2026-01-09 09:00:00,9.112920831864447,1.0364511116363737,0.1137342385344,0,0,5,0,1.137342385344,5,Typea,Toyota,Mail
2026-01-09 10:00:00,9.112920831864447,4.6149452004602285,0.5064177869650207,0,0,5,0,1.137342385344,5,Typea,Toyota,Mail
2026-01-09 11:00:00,9.112920831864447,2.059695298286931,0.22601922438357566,0,0,5,0,1.137342385344,5,Typea,Toyota,Mail
2026-01-09 12:00:00,9.112920831864447,4.664030002363682,0.5118040734047999,0,0,5,0,1.137342385344,5,Typea,Toyota,Mail
2026-01-09 13:00:00,9.112920831864447,1.0364511116363737,0.1137342385344,0,0,5,0,1.137342385344,5,Typea,Toyota,Mail
2026-01-09 14:00:00,9.112920831864447,4.664030002363682,0.5118040734047999,0,0,5,0,1.137342385344,5,Typea,Toyota,Mail
2026-01-09 15:00:00,9.112920831864447,3.042266279973551,0.33384096450568224,0,0,5,0,1.137342385344,5,Typea,Toyota,Mail
2026-01-09 16:00:00,9.112920831864447,1.0364511116363737,0.1137342385344,0,0,5,0,1.137342385344,5,Typea,Toyota,Mail
2026-01-09 17:00:00,9.112920831864447,1.0364511116363737,0.1137342385344,0,0,5,0,1.137342385344,5,Typea,Toyota,Mail
2026-01-09 18:00:00,9.112920831864447,4.4229799788598445,0.48535261750484565,0,0,5,0,1.137342385344,5,Typea,Toyota,Mail
2026-01-09 19:00:00,9.112920831864447,1.0364511116363737,0.1137342385344,0,0,5,0,1.137342385344,5,Typea,Toyota,Mail
2026-01-09 20:00:00,9.112920831864447,3.9072335717291056,0.4287575458866035,0,0,5,0,1.137342385344,5,Typea,Toyota,Mail
2026-01-09 21:00:00,0.0,0.0,0.0,1,1,5,100,1.0,5,Typea,Toyota,Mail
2026-01-09 22:00:00,0.0,0.0,0.0,1,1,5,100,1.0,5,Typea,Toyota,Mail
2026-01-09 23:00:00,0.0,0.0,0.0,1,1,5,100,1.0,5,Typea,Toyota,Mail
2026-01-10 00:00:00,0.0,0.0,0.0,1,1,5,100,1.0,5,Typea,Toyota,Mail
2026-01-10 01:00:00,0.0,0.0,0.0,1,1,5,100,1.0,5,Typea,Toyota,Mail
2026-01-10 02:00:00,0.0,0.0,0.0,1,1,5,100,1.0,5,Typea,Toyota,Mail
2026-01-10 03:00:00,0.0,0.0,0.0,1,1,5,100,1.0,5,Typea,Toyota,Mail
2026-01-10 04:00:00,0.0,0.0,0.0,1,1,5,100,1.0,5,Typea,Toyota,Mail
2026-01-10 05:00:00,0.0,0.0,0.0,1,1,5,100,1.0,5,Typea,Toyota,Mail
2026-01-10 06:00:00,0.0,0.0,0.0,1,1,5,100,1.0,5,Typea,Toyota,Mail
2026-01-10 07:00:00,0.0,0.0,0.0,1,1,5,100,1.0,5,Typea,Toyota,Mail
2026-01-10 08:00:00,0.0,0.0,0.0,1,1,5,100,1.0,5,Typea,Toyota,Mail
2026-01-10 09:00:00,5.0756350053575865,0.9560739233250547,0.18836538133964928,0,0,5,0,1.18961004,5,Typea,Toyota,Mail
2026-01-10 10:00:00,5.0756350053575865,2.0501353907560382,0.4039170248829984,0,0,5,0,1.18961004,5,Typea,Toyota,Mail
2026-01-10 11:00:00,5.0756350053575865,0.8712933495413718,0.17166193956454281,0,0,5,0,1.18961004,5,Typea,Toyota,Mail
2026-01-10 12:00:00,5.0756350053575865,1.9296362687067603,0.38017632604983076,0,0,5,0,1.18961004,5,Typea,Toyota,Mail
2026-01-10 13:00:00,5.0756350053575865,1.5669717584180243,0.3087242791816211,0,0,5,0,1.18961004,5,Typea,Toyota,Mail
2026-01-10 14:00:00,5.0756350053575865,0.9116312406425655,0.17960929808394283,0,0,5,0,1.18961004,5,Typea,Toyota,Mail
2026-01-10 15:00:00,5.0756350053575865,2.2797553556868793,0.44915667759413036,0,0,5,0,1.18961004,5,Typea,Toyota,Mail
2026-01-10 16:00:00,5.0756350053575865,0.8045178002339113,0.1585058420049319,0,0,5,0,1.18961004,5,Typea,Toyota,Mail
2026-01-10 17:00:00,5.0756350053575865,0.692005134286912,0.1363386322216759,0,0,5,0,1.18961004,5,Typea,Toyota,Mail
2026-01-10 18:00:00,5.0756350053575865,0.89991187980566,0.17730035332638341,0,0,5,0,1.18961004,5,Typea,Toyota,Mail
2026-01-10 19:00:00,5.0756350053575865,1.6187607012385945,0.31892772028128735,0,0,5,0,1.18961004,5,Typea,Toyota,Mail
2026-01-10 20:00:00,5.0756350053575865,2.7171118627869775,0.535324518,0,0,5,0,1.18961004,5,Typea,Toyota,Mail
2026-01-10 21:00:00,5.0756350053575865,1.4533629790635607,0.2863411134822467,0,0,5,0,1.18961004,5,Typea,Toyota,Mail
2026-01-10 22:00:00,0.0,0.0,0.0,1,1,5,100,1.0,5,Typea,Toyota,Mail
2026-01-10 23:00:00,0.0,0.0,0.0,1,1,5,100,1.0,5,Typea,Toyota,Mail
2026-01-11 00:00:00,0.0,0.0,0.0,1,1,5,100,1.0,5,Typea,Toyota,Mail
2026-01-11 01:00:00,0.0,0.0,0.0,1,1,5,100,1.0,5,Typea,Toyota,Mail
2026-01-11 02:00:00,0.0,0.0,0.0,1,1,5,100,1.0,5,Typea,Toyota,Mail
2026-01-11 03:00:00,0.0,0.0,0.0,1,1,5,100,1.0,5,Typea,Toyota,Mail
2026-01-11 04:00:00,0.0,0.0,0.0,1,1,5,100,1.0,5,Typea,Toyota,Mail
2026-01-11 05:00:00,0.0,0.0,0.0,1,1,5,100,1.0,5,Typea,Toyota,Mail
2026-01-11 06:00:00,0.0,0.0,0.0,1,1,5,100,1.0,5,Typea,Toyota,Mail
2026-01-11 07:00:00,0.0,0.0,0.0,1,1,5,100,1.0,5,Typea,Toyota,Mail
2026-01-11 08:00:00,4.550507858762443,0.6975868133959401,0.15329867237843997,0,0,5,0,1.122069513044,5,Typea,Toyota,Mail
2026-01-11 09:00:00,4.550507858762443,0.510598613718447,0.1122069513044,0,0,5,0,1.122069513044,5,Typea,Toyota,Mail
2026-01-11 10:00:00,4.550507858762443,1.6307072302877215,0.35835719460359505,0,0,5,0,1.122069513044,5,Typea,Toyota,Mail
2026-01-11 11:00:00,4.550507858762443,0.741659888353263,0.16298398143080342,0,0,5,0,1.122069513044,5,Typea,Toyota,Mail
2026-01-11 12:00:00,4.550507858762443,1.934707414120167,0.42516296513908897,0,0,5,0,1.122069513044,5,Typea,Toyota,Mail
2026-01-11 13:00:00,4.550507858762443,1.7286502880371886,0.3798807389615876,0,0,5,0,1.122069513044,5,Typea,Toyota,Mail
2026-01-11 14:00:00,4.550507858762443,2.297693761733011,0.5049312808698,0,0,5,0,1.122069513044,5,Typea,Toyota,Mail
2026-01-11 15:00:00,4.550507858762443,0.510598613718447,0.1122069513044,0,0,5,0,1.122069513044,5,Typea,Toyota,Mail
2026-01-11 16:00:00,4.550507858762443,1.8026259678147274,0.3961373156061245,0,0,5,0,1.122069513044,5,Typea,Toyota,Mail
2026-01-11 17:00:00,4.550507858762443,1.631474183988458,0.3585257370442502,0,0,5,0,1.122069513044,5,Typea,Toyota,Mail
2026-01-11 18:00:00,4.550507858762443,1.5500607788539174,0.3406346779226247,0,0,5,0,1.122069513044,5,Typea,Toyota,Mail
2026-01-11 19:00:00,4.550507858762443,0.7529682276832903,0.1654690533570615,0,0,5,0,1.122069513044,5,Typea,Toyota,Mail
2026-01-11 20:00:00,4.550507858762443,1.0708861877806075,0.23533333443618004,0,0,5,0,1.122069513044,5,Typea,Toyota,Mail
2026-01-11 21:00:00,0.0,0.0,0.0,1,1,5,100,1.0,5,Typea,Toyota,Mail
2026-01-11 22:00:00,0.0,0.0,0.0,1,1,5,100,1.0,5,Typea,Toyota,Mail
2026-01-11 23:00:00,0.0,0.0,0.0,1,1,5,100,1.0,5,Typea,Toyota,Mail
2026-01-12 00:00:00,0.0,0.0,0.0,1,1,5,100,1.0,5,Typea,Toyota,Mail
2026-01-12 01:00:00,0.0,0.0,0.0,1,1,5,100,1.0,5,Typea,Toyota,Mail
2026-01-12 02:00:00,0.0,0.0,0.0,1,1,5,100,1.0,5,Typea,Toyota,Mail
2026-01-12 03:00:00,0.0,0.0,0.0,1,1,5,100,1.0,5,Typea,Toyota,Mail
2026-01-12 04:00:00,0.0,0.0,0.0,1,1,5,100,1.0,5,Typea,Toyota,Mail
2026-01-12 05:00:00,0.0,0.0,0.0,1,1,5,100,1.0,5,Typea,Toyota,Mail
2026-01-12 06:00:00,0.0,0.0,0.0,1,1,5,100,1.0,5,Typea,Toyota,Mail
2026-01-12 07:00:00,0.0,0.0,0.0,1,1,5,100,1.0,5,Typea,Toyota,Mail
2026-01-12 08:00:00,11.49083557029969,1.2868464111008562,0.1119889326784,0,0,5,0,1.119889326784,5,Typea,Toyota,Mail
2026-01-12 09:00:00,11.49083557029969,2.9917444295008147,0.26035917155002747,0,0,5,0,1.119889326784,5,Typea,Toyota,Mail
2026-01-12 10:00:00,11.49083557029969,5.790808849953853,0.5039501970528,0,0,5,0,1.119889326784,5,Typea,Toyota,Mail
2026-01-12 11:00:00,11.49083557029969,5.359668715057032,0.46642985031568485,0,0,5,0,1.119889326784,5,Typea,Toyota,Mail
2026-01-12 12:00:00,11.49083557029969,3.817647369397423,0.3322340961230773,0,0,5,0,1.119889326784,5,Typea,Toyota,Mail
2026-01-12 13:00:00,11.49083557029969,5.790808849953853,0.5039501970528,0,0,5,0,1.119889326784,5,Typea,Toyota,Mail
2026-01-12 14:00:00,11.49083557029969,1.2868464111008562,0.1119889326784,0,0,5,0,1.119889326784,5,Typea,Toyota,Mail
2026-01-12 15:00:00,11.49083557029969,1.7090868836445394,0.14873477852750833,0,0,5,0,1.119889326784,5,Typea,Toyota,Mail
2026-01-12 16:00:00,11.49083557029969,2.8312808187099474,0.24639468569439335,0,0,5,0,1.119889326784,5,Typea,Toyota,Mail
2026-01-12 17:00:00,11.49083557029969,4.185887777015298,0.3642805391658847,0,0,5,0,1.119889326784,5,Typea,Toyota,Mail
2026-01-12 18:00:00,11.49083557029969,2.2729828619926664,0.19780831847142905,0,0,5,0,1.119889326784,5,Typea,Toyota,Mail
2026-01-12 19:00:00,11.49083557029969,2.6356511321930465,0.22936984138955063,0,0,5,0,1.119889326784,5,Typea,Toyota,Mail
2026-01-12 20:00:00,11.49083557029969,3.661205943084222,0.31861964438402757,0,0,5,0,1.119889326784,5,Typea,Toyota,Mail
2026-01-12 21:00:00,0.0,0.0,0.0,1,1,5,100,1.0,5,Typea,Toyota,Mail
2026-01-12 22:00:00,0.0,0.0,0.0,1,1,5,100,1.0,5,Typea,Toyota,Mail
2026-01-12 23:00:00,0.0,0.0,0.0,1,1,5,100,1.0,5,Typea,Toyota,Mail
2026-01-13 00:00:00,0.0,0.0,0.0,1,1,5,100,1.0,5,Typea,Toyota,Mail
2026-01-13 01:00:00,0.0,0.0,0.0,1,1,5,100,1.0,5,Typea,Toyota,Mail
2026-01-13 02:00:00,0.0,0.0,0.0,1,1,5,100,1.0,5,Typea,Toyota,Mail
2026-01-13 03:00:00,0.0,0.0,0.0,1,1,5,100,1.0,5,Typea,Toyota,Mail
2026-01-13 04:00:00,0.0,0.0,0.0,1,1,5,100,1.0,5,Typea,Toyota,Mail
2026-01-13 05:00:00,0.0,0.0,0.0,1,1,5,100,1.0,5,Typea,Toyota,Mail
2026-01-13 06:00:00,0.0,0.0,0.0,1,1,5,100,1.0,5,Typea,Toyota,Mail
2026-01-13 07:00:00,0.0,0.0,0.0,1,1,5,100,1.0,5,Typea,Toyota,Mail
2026-01-13 08:00:00,0.0,0.0,0.0,1,1,5,100,1.0,5,Typea,Toyota,Mail
2026-01-13 09:00:00,12.655557093621958,5.567088635700481,0.4398928150311246,0,0,5,0,1.12425024,5,Typea,Toyota,Mail
2026-01-13 10:00:00,12.655557093621958,5.093570263472527,0.40247696927064097,0,0,5,0,1.12425024,5,Typea,Toyota,Mail
2026-01-13 11:00:00,12.655557093621958,6.402605894927186,0.505912608,0,0,5,0,1.12425024,5,Typea,Toyota,Mail
2026-01-13 12:00:00,12.655557093621958,6.186048737463974,0.48880098218525414,0,0,5,0,1.12425024,5,Typea,Toyota,Mail
2026-01-13 13:00:00,12.655557093621958,6.402605894927186,0.505912608,0,0,5,0,1.12425024,5,Typea,Toyota,Mail
2026-01-13 14:00:00,12.655557093621958,5.708509457845802,0.4510674177055966,0,0,5,0,1.12425024,5,Typea,Toyota,Mail
2026-01-13 15:00:00,12.655557093621958,1.422801309983819,0.11242502400000001,0,0,5,0,1.12425024,5,Typea,Toyota,Mail
2026-01-13 16:00:00,12.655557093621958,4.978956505503279,0.3934205715853103,0,0,5,0,1.12425024,5,Typea,Toyota,Mail
2026-01-13 17:00:00,12.655557093621958,1.422801309983819,0.11242502400000001,0,0,5,0,1.12425024,5,Typea,Toyota,Mail
2026-01-13 18:00:00,12.655557093621958,2.243186643785738,0.1772491425854529,0,0,5,0,1.12425024,5,Typea,Toyota,Mail
2026-01-13 19:00:00,12.655557093621958,3.01637809597445,0.23834415772140283,0,0,5,0,1.12425024,5,Typea,Toyota,Mail
2026-01-13 20:00:00,12.655557093621958,3.3862972541872685,0.2675739384000619,0,0,5,0,1.12425024,5,Typea,Toyota,Mail
2026-01-13 21:00:00,0.0,0.0,0.0,1,1,5,100,1.0,5,Typea,Toyota,Mail
2026-01-13 22:00:00,0.0,0.0,0.0,1,1,5,100,1.0,5,Typea,Toyota,Mail
2026-01-13 23:00:00,0.0,0.0,0.0,1,1,5,100,1.0,5,Typea,Toyota,Mail
2026-01-14 00:00:00,0.0,0.0,0.0,1,1,5,100,1.0,5,Typea,Toyota,Mail
2026-01-14 01:00:00,0.0,0.0,0.0,1,1,5,100,1.0,5,Typea,Toyota,Mail
2026-01-14 02:00:00,0.0,0.0,0.0,1,1,5,100,1.0,5,Typea,Toyota,Mail
2026-01-14 03:00:00,0.0,0.0,0.0,1,1,5,100,1.0,5,Typea,Toyota,Mail
2026-01-14 04:00:00,0.0,0.0,0.0,1,1,5,100,1.0,5,Typea,Toyota,Mail
2026-01-14 05:00:00,0.0,0.0,0.0,1,1,5,100,1.0,5,Typea,Toyota,Mail
2026-01-14 06:00:00,0.0,0.0,0.0,1,1,5,100,1.0,5,Typea,Toyota,Mail
2026-01-14 07:00:00,0.0,0.0,0.0,1,1,5,100,1.0,5,Typea,Toyota,Mail
2026-01-14 08:00:00,0.0,0.0,0.0,1,1,5,100,1.0,5,Typea,Toyota,Mail
2026-01-14 09:00:00,0.0,0.0,0.0,1,1,5,100,1.0,5,Typea,Toyota,Mail
2026-01-14 10:00:00,12.456853244167322,1.373336928036337,0.11024750000000001,0,0,5,0,1.102475,5,Typea,Toyota,Mail
2026-01-14 11:00:00,12.456853244167322,3.1454134441805377,0.25250465607382155,0,0,5,0,1.102475,5,Typea,Toyota,Mail
2026-01-14 12:00:00,12.456853244167322,3.279825045990405,0.2632948290954715,0,0,5,0,1.102475,5,Typea,Toyota,Mail
2026-01-14 13:00:00,12.456853244167322,5.0922957466421535,0.4087947129847196,0,0,5,0,1.102475,5,Typea,Toyota,Mail
2026-01-14 14:00:00,12.456853244167322,3.9680533389537453,0.31854379763297835,0,0,5,0,1.102475,5,Typea,Toyota,Mail
2026-01-14 15:00:00,12.456853244167322,5.932583781474207,0.47625059597230335,0,0,5,0,1.102475,5,Typea,Toyota,Mail
2026-01-14 16:00:00,12.456853244167322,2.9102674050078154,0.23362781498373125,0,0,5,0,1.102475,5,Typea,Toyota,Mail
2026-01-14 17:00:00,12.456853244167322,6.180016176163516,0.4961137500000001,0,0,5,0,1.102475,5,Typea,Toyota,Mail
2026-01-14 18:00:00,12.456853244167322,4.961931088674337,0.39832941686116957,0,0,5,0,1.102475,5,Typea,Toyota,Mail
2026-01-14 19:00:00,12.456853244167322,4.516275609868223,0.3625534893399246,0,0,5,0,1.102475,5,Typea,Toyota,Mail
2026-01-14 20:00:00,12.456853244167322,6.180016176163516,0.4961137500000001,0,0,5,0,1.102475,5,Typea,Toyota,Mail
2026-01-14 21:00:00,0.0,0.0,0.0,1,1,5,100,1.0,5,Typea,Toyota,Mail
2026-01-14 22:00:00,0.0,0.0,0.0,1,1,5,100,1.0,5,Typea,Toyota,Mail
2026-01-14 23:00:00,0.0,0.0,0.0,1,1,5,100,1.0,5,Typea,Toyota,Mail
