"01.06.2024 00:00 - 01.06.2024 01:00","15.50","EUR"
"01.06.2024 01:00 - 01.06.2024 02:00","15.11","EUR"
"01.06.2024 02:00 - 01.06.2024 03:00","14.06","EUR"
"01.06.2024 03:00 - 01.06.2024 04:00","13.14","EUR"
"01.06.2024 04:00 - 01.06.2024 05:00","13.50","EUR"
"01.06.2024 05:00 - 01.06.2024 06:00","13.94","EUR"
"01.06.2024 06:00 - 01.06.2024 07:00","14.98","EUR"
"01.06.2024 07:00 - 01.06.2024 08:00","17.46","EUR"
"01.06.2024 08:00 - 01.06.2024 09:00","21.17","EUR"
"01.06.2024 09:00 - 01.06.2024 10:00","22.44","EUR"
"01.06.2024 10:00 - 01.06.2024 11:00","21.52","EUR"
"01.06.2024 11:00 - 01.06.2024 12:00","20.35","EUR"
"01.06.2024 12:00 - 01.06.2024 13:00","20.30","EUR"
"01.06.2024 13:00 - 01.06.2024 14:00","7.44","EUR"
"01.06.2024 14:00 - 01.06.2024 15:00","2.92","EUR"
"01.06.2024 15:00 - 01.06.2024 16:00","5.80","EUR"
"01.06.2024 16:00 - 01.06.2024 17:00","13.00","EUR"
"01.06.2024 17:00 - 01.06.2024 18:00","20.04","EUR"
"01.06.2024 18:00 - 01.06.2024 19:00","21.59","EUR"
"01.06.2024 19:00 - 01.06.2024 20:00","21.88","EUR"
"01.06.2024 20:00 - 01.06.2024 21:00","21.60","EUR"
"01.06.2024 21:00 - 01.06.2024 22:00","17.94","EUR"
"01.06.2024 22:00 - 01.06.2024 23:00","17.35","EUR"
"01.06.2024 23:00 - 02.06.2024 00:00","11.51","EUR"
"02.06.2024 00:00 - 02.06.2024 01:00","4.13","EUR"
"02.06.2024 01:00 - 02.06.2024 02:00","2.61","EUR"
"02.06.2024 02:00 - 02.06.2024 03:00","1.65","EUR"
"02.06.2024 03:00 - 02.06.2024 04:00","0.99","EUR"
"02.06.2024 04:00 - 02.06.2024 05:00","1.10","EUR"
"02.06.2024 05:00 - 02.06.2024 06:00","2.12","EUR"
"02.06.2024 06:00 - 02.06.2024 07:00","4.90","EUR"
"02.06.2024 07:00 - 02.06.2024 08:00","4.11","EUR"
"02.06.2024 08:00 - 02.06.2024 09:00","0.97","EUR"
"02.06.2024 09:00 - 02.06.2024 10:00","0.00","EUR"
"02.06.2024 10:00 - 02.06.2024 11:00","1.56","EUR"
"02.06.2024 11:00 - 02.06.2024 12:00","0.77","EUR"
"02.06.2024 12:00 - 02.06.2024 13:00","-0.10","EUR"
"02.06.2024 13:00 - 02.06.2024 14:00","-4.01","EUR"
"02.06.2024 14:00 - 02.06.2024 15:00","-5.00","EUR"
"02.06.2024 15:00 - 02.06.2024 16:00","-4.36","EUR"
"02.06.2024 16:00 - 02.06.2024 17:00","-0.08","EUR"
"02.06.2024 17:00 - 02.06.2024 18:00","4.93","EUR"
"02.06.2024 18:00 - 02.06.2024 19:00","14.29","EUR"
"02.06.2024 19:00 - 02.06.2024 20:00","21.67","EUR"
"02.06.2024 20:00 - 02.06.2024 21:00","20.50","EUR"
"02.06.2024 21:00 - 02.06.2024 22:00","16.93","EUR"
"02.06.2024 22:00 - 02.06.2024 23:00","15.15","EUR"
"02.06.2024 23:00 - 03.06.2024 00:00","13.96","EUR"
"03.06.2024 00:00 - 03.06.2024 01:00","10.67","EUR"
"03.06.2024 01:00 - 03.06.2024 02:00","9.44","EUR"
"03.06.2024 02:00 - 03.06.2024 03:00","8.50","EUR"
"03.06.2024 03:00 - 03.06.2024 04:00","7.82","EUR"
"03.06.2024 04:00 - 03.06.2024 05:00","8.82","EUR"
"03.06.2024 05:00 - 03.06.2024 06:00","9.65","EUR"
"03.06.2024 06:00 - 03.06.2024 07:00","12.62","EUR"
"03.06.2024 07:00 - 03.06.2024 08:00","21.17","EUR"
"03.06.2024 08:00 - 03.06.2024 09:00","29.40","EUR"
"03.06.2024 09:00 - 03.06.2024 10:00","29.02","EUR"
"03.06.2024 10:00 - 03.06.2024 11:00","29.31","EUR"
"03.06.2024 11:00 - 03.06.2024 12:00","26.48","EUR"
"03.06.2024 12:00 - 03.06.2024 13:00","22.05","EUR"
"03.06.2024 13:00 - 03.06.2024 14:00","21.15","EUR"
"03.06.2024 14:00 - 03.06.2024 15:00","19.07","EUR"
"03.06.2024 15:00 - 03.06.2024 16:00","16.13","EUR"
"03.06.2024 16:00 - 03.06.2024 17:00","16.14","EUR"
"03.06.2024 17:00 - 03.06.2024 18:00","18.29","EUR"
"03.06.2024 18:00 - 03.06.2024 19:00","15.88","EUR"
"03.06.2024 19:00 - 03.06.2024 20:00","14.51","EUR"
"03.06.2024 20:00 - 03.06.2024 21:00","12.62","EUR"
"03.06.2024 21:00 - 03.06.2024 22:00","11.90","EUR"
"03.06.2024 22:00 - 03.06.2024 23:00","9.75","EUR"
"03.06.2024 23:00 - 04.06.2024 00:00","4.41","EUR"
"04.06.2024 00:00 - 04.06.2024 01:00","1.68","EUR"
"04.06.2024 01:00 - 04.06.2024 02:00","1.39","EUR"
"04.06.2024 02:00 - 04.06.2024 03:00","1.37","EUR"
"04.06.2024 03:00 - 04.06.2024 04:00","1.91","EUR"
"04.06.2024 04:00 - 04.06.2024 05:00","3.07","EUR"
"04.06.2024 05:00 - 04.06.2024 06:00","6.46","EUR"
"04.06.2024 06:00 - 04.06.2024 07:00","13.82","EUR"
"04.06.2024 07:00 - 04.06.2024 08:00","19.62","EUR"
"04.06.2024 08:00 - 04.06.2024 09:00","27.01","EUR"
"04.06.2024 09:00 - 04.06.2024 10:00","27.41","EUR"
"04.06.2024 10:00 - 04.06.2024 11:00","27.84","EUR"
"04.06.2024 11:00 - 04.06.2024 12:00","28.00","EUR"
"04.06.2024 12:00 - 04.06.2024 13:00","26.70","EUR"
"04.06.2024 13:00 - 04.06.2024 14:00","23.38","EUR"
"04.06.2024 14:00 - 04.06.2024 15:00","18.75","EUR"
"04.06.2024 15:00 - 04.06.2024 16:00","17.89","EUR"
"04.06.2024 16:00 - 04.06.2024 17:00","16.99","EUR"
"04.06.2024 17:00 - 04.06.2024 18:00","17.60","EUR"
"04.06.2024 18:00 - 04.06.2024 19:00","19.09","EUR"
"04.06.2024 19:00 - 04.06.2024 20:00","15.97","EUR"
"04.06.2024 20:00 - 04.06.2024 21:00","13.22","EUR"
"04.06.2024 21:00 - 04.06.2024 22:00","12.12","EUR"
"04.06.2024 22:00 - 04.06.2024 23:00","7.16","EUR"
"04.06.2024 23:00 - 05.06.2024 00:00","1.92","EUR"
"05.06.2024 00:00 - 05.06.2024 01:00","4.06","EUR"
"05.06.2024 01:00 - 05.06.2024 02:00","2.79","EUR"
"05.06.2024 02:00 - 05.06.2024 03:00","2.24","EUR"
"05.06.2024 03:00 - 05.06.2024 04:00","1.58","EUR"
"05.06.2024 04:00 - 05.06.2024 05:00","1.92","EUR"
"05.06.2024 05:00 - 05.06.2024 06:00","3.28","EUR"
"05.06.2024 06:00 - 05.06.2024 07:00","6.40","EUR"
"05.06.2024 07:00 - 05.06.2024 08:00","12.98","EUR"
"05.06.2024 08:00 - 05.06.2024 09:00","11.49","EUR"
"05.06.2024 09:00 - 05.06.2024 10:00","5.66","EUR"
"05.06.2024 10:00 - 05.06.2024 11:00","3.79","EUR"
"05.06.2024 11:00 - 05.06.2024 12:00","1.69","EUR"
"05.06.2024 12:00 - 05.06.2024 13:00","1.32","EUR"
"05.06.2024 13:00 - 05.06.2024 14:00","0.94","EUR"
"05.06.2024 14:00 - 05.06.2024 15:00","0.93","EUR"
"05.06.2024 15:00 - 05.06.2024 16:00","1.32","EUR"
"05.06.2024 16:00 - 05.06.2024 17:00","2.67","EUR"
"05.06.2024 17:00 - 05.06.2024 18:00","5.34","EUR"
"05.06.2024 18:00 - 05.06.2024 19:00","8.67","EUR"
"05.06.2024 19:00 - 05.06.2024 20:00","11.30","EUR"
"05.06.2024 20:00 - 05.06.2024 21:00","12.11","EUR"
"05.06.2024 21:00 - 05.06.2024 22:00","12.41","EUR"
"05.06.2024 22:00 - 05.06.2024 23:00","11.29","EUR"
"05.06.2024 23:00 - 06.06.2024 00:00","7.36","EUR"
"06.06.2024 00:00 - 06.06.2024 01:00","1.25","EUR"
"06.06.2024 01:00 - 06.06.2024 02:00","3.01","EUR"
"06.06.2024 02:00 - 06.06.2024 03:00","5.85","EUR"
"06.06.2024 03:00 - 06.06.2024 04:00","7.87","EUR"
"06.06.2024 04:00 - 06.06.2024 05:00","10.42","EUR"
"06.06.2024 05:00 - 06.06.2024 06:00","12.98","EUR"
"06.06.2024 06:00 - 06.06.2024 07:00","14.77","EUR"
"06.06.2024 07:00 - 06.06.2024 08:00","16.46","EUR"
"06.06.2024 08:00 - 06.06.2024 09:00","16.42","EUR"
"06.06.2024 09:00 - 06.06.2024 10:00","15.48","EUR"
"06.06.2024 10:00 - 06.06.2024 11:00","15.75","EUR"
"06.06.2024 11:00 - 06.06.2024 12:00","14.83","EUR"
"06.06.2024 12:00 - 06.06.2024 13:00","12.99","EUR"
"06.06.2024 13:00 - 06.06.2024 14:00","12.65","EUR"
"06.06.2024 14:00 - 06.06.2024 15:00","12.55","EUR"
"06.06.2024 15:00 - 06.06.2024 16:00","13.09","EUR"
"06.06.2024 16:00 - 06.06.2024 17:00","14.79","EUR"
"06.06.2024 17:00 - 06.06.2024 18:00","17.00","EUR"
"06.06.2024 18:00 - 06.06.2024 19:00","18.96","EUR"
"06.06.2024 19:00 - 06.06.2024 20:00","19.89","EUR"
"06.06.2024 20:00 - 06.06.2024 21:00","19.40","EUR"
"06.06.2024 21:00 - 06.06.2024 22:00","18.78","EUR"
"06.06.2024 22:00 - 06.06.2024 23:00","15.78","EUR"
"06.06.2024 23:00 - 07.06.2024 00:00","12.45","EUR"
"07.06.2024 00:00 - 07.06.2024 01:00","11.98","EUR"
"07.06.2024 01:00 - 07.06.2024 02:00","11.48","EUR"
"07.06.2024 02:00 - 07.06.2024 03:00","12.82","EUR"
"07.06.2024 03:00 - 07.06.2024 04:00","14.71","EUR"
"07.06.2024 04:00 - 07.06.2024 05:00","18.20","EUR"
"07.06.2024 05:00 - 07.06.2024 06:00","21.86","EUR"
"07.06.2024 06:00 - 07.06.2024 07:00","30.40","EUR"
"07.06.2024 07:00 - 07.06.2024 08:00","33.01","EUR"
"07.06.2024 08:00 - 07.06.2024 09:00","33.40","EUR"
"07.06.2024 09:00 - 07.06.2024 10:00","32.58","EUR"
"07.06.2024 10:00 - 07.06.2024 11:00","31.17","EUR"
"07.06.2024 11:00 - 07.06.2024 12:00","30.41","EUR"
"07.06.2024 12:00 - 07.06.2024 13:00","29.46","EUR"
"07.06.2024 13:00 - 07.06.2024 14:00","25.36","EUR"
"07.06.2024 14:00 - 07.06.2024 15:00","17.41","EUR"
"07.06.2024 15:00 - 07.06.2024 16:00","14.59","EUR"
"07.06.2024 16:00 - 07.06.2024 17:00","24.06","EUR"
"07.06.2024 17:00 - 07.06.2024 18:00","32.00","EUR"
"07.06.2024 18:00 - 07.06.2024 19:00","32.22","EUR"
"07.06.2024 19:00 - 07.06.2024 20:00","32.31","EUR"
"07.06.2024 20:00 - 07.06.2024 21:00","31.54","EUR"
"07.06.2024 21:00 - 07.06.2024 22:00","29.95","EUR"
"07.06.2024 22:00 - 07.06.2024 23:00","29.33","EUR"
"07.06.2024 23:00 - 08.06.2024 00:00","23.13","EUR"
"08.06.2024 00:00 - 08.06.2024 01:00","22.62","EUR"
"08.06.2024 01:00 - 08.06.2024 02:00","21.77","EUR"
"08.06.2024 02:00 - 08.06.2024 03:00","20.89","EUR"
"08.06.2024 03:00 - 08.06.2024 04:00","20.59","EUR"
"08.06.2024 04:00 - 08.06.2024 05:00","20.50","EUR"
"08.06.2024 05:00 - 08.06.2024 06:00","20.82","EUR"
"08.06.2024 06:00 - 08.06.2024 07:00","24.95","EUR"
"08.06.2024 07:00 - 08.06.2024 08:00","28.32","EUR"
"08.06.2024 08:00 - 08.06.2024 09:00","29.47","EUR"
"08.06.2024 09:00 - 08.06.2024 10:00","15.10","EUR"
"08.06.2024 10:00 - 08.06.2024 11:00","1.51","EUR"
"08.06.2024 11:00 - 08.06.2024 12:00","-2.20","EUR"
"08.06.2024 12:00 - 08.06.2024 13:00","-6.00","EUR"
"08.06.2024 13:00 - 08.06.2024 14:00","-13.88","EUR"
"08.06.2024 14:00 - 08.06.2024 15:00","-14.63","EUR"
"08.06.2024 15:00 - 08.06.2024 16:00","-13.50","EUR"
"08.06.2024 16:00 - 08.06.2024 17:00","-2.54","EUR"
"08.06.2024 17:00 - 08.06.2024 18:00","14.35","EUR"
"08.06.2024 18:00 - 08.06.2024 19:00","27.01","EUR"
"08.06.2024 19:00 - 08.06.2024 20:00","28.43","EUR"
"08.06.2024 20:00 - 08.06.2024 21:00","26.08","EUR"
"08.06.2024 21:00 - 08.06.2024 22:00","22.43","EUR"
"08.06.2024 22:00 - 08.06.2024 23:00","20.12","EUR"
"08.06.2024 23:00 - 09.06.2024 00:00","18.13","EUR"
"09.06.2024 00:00 - 09.06.2024 01:00","15.33","EUR"
"09.06.2024 01:00 - 09.06.2024 02:00","12.95","EUR"
"09.06.2024 02:00 - 09.06.2024 03:00","9.03","EUR"
"09.06.2024 03:00 - 09.06.2024 04:00","4.99","EUR"
"09.06.2024 04:00 - 09.06.2024 05:00","4.09","EUR"
"09.06.2024 05:00 - 09.06.2024 06:00","1.87","EUR"
"09.06.2024 06:00 - 09.06.2024 07:00","0.72","EUR"
"09.06.2024 07:00 - 09.06.2024 08:00","0.78","EUR"
"09.06.2024 08:00 - 09.06.2024 09:00","-0.13","EUR"
"09.06.2024 09:00 - 09.06.2024 10:00","-2.01","EUR"
"09.06.2024 10:00 - 09.06.2024 11:00","-7.60","EUR"
"09.06.2024 11:00 - 09.06.2024 12:00","-15.00","EUR"
"09.06.2024 12:00 - 09.06.2024 13:00","-24.77","EUR"
"09.06.2024 13:00 - 09.06.2024 14:00","-32.69","EUR"
"09.06.2024 14:00 - 09.06.2024 15:00","-37.13","EUR"
"09.06.2024 15:00 - 09.06.2024 16:00","-28.68","EUR"
"09.06.2024 16:00 - 09.06.2024 17:00","-4.99","EUR"
"09.06.2024 17:00 - 09.06.2024 18:00","-0.59","EUR"
"09.06.2024 18:00 - 09.06.2024 19:00","6.10","EUR"
"09.06.2024 19:00 - 09.06.2024 20:00","13.02","EUR"
"09.06.2024 20:00 - 09.06.2024 21:00","16.03","EUR"
"09.06.2024 21:00 - 09.06.2024 22:00","17.45","EUR"
"09.06.2024 22:00 - 09.06.2024 23:00","16.68","EUR"
"09.06.2024 23:00 - 10.06.2024 00:00","15.82","EUR"
"10.06.2024 00:00 - 10.06.2024 01:00","14.69","EUR"
"10.06.2024 01:00 - 10.06.2024 02:00","12.81","EUR"
"10.06.2024 02:00 - 10.06.2024 03:00","11.86","EUR"
"10.06.2024 03:00 - 10.06.2024 04:00","12.03","EUR"
"10.06.2024 04:00 - 10.06.2024 05:00","15.29","EUR"
"10.06.2024 05:00 - 10.06.2024 06:00","27.68","EUR"
"10.06.2024 06:00 - 10.06.2024 07:00","31.22","EUR"
"10.06.2024 07:00 - 10.06.2024 08:00","32.62","EUR"
"10.06.2024 08:00 - 10.06.2024 09:00","33.80","EUR"
"10.06.2024 09:00 - 10.06.2024 10:00","37.74","EUR"
"10.06.2024 10:00 - 10.06.2024 11:00","35.26","EUR"
"10.06.2024 11:00 - 10.06.2024 12:00","33.05","EUR"
"10.06.2024 12:00 - 10.06.2024 13:00","32.32","EUR"
"10.06.2024 13:00 - 10.06.2024 14:00","32.03","EUR"
"10.06.2024 14:00 - 10.06.2024 15:00","32.00","EUR"
"10.06.2024 15:00 - 10.06.2024 16:00","31.83","EUR"
"10.06.2024 16:00 - 10.06.2024 17:00","31.88","EUR"
"10.06.2024 17:00 - 10.06.2024 18:00","32.85","EUR"
"10.06.2024 18:00 - 10.06.2024 19:00","35.41","EUR"
"10.06.2024 19:00 - 10.06.2024 20:00","34.97","EUR"
"10.06.2024 20:00 - 10.06.2024 21:00","33.40","EUR"
"10.06.2024 21:00 - 10.06.2024 22:00","32.41","EUR"
"10.06.2024 22:00 - 10.06.2024 23:00","31.50","EUR"
"10.06.2024 23:00 - 11.06.2024 00:00","27.41","EUR"
"11.06.2024 00:00 - 11.06.2024 01:00","30.57","EUR"
"11.06.2024 01:00 - 11.06.2024 02:00","29.99","EUR"
"11.06.2024 02:00 - 11.06.2024 03:00","29.92","EUR"
"11.06.2024 03:00 - 11.06.2024 04:00","29.93","EUR"
"11.06.2024 04:00 - 11.06.2024 05:00","31.51","EUR"
"11.06.2024 05:00 - 11.06.2024 06:00","37.50","EUR"
"11.06.2024 06:00 - 11.06.2024 07:00","39.39","EUR"
"11.06.2024 07:00 - 11.06.2024 08:00","40.41","EUR"
"11.06.2024 08:00 - 11.06.2024 09:00","41.29","EUR"
"11.06.2024 09:00 - 11.06.2024 10:00","41.67","EUR"
"11.06.2024 10:00 - 11.06.2024 11:00","42.07","EUR"
"11.06.2024 11:00 - 11.06.2024 12:00","32.96","EUR"
"11.06.2024 12:00 - 11.06.2024 13:00","29.49","EUR"
"11.06.2024 13:00 - 11.06.2024 14:00","21.67","EUR"
"11.06.2024 14:00 - 11.06.2024 15:00","25.04","EUR"
"11.06.2024 15:00 - 11.06.2024 16:00","27.14","EUR"
"11.06.2024 16:00 - 11.06.2024 17:00","31.19","EUR"
"11.06.2024 17:00 - 11.06.2024 18:00","37.97","EUR"
"11.06.2024 18:00 - 11.06.2024 19:00","36.61","EUR"
"11.06.2024 19:00 - 11.06.2024 20:00","36.34","EUR"
"11.06.2024 20:00 - 11.06.2024 21:00","36.49","EUR"
"11.06.2024 21:00 - 11.06.2024 22:00","35.34","EUR"
"11.06.2024 22:00 - 11.06.2024 23:00","31.46","EUR"
"11.06.2024 23:00 - 12.06.2024 00:00","30.83","EUR"
"12.06.2024 00:00 - 12.06.2024 01:00","32.40","EUR"
"12.06.2024 01:00 - 12.06.2024 02:00","31.80","EUR"
"12.06.2024 02:00 - 12.06.2024 03:00","30.64","EUR"
"12.06.2024 03:00 - 12.06.2024 04:00","30.93","EUR"
"12.06.2024 04:00 - 12.06.2024 05:00","31.72","EUR"
"12.06.2024 05:00 - 12.06.2024 06:00","34.07","EUR"
"12.06.2024 06:00 - 12.06.2024 07:00","38.99","EUR"
"12.06.2024 07:00 - 12.06.2024 08:00","40.33","EUR"
"12.06.2024 08:00 - 12.06.2024 09:00","41.16","EUR"
"12.06.2024 09:00 - 12.06.2024 10:00","41.93","EUR"
"12.06.2024 10:00 - 12.06.2024 11:00","42.44","EUR"
"12.06.2024 11:00 - 12.06.2024 12:00","42.85","EUR"
"12.06.2024 12:00 - 12.06.2024 13:00","40.94","EUR"
"12.06.2024 13:00 - 12.06.2024 14:00","39.46","EUR"
"12.06.2024 14:00 - 12.06.2024 15:00","38.73","EUR"
"12.06.2024 15:00 - 12.06.2024 16:00","41.40","EUR"
"12.06.2024 16:00 - 12.06.2024 17:00","42.70","EUR"
"12.06.2024 17:00 - 12.06.2024 18:00","44.90","EUR"
"12.06.2024 18:00 - 12.06.2024 19:00","46.21","EUR"
"12.06.2024 19:00 - 12.06.2024 20:00","46.22","EUR"
"12.06.2024 20:00 - 12.06.2024 21:00","45.04","EUR"
"12.06.2024 21:00 - 12.06.2024 22:00","43.66","EUR"
"12.06.2024 22:00 - 12.06.2024 23:00","43.40","EUR"
"12.06.2024 23:00 - 13.06.2024 00:00","41.19","EUR"
"13.06.2024 00:00 - 13.06.2024 01:00","41.00","EUR"
"13.06.2024 01:00 - 13.06.2024 02:00","40.52","EUR"
"13.06.2024 02:00 - 13.06.2024 03:00","40.10","EUR"
"13.06.2024 03:00 - 13.06.2024 04:00","40.19","EUR"
"13.06.2024 04:00 - 13.06.2024 05:00","39.93","EUR"
"13.06.2024 05:00 - 13.06.2024 06:00","41.08","EUR"
"13.06.2024 06:00 - 13.06.2024 07:00","43.95","EUR"
"13.06.2024 07:00 - 13.06.2024 08:00","56.38","EUR"
"13.06.2024 08:00 - 13.06.2024 09:00","57.31","EUR"
"13.06.2024 09:00 - 13.06.2024 10:00","56.77","EUR"
"13.06.2024 10:00 - 13.06.2024 11:00","55.13","EUR"
"13.06.2024 11:00 - 13.06.2024 12:00","48.26","EUR"
"13.06.2024 12:00 - 13.06.2024 13:00","44.15","EUR"
"13.06.2024 13:00 - 13.06.2024 14:00","42.62","EUR"
"13.06.2024 14:00 - 13.06.2024 15:00","42.00","EUR"
"13.06.2024 15:00 - 13.06.2024 16:00","44.06","EUR"
"13.06.2024 16:00 - 13.06.2024 17:00","42.99","EUR"
"13.06.2024 17:00 - 13.06.2024 18:00","43.30","EUR"
"13.06.2024 18:00 - 13.06.2024 19:00","46.33","EUR"
"13.06.2024 19:00 - 13.06.2024 20:00","46.22","EUR"
"13.06.2024 20:00 - 13.06.2024 21:00","45.08","EUR"
"13.06.2024 21:00 - 13.06.2024 22:00","42.97","EUR"
"13.06.2024 22:00 - 13.06.2024 23:00","42.26","EUR"
"13.06.2024 23:00 - 14.06.2024 00:00","40.43","EUR"
"14.06.2024 00:00 - 14.06.2024 01:00","34.07","EUR"
"14.06.2024 01:00 - 14.06.2024 02:00","33.56","EUR"
"14.06.2024 02:00 - 14.06.2024 03:00","33.10","EUR"
"14.06.2024 03:00 - 14.06.2024 04:00","32.92","EUR"
"14.06.2024 04:00 - 14.06.2024 05:00","33.26","EUR"
"14.06.2024 05:00 - 14.06.2024 06:00","35.74","EUR"
"14.06.2024 06:00 - 14.06.2024 07:00","39.35","EUR"
"14.06.2024 07:00 - 14.06.2024 08:00","42.68","EUR"
"14.06.2024 08:00 - 14.06.2024 09:00","43.60","EUR"
"14.06.2024 09:00 - 14.06.2024 10:00","42.82","EUR"
"14.06.2024 10:00 - 14.06.2024 11:00","42.42","EUR"
"14.06.2024 11:00 - 14.06.2024 12:00","41.70","EUR"
"14.06.2024 12:00 - 14.06.2024 13:00","40.96","EUR"
"14.06.2024 13:00 - 14.06.2024 14:00","39.37","EUR"
"14.06.2024 14:00 - 14.06.2024 15:00","36.55","EUR"
"14.06.2024 15:00 - 14.06.2024 16:00","36.95","EUR"
"14.06.2024 16:00 - 14.06.2024 17:00","39.25","EUR"
"14.06.2024 17:00 - 14.06.2024 18:00","39.50","EUR"
"14.06.2024 18:00 - 14.06.2024 19:00","39.58","EUR"
"14.06.2024 19:00 - 14.06.2024 20:00","39.54","EUR"
"14.06.2024 20:00 - 14.06.2024 21:00","38.42","EUR"
"14.06.2024 21:00 - 14.06.2024 22:00","37.30","EUR"
"14.06.2024 22:00 - 14.06.2024 23:00","34.64","EUR"
"14.06.2024 23:00 - 15.06.2024 00:00","31.03","EUR"
"15.06.2024 00:00 - 15.06.2024 01:00","34.13","EUR"
"15.06.2024 01:00 - 15.06.2024 02:00","32.79","EUR"
"15.06.2024 02:00 - 15.06.2024 03:00","29.97","EUR"
"15.06.2024 03:00 - 15.06.2024 04:00","28.86","EUR"
"15.06.2024 04:00 - 15.06.2024 05:00","22.51","EUR"
"15.06.2024 05:00 - 15.06.2024 06:00","10.04","EUR"
"15.06.2024 06:00 - 15.06.2024 07:00","1.79","EUR"
"15.06.2024 07:00 - 15.06.2024 08:00","0.24","EUR"
"15.06.2024 08:00 - 15.06.2024 09:00","0.00","EUR"
"15.06.2024 09:00 - 15.06.2024 10:00","-0.05","EUR"
"15.06.2024 10:00 - 15.06.2024 11:00","-0.03","EUR"
"15.06.2024 11:00 - 15.06.2024 12:00","-0.05","EUR"
"15.06.2024 12:00 - 15.06.2024 13:00","-0.22","EUR"
"15.06.2024 13:00 - 15.06.2024 14:00","-0.64","EUR"
"15.06.2024 14:00 - 15.06.2024 15:00","-0.95","EUR"
"15.06.2024 15:00 - 15.06.2024 16:00","-0.02","EUR"
"15.06.2024 16:00 - 15.06.2024 17:00","1.19","EUR"
"15.06.2024 17:00 - 15.06.2024 18:00","9.47","EUR"
"15.06.2024 18:00 - 15.06.2024 19:00","15.53","EUR"
"15.06.2024 19:00 - 15.06.2024 20:00","31.95","EUR"
"15.06.2024 20:00 - 15.06.2024 21:00","34.01","EUR"
"15.06.2024 21:00 - 15.06.2024 22:00","33.21","EUR"
"15.06.2024 22:00 - 15.06.2024 23:00","31.19","EUR"
"15.06.2024 23:00 - 16.06.2024 00:00","27.71","EUR"
"16.06.2024 00:00 - 16.06.2024 01:00","24.31","EUR"
"16.06.2024 01:00 - 16.06.2024 02:00","10.36","EUR"
"16.06.2024 02:00 - 16.06.2024 03:00","4.92","EUR"
"16.06.2024 03:00 - 16.06.2024 04:00","2.92","EUR"
"16.06.2024 04:00 - 16.06.2024 05:00","2.19","EUR"
"16.06.2024 05:00 - 16.06.2024 06:00","2.53","EUR"
"16.06.2024 06:00 - 16.06.2024 07:00","2.95","EUR"
"16.06.2024 07:00 - 16.06.2024 08:00","0.69","EUR"
"16.06.2024 08:00 - 16.06.2024 09:00","-0.02","EUR"
"16.06.2024 09:00 - 16.06.2024 10:00","-0.80","EUR"
"16.06.2024 10:00 - 16.06.2024 11:00","-0.58","EUR"
"16.06.2024 11:00 - 16.06.2024 12:00","-0.59","EUR"
"16.06.2024 12:00 - 16.06.2024 13:00","-0.89","EUR"
"16.06.2024 13:00 - 16.06.2024 14:00","-0.80","EUR"
"16.06.2024 14:00 - 16.06.2024 15:00","-0.11","EUR"
"16.06.2024 15:00 - 16.06.2024 16:00","0.00","EUR"
"16.06.2024 16:00 - 16.06.2024 17:00","6.70","EUR"
"16.06.2024 17:00 - 16.06.2024 18:00","24.19","EUR"
"16.06.2024 18:00 - 16.06.2024 19:00","34.84","EUR"
"16.06.2024 19:00 - 16.06.2024 20:00","37.85","EUR"
"16.06.2024 20:00 - 16.06.2024 21:00","37.63","EUR"
"16.06.2024 21:00 - 16.06.2024 22:00","37.09","EUR"
"16.06.2024 22:00 - 16.06.2024 23:00","36.11","EUR"
"16.06.2024 23:00 - 17.06.2024 00:00","33.26","EUR"
"17.06.2024 00:00 - 17.06.2024 01:00","31.44","EUR"
"17.06.2024 01:00 - 17.06.2024 02:00","31.49","EUR"
"17.06.2024 02:00 - 17.06.2024 03:00","31.50","EUR"
"17.06.2024 03:00 - 17.06.2024 04:00","31.79","EUR"
"17.06.2024 04:00 - 17.06.2024 05:00","33.18","EUR"
"17.06.2024 05:00 - 17.06.2024 06:00","35.00","EUR"
"17.06.2024 06:00 - 17.06.2024 07:00","39.58","EUR"
"17.06.2024 07:00 - 17.06.2024 08:00","41.73","EUR"
"17.06.2024 08:00 - 17.06.2024 09:00","43.66","EUR"
"17.06.2024 09:00 - 17.06.2024 10:00","43.47","EUR"
"17.06.2024 10:00 - 17.06.2024 11:00","42.83","EUR"
"17.06.2024 11:00 - 17.06.2024 12:00","42.06","EUR"
"17.06.2024 12:00 - 17.06.2024 13:00","40.56","EUR"
"17.06.2024 13:00 - 17.06.2024 14:00","39.45","EUR"
"17.06.2024 14:00 - 17.06.2024 15:00","40.27","EUR"
"17.06.2024 15:00 - 17.06.2024 16:00","40.43","EUR"
"17.06.2024 16:00 - 17.06.2024 17:00","40.86","EUR"
"17.06.2024 17:00 - 17.06.2024 18:00","41.00","EUR"
"17.06.2024 18:00 - 17.06.2024 19:00","41.63","EUR"
"17.06.2024 19:00 - 17.06.2024 20:00","41.42","EUR"
"17.06.2024 20:00 - 17.06.2024 21:00","41.55","EUR"
"17.06.2024 21:00 - 17.06.2024 22:00","41.02","EUR"
"17.06.2024 22:00 - 17.06.2024 23:00","39.64","EUR"
"17.06.2024 23:00 - 18.06.2024 00:00","36.72","EUR"
"18.06.2024 00:00 - 18.06.2024 01:00","35.52","EUR"
"18.06.2024 01:00 - 18.06.2024 02:00","35.05","EUR"
"18.06.2024 02:00 - 18.06.2024 03:00","35.08","EUR"
"18.06.2024 03:00 - 18.06.2024 04:00","35.12","EUR"
"18.06.2024 04:00 - 18.06.2024 05:00","35.51","EUR"
"18.06.2024 05:00 - 18.06.2024 06:00","38.68","EUR"
"18.06.2024 06:00 - 18.06.2024 07:00","42.53","EUR"
"18.06.2024 07:00 - 18.06.2024 08:00","43.89","EUR"
"18.06.2024 08:00 - 18.06.2024 09:00","45.37","EUR"
"18.06.2024 09:00 - 18.06.2024 10:00","46.22","EUR"
"18.06.2024 10:00 - 18.06.2024 11:00","42.40","EUR"
"18.06.2024 11:00 - 18.06.2024 12:00","42.89","EUR"
"18.06.2024 12:00 - 18.06.2024 13:00","42.48","EUR"
"18.06.2024 13:00 - 18.06.2024 14:00","39.83","EUR"
"18.06.2024 14:00 - 18.06.2024 15:00","39.26","EUR"
"18.06.2024 15:00 - 18.06.2024 16:00","38.50","EUR"
"18.06.2024 16:00 - 18.06.2024 17:00","37.72","EUR"
"18.06.2024 17:00 - 18.06.2024 18:00","39.02","EUR"
"18.06.2024 18:00 - 18.06.2024 19:00","39.66","EUR"
"18.06.2024 19:00 - 18.06.2024 20:00","39.65","EUR"
"18.06.2024 20:00 - 18.06.2024 21:00","39.18","EUR"
"18.06.2024 21:00 - 18.06.2024 22:00","37.24","EUR"
"18.06.2024 22:00 - 18.06.2024 23:00","34.14","EUR"
"18.06.2024 23:00 - 19.06.2024 00:00","30.47","EUR"
"19.06.2024 00:00 - 19.06.2024 01:00","27.51","EUR"
"19.06.2024 01:00 - 19.06.2024 02:00","25.86","EUR"
"19.06.2024 02:00 - 19.06.2024 03:00","24.90","EUR"
"19.06.2024 03:00 - 19.06.2024 04:00","23.45","EUR"
"19.06.2024 04:00 - 19.06.2024 05:00","23.19","EUR"
"19.06.2024 05:00 - 19.06.2024 06:00","26.11","EUR"
"19.06.2024 06:00 - 19.06.2024 07:00","28.59","EUR"
"19.06.2024 07:00 - 19.06.2024 08:00","29.10","EUR"
"19.06.2024 08:00 - 19.06.2024 09:00","28.89","EUR"
"19.06.2024 09:00 - 19.06.2024 10:00","28.76","EUR"
"19.06.2024 10:00 - 19.06.2024 11:00","26.76","EUR"
"19.06.2024 11:00 - 19.06.2024 12:00","26.39","EUR"
"19.06.2024 12:00 - 19.06.2024 13:00","25.91","EUR"
"19.06.2024 13:00 - 19.06.2024 14:00","25.40","EUR"
"19.06.2024 14:00 - 19.06.2024 15:00","21.87","EUR"
"19.06.2024 15:00 - 19.06.2024 16:00","18.95","EUR"
"19.06.2024 16:00 - 19.06.2024 17:00","20.81","EUR"
"19.06.2024 17:00 - 19.06.2024 18:00","19.35","EUR"
"19.06.2024 18:00 - 19.06.2024 19:00","19.01","EUR"
"19.06.2024 19:00 - 19.06.2024 20:00","17.99","EUR"
"19.06.2024 20:00 - 19.06.2024 21:00","13.69","EUR"
"19.06.2024 21:00 - 19.06.2024 22:00","12.22","EUR"
"19.06.2024 22:00 - 19.06.2024 23:00","10.07","EUR"
"19.06.2024 23:00 - 20.06.2024 00:00","4.47","EUR"
"20.06.2024 00:00 - 20.06.2024 01:00","5.15","EUR"
"20.06.2024 01:00 - 20.06.2024 02:00","5.82","EUR"
"20.06.2024 02:00 - 20.06.2024 03:00","8.18","EUR"
"20.06.2024 03:00 - 20.06.2024 04:00","10.64","EUR"
"20.06.2024 04:00 - 20.06.2024 05:00","10.59","EUR"
"20.06.2024 05:00 - 20.06.2024 06:00","11.73","EUR"
"20.06.2024 06:00 - 20.06.2024 07:00","15.64","EUR"
"20.06.2024 07:00 - 20.06.2024 08:00","19.19","EUR"
"20.06.2024 08:00 - 20.06.2024 09:00","23.03","EUR"
"20.06.2024 09:00 - 20.06.2024 10:00","18.86","EUR"
"20.06.2024 10:00 - 20.06.2024 11:00","14.90","EUR"
"20.06.2024 11:00 - 20.06.2024 12:00","10.40","EUR"
"20.06.2024 12:00 - 20.06.2024 13:00","6.59","EUR"
"20.06.2024 13:00 - 20.06.2024 14:00","3.83","EUR"
"20.06.2024 14:00 - 20.06.2024 15:00","3.00","EUR"
"20.06.2024 15:00 - 20.06.2024 16:00","2.61","EUR"
"20.06.2024 16:00 - 20.06.2024 17:00","2.05","EUR"
"20.06.2024 17:00 - 20.06.2024 18:00","1.50","EUR"
"20.06.2024 18:00 - 20.06.2024 19:00","2.44","EUR"
"20.06.2024 19:00 - 20.06.2024 20:00","3.01","EUR"
"20.06.2024 20:00 - 20.06.2024 21:00","3.01","EUR"
"20.06.2024 21:00 - 20.06.2024 22:00","2.02","EUR"
"20.06.2024 22:00 - 20.06.2024 23:00","0.93","EUR"
"20.06.2024 23:00 - 21.06.2024 00:00","0.21","EUR"
"21.06.2024 00:00 - 21.06.2024 01:00","0.00","EUR"
"21.06.2024 01:00 - 21.06.2024 02:00","0.25","EUR"
"21.06.2024 02:00 - 21.06.2024 03:00","0.40","EUR"
"21.06.2024 03:00 - 21.06.2024 04:00","1.30","EUR"
"21.06.2024 04:00 - 21.06.2024 05:00","2.56","EUR"
"21.06.2024 05:00 - 21.06.2024 06:00","4.09","EUR"
"21.06.2024 06:00 - 21.06.2024 07:00","4.19","EUR"
"21.06.2024 07:00 - 21.06.2024 08:00","7.40","EUR"
"21.06.2024 08:00 - 21.06.2024 09:00","15.23","EUR"
"21.06.2024 09:00 - 21.06.2024 10:00","20.34","EUR"
"21.06.2024 10:00 - 21.06.2024 11:00","19.50","EUR"
"21.06.2024 11:00 - 21.06.2024 12:00","20.52","EUR"
"21.06.2024 12:00 - 21.06.2024 13:00","21.48","EUR"
"21.06.2024 13:00 - 21.06.2024 14:00","16.80","EUR"
"21.06.2024 14:00 - 21.06.2024 15:00","20.94","EUR"
"21.06.2024 15:00 - 21.06.2024 16:00","22.93","EUR"
"21.06.2024 16:00 - 21.06.2024 17:00","26.50","EUR"
"21.06.2024 17:00 - 21.06.2024 18:00","29.09","EUR"
"21.06.2024 18:00 - 21.06.2024 19:00","34.44","EUR"
"21.06.2024 19:00 - 21.06.2024 20:00","34.76","EUR"
"21.06.2024 20:00 - 21.06.2024 21:00","34.92","EUR"
"21.06.2024 21:00 - 21.06.2024 22:00","32.56","EUR"
"21.06.2024 22:00 - 21.06.2024 23:00","30.85","EUR"
"21.06.2024 23:00 - 22.06.2024 00:00","28.11","EUR"
"22.06.2024 00:00 - 22.06.2024 01:00","33.33","EUR"
"22.06.2024 01:00 - 22.06.2024 02:00","33.09","EUR"
"22.06.2024 02:00 - 22.06.2024 03:00","31.83","EUR"
"22.06.2024 03:00 - 22.06.2024 04:00","31.58","EUR"
"22.06.2024 04:00 - 22.06.2024 05:00","30.59","EUR"
"22.06.2024 05:00 - 22.06.2024 06:00","29.49","EUR"
"22.06.2024 06:00 - 22.06.2024 07:00","32.03","EUR"
"22.06.2024 07:00 - 22.06.2024 08:00","34.75","EUR"
"22.06.2024 08:00 - 22.06.2024 09:00","35.59","EUR"
"22.06.2024 09:00 - 22.06.2024 10:00","34.34","EUR"
"22.06.2024 10:00 - 22.06.2024 11:00","12.85","EUR"
"22.06.2024 11:00 - 22.06.2024 12:00","3.69","EUR"
"22.06.2024 12:00 - 22.06.2024 13:00","2.72","EUR"
"22.06.2024 13:00 - 22.06.2024 14:00","0.10","EUR"
"22.06.2024 14:00 - 22.06.2024 15:00","0.22","EUR"
"22.06.2024 15:00 - 22.06.2024 16:00","3.70","EUR"
"22.06.2024 16:00 - 22.06.2024 17:00","11.74","EUR"
"22.06.2024 17:00 - 22.06.2024 18:00","35.08","EUR"
"22.06.2024 18:00 - 22.06.2024 19:00","36.59","EUR"
"22.06.2024 19:00 - 22.06.2024 20:00","36.19","EUR"
"22.06.2024 20:00 - 22.06.2024 21:00","35.62","EUR"
"22.06.2024 21:00 - 22.06.2024 22:00","34.42","EUR"
"22.06.2024 22:00 - 22.06.2024 23:00","30.49","EUR"
"22.06.2024 23:00 - 23.06.2024 00:00","27.54","EUR"
"23.06.2024 00:00 - 23.06.2024 01:00","30.89","EUR"
"23.06.2024 01:00 - 23.06.2024 02:00","30.19","EUR"
"23.06.2024 02:00 - 23.06.2024 03:00","29.88","EUR"
"23.06.2024 03:00 - 23.06.2024 04:00","29.72","EUR"
"23.06.2024 04:00 - 23.06.2024 05:00","29.61","EUR"
"23.06.2024 05:00 - 23.06.2024 06:00","29.22","EUR"
"23.06.2024 06:00 - 23.06.2024 07:00","30.34","EUR"
"23.06.2024 07:00 - 23.06.2024 08:00","34.99","EUR"
"23.06.2024 08:00 - 23.06.2024 09:00","25.42","EUR"
"23.06.2024 09:00 - 23.06.2024 10:00","9.94","EUR"
"23.06.2024 10:00 - 23.06.2024 11:00","4.07","EUR"
"23.06.2024 11:00 - 23.06.2024 12:00","1.60","EUR"
"23.06.2024 12:00 - 23.06.2024 13:00","1.18","EUR"
"23.06.2024 13:00 - 23.06.2024 14:00","0.44","EUR"
"23.06.2024 14:00 - 23.06.2024 15:00","0.09","EUR"
"23.06.2024 15:00 - 23.06.2024 16:00","1.74","EUR"
"23.06.2024 16:00 - 23.06.2024 17:00","4.99","EUR"
"23.06.2024 17:00 - 23.06.2024 18:00","25.73","EUR"
"23.06.2024 18:00 - 23.06.2024 19:00","36.83","EUR"
"23.06.2024 19:00 - 23.06.2024 20:00","36.53","EUR"
"23.06.2024 20:00 - 23.06.2024 21:00","34.44","EUR"
"23.06.2024 21:00 - 23.06.2024 22:00","31.91","EUR"
"23.06.2024 22:00 - 23.06.2024 23:00","29.14","EUR"
"23.06.2024 23:00 - 24.06.2024 00:00","27.10","EUR"
"24.06.2024 00:00 - 24.06.2024 01:00","24.54","EUR"
"24.06.2024 01:00 - 24.06.2024 02:00","23.32","EUR"
"24.06.2024 02:00 - 24.06.2024 03:00","22.19","EUR"
"24.06.2024 03:00 - 24.06.2024 04:00","20.59","EUR"
"24.06.2024 04:00 - 24.06.2024 05:00","22.19","EUR"
"24.06.2024 05:00 - 24.06.2024 06:00","26.81","EUR"
"24.06.2024 06:00 - 24.06.2024 07:00","31.95","EUR"
"24.06.2024 07:00 - 24.06.2024 08:00","35.27","EUR"
"24.06.2024 08:00 - 24.06.2024 09:00","36.31","EUR"
"24.06.2024 09:00 - 24.06.2024 10:00","36.86","EUR"
"24.06.2024 10:00 - 24.06.2024 11:00","36.80","EUR"
"24.06.2024 11:00 - 24.06.2024 12:00","36.51","EUR"
"24.06.2024 12:00 - 24.06.2024 13:00","31.81","EUR"
"24.06.2024 13:00 - 24.06.2024 14:00","29.96","EUR"
"24.06.2024 14:00 - 24.06.2024 15:00","30.93","EUR"
"24.06.2024 15:00 - 24.06.2024 16:00","35.65","EUR"
"24.06.2024 16:00 - 24.06.2024 17:00","35.70","EUR"
"24.06.2024 17:00 - 24.06.2024 18:00","35.72","EUR"
"24.06.2024 18:00 - 24.06.2024 19:00","36.26","EUR"
"24.06.2024 19:00 - 24.06.2024 20:00","36.19","EUR"
"24.06.2024 20:00 - 24.06.2024 21:00","36.13","EUR"
"24.06.2024 21:00 - 24.06.2024 22:00","35.80","EUR"
"24.06.2024 22:00 - 24.06.2024 23:00","34.99","EUR"
"24.06.2024 23:00 - 25.06.2024 00:00","32.10","EUR"
"25.06.2024 00:00 - 25.06.2024 01:00","28.83","EUR"
"25.06.2024 01:00 - 25.06.2024 02:00","27.67","EUR"
"25.06.2024 02:00 - 25.06.2024 03:00","27.19","EUR"
"25.06.2024 03:00 - 25.06.2024 04:00","27.30","EUR"
"25.06.2024 04:00 - 25.06.2024 05:00","28.17","EUR"
"25.06.2024 05:00 - 25.06.2024 06:00","31.02","EUR"
"25.06.2024 06:00 - 25.06.2024 07:00","34.36","EUR"
"25.06.2024 07:00 - 25.06.2024 08:00","36.45","EUR"
"25.06.2024 08:00 - 25.06.2024 09:00","37.27","EUR"
"25.06.2024 09:00 - 25.06.2024 10:00","36.77","EUR"
"25.06.2024 10:00 - 25.06.2024 11:00","34.26","EUR"
"25.06.2024 11:00 - 25.06.2024 12:00","28.38","EUR"
"25.06.2024 12:00 - 25.06.2024 13:00","26.10","EUR"
"25.06.2024 13:00 - 25.06.2024 14:00","22.08","EUR"
"25.06.2024 14:00 - 25.06.2024 15:00","22.77","EUR"
"25.06.2024 15:00 - 25.06.2024 16:00","25.95","EUR"
"25.06.2024 16:00 - 25.06.2024 17:00","32.96","EUR"
"25.06.2024 17:00 - 25.06.2024 18:00","34.52","EUR"
"25.06.2024 18:00 - 25.06.2024 19:00","35.42","EUR"
"25.06.2024 19:00 - 25.06.2024 20:00","35.34","EUR"
"25.06.2024 20:00 - 25.06.2024 21:00","35.03","EUR"
"25.06.2024 21:00 - 25.06.2024 22:00","34.18","EUR"
"25.06.2024 22:00 - 25.06.2024 23:00","32.94","EUR"
"25.06.2024 23:00 - 26.06.2024 00:00","32.84","EUR"
"26.06.2024 00:00 - 26.06.2024 01:00","23.65","EUR"
"26.06.2024 01:00 - 26.06.2024 02:00","20.51","EUR"
"26.06.2024 02:00 - 26.06.2024 03:00","18.72","EUR"
"26.06.2024 03:00 - 26.06.2024 04:00","17.32","EUR"
"26.06.2024 04:00 - 26.06.2024 05:00","17.66","EUR"
"26.06.2024 05:00 - 26.06.2024 06:00","24.29","EUR"
"26.06.2024 06:00 - 26.06.2024 07:00","29.10","EUR"
"26.06.2024 07:00 - 26.06.2024 08:00","34.00","EUR"
"26.06.2024 08:00 - 26.06.2024 09:00","35.55","EUR"
"26.06.2024 09:00 - 26.06.2024 10:00","35.14","EUR"
"26.06.2024 10:00 - 26.06.2024 11:00","35.31","EUR"
"26.06.2024 11:00 - 26.06.2024 12:00","33.60","EUR"
"26.06.2024 12:00 - 26.06.2024 13:00","32.90","EUR"
"26.06.2024 13:00 - 26.06.2024 14:00","32.64","EUR"
"26.06.2024 14:00 - 26.06.2024 15:00","32.57","EUR"
"26.06.2024 15:00 - 26.06.2024 16:00","32.65","EUR"
"26.06.2024 16:00 - 26.06.2024 17:00","33.07","EUR"
"26.06.2024 17:00 - 26.06.2024 18:00","33.66","EUR"
"26.06.2024 18:00 - 26.06.2024 19:00","34.93","EUR"
"26.06.2024 19:00 - 26.06.2024 20:00","34.96","EUR"
"26.06.2024 20:00 - 26.06.2024 21:00","33.79","EUR"
"26.06.2024 21:00 - 26.06.2024 22:00","33.70","EUR"
"26.06.2024 22:00 - 26.06.2024 23:00","33.00","EUR"
"26.06.2024 23:00 - 27.06.2024 00:00","31.56","EUR"
"27.06.2024 00:00 - 27.06.2024 01:00","28.41","EUR"
"27.06.2024 01:00 - 27.06.2024 02:00","27.06","EUR"
"27.06.2024 02:00 - 27.06.2024 03:00","26.00","EUR"
"27.06.2024 03:00 - 27.06.2024 04:00","24.92","EUR"
"27.06.2024 04:00 - 27.06.2024 05:00","25.80","EUR"
"27.06.2024 05:00 - 27.06.2024 06:00","26.56","EUR"
"27.06.2024 06:00 - 27.06.2024 07:00","29.23","EUR"
"27.06.2024 07:00 - 27.06.2024 08:00","32.91","EUR"
"27.06.2024 08:00 - 27.06.2024 09:00","35.16","EUR"
"27.06.2024 09:00 - 27.06.2024 10:00","34.79","EUR"
"27.06.2024 10:00 - 27.06.2024 11:00","33.71","EUR"
"27.06.2024 11:00 - 27.06.2024 12:00","29.46","EUR"
"27.06.2024 12:00 - 27.06.2024 13:00","29.71","EUR"
"27.06.2024 13:00 - 27.06.2024 14:00","28.94","EUR"
"27.06.2024 14:00 - 27.06.2024 15:00","26.84","EUR"
"27.06.2024 15:00 - 27.06.2024 16:00","24.99","EUR"
"27.06.2024 16:00 - 27.06.2024 17:00","27.04","EUR"
"27.06.2024 17:00 - 27.06.2024 18:00","29.23","EUR"
"27.06.2024 18:00 - 27.06.2024 19:00","29.30","EUR"
"27.06.2024 19:00 - 27.06.2024 20:00","28.07","EUR"
"27.06.2024 20:00 - 27.06.2024 21:00","25.34","EUR"
"27.06.2024 21:00 - 27.06.2024 22:00","22.32","EUR"
"27.06.2024 22:00 - 27.06.2024 23:00","15.09","EUR"
"27.06.2024 23:00 - 28.06.2024 00:00","3.51","EUR"
"28.06.2024 00:00 - 28.06.2024 01:00","3.20","EUR"
"28.06.2024 01:00 - 28.06.2024 02:00","3.04","EUR"
"28.06.2024 02:00 - 28.06.2024 03:00","3.01","EUR"
"28.06.2024 03:00 - 28.06.2024 04:00","2.91","EUR"
"28.06.2024 04:00 - 28.06.2024 05:00","3.03","EUR"
"28.06.2024 05:00 - 28.06.2024 06:00","4.43","EUR"
"28.06.2024 06:00 - 28.06.2024 07:00","16.95","EUR"
"28.06.2024 07:00 - 28.06.2024 08:00","28.01","EUR"
"28.06.2024 08:00 - 28.06.2024 09:00","30.25","EUR"
"28.06.2024 09:00 - 28.06.2024 10:00","29.20","EUR"
"28.06.2024 10:00 - 28.06.2024 11:00","22.09","EUR"
"28.06.2024 11:00 - 28.06.2024 12:00","4.39","EUR"
"28.06.2024 12:00 - 28.06.2024 13:00","1.19","EUR"
"28.06.2024 13:00 - 28.06.2024 14:00","-0.02","EUR"
"28.06.2024 14:00 - 28.06.2024 15:00","-0.80","EUR"
"28.06.2024 15:00 - 28.06.2024 16:00","-0.90","EUR"
"28.06.2024 16:00 - 28.06.2024 17:00","-0.02","EUR"
"28.06.2024 17:00 - 28.06.2024 18:00","3.23","EUR"
"28.06.2024 18:00 - 28.06.2024 19:00","12.84","EUR"
"28.06.2024 19:00 - 28.06.2024 20:00","19.17","EUR"
"28.06.2024 20:00 - 28.06.2024 21:00","14.10","EUR"
"28.06.2024 21:00 - 28.06.2024 22:00","4.98","EUR"
"28.06.2024 22:00 - 28.06.2024 23:00","4.16","EUR"
"28.06.2024 23:00 - 29.06.2024 00:00","0.93","EUR"
"29.06.2024 00:00 - 29.06.2024 01:00","1.86","EUR"
"29.06.2024 01:00 - 29.06.2024 02:00","-0.06","EUR"
"29.06.2024 02:00 - 29.06.2024 03:00","-0.31","EUR"
"29.06.2024 03:00 - 29.06.2024 04:00","-1.01","EUR"
"29.06.2024 04:00 - 29.06.2024 05:00","-1.10","EUR"
"29.06.2024 05:00 - 29.06.2024 06:00","-1.01","EUR"
"29.06.2024 06:00 - 29.06.2024 07:00","-0.58","EUR"
"29.06.2024 07:00 - 29.06.2024 08:00","-0.08","EUR"
"29.06.2024 08:00 - 29.06.2024 09:00","-0.06","EUR"
"29.06.2024 09:00 - 29.06.2024 10:00","-0.11","EUR"
"29.06.2024 10:00 - 29.06.2024 11:00","-1.99","EUR"
"29.06.2024 11:00 - 29.06.2024 12:00","-2.29","EUR"
"29.06.2024 12:00 - 29.06.2024 13:00","-2.01","EUR"
"29.06.2024 13:00 - 29.06.2024 14:00","-2.09","EUR"
"29.06.2024 14:00 - 29.06.2024 15:00","-2.42","EUR"
"29.06.2024 15:00 - 29.06.2024 16:00","-2.29","EUR"
"29.06.2024 16:00 - 29.06.2024 17:00","-1.48","EUR"
"29.06.2024 17:00 - 29.06.2024 18:00","-0.11","EUR"
"29.06.2024 18:00 - 29.06.2024 19:00","0.00","EUR"
"29.06.2024 19:00 - 29.06.2024 20:00","2.90","EUR"
"29.06.2024 20:00 - 29.06.2024 21:00","9.30","EUR"
"29.06.2024 21:00 - 29.06.2024 22:00","11.80","EUR"
"29.06.2024 22:00 - 29.06.2024 23:00","11.43","EUR"
"29.06.2024 23:00 - 30.06.2024 00:00","4.99","EUR"
"30.06.2024 00:00 - 30.06.2024 01:00","19.46","EUR"
"30.06.2024 01:00 - 30.06.2024 02:00","18.63","EUR"
"30.06.2024 02:00 - 30.06.2024 03:00","18.54","EUR"
"30.06.2024 03:00 - 30.06.2024 04:00","19.95","EUR"
"30.06.2024 04:00 - 30.06.2024 05:00","21.38","EUR"
"30.06.2024 05:00 - 30.06.2024 06:00","23.93","EUR"
"30.06.2024 06:00 - 30.06.2024 07:00","26.87","EUR"
"30.06.2024 07:00 - 30.06.2024 08:00","20.42","EUR"
"30.06.2024 08:00 - 30.06.2024 09:00","6.83","EUR"
"30.06.2024 09:00 - 30.06.2024 10:00","0.82","EUR"
"30.06.2024 10:00 - 30.06.2024 11:00","0.00","EUR"
"30.06.2024 11:00 - 30.06.2024 12:00","0.00","EUR"
"30.06.2024 12:00 - 30.06.2024 13:00","0.00","EUR"
"30.06.2024 13:00 - 30.06.2024 14:00","0.00","EUR"
"30.06.2024 14:00 - 30.06.2024 15:00","0.00","EUR"
"30.06.2024 15:00 - 30.06.2024 16:00","0.00","EUR"
"30.06.2024 16:00 - 30.06.2024 17:00","7.71","EUR"
"30.06.2024 17:00 - 30.06.2024 18:00","29.86","EUR"
"30.06.2024 18:00 - 30.06.2024 19:00","32.77","EUR"
"30.06.2024 19:00 - 30.06.2024 20:00","32.73","EUR"
"30.06.2024 20:00 - 30.06.2024 21:00","32.71","EUR"
"30.06.2024 21:00 - 30.06.2024 22:00","32.62","EUR"
"30.06.2024 22:00 - 30.06.2024 23:00","32.25","EUR"
"30.06.2024 23:00 - 01.07.2024 00:00","30.93","EUR"
"01.07.2024 00:00 - 01.07.2024 01:00","30.23","EUR"
"01.07.2024 01:00 - 01.07.2024 02:00","29.56","EUR"
"01.07.2024 02:00 - 01.07.2024 03:00","28.85","EUR"
"01.07.2024 03:00 - 01.07.2024 04:00","28.62","EUR"
"01.07.2024 04:00 - 01.07.2024 05:00","28.85","EUR"
"01.07.2024 05:00 - 01.07.2024 06:00","30.50","EUR"
"01.07.2024 06:00 - 01.07.2024 07:00","32.43","EUR"
"01.07.2024 07:00 - 01.07.2024 08:00","34.03","EUR"
"01.07.2024 08:00 - 01.07.2024 09:00","35.00","EUR"
"01.07.2024 09:00 - 01.07.2024 10:00","35.40","EUR"
"01.07.2024 10:00 - 01.07.2024 11:00","34.90","EUR"
"01.07.2024 11:00 - 01.07.2024 12:00","34.17","EUR"
"01.07.2024 12:00 - 01.07.2024 13:00","33.44","EUR"
"01.07.2024 13:00 - 01.07.2024 14:00","33.17","EUR"
"01.07.2024 14:00 - 01.07.2024 15:00","32.41","EUR"
"01.07.2024 15:00 - 01.07.2024 16:00","32.55","EUR"
"01.07.2024 16:00 - 01.07.2024 17:00","32.68","EUR"
"01.07.2024 17:00 - 01.07.2024 18:00","33.10","EUR"
"01.07.2024 18:00 - 01.07.2024 19:00","34.04","EUR"
"01.07.2024 19:00 - 01.07.2024 20:00","33.91","EUR"
"01.07.2024 20:00 - 01.07.2024 21:00","33.46","EUR"
"01.07.2024 21:00 - 01.07.2024 22:00","32.66","EUR"
"01.07.2024 22:00 - 01.07.2024 23:00","31.67","EUR"
"01.07.2024 23:00 - 02.07.2024 00:00","30.72","EUR"
"02.07.2024 00:00 - 02.07.2024 01:00","27.70","EUR"
"02.07.2024 01:00 - 02.07.2024 02:00","26.57","EUR"
"02.07.2024 02:00 - 02.07.2024 03:00","25.56","EUR"
"02.07.2024 03:00 - 02.07.2024 04:00","24.84","EUR"
"02.07.2024 04:00 - 02.07.2024 05:00","25.48","EUR"
"02.07.2024 05:00 - 02.07.2024 06:00","27.06","EUR"
"02.07.2024 06:00 - 02.07.2024 07:00","27.71","EUR"
"02.07.2024 07:00 - 02.07.2024 08:00","30.26","EUR"
"02.07.2024 08:00 - 02.07.2024 09:00","30.39","EUR"
"02.07.2024 09:00 - 02.07.2024 10:00","28.85","EUR"
"02.07.2024 10:00 - 02.07.2024 11:00","28.62","EUR"
"02.07.2024 11:00 - 02.07.2024 12:00","27.93","EUR"
"02.07.2024 12:00 - 02.07.2024 13:00","29.03","EUR"
"02.07.2024 13:00 - 02.07.2024 14:00","28.91","EUR"
"02.07.2024 14:00 - 02.07.2024 15:00","28.56","EUR"
"02.07.2024 15:00 - 02.07.2024 16:00","28.35","EUR"
"02.07.2024 16:00 - 02.07.2024 17:00","26.05","EUR"
"02.07.2024 17:00 - 02.07.2024 18:00","26.51","EUR"
"02.07.2024 18:00 - 02.07.2024 19:00","27.17","EUR"
"02.07.2024 19:00 - 02.07.2024 20:00","27.70","EUR"
"02.07.2024 20:00 - 02.07.2024 21:00","27.69","EUR"
"02.07.2024 21:00 - 02.07.2024 22:00","27.35","EUR"
"02.07.2024 22:00 - 02.07.2024 23:00","28.77","EUR"
"02.07.2024 23:00 - 03.07.2024 00:00","28.08","EUR"
"03.07.2024 00:00 - 03.07.2024 01:00","25.51","EUR"
"03.07.2024 01:00 - 03.07.2024 02:00","24.06","EUR"
"03.07.2024 02:00 - 03.07.2024 03:00","23.73","EUR"
"03.07.2024 03:00 - 03.07.2024 04:00","24.70","EUR"
"03.07.2024 04:00 - 03.07.2024 05:00","26.20","EUR"
"03.07.2024 05:00 - 03.07.2024 06:00","28.89","EUR"
"03.07.2024 06:00 - 03.07.2024 07:00","33.46","EUR"
"03.07.2024 07:00 - 03.07.2024 08:00","35.34","EUR"
"03.07.2024 08:00 - 03.07.2024 09:00","36.33","EUR"
"03.07.2024 09:00 - 03.07.2024 10:00","36.67","EUR"
"03.07.2024 10:00 - 03.07.2024 11:00","37.36","EUR"
"03.07.2024 11:00 - 03.07.2024 12:00","37.58","EUR"
"03.07.2024 12:00 - 03.07.2024 13:00","37.98","EUR"
"03.07.2024 13:00 - 03.07.2024 14:00","38.50","EUR"
"03.07.2024 14:00 - 03.07.2024 15:00","37.95","EUR"
"03.07.2024 15:00 - 03.07.2024 16:00","37.08","EUR"
"03.07.2024 16:00 - 03.07.2024 17:00","36.70","EUR"
"03.07.2024 17:00 - 03.07.2024 18:00","35.99","EUR"
"03.07.2024 18:00 - 03.07.2024 19:00","36.70","EUR"
"03.07.2024 19:00 - 03.07.2024 20:00","35.97","EUR"
"03.07.2024 20:00 - 03.07.2024 21:00","35.46","EUR"
"03.07.2024 21:00 - 03.07.2024 22:00","35.04","EUR"
"03.07.2024 22:00 - 03.07.2024 23:00","33.67","EUR"
"03.07.2024 23:00 - 04.07.2024 00:00","31.97","EUR"
"04.07.2024 00:00 - 04.07.2024 01:00","31.18","EUR"
"04.07.2024 01:00 - 04.07.2024 02:00","30.00","EUR"
"04.07.2024 02:00 - 04.07.2024 03:00","25.64","EUR"
"04.07.2024 03:00 - 04.07.2024 04:00","17.45","EUR"
"04.07.2024 04:00 - 04.07.2024 05:00","9.77","EUR"
"04.07.2024 05:00 - 04.07.2024 06:00","10.02","EUR"
"04.07.2024 06:00 - 04.07.2024 07:00","26.47","EUR"
"04.07.2024 07:00 - 04.07.2024 08:00","30.00","EUR"
"04.07.2024 08:00 - 04.07.2024 09:00","30.33","EUR"
"04.07.2024 09:00 - 04.07.2024 10:00","23.95","EUR"
"04.07.2024 10:00 - 04.07.2024 11:00","13.54","EUR"
"04.07.2024 11:00 - 04.07.2024 12:00","10.62","EUR"
"04.07.2024 12:00 - 04.07.2024 13:00","3.00","EUR"
"04.07.2024 13:00 - 04.07.2024 14:00","0.97","EUR"
"04.07.2024 14:00 - 04.07.2024 15:00","0.00","EUR"
"04.07.2024 15:00 - 04.07.2024 16:00","0.00","EUR"
"04.07.2024 16:00 - 04.07.2024 17:00","-0.01","EUR"
"04.07.2024 17:00 - 04.07.2024 18:00","1.51","EUR"
"04.07.2024 18:00 - 04.07.2024 19:00","11.72","EUR"
"04.07.2024 19:00 - 04.07.2024 20:00","26.38","EUR"
"04.07.2024 20:00 - 04.07.2024 21:00","25.22","EUR"
"04.07.2024 21:00 - 04.07.2024 22:00","23.82","EUR"
"04.07.2024 22:00 - 04.07.2024 23:00","17.96","EUR"
"04.07.2024 23:00 - 05.07.2024 00:00","13.26","EUR"
"05.07.2024 00:00 - 05.07.2024 01:00","6.92","EUR"
"05.07.2024 01:00 - 05.07.2024 02:00","4.71","EUR"
"05.07.2024 02:00 - 05.07.2024 03:00","4.12","EUR"
"05.07.2024 03:00 - 05.07.2024 04:00","2.67","EUR"
"05.07.2024 04:00 - 05.07.2024 05:00","2.92","EUR"
"05.07.2024 05:00 - 05.07.2024 06:00","5.72","EUR"
"05.07.2024 06:00 - 05.07.2024 07:00","19.99","EUR"
"05.07.2024 07:00 - 05.07.2024 08:00","28.69","EUR"
"05.07.2024 08:00 - 05.07.2024 09:00","29.68","EUR"
"05.07.2024 09:00 - 05.07.2024 10:00","18.56","EUR"
"05.07.2024 10:00 - 05.07.2024 11:00","5.57","EUR"
"05.07.2024 11:00 - 05.07.2024 12:00","6.32","EUR"
"05.07.2024 12:00 - 05.07.2024 13:00","4.56","EUR"
"05.07.2024 13:00 - 05.07.2024 14:00","4.44","EUR"
"05.07.2024 14:00 - 05.07.2024 15:00","1.64","EUR"
"05.07.2024 15:00 - 05.07.2024 16:00","0.00","EUR"
"05.07.2024 16:00 - 05.07.2024 17:00","1.93","EUR"
"05.07.2024 17:00 - 05.07.2024 18:00","13.06","EUR"
"05.07.2024 18:00 - 05.07.2024 19:00","23.27","EUR"
"05.07.2024 19:00 - 05.07.2024 20:00","24.82","EUR"
"05.07.2024 20:00 - 05.07.2024 21:00","23.49","EUR"
"05.07.2024 21:00 - 05.07.2024 22:00","19.98","EUR"
"05.07.2024 22:00 - 05.07.2024 23:00","17.45","EUR"
"05.07.2024 23:00 - 06.07.2024 00:00","10.99","EUR"
"06.07.2024 00:00 - 06.07.2024 01:00","15.36","EUR"
"06.07.2024 01:00 - 06.07.2024 02:00","11.75","EUR"
"06.07.2024 02:00 - 06.07.2024 03:00","13.14","EUR"
"06.07.2024 03:00 - 06.07.2024 04:00","17.55","EUR"
"06.07.2024 04:00 - 06.07.2024 05:00","19.58","EUR"
"06.07.2024 05:00 - 06.07.2024 06:00","6.56","EUR"
"06.07.2024 06:00 - 06.07.2024 07:00","5.59","EUR"
"06.07.2024 07:00 - 06.07.2024 08:00","5.50","EUR"
"06.07.2024 08:00 - 06.07.2024 09:00","3.48","EUR"
"06.07.2024 09:00 - 06.07.2024 10:00","0.32","EUR"
"06.07.2024 10:00 - 06.07.2024 11:00","-0.04","EUR"
"06.07.2024 11:00 - 06.07.2024 12:00","-0.02","EUR"
"06.07.2024 12:00 - 06.07.2024 13:00","-0.03","EUR"
"06.07.2024 13:00 - 06.07.2024 14:00","-0.12","EUR"
"06.07.2024 14:00 - 06.07.2024 15:00","-2.18","EUR"
"06.07.2024 15:00 - 06.07.2024 16:00","-2.71","EUR"
"06.07.2024 16:00 - 06.07.2024 17:00","-0.60","EUR"
"06.07.2024 17:00 - 06.07.2024 18:00","0.01","EUR"
"06.07.2024 18:00 - 06.07.2024 19:00","1.94","EUR"
"06.07.2024 19:00 - 06.07.2024 20:00","0.44","EUR"
"06.07.2024 20:00 - 06.07.2024 21:00","6.69","EUR"
"06.07.2024 21:00 - 06.07.2024 22:00","9.40","EUR"
"06.07.2024 22:00 - 06.07.2024 23:00","17.57","EUR"
"06.07.2024 23:00 - 07.07.2024 00:00","6.77","EUR"
"07.07.2024 00:00 - 07.07.2024 01:00","-0.02","EUR"
"07.07.2024 01:00 - 07.07.2024 02:00","-0.10","EUR"
"07.07.2024 02:00 - 07.07.2024 03:00","-0.80","EUR"
"07.07.2024 03:00 - 07.07.2024 04:00","-0.48","EUR"
"07.07.2024 04:00 - 07.07.2024 05:00","-0.88","EUR"
"07.07.2024 05:00 - 07.07.2024 06:00","-1.76","EUR"
"07.07.2024 06:00 - 07.07.2024 07:00","-0.81","EUR"
"07.07.2024 07:00 - 07.07.2024 08:00","-0.59","EUR"
"07.07.2024 08:00 - 07.07.2024 09:00","-0.61","EUR"
"07.07.2024 09:00 - 07.07.2024 10:00","-6.47","EUR"
"07.07.2024 10:00 - 07.07.2024 11:00","-9.98","EUR"
"07.07.2024 11:00 - 07.07.2024 12:00","-12.04","EUR"
"07.07.2024 12:00 - 07.07.2024 13:00","-13.49","EUR"
"07.07.2024 13:00 - 07.07.2024 14:00","-15.02","EUR"
"07.07.2024 14:00 - 07.07.2024 15:00","-19.90","EUR"
"07.07.2024 15:00 - 07.07.2024 16:00","-12.20","EUR"
"07.07.2024 16:00 - 07.07.2024 17:00","-6.16","EUR"
"07.07.2024 17:00 - 07.07.2024 18:00","-2.49","EUR"
"07.07.2024 18:00 - 07.07.2024 19:00","-1.16","EUR"
"07.07.2024 19:00 - 07.07.2024 20:00","-0.80","EUR"
"07.07.2024 20:00 - 07.07.2024 21:00","-0.11","EUR"
"07.07.2024 21:00 - 07.07.2024 22:00","-0.15","EUR"
"07.07.2024 22:00 - 07.07.2024 23:00","-0.10","EUR"
"07.07.2024 23:00 - 08.07.2024 00:00","-0.10","EUR"
"08.07.2024 00:00 - 08.07.2024 01:00","0.44","EUR"
"08.07.2024 01:00 - 08.07.2024 02:00","0.97","EUR"
"08.07.2024 02:00 - 08.07.2024 03:00","1.95","EUR"
"08.07.2024 03:00 - 08.07.2024 04:00","4.11","EUR"
"08.07.2024 04:00 - 08.07.2024 05:00","6.44","EUR"
"08.07.2024 05:00 - 08.07.2024 06:00","18.51","EUR"
"08.07.2024 06:00 - 08.07.2024 07:00","24.54","EUR"
"08.07.2024 07:00 - 08.07.2024 08:00","28.14","EUR"
"08.07.2024 08:00 - 08.07.2024 09:00","30.29","EUR"
"08.07.2024 09:00 - 08.07.2024 10:00","30.61","EUR"
"08.07.2024 10:00 - 08.07.2024 11:00","30.56","EUR"
"08.07.2024 11:00 - 08.07.2024 12:00","30.19","EUR"
"08.07.2024 12:00 - 08.07.2024 13:00","30.36","EUR"
"08.07.2024 13:00 - 08.07.2024 14:00","28.74","EUR"
"08.07.2024 14:00 - 08.07.2024 15:00","28.85","EUR"
"08.07.2024 15:00 - 08.07.2024 16:00","29.98","EUR"
"08.07.2024 16:00 - 08.07.2024 17:00","29.98","EUR"
"08.07.2024 17:00 - 08.07.2024 18:00","30.15","EUR"
"08.07.2024 18:00 - 08.07.2024 19:00","30.74","EUR"
"08.07.2024 19:00 - 08.07.2024 20:00","31.46","EUR"
"08.07.2024 20:00 - 08.07.2024 21:00","31.17","EUR"
"08.07.2024 21:00 - 08.07.2024 22:00","30.17","EUR"
"08.07.2024 22:00 - 08.07.2024 23:00","29.03","EUR"
"08.07.2024 23:00 - 09.07.2024 00:00","27.99","EUR"
"09.07.2024 00:00 - 09.07.2024 01:00","27.46","EUR"
"09.07.2024 01:00 - 09.07.2024 02:00","26.69","EUR"
"09.07.2024 02:00 - 09.07.2024 03:00","26.06","EUR"
"09.07.2024 03:00 - 09.07.2024 04:00","25.65","EUR"
"09.07.2024 04:00 - 09.07.2024 05:00","25.58","EUR"
"09.07.2024 05:00 - 09.07.2024 06:00","27.27","EUR"
"09.07.2024 06:00 - 09.07.2024 07:00","30.52","EUR"
"09.07.2024 07:00 - 09.07.2024 08:00","32.25","EUR"
"09.07.2024 08:00 - 09.07.2024 09:00","33.81","EUR"
"09.07.2024 09:00 - 09.07.2024 10:00","33.65","EUR"
"09.07.2024 10:00 - 09.07.2024 11:00","31.42","EUR"
"09.07.2024 11:00 - 09.07.2024 12:00","30.44","EUR"
"09.07.2024 12:00 - 09.07.2024 13:00","28.83","EUR"
"09.07.2024 13:00 - 09.07.2024 14:00","25.27","EUR"
"09.07.2024 14:00 - 09.07.2024 15:00","26.68","EUR"
"09.07.2024 15:00 - 09.07.2024 16:00","29.72","EUR"
"09.07.2024 16:00 - 09.07.2024 17:00","32.29","EUR"
"09.07.2024 17:00 - 09.07.2024 18:00","34.67","EUR"
"09.07.2024 18:00 - 09.07.2024 19:00","35.90","EUR"
"09.07.2024 19:00 - 09.07.2024 20:00","35.93","EUR"
"09.07.2024 20:00 - 09.07.2024 21:00","35.34","EUR"
"09.07.2024 21:00 - 09.07.2024 22:00","34.22","EUR"
"09.07.2024 22:00 - 09.07.2024 23:00","31.54","EUR"
"09.07.2024 23:00 - 10.07.2024 00:00","30.10","EUR"
"10.07.2024 00:00 - 10.07.2024 01:00","28.96","EUR"
"10.07.2024 01:00 - 10.07.2024 02:00","28.18","EUR"
"10.07.2024 02:00 - 10.07.2024 03:00","27.22","EUR"
"10.07.2024 03:00 - 10.07.2024 04:00","26.29","EUR"
"10.07.2024 04:00 - 10.07.2024 05:00","25.71","EUR"
"10.07.2024 05:00 - 10.07.2024 06:00","27.04","EUR"
"10.07.2024 06:00 - 10.07.2024 07:00","28.26","EUR"
"10.07.2024 07:00 - 10.07.2024 08:00","29.12","EUR"
"10.07.2024 08:00 - 10.07.2024 09:00","29.66","EUR"
"10.07.2024 09:00 - 10.07.2024 10:00","28.89","EUR"
"10.07.2024 10:00 - 10.07.2024 11:00","27.93","EUR"
"10.07.2024 11:00 - 10.07.2024 12:00","26.62","EUR"
"10.07.2024 12:00 - 10.07.2024 13:00","25.30","EUR"
"10.07.2024 13:00 - 10.07.2024 14:00","24.96","EUR"
"10.07.2024 14:00 - 10.07.2024 15:00","24.31","EUR"
"10.07.2024 15:00 - 10.07.2024 16:00","22.13","EUR"
"10.07.2024 16:00 - 10.07.2024 17:00","23.92","EUR"
"10.07.2024 17:00 - 10.07.2024 18:00","25.43","EUR"
"10.07.2024 18:00 - 10.07.2024 19:00","26.12","EUR"
"10.07.2024 19:00 - 10.07.2024 20:00","25.31","EUR"
"10.07.2024 20:00 - 10.07.2024 21:00","22.47","EUR"
"10.07.2024 21:00 - 10.07.2024 22:00","18.13","EUR"
"10.07.2024 22:00 - 10.07.2024 23:00","4.98","EUR"
"10.07.2024 23:00 - 11.07.2024 00:00","2.66","EUR"
"11.07.2024 00:00 - 11.07.2024 01:00","3.02","EUR"
"11.07.2024 01:00 - 11.07.2024 02:00","2.97","EUR"
"11.07.2024 02:00 - 11.07.2024 03:00","3.04","EUR"
"11.07.2024 03:00 - 11.07.2024 04:00","4.12","EUR"
"11.07.2024 04:00 - 11.07.2024 05:00","4.92","EUR"
"11.07.2024 05:00 - 11.07.2024 06:00","10.76","EUR"
"11.07.2024 06:00 - 11.07.2024 07:00","18.75","EUR"
"11.07.2024 07:00 - 11.07.2024 08:00","23.62","EUR"
"11.07.2024 08:00 - 11.07.2024 09:00","26.11","EUR"
"11.07.2024 09:00 - 11.07.2024 10:00","27.07","EUR"
"11.07.2024 10:00 - 11.07.2024 11:00","27.71","EUR"
"11.07.2024 11:00 - 11.07.2024 12:00","27.75","EUR"
"11.07.2024 12:00 - 11.07.2024 13:00","28.08","EUR"
"11.07.2024 13:00 - 11.07.2024 14:00","28.20","EUR"
"11.07.2024 14:00 - 11.07.2024 15:00","28.20","EUR"
"11.07.2024 15:00 - 11.07.2024 16:00","28.56","EUR"
"11.07.2024 16:00 - 11.07.2024 17:00","29.01","EUR"
"11.07.2024 17:00 - 11.07.2024 18:00","29.41","EUR"
"11.07.2024 18:00 - 11.07.2024 19:00","29.41","EUR"
"11.07.2024 19:00 - 11.07.2024 20:00","29.55","EUR"
"11.07.2024 20:00 - 11.07.2024 21:00","29.47","EUR"
"11.07.2024 21:00 - 11.07.2024 22:00","29.07","EUR"
"11.07.2024 22:00 - 11.07.2024 23:00","28.44","EUR"
"11.07.2024 23:00 - 12.07.2024 00:00","27.02","EUR"
"12.07.2024 00:00 - 12.07.2024 01:00","26.81","EUR"
"12.07.2024 01:00 - 12.07.2024 02:00","25.65","EUR"
"12.07.2024 02:00 - 12.07.2024 03:00","24.41","EUR"
"12.07.2024 03:00 - 12.07.2024 04:00","21.58","EUR"
"12.07.2024 04:00 - 12.07.2024 05:00","21.37","EUR"
"12.07.2024 05:00 - 12.07.2024 06:00","25.50","EUR"
"12.07.2024 06:00 - 12.07.2024 07:00","27.85","EUR"
"12.07.2024 07:00 - 12.07.2024 08:00","28.59","EUR"
"12.07.2024 08:00 - 12.07.2024 09:00","29.48","EUR"
"12.07.2024 09:00 - 12.07.2024 10:00","29.61","EUR"
"12.07.2024 10:00 - 12.07.2024 11:00","29.42","EUR"
"12.07.2024 11:00 - 12.07.2024 12:00","29.10","EUR"
"12.07.2024 12:00 - 12.07.2024 13:00","28.72","EUR"
"12.07.2024 13:00 - 12.07.2024 14:00","28.27","EUR"
"12.07.2024 14:00 - 12.07.2024 15:00","28.09","EUR"
"12.07.2024 15:00 - 12.07.2024 16:00","27.94","EUR"
"12.07.2024 16:00 - 12.07.2024 17:00","27.93","EUR"
"12.07.2024 17:00 - 12.07.2024 18:00","29.48","EUR"
"12.07.2024 18:00 - 12.07.2024 19:00","29.68","EUR"
"12.07.2024 19:00 - 12.07.2024 20:00","29.77","EUR"
"12.07.2024 20:00 - 12.07.2024 21:00","29.46","EUR"
"12.07.2024 21:00 - 12.07.2024 22:00","28.50","EUR"
"12.07.2024 22:00 - 12.07.2024 23:00","27.85","EUR"
"12.07.2024 23:00 - 13.07.2024 00:00","26.48","EUR"
"13.07.2024 00:00 - 13.07.2024 01:00","20.73","EUR"
"13.07.2024 01:00 - 13.07.2024 02:00","13.33","EUR"
"13.07.2024 02:00 - 13.07.2024 03:00","9.16","EUR"
"13.07.2024 03:00 - 13.07.2024 04:00","8.00","EUR"
"13.07.2024 04:00 - 13.07.2024 05:00","6.17","EUR"
"13.07.2024 05:00 - 13.07.2024 06:00","11.85","EUR"
"13.07.2024 06:00 - 13.07.2024 07:00","19.54","EUR"
"13.07.2024 07:00 - 13.07.2024 08:00","24.89","EUR"
"13.07.2024 08:00 - 13.07.2024 09:00","25.83","EUR"
"13.07.2024 09:00 - 13.07.2024 10:00","20.97","EUR"
"13.07.2024 10:00 - 13.07.2024 11:00","5.16","EUR"
"13.07.2024 11:00 - 13.07.2024 12:00","0.04","EUR"
"13.07.2024 12:00 - 13.07.2024 13:00","-0.01","EUR"
"13.07.2024 13:00 - 13.07.2024 14:00","-0.87","EUR"
"13.07.2024 14:00 - 13.07.2024 15:00","-0.81","EUR"
"13.07.2024 15:00 - 13.07.2024 16:00","-0.06","EUR"
"13.07.2024 16:00 - 13.07.2024 17:00","1.52","EUR"
"13.07.2024 17:00 - 13.07.2024 18:00","6.32","EUR"
"13.07.2024 18:00 - 13.07.2024 19:00","22.44","EUR"
"13.07.2024 19:00 - 13.07.2024 20:00","26.27","EUR"
"13.07.2024 20:00 - 13.07.2024 21:00","21.74","EUR"
"13.07.2024 21:00 - 13.07.2024 22:00","17.66","EUR"
"13.07.2024 22:00 - 13.07.2024 23:00","11.15","EUR"
"13.07.2024 23:00 - 14.07.2024 00:00","8.31","EUR"
"14.07.2024 00:00 - 14.07.2024 01:00","23.69","EUR"
"14.07.2024 01:00 - 14.07.2024 02:00","20.93","EUR"
"14.07.2024 02:00 - 14.07.2024 03:00","19.01","EUR"
"14.07.2024 03:00 - 14.07.2024 04:00","13.97","EUR"
"14.07.2024 04:00 - 14.07.2024 05:00","11.38","EUR"
"14.07.2024 05:00 - 14.07.2024 06:00","10.01","EUR"
"14.07.2024 06:00 - 14.07.2024 07:00","16.67","EUR"
"14.07.2024 07:00 - 14.07.2024 08:00","14.28","EUR"
"14.07.2024 08:00 - 14.07.2024 09:00","0.29","EUR"
"14.07.2024 09:00 - 14.07.2024 10:00","-2.29","EUR"
"14.07.2024 10:00 - 14.07.2024 11:00","-3.02","EUR"
"14.07.2024 11:00 - 14.07.2024 12:00","-3.40","EUR"
"14.07.2024 12:00 - 14.07.2024 13:00","-4.22","EUR"
"14.07.2024 13:00 - 14.07.2024 14:00","-5.16","EUR"
"14.07.2024 14:00 - 14.07.2024 15:00","-6.41","EUR"
"14.07.2024 15:00 - 14.07.2024 16:00","-5.36","EUR"
"14.07.2024 16:00 - 14.07.2024 17:00","-2.08","EUR"
"14.07.2024 17:00 - 14.07.2024 18:00","1.87","EUR"
"14.07.2024 18:00 - 14.07.2024 19:00","21.75","EUR"
"14.07.2024 19:00 - 14.07.2024 20:00","21.58","EUR"
"14.07.2024 20:00 - 14.07.2024 21:00","19.93","EUR"
"14.07.2024 21:00 - 14.07.2024 22:00","16.57","EUR"
"14.07.2024 22:00 - 14.07.2024 23:00","7.09","EUR"
"14.07.2024 23:00 - 15.07.2024 00:00","4.92","EUR"
"15.07.2024 00:00 - 15.07.2024 01:00","13.16","EUR"
"15.07.2024 01:00 - 15.07.2024 02:00","13.63","EUR"
"15.07.2024 02:00 - 15.07.2024 03:00","13.44","EUR"
"15.07.2024 03:00 - 15.07.2024 04:00","13.78","EUR"
"15.07.2024 04:00 - 15.07.2024 05:00","17.06","EUR"
"15.07.2024 05:00 - 15.07.2024 06:00","19.01","EUR"
"15.07.2024 06:00 - 15.07.2024 07:00","25.37","EUR"
"15.07.2024 07:00 - 15.07.2024 08:00","27.10","EUR"
"15.07.2024 08:00 - 15.07.2024 09:00","27.58","EUR"
"15.07.2024 09:00 - 15.07.2024 10:00","27.11","EUR"
"15.07.2024 10:00 - 15.07.2024 11:00","26.40","EUR"
"15.07.2024 11:00 - 15.07.2024 12:00","20.03","EUR"
"15.07.2024 12:00 - 15.07.2024 13:00","15.87","EUR"
"15.07.2024 13:00 - 15.07.2024 14:00","10.00","EUR"
"15.07.2024 14:00 - 15.07.2024 15:00","18.39","EUR"
"15.07.2024 15:00 - 15.07.2024 16:00","20.82","EUR"
"15.07.2024 16:00 - 15.07.2024 17:00","27.02","EUR"
"15.07.2024 17:00 - 15.07.2024 18:00","28.89","EUR"
"15.07.2024 18:00 - 15.07.2024 19:00","29.90","EUR"
"15.07.2024 19:00 - 15.07.2024 20:00","29.69","EUR"
"15.07.2024 20:00 - 15.07.2024 21:00","28.88","EUR"
"15.07.2024 21:00 - 15.07.2024 22:00","28.18","EUR"
"15.07.2024 22:00 - 15.07.2024 23:00","27.27","EUR"
"15.07.2024 23:00 - 16.07.2024 00:00","25.89","EUR"
"16.07.2024 00:00 - 16.07.2024 01:00","24.89","EUR"
"16.07.2024 01:00 - 16.07.2024 02:00","24.48","EUR"
"16.07.2024 02:00 - 16.07.2024 03:00","24.38","EUR"
"16.07.2024 03:00 - 16.07.2024 04:00","24.52","EUR"
"16.07.2024 04:00 - 16.07.2024 05:00","24.78","EUR"
"16.07.2024 05:00 - 16.07.2024 06:00","25.58","EUR"
"16.07.2024 06:00 - 16.07.2024 07:00","27.25","EUR"
"16.07.2024 07:00 - 16.07.2024 08:00","28.19","EUR"
"16.07.2024 08:00 - 16.07.2024 09:00","27.96","EUR"
"16.07.2024 09:00 - 16.07.2024 10:00","27.97","EUR"
"16.07.2024 10:00 - 16.07.2024 11:00","25.19","EUR"
"16.07.2024 11:00 - 16.07.2024 12:00","21.26","EUR"
"16.07.2024 12:00 - 16.07.2024 13:00","15.84","EUR"
"16.07.2024 13:00 - 16.07.2024 14:00","13.59","EUR"
"16.07.2024 14:00 - 16.07.2024 15:00","16.69","EUR"
"16.07.2024 15:00 - 16.07.2024 16:00","19.11","EUR"
"16.07.2024 16:00 - 16.07.2024 17:00","23.82","EUR"
"16.07.2024 17:00 - 16.07.2024 18:00","25.54","EUR"
"16.07.2024 18:00 - 16.07.2024 19:00","28.95","EUR"
"16.07.2024 19:00 - 16.07.2024 20:00","28.40","EUR"
"16.07.2024 20:00 - 16.07.2024 21:00","27.38","EUR"
"16.07.2024 21:00 - 16.07.2024 22:00","26.26","EUR"
"16.07.2024 22:00 - 16.07.2024 23:00","25.28","EUR"
"16.07.2024 23:00 - 17.07.2024 00:00","24.01","EUR"
"17.07.2024 00:00 - 17.07.2024 01:00","21.00","EUR"
"17.07.2024 01:00 - 17.07.2024 02:00","20.81","EUR"
"17.07.2024 02:00 - 17.07.2024 03:00","20.55","EUR"
"17.07.2024 03:00 - 17.07.2024 04:00","19.99","EUR"
"17.07.2024 04:00 - 17.07.2024 05:00","19.43","EUR"
"17.07.2024 05:00 - 17.07.2024 06:00","19.06","EUR"
"17.07.2024 06:00 - 17.07.2024 07:00","20.62","EUR"
"17.07.2024 07:00 - 17.07.2024 08:00","22.98","EUR"
"17.07.2024 08:00 - 17.07.2024 09:00","23.59","EUR"
"17.07.2024 09:00 - 17.07.2024 10:00","22.91","EUR"
"17.07.2024 10:00 - 17.07.2024 11:00","20.51","EUR"
"17.07.2024 11:00 - 17.07.2024 12:00","18.61","EUR"
"17.07.2024 12:00 - 17.07.2024 13:00","19.32","EUR"
"17.07.2024 13:00 - 17.07.2024 14:00","17.80","EUR"
"17.07.2024 14:00 - 17.07.2024 15:00","10.54","EUR"
"17.07.2024 15:00 - 17.07.2024 16:00","6.87","EUR"
"17.07.2024 16:00 - 17.07.2024 17:00","8.72","EUR"
"17.07.2024 17:00 - 17.07.2024 18:00","11.63","EUR"
"17.07.2024 18:00 - 17.07.2024 19:00","12.44","EUR"
"17.07.2024 19:00 - 17.07.2024 20:00","13.75","EUR"
"17.07.2024 20:00 - 17.07.2024 21:00","13.84","EUR"
"17.07.2024 21:00 - 17.07.2024 22:00","13.43","EUR"
"17.07.2024 22:00 - 17.07.2024 23:00","14.46","EUR"
"17.07.2024 23:00 - 18.07.2024 00:00","11.68","EUR"
"18.07.2024 00:00 - 18.07.2024 01:00","5.49","EUR"
"18.07.2024 01:00 - 18.07.2024 02:00","5.03","EUR"
"18.07.2024 02:00 - 18.07.2024 03:00","4.91","EUR"
"18.07.2024 03:00 - 18.07.2024 04:00","4.61","EUR"
"18.07.2024 04:00 - 18.07.2024 05:00","4.85","EUR"
"18.07.2024 05:00 - 18.07.2024 06:00","8.68","EUR"
"18.07.2024 06:00 - 18.07.2024 07:00","11.16","EUR"
"18.07.2024 07:00 - 18.07.2024 08:00","18.61","EUR"
"18.07.2024 08:00 - 18.07.2024 09:00","19.53","EUR"
"18.07.2024 09:00 - 18.07.2024 10:00","20.56","EUR"
"18.07.2024 10:00 - 18.07.2024 11:00","20.42","EUR"
"18.07.2024 11:00 - 18.07.2024 12:00","19.01","EUR"
"18.07.2024 12:00 - 18.07.2024 13:00","18.43","EUR"
"18.07.2024 13:00 - 18.07.2024 14:00","17.96","EUR"
"18.07.2024 14:00 - 18.07.2024 15:00","17.52","EUR"
"18.07.2024 15:00 - 18.07.2024 16:00","17.10","EUR"
"18.07.2024 16:00 - 18.07.2024 17:00","18.51","EUR"
"18.07.2024 17:00 - 18.07.2024 18:00","19.40","EUR"
"18.07.2024 18:00 - 18.07.2024 19:00","20.56","EUR"
"18.07.2024 19:00 - 18.07.2024 20:00","21.47","EUR"
"18.07.2024 20:00 - 18.07.2024 21:00","20.00","EUR"
"18.07.2024 21:00 - 18.07.2024 22:00","19.08","EUR"
"18.07.2024 22:00 - 18.07.2024 23:00","15.80","EUR"
"18.07.2024 23:00 - 19.07.2024 00:00","10.60","EUR"
"19.07.2024 00:00 - 19.07.2024 01:00","10.15","EUR"
"19.07.2024 01:00 - 19.07.2024 02:00","9.85","EUR"
"19.07.2024 02:00 - 19.07.2024 03:00","9.01","EUR"
"19.07.2024 03:00 - 19.07.2024 04:00","5.00","EUR"
"19.07.2024 04:00 - 19.07.2024 05:00","5.03","EUR"
"19.07.2024 05:00 - 19.07.2024 06:00","12.85","EUR"
"19.07.2024 06:00 - 19.07.2024 07:00","19.09","EUR"
"19.07.2024 07:00 - 19.07.2024 08:00","20.52","EUR"
"19.07.2024 08:00 - 19.07.2024 09:00","21.32","EUR"
"19.07.2024 09:00 - 19.07.2024 10:00","21.55","EUR"
"19.07.2024 10:00 - 19.07.2024 11:00","20.30","EUR"
"19.07.2024 11:00 - 19.07.2024 12:00","19.73","EUR"
"19.07.2024 12:00 - 19.07.2024 13:00","20.30","EUR"
"19.07.2024 13:00 - 19.07.2024 14:00","20.73","EUR"
"19.07.2024 14:00 - 19.07.2024 15:00","20.97","EUR"
"19.07.2024 15:00 - 19.07.2024 16:00","20.57","EUR"
"19.07.2024 16:00 - 19.07.2024 17:00","20.67","EUR"
"19.07.2024 17:00 - 19.07.2024 18:00","21.70","EUR"
"19.07.2024 18:00 - 19.07.2024 19:00","22.38","EUR"
"19.07.2024 19:00 - 19.07.2024 20:00","22.85","EUR"
"19.07.2024 20:00 - 19.07.2024 21:00","21.27","EUR"
"19.07.2024 21:00 - 19.07.2024 22:00","20.28","EUR"
"19.07.2024 22:00 - 19.07.2024 23:00","19.06","EUR"
"19.07.2024 23:00 - 20.07.2024 00:00","16.78","EUR"
"20.07.2024 00:00 - 20.07.2024 01:00","12.98","EUR"
"20.07.2024 01:00 - 20.07.2024 02:00","12.81","EUR"
"20.07.2024 02:00 - 20.07.2024 03:00","13.46","EUR"
"20.07.2024 03:00 - 20.07.2024 04:00","13.76","EUR"
"20.07.2024 04:00 - 20.07.2024 05:00","15.12","EUR"
"20.07.2024 05:00 - 20.07.2024 06:00","16.96","EUR"
"20.07.2024 06:00 - 20.07.2024 07:00","19.44","EUR"
"20.07.2024 07:00 - 20.07.2024 08:00","20.79","EUR"
"20.07.2024 08:00 - 20.07.2024 09:00","23.08","EUR"
"20.07.2024 09:00 - 20.07.2024 10:00","23.42","EUR"
"20.07.2024 10:00 - 20.07.2024 11:00","15.90","EUR"
"20.07.2024 11:00 - 20.07.2024 12:00","3.77","EUR"
"20.07.2024 12:00 - 20.07.2024 13:00","1.37","EUR"
"20.07.2024 13:00 - 20.07.2024 14:00","0.02","EUR"
"20.07.2024 14:00 - 20.07.2024 15:00","0.44","EUR"
"20.07.2024 15:00 - 20.07.2024 16:00","4.60","EUR"
"20.07.2024 16:00 - 20.07.2024 17:00","18.01","EUR"
"20.07.2024 17:00 - 20.07.2024 18:00","25.25","EUR"
"20.07.2024 18:00 - 20.07.2024 19:00","25.21","EUR"
"20.07.2024 19:00 - 20.07.2024 20:00","25.21","EUR"
"20.07.2024 20:00 - 20.07.2024 21:00","24.52","EUR"
"20.07.2024 21:00 - 20.07.2024 22:00","23.77","EUR"
"20.07.2024 22:00 - 20.07.2024 23:00","22.99","EUR"
"20.07.2024 23:00 - 21.07.2024 00:00","21.51","EUR"
"21.07.2024 00:00 - 21.07.2024 01:00","21.38","EUR"
"21.07.2024 01:00 - 21.07.2024 02:00","20.79","EUR"
"21.07.2024 02:00 - 21.07.2024 03:00","20.43","EUR"
"21.07.2024 03:00 - 21.07.2024 04:00","20.08","EUR"
"21.07.2024 04:00 - 21.07.2024 05:00","19.27","EUR"
"21.07.2024 05:00 - 21.07.2024 06:00","20.30","EUR"
"21.07.2024 06:00 - 21.07.2024 07:00","21.39","EUR"
"21.07.2024 07:00 - 21.07.2024 08:00","22.65","EUR"
"21.07.2024 08:00 - 21.07.2024 09:00","23.55","EUR"
"21.07.2024 09:00 - 21.07.2024 10:00","18.57","EUR"
"21.07.2024 10:00 - 21.07.2024 11:00","2.84","EUR"
"21.07.2024 11:00 - 21.07.2024 12:00","0.62","EUR"
"21.07.2024 12:00 - 21.07.2024 13:00","0.02","EUR"
"21.07.2024 13:00 - 21.07.2024 14:00","-0.06","EUR"
"21.07.2024 14:00 - 21.07.2024 15:00","2.03","EUR"
"21.07.2024 15:00 - 21.07.2024 16:00","3.91","EUR"
"21.07.2024 16:00 - 21.07.2024 17:00","18.68","EUR"
"21.07.2024 17:00 - 21.07.2024 18:00","23.12","EUR"
"21.07.2024 18:00 - 21.07.2024 19:00","23.12","EUR"
"21.07.2024 19:00 - 21.07.2024 20:00","22.81","EUR"
"21.07.2024 20:00 - 21.07.2024 21:00","22.16","EUR"
"21.07.2024 21:00 - 21.07.2024 22:00","21.63","EUR"
"21.07.2024 22:00 - 21.07.2024 23:00","20.45","EUR"
"21.07.2024 23:00 - 22.07.2024 00:00","19.01","EUR"
"22.07.2024 00:00 - 22.07.2024 01:00","20.05","EUR"
"22.07.2024 01:00 - 22.07.2024 02:00","19.78","EUR"
"22.07.2024 02:00 - 22.07.2024 03:00","19.55","EUR"
"22.07.2024 03:00 - 22.07.2024 04:00","19.79","EUR"
"22.07.2024 04:00 - 22.07.2024 05:00","20.17","EUR"
"22.07.2024 05:00 - 22.07.2024 06:00","21.71","EUR"
"22.07.2024 06:00 - 22.07.2024 07:00","23.67","EUR"
"22.07.2024 07:00 - 22.07.2024 08:00","24.46","EUR"
"22.07.2024 08:00 - 22.07.2024 09:00","24.96","EUR"
"22.07.2024 09:00 - 22.07.2024 10:00","24.63","EUR"
"22.07.2024 10:00 - 22.07.2024 11:00","24.54","EUR"
"22.07.2024 11:00 - 22.07.2024 12:00","23.96","EUR"
"22.07.2024 12:00 - 22.07.2024 13:00","23.97","EUR"
"22.07.2024 13:00 - 22.07.2024 14:00","23.36","EUR"
"22.07.2024 14:00 - 22.07.2024 15:00","19.41","EUR"
"22.07.2024 15:00 - 22.07.2024 16:00","20.38","EUR"
"22.07.2024 16:00 - 22.07.2024 17:00","22.82","EUR"
"22.07.2024 17:00 - 22.07.2024 18:00","24.17","EUR"
"22.07.2024 18:00 - 22.07.2024 19:00","24.95","EUR"
"22.07.2024 19:00 - 22.07.2024 20:00","24.94","EUR"
"22.07.2024 20:00 - 22.07.2024 21:00","24.00","EUR"
"22.07.2024 21:00 - 22.07.2024 22:00","23.82","EUR"
"22.07.2024 22:00 - 22.07.2024 23:00","22.50","EUR"
"22.07.2024 23:00 - 23.07.2024 00:00","20.48","EUR"
"23.07.2024 00:00 - 23.07.2024 01:00","19.08","EUR"
"23.07.2024 01:00 - 23.07.2024 02:00","18.20","EUR"
"23.07.2024 02:00 - 23.07.2024 03:00","18.15","EUR"
"23.07.2024 03:00 - 23.07.2024 04:00","17.85","EUR"
"23.07.2024 04:00 - 23.07.2024 05:00","17.55","EUR"
"23.07.2024 05:00 - 23.07.2024 06:00","19.74","EUR"
"23.07.2024 06:00 - 23.07.2024 07:00","21.90","EUR"
"23.07.2024 07:00 - 23.07.2024 08:00","23.93","EUR"
"23.07.2024 08:00 - 23.07.2024 09:00","24.51","EUR"
"23.07.2024 09:00 - 23.07.2024 10:00","24.12","EUR"
"23.07.2024 10:00 - 23.07.2024 11:00","23.35","EUR"
"23.07.2024 11:00 - 23.07.2024 12:00","22.54","EUR"
"23.07.2024 12:00 - 23.07.2024 13:00","21.59","EUR"
"23.07.2024 13:00 - 23.07.2024 14:00","21.14","EUR"
"23.07.2024 14:00 - 23.07.2024 15:00","21.29","EUR"
"23.07.2024 15:00 - 23.07.2024 16:00","21.84","EUR"
"23.07.2024 16:00 - 23.07.2024 17:00","22.90","EUR"
"23.07.2024 17:00 - 23.07.2024 18:00","23.52","EUR"
"23.07.2024 18:00 - 23.07.2024 19:00","23.99","EUR"
"23.07.2024 19:00 - 23.07.2024 20:00","24.46","EUR"
"23.07.2024 20:00 - 23.07.2024 21:00","23.72","EUR"
"23.07.2024 21:00 - 23.07.2024 22:00","23.39","EUR"
"23.07.2024 22:00 - 23.07.2024 23:00","22.55","EUR"
"23.07.2024 23:00 - 24.07.2024 00:00","21.06","EUR"
"24.07.2024 00:00 - 24.07.2024 01:00","20.20","EUR"
"24.07.2024 01:00 - 24.07.2024 02:00","19.34","EUR"
"24.07.2024 02:00 - 24.07.2024 03:00","19.00","EUR"
"24.07.2024 03:00 - 24.07.2024 04:00","18.77","EUR"
"24.07.2024 04:00 - 24.07.2024 05:00","18.85","EUR"
"24.07.2024 05:00 - 24.07.2024 06:00","20.58","EUR"
"24.07.2024 06:00 - 24.07.2024 07:00","22.04","EUR"
"24.07.2024 07:00 - 24.07.2024 08:00","22.96","EUR"
"24.07.2024 08:00 - 24.07.2024 09:00","24.00","EUR"
"24.07.2024 09:00 - 24.07.2024 10:00","24.59","EUR"
"24.07.2024 10:00 - 24.07.2024 11:00","24.77","EUR"
"24.07.2024 11:00 - 24.07.2024 12:00","21.19","EUR"
"24.07.2024 12:00 - 24.07.2024 13:00","15.51","EUR"
"24.07.2024 13:00 - 24.07.2024 14:00","12.03","EUR"
"24.07.2024 14:00 - 24.07.2024 15:00","11.20","EUR"
"24.07.2024 15:00 - 24.07.2024 16:00","15.29","EUR"
"24.07.2024 16:00 - 24.07.2024 17:00","19.45","EUR"
"24.07.2024 17:00 - 24.07.2024 18:00","24.78","EUR"
"24.07.2024 18:00 - 24.07.2024 19:00","25.68","EUR"
"24.07.2024 19:00 - 24.07.2024 20:00","25.92","EUR"
"24.07.2024 20:00 - 24.07.2024 21:00","24.99","EUR"
"24.07.2024 21:00 - 24.07.2024 22:00","24.19","EUR"
"24.07.2024 22:00 - 24.07.2024 23:00","23.62","EUR"
"24.07.2024 23:00 - 25.07.2024 00:00","22.21","EUR"
"25.07.2024 00:00 - 25.07.2024 01:00","21.91","EUR"
"25.07.2024 01:00 - 25.07.2024 02:00","21.54","EUR"
"25.07.2024 02:00 - 25.07.2024 03:00","21.24","EUR"
"25.07.2024 03:00 - 25.07.2024 04:00","21.08","EUR"
"25.07.2024 04:00 - 25.07.2024 05:00","21.15","EUR"
"25.07.2024 05:00 - 25.07.2024 06:00","21.04","EUR"
"25.07.2024 06:00 - 25.07.2024 07:00","22.30","EUR"
"25.07.2024 07:00 - 25.07.2024 08:00","24.06","EUR"
"25.07.2024 08:00 - 25.07.2024 09:00","24.79","EUR"
"25.07.2024 09:00 - 25.07.2024 10:00","25.15","EUR"
"25.07.2024 10:00 - 25.07.2024 11:00","25.13","EUR"
"25.07.2024 11:00 - 25.07.2024 12:00","24.34","EUR"
"25.07.2024 12:00 - 25.07.2024 13:00","23.73","EUR"
"25.07.2024 13:00 - 25.07.2024 14:00","17.94","EUR"
"25.07.2024 14:00 - 25.07.2024 15:00","17.22","EUR"
"25.07.2024 15:00 - 25.07.2024 16:00","22.25","EUR"
"25.07.2024 16:00 - 25.07.2024 17:00","23.51","EUR"
"25.07.2024 17:00 - 25.07.2024 18:00","23.99","EUR"
"25.07.2024 18:00 - 25.07.2024 19:00","24.48","EUR"
"25.07.2024 19:00 - 25.07.2024 20:00","24.79","EUR"
"25.07.2024 20:00 - 25.07.2024 21:00","24.00","EUR"
"25.07.2024 21:00 - 25.07.2024 22:00","23.32","EUR"
"25.07.2024 22:00 - 25.07.2024 23:00","23.62","EUR"
"25.07.2024 23:00 - 26.07.2024 00:00","21.67","EUR"
"26.07.2024 00:00 - 26.07.2024 01:00","20.55","EUR"
"26.07.2024 01:00 - 26.07.2024 02:00","19.92","EUR"
"26.07.2024 02:00 - 26.07.2024 03:00","19.08","EUR"
"26.07.2024 03:00 - 26.07.2024 04:00","18.92","EUR"
"26.07.2024 04:00 - 26.07.2024 05:00","18.80","EUR"
"26.07.2024 05:00 - 26.07.2024 06:00","18.92","EUR"
"26.07.2024 06:00 - 26.07.2024 07:00","19.17","EUR"
"26.07.2024 07:00 - 26.07.2024 08:00","20.07","EUR"
"26.07.2024 08:00 - 26.07.2024 09:00","20.85","EUR"
"26.07.2024 09:00 - 26.07.2024 10:00","20.80","EUR"
"26.07.2024 10:00 - 26.07.2024 11:00","20.22","EUR"
"26.07.2024 11:00 - 26.07.2024 12:00","19.08","EUR"
"26.07.2024 12:00 - 26.07.2024 13:00","18.56","EUR"
"26.07.2024 13:00 - 26.07.2024 14:00","18.77","EUR"
"26.07.2024 14:00 - 26.07.2024 15:00","18.84","EUR"
"26.07.2024 15:00 - 26.07.2024 16:00","19.23","EUR"
"26.07.2024 16:00 - 26.07.2024 17:00","19.29","EUR"
"26.07.2024 17:00 - 26.07.2024 18:00","20.40","EUR"
"26.07.2024 18:00 - 26.07.2024 19:00","20.74","EUR"
"26.07.2024 19:00 - 26.07.2024 20:00","20.93","EUR"
"26.07.2024 20:00 - 26.07.2024 21:00","21.06","EUR"
"26.07.2024 21:00 - 26.07.2024 22:00","20.58","EUR"
"26.07.2024 22:00 - 26.07.2024 23:00","20.30","EUR"
"26.07.2024 23:00 - 27.07.2024 00:00","18.94","EUR"
"27.07.2024 00:00 - 27.07.2024 01:00","19.20","EUR"
"27.07.2024 01:00 - 27.07.2024 02:00","18.99","EUR"
"27.07.2024 02:00 - 27.07.2024 03:00","19.08","EUR"
"27.07.2024 03:00 - 27.07.2024 04:00","19.39","EUR"
"27.07.2024 04:00 - 27.07.2024 05:00","19.63","EUR"
"27.07.2024 05:00 - 27.07.2024 06:00","19.79","EUR"
"27.07.2024 06:00 - 27.07.2024 07:00","20.46","EUR"
"27.07.2024 07:00 - 27.07.2024 08:00","20.97","EUR"
"27.07.2024 08:00 - 27.07.2024 09:00","21.88","EUR"
"27.07.2024 09:00 - 27.07.2024 10:00","22.48","EUR"
"27.07.2024 10:00 - 27.07.2024 11:00","21.99","EUR"
"27.07.2024 11:00 - 27.07.2024 12:00","21.55","EUR"
"27.07.2024 12:00 - 27.07.2024 13:00","20.99","EUR"
"27.07.2024 13:00 - 27.07.2024 14:00","17.37","EUR"
"27.07.2024 14:00 - 27.07.2024 15:00","17.49","EUR"
"27.07.2024 15:00 - 27.07.2024 16:00","20.24","EUR"
"27.07.2024 16:00 - 27.07.2024 17:00","20.63","EUR"
"27.07.2024 17:00 - 27.07.2024 18:00","20.98","EUR"
"27.07.2024 18:00 - 27.07.2024 19:00","21.79","EUR"
"27.07.2024 19:00 - 27.07.2024 20:00","22.54","EUR"
"27.07.2024 20:00 - 27.07.2024 21:00","22.23","EUR"
"27.07.2024 21:00 - 27.07.2024 22:00","21.77","EUR"
"27.07.2024 22:00 - 27.07.2024 23:00","21.63","EUR"
"27.07.2024 23:00 - 28.07.2024 00:00","20.16","EUR"
"28.07.2024 00:00 - 28.07.2024 01:00","21.75","EUR"
"28.07.2024 01:00 - 28.07.2024 02:00","21.32","EUR"
"28.07.2024 02:00 - 28.07.2024 03:00","20.76","EUR"
"28.07.2024 03:00 - 28.07.2024 04:00","19.60","EUR"
"28.07.2024 04:00 - 28.07.2024 05:00","18.98","EUR"
"28.07.2024 05:00 - 28.07.2024 06:00","19.90","EUR"
"28.07.2024 06:00 - 28.07.2024 07:00","20.97","EUR"
"28.07.2024 07:00 - 28.07.2024 08:00","21.68","EUR"
"28.07.2024 08:00 - 28.07.2024 09:00","22.14","EUR"
"28.07.2024 09:00 - 28.07.2024 10:00","4.99","EUR"
"28.07.2024 10:00 - 28.07.2024 11:00","0.00","EUR"
"28.07.2024 11:00 - 28.07.2024 12:00","-2.43","EUR"
"28.07.2024 12:00 - 28.07.2024 13:00","-15.04","EUR"
"28.07.2024 13:00 - 28.07.2024 14:00","-29.80","EUR"
"28.07.2024 14:00 - 28.07.2024 15:00","-48.69","EUR"
"28.07.2024 15:00 - 28.07.2024 16:00","-33.53","EUR"
"28.07.2024 16:00 - 28.07.2024 17:00","-13.28","EUR"
"28.07.2024 17:00 - 28.07.2024 18:00","-0.26","EUR"
"28.07.2024 18:00 - 28.07.2024 19:00","4.97","EUR"
"28.07.2024 19:00 - 28.07.2024 20:00","5.83","EUR"
"28.07.2024 20:00 - 28.07.2024 21:00","4.97","EUR"
"28.07.2024 21:00 - 28.07.2024 22:00","4.91","EUR"
"28.07.2024 22:00 - 28.07.2024 23:00","2.68","EUR"
"28.07.2024 23:00 - 29.07.2024 00:00","-0.10","EUR"
"29.07.2024 00:00 - 29.07.2024 01:00","-0.59","EUR"
"29.07.2024 01:00 - 29.07.2024 02:00","-0.92","EUR"
"29.07.2024 02:00 - 29.07.2024 03:00","-1.27","EUR"
"29.07.2024 03:00 - 29.07.2024 04:00","-1.57","EUR"
"29.07.2024 04:00 - 29.07.2024 05:00","-1.27","EUR"
"29.07.2024 05:00 - 29.07.2024 06:00","-0.81","EUR"
"29.07.2024 06:00 - 29.07.2024 07:00","-0.01","EUR"
"29.07.2024 07:00 - 29.07.2024 08:00","1.28","EUR"
"29.07.2024 08:00 - 29.07.2024 09:00","0.42","EUR"
"29.07.2024 09:00 - 29.07.2024 10:00","0.54","EUR"
"29.07.2024 10:00 - 29.07.2024 11:00","-0.05","EUR"
"29.07.2024 11:00 - 29.07.2024 12:00","-0.16","EUR"
"29.07.2024 12:00 - 29.07.2024 13:00","-0.19","EUR"
"29.07.2024 13:00 - 29.07.2024 14:00","-1.70","EUR"
"29.07.2024 14:00 - 29.07.2024 15:00","-0.98","EUR"
"29.07.2024 15:00 - 29.07.2024 16:00","-0.07","EUR"
"29.07.2024 16:00 - 29.07.2024 17:00","4.96","EUR"
"29.07.2024 17:00 - 29.07.2024 18:00","15.04","EUR"
"29.07.2024 18:00 - 29.07.2024 19:00","16.61","EUR"
"29.07.2024 19:00 - 29.07.2024 20:00","19.06","EUR"
"29.07.2024 20:00 - 29.07.2024 21:00","18.27","EUR"
"29.07.2024 21:00 - 29.07.2024 22:00","14.05","EUR"
"29.07.2024 22:00 - 29.07.2024 23:00","8.54","EUR"
"29.07.2024 23:00 - 30.07.2024 00:00","4.94","EUR"
"30.07.2024 00:00 - 30.07.2024 01:00","4.92","EUR"
"30.07.2024 01:00 - 30.07.2024 02:00","4.92","EUR"
"30.07.2024 02:00 - 30.07.2024 03:00","4.92","EUR"
"30.07.2024 03:00 - 30.07.2024 04:00","4.94","EUR"
"30.07.2024 04:00 - 30.07.2024 05:00","4.98","EUR"
"30.07.2024 05:00 - 30.07.2024 06:00","14.03","EUR"
"30.07.2024 06:00 - 30.07.2024 07:00","15.60","EUR"
"30.07.2024 07:00 - 30.07.2024 08:00","21.96","EUR"
"30.07.2024 08:00 - 30.07.2024 09:00","23.21","EUR"
"30.07.2024 09:00 - 30.07.2024 10:00","23.43","EUR"
"30.07.2024 10:00 - 30.07.2024 11:00","20.00","EUR"
"30.07.2024 11:00 - 30.07.2024 12:00","7.84","EUR"
"30.07.2024 12:00 - 30.07.2024 13:00","1.09","EUR"
"30.07.2024 13:00 - 30.07.2024 14:00","0.01","EUR"
"30.07.2024 14:00 - 30.07.2024 15:00","0.85","EUR"
"30.07.2024 15:00 - 30.07.2024 16:00","12.93","EUR"
"30.07.2024 16:00 - 30.07.2024 17:00","20.08","EUR"
"30.07.2024 17:00 - 30.07.2024 18:00","19.60","EUR"
"30.07.2024 18:00 - 30.07.2024 19:00","21.30","EUR"
"30.07.2024 19:00 - 30.07.2024 20:00","22.19","EUR"
"30.07.2024 20:00 - 30.07.2024 21:00","20.94","EUR"
"30.07.2024 21:00 - 30.07.2024 22:00","18.08","EUR"
"30.07.2024 22:00 - 30.07.2024 23:00","15.18","EUR"
"30.07.2024 23:00 - 31.07.2024 00:00","9.99","EUR"
"31.07.2024 00:00 - 31.07.2024 01:00","12.36","EUR"
"31.07.2024 01:00 - 31.07.2024 02:00","8.00","EUR"
"31.07.2024 02:00 - 31.07.2024 03:00","4.98","EUR"
"31.07.2024 03:00 - 31.07.2024 04:00","4.98","EUR"
"31.07.2024 04:00 - 31.07.2024 05:00","4.94","EUR"
"31.07.2024 05:00 - 31.07.2024 06:00","4.95","EUR"
"31.07.2024 06:00 - 31.07.2024 07:00","11.58","EUR"
"31.07.2024 07:00 - 31.07.2024 08:00","15.49","EUR"
"31.07.2024 08:00 - 31.07.2024 09:00","16.96","EUR"
"31.07.2024 09:00 - 31.07.2024 10:00","13.75","EUR"
"31.07.2024 10:00 - 31.07.2024 11:00","10.15","EUR"
"31.07.2024 11:00 - 31.07.2024 12:00","5.51","EUR"
"31.07.2024 12:00 - 31.07.2024 13:00","13.17","EUR"
"31.07.2024 13:00 - 31.07.2024 14:00","9.65","EUR"
"31.07.2024 14:00 - 31.07.2024 15:00","4.96","EUR"
"31.07.2024 15:00 - 31.07.2024 16:00","4.94","EUR"
"31.07.2024 16:00 - 31.07.2024 17:00","4.91","EUR"
"31.07.2024 17:00 - 31.07.2024 18:00","4.91","EUR"
"31.07.2024 18:00 - 31.07.2024 19:00","4.99","EUR"
"31.07.2024 19:00 - 31.07.2024 20:00","4.97","EUR"
"31.07.2024 20:00 - 31.07.2024 21:00","4.89","EUR"
"31.07.2024 21:00 - 31.07.2024 22:00","3.76","EUR"
"31.07.2024 22:00 - 31.07.2024 23:00","2.05","EUR"
"31.07.2024 23:00 - 01.08.2024 00:00","-0.01","EUR"
"01.08.2024 00:00 - 01.08.2024 01:00","1.09","EUR"
"01.08.2024 01:00 - 01.08.2024 02:00","0.00","EUR"
"01.08.2024 02:00 - 01.08.2024 03:00","-0.01","EUR"
"01.08.2024 03:00 - 01.08.2024 04:00","-0.01","EUR"
"01.08.2024 04:00 - 01.08.2024 05:00","0.00","EUR"
"01.08.2024 05:00 - 01.08.2024 06:00","2.34","EUR"
"01.08.2024 06:00 - 01.08.2024 07:00","4.18","EUR"
"01.08.2024 07:00 - 01.08.2024 08:00","4.99","EUR"
"01.08.2024 08:00 - 01.08.2024 09:00","11.69","EUR"
"01.08.2024 09:00 - 01.08.2024 10:00","12.68","EUR"
"01.08.2024 10:00 - 01.08.2024 11:00","11.85","EUR"
"01.08.2024 11:00 - 01.08.2024 12:00","11.18","EUR"
"01.08.2024 12:00 - 01.08.2024 13:00","5.07","EUR"
"01.08.2024 13:00 - 01.08.2024 14:00","4.99","EUR"
"01.08.2024 14:00 - 01.08.2024 15:00","5.19","EUR"
"01.08.2024 15:00 - 01.08.2024 16:00","8.04","EUR"
"01.08.2024 16:00 - 01.08.2024 17:00","10.72","EUR"
"01.08.2024 17:00 - 01.08.2024 18:00","12.37","EUR"
"01.08.2024 18:00 - 01.08.2024 19:00","12.30","EUR"
"01.08.2024 19:00 - 01.08.2024 20:00","12.22","EUR"
"01.08.2024 20:00 - 01.08.2024 21:00","10.95","EUR"
"01.08.2024 21:00 - 01.08.2024 22:00","6.03","EUR"
"01.08.2024 22:00 - 01.08.2024 23:00","7.07","EUR"
"01.08.2024 23:00 - 02.08.2024 00:00","4.98","EUR"
"02.08.2024 00:00 - 02.08.2024 01:00","4.22","EUR"
"02.08.2024 01:00 - 02.08.2024 02:00","3.36","EUR"
"02.08.2024 02:00 - 02.08.2024 03:00","2.71","EUR"
"02.08.2024 03:00 - 02.08.2024 04:00","2.63","EUR"
"02.08.2024 04:00 - 02.08.2024 05:00","3.54","EUR"
"02.08.2024 05:00 - 02.08.2024 06:00","4.93","EUR"
"02.08.2024 06:00 - 02.08.2024 07:00","7.45","EUR"
"02.08.2024 07:00 - 02.08.2024 08:00","12.57","EUR"
"02.08.2024 08:00 - 02.08.2024 09:00","18.00","EUR"
"02.08.2024 09:00 - 02.08.2024 10:00","19.20","EUR"
"02.08.2024 10:00 - 02.08.2024 11:00","19.19","EUR"
"02.08.2024 11:00 - 02.08.2024 12:00","19.30","EUR"
"02.08.2024 12:00 - 02.08.2024 13:00","14.34","EUR"
"02.08.2024 13:00 - 02.08.2024 14:00","14.94","EUR"
"02.08.2024 14:00 - 02.08.2024 15:00","14.82","EUR"
"02.08.2024 15:00 - 02.08.2024 16:00","17.23","EUR"
"02.08.2024 16:00 - 02.08.2024 17:00","19.70","EUR"
"02.08.2024 17:00 - 02.08.2024 18:00","23.36","EUR"
"02.08.2024 18:00 - 02.08.2024 19:00","23.53","EUR"
"02.08.2024 19:00 - 02.08.2024 20:00","23.64","EUR"
"02.08.2024 20:00 - 02.08.2024 21:00","23.02","EUR"
"02.08.2024 21:00 - 02.08.2024 22:00","22.09","EUR"
"02.08.2024 22:00 - 02.08.2024 23:00","19.96","EUR"
"02.08.2024 23:00 - 03.08.2024 00:00","13.76","EUR"
"03.08.2024 00:00 - 03.08.2024 01:00","14.98","EUR"
"03.08.2024 01:00 - 03.08.2024 02:00","14.24","EUR"
"03.08.2024 02:00 - 03.08.2024 03:00","13.51","EUR"
"03.08.2024 03:00 - 03.08.2024 04:00","13.08","EUR"
"03.08.2024 04:00 - 03.08.2024 05:00","12.46","EUR"
"03.08.2024 05:00 - 03.08.2024 06:00","13.75","EUR"
"03.08.2024 06:00 - 03.08.2024 07:00","15.97","EUR"
"03.08.2024 07:00 - 03.08.2024 08:00","18.65","EUR"
"03.08.2024 08:00 - 03.08.2024 09:00","19.58","EUR"
"03.08.2024 09:00 - 03.08.2024 10:00","20.24","EUR"
"03.08.2024 10:00 - 03.08.2024 11:00","19.98","EUR"
"03.08.2024 11:00 - 03.08.2024 12:00","19.87","EUR"
"03.08.2024 12:00 - 03.08.2024 13:00","14.66","EUR"
"03.08.2024 13:00 - 03.08.2024 14:00","6.41","EUR"
"03.08.2024 14:00 - 03.08.2024 15:00","4.10","EUR"
"03.08.2024 15:00 - 03.08.2024 16:00","13.25","EUR"
"03.08.2024 16:00 - 03.08.2024 17:00","22.23","EUR"
"03.08.2024 17:00 - 03.08.2024 18:00","23.75","EUR"
"03.08.2024 18:00 - 03.08.2024 19:00","23.22","EUR"
"03.08.2024 19:00 - 03.08.2024 20:00","23.03","EUR"
"03.08.2024 20:00 - 03.08.2024 21:00","22.90","EUR"
"03.08.2024 21:00 - 03.08.2024 22:00","22.23","EUR"
"03.08.2024 22:00 - 03.08.2024 23:00","21.01","EUR"
"03.08.2024 23:00 - 04.08.2024 00:00","19.31","EUR"
"04.08.2024 00:00 - 04.08.2024 01:00","19.41","EUR"
"04.08.2024 01:00 - 04.08.2024 02:00","18.65","EUR"
"04.08.2024 02:00 - 04.08.2024 03:00","18.43","EUR"
"04.08.2024 03:00 - 04.08.2024 04:00","18.03","EUR"
"04.08.2024 04:00 - 04.08.2024 05:00","17.29","EUR"
"04.08.2024 05:00 - 04.08.2024 06:00","17.01","EUR"
"04.08.2024 06:00 - 04.08.2024 07:00","19.57","EUR"
"04.08.2024 07:00 - 04.08.2024 08:00","20.78","EUR"
"04.08.2024 08:00 - 04.08.2024 09:00","22.25","EUR"
"04.08.2024 09:00 - 04.08.2024 10:00","20.93","EUR"
"04.08.2024 10:00 - 04.08.2024 11:00","15.23","EUR"
"04.08.2024 11:00 - 04.08.2024 12:00","4.97","EUR"
"04.08.2024 12:00 - 04.08.2024 13:00","4.26","EUR"
"04.08.2024 13:00 - 04.08.2024 14:00","-0.02","EUR"
"04.08.2024 14:00 - 04.08.2024 15:00","1.92","EUR"
"04.08.2024 15:00 - 04.08.2024 16:00","4.98","EUR"
"04.08.2024 16:00 - 04.08.2024 17:00","15.85","EUR"
"04.08.2024 17:00 - 04.08.2024 18:00","21.92","EUR"
"04.08.2024 18:00 - 04.08.2024 19:00","25.88","EUR"
"04.08.2024 19:00 - 04.08.2024 20:00","25.76","EUR"
"04.08.2024 20:00 - 04.08.2024 21:00","25.12","EUR"
"04.08.2024 21:00 - 04.08.2024 22:00","24.91","EUR"
"04.08.2024 22:00 - 04.08.2024 23:00","24.02","EUR"
"04.08.2024 23:00 - 05.08.2024 00:00","22.58","EUR"
"05.08.2024 00:00 - 05.08.2024 01:00","23.19","EUR"
"05.08.2024 01:00 - 05.08.2024 02:00","21.94","EUR"
"05.08.2024 02:00 - 05.08.2024 03:00","20.79","EUR"
"05.08.2024 03:00 - 05.08.2024 04:00","20.97","EUR"
"05.08.2024 04:00 - 05.08.2024 05:00","21.44","EUR"
"05.08.2024 05:00 - 05.08.2024 06:00","23.58","EUR"
"05.08.2024 06:00 - 05.08.2024 07:00","24.08","EUR"
"05.08.2024 07:00 - 05.08.2024 08:00","25.96","EUR"
"05.08.2024 08:00 - 05.08.2024 09:00","27.32","EUR"
"05.08.2024 09:00 - 05.08.2024 10:00","27.62","EUR"
"05.08.2024 10:00 - 05.08.2024 11:00","27.92","EUR"
"05.08.2024 11:00 - 05.08.2024 12:00","27.67","EUR"
"05.08.2024 12:00 - 05.08.2024 13:00","27.60","EUR"
"05.08.2024 13:00 - 05.08.2024 14:00","27.01","EUR"
"05.08.2024 14:00 - 05.08.2024 15:00","26.51","EUR"
"05.08.2024 15:00 - 05.08.2024 16:00","25.88","EUR"
"05.08.2024 16:00 - 05.08.2024 17:00","26.00","EUR"
"05.08.2024 17:00 - 05.08.2024 18:00","26.00","EUR"
"05.08.2024 18:00 - 05.08.2024 19:00","26.65","EUR"
"05.08.2024 19:00 - 05.08.2024 20:00","26.00","EUR"
"05.08.2024 20:00 - 05.08.2024 21:00","25.75","EUR"
"05.08.2024 21:00 - 05.08.2024 22:00","25.20","EUR"
"05.08.2024 22:00 - 05.08.2024 23:00","24.54","EUR"
"05.08.2024 23:00 - 06.08.2024 00:00","21.05","EUR"
"06.08.2024 00:00 - 06.08.2024 01:00","19.25","EUR"
"06.08.2024 01:00 - 06.08.2024 02:00","17.99","EUR"
"06.08.2024 02:00 - 06.08.2024 03:00","17.74","EUR"
"06.08.2024 03:00 - 06.08.2024 04:00","17.59","EUR"
"06.08.2024 04:00 - 06.08.2024 05:00","17.81","EUR"
"06.08.2024 05:00 - 06.08.2024 06:00","19.72","EUR"
"06.08.2024 06:00 - 06.08.2024 07:00","22.87","EUR"
"06.08.2024 07:00 - 06.08.2024 08:00","25.39","EUR"
"06.08.2024 08:00 - 06.08.2024 09:00","26.25","EUR"
"06.08.2024 09:00 - 06.08.2024 10:00","27.53","EUR"
"06.08.2024 10:00 - 06.08.2024 11:00","28.17","EUR"
"06.08.2024 11:00 - 06.08.2024 12:00","22.75","EUR"
"06.08.2024 12:00 - 06.08.2024 13:00","17.47","EUR"
"06.08.2024 13:00 - 06.08.2024 14:00","16.33","EUR"
"06.08.2024 14:00 - 06.08.2024 15:00","16.53","EUR"
"06.08.2024 15:00 - 06.08.2024 16:00","19.92","EUR"
"06.08.2024 16:00 - 06.08.2024 17:00","27.51","EUR"
"06.08.2024 17:00 - 06.08.2024 18:00","28.04","EUR"
"06.08.2024 18:00 - 06.08.2024 19:00","27.67","EUR"
"06.08.2024 19:00 - 06.08.2024 20:00","26.00","EUR"
"06.08.2024 20:00 - 06.08.2024 21:00","25.48","EUR"
"06.08.2024 21:00 - 06.08.2024 22:00","24.65","EUR"
"06.08.2024 22:00 - 06.08.2024 23:00","21.58","EUR"
"06.08.2024 23:00 - 07.08.2024 00:00","17.46","EUR"
"07.08.2024 00:00 - 07.08.2024 01:00","14.04","EUR"
"07.08.2024 01:00 - 07.08.2024 02:00","12.40","EUR"
"07.08.2024 02:00 - 07.08.2024 03:00","11.94","EUR"
"07.08.2024 03:00 - 07.08.2024 04:00","11.88","EUR"
"07.08.2024 04:00 - 07.08.2024 05:00","12.43","EUR"
"07.08.2024 05:00 - 07.08.2024 06:00","14.88","EUR"
"07.08.2024 06:00 - 07.08.2024 07:00","17.03","EUR"
"07.08.2024 07:00 - 07.08.2024 08:00","20.58","EUR"
"07.08.2024 08:00 - 07.08.2024 09:00","22.96","EUR"
"07.08.2024 09:00 - 07.08.2024 10:00","23.20","EUR"
"07.08.2024 10:00 - 07.08.2024 11:00","22.21","EUR"
"07.08.2024 11:00 - 07.08.2024 12:00","22.38","EUR"
"07.08.2024 12:00 - 07.08.2024 13:00","21.57","EUR"
"07.08.2024 13:00 - 07.08.2024 14:00","20.37","EUR"
"07.08.2024 14:00 - 07.08.2024 15:00","19.61","EUR"
"07.08.2024 15:00 - 07.08.2024 16:00","18.10","EUR"
"07.08.2024 16:00 - 07.08.2024 17:00","18.10","EUR"
"07.08.2024 17:00 - 07.08.2024 18:00","17.39","EUR"
"07.08.2024 18:00 - 07.08.2024 19:00","19.90","EUR"
"07.08.2024 19:00 - 07.08.2024 20:00","17.88","EUR"
"07.08.2024 20:00 - 07.08.2024 21:00","14.72","EUR"
"07.08.2024 21:00 - 07.08.2024 22:00","12.14","EUR"
"07.08.2024 22:00 - 07.08.2024 23:00","8.89","EUR"
"07.08.2024 23:00 - 08.08.2024 00:00","4.93","EUR"
"08.08.2024 00:00 - 08.08.2024 01:00","2.90","EUR"
"08.08.2024 01:00 - 08.08.2024 02:00","2.59","EUR"
"08.08.2024 02:00 - 08.08.2024 03:00","2.58","EUR"
"08.08.2024 03:00 - 08.08.2024 04:00","2.61","EUR"
"08.08.2024 04:00 - 08.08.2024 05:00","2.97","EUR"
"08.08.2024 05:00 - 08.08.2024 06:00","4.87","EUR"
"08.08.2024 06:00 - 08.08.2024 07:00","8.60","EUR"
"08.08.2024 07:00 - 08.08.2024 08:00","14.72","EUR"
"08.08.2024 08:00 - 08.08.2024 09:00","16.42","EUR"
"08.08.2024 09:00 - 08.08.2024 10:00","16.24","EUR"
"08.08.2024 10:00 - 08.08.2024 11:00","14.46","EUR"
"08.08.2024 11:00 - 08.08.2024 12:00","11.52","EUR"
"08.08.2024 12:00 - 08.08.2024 13:00","11.15","EUR"
"08.08.2024 13:00 - 08.08.2024 14:00","9.23","EUR"
"08.08.2024 14:00 - 08.08.2024 15:00","7.45","EUR"
"08.08.2024 15:00 - 08.08.2024 16:00","8.00","EUR"
"08.08.2024 16:00 - 08.08.2024 17:00","7.94","EUR"
"08.08.2024 17:00 - 08.08.2024 18:00","9.69","EUR"
"08.08.2024 18:00 - 08.08.2024 19:00","11.37","EUR"
"08.08.2024 19:00 - 08.08.2024 20:00","10.24","EUR"
"08.08.2024 20:00 - 08.08.2024 21:00","6.57","EUR"
"08.08.2024 21:00 - 08.08.2024 22:00","4.69","EUR"
"08.08.2024 22:00 - 08.08.2024 23:00","3.04","EUR"
"08.08.2024 23:00 - 09.08.2024 00:00","0.00","EUR"
"09.08.2024 00:00 - 09.08.2024 01:00","2.82","EUR"
"09.08.2024 01:00 - 09.08.2024 02:00","2.45","EUR"
"09.08.2024 02:00 - 09.08.2024 03:00","2.61","EUR"
"09.08.2024 03:00 - 09.08.2024 04:00","2.67","EUR"
"09.08.2024 04:00 - 09.08.2024 05:00","3.23","EUR"
"09.08.2024 05:00 - 09.08.2024 06:00","4.21","EUR"
"09.08.2024 06:00 - 09.08.2024 07:00","7.54","EUR"
"09.08.2024 07:00 - 09.08.2024 08:00","16.33","EUR"
"09.08.2024 08:00 - 09.08.2024 09:00","17.34","EUR"
"09.08.2024 09:00 - 09.08.2024 10:00","17.26","EUR"
"09.08.2024 10:00 - 09.08.2024 11:00","8.76","EUR"
"09.08.2024 11:00 - 09.08.2024 12:00","2.98","EUR"
"09.08.2024 12:00 - 09.08.2024 13:00","0.05","EUR"
"09.08.2024 13:00 - 09.08.2024 14:00","-0.16","EUR"
"09.08.2024 14:00 - 09.08.2024 15:00","-0.80","EUR"
"09.08.2024 15:00 - 09.08.2024 16:00","-0.11","EUR"
"09.08.2024 16:00 - 09.08.2024 17:00","-0.01","EUR"
"09.08.2024 17:00 - 09.08.2024 18:00","2.62","EUR"
"09.08.2024 18:00 - 09.08.2024 19:00","4.89","EUR"
"09.08.2024 19:00 - 09.08.2024 20:00","4.06","EUR"
"09.08.2024 20:00 - 09.08.2024 21:00","3.35","EUR"
"09.08.2024 21:00 - 09.08.2024 22:00","1.64","EUR"
"09.08.2024 22:00 - 09.08.2024 23:00","-0.06","EUR"
"09.08.2024 23:00 - 10.08.2024 00:00","-1.28","EUR"
"10.08.2024 00:00 - 10.08.2024 01:00","-0.81","EUR"
"10.08.2024 01:00 - 10.08.2024 02:00","-0.89","EUR"
"10.08.2024 02:00 - 10.08.2024 03:00","-0.87","EUR"
"10.08.2024 03:00 - 10.08.2024 04:00","-0.90","EUR"
"10.08.2024 04:00 - 10.08.2024 05:00","-1.00","EUR"
"10.08.2024 05:00 - 10.08.2024 06:00","-1.00","EUR"
"10.08.2024 06:00 - 10.08.2024 07:00","-0.82","EUR"
"10.08.2024 07:00 - 10.08.2024 08:00","-0.51","EUR"
"10.08.2024 08:00 - 10.08.2024 09:00","-0.15","EUR"
"10.08.2024 09:00 - 10.08.2024 10:00","-0.70","EUR"
"10.08.2024 10:00 - 10.08.2024 11:00","-3.00","EUR"
"10.08.2024 11:00 - 10.08.2024 12:00","-12.20","EUR"
"10.08.2024 12:00 - 10.08.2024 13:00","-15.00","EUR"
"10.08.2024 13:00 - 10.08.2024 14:00","-15.00","EUR"
"10.08.2024 14:00 - 10.08.2024 15:00","-10.01","EUR"
"10.08.2024 15:00 - 10.08.2024 16:00","-10.01","EUR"
"10.08.2024 16:00 - 10.08.2024 17:00","-6.09","EUR"
"10.08.2024 17:00 - 10.08.2024 18:00","0.00","EUR"
"10.08.2024 18:00 - 10.08.2024 19:00","2.51","EUR"
"10.08.2024 19:00 - 10.08.2024 20:00","2.90","EUR"
"10.08.2024 20:00 - 10.08.2024 21:00","2.90","EUR"
"10.08.2024 21:00 - 10.08.2024 22:00","2.94","EUR"
"10.08.2024 22:00 - 10.08.2024 23:00","2.19","EUR"
"10.08.2024 23:00 - 11.08.2024 00:00","0.43","EUR"
"11.08.2024 00:00 - 11.08.2024 01:00","0.00","EUR"
"11.08.2024 01:00 - 11.08.2024 02:00","-0.01","EUR"
"11.08.2024 02:00 - 11.08.2024 03:00","-0.01","EUR"
"11.08.2024 03:00 - 11.08.2024 04:00","-0.01","EUR"
"11.08.2024 04:00 - 11.08.2024 05:00","-0.01","EUR"
"11.08.2024 05:00 - 11.08.2024 06:00","-0.01","EUR"
"11.08.2024 06:00 - 11.08.2024 07:00","-0.01","EUR"
"11.08.2024 07:00 - 11.08.2024 08:00","0.47","EUR"
"11.08.2024 08:00 - 11.08.2024 09:00","0.89","EUR"
"11.08.2024 09:00 - 11.08.2024 10:00","0.00","EUR"
"11.08.2024 10:00 - 11.08.2024 11:00","-5.00","EUR"
"11.08.2024 11:00 - 11.08.2024 12:00","-6.09","EUR"
"11.08.2024 12:00 - 11.08.2024 13:00","-6.09","EUR"
"11.08.2024 13:00 - 11.08.2024 14:00","-7.01","EUR"
"11.08.2024 14:00 - 11.08.2024 15:00","-5.51","EUR"
"11.08.2024 15:00 - 11.08.2024 16:00","-7.01","EUR"
"11.08.2024 16:00 - 11.08.2024 17:00","-4.31","EUR"
"11.08.2024 17:00 - 11.08.2024 18:00","0.01","EUR"
"11.08.2024 18:00 - 11.08.2024 19:00","2.76","EUR"
"11.08.2024 19:00 - 11.08.2024 20:00","3.00","EUR"
"11.08.2024 20:00 - 11.08.2024 21:00","2.90","EUR"
"11.08.2024 21:00 - 11.08.2024 22:00","2.91","EUR"
"11.08.2024 22:00 - 11.08.2024 23:00","2.42","EUR"
"11.08.2024 23:00 - 12.08.2024 00:00","0.69","EUR"
"12.08.2024 00:00 - 12.08.2024 01:00","0.49","EUR"
"12.08.2024 01:00 - 12.08.2024 02:00","0.41","EUR"
"12.08.2024 02:00 - 12.08.2024 03:00","0.36","EUR"
"12.08.2024 03:00 - 12.08.2024 04:00","0.64","EUR"
"12.08.2024 04:00 - 12.08.2024 05:00","2.06","EUR"
"12.08.2024 05:00 - 12.08.2024 06:00","3.04","EUR"
"12.08.2024 06:00 - 12.08.2024 07:00","6.78","EUR"
"12.08.2024 07:00 - 12.08.2024 08:00","9.45","EUR"
"12.08.2024 08:00 - 12.08.2024 09:00","10.65","EUR"
"12.08.2024 09:00 - 12.08.2024 10:00","11.67","EUR"
"12.08.2024 10:00 - 12.08.2024 11:00","12.96","EUR"
"12.08.2024 11:00 - 12.08.2024 12:00","14.49","EUR"
"12.08.2024 12:00 - 12.08.2024 13:00","10.06","EUR"
"12.08.2024 13:00 - 12.08.2024 14:00","6.98","EUR"
"12.08.2024 14:00 - 12.08.2024 15:00","13.47","EUR"
"12.08.2024 15:00 - 12.08.2024 16:00","14.76","EUR"
"12.08.2024 16:00 - 12.08.2024 17:00","17.93","EUR"
"12.08.2024 17:00 - 12.08.2024 18:00","20.07","EUR"
"12.08.2024 18:00 - 12.08.2024 19:00","22.22","EUR"
"12.08.2024 19:00 - 12.08.2024 20:00","22.94","EUR"
"12.08.2024 20:00 - 12.08.2024 21:00","20.46","EUR"
"12.08.2024 21:00 - 12.08.2024 22:00","18.00","EUR"
"12.08.2024 22:00 - 12.08.2024 23:00","16.43","EUR"
"12.08.2024 23:00 - 13.08.2024 00:00","13.96","EUR"
"13.08.2024 00:00 - 13.08.2024 01:00","15.68","EUR"
"13.08.2024 01:00 - 13.08.2024 02:00","15.78","EUR"
"13.08.2024 02:00 - 13.08.2024 03:00","15.98","EUR"
"13.08.2024 03:00 - 13.08.2024 04:00","16.59","EUR"
"13.08.2024 04:00 - 13.08.2024 05:00","17.45","EUR"
"13.08.2024 05:00 - 13.08.2024 06:00","18.98","EUR"
"13.08.2024 06:00 - 13.08.2024 07:00","20.71","EUR"
"13.08.2024 07:00 - 13.08.2024 08:00","25.69","EUR"
"13.08.2024 08:00 - 13.08.2024 09:00","25.98","EUR"
"13.08.2024 09:00 - 13.08.2024 10:00","25.91","EUR"
"13.08.2024 10:00 - 13.08.2024 11:00","23.09","EUR"
"13.08.2024 11:00 - 13.08.2024 12:00","20.47","EUR"
"13.08.2024 12:00 - 13.08.2024 13:00","18.40","EUR"
"13.08.2024 13:00 - 13.08.2024 14:00","17.93","EUR"
"13.08.2024 14:00 - 13.08.2024 15:00","18.72","EUR"
"13.08.2024 15:00 - 13.08.2024 16:00","21.19","EUR"
"13.08.2024 16:00 - 13.08.2024 17:00","23.31","EUR"
"13.08.2024 17:00 - 13.08.2024 18:00","23.34","EUR"
"13.08.2024 18:00 - 13.08.2024 19:00","23.83","EUR"
"13.08.2024 19:00 - 13.08.2024 20:00","21.99","EUR"
"13.08.2024 20:00 - 13.08.2024 21:00","20.80","EUR"
"13.08.2024 21:00 - 13.08.2024 22:00","18.08","EUR"
"13.08.2024 22:00 - 13.08.2024 23:00","18.40","EUR"
"13.08.2024 23:00 - 14.08.2024 00:00","14.96","EUR"
"14.08.2024 00:00 - 14.08.2024 01:00","17.30","EUR"
"14.08.2024 01:00 - 14.08.2024 02:00","16.60","EUR"
"14.08.2024 02:00 - 14.08.2024 03:00","15.33","EUR"
"14.08.2024 03:00 - 14.08.2024 04:00","15.01","EUR"
"14.08.2024 04:00 - 14.08.2024 05:00","15.46","EUR"
"14.08.2024 05:00 - 14.08.2024 06:00","16.22","EUR"
"14.08.2024 06:00 - 14.08.2024 07:00","16.37","EUR"
"14.08.2024 07:00 - 14.08.2024 08:00","17.30","EUR"
"14.08.2024 08:00 - 14.08.2024 09:00","19.69","EUR"
"14.08.2024 09:00 - 14.08.2024 10:00","20.86","EUR"
"14.08.2024 10:00 - 14.08.2024 11:00","20.31","EUR"
"14.08.2024 11:00 - 14.08.2024 12:00","17.97","EUR"
"14.08.2024 12:00 - 14.08.2024 13:00","17.46","EUR"
"14.08.2024 13:00 - 14.08.2024 14:00","16.96","EUR"
"14.08.2024 14:00 - 14.08.2024 15:00","16.77","EUR"
"14.08.2024 15:00 - 14.08.2024 16:00","16.83","EUR"
"14.08.2024 16:00 - 14.08.2024 17:00","17.00","EUR"
"14.08.2024 17:00 - 14.08.2024 18:00","18.96","EUR"
"14.08.2024 18:00 - 14.08.2024 19:00","20.94","EUR"
"14.08.2024 19:00 - 14.08.2024 20:00","19.88","EUR"
"14.08.2024 20:00 - 14.08.2024 21:00","17.97","EUR"
"14.08.2024 21:00 - 14.08.2024 22:00","16.98","EUR"
"14.08.2024 22:00 - 14.08.2024 23:00","18.70","EUR"
"14.08.2024 23:00 - 15.08.2024 00:00","15.15","EUR"
"15.08.2024 00:00 - 15.08.2024 01:00","7.80","EUR"
"15.08.2024 01:00 - 15.08.2024 02:00","5.86","EUR"
"15.08.2024 02:00 - 15.08.2024 03:00","4.20","EUR"
"15.08.2024 03:00 - 15.08.2024 04:00","3.90","EUR"
"15.08.2024 04:00 - 15.08.2024 05:00","4.12","EUR"
"15.08.2024 05:00 - 15.08.2024 06:00","7.00","EUR"
"15.08.2024 06:00 - 15.08.2024 07:00","9.19","EUR"
"15.08.2024 07:00 - 15.08.2024 08:00","15.27","EUR"
"15.08.2024 08:00 - 15.08.2024 09:00","19.96","EUR"
"15.08.2024 09:00 - 15.08.2024 10:00","19.94","EUR"
"15.08.2024 10:00 - 15.08.2024 11:00","19.03","EUR"
"15.08.2024 11:00 - 15.08.2024 12:00","15.18","EUR"
"15.08.2024 12:00 - 15.08.2024 13:00","9.86","EUR"
"15.08.2024 13:00 - 15.08.2024 14:00","4.19","EUR"
"15.08.2024 14:00 - 15.08.2024 15:00","3.18","EUR"
"15.08.2024 15:00 - 15.08.2024 16:00","4.36","EUR"
"15.08.2024 16:00 - 15.08.2024 17:00","12.27","EUR"
"15.08.2024 17:00 - 15.08.2024 18:00","12.14","EUR"
"15.08.2024 18:00 - 15.08.2024 19:00","11.76","EUR"
"15.08.2024 19:00 - 15.08.2024 20:00","8.95","EUR"
"15.08.2024 20:00 - 15.08.2024 21:00","5.04","EUR"
"15.08.2024 21:00 - 15.08.2024 22:00","4.18","EUR"
"15.08.2024 22:00 - 15.08.2024 23:00","1.82","EUR"
"15.08.2024 23:00 - 16.08.2024 00:00","-0.07","EUR"
"16.08.2024 00:00 - 16.08.2024 01:00","-0.01","EUR"
"16.08.2024 01:00 - 16.08.2024 02:00","-0.11","EUR"
"16.08.2024 02:00 - 16.08.2024 03:00","-0.58","EUR"
"16.08.2024 03:00 - 16.08.2024 04:00","-0.80","EUR"
"16.08.2024 04:00 - 16.08.2024 05:00","-0.15","EUR"
"16.08.2024 05:00 - 16.08.2024 06:00","-0.01","EUR"
"16.08.2024 06:00 - 16.08.2024 07:00","0.01","EUR"
"16.08.2024 07:00 - 16.08.2024 08:00","3.08","EUR"
"16.08.2024 08:00 - 16.08.2024 09:00","6.15","EUR"
"16.08.2024 09:00 - 16.08.2024 10:00","7.89","EUR"
"16.08.2024 10:00 - 16.08.2024 11:00","9.78","EUR"
"16.08.2024 11:00 - 16.08.2024 12:00","10.81","EUR"
"16.08.2024 12:00 - 16.08.2024 13:00","11.81","EUR"
"16.08.2024 13:00 - 16.08.2024 14:00","11.84","EUR"
"16.08.2024 14:00 - 16.08.2024 15:00","10.88","EUR"
"16.08.2024 15:00 - 16.08.2024 16:00","11.87","EUR"
"16.08.2024 16:00 - 16.08.2024 17:00","11.07","EUR"
"16.08.2024 17:00 - 16.08.2024 18:00","13.33","EUR"
"16.08.2024 18:00 - 16.08.2024 19:00","14.35","EUR"
"16.08.2024 19:00 - 16.08.2024 20:00","14.85","EUR"
"16.08.2024 20:00 - 16.08.2024 21:00","14.88","EUR"
"16.08.2024 21:00 - 16.08.2024 22:00","14.39","EUR"
"16.08.2024 22:00 - 16.08.2024 23:00","13.66","EUR"
"16.08.2024 23:00 - 17.08.2024 00:00","11.32","EUR"
"17.08.2024 00:00 - 17.08.2024 01:00","11.77","EUR"
"17.08.2024 01:00 - 17.08.2024 02:00","9.60","EUR"
"17.08.2024 02:00 - 17.08.2024 03:00","8.06","EUR"
"17.08.2024 03:00 - 17.08.2024 04:00","7.93","EUR"
"17.08.2024 04:00 - 17.08.2024 05:00","7.71","EUR"
"17.08.2024 05:00 - 17.08.2024 06:00","7.98","EUR"
"17.08.2024 06:00 - 17.08.2024 07:00","8.38","EUR"
"17.08.2024 07:00 - 17.08.2024 08:00","10.11","EUR"
"17.08.2024 08:00 - 17.08.2024 09:00","11.89","EUR"
"17.08.2024 09:00 - 17.08.2024 10:00","12.41","EUR"
"17.08.2024 10:00 - 17.08.2024 11:00","11.96","EUR"
"17.08.2024 11:00 - 17.08.2024 12:00","11.08","EUR"
"17.08.2024 12:00 - 17.08.2024 13:00","10.13","EUR"
"17.08.2024 13:00 - 17.08.2024 14:00","9.57","EUR"
"17.08.2024 14:00 - 17.08.2024 15:00","9.49","EUR"
"17.08.2024 15:00 - 17.08.2024 16:00","10.45","EUR"
"17.08.2024 16:00 - 17.08.2024 17:00","12.37","EUR"
"17.08.2024 17:00 - 17.08.2024 18:00","14.21","EUR"
"17.08.2024 18:00 - 17.08.2024 19:00","14.06","EUR"
"17.08.2024 19:00 - 17.08.2024 20:00","14.35","EUR"
"17.08.2024 20:00 - 17.08.2024 21:00","14.37","EUR"
"17.08.2024 21:00 - 17.08.2024 22:00","14.18","EUR"
"17.08.2024 22:00 - 17.08.2024 23:00","13.77","EUR"
"17.08.2024 23:00 - 18.08.2024 00:00","11.92","EUR"
"18.08.2024 00:00 - 18.08.2024 01:00","8.98","EUR"
"18.08.2024 01:00 - 18.08.2024 02:00","8.23","EUR"
"18.08.2024 02:00 - 18.08.2024 03:00","9.20","EUR"
"18.08.2024 03:00 - 18.08.2024 04:00","9.99","EUR"
"18.08.2024 04:00 - 18.08.2024 05:00","10.15","EUR"
"18.08.2024 05:00 - 18.08.2024 06:00","10.27","EUR"
"18.08.2024 06:00 - 18.08.2024 07:00","10.00","EUR"
"18.08.2024 07:00 - 18.08.2024 08:00","10.29","EUR"
"18.08.2024 08:00 - 18.08.2024 09:00","10.87","EUR"
"18.08.2024 09:00 - 18.08.2024 10:00","10.88","EUR"
"18.08.2024 10:00 - 18.08.2024 11:00","10.63","EUR"
"18.08.2024 11:00 - 18.08.2024 12:00","10.00","EUR"
"18.08.2024 12:00 - 18.08.2024 13:00","10.00","EUR"
"18.08.2024 13:00 - 18.08.2024 14:00","10.07","EUR"
"18.08.2024 14:00 - 18.08.2024 15:00","9.53","EUR"
"18.08.2024 15:00 - 18.08.2024 16:00","9.72","EUR"
"18.08.2024 16:00 - 18.08.2024 17:00","10.19","EUR"
"18.08.2024 17:00 - 18.08.2024 18:00","10.46","EUR"
"18.08.2024 18:00 - 18.08.2024 19:00","10.67","EUR"
"18.08.2024 19:00 - 18.08.2024 20:00","10.69","EUR"
"18.08.2024 20:00 - 18.08.2024 21:00","9.02","EUR"
"18.08.2024 21:00 - 18.08.2024 22:00","6.76","EUR"
"18.08.2024 22:00 - 18.08.2024 23:00","4.90","EUR"
"18.08.2024 23:00 - 19.08.2024 00:00","3.08","EUR"
"19.08.2024 00:00 - 19.08.2024 01:00","3.23","EUR"
"19.08.2024 01:00 - 19.08.2024 02:00","3.69","EUR"
"19.08.2024 02:00 - 19.08.2024 03:00","3.52","EUR"
"19.08.2024 03:00 - 19.08.2024 04:00","3.49","EUR"
"19.08.2024 04:00 - 19.08.2024 05:00","3.49","EUR"
"19.08.2024 05:00 - 19.08.2024 06:00","5.00","EUR"
"19.08.2024 06:00 - 19.08.2024 07:00","5.34","EUR"
"19.08.2024 07:00 - 19.08.2024 08:00","10.31","EUR"
"19.08.2024 08:00 - 19.08.2024 09:00","11.98","EUR"
"19.08.2024 09:00 - 19.08.2024 10:00","9.47","EUR"
"19.08.2024 10:00 - 19.08.2024 11:00","7.22","EUR"
"19.08.2024 11:00 - 19.08.2024 12:00","5.91","EUR"
"19.08.2024 12:00 - 19.08.2024 13:00","6.90","EUR"
"19.08.2024 13:00 - 19.08.2024 14:00","6.21","EUR"
"19.08.2024 14:00 - 19.08.2024 15:00","6.46","EUR"
"19.08.2024 15:00 - 19.08.2024 16:00","7.63","EUR"
"19.08.2024 16:00 - 19.08.2024 17:00","9.97","EUR"
"19.08.2024 17:00 - 19.08.2024 18:00","12.06","EUR"
"19.08.2024 18:00 - 19.08.2024 19:00","13.36","EUR"
"19.08.2024 19:00 - 19.08.2024 20:00","13.97","EUR"
"19.08.2024 20:00 - 19.08.2024 21:00","12.67","EUR"
"19.08.2024 21:00 - 19.08.2024 22:00","11.90","EUR"
"19.08.2024 22:00 - 19.08.2024 23:00","9.91","EUR"
"19.08.2024 23:00 - 20.08.2024 00:00","7.28","EUR"
"20.08.2024 00:00 - 20.08.2024 01:00","4.22","EUR"
"20.08.2024 01:00 - 20.08.2024 02:00","3.89","EUR"
"20.08.2024 02:00 - 20.08.2024 03:00","3.80","EUR"
"20.08.2024 03:00 - 20.08.2024 04:00","3.79","EUR"
"20.08.2024 04:00 - 20.08.2024 05:00","3.99","EUR"
"20.08.2024 05:00 - 20.08.2024 06:00","4.14","EUR"
"20.08.2024 06:00 - 20.08.2024 07:00","5.18","EUR"
"20.08.2024 07:00 - 20.08.2024 08:00","7.48","EUR"
"20.08.2024 08:00 - 20.08.2024 09:00","8.91","EUR"
"20.08.2024 09:00 - 20.08.2024 10:00","8.97","EUR"
"20.08.2024 10:00 - 20.08.2024 11:00","7.71","EUR"
"20.08.2024 11:00 - 20.08.2024 12:00","6.97","EUR"
"20.08.2024 12:00 - 20.08.2024 13:00","7.39","EUR"
"20.08.2024 13:00 - 20.08.2024 14:00","5.78","EUR"
"20.08.2024 14:00 - 20.08.2024 15:00","5.33","EUR"
"20.08.2024 15:00 - 20.08.2024 16:00","4.96","EUR"
"20.08.2024 16:00 - 20.08.2024 17:00","5.24","EUR"
"20.08.2024 17:00 - 20.08.2024 18:00","6.57","EUR"
"20.08.2024 18:00 - 20.08.2024 19:00","7.00","EUR"
"20.08.2024 19:00 - 20.08.2024 20:00","6.54","EUR"
"20.08.2024 20:00 - 20.08.2024 21:00","5.06","EUR"
"20.08.2024 21:00 - 20.08.2024 22:00","3.56","EUR"
"20.08.2024 22:00 - 20.08.2024 23:00","2.68","EUR"
"20.08.2024 23:00 - 21.08.2024 00:00","0.01","EUR"
"21.08.2024 00:00 - 21.08.2024 01:00","-0.11","EUR"
"21.08.2024 01:00 - 21.08.2024 02:00","-0.57","EUR"
"21.08.2024 02:00 - 21.08.2024 03:00","-0.80","EUR"
"21.08.2024 03:00 - 21.08.2024 04:00","-0.81","EUR"
"21.08.2024 04:00 - 21.08.2024 05:00","-0.59","EUR"
"21.08.2024 05:00 - 21.08.2024 06:00","0.00","EUR"
"21.08.2024 06:00 - 21.08.2024 07:00","2.23","EUR"
"21.08.2024 07:00 - 21.08.2024 08:00","5.00","EUR"
"21.08.2024 08:00 - 21.08.2024 09:00","8.35","EUR"
"21.08.2024 09:00 - 21.08.2024 10:00","8.36","EUR"
"21.08.2024 10:00 - 21.08.2024 11:00","2.95","EUR"
"21.08.2024 11:00 - 21.08.2024 12:00","1.86","EUR"
"21.08.2024 12:00 - 21.08.2024 13:00","0.43","EUR"
"21.08.2024 13:00 - 21.08.2024 14:00","0.00","EUR"
"21.08.2024 14:00 - 21.08.2024 15:00","-0.07","EUR"
"21.08.2024 15:00 - 21.08.2024 16:00","-0.01","EUR"
"21.08.2024 16:00 - 21.08.2024 17:00","1.40","EUR"
"21.08.2024 17:00 - 21.08.2024 18:00","3.96","EUR"
"21.08.2024 18:00 - 21.08.2024 19:00","8.58","EUR"
"21.08.2024 19:00 - 21.08.2024 20:00","7.40","EUR"
"21.08.2024 20:00 - 21.08.2024 21:00","5.31","EUR"
"21.08.2024 21:00 - 21.08.2024 22:00","4.42","EUR"
"21.08.2024 22:00 - 21.08.2024 23:00","3.94","EUR"
"21.08.2024 23:00 - 22.08.2024 00:00","3.32","EUR"
"22.08.2024 00:00 - 22.08.2024 01:00","2.44","EUR"
"22.08.2024 01:00 - 22.08.2024 02:00","2.34","EUR"
"22.08.2024 02:00 - 22.08.2024 03:00","2.11","EUR"
"22.08.2024 03:00 - 22.08.2024 04:00","2.20","EUR"
"22.08.2024 04:00 - 22.08.2024 05:00","2.69","EUR"
"22.08.2024 05:00 - 22.08.2024 06:00","3.07","EUR"
"22.08.2024 06:00 - 22.08.2024 07:00","4.92","EUR"
"22.08.2024 07:00 - 22.08.2024 08:00","11.07","EUR"
"22.08.2024 08:00 - 22.08.2024 09:00","15.37","EUR"
"22.08.2024 09:00 - 22.08.2024 10:00","13.94","EUR"
"22.08.2024 10:00 - 22.08.2024 11:00","7.84","EUR"
"22.08.2024 11:00 - 22.08.2024 12:00","3.79","EUR"
"22.08.2024 12:00 - 22.08.2024 13:00","2.80","EUR"
"22.08.2024 13:00 - 22.08.2024 14:00","2.48","EUR"
"22.08.2024 14:00 - 22.08.2024 15:00","1.59","EUR"
"22.08.2024 15:00 - 22.08.2024 16:00","1.15","EUR"
"22.08.2024 16:00 - 22.08.2024 17:00","3.73","EUR"
"22.08.2024 17:00 - 22.08.2024 18:00","8.35","EUR"
"22.08.2024 18:00 - 22.08.2024 19:00","7.56","EUR"
"22.08.2024 19:00 - 22.08.2024 20:00","5.55","EUR"
"22.08.2024 20:00 - 22.08.2024 21:00","4.84","EUR"
"22.08.2024 21:00 - 22.08.2024 22:00","3.57","EUR"
"22.08.2024 22:00 - 22.08.2024 23:00","2.35","EUR"
"22.08.2024 23:00 - 23.08.2024 00:00","0.00","EUR"
"23.08.2024 00:00 - 23.08.2024 01:00","-1.07","EUR"
"23.08.2024 01:00 - 23.08.2024 02:00","-1.09","EUR"
"23.08.2024 02:00 - 23.08.2024 03:00","-1.00","EUR"
"23.08.2024 03:00 - 23.08.2024 04:00","-0.81","EUR"
"23.08.2024 04:00 - 23.08.2024 05:00","-0.16","EUR"
"23.08.2024 05:00 - 23.08.2024 06:00","0.00","EUR"
"23.08.2024 06:00 - 23.08.2024 07:00","2.18","EUR"
"23.08.2024 07:00 - 23.08.2024 08:00","3.97","EUR"
"23.08.2024 08:00 - 23.08.2024 09:00","4.72","EUR"
"23.08.2024 09:00 - 23.08.2024 10:00","3.71","EUR"
"23.08.2024 10:00 - 23.08.2024 11:00","1.22","EUR"
"23.08.2024 11:00 - 23.08.2024 12:00","0.01","EUR"
"23.08.2024 12:00 - 23.08.2024 13:00","-0.07","EUR"
"23.08.2024 13:00 - 23.08.2024 14:00","-0.80","EUR"
"23.08.2024 14:00 - 23.08.2024 15:00","-1.76","EUR"
"23.08.2024 15:00 - 23.08.2024 16:00","-0.81","EUR"
"23.08.2024 16:00 - 23.08.2024 17:00","0.32","EUR"
"23.08.2024 17:00 - 23.08.2024 18:00","2.64","EUR"
"23.08.2024 18:00 - 23.08.2024 19:00","3.56","EUR"
"23.08.2024 19:00 - 23.08.2024 20:00","2.65","EUR"
"23.08.2024 20:00 - 23.08.2024 21:00","0.62","EUR"
"23.08.2024 21:00 - 23.08.2024 22:00","-0.05","EUR"
"23.08.2024 22:00 - 23.08.2024 23:00","-1.36","EUR"
"23.08.2024 23:00 - 24.08.2024 00:00","-3.01","EUR"
"24.08.2024 00:00 - 24.08.2024 01:00","-7.60","EUR"
"24.08.2024 01:00 - 24.08.2024 02:00","-9.99","EUR"
"24.08.2024 02:00 - 24.08.2024 03:00","-9.99","EUR"
"24.08.2024 03:00 - 24.08.2024 04:00","-9.99","EUR"
"24.08.2024 04:00 - 24.08.2024 05:00","-9.37","EUR"
"24.08.2024 05:00 - 24.08.2024 06:00","-7.60","EUR"
"24.08.2024 06:00 - 24.08.2024 07:00","-6.01","EUR"
"24.08.2024 07:00 - 24.08.2024 08:00","-3.59","EUR"
"24.08.2024 08:00 - 24.08.2024 09:00","-3.00","EUR"
"24.08.2024 09:00 - 24.08.2024 10:00","-2.41","EUR"
"24.08.2024 10:00 - 24.08.2024 11:00","-2.04","EUR"
"24.08.2024 11:00 - 24.08.2024 12:00","-6.04","EUR"
"24.08.2024 12:00 - 24.08.2024 13:00","-11.75","EUR"
"24.08.2024 13:00 - 24.08.2024 14:00","-9.99","EUR"
"24.08.2024 14:00 - 24.08.2024 15:00","-8.16","EUR"
"24.08.2024 15:00 - 24.08.2024 16:00","-9.37","EUR"
"24.08.2024 16:00 - 24.08.2024 17:00","-4.45","EUR"
"24.08.2024 17:00 - 24.08.2024 18:00","-0.97","EUR"
"24.08.2024 18:00 - 24.08.2024 19:00","0.00","EUR"
"24.08.2024 19:00 - 24.08.2024 20:00","0.00","EUR"
"24.08.2024 20:00 - 24.08.2024 21:00","-0.01","EUR"
"24.08.2024 21:00 - 24.08.2024 22:00","-0.16","EUR"
"24.08.2024 22:00 - 24.08.2024 23:00","-1.19","EUR"
"24.08.2024 23:00 - 25.08.2024 00:00","-2.01","EUR"
"25.08.2024 00:00 - 25.08.2024 01:00","-1.55","EUR"
"25.08.2024 01:00 - 25.08.2024 02:00","-1.99","EUR"
"25.08.2024 02:00 - 25.08.2024 03:00","-2.02","EUR"
"25.08.2024 03:00 - 25.08.2024 04:00","-1.75","EUR"
"25.08.2024 04:00 - 25.08.2024 05:00","-1.75","EUR"
"25.08.2024 05:00 - 25.08.2024 06:00","-1.75","EUR"
"25.08.2024 06:00 - 25.08.2024 07:00","-1.29","EUR"
"25.08.2024 07:00 - 25.08.2024 08:00","-0.90","EUR"
"25.08.2024 08:00 - 25.08.2024 09:00","-0.90","EUR"
"25.08.2024 09:00 - 25.08.2024 10:00","-1.54","EUR"
"25.08.2024 10:00 - 25.08.2024 11:00","-6.07","EUR"
"25.08.2024 11:00 - 25.08.2024 12:00","-10.10","EUR"
"25.08.2024 12:00 - 25.08.2024 13:00","-15.50","EUR"
"25.08.2024 13:00 - 25.08.2024 14:00","-20.01","EUR"
"25.08.2024 14:00 - 25.08.2024 15:00","-19.83","EUR"
"25.08.2024 15:00 - 25.08.2024 16:00","-10.15","EUR"
"25.08.2024 16:00 - 25.08.2024 17:00","-5.01","EUR"
"25.08.2024 17:00 - 25.08.2024 18:00","-2.45","EUR"
"25.08.2024 18:00 - 25.08.2024 19:00","-1.10","EUR"
"25.08.2024 19:00 - 25.08.2024 20:00","-0.82","EUR"
"25.08.2024 20:00 - 25.08.2024 21:00","-0.56","EUR"
"25.08.2024 21:00 - 25.08.2024 22:00","-0.51","EUR"
"25.08.2024 22:00 - 25.08.2024 23:00","-0.92","EUR"
"25.08.2024 23:00 - 26.08.2024 00:00","-1.62","EUR"
"26.08.2024 00:00 - 26.08.2024 01:00","-1.99","EUR"
"26.08.2024 01:00 - 26.08.2024 02:00","-1.99","EUR"
"26.08.2024 02:00 - 26.08.2024 03:00","-1.75","EUR"
"26.08.2024 03:00 - 26.08.2024 04:00","-1.54","EUR"
"26.08.2024 04:00 - 26.08.2024 05:00","-1.01","EUR"
"26.08.2024 05:00 - 26.08.2024 06:00","-0.58","EUR"
"26.08.2024 06:00 - 26.08.2024 07:00","0.00","EUR"
"26.08.2024 07:00 - 26.08.2024 08:00","1.30","EUR"
"26.08.2024 08:00 - 26.08.2024 09:00","1.97","EUR"
"26.08.2024 09:00 - 26.08.2024 10:00","0.44","EUR"
"26.08.2024 10:00 - 26.08.2024 11:00","-0.01","EUR"
"26.08.2024 11:00 - 26.08.2024 12:00","-0.59","EUR"
"26.08.2024 12:00 - 26.08.2024 13:00","-0.81","EUR"
"26.08.2024 13:00 - 26.08.2024 14:00","-0.92","EUR"
"26.08.2024 14:00 - 26.08.2024 15:00","-1.01","EUR"
"26.08.2024 15:00 - 26.08.2024 16:00","-1.00","EUR"
"26.08.2024 16:00 - 26.08.2024 17:00","-0.81","EUR"
"26.08.2024 17:00 - 26.08.2024 18:00","-0.10","EUR"
"26.08.2024 18:00 - 26.08.2024 19:00","-0.01","EUR"
"26.08.2024 19:00 - 26.08.2024 20:00","0.00","EUR"
"26.08.2024 20:00 - 26.08.2024 21:00","0.00","EUR"
"26.08.2024 21:00 - 26.08.2024 22:00","0.00","EUR"
"26.08.2024 22:00 - 26.08.2024 23:00","-0.10","EUR"
"26.08.2024 23:00 - 27.08.2024 00:00","-0.90","EUR"
"27.08.2024 00:00 - 27.08.2024 01:00","-1.22","EUR"
"27.08.2024 01:00 - 27.08.2024 02:00","-1.34","EUR"
"27.08.2024 02:00 - 27.08.2024 03:00","-1.02","EUR"
"27.08.2024 03:00 - 27.08.2024 04:00","-0.80","EUR"
"27.08.2024 04:00 - 27.08.2024 05:00","-0.05","EUR"
"27.08.2024 05:00 - 27.08.2024 06:00","0.09","EUR"
"27.08.2024 06:00 - 27.08.2024 07:00","1.95","EUR"
"27.08.2024 07:00 - 27.08.2024 08:00","3.68","EUR"
"27.08.2024 08:00 - 27.08.2024 09:00","4.33","EUR"
"27.08.2024 09:00 - 27.08.2024 10:00","4.58","EUR"
"27.08.2024 10:00 - 27.08.2024 11:00","4.41","EUR"
"27.08.2024 11:00 - 27.08.2024 12:00","4.10","EUR"
"27.08.2024 12:00 - 27.08.2024 13:00","3.90","EUR"
"27.08.2024 13:00 - 27.08.2024 14:00","1.18","EUR"
"27.08.2024 14:00 - 27.08.2024 15:00","2.28","EUR"
"27.08.2024 15:00 - 27.08.2024 16:00","3.08","EUR"
"27.08.2024 16:00 - 27.08.2024 17:00","3.60","EUR"
"27.08.2024 17:00 - 27.08.2024 18:00","4.18","EUR"
"27.08.2024 18:00 - 27.08.2024 19:00","4.58","EUR"
"27.08.2024 19:00 - 27.08.2024 20:00","4.21","EUR"
"27.08.2024 20:00 - 27.08.2024 21:00","3.31","EUR"
"27.08.2024 21:00 - 27.08.2024 22:00","2.52","EUR"
"27.08.2024 22:00 - 27.08.2024 23:00","1.11","EUR"
"27.08.2024 23:00 - 28.08.2024 00:00","0.00","EUR"
"28.08.2024 00:00 - 28.08.2024 01:00","-0.11","EUR"
"28.08.2024 01:00 - 28.08.2024 02:00","-0.56","EUR"
"28.08.2024 02:00 - 28.08.2024 03:00","-0.80","EUR"
"28.08.2024 03:00 - 28.08.2024 04:00","-0.59","EUR"
"28.08.2024 04:00 - 28.08.2024 05:00","-0.10","EUR"
"28.08.2024 05:00 - 28.08.2024 06:00","0.00","EUR"
"28.08.2024 06:00 - 28.08.2024 07:00","1.63","EUR"
"28.08.2024 07:00 - 28.08.2024 08:00","3.79","EUR"
"28.08.2024 08:00 - 28.08.2024 09:00","4.43","EUR"
"28.08.2024 09:00 - 28.08.2024 10:00","4.55","EUR"
"28.08.2024 10:00 - 28.08.2024 11:00","4.33","EUR"
"28.08.2024 11:00 - 28.08.2024 12:00","4.19","EUR"
"28.08.2024 12:00 - 28.08.2024 13:00","3.94","EUR"
"28.08.2024 13:00 - 28.08.2024 14:00","4.10","EUR"
"28.08.2024 14:00 - 28.08.2024 15:00","4.02","EUR"
"28.08.2024 15:00 - 28.08.2024 16:00","4.00","EUR"
"28.08.2024 16:00 - 28.08.2024 17:00","4.97","EUR"
"28.08.2024 17:00 - 28.08.2024 18:00","7.59","EUR"
"28.08.2024 18:00 - 28.08.2024 19:00","8.09","EUR"
"28.08.2024 19:00 - 28.08.2024 20:00","7.67","EUR"
"28.08.2024 20:00 - 28.08.2024 21:00","6.37","EUR"
"28.08.2024 21:00 - 28.08.2024 22:00","5.00","EUR"
"28.08.2024 22:00 - 28.08.2024 23:00","3.79","EUR"
"28.08.2024 23:00 - 29.08.2024 00:00","2.51","EUR"
"29.08.2024 00:00 - 29.08.2024 01:00","1.15","EUR"
"29.08.2024 01:00 - 29.08.2024 02:00","0.97","EUR"
"29.08.2024 02:00 - 29.08.2024 03:00","0.99","EUR"
"29.08.2024 03:00 - 29.08.2024 04:00","1.01","EUR"
"29.08.2024 04:00 - 29.08.2024 05:00","1.78","EUR"
"29.08.2024 05:00 - 29.08.2024 06:00","2.97","EUR"
"29.08.2024 06:00 - 29.08.2024 07:00","5.63","EUR"
"29.08.2024 07:00 - 29.08.2024 08:00","6.98","EUR"
"29.08.2024 08:00 - 29.08.2024 09:00","9.89","EUR"
"29.08.2024 09:00 - 29.08.2024 10:00","11.38","EUR"
"29.08.2024 10:00 - 29.08.2024 11:00","9.42","EUR"
"29.08.2024 11:00 - 29.08.2024 12:00","5.35","EUR"
"29.08.2024 12:00 - 29.08.2024 13:00","4.93","EUR"
"29.08.2024 13:00 - 29.08.2024 14:00","4.90","EUR"
"29.08.2024 14:00 - 29.08.2024 15:00","4.25","EUR"
"29.08.2024 15:00 - 29.08.2024 16:00","4.27","EUR"
"29.08.2024 16:00 - 29.08.2024 17:00","4.42","EUR"
"29.08.2024 17:00 - 29.08.2024 18:00","4.95","EUR"
"29.08.2024 18:00 - 29.08.2024 19:00","4.91","EUR"
"29.08.2024 19:00 - 29.08.2024 20:00","4.12","EUR"
"29.08.2024 20:00 - 29.08.2024 21:00","3.17","EUR"
"29.08.2024 21:00 - 29.08.2024 22:00","1.98","EUR"
"29.08.2024 22:00 - 29.08.2024 23:00","-0.01","EUR"
"29.08.2024 23:00 - 30.08.2024 00:00","-0.81","EUR"
"30.08.2024 00:00 - 30.08.2024 01:00","-0.80","EUR"
"30.08.2024 01:00 - 30.08.2024 02:00","-0.94","EUR"
"30.08.2024 02:00 - 30.08.2024 03:00","-1.07","EUR"
"30.08.2024 03:00 - 30.08.2024 04:00","-1.26","EUR"
"30.08.2024 04:00 - 30.08.2024 05:00","-1.00","EUR"
"30.08.2024 05:00 - 30.08.2024 06:00","-0.11","EUR"
"30.08.2024 06:00 - 30.08.2024 07:00","0.66","EUR"
"30.08.2024 07:00 - 30.08.2024 08:00","2.91","EUR"
"30.08.2024 08:00 - 30.08.2024 09:00","3.55","EUR"
"30.08.2024 09:00 - 30.08.2024 10:00","3.85","EUR"
"30.08.2024 10:00 - 30.08.2024 11:00","3.59","EUR"
"30.08.2024 11:00 - 30.08.2024 12:00","2.99","EUR"
"30.08.2024 12:00 - 30.08.2024 13:00","2.94","EUR"
"30.08.2024 13:00 - 30.08.2024 14:00","2.91","EUR"
"30.08.2024 14:00 - 30.08.2024 15:00","2.63","EUR"
"30.08.2024 15:00 - 30.08.2024 16:00","2.35","EUR"
"30.08.2024 16:00 - 30.08.2024 17:00","3.24","EUR"
"30.08.2024 17:00 - 30.08.2024 18:00","4.14","EUR"
"30.08.2024 18:00 - 30.08.2024 19:00","4.47","EUR"
"30.08.2024 19:00 - 30.08.2024 20:00","4.79","EUR"
"30.08.2024 20:00 - 30.08.2024 21:00","4.41","EUR"
"30.08.2024 21:00 - 30.08.2024 22:00","3.70","EUR"
"30.08.2024 22:00 - 30.08.2024 23:00","2.96","EUR"
"30.08.2024 23:00 - 31.08.2024 00:00","1.99","EUR"
"31.08.2024 00:00 - 31.08.2024 01:00","0.11","EUR"
"31.08.2024 01:00 - 31.08.2024 02:00","-0.01","EUR"
"31.08.2024 02:00 - 31.08.2024 03:00","-0.59","EUR"
"31.08.2024 03:00 - 31.08.2024 04:00","-0.81","EUR"
"31.08.2024 04:00 - 31.08.2024 05:00","-1.07","EUR"
"31.08.2024 05:00 - 31.08.2024 06:00","-1.42","EUR"
"31.08.2024 06:00 - 31.08.2024 07:00","-0.01","EUR"
"31.08.2024 07:00 - 31.08.2024 08:00","1.60","EUR"
"31.08.2024 08:00 - 31.08.2024 09:00","2.88","EUR"
"31.08.2024 09:00 - 31.08.2024 10:00","3.04","EUR"
"31.08.2024 10:00 - 31.08.2024 11:00","3.03","EUR"
"31.08.2024 11:00 - 31.08.2024 12:00","3.01","EUR"
"31.08.2024 12:00 - 31.08.2024 13:00","0.47","EUR"
"31.08.2024 13:00 - 31.08.2024 14:00","-0.59","EUR"
"31.08.2024 14:00 - 31.08.2024 15:00","-0.80","EUR"
"31.08.2024 15:00 - 31.08.2024 16:00","2.55","EUR"
"31.08.2024 16:00 - 31.08.2024 17:00","3.22","EUR"
"31.08.2024 17:00 - 31.08.2024 18:00","3.64","EUR"
"31.08.2024 18:00 - 31.08.2024 19:00","3.32","EUR"
"31.08.2024 19:00 - 31.08.2024 20:00","3.26","EUR"
"31.08.2024 20:00 - 31.08.2024 21:00","2.96","EUR"
"31.08.2024 21:00 - 31.08.2024 22:00","2.60","EUR"
"31.08.2024 22:00 - 31.08.2024 23:00","1.17","EUR"
"31.08.2024 23:00 - 01.09.2024 00:00","0.00","EUR"
