date,Distance_km,Consumption_kWh,Consumption_km,Location,ChargingStation,ID,PowerRating_kW,consumption_factor,VehicleID,ScheduleType,VehicleType,CompanyType
2026-01-01 00:00:00,0.0,0.0,0.0,1,1,0,80,1.0,0,Typeb,Renault,Food
2026-01-01 01:00:00,0.0,0.0,0.0,1,1,0,80,1.0,0,Typeb,Renault,Food
2026-01-01 02:00:00,0.0,0.0,0.0,1,1,0,80,1.0,0,Typeb,Renault,Food
2026-01-01 03:00:00,0.0,0.0,0.0,1,1,0,80,1.0,0,Typeb,Renault,Food
2026-01-01 04:00:00,0.0,0.0,0.0,1,1,0,80,1.0,0,Typeb,Renault,Food
2026-01-01 05:00:00,0.0,0.0,0.0,1,1,0,80,1.0,0,Typeb,Renault,Food
2026-01-01 06:00:00,0.0,0.0,0.0,1,1,0,80,1.0,0,Typeb,Renault,Food
2026-01-01 07:00:00,7.245978964839042,1.3138556125604879,0.18132202962994293,0,0,0,0,1.1329772784640002,0,Typeb,Renault,Food
2026-01-01 08:00:00,7.245978964839042,3.3458967828745734,0.4617591079287514,0,0,0,0,1.1329772784640002,0,Typeb,Renault,Food
2026-01-01 09:00:00,7.245978964839042,2.4362176257220076,0.33621649159398637,0,0,0,0,1.1329772784640002,0,Typeb,Renault,Food
2026-01-01 10:00:00,7.245978964839042,1.0501363059607964,0.14492676711546645,0,0,0,0,1.1329772784640002,0,Typeb,Renault,Food
2026-01-01 11:00:00,7.245978964839042,2.184222877563508,0.30143930698148635,0,0,0,0,1.1329772784640002,0,Typeb,Renault,Food
2026-01-01 12:00:00,0.0,0.0,0.0,1,1,0,80,1.1329772784640002,0,Typeb,Renault,Food
2026-01-01 13:00:00,0.0,0.0,0.0,1,1,0,80,1.1329772784640002,0,Typeb,Renault,Food
2026-01-01 14:00:00,5.247088215917927,0.7653583538283393,0.14586344317720742,0,0,0,0,1.1329772784640002,0,Typeb,Renault,Food
2026-01-01 15:00:00,5.247088215917927,0.7634821869702646,0.14550587974757365,0,0,0,0,1.1329772784640002,0,Typeb,Renault,Food
2026-01-01 16:00:00,5.247088215917927,1.337752702486902,0.25495144114951296,0,0,0,0,1.1329772784640002,0,Typeb,Renault,Food
2026-01-01 17:00:00,5.247088215917927,0.5944831726731219,0.11329772784640002,0,0,0,0,1.1329772784640002,0,Typeb,Renault,Food
2026-01-01 18:00:00,5.247088215917927,0.5944831726731219,0.11329772784640002,0,0,0,0,1.1329772784640002,0,Typeb,Renault,Food
2026-01-01 19:00:00,5.247088215917927,0.6851284940614278,0.13057308470305015,0,0,0,0,1.1329772784640002,0,Typeb,Renault,Food
2026-01-01 20:00:00,5.247088215917927,0.5944831726731219,0.11329772784640002,0,0,0,0,1.1329772784640002,0,Typeb,Renault,Food
2026-01-01 21:00:00,0.0,0.0,0.0,1,1,0,80,1.1329772784640002,0,Typeb,Renault,Food
2026-01-01 22:00:00,0.0,0.0,0.0,1,1,0,80,1.1329772784640002,0,Typeb,Renault,Food
2026-01-01 23:00:00,0.0,0.0,0.0,1,1,0,80,1.1329772784640002,0,Typeb,Renault,Food
2026-01-02 00:00:00,0.0,0.0,0.0,1,1,0,80,1.1329772784640002,0,Typeb,Renault,Food
2026-01-02 01:00:00,0.0,0.0,0.0,1,1,0,80,1.1329772784640002,0,Typeb,Renault,Food
2026-01-02 02:00:00,0.0,0.0,0.0,1,1,0,80,1.1329772784640002,0,Typeb,Renault,Food
2026-01-02 03:00:00,0.0,0.0,0.0,1,1,0,80,1.1329772784640002,0,Typeb,Renault,Food
2026-01-02 04:00:00,0.0,0.0,0.0,1,1,0,80,1.1329772784640002,0,Typeb,Renault,Food
2026-01-02 05:00:00,0.0,0.0,0.0,1,1,0,80,1.1329772784640002,0,Typeb,Renault,Food
2026-01-02 06:00:00,0.0,0.0,0.0,1,1,0,80,1.1329772784640002,0,Typeb,Renault,Food
2026-01-02 07:00:00,6.932608880889341,1.719417401773742,0.24801880955862732,0,0,0,0,1.23259004,0,Typeb,Renault,Food
2026-01-02 08:00:00,6.932608880889341,0.8545064657799749,0.123259004,0,0,0,0,1.23259004,0,Typeb,Renault,Food
2026-01-02 09:00:00,6.932608880889341,1.0056836826743885,0.14506568882699977,0,0,0,0,1.23259004,0,Typeb,Renault,Food
2026-01-02 10:00:00,6.932608880889341,1.7700326699951627,0.2553198515027284,0,0,0,0,1.23259004,0,Typeb,Renault,Food
2026-01-02 11:00:00,6.932608880889341,0.8545064657799749,0.123259004,0,0,0,0,1.23259004,0,Typeb,Renault,Food
2026-01-02 12:00:00,0.0,0.0,0.0,1,1,0,80,1.23259004,0,Typeb,Renault,Food
2026-01-02 13:00:00,4.9199159799859835,1.4753250252204793,0.2998679309203736,0,0,0,0,1.23259004,0,Typeb,Renault,Food
2026-01-02 14:00:00,4.9199159799859835,0.66714407423307,0.13560070475735456,0,0,0,0,1.23259004,0,Typeb,Renault,Food
2026-01-02 15:00:00,4.9199159799859835,0.9228790203842104,0.18758024001597676,0,0,0,0,1.23259004,0,Typeb,Renault,Food
2026-01-02 16:00:00,4.9199159799859835,0.6662600815886788,0.13542102838727277,0,0,0,0,1.23259004,0,Typeb,Renault,Food
2026-01-02 17:00:00,4.9199159799859835,2.697591844441327,0.5483003887495275,0,0,0,0,1.23259004,0,Typeb,Renault,Food
2026-01-02 18:00:00,4.9199159799859835,1.1531613914939476,0.23438639931758204,0,0,0,0,1.23259004,0,Typeb,Renault,Food
2026-01-02 19:00:00,4.9199159799859835,0.6064239434567563,0.123259004,0,0,0,0,1.23259004,0,Typeb,Renault,Food
2026-01-02 20:00:00,4.9199159799859835,1.845210889887665,0.37504926860416055,0,0,0,0,1.23259004,0,Typeb,Renault,Food
2026-01-02 21:00:00,0.0,0.0,0.0,1,1,0,80,1.23259004,0,Typeb,Renault,Food
2026-01-02 22:00:00,0.0,0.0,0.0,1,1,0,80,1.23259004,0,Typeb,Renault,Food
2026-01-02 23:00:00,0.0,0.0,0.0,1,1,0,80,1.23259004,0,Typeb,Renault,Food
2026-01-03 00:00:00,0.0,0.0,0.0,1,1,0,80,1.23259004,0,Typeb,Renault,Food
2026-01-03 01:00:00,0.0,0.0,0.0,1,1,0,80,1.23259004,0,Typeb,Renault,Food
2026-01-03 02:00:00,0.0,0.0,0.0,1,1,0,80,1.23259004,0,Typeb,Renault,Food
2026-01-03 03:00:00,0.0,0.0,0.0,1,1,0,80,1.23259004,0,Typeb,Renault,Food
2026-01-03 04:00:00,0.0,0.0,0.0,1,1,0,80,1.23259004,0,Typeb,Renault,Food
2026-01-03 05:00:00,0.0,0.0,0.0,1,1,0,80,1.23259004,0,Typeb,Renault,Food
2026-01-03 06:00:00,0.0,0.0,0.0,1,1,0,80,1.23259004,0,Typeb,Renault,Food
2026-01-03 07:00:00,0.0,0.0,0.0,1,1,0,80,1.23259004,0,Typeb,Renault,Food
2026-01-03 08:00:00,7.0588235294117645,2.498896815244736,0.35401038215967096,0,0,0,0,1.209049010004,0,Typeb,Renault,Food
2026-01-03 09:00:00,7.0588235294117645,1.8382532240744969,0.260419206743887,0,0,0,0,1.209049010004,0,Typeb,Renault,Food
2026-01-03 10:00:00,7.0588235294117645,1.5038920495002384,0.21305137367920043,0,0,0,0,1.209049010004,0,Typeb,Renault,Food
2026-01-03 11:00:00,7.0588235294117645,1.2878449718821563,0.18244470434997215,0,0,0,0,1.209049010004,0,Typeb,Renault,Food
2026-01-03 12:00:00,0.0,0.0,0.0,1,1,0,80,1.209049010004,0,Typeb,Renault,Food
2026-01-03 13:00:00,5.217391304347826,0.6308081791325216,0.1209049010004,0,0,0,0,1.209049010004,0,Typeb,Renault,Food
2026-01-03 14:00:00,5.217391304347826,0.6308081791325216,0.1209049010004,0,0,0,0,1.209049010004,0,Typeb,Renault,Food
2026-01-03 15:00:00,5.217391304347826,0.8145172325008053,0.15611580289598767,0,0,0,0,1.209049010004,0,Typeb,Renault,Food
2026-01-03 16:00:00,5.217391304347826,2.121390142100324,0.4065997772358954,0,0,0,0,1.209049010004,0,Typeb,Renault,Food
2026-01-03 17:00:00,5.217391304347826,1.5070253195529035,0.2888465195809732,0,0,0,0,1.209049010004,0,Typeb,Renault,Food
2026-01-03 18:00:00,5.217391304347826,0.6308081791325216,0.1209049010004,0,0,0,0,1.209049010004,0,Typeb,Renault,Food
2026-01-03 19:00:00,0.0,0.0,0.0,1,1,0,80,1.209049010004,0,Typeb,Renault,Food
2026-01-03 20:00:00,0.0,0.0,0.0,1,1,0,80,1.209049010004,0,Typeb,Renault,Food
2026-01-03 21:00:00,0.0,0.0,0.0,1,1,0,80,1.209049010004,0,Typeb,Renault,Food
2026-01-03 22:00:00,0.0,0.0,0.0,1,1,0,80,1.209049010004,0,Typeb,Renault,Food
2026-01-03 23:00:00,0.0,0.0,0.0,1,1,0,80,1.209049010004,0,Typeb,Renault,Food
2026-01-04 00:00:00,0.0,0.0,0.0,1,1,0,80,1.209049010004,0,Typeb,Renault,Food
2026-01-04 01:00:00,0.0,0.0,0.0,1,1,0,80,1.209049010004,0,Typeb,Renault,Food
2026-01-04 02:00:00,0.0,0.0,0.0,1,1,0,80,1.209049010004,0,Typeb,Renault,Food
2026-01-04 03:00:00,0.0,0.0,0.0,1,1,0,80,1.209049010004,0,Typeb,Renault,Food
2026-01-04 04:00:00,0.0,0.0,0.0,1,1,0,80,1.209049010004,0,Typeb,Renault,Food
2026-01-04 05:00:00,0.0,0.0,0.0,1,1,0,80,1.209049010004,0,Typeb,Renault,Food
2026-01-04 06:00:00,0.0,0.0,0.0,1,1,0,80,1.209049010004,0,Typeb,Renault,Food
2026-01-04 07:00:00,0.0,0.0,0.0,1,1,0,80,1.209049010004,0,Typeb,Renault,Food
2026-01-04 08:00:00,0.0,0.0,0.0,1,1,0,80,1.209049010004,0,Typeb,Renault,Food
2026-01-04 09:00:00,0.0,0.0,0.0,1,1,0,80,1.209049010004,0,Typeb,Renault,Food
2026-01-04 10:00:00,13.930197994482995,5.801382488559295,0.4164608780763139,0,0,0,0,1.3050301525,0,Typeb,Renault,Food
2026-01-04 11:00:00,13.930197994482995,1.817932841309534,0.13050301525000002,0,0,0,0,1.3050301525,0,Typeb,Renault,Food
2026-01-04 12:00:00,0.0,0.0,0.0,1,1,0,80,1.3050301525,0,Typeb,Renault,Food
2026-01-04 13:00:00,5.357768459416537,1.0473566329885777,0.19548374307736233,0,0,0,0,1.3050301525,0,Typeb,Renault,Food
2026-01-04 14:00:00,5.357768459416537,1.6586361851267435,0.30957593589390936,0,0,0,0,1.3050301525,0,Typeb,Renault,Food
2026-01-04 15:00:00,5.357768459416537,2.2735481333201855,0.42434609680161056,0,0,0,0,1.3050301525,0,Typeb,Renault,Food
2026-01-04 16:00:00,5.357768459416537,0.8851425263767746,0.1652073121639092,0,0,0,0,1.3050301525,0,Typeb,Renault,Food
2026-01-04 17:00:00,5.357768459416537,1.1652778185586308,0.2174931274811995,0,0,0,0,1.3050301525,0,Typeb,Renault,Food
2026-01-04 18:00:00,5.357768459416537,0.6992049389652054,0.13050301525000002,0,0,0,0,1.3050301525,0,Typeb,Renault,Food
2026-01-04 19:00:00,5.357768459416537,0.6992049389652054,0.13050301525000002,0,0,0,0,1.3050301525,0,Typeb,Renault,Food
2026-01-04 20:00:00,0.0,0.0,0.0,1,1,0,80,1.3050301525,0,Typeb,Renault,Food
2026-01-04 21:00:00,0.0,0.0,0.0,1,1,0,80,1.3050301525,0,Typeb,Renault,Food
2026-01-04 22:00:00,0.0,0.0,0.0,1,1,0,80,1.3050301525,0,Typeb,Renault,Food
2026-01-04 23:00:00,0.0,0.0,0.0,1,1,0,80,1.3050301525,0,Typeb,Renault,Food
2026-01-05 00:00:00,0.0,0.0,0.0,1,1,0,80,1.3050301525,0,Typeb,Renault,Food
2026-01-05 01:00:00,0.0,0.0,0.0,1,1,0,80,1.3050301525,0,Typeb,Renault,Food
2026-01-05 02:00:00,0.0,0.0,0.0,1,1,0,80,1.3050301525,0,Typeb,Renault,Food
2026-01-05 03:00:00,0.0,0.0,0.0,1,1,0,80,1.3050301525,0,Typeb,Renault,Food
2026-01-05 04:00:00,0.0,0.0,0.0,1,1,0,80,1.3050301525,0,Typeb,Renault,Food
2026-01-05 05:00:00,0.0,0.0,0.0,1,1,0,80,1.3050301525,0,Typeb,Renault,Food
2026-01-05 06:00:00,0.0,0.0,0.0,1,1,0,80,1.3050301525,0,Typeb,Renault,Food
2026-01-05 07:00:00,8.054032411454573,1.0265056867309303,0.12745239083853419,0,0,0,0,1.226197579604,0,Typeb,Renault,Food
2026-01-05 08:00:00,8.054032411454573,2.3833402117874534,0.2959188751708807,0,0,0,0,1.226197579604,0,Typeb,Renault,Food
2026-01-05 09:00:00,8.054032411454573,3.9695128055596975,0.49286029690099,0,0,0,0,1.226197579604,0,Typeb,Renault,Food
2026-01-05 10:00:00,8.054032411454573,1.8478649842090742,0.22943351725044106,0,0,0,0,1.226197579604,0,Typeb,Renault,Food
2026-01-05 11:00:00,8.054032411454573,4.005380531845174,0.49731368427927586,0,0,0,0,1.226197579604,0,Typeb,Renault,Food
2026-01-05 12:00:00,8.054032411454573,0.9875835048977767,0.12261975796040002,0,0,0,0,1.226197579604,0,Typeb,Renault,Food
2026-01-05 13:00:00,6.10995562248278,2.278993063662588,0.3729966638835454,0,0,0,0,1.226197579604,0,Typeb,Renault,Food
2026-01-05 14:00:00,6.10995562248278,1.5274859895378003,0.24999952273255735,0,0,0,0,1.226197579604,0,Typeb,Renault,Food
2026-01-05 15:00:00,6.10995562248278,1.1326836755230625,0.18538329007744847,0,0,0,0,1.226197579604,0,Typeb,Renault,Food
2026-01-05 16:00:00,6.10995562248278,1.532306509270806,0.2507884842293099,0,0,0,0,1.226197579604,0,Typeb,Renault,Food
2026-01-05 17:00:00,6.10995562248278,0.7492012795776238,0.12261975796040002,0,0,0,0,1.226197579604,0,Typeb,Renault,Food
2026-01-05 18:00:00,6.10995562248278,1.2138168596328311,0.19866214005979912,0,0,0,0,1.226197579604,0,Typeb,Renault,Food
2026-01-05 19:00:00,6.10995562248278,1.803671108687291,0.29520199820279047,0,0,0,0,1.226197579604,0,Typeb,Renault,Food
2026-01-05 20:00:00,0.0,0.0,0.0,1,1,0,80,1.226197579604,0,Typeb,Renault,Food
2026-01-05 21:00:00,0.0,0.0,0.0,1,1,0,80,1.226197579604,0,Typeb,Renault,Food
2026-01-05 22:00:00,0.0,0.0,0.0,1,1,0,80,1.226197579604,0,Typeb,Renault,Food
2026-01-05 23:00:00,0.0,0.0,0.0,1,1,0,80,1.226197579604,0,Typeb,Renault,Food
2026-01-06 00:00:00,0.0,0.0,0.0,1,1,0,80,1.226197579604,0,Typeb,Renault,Food
2026-01-06 01:00:00,0.0,0.0,0.0,1,1,0,80,1.226197579604,0,Typeb,Renault,Food
2026-01-06 02:00:00,0.0,0.0,0.0,1,1,0,80,1.226197579604,0,Typeb,Renault,Food
2026-01-06 03:00:00,0.0,0.0,0.0,1,1,0,80,1.226197579604,0,Typeb,Renault,Food
2026-01-06 04:00:00,0.0,0.0,0.0,1,1,0,80,1.226197579604,0,Typeb,Renault,Food
2026-01-06 05:00:00,0.0,0.0,0.0,1,1,0,80,1.226197579604,0,Typeb,Renault,Food
2026-01-06 06:00:00,0.0,0.0,0.0,1,1,0,80,1.226197579604,0,Typeb,Renault,Food
2026-01-06 07:00:00,0.0,0.0,0.0,1,1,0,80,1.226197579604,0,Typeb,Renault,Food
2026-01-06 08:00:00,11.790993467263949,3.716431361129582,0.31519238573473357,0,0,0,0,1.3306301459840002,0,Typeb,Renault,Food
2026-01-06 09:00:00,11.790993467263949,1.8778348523552457,0.1592601045508839,0,0,0,0,1.3306301459840002,0,Typeb,Renault,Food
2026-01-06 10:00:00,11.790993467263949,4.1115933849818775,0.3487062728341886,0,0,0,0,1.3306301459840002,0,Typeb,Renault,Food
2026-01-06 11:00:00,11.790993467263949,3.220276922041149,0.27311328184362066,0,0,0,0,1.3306301459840002,0,Typeb,Renault,Food
2026-01-06 12:00:00,0.0,0.0,0.0,1,1,0,80,1.3306301459840002,0,Typeb,Renault,Food
2026-01-06 13:00:00,8.7150821279777,3.7598342444537582,0.43141696076319286,0,0,0,0,1.3306301459840002,0,Typeb,Renault,Food
2026-01-06 14:00:00,8.7150821279777,1.1596551004213518,0.13306301459840003,0,0,0,0,1.3306301459840002,0,Typeb,Renault,Food
2026-01-06 15:00:00,8.7150821279777,1.7078718092681393,0.1959673797892762,0,0,0,0,1.3306301459840002,0,Typeb,Renault,Food
2026-01-06 16:00:00,8.7150821279777,1.605858342923269,0.18426198621445486,0,0,0,0,1.3306301459840002,0,Typeb,Renault,Food
2026-01-06 17:00:00,8.7150821279777,1.1596551004213518,0.13306301459840003,0,0,0,0,1.3306301459840002,0,Typeb,Renault,Food
2026-01-06 18:00:00,8.7150821279777,2.6952752296622986,0.30926561449257695,0,0,0,0,1.3306301459840002,0,Typeb,Renault,Food
2026-01-06 19:00:00,0.0,0.0,0.0,1,1,0,80,1.3306301459840002,0,Typeb,Renault,Food
2026-01-06 20:00:00,0.0,0.0,0.0,1,1,0,80,1.3306301459840002,0,Typeb,Renault,Food
2026-01-06 21:00:00,0.0,0.0,0.0,1,1,0,80,1.3306301459840002,0,Typeb,Renault,Food
2026-01-06 22:00:00,0.0,0.0,0.0,1,1,0,80,1.3306301459840002,0,Typeb,Renault,Food
2026-01-06 23:00:00,0.0,0.0,0.0,1,1,0,80,1.3306301459840002,0,Typeb,Renault,Food
2026-01-07 00:00:00,0.0,0.0,0.0,1,1,0,80,1.3306301459840002,0,Typeb,Renault,Food
2026-01-07 01:00:00,0.0,0.0,0.0,1,1,0,80,1.3306301459840002,0,Typeb,Renault,Food
2026-01-07 02:00:00,0.0,0.0,0.0,1,1,0,80,1.3306301459840002,0,Typeb,Renault,Food
2026-01-07 03:00:00,0.0,0.0,0.0,1,1,0,80,1.3306301459840002,0,Typeb,Renault,Food
2026-01-07 04:00:00,0.0,0.0,0.0,1,1,0,80,1.3306301459840002,0,Typeb,Renault,Food
2026-01-07 05:00:00,0.0,0.0,0.0,1,1,0,80,1.3306301459840002,0,Typeb,Renault,Food
2026-01-07 06:00:00,0.0,0.0,0.0,1,1,0,80,1.3306301459840002,0,Typeb,Renault,Food
2026-01-07 07:00:00,6.275343323645865,1.1689784148930686,0.18628118886950595,0,0,0,0,1.282756305344,0,Typeb,Renault,Food
2026-01-07 08:00:00,6.275343323645865,0.8049736216605108,0.12827563053440003,0,0,0,0,1.282756305344,0,Typeb,Renault,Food
2026-01-07 09:00:00,6.275343323645865,1.3683303887900142,0.21804868964444768,0,0,0,0,1.282756305344,0,Typeb,Renault,Food
2026-01-07 10:00:00,6.275343323645865,1.9895159878971487,0.3170369946773326,0,0,0,0,1.282756305344,0,Typeb,Renault,Food
2026-01-07 11:00:00,6.275343323645865,3.6180696616588044,0.5765532617196741,0,0,0,0,1.282756305344,0,Typeb,Renault,Food
2026-01-07 12:00:00,0.0,0.0,0.0,1,1,0,80,1.282756305344,0,Typeb,Renault,Food
2026-01-07 13:00:00,7.596468233887101,2.1031363818695215,0.27685712848605565,0,0,0,0,1.282756305344,0,Typeb,Renault,Food
2026-01-07 14:00:00,7.596468233887101,2.2134992857195797,0.29138531453937716,0,0,0,0,1.282756305344,0,Typeb,Renault,Food
2026-01-07 15:00:00,7.596468233887101,1.7719066850921894,0.2332540110136823,0,0,0,0,1.282756305344,0,Typeb,Renault,Food
2026-01-07 16:00:00,7.596468233887101,0.974441752536408,0.12827563053440003,0,0,0,0,1.282756305344,0,Typeb,Renault,Food
2026-01-07 17:00:00,7.596468233887101,1.8356617146610037,0.2416467308416162,0,0,0,0,1.282756305344,0,Typeb,Renault,Food
2026-01-07 18:00:00,0.0,0.0,0.0,1,1,0,80,1.282756305344,0,Typeb,Renault,Food
2026-01-07 19:00:00,0.0,0.0,0.0,1,1,0,80,1.282756305344,0,Typeb,Renault,Food
2026-01-07 20:00:00,0.0,0.0,0.0,1,1,0,80,1.282756305344,0,Typeb,Renault,Food
2026-01-07 21:00:00,0.0,0.0,0.0,1,1,0,80,1.282756305344,0,Typeb,Renault,Food
2026-01-07 22:00:00,0.0,0.0,0.0,1,1,0,80,1.282756305344,0,Typeb,Renault,Food
2026-01-07 23:00:00,0.0,0.0,0.0,1,1,0,80,1.282756305344,0,Typeb,Renault,Food
2026-01-08 00:00:00,0.0,0.0,0.0,1,1,0,80,1.282756305344,0,Typeb,Renault,Food
2026-01-08 01:00:00,0.0,0.0,0.0,1,1,0,80,1.282756305344,0,Typeb,Renault,Food
2026-01-08 02:00:00,0.0,0.0,0.0,1,1,0,80,1.282756305344,0,Typeb,Renault,Food
2026-01-08 03:00:00,0.0,0.0,0.0,1,1,0,80,1.282756305344,0,Typeb,Renault,Food
2026-01-08 04:00:00,0.0,0.0,0.0,1,1,0,80,1.282756305344,0,Typeb,Renault,Food
2026-01-08 05:00:00,0.0,0.0,0.0,1,1,0,80,1.282756305344,0,Typeb,Renault,Food
2026-01-08 06:00:00,6.1746963720146075,0.7265056502538558,0.11765852221440001,0,0,0,0,1.176585222144,0,Typeb,Renault,Food
2026-01-08 07:00:00,6.1746963720146075,2.5282056201458043,0.4094461440410763,0,0,0,0,1.176585222144,0,Typeb,Renault,Food
2026-01-08 08:00:00,6.1746963720146075,2.1405679582005646,0.34666772732375906,0,0,0,0,1.176585222144,0,Typeb,Renault,Food
2026-01-08 09:00:00,6.1746963720146075,2.179341577901686,0.352947164783527,0,0,0,0,1.176585222144,0,Typeb,Renault,Food
2026-01-08 10:00:00,6.1746963720146075,0.7265056502538558,0.11765852221440001,0,0,0,0,1.176585222144,0,Typeb,Renault,Food
2026-01-08 11:00:00,6.1746963720146075,2.7860142089856934,0.45119857578951783,0,0,0,0,1.176585222144,0,Typeb,Renault,Food
2026-01-08 12:00:00,6.1746963720146075,0.7265056502538558,0.11765852221440001,0,0,0,0,1.176585222144,0,Typeb,Renault,Food
2026-01-08 13:00:00,6.1746963720146075,1.9768654160310273,0.3201558905779911,0,0,0,0,1.176585222144,0,Typeb,Renault,Food
2026-01-08 14:00:00,6.1746963720146075,3.2692754261423516,0.5294633499648,0,0,0,0,1.176585222144,0,Typeb,Renault,Food
2026-01-08 15:00:00,6.1746963720146075,0.7265056502538558,0.11765852221440001,0,0,0,0,1.176585222144,0,Typeb,Renault,Food
2026-01-08 16:00:00,6.1746963720146075,0.8333045956020035,0.1349547484437883,0,0,0,0,1.176585222144,0,Typeb,Renault,Food
2026-01-08 17:00:00,6.1746963720146075,1.493713135403048,0.24190875881330126,0,0,0,0,1.176585222144,0,Typeb,Renault,Food
2026-01-08 18:00:00,6.1746963720146075,0.8956040047762822,0.14504421769390988,0,0,0,0,1.176585222144,0,Typeb,Renault,Food
2026-01-08 19:00:00,6.1746963720146075,0.7265056502538558,0.11765852221440001,0,0,0,0,1.176585222144,0,Typeb,Renault,Food
2026-01-08 20:00:00,0.0,0.0,0.0,1,1,0,80,1.176585222144,0,Typeb,Renault,Food
2026-01-08 21:00:00,0.0,0.0,0.0,1,1,0,80,1.176585222144,0,Typeb,Renault,Food
2026-01-08 22:00:00,0.0,0.0,0.0,1,1,0,80,1.176585222144,0,Typeb,Renault,Food
2026-01-08 23:00:00,0.0,0.0,0.0,1,1,0,80,1.176585222144,0,Typeb,Renault,Food
2026-01-09 00:00:00,0.0,0.0,0.0,1,1,0,80,1.176585222144,0,Typeb,Renault,Food
2026-01-09 01:00:00,0.0,0.0,0.0,1,1,0,80,1.176585222144,0,Typeb,Renault,Food
2026-01-09 02:00:00,0.0,0.0,0.0,1,1,0,80,1.176585222144,0,Typeb,Renault,Food
2026-01-09 03:00:00,0.0,0.0,0.0,1,1,0,80,1.176585222144,0,Typeb,Renault,Food
2026-01-09 04:00:00,0.0,0.0,0.0,1,1,0,80,1.176585222144,0,Typeb,Renault,Food
2026-01-09 05:00:00,0.0,0.0,0.0,1,1,0,80,1.176585222144,0,Typeb,Renault,Food
2026-01-09 06:00:00,9.873793261336376,1.1229883580241826,0.1137342385344,0,0,0,0,1.137342385344,0,Typeb,Renault,Food
2026-01-09 07:00:00,9.873793261336376,1.6624562774975349,0.16837057790214746,0,0,0,0,1.137342385344,0,Typeb,Renault,Food
2026-01-09 08:00:00,9.873793261336376,3.403161194482602,0.34466603709525095,0,0,0,0,1.137342385344,0,Typeb,Renault,Food
2026-01-09 09:00:00,9.873793261336376,1.1229883580241826,0.1137342385344,0,0,0,0,1.137342385344,0,Typeb,Renault,Food
2026-01-09 10:00:00,9.873793261336376,2.504806229228053,0.2536822640429721,0,0,0,0,1.137342385344,0,Typeb,Renault,Food
2026-01-09 11:00:00,9.873793261336376,4.159829467538475,0.4213000371222539,0,0,0,0,1.137342385344,0,Typeb,Renault,Food
2026-01-09 12:00:00,0.0,0.0,0.0,1,1,0,80,1.137342385344,0,Typeb,Renault,Food
2026-01-09 13:00:00,11.354862250536833,1.29143661172781,0.1137342385344,0,0,0,0,1.137342385344,0,Typeb,Renault,Food
2026-01-09 14:00:00,11.354862250536833,2.8050328866963006,0.24703363412124923,0,0,0,0,1.137342385344,0,Typeb,Renault,Food
2026-01-09 15:00:00,11.354862250536833,2.937682536434382,0.25871582337297794,0,0,0,0,1.137342385344,0,Typeb,Renault,Food
2026-01-09 16:00:00,11.354862250536833,3.8577642333990707,0.33974557755790336,0,0,0,0,1.137342385344,0,Typeb,Renault,Food
2026-01-09 17:00:00,11.354862250536833,1.29143661172781,0.1137342385344,0,0,0,0,1.137342385344,0,Typeb,Renault,Food
2026-01-09 18:00:00,0.0,0.0,0.0,1,1,0,80,1.137342385344,0,Typeb,Renault,Food
2026-01-09 19:00:00,0.0,0.0,0.0,1,1,0,80,1.137342385344,0,Typeb,Renault,Food
2026-01-09 20:00:00,0.0,0.0,0.0,1,1,0,80,1.137342385344,0,Typeb,Renault,Food
2026-01-09 21:00:00,0.0,0.0,0.0,1,1,0,80,1.137342385344,0,Typeb,Renault,Food
2026-01-09 22:00:00,0.0,0.0,0.0,1,1,0,80,1.137342385344,0,Typeb,Renault,Food
2026-01-09 23:00:00,0.0,0.0,0.0,1,1,0,80,1.137342385344,0,Typeb,Renault,Food
2026-01-10 00:00:00,0.0,0.0,0.0,1,1,0,80,1.137342385344,0,Typeb,Renault,Food
2026-01-10 01:00:00,0.0,0.0,0.0,1,1,0,80,1.137342385344,0,Typeb,Renault,Food
2026-01-10 02:00:00,0.0,0.0,0.0,1,1,0,80,1.137342385344,0,Typeb,Renault,Food
2026-01-10 03:00:00,0.0,0.0,0.0,1,1,0,80,1.137342385344,0,Typeb,Renault,Food
2026-01-10 04:00:00,0.0,0.0,0.0,1,1,0,80,1.137342385344,0,Typeb,Renault,Food
2026-01-10 05:00:00,0.0,0.0,0.0,1,1,0,80,1.137342385344,0,Typeb,Renault,Food
2026-01-10 06:00:00,0.0,0.0,0.0,1,1,0,80,1.137342385344,0,Typeb,Renault,Food
2026-01-10 07:00:00,0.0,0.0,0.0,1,1,0,80,1.137342385344,0,Typeb,Renault,Food
2026-01-10 08:00:00,7.0588235294117645,0.8397247341176471,0.11896100400000001,0,0,0,0,1.18961004,0,Typeb,Renault,Food
2026-01-10 09:00:00,7.0588235294117645,1.8784863121474198,0.26611889422088447,0,0,0,0,1.18961004,0,Typeb,Renault,Food
2026-01-10 10:00:00,7.0588235294117645,1.9481982689458655,0.275994754767331,0,0,0,0,1.18961004,0,Typeb,Renault,Food
2026-01-10 11:00:00,7.0588235294117645,0.8397247341176471,0.11896100400000001,0,0,0,0,1.18961004,0,Typeb,Renault,Food
2026-01-10 12:00:00,0.0,0.0,0.0,1,1,0,80,1.18961004,0,Typeb,Renault,Food
2026-01-10 13:00:00,5.0,2.656864480394133,0.5313728960788267,0,0,0,0,1.18961004,0,Typeb,Renault,Food
2026-01-10 14:00:00,5.0,1.5267347813994463,0.3053469562798892,0,0,0,0,1.18961004,0,Typeb,Renault,Food
2026-01-10 15:00:00,5.0,0.59480502,0.11896100400000001,0,0,0,0,1.18961004,0,Typeb,Renault,Food
2026-01-10 16:00:00,5.0,1.6750873252593161,0.3350174650518632,0,0,0,0,1.18961004,0,Typeb,Renault,Food
2026-01-10 17:00:00,5.0,0.59480502,0.11896100400000001,0,0,0,0,1.18961004,0,Typeb,Renault,Food
2026-01-10 18:00:00,5.0,1.781066595687535,0.3562133191375069,0,0,0,0,1.18961004,0,Typeb,Renault,Food
2026-01-10 19:00:00,0.0,0.0,0.0,1,1,0,80,1.18961004,0,Typeb,Renault,Food
2026-01-10 20:00:00,0.0,0.0,0.0,1,1,0,80,1.18961004,0,Typeb,Renault,Food
2026-01-10 21:00:00,0.0,0.0,0.0,1,1,0,80,1.18961004,0,Typeb,Renault,Food
2026-01-10 22:00:00,0.0,0.0,0.0,1,1,0,80,1.18961004,0,Typeb,Renault,Food
2026-01-10 23:00:00,0.0,0.0,0.0,1,1,0,80,1.18961004,0,Typeb,Renault,Food
2026-01-11 00:00:00,0.0,0.0,0.0,1,1,0,80,1.18961004,0,Typeb,Renault,Food
2026-01-11 01:00:00,0.0,0.0,0.0,1,1,0,80,1.18961004,0,Typeb,Renault,Food
2026-01-11 02:00:00,0.0,0.0,0.0,1,1,0,80,1.18961004,0,Typeb,Renault,Food
2026-01-11 03:00:00,0.0,0.0,0.0,1,1,0,80,1.18961004,0,Typeb,Renault,Food
2026-01-11 04:00:00,0.0,0.0,0.0,1,1,0,80,1.18961004,0,Typeb,Renault,Food
2026-01-11 05:00:00,0.0,0.0,0.0,1,1,0,80,1.18961004,0,Typeb,Renault,Food
2026-01-11 06:00:00,0.0,0.0,0.0,1,1,0,80,1.18961004,0,Typeb,Renault,Food
2026-01-11 07:00:00,0.0,0.0,0.0,1,1,0,80,1.18961004,0,Typeb,Renault,Food
2026-01-11 08:00:00,0.0,0.0,0.0,1,1,0,80,1.18961004,0,Typeb,Renault,Food
2026-01-11 09:00:00,0.0,0.0,0.0,1,1,0,80,1.18961004,0,Typeb,Renault,Food
2026-01-11 10:00:00,0.0,0.0,0.0,1,1,0,80,1.18961004,0,Typeb,Renault,Food
2026-01-11 11:00:00,21.75442111996143,10.984487720683154,0.5049312808698,0,0,0,0,1.122069513044,0,Typeb,Renault,Food
2026-01-11 12:00:00,0.0,0.0,0.0,1,1,0,80,1.122069513044,0,Typeb,Renault,Food
2026-01-11 13:00:00,0.0,0.0,0.0,1,1,0,80,1.122069513044,0,Typeb,Renault,Food
2026-01-11 14:00:00,5.438605279990358,0.9672727652227077,0.17785309200163585,0,0,0,0,1.122069513044,0,Typeb,Renault,Food
2026-01-11 15:00:00,5.438605279990358,0.6102493178157309,0.1122069513044,0,0,0,0,1.122069513044,0,Typeb,Renault,Food
2026-01-11 16:00:00,5.438605279990358,0.6102493178157309,0.1122069513044,0,0,0,0,1.122069513044,0,Typeb,Renault,Food
2026-01-11 17:00:00,5.438605279990358,0.6102493178157309,0.1122069513044,0,0,0,0,1.122069513044,0,Typeb,Renault,Food
2026-01-11 18:00:00,5.438605279990358,1.1074537126998991,0.20362825682062785,0,0,0,0,1.122069513044,0,Typeb,Renault,Food
2026-01-11 19:00:00,5.438605279990358,1.4558549824742708,0.2676890319344617,0,0,0,0,1.122069513044,0,Typeb,Renault,Food
2026-01-11 20:00:00,0.0,0.0,0.0,1,1,0,80,1.122069513044,0,Typeb,Renault,Food
2026-01-11 21:00:00,0.0,0.0,0.0,1,1,0,80,1.122069513044,0,Typeb,Renault,Food
2026-01-11 22:00:00,0.0,0.0,0.0,1,1,0,80,1.122069513044,0,Typeb,Renault,Food
2026-01-11 23:00:00,0.0,0.0,0.0,1,1,0,80,1.122069513044,0,Typeb,Renault,Food
2026-01-12 00:00:00,0.0,0.0,0.0,1,1,0,80,1.122069513044,0,Typeb,Renault,Food
2026-01-12 01:00:00,0.0,0.0,0.0,1,1,0,80,1.122069513044,0,Typeb,Renault,Food
2026-01-12 02:00:00,0.0,0.0,0.0,1,1,0,80,1.122069513044,0,Typeb,Renault,Food
2026-01-12 03:00:00,0.0,0.0,0.0,1,1,0,80,1.122069513044,0,Typeb,Renault,Food
2026-01-12 04:00:00,0.0,0.0,0.0,1,1,0,80,1.122069513044,0,Typeb,Renault,Food
2026-01-12 05:00:00,0.0,0.0,0.0,1,1,0,80,1.122069513044,0,Typeb,Renault,Food
2026-01-12 06:00:00,0.0,0.0,0.0,1,1,0,80,1.122069513044,0,Typeb,Renault,Food
2026-01-12 07:00:00,6.2868505418335765,3.1682595693985336,0.5039501970528,0,0,0,0,1.119889326784,0,Typeb,Renault,Food
2026-01-12 08:00:00,6.2868505418335765,1.9530813066944341,0.3106613229785502,0,0,0,0,1.119889326784,0,Typeb,Renault,Food
2026-01-12 09:00:00,6.2868505418335765,0.704057682088563,0.1119889326784,0,0,0,0,1.119889326784,0,Typeb,Renault,Food
2026-01-12 10:00:00,6.2868505418335765,0.704057682088563,0.1119889326784,0,0,0,0,1.119889326784,0,Typeb,Renault,Food
2026-01-12 11:00:00,6.2868505418335765,1.8154654297347712,0.2887718449252789,0,0,0,0,1.119889326784,0,Typeb,Renault,Food
2026-01-12 12:00:00,6.2868505418335765,1.137034356846074,0.1808591359505192,0,0,0,0,1.119889326784,0,Typeb,Renault,Food
2026-01-12 13:00:00,5.029480433466861,1.6303783055936119,0.3241643599495583,0,0,0,0,1.119889326784,0,Typeb,Renault,Food
2026-01-12 14:00:00,5.029480433466861,1.4452723505455403,0.28736016963670785,0,0,0,0,1.119889326784,0,Typeb,Renault,Food
2026-01-12 15:00:00,5.029480433466861,1.0254394747538556,0.20388576679420778,0,0,0,0,1.119889326784,0,Typeb,Renault,Food
2026-01-12 16:00:00,5.029480433466861,0.5632461456708503,0.1119889326784,0,0,0,0,1.119889326784,0,Typeb,Renault,Food
2026-01-12 17:00:00,5.029480433466861,0.5632461456708503,0.1119889326784,0,0,0,0,1.119889326784,0,Typeb,Renault,Food
2026-01-12 18:00:00,5.029480433466861,0.7381380675581823,0.14676229032456498,0,0,0,0,1.119889326784,0,Typeb,Renault,Food
2026-01-12 19:00:00,5.029480433466861,1.7398585315697404,0.3459320608929066,0,0,0,0,1.119889326784,0,Typeb,Renault,Food
2026-01-12 20:00:00,5.029480433466861,1.2460345046922676,0.24774616805365837,0,0,0,0,1.119889326784,0,Typeb,Renault,Food
2026-01-12 21:00:00,0.0,0.0,0.0,1,1,0,80,1.119889326784,0,Typeb,Renault,Food
2026-01-12 22:00:00,0.0,0.0,0.0,1,1,0,80,1.119889326784,0,Typeb,Renault,Food
2026-01-12 23:00:00,0.0,0.0,0.0,1,1,0,80,1.119889326784,0,Typeb,Renault,Food
2026-01-13 00:00:00,0.0,0.0,0.0,1,1,0,80,1.119889326784,0,Typeb,Renault,Food
2026-01-13 01:00:00,0.0,0.0,0.0,1,1,0,80,1.119889326784,0,Typeb,Renault,Food
2026-01-13 02:00:00,0.0,0.0,0.0,1,1,0,80,1.119889326784,0,Typeb,Renault,Food
2026-01-13 03:00:00,0.0,0.0,0.0,1,1,0,80,1.119889326784,0,Typeb,Renault,Food
2026-01-13 04:00:00,0.0,0.0,0.0,1,1,0,80,1.119889326784,0,Typeb,Renault,Food
2026-01-13 05:00:00,5.808843256886626,1.3057627029310908,0.22478876519573057,0,0,0,0,1.12425024,0,Typeb,Renault,Food
2026-01-13 06:00:00,5.808843256886626,0.6530593425677172,0.11242502400000001,0,0,0,0,1.12425024,0,Typeb,Renault,Food
2026-01-13 07:00:00,5.808843256886626,1.5728148941478581,0.2707621508435815,0,0,0,0,1.12425024,0,Typeb,Renault,Food
2026-01-13 08:00:00,5.808843256886626,1.7537718463931533,0.30191412796583617,0,0,0,0,1.12425024,0,Typeb,Renault,Food
2026-01-13 09:00:00,5.808843256886626,2.2193339780500585,0.3820612607198422,0,0,0,0,1.12425024,0,Typeb,Renault,Food
2026-01-13 10:00:00,5.808843256886626,2.1932604885123674,0.377572675233088,0,0,0,0,1.12425024,0,Typeb,Renault,Food
2026-01-13 11:00:00,5.808843256886626,0.6530593425677172,0.11242502400000001,0,0,0,0,1.12425024,0,Typeb,Renault,Food
2026-01-13 12:00:00,0.0,0.0,0.0,1,1,0,80,1.12425024,0,Typeb,Renault,Food
2026-01-13 13:00:00,8.42282272248561,0.9469360467231901,0.11242502400000001,0,0,0,0,1.12425024,0,Typeb,Renault,Food
2026-01-13 14:00:00,8.42282272248561,2.4838351624086754,0.2948934394378047,0,0,0,0,1.12425024,0,Typeb,Renault,Food
2026-01-13 15:00:00,8.42282272248561,2.4822203365120803,0.2947017191618592,0,0,0,0,1.12425024,0,Typeb,Renault,Food
2026-01-13 16:00:00,8.42282272248561,2.4838512149328698,0.29489534527444916,0,0,0,0,1.12425024,0,Typeb,Renault,Food
2026-01-13 17:00:00,8.42282272248561,4.261212210254355,0.505912608,0,0,0,0,1.12425024,0,Typeb,Renault,Food
2026-01-13 18:00:00,0.0,0.0,0.0,1,1,0,80,1.12425024,0,Typeb,Renault,Food
2026-01-13 19:00:00,0.0,0.0,0.0,1,1,0,80,1.12425024,0,Typeb,Renault,Food
2026-01-13 20:00:00,0.0,0.0,0.0,1,1,0,80,1.12425024,0,Typeb,Renault,Food
2026-01-13 21:00:00,0.0,0.0,0.0,1,1,0,80,1.12425024,0,Typeb,Renault,Food
2026-01-13 22:00:00,0.0,0.0,0.0,1,1,0,80,1.12425024,0,Typeb,Renault,Food
2026-01-13 23:00:00,0.0,0.0,0.0,1,1,0,80,1.12425024,0,Typeb,Renault,Food
2026-01-14 00:00:00,0.0,0.0,0.0,1,1,0,80,1.12425024,0,Typeb,Renault,Food
2026-01-14 01:00:00,0.0,0.0,0.0,1,1,0,80,1.12425024,0,Typeb,Renault,Food
2026-01-14 02:00:00,0.0,0.0,0.0,1,1,0,80,1.12425024,0,Typeb,Renault,Food
2026-01-14 03:00:00,0.0,0.0,0.0,1,1,0,80,1.12425024,0,Typeb,Renault,Food
2026-01-14 04:00:00,0.0,0.0,0.0,1,1,0,80,1.12425024,0,Typeb,Renault,Food
2026-01-14 05:00:00,0.0,0.0,0.0,1,1,0,80,1.12425024,0,Typeb,Renault,Food
2026-01-14 06:00:00,0.0,0.0,0.0,1,1,0,80,1.12425024,0,Typeb,Renault,Food
2026-01-14 07:00:00,6.467769205439368,2.1077867180795518,0.32589083672109254,0,0,0,0,1.102475,0,Typeb,Renault,Food
2026-01-14 08:00:00,6.467769205439368,0.7130553854766769,0.11024750000000001,0,0,0,0,1.102475,0,Typeb,Renault,Food
2026-01-14 09:00:00,6.467769205439368,1.138565911433451,0.17603687999193315,0,0,0,0,1.102475,0,Typeb,Renault,Food
2026-01-14 10:00:00,6.467769205439368,0.8966519999534436,0.13863388928587042,0,0,0,0,1.102475,0,Typeb,Renault,Food
2026-01-14 11:00:00,6.467769205439368,1.448756126683455,0.22399626218342128,0,0,0,0,1.102475,0,Typeb,Renault,Food
2026-01-14 12:00:00,6.467769205439368,3.2087492346450457,0.4961137500000001,0,0,0,0,1.102475,0,Typeb,Renault,Food
2026-01-14 13:00:00,0.0,0.0,0.0,1,1,0,80,1.102475,0,Typeb,Renault,Food
2026-01-14 14:00:00,5.721488143273287,0.6307797640755218,0.11024750000000001,0,0,0,0,1.102475,0,Typeb,Renault,Food
2026-01-14 15:00:00,5.721488143273287,1.8019770379611435,0.31494901201179887,0,0,0,0,1.102475,0,Typeb,Renault,Food
2026-01-14 16:00:00,5.721488143273287,0.6307797640755218,0.11024750000000001,0,0,0,0,1.102475,0,Typeb,Renault,Food
2026-01-14 17:00:00,5.721488143273287,0.8047570251613535,0.14065519407000793,0,0,0,0,1.102475,0,Typeb,Renault,Food
2026-01-14 18:00:00,5.721488143273287,2.148699267905391,0.375549020481953,0,0,0,0,1.102475,0,Typeb,Renault,Food
2026-01-14 19:00:00,5.721488143273287,1.266443167681937,0.2213485610681349,0,0,0,0,1.102475,0,Typeb,Renault,Food
2026-01-14 20:00:00,0.0,0.0,0.0,1,1,0,80,1.102475,0,Typeb,Renault,Food
2026-01-14 21:00:00,0.0,0.0,0.0,1,1,0,80,1.102475,0,Typeb,Renault,Food
2026-01-14 22:00:00,0.0,0.0,0.0,1,1,0,80,1.102475,0,Typeb,Renault,Food
2026-01-14 23:00:00,0.0,0.0,0.0,1,1,0,80,1.102475,0,Typeb,Renault,Food
2026-01-01 00:00:00,0.0,0.0,0.0,1,1,1,80,1.0,1,Typeb,Renault,Food
2026-01-01 01:00:00,0.0,0.0,0.0,1,1,1,80,1.0,1,Typeb,Renault,Food
2026-01-01 02:00:00,0.0,0.0,0.0,1,1,1,80,1.0,1,Typeb,Renault,Food
2026-01-01 03:00:00,0.0,0.0,0.0,1,1,1,80,1.0,1,Typeb,Renault,Food
2026-01-01 04:00:00,0.0,0.0,0.0,1,1,1,80,1.0,1,Typeb,Renault,Food
2026-01-01 05:00:00,0.0,0.0,0.0,1,1,1,80,1.0,1,Typeb,Renault,Food
2026-01-01 06:00:00,6.001606651793873,1.6678246193769914,0.2778963561163211,0,0,1,0,1.1329772784640002,1,Typeb,Renault,Food
2026-01-01 07:00:00,6.001606651793873,1.723875973616315,0.2872357476311865,0,0,1,0,1.1329772784640002,1,Typeb,Renault,Food
2026-01-01 08:00:00,6.001606651793873,0.6799683970760864,0.11329772784640002,0,0,1,0,1.1329772784640002,1,Typeb,Renault,Food
2026-01-01 09:00:00,6.001606651793873,1.1990020623330881,0.19978018085785545,0,0,1,0,1.1329772784640002,1,Typeb,Renault,Food
2026-01-01 10:00:00,6.001606651793873,1.5800588531834863,0.263272644286211,0,0,1,0,1.1329772784640002,1,Typeb,Renault,Food
2026-01-01 11:00:00,6.001606651793873,0.6799683970760864,0.11329772784640002,0,0,1,0,1.1329772784640002,1,Typeb,Renault,Food
2026-01-01 12:00:00,0.0,0.0,0.0,1,1,1,80,1.1329772784640002,1,Typeb,Renault,Food
2026-01-01 13:00:00,6.001606651793873,0.7419912546782857,0.12363210348957233,0,0,1,0,1.1329772784640002,1,Typeb,Renault,Food
2026-01-01 14:00:00,6.001606651793873,1.6923877772672515,0.28198911982367236,0,0,1,0,1.1329772784640002,1,Typeb,Renault,Food
2026-01-01 15:00:00,6.001606651793873,0.6799683970760864,0.11329772784640002,0,0,1,0,1.1329772784640002,1,Typeb,Renault,Food
2026-01-01 16:00:00,6.001606651793873,0.8311752879530512,0.13849212988735507,0,0,1,0,1.1329772784640002,1,Typeb,Renault,Food
2026-01-01 17:00:00,6.001606651793873,0.9843850055247251,0.16402024701677068,0,0,1,0,1.1329772784640002,1,Typeb,Renault,Food
2026-01-01 18:00:00,6.001606651793873,2.397531541363181,0.3994816189172547,0,0,1,0,1.1329772784640002,1,Typeb,Renault,Food
2026-01-01 19:00:00,6.001606651793873,2.1153678701866747,0.3524669297602824,0,0,1,0,1.1329772784640002,1,Typeb,Renault,Food
2026-01-01 20:00:00,0.0,0.0,0.0,1,1,1,80,1.1329772784640002,1,Typeb,Renault,Food
2026-01-01 21:00:00,0.0,0.0,0.0,1,1,1,80,1.1329772784640002,1,Typeb,Renault,Food
2026-01-01 22:00:00,0.0,0.0,0.0,1,1,1,80,1.1329772784640002,1,Typeb,Renault,Food
2026-01-01 23:00:00,0.0,0.0,0.0,1,1,1,80,1.1329772784640002,1,Typeb,Renault,Food
2026-01-02 00:00:00,0.0,0.0,0.0,1,1,1,80,1.1329772784640002,1,Typeb,Renault,Food
2026-01-02 01:00:00,0.0,0.0,0.0,1,1,1,80,1.1329772784640002,1,Typeb,Renault,Food
2026-01-02 02:00:00,0.0,0.0,0.0,1,1,1,80,1.1329772784640002,1,Typeb,Renault,Food
2026-01-02 03:00:00,0.0,0.0,0.0,1,1,1,80,1.1329772784640002,1,Typeb,Renault,Food
2026-01-02 04:00:00,0.0,0.0,0.0,1,1,1,80,1.1329772784640002,1,Typeb,Renault,Food
2026-01-02 05:00:00,4.544976752979863,0.9936303576053459,0.21862165894553443,0,0,1,0,1.23259004,1,Typeb,Renault,Food
2026-01-02 06:00:00,4.544976752979863,1.88770093997439,0.4153378647617373,0,0,1,0,1.23259004,1,Typeb,Renault,Food
2026-01-02 07:00:00,4.544976752979863,0.6554918407603298,0.1442233649117268,0,0,1,0,1.23259004,1,Typeb,Renault,Food
2026-01-02 08:00:00,4.544976752979863,1.2098440382680231,0.26619366919199366,0,0,1,0,1.23259004,1,Typeb,Renault,Food
2026-01-02 09:00:00,4.544976752979863,1.456112846718411,0.32037850265432644,0,0,1,0,1.23259004,1,Typeb,Renault,Food
2026-01-02 10:00:00,4.544976752979863,2.5209418849895338,0.5546655180000001,0,0,1,0,1.23259004,1,Typeb,Renault,Food
2026-01-02 11:00:00,4.544976752979863,1.6300333312460178,0.35864503161150485,0,0,1,0,1.23259004,1,Typeb,Renault,Food
2026-01-02 12:00:00,0.0,0.0,0.0,1,1,1,80,1.23259004,1,Typeb,Renault,Food
2026-01-02 13:00:00,4.090479077681876,0.9821840887915464,0.24011468342435865,0,0,1,0,1.23259004,1,Typeb,Renault,Food
2026-01-02 14:00:00,4.090479077681876,0.5041883769979068,0.123259004,0,0,1,0,1.23259004,1,Typeb,Renault,Food
2026-01-02 15:00:00,4.090479077681876,1.9060599166859158,0.465974738041223,0,0,1,0,1.23259004,1,Typeb,Renault,Food
2026-01-02 16:00:00,4.090479077681876,2.2688476964905804,0.5546655180000001,0,0,1,0,1.23259004,1,Typeb,Renault,Food
2026-01-02 17:00:00,4.090479077681876,0.5041883769979068,0.123259004,0,0,1,0,1.23259004,1,Typeb,Renault,Food
2026-01-02 18:00:00,4.090479077681876,1.8156000230955358,0.44385999503130524,0,0,1,0,1.23259004,1,Typeb,Renault,Food
2026-01-02 19:00:00,4.090479077681876,0.5041883769979068,0.123259004,0,0,1,0,1.23259004,1,Typeb,Renault,Food
2026-01-02 20:00:00,4.090479077681876,0.819824913471908,0.20042271281742202,0,0,1,0,1.23259004,1,Typeb,Renault,Food
2026-01-02 21:00:00,0.0,0.0,0.0,1,1,1,80,1.23259004,1,Typeb,Renault,Food
2026-01-02 22:00:00,0.0,0.0,0.0,1,1,1,80,1.23259004,1,Typeb,Renault,Food
2026-01-02 23:00:00,0.0,0.0,0.0,1,1,1,80,1.23259004,1,Typeb,Renault,Food
2026-01-03 00:00:00,0.0,0.0,0.0,1,1,1,80,1.23259004,1,Typeb,Renault,Food
2026-01-03 01:00:00,0.0,0.0,0.0,1,1,1,80,1.23259004,1,Typeb,Renault,Food
2026-01-03 02:00:00,0.0,0.0,0.0,1,1,1,80,1.23259004,1,Typeb,Renault,Food
2026-01-03 03:00:00,0.0,0.0,0.0,1,1,1,80,1.23259004,1,Typeb,Renault,Food
2026-01-03 04:00:00,0.0,0.0,0.0,1,1,1,80,1.23259004,1,Typeb,Renault,Food
2026-01-03 05:00:00,0.0,0.0,0.0,1,1,1,80,1.23259004,1,Typeb,Renault,Food
2026-01-03 06:00:00,0.0,0.0,0.0,1,1,1,80,1.23259004,1,Typeb,Renault,Food
2026-01-03 07:00:00,0.0,0.0,0.0,1,1,1,80,1.23259004,1,Typeb,Renault,Food
2026-01-03 08:00:00,0.0,0.0,0.0,1,1,1,80,1.23259004,1,Typeb,Renault,Food
2026-01-03 09:00:00,13.53164569280217,4.153303478162053,0.3069326209428689,0,0,1,0,1.209049010004,1,Typeb,Renault,Food
2026-01-03 10:00:00,13.53164569280217,5.758093561019563,0.4255279580725677,0,0,1,0,1.209049010004,1,Typeb,Renault,Food
2026-01-03 11:00:00,13.53164569280217,4.172234815834296,0.3083316627225626,0,0,1,0,1.209049010004,1,Typeb,Renault,Food
2026-01-03 12:00:00,13.53164569280217,4.462698800831059,0.32979719556246456,0,0,1,0,1.209049010004,1,Typeb,Renault,Food
2026-01-03 13:00:00,7.32964141693451,3.9878530644730428,0.5440720545018,0,0,1,0,1.209049010004,1,Typeb,Renault,Food
2026-01-03 14:00:00,7.32964141693451,2.062403079609594,0.281378441630799,0,0,1,0,1.209049010004,1,Typeb,Renault,Food
2026-01-03 15:00:00,7.32964141693451,1.1686298361380414,0.1594388824312772,0,0,1,0,1.209049010004,1,Typeb,Renault,Food
2026-01-03 16:00:00,7.32964141693451,0.8861895698828984,0.1209049010004,0,0,1,0,1.209049010004,1,Typeb,Renault,Food
2026-01-03 17:00:00,7.32964141693451,1.1902688197680973,0.16239113921972814,0,0,1,0,1.209049010004,1,Typeb,Renault,Food
2026-01-03 18:00:00,7.32964141693451,0.8861895698828984,0.1209049010004,0,0,1,0,1.209049010004,1,Typeb,Renault,Food
2026-01-03 19:00:00,0.0,0.0,0.0,1,1,1,80,1.209049010004,1,Typeb,Renault,Food
2026-01-03 20:00:00,0.0,0.0,0.0,1,1,1,80,1.209049010004,1,Typeb,Renault,Food
2026-01-03 21:00:00,0.0,0.0,0.0,1,1,1,80,1.209049010004,1,Typeb,Renault,Food
2026-01-03 22:00:00,0.0,0.0,0.0,1,1,1,80,1.209049010004,1,Typeb,Renault,Food
2026-01-03 23:00:00,0.0,0.0,0.0,1,1,1,80,1.209049010004,1,Typeb,Renault,Food
2026-01-04 00:00:00,0.0,0.0,0.0,1,1,1,80,1.209049010004,1,Typeb,Renault,Food
2026-01-04 01:00:00,0.0,0.0,0.0,1,1,1,80,1.209049010004,1,Typeb,Renault,Food
2026-01-04 02:00:00,0.0,0.0,0.0,1,1,1,80,1.209049010004,1,Typeb,Renault,Food
2026-01-04 03:00:00,0.0,0.0,0.0,1,1,1,80,1.209049010004,1,Typeb,Renault,Food
2026-01-04 04:00:00,0.0,0.0,0.0,1,1,1,80,1.209049010004,1,Typeb,Renault,Food
2026-01-04 05:00:00,0.0,0.0,0.0,1,1,1,80,1.209049010004,1,Typeb,Renault,Food
2026-01-04 06:00:00,0.0,0.0,0.0,1,1,1,80,1.209049010004,1,Typeb,Renault,Food
2026-01-04 07:00:00,0.0,0.0,0.0,1,1,1,80,1.209049010004,1,Typeb,Renault,Food
2026-01-04 08:00:00,0.0,0.0,0.0,1,1,1,80,1.209049010004,1,Typeb,Renault,Food
2026-01-04 09:00:00,10.0,1.3050301525,0.13050301525000002,0,0,1,0,1.3050301525,1,Typeb,Renault,Food
2026-01-04 10:00:00,10.0,2.5864127926749734,0.2586412792674973,0,0,1,0,1.3050301525,1,Typeb,Renault,Food
2026-01-04 11:00:00,10.0,1.5294731478879031,0.15294731478879034,0,0,1,0,1.3050301525,1,Typeb,Renault,Food
2026-01-04 12:00:00,0.0,0.0,0.0,1,1,1,80,1.3050301525,1,Typeb,Renault,Food
2026-01-04 13:00:00,5.454545454545454,2.2946431051072906,0.42068456926967,0,0,1,0,1.3050301525,1,Typeb,Renault,Food
2026-01-04 14:00:00,5.454545454545454,2.739767928533609,0.5022907868978284,0,0,1,0,1.3050301525,1,Typeb,Renault,Food
2026-01-04 15:00:00,5.454545454545454,1.4998272268875872,0.274968324929391,0,0,1,0,1.3050301525,1,Typeb,Renault,Food
2026-01-04 16:00:00,5.454545454545454,0.7118346286363636,0.13050301525000002,0,0,1,0,1.3050301525,1,Typeb,Renault,Food
2026-01-04 17:00:00,5.454545454545454,2.211870720248833,0.4055096320456194,0,0,1,0,1.3050301525,1,Typeb,Renault,Food
2026-01-04 18:00:00,5.454545454545454,1.019885974868912,0.18697909539263388,0,0,1,0,1.3050301525,1,Typeb,Renault,Food
2026-01-04 19:00:00,0.0,0.0,0.0,1,1,1,80,1.3050301525,1,Typeb,Renault,Food
2026-01-04 20:00:00,0.0,0.0,0.0,1,1,1,80,1.3050301525,1,Typeb,Renault,Food
2026-01-04 21:00:00,0.0,0.0,0.0,1,1,1,80,1.3050301525,1,Typeb,Renault,Food
2026-01-04 22:00:00,0.0,0.0,0.0,1,1,1,80,1.3050301525,1,Typeb,Renault,Food
2026-01-04 23:00:00,0.0,0.0,0.0,1,1,1,80,1.3050301525,1,Typeb,Renault,Food
2026-01-05 00:00:00,0.0,0.0,0.0,1,1,1,80,1.3050301525,1,Typeb,Renault,Food
2026-01-05 01:00:00,0.0,0.0,0.0,1,1,1,80,1.3050301525,1,Typeb,Renault,Food
2026-01-05 02:00:00,0.0,0.0,0.0,1,1,1,80,1.3050301525,1,Typeb,Renault,Food
2026-01-05 03:00:00,0.0,0.0,0.0,1,1,1,80,1.3050301525,1,Typeb,Renault,Food
2026-01-05 04:00:00,0.0,0.0,0.0,1,1,1,80,1.3050301525,1,Typeb,Renault,Food
2026-01-05 05:00:00,0.0,0.0,0.0,1,1,1,80,1.3050301525,1,Typeb,Renault,Food
2026-01-05 06:00:00,0.0,0.0,0.0,1,1,1,80,1.3050301525,1,Typeb,Renault,Food
2026-01-05 07:00:00,8.094017746000583,4.072172927240002,0.5031089694919615,0,0,1,0,1.226197579604,1,Typeb,Renault,Food
2026-01-05 08:00:00,8.094017746000583,2.7571327797233334,0.34063834133372,0,0,1,0,1.226197579604,1,Typeb,Renault,Food
2026-01-05 09:00:00,8.094017746000583,4.135617260076323,0.5109473922416113,0,0,1,0,1.226197579604,1,Typeb,Renault,Food
2026-01-05 10:00:00,8.094017746000583,4.175144189884228,0.5158308668086687,0,0,1,0,1.226197579604,1,Typeb,Renault,Food
2026-01-05 11:00:00,8.094017746000583,2.154117999505014,0.2661370492508998,0,0,1,0,1.226197579604,1,Typeb,Renault,Food
2026-01-05 12:00:00,0.0,0.0,0.0,1,1,1,80,1.226197579604,1,Typeb,Renault,Food
2026-01-05 13:00:00,7.160092621462054,1.9028858987076167,0.26576274907447456,0,0,1,0,1.226197579604,1,Typeb,Renault,Food
2026-01-05 14:00:00,7.160092621462054,0.8779688242177232,0.12261975796040002,0,0,1,0,1.226197579604,1,Typeb,Renault,Food
2026-01-05 15:00:00,7.160092621462054,1.7502683421152314,0.24444772360470327,0,0,1,0,1.226197579604,1,Typeb,Renault,Food
2026-01-05 16:00:00,7.160092621462054,0.8779688242177232,0.12261975796040002,0,0,1,0,1.226197579604,1,Typeb,Renault,Food
2026-01-05 17:00:00,7.160092621462054,1.331041279150306,0.1858972152344189,0,0,1,0,1.226197579604,1,Typeb,Renault,Food
2026-01-05 18:00:00,7.160092621462054,2.06441329536282,0.288322149517289,0,0,1,0,1.226197579604,1,Typeb,Renault,Food
2026-01-05 19:00:00,7.160092621462054,1.787679111717901,0.24967262383721317,0,0,1,0,1.226197579604,1,Typeb,Renault,Food
2026-01-05 20:00:00,0.0,0.0,0.0,1,1,1,80,1.226197579604,1,Typeb,Renault,Food
2026-01-05 21:00:00,0.0,0.0,0.0,1,1,1,80,1.226197579604,1,Typeb,Renault,Food
2026-01-05 22:00:00,0.0,0.0,0.0,1,1,1,80,1.226197579604,1,Typeb,Renault,Food
2026-01-05 23:00:00,0.0,0.0,0.0,1,1,1,80,1.226197579604,1,Typeb,Renault,Food
2026-01-06 00:00:00,0.0,0.0,0.0,1,1,1,80,1.226197579604,1,Typeb,Renault,Food
2026-01-06 01:00:00,0.0,0.0,0.0,1,1,1,80,1.226197579604,1,Typeb,Renault,Food
2026-01-06 02:00:00,0.0,0.0,0.0,1,1,1,80,1.226197579604,1,Typeb,Renault,Food
2026-01-06 03:00:00,0.0,0.0,0.0,1,1,1,80,1.226197579604,1,Typeb,Renault,Food
2026-01-06 04:00:00,0.0,0.0,0.0,1,1,1,80,1.226197579604,1,Typeb,Renault,Food
2026-01-06 05:00:00,0.0,0.0,0.0,1,1,1,80,1.226197579604,1,Typeb,Renault,Food
2026-01-06 06:00:00,6.647759517081572,3.9805691475063503,0.5987835656928001,0,0,1,0,1.3306301459840002,1,Typeb,Renault,Food
2026-01-06 07:00:00,6.647759517081572,2.8377770080191222,0.4268772058807766,0,0,1,0,1.3306301459840002,1,Typeb,Renault,Food
2026-01-06 08:00:00,6.647759517081572,0.884570921668078,0.13306301459840003,0,0,1,0,1.3306301459840002,1,Typeb,Renault,Food
2026-01-06 09:00:00,6.647759517081572,0.884570921668078,0.13306301459840003,0,0,1,0,1.3306301459840002,1,Typeb,Renault,Food
2026-01-06 10:00:00,6.647759517081572,2.4289646933921443,0.36538095085281935,0,0,1,0,1.3306301459840002,1,Typeb,Renault,Food
2026-01-06 11:00:00,6.647759517081572,2.51884806120157,0.3789018021378979,0,0,1,0,1.3306301459840002,1,Typeb,Renault,Food
2026-01-06 12:00:00,0.0,0.0,0.0,1,1,1,80,1.3306301459840002,1,Typeb,Renault,Food
2026-01-06 13:00:00,6.924749496959971,3.0572221864233473,0.4414920984167725,0,0,1,0,1.3306301459840002,1,Typeb,Renault,Food
2026-01-06 14:00:00,6.924749496959971,2.3473568311707447,0.3389807576723542,0,0,1,0,1.3306301459840002,1,Typeb,Renault,Food
2026-01-06 15:00:00,6.924749496959971,4.1464261953191155,0.5987835656928001,0,0,1,0,1.3306301459840002,1,Typeb,Renault,Food
2026-01-06 16:00:00,6.924749496959971,1.8764354180570566,0.27097520551188586,0,0,1,0,1.3306301459840002,1,Typeb,Renault,Food
2026-01-06 17:00:00,6.924749496959971,0.9330428360315999,0.13474030164429981,0,0,1,0,1.3306301459840002,1,Typeb,Renault,Food
2026-01-06 18:00:00,6.924749496959971,1.3844501694285118,0.19992783421787289,0,0,1,0,1.3306301459840002,1,Typeb,Renault,Food
2026-01-06 19:00:00,0.0,0.0,0.0,1,1,1,80,1.3306301459840002,1,Typeb,Renault,Food
2026-01-06 20:00:00,0.0,0.0,0.0,1,1,1,80,1.3306301459840002,1,Typeb,Renault,Food
2026-01-06 21:00:00,0.0,0.0,0.0,1,1,1,80,1.3306301459840002,1,Typeb,Renault,Food
2026-01-06 22:00:00,0.0,0.0,0.0,1,1,1,80,1.3306301459840002,1,Typeb,Renault,Food
2026-01-06 23:00:00,0.0,0.0,0.0,1,1,1,80,1.3306301459840002,1,Typeb,Renault,Food
2026-01-07 00:00:00,0.0,0.0,0.0,1,1,1,80,1.3306301459840002,1,Typeb,Renault,Food
2026-01-07 01:00:00,0.0,0.0,0.0,1,1,1,80,1.3306301459840002,1,Typeb,Renault,Food
2026-01-07 02:00:00,0.0,0.0,0.0,1,1,1,80,1.3306301459840002,1,Typeb,Renault,Food
2026-01-07 03:00:00,0.0,0.0,0.0,1,1,1,80,1.3306301459840002,1,Typeb,Renault,Food
2026-01-07 04:00:00,0.0,0.0,0.0,1,1,1,80,1.3306301459840002,1,Typeb,Renault,Food
2026-01-07 05:00:00,0.0,0.0,0.0,1,1,1,80,1.3306301459840002,1,Typeb,Renault,Food
2026-01-07 06:00:00,0.0,0.0,0.0,1,1,1,80,1.3306301459840002,1,Typeb,Renault,Food
2026-01-07 07:00:00,6.569471583253685,2.923875542029934,0.44507012550038555,0,0,1,0,1.282756305344,1,Typeb,Renault,Food
2026-01-07 08:00:00,6.569471583253685,1.371932679103225,0.2088345556742241,0,0,1,0,1.282756305344,1,Typeb,Renault,Food
2026-01-07 09:00:00,6.569471583253685,0.8427031096196896,0.12827563053440003,0,0,1,0,1.282756305344,1,Typeb,Renault,Food
2026-01-07 10:00:00,6.569471583253685,0.8427031096196896,0.12827563053440003,0,0,1,0,1.282756305344,1,Typeb,Renault,Food
2026-01-07 11:00:00,6.569471583253685,2.717994452516266,0.4137310616343537,0,0,1,0,1.282756305344,1,Typeb,Renault,Food
2026-01-07 12:00:00,0.0,0.0,0.0,1,1,1,80,1.282756305344,1,Typeb,Renault,Food
2026-01-07 13:00:00,5.712583985437988,3.147540053549564,0.5509835936894747,0,0,1,0,1.282756305344,1,Typeb,Renault,Food
2026-01-07 14:00:00,5.712583985437988,0.7327853127127737,0.12827563053440003,0,0,1,0,1.282756305344,1,Typeb,Renault,Food
2026-01-07 15:00:00,5.712583985437988,0.7327853127127737,0.12827563053440003,0,0,1,0,1.282756305344,1,Typeb,Renault,Food
2026-01-07 16:00:00,5.712583985437988,0.866127626762906,0.15161748675743966,0,0,1,0,1.282756305344,1,Typeb,Renault,Food
2026-01-07 17:00:00,5.712583985437988,2.146925098514278,0.37582381352939914,0,0,1,0,1.282756305344,1,Typeb,Renault,Food
2026-01-07 18:00:00,5.712583985437988,2.597356426847578,0.45467277741010526,0,0,1,0,1.282756305344,1,Typeb,Renault,Food
2026-01-07 19:00:00,0.0,0.0,0.0,1,1,1,80,1.282756305344,1,Typeb,Renault,Food
2026-01-07 20:00:00,0.0,0.0,0.0,1,1,1,80,1.282756305344,1,Typeb,Renault,Food
2026-01-07 21:00:00,0.0,0.0,0.0,1,1,1,80,1.282756305344,1,Typeb,Renault,Food
2026-01-07 22:00:00,0.0,0.0,0.0,1,1,1,80,1.282756305344,1,Typeb,Renault,Food
2026-01-07 23:00:00,0.0,0.0,0.0,1,1,1,80,1.282756305344,1,Typeb,Renault,Food
2026-01-08 00:00:00,0.0,0.0,0.0,1,1,1,80,1.282756305344,1,Typeb,Renault,Food
2026-01-08 01:00:00,0.0,0.0,0.0,1,1,1,80,1.282756305344,1,Typeb,Renault,Food
2026-01-08 02:00:00,0.0,0.0,0.0,1,1,1,80,1.282756305344,1,Typeb,Renault,Food
2026-01-08 03:00:00,0.0,0.0,0.0,1,1,1,80,1.282756305344,1,Typeb,Renault,Food
2026-01-08 04:00:00,0.0,0.0,0.0,1,1,1,80,1.282756305344,1,Typeb,Renault,Food
2026-01-08 05:00:00,0.0,0.0,0.0,1,1,1,80,1.282756305344,1,Typeb,Renault,Food
2026-01-08 06:00:00,5.300527441535028,0.6236522257278859,0.11765852221440001,0,0,1,0,1.176585222144,1,Typeb,Renault,Food
2026-01-08 07:00:00,5.300527441535028,0.9573831208896835,0.18062034985190573,0,0,1,0,1.176585222144,1,Typeb,Renault,Food
2026-01-08 08:00:00,5.300527441535028,0.7047072908427782,0.13295040891981413,0,0,1,0,1.176585222144,1,Typeb,Renault,Food
2026-01-08 09:00:00,5.300527441535028,1.998933422599673,0.3771197196218616,0,0,1,0,1.176585222144,1,Typeb,Renault,Food
2026-01-08 10:00:00,5.300527441535028,1.0895437444939906,0.20555383525728146,0,0,1,0,1.176585222144,1,Typeb,Renault,Food
2026-01-08 11:00:00,5.300527441535028,1.6978176422081495,0.32031107487606236,0,0,1,0,1.176585222144,1,Typeb,Renault,Food
2026-01-08 12:00:00,0.0,0.0,0.0,1,1,1,80,1.176585222144,1,Typeb,Renault,Food
2026-01-08 13:00:00,5.300527441535028,1.4449060914589487,0.2725966627654144,0,0,1,0,1.176585222144,1,Typeb,Renault,Food
2026-01-08 14:00:00,5.300527441535028,2.684729278165038,0.5065022882680412,0,0,1,0,1.176585222144,1,Typeb,Renault,Food
2026-01-08 15:00:00,5.300527441535028,1.176853917267119,0.22202581351532505,0,0,1,0,1.176585222144,1,Typeb,Renault,Food
2026-01-08 16:00:00,5.300527441535028,1.7118485424601804,0.32295815111645393,0,0,1,0,1.176585222144,1,Typeb,Renault,Food
2026-01-08 17:00:00,5.300527441535028,1.374555539756894,0.25932429459488354,0,0,1,0,1.176585222144,1,Typeb,Renault,Food
2026-01-08 18:00:00,5.300527441535028,1.5847211036480442,0.29897422872111584,0,0,1,0,1.176585222144,1,Typeb,Renault,Food
2026-01-08 19:00:00,0.0,0.0,0.0,1,1,1,80,1.176585222144,1,Typeb,Renault,Food
2026-01-08 20:00:00,0.0,0.0,0.0,1,1,1,80,1.176585222144,1,Typeb,Renault,Food
2026-01-08 21:00:00,0.0,0.0,0.0,1,1,1,80,1.176585222144,1,Typeb,Renault,Food
2026-01-08 22:00:00,0.0,0.0,0.0,1,1,1,80,1.176585222144,1,Typeb,Renault,Food
2026-01-08 23:00:00,0.0,0.0,0.0,1,1,1,80,1.176585222144,1,Typeb,Renault,Food
2026-01-09 00:00:00,0.0,0.0,0.0,1,1,1,80,1.176585222144,1,Typeb,Renault,Food
2026-01-09 01:00:00,0.0,0.0,0.0,1,1,1,80,1.176585222144,1,Typeb,Renault,Food
2026-01-09 02:00:00,0.0,0.0,0.0,1,1,1,80,1.176585222144,1,Typeb,Renault,Food
2026-01-09 03:00:00,0.0,0.0,0.0,1,1,1,80,1.176585222144,1,Typeb,Renault,Food
2026-01-09 04:00:00,0.0,0.0,0.0,1,1,1,80,1.176585222144,1,Typeb,Renault,Food
2026-01-09 05:00:00,0.0,0.0,0.0,1,1,1,80,1.176585222144,1,Typeb,Renault,Food
2026-01-09 06:00:00,0.0,0.0,0.0,1,1,1,80,1.176585222144,1,Typeb,Renault,Food
2026-01-09 07:00:00,9.104885352198856,1.0355372024753493,0.1137342385344,0,0,1,0,1.137342385344,1,Typeb,Renault,Food
2026-01-09 08:00:00,9.104885352198856,1.0355372024753493,0.1137342385344,0,0,1,0,1.137342385344,1,Typeb,Renault,Food
2026-01-09 09:00:00,9.104885352198856,1.0355372024753493,0.1137342385344,0,0,1,0,1.137342385344,1,Typeb,Renault,Food
2026-01-09 10:00:00,9.104885352198856,2.8627614445897107,0.3144203725638726,0,0,1,0,1.137342385344,1,Typeb,Renault,Food
2026-01-09 11:00:00,9.104885352198856,2.800481244632883,0.3075800667777281,0,0,1,0,1.137342385344,1,Typeb,Renault,Food
2026-01-09 12:00:00,9.104885352198856,1.9938722947173133,0.21898928076406668,0,0,1,0,1.137342385344,1,Typeb,Renault,Food
2026-01-09 13:00:00,10.83914922880816,3.542881507623611,0.3268597408187151,0,0,1,0,1.137342385344,1,Typeb,Renault,Food
2026-01-09 14:00:00,10.83914922880816,1.232782383899225,0.1137342385344,0,0,1,0,1.137342385344,1,Typeb,Renault,Food
2026-01-09 15:00:00,10.83914922880816,4.757025521608649,0.4388744375772117,0,0,1,0,1.137342385344,1,Typeb,Renault,Food
2026-01-09 16:00:00,10.83914922880816,2.7384370057918606,0.2526431685720938,0,0,1,0,1.137342385344,1,Typeb,Renault,Food
2026-01-09 17:00:00,10.83914922880816,5.427598648577923,0.5007402826554428,0,0,1,0,1.137342385344,1,Typeb,Renault,Food
2026-01-09 18:00:00,0.0,0.0,0.0,1,1,1,80,1.137342385344,1,Typeb,Renault,Food
2026-01-09 19:00:00,0.0,0.0,0.0,1,1,1,80,1.137342385344,1,Typeb,Renault,Food
2026-01-09 20:00:00,0.0,0.0,0.0,1,1,1,80,1.137342385344,1,Typeb,Renault,Food
2026-01-09 21:00:00,0.0,0.0,0.0,1,1,1,80,1.137342385344,1,Typeb,Renault,Food
2026-01-09 22:00:00,0.0,0.0,0.0,1,1,1,80,1.137342385344,1,Typeb,Renault,Food
2026-01-09 23:00:00,0.0,0.0,0.0,1,1,1,80,1.137342385344,1,Typeb,Renault,Food
2026-01-10 00:00:00,0.0,0.0,0.0,1,1,1,80,1.137342385344,1,Typeb,Renault,Food
2026-01-10 01:00:00,0.0,0.0,0.0,1,1,1,80,1.137342385344,1,Typeb,Renault,Food
2026-01-10 02:00:00,0.0,0.0,0.0,1,1,1,80,1.137342385344,1,Typeb,Renault,Food
2026-01-10 03:00:00,0.0,0.0,0.0,1,1,1,80,1.137342385344,1,Typeb,Renault,Food
2026-01-10 04:00:00,0.0,0.0,0.0,1,1,1,80,1.137342385344,1,Typeb,Renault,Food
2026-01-10 05:00:00,0.0,0.0,0.0,1,1,1,80,1.137342385344,1,Typeb,Renault,Food
2026-01-10 06:00:00,0.0,0.0,0.0,1,1,1,80,1.137342385344,1,Typeb,Renault,Food
2026-01-10 07:00:00,0.0,0.0,0.0,1,1,1,80,1.137342385344,1,Typeb,Renault,Food
2026-01-10 08:00:00,0.0,0.0,0.0,1,1,1,80,1.137342385344,1,Typeb,Renault,Food
2026-01-10 09:00:00,0.0,0.0,0.0,1,1,1,80,1.137342385344,1,Typeb,Renault,Food
2026-01-10 10:00:00,13.333333333333334,4.278811482433715,0.32091086118252865,0,0,1,0,1.18961004,1,Typeb,Renault,Food
2026-01-10 11:00:00,13.333333333333334,2.641157905599014,0.19808684291992604,0,0,1,0,1.18961004,1,Typeb,Renault,Food
2026-01-10 12:00:00,0.0,0.0,0.0,1,1,1,80,1.18961004,1,Typeb,Renault,Food
2026-01-10 13:00:00,5.217391304347826,0.620666107826087,0.11896100400000001,0,0,1,0,1.18961004,1,Typeb,Renault,Food
2026-01-10 14:00:00,5.217391304347826,0.620666107826087,0.11896100400000001,0,0,1,0,1.18961004,1,Typeb,Renault,Food
2026-01-10 15:00:00,5.217391304347826,0.620666107826087,0.11896100400000001,0,0,1,0,1.18961004,1,Typeb,Renault,Food
2026-01-10 16:00:00,5.217391304347826,0.9350831722048099,0.17922427467258856,0,0,1,0,1.18961004,1,Typeb,Renault,Food
2026-01-10 17:00:00,5.217391304347826,0.7190267970410326,0.13781346943286457,0,0,1,0,1.18961004,1,Typeb,Renault,Food
2026-01-10 18:00:00,5.217391304347826,2.1051331842630727,0.403483860317089,0,0,1,0,1.18961004,1,Typeb,Renault,Food
2026-01-10 19:00:00,0.0,0.0,0.0,1,1,1,80,1.18961004,1,Typeb,Renault,Food
2026-01-10 20:00:00,0.0,0.0,0.0,1,1,1,80,1.18961004,1,Typeb,Renault,Food
2026-01-10 21:00:00,0.0,0.0,0.0,1,1,1,80,1.18961004,1,Typeb,Renault,Food
2026-01-10 22:00:00,0.0,0.0,0.0,1,1,1,80,1.18961004,1,Typeb,Renault,Food
2026-01-10 23:00:00,0.0,0.0,0.0,1,1,1,80,1.18961004,1,Typeb,Renault,Food
2026-01-11 00:00:00,0.0,0.0,0.0,1,1,1,80,1.18961004,1,Typeb,Renault,Food
2026-01-11 01:00:00,0.0,0.0,0.0,1,1,1,80,1.18961004,1,Typeb,Renault,Food
2026-01-11 02:00:00,0.0,0.0,0.0,1,1,1,80,1.18961004,1,Typeb,Renault,Food
2026-01-11 03:00:00,0.0,0.0,0.0,1,1,1,80,1.18961004,1,Typeb,Renault,Food
2026-01-11 04:00:00,0.0,0.0,0.0,1,1,1,80,1.18961004,1,Typeb,Renault,Food
2026-01-11 05:00:00,0.0,0.0,0.0,1,1,1,80,1.18961004,1,Typeb,Renault,Food
2026-01-11 06:00:00,0.0,0.0,0.0,1,1,1,80,1.18961004,1,Typeb,Renault,Food
2026-01-11 07:00:00,0.0,0.0,0.0,1,1,1,80,1.18961004,1,Typeb,Renault,Food
2026-01-11 08:00:00,0.0,0.0,0.0,1,1,1,80,1.18961004,1,Typeb,Renault,Food
2026-01-11 09:00:00,10.0,1.122069513044,0.1122069513044,0,0,1,0,1.122069513044,1,Typeb,Renault,Food
2026-01-11 10:00:00,10.0,2.7754474994777296,0.27754474994777295,0,0,1,0,1.122069513044,1,Typeb,Renault,Food
2026-01-11 11:00:00,10.0,2.8807917753907666,0.28807917753907664,0,0,1,0,1.122069513044,1,Typeb,Renault,Food
2026-01-11 12:00:00,0.0,0.0,0.0,1,1,1,80,1.122069513044,1,Typeb,Renault,Food
2026-01-11 13:00:00,4.444444444444445,1.498585668318409,0.337181775371642,0,0,1,0,1.122069513044,1,Typeb,Renault,Food
2026-01-11 14:00:00,4.444444444444445,0.7329891940927465,0.16492256867086796,0,0,1,0,1.122069513044,1,Typeb,Renault,Food
2026-01-11 15:00:00,4.444444444444445,0.4986975613528889,0.1122069513044,0,0,1,0,1.122069513044,1,Typeb,Renault,Food
2026-01-11 16:00:00,4.444444444444445,0.4986975613528889,0.1122069513044,0,0,1,0,1.122069513044,1,Typeb,Renault,Food
2026-01-11 17:00:00,4.444444444444445,1.0290783776593126,0.23154263497334535,0,0,1,0,1.122069513044,1,Typeb,Renault,Food
2026-01-11 18:00:00,4.444444444444445,0.9755166413386881,0.2194912443012048,0,0,1,0,1.122069513044,1,Typeb,Renault,Food
2026-01-11 19:00:00,4.444444444444445,0.4986975613528889,0.1122069513044,0,0,1,0,1.122069513044,1,Typeb,Renault,Food
2026-01-11 20:00:00,0.0,0.0,0.0,1,1,1,80,1.122069513044,1,Typeb,Renault,Food
2026-01-11 21:00:00,0.0,0.0,0.0,1,1,1,80,1.122069513044,1,Typeb,Renault,Food
2026-01-11 22:00:00,0.0,0.0,0.0,1,1,1,80,1.122069513044,1,Typeb,Renault,Food
2026-01-11 23:00:00,0.0,0.0,0.0,1,1,1,80,1.122069513044,1,Typeb,Renault,Food
2026-01-12 00:00:00,0.0,0.0,0.0,1,1,1,80,1.122069513044,1,Typeb,Renault,Food
2026-01-12 01:00:00,0.0,0.0,0.0,1,1,1,80,1.122069513044,1,Typeb,Renault,Food
2026-01-12 02:00:00,0.0,0.0,0.0,1,1,1,80,1.122069513044,1,Typeb,Renault,Food
2026-01-12 03:00:00,0.0,0.0,0.0,1,1,1,80,1.122069513044,1,Typeb,Renault,Food
2026-01-12 04:00:00,0.0,0.0,0.0,1,1,1,80,1.122069513044,1,Typeb,Renault,Food
2026-01-12 05:00:00,0.0,0.0,0.0,1,1,1,80,1.122069513044,1,Typeb,Renault,Food
2026-01-12 06:00:00,0.0,0.0,0.0,1,1,1,80,1.122069513044,1,Typeb,Renault,Food
2026-01-12 07:00:00,7.139071355708971,3.5977364164835364,0.5039501970528,0,0,1,0,1.119889326784,1,Typeb,Renault,Food
2026-01-12 08:00:00,7.139071355708971,3.033085974282536,0.42485721505739515,0,0,1,0,1.119889326784,1,Typeb,Renault,Food
2026-01-12 09:00:00,7.139071355708971,0.7994969814407858,0.1119889326784,0,0,1,0,1.119889326784,1,Typeb,Renault,Food
2026-01-12 10:00:00,7.139071355708971,0.7994969814407858,0.1119889326784,0,0,1,0,1.119889326784,1,Typeb,Renault,Food
2026-01-12 11:00:00,7.139071355708971,2.687468443501874,0.37644510183425456,0,0,1,0,1.119889326784,1,Typeb,Renault,Food
2026-01-12 12:00:00,0.0,0.0,0.0,1,1,1,80,1.119889326784,1,Typeb,Renault,Food
2026-01-12 13:00:00,7.932301506343301,2.3495327863203994,0.296198119100935,0,0,1,0,1.119889326784,1,Typeb,Renault,Food
2026-01-12 14:00:00,7.932301506343301,0.888329979378651,0.1119889326784,0,0,1,0,1.119889326784,1,Typeb,Renault,Food
2026-01-12 15:00:00,7.932301506343301,1.7467050204424706,0.22020154163903957,0,0,1,0,1.119889326784,1,Typeb,Renault,Food
2026-01-12 16:00:00,7.932301506343301,2.463057875350587,0.31050986569042155,0,0,1,0,1.119889326784,1,Typeb,Renault,Food
2026-01-12 17:00:00,7.932301506343301,1.2772186327690942,0.16101488726162616,0,0,1,0,1.119889326784,1,Typeb,Renault,Food
2026-01-12 18:00:00,0.0,0.0,0.0,1,1,1,80,1.119889326784,1,Typeb,Renault,Food
2026-01-12 19:00:00,0.0,0.0,0.0,1,1,1,80,1.119889326784,1,Typeb,Renault,Food
2026-01-12 20:00:00,0.0,0.0,0.0,1,1,1,80,1.119889326784,1,Typeb,Renault,Food
2026-01-12 21:00:00,0.0,0.0,0.0,1,1,1,80,1.119889326784,1,Typeb,Renault,Food
2026-01-12 22:00:00,0.0,0.0,0.0,1,1,1,80,1.119889326784,1,Typeb,Renault,Food
2026-01-12 23:00:00,0.0,0.0,0.0,1,1,1,80,1.119889326784,1,Typeb,Renault,Food
2026-01-13 00:00:00,0.0,0.0,0.0,1,1,1,80,1.119889326784,1,Typeb,Renault,Food
2026-01-13 01:00:00,0.0,0.0,0.0,1,1,1,80,1.119889326784,1,Typeb,Renault,Food
2026-01-13 02:00:00,0.0,0.0,0.0,1,1,1,80,1.119889326784,1,Typeb,Renault,Food
2026-01-13 03:00:00,0.0,0.0,0.0,1,1,1,80,1.119889326784,1,Typeb,Renault,Food
2026-01-13 04:00:00,0.0,0.0,0.0,1,1,1,80,1.119889326784,1,Typeb,Renault,Food
2026-01-13 05:00:00,0.0,0.0,0.0,1,1,1,80,1.119889326784,1,Typeb,Renault,Food
2026-01-13 06:00:00,5.96762756139993,1.00900846950604,0.16908033538026948,0,0,1,0,1.12425024,1,Typeb,Renault,Food
2026-01-13 07:00:00,5.96762756139993,2.780116134498558,0.4658662267198152,0,0,1,0,1.12425024,1,Typeb,Renault,Food
2026-01-13 08:00:00,5.96762756139993,2.0251006588191816,0.3393476952077281,0,0,1,0,1.12425024,1,Typeb,Renault,Food
2026-01-13 09:00:00,5.96762756139993,1.2336307872732883,0.20672047217770645,0,0,1,0,1.12425024,1,Typeb,Renault,Food
2026-01-13 10:00:00,5.96762756139993,0.6709106718134488,0.11242502400000001,0,0,1,0,1.12425024,1,Typeb,Renault,Food
2026-01-13 11:00:00,5.96762756139993,3.019098023160519,0.505912608,0,0,1,0,1.12425024,1,Typeb,Renault,Food
2026-01-13 12:00:00,0.0,0.0,0.0,1,1,1,80,1.12425024,1,Typeb,Renault,Food
2026-01-13 13:00:00,0.0,0.0,0.0,1,1,1,80,1.12425024,1,Typeb,Renault,Food
2026-01-13 14:00:00,7.104318525476107,2.4807057357318785,0.34918278605274533,0,0,1,0,1.12425024,1,Typeb,Renault,Food
2026-01-13 15:00:00,7.104318525476107,0.7987031807302961,0.11242502400000001,0,0,1,0,1.12425024,1,Typeb,Renault,Food
2026-01-13 16:00:00,7.104318525476107,2.6526511109922075,0.373385723272372,0,0,1,0,1.12425024,1,Typeb,Renault,Food
2026-01-13 17:00:00,7.104318525476107,0.7987031807302961,0.11242502400000001,0,0,1,0,1.12425024,1,Typeb,Renault,Food
2026-01-13 18:00:00,7.104318525476107,0.7987031807302961,0.11242502400000001,0,0,1,0,1.12425024,1,Typeb,Renault,Food
2026-01-13 19:00:00,0.0,0.0,0.0,1,1,1,80,1.12425024,1,Typeb,Renault,Food
2026-01-13 20:00:00,0.0,0.0,0.0,1,1,1,80,1.12425024,1,Typeb,Renault,Food
2026-01-13 21:00:00,0.0,0.0,0.0,1,1,1,80,1.12425024,1,Typeb,Renault,Food
2026-01-13 22:00:00,0.0,0.0,0.0,1,1,1,80,1.12425024,1,Typeb,Renault,Food
2026-01-13 23:00:00,0.0,0.0,0.0,1,1,1,80,1.12425024,1,Typeb,Renault,Food
2026-01-14 00:00:00,0.0,0.0,0.0,1,1,1,80,1.12425024,1,Typeb,Renault,Food
2026-01-14 01:00:00,0.0,0.0,0.0,1,1,1,80,1.12425024,1,Typeb,Renault,Food
2026-01-14 02:00:00,0.0,0.0,0.0,1,1,1,80,1.12425024,1,Typeb,Renault,Food
2026-01-14 03:00:00,0.0,0.0,0.0,1,1,1,80,1.12425024,1,Typeb,Renault,Food
2026-01-14 04:00:00,0.0,0.0,0.0,1,1,1,80,1.12425024,1,Typeb,Renault,Food
2026-01-14 05:00:00,0.0,0.0,0.0,1,1,1,80,1.12425024,1,Typeb,Renault,Food
2026-01-14 06:00:00,0.0,0.0,0.0,1,1,1,80,1.12425024,1,Typeb,Renault,Food
2026-01-14 07:00:00,0.0,0.0,0.0,1,1,1,80,1.12425024,1,Typeb,Renault,Food
2026-01-14 08:00:00,9.674855743636503,1.7663033886129533,0.18256637984237792,0,0,1,0,1.102475,1,Typeb,Renault,Food
2026-01-14 09:00:00,9.674855743636503,4.119060734640434,0.4257490596022258,0,0,1,0,1.102475,1,Typeb,Renault,Food
2026-01-14 10:00:00,9.674855743636503,2.4033282744389894,0.2484097270411235,0,0,1,0,1.102475,1,Typeb,Renault,Food
2026-01-14 11:00:00,9.674855743636503,1.0666286585965654,0.11024750000000001,0,0,1,0,1.102475,1,Typeb,Renault,Food
2026-01-14 12:00:00,9.674855743636503,2.537013970310233,0.26222757605237856,0,0,1,0,1.102475,1,Typeb,Renault,Food
2026-01-14 13:00:00,7.5716262341503064,1.1685828938690777,0.15433710774026563,0,0,1,0,1.102475,1,Typeb,Renault,Food
2026-01-14 14:00:00,7.5716262341503064,1.1679719207487704,0.15425641528379552,0,0,1,0,1.102475,1,Typeb,Renault,Food
2026-01-14 15:00:00,7.5716262341503064,3.2146451552873434,0.4245646913721558,0,0,1,0,1.102475,1,Typeb,Renault,Food
2026-01-14 16:00:00,7.5716262341503064,1.916696207027813,0.2531419470209633,0,0,1,0,1.102475,1,Typeb,Renault,Food
2026-01-14 17:00:00,7.5716262341503064,1.5394762110806577,0.2033217387484287,0,0,1,0,1.102475,1,Typeb,Renault,Food
2026-01-14 18:00:00,7.5716262341503064,1.1462860699959194,0.15139232108761858,0,0,1,0,1.102475,1,Typeb,Renault,Food
2026-01-14 19:00:00,0.0,0.0,0.0,1,1,1,80,1.102475,1,Typeb,Renault,Food
2026-01-14 20:00:00,0.0,0.0,0.0,1,1,1,80,1.102475,1,Typeb,Renault,Food
2026-01-14 21:00:00,0.0,0.0,0.0,1,1,1,80,1.102475,1,Typeb,Renault,Food
2026-01-14 22:00:00,0.0,0.0,0.0,1,1,1,80,1.102475,1,Typeb,Renault,Food
2026-01-14 23:00:00,0.0,0.0,0.0,1,1,1,80,1.102475,1,Typeb,Renault,Food
2026-01-01 00:00:00,0.0,0.0,0.0,1,1,2,80,1.0,2,Typeb,Renault,Food
2026-01-01 01:00:00,0.0,0.0,0.0,1,1,2,80,1.0,2,Typeb,Renault,Food
2026-01-01 02:00:00,0.0,0.0,0.0,1,1,2,80,1.0,2,Typeb,Renault,Food
2026-01-01 03:00:00,0.0,0.0,0.0,1,1,2,80,1.0,2,Typeb,Renault,Food
2026-01-01 04:00:00,0.0,0.0,0.0,1,1,2,80,1.0,2,Typeb,Renault,Food
2026-01-01 05:00:00,0.0,0.0,0.0,1,1,2,80,1.0,2,Typeb,Renault,Food
2026-01-01 06:00:00,0.0,0.0,0.0,1,1,2,80,1.0,2,Typeb,Renault,Food
2026-01-01 07:00:00,6.584583255511025,2.0710139943766266,0.314524688049661,0,0,2,0,1.1329772784640002,2,Typeb,Renault,Food
2026-01-01 08:00:00,6.584583255511025,1.2414267664512473,0.18853535877342337,0,0,2,0,1.1329772784640002,2,Typeb,Renault,Food
2026-01-01 09:00:00,6.584583255511025,2.1558074581656856,0.3274022629087974,0,0,2,0,1.1329772784640002,2,Typeb,Renault,Food
2026-01-01 10:00:00,6.584583255511025,2.4944869472285642,0.378837483016223,0,0,2,0,1.1329772784640002,2,Typeb,Renault,Food
2026-01-01 11:00:00,6.584583255511025,3.3570824474918286,0.5098397753088001,0,0,2,0,1.1329772784640002,2,Typeb,Renault,Food
2026-01-01 12:00:00,6.584583255511025,1.2327910251831324,0.18722384961133828,0,0,2,0,1.1329772784640002,2,Typeb,Renault,Food
2026-01-01 13:00:00,0.0,0.0,0.0,1,1,2,80,1.1329772784640002,2,Typeb,Renault,Food
2026-01-01 14:00:00,6.057816595070143,0.6863368559316627,0.11329772784640002,0,0,2,0,1.1329772784640002,2,Typeb,Renault,Food
2026-01-01 15:00:00,6.057816595070143,0.6863368559316627,0.11329772784640002,0,0,2,0,1.1329772784640002,2,Typeb,Renault,Food
2026-01-01 16:00:00,6.057816595070143,1.4823291473114408,0.24469693396095243,0,0,2,0,1.1329772784640002,2,Typeb,Renault,Food
2026-01-01 17:00:00,6.057816595070143,2.101805036068149,0.3469575222496172,0,0,2,0,1.1329772784640002,2,Typeb,Renault,Food
2026-01-01 18:00:00,6.057816595070143,1.5273862206355044,0.2521347744133576,0,0,2,0,1.1329772784640002,2,Typeb,Renault,Food
2026-01-01 19:00:00,6.057816595070143,0.6863368559316627,0.11329772784640002,0,0,2,0,1.1329772784640002,2,Typeb,Renault,Food
2026-01-01 20:00:00,0.0,0.0,0.0,1,1,2,80,1.1329772784640002,2,Typeb,Renault,Food
2026-01-01 21:00:00,0.0,0.0,0.0,1,1,2,80,1.1329772784640002,2,Typeb,Renault,Food
2026-01-01 22:00:00,0.0,0.0,0.0,1,1,2,80,1.1329772784640002,2,Typeb,Renault,Food
2026-01-01 23:00:00,0.0,0.0,0.0,1,1,2,80,1.1329772784640002,2,Typeb,Renault,Food
2026-01-02 00:00:00,0.0,0.0,0.0,1,1,2,80,1.1329772784640002,2,Typeb,Renault,Food
2026-01-02 01:00:00,0.0,0.0,0.0,1,1,2,80,1.1329772784640002,2,Typeb,Renault,Food
2026-01-02 02:00:00,0.0,0.0,0.0,1,1,2,80,1.1329772784640002,2,Typeb,Renault,Food
2026-01-02 03:00:00,0.0,0.0,0.0,1,1,2,80,1.1329772784640002,2,Typeb,Renault,Food
2026-01-02 04:00:00,0.0,0.0,0.0,1,1,2,80,1.1329772784640002,2,Typeb,Renault,Food
2026-01-02 05:00:00,0.0,0.0,0.0,1,1,2,80,1.1329772784640002,2,Typeb,Renault,Food
2026-01-02 06:00:00,0.0,0.0,0.0,1,1,2,80,1.1329772784640002,2,Typeb,Renault,Food
2026-01-02 07:00:00,0.0,0.0,0.0,1,1,2,80,1.1329772784640002,2,Typeb,Renault,Food
2026-01-02 08:00:00,10.215839178991235,4.613457604687874,0.4515984956160431,0,0,2,0,1.23259004,2,Typeb,Renault,Food
2026-01-02 09:00:00,10.215839178991235,1.2591941622266374,0.123259004,0,0,2,0,1.23259004,2,Typeb,Renault,Food
2026-01-02 10:00:00,10.215839178991235,1.2591941622266374,0.123259004,0,0,2,0,1.23259004,2,Typeb,Renault,Food
2026-01-02 11:00:00,10.215839178991235,3.8536380910421952,0.3772218829528132,0,0,2,0,1.23259004,2,Typeb,Renault,Food
2026-01-02 12:00:00,0.0,0.0,0.0,1,1,2,80,1.23259004,2,Typeb,Renault,Food
2026-01-02 13:00:00,0.0,0.0,0.0,1,1,2,80,1.23259004,2,Typeb,Renault,Food
2026-01-02 14:00:00,8.68346330214255,1.070315037892642,0.123259004,0,0,2,0,1.23259004,2,Typeb,Renault,Food
2026-01-02 15:00:00,8.68346330214255,4.816417670516889,0.5546655180000001,0,0,2,0,1.23259004,2,Typeb,Renault,Food
2026-01-02 16:00:00,8.68346330214255,1.2231045091984878,0.1408544571031584,0,0,2,0,1.23259004,2,Typeb,Renault,Food
2026-01-02 17:00:00,8.68346330214255,2.0392745088165474,0.234845756567357,0,0,2,0,1.23259004,2,Typeb,Renault,Food
2026-01-02 18:00:00,8.68346330214255,2.3451084711259886,0.27006603120524025,0,0,2,0,1.23259004,2,Typeb,Renault,Food
2026-01-02 19:00:00,0.0,0.0,0.0,1,1,2,80,1.23259004,2,Typeb,Renault,Food
2026-01-02 20:00:00,0.0,0.0,0.0,1,1,2,80,1.23259004,2,Typeb,Renault,Food
2026-01-02 21:00:00,0.0,0.0,0.0,1,1,2,80,1.23259004,2,Typeb,Renault,Food
2026-01-02 22:00:00,0.0,0.0,0.0,1,1,2,80,1.23259004,2,Typeb,Renault,Food
2026-01-02 23:00:00,0.0,0.0,0.0,1,1,2,80,1.23259004,2,Typeb,Renault,Food
2026-01-03 00:00:00,0.0,0.0,0.0,1,1,2,80,1.23259004,2,Typeb,Renault,Food
2026-01-03 01:00:00,0.0,0.0,0.0,1,1,2,80,1.23259004,2,Typeb,Renault,Food
2026-01-03 02:00:00,0.0,0.0,0.0,1,1,2,80,1.23259004,2,Typeb,Renault,Food
2026-01-03 03:00:00,0.0,0.0,0.0,1,1,2,80,1.23259004,2,Typeb,Renault,Food
2026-01-03 04:00:00,0.0,0.0,0.0,1,1,2,80,1.23259004,2,Typeb,Renault,Food
2026-01-03 05:00:00,0.0,0.0,0.0,1,1,2,80,1.23259004,2,Typeb,Renault,Food
2026-01-03 06:00:00,0.0,0.0,0.0,1,1,2,80,1.23259004,2,Typeb,Renault,Food
2026-01-03 07:00:00,0.0,0.0,0.0,1,1,2,80,1.23259004,2,Typeb,Renault,Food
2026-01-03 08:00:00,0.0,0.0,0.0,1,1,2,80,1.23259004,2,Typeb,Renault,Food
2026-01-03 09:00:00,11.086496592845279,2.1388744273558684,0.19292608890857377,0,0,2,0,1.209049010004,2,Typeb,Renault,Food
2026-01-03 10:00:00,11.086496592845279,1.3404117729992302,0.1209049010004,0,0,2,0,1.209049010004,2,Typeb,Renault,Food
2026-01-03 11:00:00,11.086496592845279,3.962189440824342,0.35738877540280484,0,0,2,0,1.209049010004,2,Typeb,Renault,Food
2026-01-03 12:00:00,0.0,0.0,0.0,1,1,2,80,1.209049010004,2,Typeb,Renault,Food
2026-01-03 13:00:00,0.0,0.0,0.0,1,1,2,80,1.209049010004,2,Typeb,Renault,Food
2026-01-03 14:00:00,5.5432482964226395,0.6702058864996151,0.1209049010004,0,0,2,0,1.209049010004,2,Typeb,Renault,Food
2026-01-03 15:00:00,5.5432482964226395,1.192504513529794,0.21512738556188837,0,0,2,0,1.209049010004,2,Typeb,Renault,Food
2026-01-03 16:00:00,5.5432482964226395,2.2694314744357476,0.40940462217799906,0,0,2,0,1.209049010004,2,Typeb,Renault,Food
2026-01-03 17:00:00,5.5432482964226395,2.036865440078595,0.3674497931822927,0,0,2,0,1.209049010004,2,Typeb,Renault,Food
2026-01-03 18:00:00,5.5432482964226395,0.859296341439415,0.15501675109772114,0,0,2,0,1.209049010004,2,Typeb,Renault,Food
2026-01-03 19:00:00,5.5432482964226395,1.1700357714144076,0.2110740325612864,0,0,2,0,1.209049010004,2,Typeb,Renault,Food
2026-01-03 20:00:00,0.0,0.0,0.0,1,1,2,80,1.209049010004,2,Typeb,Renault,Food
2026-01-03 21:00:00,0.0,0.0,0.0,1,1,2,80,1.209049010004,2,Typeb,Renault,Food
2026-01-03 22:00:00,0.0,0.0,0.0,1,1,2,80,1.209049010004,2,Typeb,Renault,Food
2026-01-03 23:00:00,0.0,0.0,0.0,1,1,2,80,1.209049010004,2,Typeb,Renault,Food
2026-01-04 00:00:00,0.0,0.0,0.0,1,1,2,80,1.209049010004,2,Typeb,Renault,Food
2026-01-04 01:00:00,0.0,0.0,0.0,1,1,2,80,1.209049010004,2,Typeb,Renault,Food
2026-01-04 02:00:00,0.0,0.0,0.0,1,1,2,80,1.209049010004,2,Typeb,Renault,Food
2026-01-04 03:00:00,0.0,0.0,0.0,1,1,2,80,1.209049010004,2,Typeb,Renault,Food
2026-01-04 04:00:00,0.0,0.0,0.0,1,1,2,80,1.209049010004,2,Typeb,Renault,Food
2026-01-04 05:00:00,0.0,0.0,0.0,1,1,2,80,1.209049010004,2,Typeb,Renault,Food
2026-01-04 06:00:00,0.0,0.0,0.0,1,1,2,80,1.209049010004,2,Typeb,Renault,Food
2026-01-04 07:00:00,0.0,0.0,0.0,1,1,2,80,1.209049010004,2,Typeb,Renault,Food
2026-01-04 08:00:00,0.0,0.0,0.0,1,1,2,80,1.209049010004,2,Typeb,Renault,Food
2026-01-04 09:00:00,10.909090909090908,2.9987671683804447,0.2748869904348741,0,0,2,0,1.3050301525,2,Typeb,Renault,Food
2026-01-04 10:00:00,10.909090909090908,5.55786923913675,0.5094713469208688,0,0,2,0,1.3050301525,2,Typeb,Renault,Food
2026-01-04 11:00:00,10.909090909090908,4.138273387257456,0.3793417271652669,0,0,2,0,1.3050301525,2,Typeb,Renault,Food
2026-01-04 12:00:00,0.0,0.0,0.0,1,1,2,80,1.3050301525,2,Typeb,Renault,Food
2026-01-04 13:00:00,4.8,0.6264144732,0.13050301525000002,0,0,2,0,1.3050301525,2,Typeb,Renault,Food
2026-01-04 14:00:00,4.8,0.6264144732,0.13050301525000002,0,0,2,0,1.3050301525,2,Typeb,Renault,Food
2026-01-04 15:00:00,4.8,0.6264144732,0.13050301525000002,0,0,2,0,1.3050301525,2,Typeb,Renault,Food
2026-01-04 16:00:00,4.8,0.9339973982423253,0.19458279130048448,0,0,2,0,1.3050301525,2,Typeb,Renault,Food
2026-01-04 17:00:00,4.8,1.5526831465591635,0.32347565553315905,0,0,2,0,1.3050301525,2,Typeb,Renault,Food
2026-01-04 18:00:00,4.8,0.6264144732,0.13050301525000002,0,0,2,0,1.3050301525,2,Typeb,Renault,Food
2026-01-04 19:00:00,4.8,2.8188651294000002,0.5872635686250001,0,0,2,0,1.3050301525,2,Typeb,Renault,Food
2026-01-04 20:00:00,0.0,0.0,0.0,1,1,2,80,1.3050301525,2,Typeb,Renault,Food
2026-01-04 21:00:00,0.0,0.0,0.0,1,1,2,80,1.3050301525,2,Typeb,Renault,Food
2026-01-04 22:00:00,0.0,0.0,0.0,1,1,2,80,1.3050301525,2,Typeb,Renault,Food
2026-01-04 23:00:00,0.0,0.0,0.0,1,1,2,80,1.3050301525,2,Typeb,Renault,Food
2026-01-05 00:00:00,0.0,0.0,0.0,1,1,2,80,1.3050301525,2,Typeb,Renault,Food
2026-01-05 01:00:00,0.0,0.0,0.0,1,1,2,80,1.3050301525,2,Typeb,Renault,Food
2026-01-05 02:00:00,0.0,0.0,0.0,1,1,2,80,1.3050301525,2,Typeb,Renault,Food
2026-01-05 03:00:00,0.0,0.0,0.0,1,1,2,80,1.3050301525,2,Typeb,Renault,Food
2026-01-05 04:00:00,0.0,0.0,0.0,1,1,2,80,1.3050301525,2,Typeb,Renault,Food
2026-01-05 05:00:00,0.0,0.0,0.0,1,1,2,80,1.3050301525,2,Typeb,Renault,Food
2026-01-05 06:00:00,0.0,0.0,0.0,1,1,2,80,1.3050301525,2,Typeb,Renault,Food
2026-01-05 07:00:00,10.08565240473553,1.3037055509978266,0.12926338313877406,0,0,2,0,1.226197579604,2,Typeb,Renault,Food
2026-01-05 08:00:00,10.08565240473553,2.8856792138320544,0.286117258262553,0,0,2,0,1.226197579604,2,Typeb,Renault,Food
2026-01-05 09:00:00,10.08565240473553,2.3559862164702836,0.23359780031325234,0,0,2,0,1.226197579604,2,Typeb,Renault,Food
2026-01-05 10:00:00,10.08565240473553,2.771900734595842,0.2748360367143277,0,0,2,0,1.226197579604,2,Typeb,Renault,Food
2026-01-05 11:00:00,10.08565240473553,2.0504126393146285,0.20329995096320147,0,0,2,0,1.226197579604,2,Typeb,Renault,Food
2026-01-05 12:00:00,0.0,0.0,0.0,1,1,2,80,1.226197579604,2,Typeb,Renault,Food
2026-01-05 13:00:00,0.0,0.0,0.0,1,1,2,80,1.226197579604,2,Typeb,Renault,Food
2026-01-05 14:00:00,8.82494585414359,1.0821127246487225,0.12261975796040002,0,0,2,0,1.226197579604,2,Typeb,Renault,Food
2026-01-05 15:00:00,8.82494585414359,3.2981296039640515,0.3737280271714615,0,0,2,0,1.226197579604,2,Typeb,Renault,Food
2026-01-05 16:00:00,8.82494585414359,2.4438024120719817,0.27691981939181415,0,0,2,0,1.226197579604,2,Typeb,Renault,Food
2026-01-05 17:00:00,8.82494585414359,3.4899366625864103,0.3954626714165929,0,0,2,0,1.226197579604,2,Typeb,Renault,Food
2026-01-05 18:00:00,8.82494585414359,1.928864574597818,0.21856956478573242,0,0,2,0,1.226197579604,2,Typeb,Renault,Food
2026-01-05 19:00:00,8.82494585414359,1.0821127246487225,0.12261975796040002,0,0,2,0,1.226197579604,2,Typeb,Renault,Food
2026-01-05 20:00:00,0.0,0.0,0.0,1,1,2,80,1.226197579604,2,Typeb,Renault,Food
2026-01-05 21:00:00,0.0,0.0,0.0,1,1,2,80,1.226197579604,2,Typeb,Renault,Food
2026-01-05 22:00:00,0.0,0.0,0.0,1,1,2,80,1.226197579604,2,Typeb,Renault,Food
2026-01-05 23:00:00,0.0,0.0,0.0,1,1,2,80,1.226197579604,2,Typeb,Renault,Food
2026-01-06 00:00:00,0.0,0.0,0.0,1,1,2,80,1.226197579604,2,Typeb,Renault,Food
2026-01-06 01:00:00,0.0,0.0,0.0,1,1,2,80,1.226197579604,2,Typeb,Renault,Food
2026-01-06 02:00:00,0.0,0.0,0.0,1,1,2,80,1.226197579604,2,Typeb,Renault,Food
2026-01-06 03:00:00,0.0,0.0,0.0,1,1,2,80,1.226197579604,2,Typeb,Renault,Food
2026-01-06 04:00:00,0.0,0.0,0.0,1,1,2,80,1.226197579604,2,Typeb,Renault,Food
2026-01-06 05:00:00,0.0,0.0,0.0,1,1,2,80,1.226197579604,2,Typeb,Renault,Food
2026-01-06 06:00:00,7.287728781808659,0.9697271612829858,0.13306301459840003,0,0,2,0,1.3306301459840002,2,Typeb,Renault,Food
2026-01-06 07:00:00,7.287728781808659,2.490126177905301,0.34168754799452133,0,0,2,0,1.3306301459840002,2,Typeb,Renault,Food
2026-01-06 08:00:00,7.287728781808659,2.708538739900596,0.37165745611465995,0,0,2,0,1.3306301459840002,2,Typeb,Renault,Food
2026-01-06 09:00:00,7.287728781808659,2.674520895517668,0.3669896308701418,0,0,2,0,1.3306301459840002,2,Typeb,Renault,Food
2026-01-06 10:00:00,7.287728781808659,0.9888744068004736,0.1356903414502558,0,0,2,0,1.3306301459840002,2,Typeb,Renault,Food
2026-01-06 11:00:00,7.287728781808659,1.8941022823349085,0.25990296003645086,0,0,2,0,1.3306301459840002,2,Typeb,Renault,Food
2026-01-06 12:00:00,0.0,0.0,0.0,1,1,2,80,1.3306301459840002,2,Typeb,Renault,Food
2026-01-06 13:00:00,8.238302101175007,4.11153753760217,0.4990758395489955,0,0,2,0,1.3306301459840002,2,Typeb,Renault,Food
2026-01-06 14:00:00,8.238302101175007,2.8818604825119545,0.34981243065860895,0,0,2,0,1.3306301459840002,2,Typeb,Renault,Food
2026-01-06 15:00:00,8.238302101175007,2.3779848757863804,0.28864987549403104,0,0,2,0,1.3306301459840002,2,Typeb,Renault,Food
2026-01-06 16:00:00,8.238302101175007,4.932959907396058,0.5987835656928001,0,0,2,0,1.3306301459840002,2,Typeb,Renault,Food
2026-01-06 17:00:00,8.238302101175007,1.2604623063043905,0.15300025306484138,0,0,2,0,1.3306301459840002,2,Typeb,Renault,Food
2026-01-06 18:00:00,8.238302101175007,1.0962133127546796,0.13306301459840003,0,0,2,0,1.3306301459840002,2,Typeb,Renault,Food
2026-01-06 19:00:00,0.0,0.0,0.0,1,1,2,80,1.3306301459840002,2,Typeb,Renault,Food
2026-01-06 20:00:00,0.0,0.0,0.0,1,1,2,80,1.3306301459840002,2,Typeb,Renault,Food
2026-01-06 21:00:00,0.0,0.0,0.0,1,1,2,80,1.3306301459840002,2,Typeb,Renault,Food
2026-01-06 22:00:00,0.0,0.0,0.0,1,1,2,80,1.3306301459840002,2,Typeb,Renault,Food
2026-01-06 23:00:00,0.0,0.0,0.0,1,1,2,80,1.3306301459840002,2,Typeb,Renault,Food
2026-01-07 00:00:00,0.0,0.0,0.0,1,1,2,80,1.3306301459840002,2,Typeb,Renault,Food
2026-01-07 01:00:00,0.0,0.0,0.0,1,1,2,80,1.3306301459840002,2,Typeb,Renault,Food
2026-01-07 02:00:00,0.0,0.0,0.0,1,1,2,80,1.3306301459840002,2,Typeb,Renault,Food
2026-01-07 03:00:00,0.0,0.0,0.0,1,1,2,80,1.3306301459840002,2,Typeb,Renault,Food
2026-01-07 04:00:00,0.0,0.0,0.0,1,1,2,80,1.3306301459840002,2,Typeb,Renault,Food
2026-01-07 05:00:00,0.0,0.0,0.0,1,1,2,80,1.3306301459840002,2,Typeb,Renault,Food
2026-01-07 06:00:00,0.0,0.0,0.0,1,1,2,80,1.3306301459840002,2,Typeb,Renault,Food
2026-01-07 07:00:00,7.578615753218081,4.374682714448938,0.5772403374048001,0,0,2,0,1.282756305344,2,Typeb,Renault,Food
2026-01-07 08:00:00,7.578615753218081,2.9236254545291547,0.3857730157763581,0,0,2,0,1.282756305344,2,Typeb,Renault,Food
2026-01-07 09:00:00,7.578615753218081,2.8254650097139042,0.3728207236940515,0,0,2,0,1.282756305344,2,Typeb,Renault,Food
2026-01-07 10:00:00,7.578615753218081,2.0536926963830635,0.270985198782642,0,0,2,0,1.282756305344,2,Typeb,Renault,Food
2026-01-07 11:00:00,7.578615753218081,2.3101711968260616,0.30482759280216865,0,0,2,0,1.282756305344,2,Typeb,Renault,Food
2026-01-07 12:00:00,0.0,0.0,0.0,1,1,2,80,1.282756305344,2,Typeb,Renault,Food
2026-01-07 13:00:00,7.234133218980896,1.2942789102697012,0.1789127834795434,0,0,2,0,1.282756305344,2,Typeb,Renault,Food
2026-01-07 14:00:00,7.234133218980896,1.2615008319672876,0.1743817529731642,0,0,2,0,1.282756305344,2,Typeb,Renault,Food
2026-01-07 15:00:00,7.234133218980896,1.603245860987792,0.22162238549619193,0,0,2,0,1.282756305344,2,Typeb,Renault,Food
2026-01-07 16:00:00,7.234133218980896,0.9279630000346233,0.12827563053440003,0,0,2,0,1.282756305344,2,Typeb,Renault,Food
2026-01-07 17:00:00,7.234133218980896,0.9279630000346233,0.12827563053440003,0,0,2,0,1.282756305344,2,Typeb,Renault,Food
2026-01-07 18:00:00,0.0,0.0,0.0,1,1,2,80,1.282756305344,2,Typeb,Renault,Food
2026-01-07 19:00:00,0.0,0.0,0.0,1,1,2,80,1.282756305344,2,Typeb,Renault,Food
2026-01-07 20:00:00,0.0,0.0,0.0,1,1,2,80,1.282756305344,2,Typeb,Renault,Food
2026-01-07 21:00:00,0.0,0.0,0.0,1,1,2,80,1.282756305344,2,Typeb,Renault,Food
2026-01-07 22:00:00,0.0,0.0,0.0,1,1,2,80,1.282756305344,2,Typeb,Renault,Food
2026-01-07 23:00:00,0.0,0.0,0.0,1,1,2,80,1.282756305344,2,Typeb,Renault,Food
2026-01-08 00:00:00,0.0,0.0,0.0,1,1,2,80,1.282756305344,2,Typeb,Renault,Food
2026-01-08 01:00:00,0.0,0.0,0.0,1,1,2,80,1.282756305344,2,Typeb,Renault,Food
2026-01-08 02:00:00,0.0,0.0,0.0,1,1,2,80,1.282756305344,2,Typeb,Renault,Food
2026-01-08 03:00:00,0.0,0.0,0.0,1,1,2,80,1.282756305344,2,Typeb,Renault,Food
2026-01-08 04:00:00,0.0,0.0,0.0,1,1,2,80,1.282756305344,2,Typeb,Renault,Food
2026-01-08 05:00:00,0.0,0.0,0.0,1,1,2,80,1.282756305344,2,Typeb,Renault,Food
2026-01-08 06:00:00,0.0,0.0,0.0,1,1,2,80,1.282756305344,2,Typeb,Renault,Food
2026-01-08 07:00:00,0.0,0.0,0.0,1,1,2,80,1.282756305344,2,Typeb,Renault,Food
2026-01-08 08:00:00,6.666666666666667,2.9155131632763744,0.43732697449145613,0,0,2,0,1.176585222144,2,Typeb,Renault,Food
2026-01-08 09:00:00,6.666666666666667,1.7394325128445618,0.26091487692668425,0,0,2,0,1.176585222144,2,Typeb,Renault,Food
2026-01-08 10:00:00,6.666666666666667,1.3528218229999702,0.20292327344999553,0,0,2,0,1.176585222144,2,Typeb,Renault,Food
2026-01-08 11:00:00,6.666666666666667,3.067111437570424,0.4600667156355636,0,0,2,0,1.176585222144,2,Typeb,Renault,Food
2026-01-08 12:00:00,0.0,0.0,0.0,1,1,2,80,1.176585222144,2,Typeb,Renault,Food
2026-01-08 13:00:00,0.0,0.0,0.0,1,1,2,80,1.176585222144,2,Typeb,Renault,Food
2026-01-08 14:00:00,5.0,2.245705285370822,0.4491410570741644,0,0,2,0,1.176585222144,2,Typeb,Renault,Food
2026-01-08 15:00:00,5.0,1.1721714799474547,0.23443429598949098,0,0,2,0,1.176585222144,2,Typeb,Renault,Food
2026-01-08 16:00:00,5.0,0.588292611072,0.11765852221440001,0,0,2,0,1.176585222144,2,Typeb,Renault,Food
2026-01-08 17:00:00,5.0,1.368089345683076,0.2736178691366152,0,0,2,0,1.176585222144,2,Typeb,Renault,Food
2026-01-08 18:00:00,5.0,0.6538728148819698,0.13077456297639395,0,0,2,0,1.176585222144,2,Typeb,Renault,Food
2026-01-08 19:00:00,5.0,1.3900381927301286,0.2780076385460257,0,0,2,0,1.176585222144,2,Typeb,Renault,Food
2026-01-08 20:00:00,0.0,0.0,0.0,1,1,2,80,1.176585222144,2,Typeb,Renault,Food
2026-01-08 21:00:00,0.0,0.0,0.0,1,1,2,80,1.176585222144,2,Typeb,Renault,Food
2026-01-08 22:00:00,0.0,0.0,0.0,1,1,2,80,1.176585222144,2,Typeb,Renault,Food
2026-01-08 23:00:00,0.0,0.0,0.0,1,1,2,80,1.176585222144,2,Typeb,Renault,Food
2026-01-09 00:00:00,0.0,0.0,0.0,1,1,2,80,1.176585222144,2,Typeb,Renault,Food
2026-01-09 01:00:00,0.0,0.0,0.0,1,1,2,80,1.176585222144,2,Typeb,Renault,Food
2026-01-09 02:00:00,0.0,0.0,0.0,1,1,2,80,1.176585222144,2,Typeb,Renault,Food
2026-01-09 03:00:00,0.0,0.0,0.0,1,1,2,80,1.176585222144,2,Typeb,Renault,Food
2026-01-09 04:00:00,0.0,0.0,0.0,1,1,2,80,1.176585222144,2,Typeb,Renault,Food
2026-01-09 05:00:00,0.0,0.0,0.0,1,1,2,80,1.176585222144,2,Typeb,Renault,Food
2026-01-09 06:00:00,0.0,0.0,0.0,1,1,2,80,1.176585222144,2,Typeb,Renault,Food
2026-01-09 07:00:00,6.463016439945606,0.750570359065331,0.1161331347428304,0,0,2,0,1.137342385344,2,Typeb,Renault,Food
2026-01-09 08:00:00,6.463016439945606,2.1973887497024505,0.3399942998939585,0,0,2,0,1.137342385344,2,Typeb,Renault,Food
2026-01-09 09:00:00,6.463016439945606,0.8712144541571802,0.1347999749424299,0,0,2,0,1.137342385344,2,Typeb,Renault,Food
2026-01-09 10:00:00,6.463016439945606,3.013683221071259,0.4662966973818533,0,0,2,0,1.137342385344,2,Typeb,Renault,Food
2026-01-09 11:00:00,6.463016439945606,1.7119862573926614,0.2648896646481484,0,0,2,0,1.137342385344,2,Typeb,Renault,Food
2026-01-09 12:00:00,0.0,0.0,0.0,1,1,2,80,1.137342385344,2,Typeb,Renault,Food
2026-01-09 13:00:00,0.0,0.0,0.0,1,1,2,80,1.137342385344,2,Typeb,Renault,Food
2026-01-09 14:00:00,5.901015010385118,1.5072181191818004,0.25541675737636105,0,0,2,0,1.137342385344,2,Typeb,Renault,Food
2026-01-09 15:00:00,5.901015010385118,2.0389317984189512,0.34552221860657234,0,0,2,0,1.137342385344,2,Typeb,Renault,Food
2026-01-09 16:00:00,5.901015010385118,1.948846045288832,0.3302560732109788,0,0,2,0,1.137342385344,2,Typeb,Renault,Food
2026-01-09 17:00:00,5.901015010385118,2.0042735246162846,0.3396489453236418,0,0,2,0,1.137342385344,2,Typeb,Renault,Food
2026-01-09 18:00:00,5.901015010385118,1.0816489341558801,0.1832987938943217,0,0,2,0,1.137342385344,2,Typeb,Renault,Food
2026-01-09 19:00:00,0.0,0.0,0.0,1,1,2,80,1.137342385344,2,Typeb,Renault,Food
2026-01-09 20:00:00,0.0,0.0,0.0,1,1,2,80,1.137342385344,2,Typeb,Renault,Food
2026-01-09 21:00:00,0.0,0.0,0.0,1,1,2,80,1.137342385344,2,Typeb,Renault,Food
2026-01-09 22:00:00,0.0,0.0,0.0,1,1,2,80,1.137342385344,2,Typeb,Renault,Food
2026-01-09 23:00:00,0.0,0.0,0.0,1,1,2,80,1.137342385344,2,Typeb,Renault,Food
2026-01-10 00:00:00,0.0,0.0,0.0,1,1,2,80,1.137342385344,2,Typeb,Renault,Food
2026-01-10 01:00:00,0.0,0.0,0.0,1,1,2,80,1.137342385344,2,Typeb,Renault,Food
2026-01-10 02:00:00,0.0,0.0,0.0,1,1,2,80,1.137342385344,2,Typeb,Renault,Food
2026-01-10 03:00:00,0.0,0.0,0.0,1,1,2,80,1.137342385344,2,Typeb,Renault,Food
2026-01-10 04:00:00,0.0,0.0,0.0,1,1,2,80,1.137342385344,2,Typeb,Renault,Food
2026-01-10 05:00:00,0.0,0.0,0.0,1,1,2,80,1.137342385344,2,Typeb,Renault,Food
2026-01-10 06:00:00,0.0,0.0,0.0,1,1,2,80,1.137342385344,2,Typeb,Renault,Food
2026-01-10 07:00:00,0.0,0.0,0.0,1,1,2,80,1.137342385344,2,Typeb,Renault,Food
2026-01-10 08:00:00,0.0,0.0,0.0,1,1,2,80,1.137342385344,2,Typeb,Renault,Food
2026-01-10 09:00:00,0.0,0.0,0.0,1,1,2,80,1.137342385344,2,Typeb,Renault,Food
2026-01-10 10:00:00,17.142857142857142,2.0393314971428573,0.11896100400000001,0,0,2,0,1.18961004,2,Typeb,Renault,Food
2026-01-10 11:00:00,17.142857142857142,3.2624663315093447,0.1903105360047118,0,0,2,0,1.18961004,2,Typeb,Renault,Food
2026-01-10 12:00:00,0.0,0.0,0.0,1,1,2,80,1.18961004,2,Typeb,Renault,Food
2026-01-10 13:00:00,4.285714285714286,1.6879236453120559,0.39384885057281305,0,0,2,0,1.18961004,2,Typeb,Renault,Food
2026-01-10 14:00:00,4.285714285714286,0.5098328742857143,0.11896100400000001,0,0,2,0,1.18961004,2,Typeb,Renault,Food
2026-01-10 15:00:00,4.285714285714286,0.5829509339252531,0.13602188458255907,0,0,2,0,1.18961004,2,Typeb,Renault,Food
2026-01-10 16:00:00,4.285714285714286,0.5098328742857143,0.11896100400000001,0,0,2,0,1.18961004,2,Typeb,Renault,Food
2026-01-10 17:00:00,4.285714285714286,0.5098328742857143,0.11896100400000001,0,0,2,0,1.18961004,2,Typeb,Renault,Food
2026-01-10 18:00:00,4.285714285714286,0.9865687335376375,0.23019937115878208,0,0,2,0,1.18961004,2,Typeb,Renault,Food
2026-01-10 19:00:00,4.285714285714286,1.4393917684350135,0.33585807930150313,0,0,2,0,1.18961004,2,Typeb,Renault,Food
2026-01-10 20:00:00,0.0,0.0,0.0,1,1,2,80,1.18961004,2,Typeb,Renault,Food
2026-01-10 21:00:00,0.0,0.0,0.0,1,1,2,80,1.18961004,2,Typeb,Renault,Food
2026-01-10 22:00:00,0.0,0.0,0.0,1,1,2,80,1.18961004,2,Typeb,Renault,Food
2026-01-10 23:00:00,0.0,0.0,0.0,1,1,2,80,1.18961004,2,Typeb,Renault,Food
2026-01-11 00:00:00,0.0,0.0,0.0,1,1,2,80,1.18961004,2,Typeb,Renault,Food
2026-01-11 01:00:00,0.0,0.0,0.0,1,1,2,80,1.18961004,2,Typeb,Renault,Food
2026-01-11 02:00:00,0.0,0.0,0.0,1,1,2,80,1.18961004,2,Typeb,Renault,Food
2026-01-11 03:00:00,0.0,0.0,0.0,1,1,2,80,1.18961004,2,Typeb,Renault,Food
2026-01-11 04:00:00,0.0,0.0,0.0,1,1,2,80,1.18961004,2,Typeb,Renault,Food
2026-01-11 05:00:00,0.0,0.0,0.0,1,1,2,80,1.18961004,2,Typeb,Renault,Food
2026-01-11 06:00:00,0.0,0.0,0.0,1,1,2,80,1.18961004,2,Typeb,Renault,Food
2026-01-11 07:00:00,0.0,0.0,0.0,1,1,2,80,1.18961004,2,Typeb,Renault,Food
2026-01-11 08:00:00,0.0,0.0,0.0,1,1,2,80,1.18961004,2,Typeb,Renault,Food
2026-01-11 09:00:00,0.0,0.0,0.0,1,1,2,80,1.18961004,2,Typeb,Renault,Food
2026-01-11 10:00:00,14.167833220748879,6.697122974962532,0.47269916794013034,0,0,2,0,1.122069513044,2,Typeb,Renault,Food
2026-01-11 11:00:00,14.167833220748879,1.8090484111046699,0.12768702051456304,0,0,2,0,1.122069513044,2,Typeb,Renault,Food
2026-01-11 12:00:00,0.0,0.0,0.0,1,1,2,80,1.122069513044,2,Typeb,Renault,Food
2026-01-11 13:00:00,0.0,0.0,0.0,1,1,2,80,1.122069513044,2,Typeb,Renault,Food
2026-01-11 14:00:00,6.43992419124949,1.8228986334231991,0.28306212608839976,0,0,2,0,1.122069513044,2,Typeb,Renault,Food
2026-01-11 15:00:00,6.43992419124949,0.722604260131559,0.1122069513044,0,0,2,0,1.122069513044,2,Typeb,Renault,Food
2026-01-11 16:00:00,6.43992419124949,0.722604260131559,0.1122069513044,0,0,2,0,1.122069513044,2,Typeb,Renault,Food
2026-01-11 17:00:00,6.43992419124949,1.798408212795693,0.2792592209764447,0,0,2,0,1.122069513044,2,Typeb,Renault,Food
2026-01-11 18:00:00,6.43992419124949,0.9501037069707079,0.14753336821288984,0,0,2,0,1.122069513044,2,Typeb,Renault,Food
2026-01-11 19:00:00,0.0,0.0,0.0,1,1,2,80,1.122069513044,2,Typeb,Renault,Food
2026-01-11 20:00:00,0.0,0.0,0.0,1,1,2,80,1.122069513044,2,Typeb,Renault,Food
2026-01-11 21:00:00,0.0,0.0,0.0,1,1,2,80,1.122069513044,2,Typeb,Renault,Food
2026-01-11 22:00:00,0.0,0.0,0.0,1,1,2,80,1.122069513044,2,Typeb,Renault,Food
2026-01-11 23:00:00,0.0,0.0,0.0,1,1,2,80,1.122069513044,2,Typeb,Renault,Food
2026-01-12 00:00:00,0.0,0.0,0.0,1,1,2,80,1.122069513044,2,Typeb,Renault,Food
2026-01-12 01:00:00,0.0,0.0,0.0,1,1,2,80,1.122069513044,2,Typeb,Renault,Food
2026-01-12 02:00:00,0.0,0.0,0.0,1,1,2,80,1.122069513044,2,Typeb,Renault,Food
2026-01-12 03:00:00,0.0,0.0,0.0,1,1,2,80,1.122069513044,2,Typeb,Renault,Food
2026-01-12 04:00:00,0.0,0.0,0.0,1,1,2,80,1.122069513044,2,Typeb,Renault,Food
2026-01-12 05:00:00,0.0,0.0,0.0,1,1,2,80,1.122069513044,2,Typeb,Renault,Food
2026-01-12 06:00:00,4.634316820533834,0.8968790940328081,0.1935299481595424,0,0,2,0,1.119889326784,2,Typeb,Renault,Food
2026-01-12 07:00:00,4.634316820533834,0.6385193286216819,0.1377806812414111,0,0,2,0,1.119889326784,2,Typeb,Renault,Food
2026-01-12 08:00:00,4.634316820533834,1.1519509734010387,0.24856974997845396,0,0,2,0,1.119889326784,2,Typeb,Renault,Food
2026-01-12 09:00:00,4.634316820533834,0.5189921944251403,0.1119889326784,0,0,2,0,1.119889326784,2,Typeb,Renault,Food
2026-01-12 10:00:00,4.634316820533834,0.8730671158173473,0.18839176293449386,0,0,2,0,1.119889326784,2,Typeb,Renault,Food
2026-01-12 11:00:00,4.634316820533834,0.5189921944251403,0.1119889326784,0,0,2,0,1.119889326784,2,Typeb,Renault,Food
2026-01-12 12:00:00,0.0,0.0,0.0,1,1,2,80,1.119889326784,2,Typeb,Renault,Food
2026-01-12 13:00:00,5.020509888911653,1.3490259509283422,0.2687029765458313,0,0,2,0,1.119889326784,2,Typeb,Renault,Food
2026-01-12 14:00:00,5.020509888911653,0.5622415439605687,0.1119889326784,0,0,2,0,1.119889326784,2,Typeb,Renault,Food
2026-01-12 15:00:00,5.020509888911653,0.5622415439605687,0.1119889326784,0,0,2,0,1.119889326784,2,Typeb,Renault,Food
2026-01-12 16:00:00,5.020509888911653,0.8673302326401724,0.1727573995134969,0,0,2,0,1.119889326784,2,Typeb,Renault,Food
2026-01-12 17:00:00,5.020509888911653,1.6788815625480804,0.3344045923016853,0,0,2,0,1.119889326784,2,Typeb,Renault,Food
2026-01-12 18:00:00,5.020509888911653,2.182091225342132,0.4346353803946327,0,0,2,0,1.119889326784,2,Typeb,Renault,Food
2026-01-12 19:00:00,0.0,0.0,0.0,1,1,2,80,1.119889326784,2,Typeb,Renault,Food
2026-01-12 20:00:00,0.0,0.0,0.0,1,1,2,80,1.119889326784,2,Typeb,Renault,Food
2026-01-12 21:00:00,0.0,0.0,0.0,1,1,2,80,1.119889326784,2,Typeb,Renault,Food
2026-01-12 22:00:00,0.0,0.0,0.0,1,1,2,80,1.119889326784,2,Typeb,Renault,Food
2026-01-12 23:00:00,0.0,0.0,0.0,1,1,2,80,1.119889326784,2,Typeb,Renault,Food
2026-01-13 00:00:00,0.0,0.0,0.0,1,1,2,80,1.119889326784,2,Typeb,Renault,Food
2026-01-13 01:00:00,0.0,0.0,0.0,1,1,2,80,1.119889326784,2,Typeb,Renault,Food
2026-01-13 02:00:00,0.0,0.0,0.0,1,1,2,80,1.119889326784,2,Typeb,Renault,Food
2026-01-13 03:00:00,0.0,0.0,0.0,1,1,2,80,1.119889326784,2,Typeb,Renault,Food
2026-01-13 04:00:00,0.0,0.0,0.0,1,1,2,80,1.119889326784,2,Typeb,Renault,Food
2026-01-13 05:00:00,0.0,0.0,0.0,1,1,2,80,1.119889326784,2,Typeb,Renault,Food
2026-01-13 06:00:00,0.0,0.0,0.0,1,1,2,80,1.119889326784,2,Typeb,Renault,Food
2026-01-13 07:00:00,10.31814376929704,1.9976580325265036,0.1936063382321529,0,0,2,0,1.12425024,2,Typeb,Renault,Food
2026-01-13 08:00:00,10.31814376929704,3.4588597905000213,0.3352211277373652,0,0,2,0,1.12425024,2,Typeb,Renault,Food
2026-01-13 09:00:00,10.31814376929704,1.1600175608986703,0.11242502400000001,0,0,2,0,1.12425024,2,Typeb,Renault,Food
2026-01-13 10:00:00,10.31814376929704,1.9994365299040011,0.1937787042523657,0,0,2,0,1.12425024,2,Typeb,Renault,Food
2026-01-13 11:00:00,10.31814376929704,3.0964854264848434,0.30010101581437865,0,0,2,0,1.12425024,2,Typeb,Renault,Food
2026-01-13 12:00:00,0.0,0.0,0.0,1,1,2,80,1.12425024,2,Typeb,Renault,Food
2026-01-13 13:00:00,8.407376404612402,0.9451994940655831,0.11242502400000001,0,0,2,0,1.12425024,2,Typeb,Renault,Food
2026-01-13 14:00:00,8.407376404612402,1.8228735384258012,0.2168183569639808,0,0,2,0,1.12425024,2,Typeb,Renault,Food
2026-01-13 15:00:00,8.407376404612402,1.2632154351062335,0.15025084810205672,0,0,2,0,1.12425024,2,Typeb,Renault,Food
2026-01-13 16:00:00,8.407376404612402,2.793540137148644,0.3322725191197661,0,0,2,0,1.12425024,2,Typeb,Renault,Food
2026-01-13 17:00:00,8.407376404612402,4.253397723295124,0.505912608,0,0,2,0,1.12425024,2,Typeb,Renault,Food
2026-01-13 18:00:00,8.407376404612402,2.088444597993452,0.24840622061927697,0,0,2,0,1.12425024,2,Typeb,Renault,Food
2026-01-13 19:00:00,8.407376404612402,0.9451994940655831,0.11242502400000001,0,0,2,0,1.12425024,2,Typeb,Renault,Food
2026-01-13 20:00:00,0.0,0.0,0.0,1,1,2,80,1.12425024,2,Typeb,Renault,Food
2026-01-13 21:00:00,0.0,0.0,0.0,1,1,2,80,1.12425024,2,Typeb,Renault,Food
2026-01-13 22:00:00,0.0,0.0,0.0,1,1,2,80,1.12425024,2,Typeb,Renault,Food
2026-01-13 23:00:00,0.0,0.0,0.0,1,1,2,80,1.12425024,2,Typeb,Renault,Food
2026-01-14 00:00:00,0.0,0.0,0.0,1,1,2,80,1.12425024,2,Typeb,Renault,Food
2026-01-14 01:00:00,0.0,0.0,0.0,1,1,2,80,1.12425024,2,Typeb,Renault,Food
2026-01-14 02:00:00,0.0,0.0,0.0,1,1,2,80,1.12425024,2,Typeb,Renault,Food
2026-01-14 03:00:00,0.0,0.0,0.0,1,1,2,80,1.12425024,2,Typeb,Renault,Food
2026-01-14 04:00:00,0.0,0.0,0.0,1,1,2,80,1.12425024,2,Typeb,Renault,Food
2026-01-14 05:00:00,0.0,0.0,0.0,1,1,2,80,1.12425024,2,Typeb,Renault,Food
2026-01-14 06:00:00,5.7699279093084685,1.084494557139239,0.18795634437471104,0,0,2,0,1.102475,2,Typeb,Renault,Food
2026-01-14 07:00:00,5.7699279093084685,1.1418924634463252,0.19790411273668443,0,0,2,0,1.102475,2,Typeb,Renault,Food
2026-01-14 08:00:00,5.7699279093084685,0.6361201271814855,0.11024750000000001,0,0,2,0,1.102475,2,Typeb,Renault,Food
2026-01-14 09:00:00,5.7699279093084685,2.5626848757696172,0.444145042373113,0,0,2,0,1.102475,2,Typeb,Renault,Food
2026-01-14 10:00:00,5.7699279093084685,1.588109020012678,0.2752389709151521,0,0,2,0,1.102475,2,Typeb,Renault,Food
2026-01-14 11:00:00,5.7699279093084685,1.4338239907445098,0.24849946364691322,0,0,2,0,1.102475,2,Typeb,Renault,Food
2026-01-14 12:00:00,5.7699279093084685,1.999131096033054,0.34647418953153813,0,0,2,0,1.102475,2,Typeb,Renault,Food
2026-01-14 13:00:00,0.0,0.0,0.0,1,1,2,80,1.102475,2,Typeb,Renault,Food
2026-01-14 14:00:00,8.503051655823006,2.1661568172684187,0.2547505183959461,0,0,2,0,1.102475,2,Typeb,Renault,Food
2026-01-14 15:00:00,8.503051655823006,1.7880107466204709,0.21027871157245254,0,0,2,0,1.102475,2,Typeb,Renault,Food
2026-01-14 16:00:00,8.503051655823006,2.077694293597092,0.24434689776043625,0,0,2,0,1.102475,2,Typeb,Renault,Food
2026-01-14 17:00:00,8.503051655823006,2.1259762461601475,0.25002508889902486,0,0,2,0,1.102475,2,Typeb,Renault,Food
2026-01-14 18:00:00,8.503051655823006,2.4129641939980395,0.2837762595909445,0,0,2,0,1.102475,2,Typeb,Renault,Food
2026-01-14 19:00:00,0.0,0.0,0.0,1,1,2,80,1.102475,2,Typeb,Renault,Food
2026-01-14 20:00:00,0.0,0.0,0.0,1,1,2,80,1.102475,2,Typeb,Renault,Food
2026-01-14 21:00:00,0.0,0.0,0.0,1,1,2,80,1.102475,2,Typeb,Renault,Food
2026-01-14 22:00:00,0.0,0.0,0.0,1,1,2,80,1.102475,2,Typeb,Renault,Food
2026-01-14 23:00:00,0.0,0.0,0.0,1,1,2,80,1.102475,2,Typeb,Renault,Food
2026-01-01 00:00:00,0.0,0.0,0.0,1,1,3,100,1.0,3,Typeb,Toyota,Food
2026-01-01 01:00:00,0.0,0.0,0.0,1,1,3,100,1.0,3,Typeb,Toyota,Food
2026-01-01 02:00:00,0.0,0.0,0.0,1,1,3,100,1.0,3,Typeb,Toyota,Food
2026-01-01 03:00:00,0.0,0.0,0.0,1,1,3,100,1.0,3,Typeb,Toyota,Food
2026-01-01 04:00:00,0.0,0.0,0.0,1,1,3,100,1.0,3,Typeb,Toyota,Food
2026-01-01 05:00:00,6.504488519015648,2.3643538486222746,0.3634957370914204,0,0,3,0,1.1329772784640002,3,Typeb,Toyota,Food
2026-01-01 06:00:00,6.504488519015648,3.2225312412729727,0.49543192087310384,0,0,3,0,1.1329772784640002,3,Typeb,Toyota,Food
2026-01-01 07:00:00,6.504488519015648,3.1884302380478977,0.49018923297760186,0,0,3,0,1.1329772784640002,3,Typeb,Toyota,Food
2026-01-01 08:00:00,6.504488519015648,2.409208576134409,0.37039170245149494,0,0,3,0,1.1329772784640002,3,Typeb,Toyota,Food
2026-01-01 09:00:00,6.504488519015648,0.7369437700074684,0.11329772784640002,0,0,3,0,1.1329772784640002,3,Typeb,Toyota,Food
2026-01-01 10:00:00,6.504488519015648,1.304370848770537,0.20053396127262796,0,0,3,0,1.1329772784640002,3,Typeb,Toyota,Food
2026-01-01 11:00:00,6.504488519015648,2.7673005371450126,0.4254447569635806,0,0,3,0,1.1329772784640002,3,Typeb,Toyota,Food
2026-01-01 12:00:00,0.0,0.0,0.0,1,1,3,100,1.1329772784640002,3,Typeb,Toyota,Food
2026-01-01 13:00:00,8.278439933292644,3.8409947587887823,0.46397567533730666,0,0,3,0,1.1329772784640002,3,Typeb,Toyota,Food
2026-01-01 14:00:00,8.278439933292644,3.41443709213597,0.4124493406546855,0,0,3,0,1.1329772784640002,3,Typeb,Toyota,Food
2026-01-01 15:00:00,8.278439933292644,1.821049935782896,0.21997501346350853,0,0,3,0,1.1329772784640002,3,Typeb,Toyota,Food
2026-01-01 16:00:00,8.278439933292644,3.117475832364287,0.3765776954939324,0,0,3,0,1.1329772784640002,3,Typeb,Toyota,Food
2026-01-01 17:00:00,8.278439933292644,4.22067795549732,0.5098397753088001,0,0,3,0,1.1329772784640002,3,Typeb,Toyota,Food
2026-01-01 18:00:00,8.278439933292644,2.422892574095202,0.2926750201268329,0,0,3,0,1.1329772784640002,3,Typeb,Toyota,Food
2026-01-01 19:00:00,0.0,0.0,0.0,1,1,3,100,1.1329772784640002,3,Typeb,Toyota,Food
2026-01-01 20:00:00,0.0,0.0,0.0,1,1,3,100,1.1329772784640002,3,Typeb,Toyota,Food
2026-01-01 21:00:00,0.0,0.0,0.0,1,1,3,100,1.1329772784640002,3,Typeb,Toyota,Food
2026-01-01 22:00:00,0.0,0.0,0.0,1,1,3,100,1.1329772784640002,3,Typeb,Toyota,Food
2026-01-01 23:00:00,0.0,0.0,0.0,1,1,3,100,1.1329772784640002,3,Typeb,Toyota,Food
2026-01-02 00:00:00,0.0,0.0,0.0,1,1,3,100,1.1329772784640002,3,Typeb,Toyota,Food
2026-01-02 01:00:00,0.0,0.0,0.0,1,1,3,100,1.1329772784640002,3,Typeb,Toyota,Food
2026-01-02 02:00:00,0.0,0.0,0.0,1,1,3,100,1.1329772784640002,3,Typeb,Toyota,Food
2026-01-02 03:00:00,0.0,0.0,0.0,1,1,3,100,1.1329772784640002,3,Typeb,Toyota,Food
2026-01-02 04:00:00,0.0,0.0,0.0,1,1,3,100,1.1329772784640002,3,Typeb,Toyota,Food
2026-01-02 05:00:00,0.0,0.0,0.0,1,1,3,100,1.1329772784640002,3,Typeb,Toyota,Food
2026-01-02 06:00:00,6.132577099588058,2.7665628132706725,0.4511256472350767,0,0,3,0,1.23259004,3,Typeb,Toyota,Food
2026-01-02 07:00:00,6.132577099588058,1.3520200560849074,0.22046523576127988,0,0,3,0,1.23259004,3,Typeb,Toyota,Food
2026-01-02 08:00:00,6.132577099588058,3.4015290536179483,0.5546655180000001,0,0,3,0,1.23259004,3,Typeb,Toyota,Food
2026-01-02 09:00:00,6.132577099588058,2.2148424475309714,0.3611601471230991,0,0,3,0,1.23259004,3,Typeb,Toyota,Food
2026-01-02 10:00:00,6.132577099588058,0.755895345248433,0.123259004,0,0,3,0,1.23259004,3,Typeb,Toyota,Food
2026-01-02 11:00:00,6.132577099588058,0.755895345248433,0.123259004,0,0,3,0,1.23259004,3,Typeb,Toyota,Food
2026-01-02 12:00:00,6.132577099588058,2.708890068441486,0.44172132277365894,0,0,3,0,1.23259004,3,Typeb,Toyota,Food
2026-01-02 13:00:00,0.0,0.0,0.0,1,1,3,100,1.23259004,3,Typeb,Toyota,Food
2026-01-02 14:00:00,6.899149237036565,2.930340233334442,0.42473936026830017,0,0,3,0,1.23259004,3,Typeb,Toyota,Food
2026-01-02 15:00:00,6.899149237036565,3.655441176735497,0.5298394122440583,0,0,3,0,1.23259004,3,Typeb,Toyota,Food
2026-01-02 16:00:00,6.899149237036565,1.2904108386832576,0.18703912531069353,0,0,3,0,1.23259004,3,Typeb,Toyota,Food
2026-01-02 17:00:00,6.899149237036565,0.8503822634044871,0.123259004,0,0,3,0,1.23259004,3,Typeb,Toyota,Food
2026-01-02 18:00:00,6.899149237036565,3.0251665222176833,0.4384839953856546,0,0,3,0,1.23259004,3,Typeb,Toyota,Food
2026-01-02 19:00:00,6.899149237036565,2.5601340416267475,0.37107967282157506,0,0,3,0,1.23259004,3,Typeb,Toyota,Food
2026-01-02 20:00:00,0.0,0.0,0.0,1,1,3,100,1.23259004,3,Typeb,Toyota,Food
2026-01-02 21:00:00,0.0,0.0,0.0,1,1,3,100,1.23259004,3,Typeb,Toyota,Food
2026-01-02 22:00:00,0.0,0.0,0.0,1,1,3,100,1.23259004,3,Typeb,Toyota,Food
2026-01-02 23:00:00,0.0,0.0,0.0,1,1,3,100,1.23259004,3,Typeb,Toyota,Food
2026-01-03 00:00:00,0.0,0.0,0.0,1,1,3,100,1.23259004,3,Typeb,Toyota,Food
2026-01-03 01:00:00,0.0,0.0,0.0,1,1,3,100,1.23259004,3,Typeb,Toyota,Food
2026-01-03 02:00:00,0.0,0.0,0.0,1,1,3,100,1.23259004,3,Typeb,Toyota,Food
2026-01-03 03:00:00,0.0,0.0,0.0,1,1,3,100,1.23259004,3,Typeb,Toyota,Food
2026-01-03 04:00:00,0.0,0.0,0.0,1,1,3,100,1.23259004,3,Typeb,Toyota,Food
2026-01-03 05:00:00,0.0,0.0,0.0,1,1,3,100,1.23259004,3,Typeb,Toyota,Food
2026-01-03 06:00:00,0.0,0.0,0.0,1,1,3,100,1.23259004,3,Typeb,Toyota,Food
2026-01-03 07:00:00,0.0,0.0,0.0,1,1,3,100,1.23259004,3,Typeb,Toyota,Food
2026-01-03 08:00:00,0.0,0.0,0.0,1,1,3,100,1.23259004,3,Typeb,Toyota,Food
2026-01-03 09:00:00,0.0,0.0,0.0,1,1,3,100,1.23259004,3,Typeb,Toyota,Food
2026-01-03 10:00:00,10.0,1.8773427938811165,0.18773427938811163,0,0,3,0,1.209049010004,3,Typeb,Toyota,Food
2026-01-03 11:00:00,10.0,3.204968344544683,0.3204968344544683,0,0,3,0,1.209049010004,3,Typeb,Toyota,Food
2026-01-03 12:00:00,10.0,1.209049010004,0.1209049010004,0,0,3,0,1.209049010004,3,Typeb,Toyota,Food
2026-01-03 13:00:00,5.0,0.6248516621433554,0.12497033242867109,0,0,3,0,1.209049010004,3,Typeb,Toyota,Food
2026-01-03 14:00:00,5.0,1.734563894151038,0.3469127788302076,0,0,3,0,1.209049010004,3,Typeb,Toyota,Food
2026-01-03 15:00:00,5.0,2.7203602725089997,0.5440720545018,0,0,3,0,1.209049010004,3,Typeb,Toyota,Food
2026-01-03 16:00:00,5.0,0.815280893987534,0.16305617879750678,0,0,3,0,1.209049010004,3,Typeb,Toyota,Food
2026-01-03 17:00:00,5.0,1.9104957277654768,0.3820991455530954,0,0,3,0,1.209049010004,3,Typeb,Toyota,Food
2026-01-03 18:00:00,5.0,1.1919205025424786,0.23838410050849573,0,0,3,0,1.209049010004,3,Typeb,Toyota,Food
2026-01-03 19:00:00,0.0,0.0,0.0,1,1,3,100,1.209049010004,3,Typeb,Toyota,Food
2026-01-03 20:00:00,0.0,0.0,0.0,1,1,3,100,1.209049010004,3,Typeb,Toyota,Food
2026-01-03 21:00:00,0.0,0.0,0.0,1,1,3,100,1.209049010004,3,Typeb,Toyota,Food
2026-01-03 22:00:00,0.0,0.0,0.0,1,1,3,100,1.209049010004,3,Typeb,Toyota,Food
2026-01-03 23:00:00,0.0,0.0,0.0,1,1,3,100,1.209049010004,3,Typeb,Toyota,Food
2026-01-04 00:00:00,0.0,0.0,0.0,1,1,3,100,1.209049010004,3,Typeb,Toyota,Food
2026-01-04 01:00:00,0.0,0.0,0.0,1,1,3,100,1.209049010004,3,Typeb,Toyota,Food
2026-01-04 02:00:00,0.0,0.0,0.0,1,1,3,100,1.209049010004,3,Typeb,Toyota,Food
2026-01-04 03:00:00,0.0,0.0,0.0,1,1,3,100,1.209049010004,3,Typeb,Toyota,Food
2026-01-04 04:00:00,0.0,0.0,0.0,1,1,3,100,1.209049010004,3,Typeb,Toyota,Food
2026-01-04 05:00:00,0.0,0.0,0.0,1,1,3,100,1.209049010004,3,Typeb,Toyota,Food
2026-01-04 06:00:00,0.0,0.0,0.0,1,1,3,100,1.209049010004,3,Typeb,Toyota,Food
2026-01-04 07:00:00,0.0,0.0,0.0,1,1,3,100,1.209049010004,3,Typeb,Toyota,Food
2026-01-04 08:00:00,0.0,0.0,0.0,1,1,3,100,1.209049010004,3,Typeb,Toyota,Food
2026-01-04 09:00:00,9.898200702581017,5.8128526675642105,0.5872635686250001,0,0,3,0,1.3050301525,3,Typeb,Toyota,Food
2026-01-04 10:00:00,9.898200702581017,1.526509753596797,0.15422093362875036,0,0,3,0,1.3050301525,3,Typeb,Toyota,Food
2026-01-04 11:00:00,9.898200702581017,4.385277648122904,0.4430378590908362,0,0,3,0,1.3050301525,3,Typeb,Toyota,Food
2026-01-04 12:00:00,0.0,0.0,0.0,1,1,3,100,1.3050301525,3,Typeb,Toyota,Food
2026-01-04 13:00:00,4.778441718487387,2.1254404000979497,0.44479780759380205,0,0,3,0,1.3050301525,3,Typeb,Toyota,Food
2026-01-04 14:00:00,4.778441718487387,0.6236010524589958,0.13050301525000002,0,0,3,0,1.3050301525,3,Typeb,Toyota,Food
2026-01-04 15:00:00,4.778441718487387,1.0106570780902036,0.21150348536847416,0,0,3,0,1.3050301525,3,Typeb,Toyota,Food
2026-01-04 16:00:00,4.778441718487387,0.6236010524589958,0.13050301525000002,0,0,3,0,1.3050301525,3,Typeb,Toyota,Food
2026-01-04 17:00:00,4.778441718487387,1.1474167990612731,0.24012363583341712,0,0,3,0,1.3050301525,3,Typeb,Toyota,Food
2026-01-04 18:00:00,4.778441718487387,2.560499963667,0.5358441338230917,0,0,3,0,1.3050301525,3,Typeb,Toyota,Food
2026-01-04 19:00:00,4.778441718487387,1.9723854391777922,0.4127674994019075,0,0,3,0,1.3050301525,3,Typeb,Toyota,Food
2026-01-04 20:00:00,0.0,0.0,0.0,1,1,3,100,1.3050301525,3,Typeb,Toyota,Food
2026-01-04 21:00:00,0.0,0.0,0.0,1,1,3,100,1.3050301525,3,Typeb,Toyota,Food
2026-01-04 22:00:00,0.0,0.0,0.0,1,1,3,100,1.3050301525,3,Typeb,Toyota,Food
2026-01-04 23:00:00,0.0,0.0,0.0,1,1,3,100,1.3050301525,3,Typeb,Toyota,Food
2026-01-05 00:00:00,0.0,0.0,0.0,1,1,3,100,1.3050301525,3,Typeb,Toyota,Food
2026-01-05 01:00:00,0.0,0.0,0.0,1,1,3,100,1.3050301525,3,Typeb,Toyota,Food
2026-01-05 02:00:00,0.0,0.0,0.0,1,1,3,100,1.3050301525,3,Typeb,Toyota,Food
2026-01-05 03:00:00,0.0,0.0,0.0,1,1,3,100,1.3050301525,3,Typeb,Toyota,Food
2026-01-05 04:00:00,0.0,0.0,0.0,1,1,3,100,1.3050301525,3,Typeb,Toyota,Food
2026-01-05 05:00:00,0.0,0.0,0.0,1,1,3,100,1.3050301525,3,Typeb,Toyota,Food
2026-01-05 06:00:00,6.048097028046989,0.7416161937001364,0.12261975796040002,0,0,3,0,1.226197579604,3,Typeb,Toyota,Food
2026-01-05 07:00:00,6.048097028046989,2.256210363416105,0.3730446705721362,0,0,3,0,1.226197579604,3,Typeb,Toyota,Food
2026-01-05 08:00:00,6.048097028046989,3.3372728716506144,0.5517889108218,0,0,3,0,1.226197579604,3,Typeb,Toyota,Food
2026-01-05 09:00:00,6.048097028046989,2.4274740430538904,0.40136162363085537,0,0,3,0,1.226197579604,3,Typeb,Toyota,Food
2026-01-05 10:00:00,6.048097028046989,1.5543607772512886,0.256999973717884,0,0,3,0,1.226197579604,3,Typeb,Toyota,Food
2026-01-05 11:00:00,6.048097028046989,2.7703639723693194,0.45805547753652803,0,0,3,0,1.226197579604,3,Typeb,Toyota,Food
2026-01-05 12:00:00,0.0,0.0,0.0,1,1,3,100,1.226197579604,3,Typeb,Toyota,Food
2026-01-05 13:00:00,7.639701509111986,0.9367783499370145,0.12261975796040002,0,0,3,0,1.226197579604,3,Typeb,Toyota,Food
2026-01-05 14:00:00,7.639701509111986,2.6645710634851447,0.34877947264131604,0,0,3,0,1.226197579604,3,Typeb,Toyota,Food
2026-01-05 15:00:00,7.639701509111986,1.6191900778318833,0.2119441546113616,0,0,3,0,1.226197579604,3,Typeb,Toyota,Food
2026-01-05 16:00:00,7.639701509111986,1.346041048197506,0.17619026693543757,0,0,3,0,1.226197579604,3,Typeb,Toyota,Food
2026-01-05 17:00:00,7.639701509111986,4.215502574716565,0.5517889108218,0,0,3,0,1.226197579604,3,Typeb,Toyota,Food
2026-01-05 18:00:00,0.0,0.0,0.0,1,1,3,100,1.226197579604,3,Typeb,Toyota,Food
2026-01-05 19:00:00,0.0,0.0,0.0,1,1,3,100,1.226197579604,3,Typeb,Toyota,Food
2026-01-05 20:00:00,0.0,0.0,0.0,1,1,3,100,1.226197579604,3,Typeb,Toyota,Food
2026-01-05 21:00:00,0.0,0.0,0.0,1,1,3,100,1.226197579604,3,Typeb,Toyota,Food
2026-01-05 22:00:00,0.0,0.0,0.0,1,1,3,100,1.226197579604,3,Typeb,Toyota,Food
2026-01-05 23:00:00,0.0,0.0,0.0,1,1,3,100,1.226197579604,3,Typeb,Toyota,Food
2026-01-06 00:00:00,0.0,0.0,0.0,1,1,3,100,1.226197579604,3,Typeb,Toyota,Food
2026-01-06 01:00:00,0.0,0.0,0.0,1,1,3,100,1.226197579604,3,Typeb,Toyota,Food
2026-01-06 02:00:00,0.0,0.0,0.0,1,1,3,100,1.226197579604,3,Typeb,Toyota,Food
2026-01-06 03:00:00,0.0,0.0,0.0,1,1,3,100,1.226197579604,3,Typeb,Toyota,Food
2026-01-06 04:00:00,0.0,0.0,0.0,1,1,3,100,1.226197579604,3,Typeb,Toyota,Food
2026-01-06 05:00:00,0.0,0.0,0.0,1,1,3,100,1.226197579604,3,Typeb,Toyota,Food
2026-01-06 06:00:00,6.121693424259519,2.2640560029695025,0.36984145497997767,0,0,3,0,1.3306301459840002,3,Typeb,Toyota,Food
2026-01-06 07:00:00,6.121693424259519,2.70509883348453,0.4418873416242237,0,0,3,0,1.3306301459840002,3,Typeb,Toyota,Food
2026-01-06 08:00:00,6.121693424259519,0.8145709814791737,0.13306301459840003,0,0,3,0,1.3306301459840002,3,Typeb,Toyota,Food
2026-01-06 09:00:00,6.121693424259519,3.665569416656282,0.5987835656928001,0,0,3,0,1.3306301459840002,3,Typeb,Toyota,Food
2026-01-06 10:00:00,6.121693424259519,1.3373209489895965,0.21845604742144684,0,0,3,0,1.3306301459840002,3,Typeb,Toyota,Food
2026-01-06 11:00:00,6.121693424259519,2.762441041198845,0.4512543915138956,0,0,3,0,1.3306301459840002,3,Typeb,Toyota,Food
2026-01-06 12:00:00,0.0,0.0,0.0,1,1,3,100,1.3306301459840002,3,Typeb,Toyota,Food
2026-01-06 13:00:00,5.5095240818335665,1.9910193577282513,0.36137773937556533,0,0,3,0,1.3306301459840002,3,Typeb,Toyota,Food
2026-01-06 14:00:00,5.5095240818335665,3.0031483048383496,0.5450830707393702,0,0,3,0,1.3306301459840002,3,Typeb,Toyota,Food
2026-01-06 15:00:00,5.5095240818335665,1.0984972055379105,0.19938150541168545,0,0,3,0,1.3306301459840002,3,Typeb,Toyota,Food
2026-01-06 16:00:00,5.5095240818335665,0.8951039159529484,0.16246483410506454,0,0,3,0,1.3306301459840002,3,Typeb,Toyota,Food
2026-01-06 17:00:00,5.5095240818335665,1.422561626458783,0.2582004553078122,0,0,3,0,1.3306301459840002,3,Typeb,Toyota,Food
2026-01-06 18:00:00,5.5095240818335665,0.9467362462947115,0.17183630241609513,0,0,3,0,1.3306301459840002,3,Typeb,Toyota,Food
2026-01-06 19:00:00,5.5095240818335665,0.7331138833312564,0.13306301459840003,0,0,3,0,1.3306301459840002,3,Typeb,Toyota,Food
2026-01-06 20:00:00,5.5095240818335665,1.8005831227062519,0.32681282375065307,0,0,3,0,1.3306301459840002,3,Typeb,Toyota,Food
2026-01-06 21:00:00,0.0,0.0,0.0,1,1,3,100,1.3306301459840002,3,Typeb,Toyota,Food
2026-01-06 22:00:00,0.0,0.0,0.0,1,1,3,100,1.3306301459840002,3,Typeb,Toyota,Food
2026-01-06 23:00:00,0.0,0.0,0.0,1,1,3,100,1.3306301459840002,3,Typeb,Toyota,Food
2026-01-07 00:00:00,0.0,0.0,0.0,1,1,3,100,1.3306301459840002,3,Typeb,Toyota,Food
2026-01-07 01:00:00,0.0,0.0,0.0,1,1,3,100,1.3306301459840002,3,Typeb,Toyota,Food
2026-01-07 02:00:00,0.0,0.0,0.0,1,1,3,100,1.3306301459840002,3,Typeb,Toyota,Food
2026-01-07 03:00:00,0.0,0.0,0.0,1,1,3,100,1.3306301459840002,3,Typeb,Toyota,Food
2026-01-07 04:00:00,0.0,0.0,0.0,1,1,3,100,1.3306301459840002,3,Typeb,Toyota,Food
2026-01-07 05:00:00,0.0,0.0,0.0,1,1,3,100,1.3306301459840002,3,Typeb,Toyota,Food
2026-01-07 06:00:00,0.0,0.0,0.0,1,1,3,100,1.3306301459840002,3,Typeb,Toyota,Food
2026-01-07 07:00:00,0.0,0.0,0.0,1,1,3,100,1.3306301459840002,3,Typeb,Toyota,Food
2026-01-07 08:00:00,9.401254311884017,3.0599416878707597,0.32548227995521006,0,0,3,0,1.282756305344,3,Typeb,Toyota,Food
2026-01-07 09:00:00,9.401254311884017,3.698034245750108,0.3933554101472892,0,0,3,0,1.282756305344,3,Typeb,Toyota,Food
2026-01-07 10:00:00,9.401254311884017,4.178664103612986,0.4444794242328691,0,0,3,0,1.282756305344,3,Typeb,Toyota,Food
2026-01-07 11:00:00,9.401254311884017,5.426783211020262,0.5772403374048001,0,0,3,0,1.282756305344,3,Typeb,Toyota,Food
2026-01-07 12:00:00,0.0,0.0,0.0,1,1,3,100,1.282756305344,3,Typeb,Toyota,Food
2026-01-07 13:00:00,5.919308270445493,2.932925620733488,0.49548452061151954,0,0,3,0,1.282756305344,3,Typeb,Toyota,Food
2026-01-07 14:00:00,5.919308270445493,1.7468305291630166,0.29510720667899065,0,0,3,0,1.282756305344,3,Typeb,Toyota,Food
2026-01-07 15:00:00,5.919308270445493,3.381669813542617,0.5712947626713331,0,0,3,0,1.282756305344,3,Typeb,Toyota,Food
2026-01-07 16:00:00,5.919308270445493,2.367961808278717,0.40004029188709617,0,0,3,0,1.282756305344,3,Typeb,Toyota,Food
2026-01-07 17:00:00,5.919308270445493,2.9521167450366774,0.49872664341140965,0,0,3,0,1.282756305344,3,Typeb,Toyota,Food
2026-01-07 18:00:00,5.919308270445493,3.4168635032349797,0.5772403374048001,0,0,3,0,1.282756305344,3,Typeb,Toyota,Food
2026-01-07 19:00:00,5.919308270445493,2.219621430621879,0.3749798674456987,0,0,3,0,1.282756305344,3,Typeb,Toyota,Food
2026-01-07 20:00:00,0.0,0.0,0.0,1,1,3,100,1.282756305344,3,Typeb,Toyota,Food
2026-01-07 21:00:00,0.0,0.0,0.0,1,1,3,100,1.282756305344,3,Typeb,Toyota,Food
2026-01-07 22:00:00,0.0,0.0,0.0,1,1,3,100,1.282756305344,3,Typeb,Toyota,Food
2026-01-07 23:00:00,0.0,0.0,0.0,1,1,3,100,1.282756305344,3,Typeb,Toyota,Food
2026-01-08 00:00:00,0.0,0.0,0.0,1,1,3,100,1.282756305344,3,Typeb,Toyota,Food
2026-01-08 01:00:00,0.0,0.0,0.0,1,1,3,100,1.282756305344,3,Typeb,Toyota,Food
2026-01-08 02:00:00,0.0,0.0,0.0,1,1,3,100,1.282756305344,3,Typeb,Toyota,Food
2026-01-08 03:00:00,0.0,0.0,0.0,1,1,3,100,1.282756305344,3,Typeb,Toyota,Food
2026-01-08 04:00:00,7.076644701592093,2.357540923324307,0.3331438870731932,0,0,3,0,1.176585222144,3,Typeb,Toyota,Food
2026-01-08 05:00:00,7.076644701592093,1.4295155383673068,0.20200470684160485,0,0,3,0,1.176585222144,3,Typeb,Toyota,Food
2026-01-08 06:00:00,7.076644701592093,3.201864901400214,0.4524552293376921,0,0,3,0,1.176585222144,3,Typeb,Toyota,Food
2026-01-08 07:00:00,7.076644701592093,0.8326275578256894,0.11765852221440001,0,0,3,0,1.176585222144,3,Typeb,Toyota,Food
2026-01-08 08:00:00,7.076644701592093,2.655502579631094,0.37524882081951394,0,0,3,0,1.176585222144,3,Typeb,Toyota,Food
2026-01-08 09:00:00,7.076644701592093,1.6367249445061667,0.23128544861633912,0,0,3,0,1.176585222144,3,Typeb,Toyota,Food
2026-01-08 10:00:00,7.076644701592093,1.8257637123709494,0.2579984991983831,0,0,3,0,1.176585222144,3,Typeb,Toyota,Food
2026-01-08 11:00:00,7.076644701592093,0.8326275578256894,0.11765852221440001,0,0,3,0,1.176585222144,3,Typeb,Toyota,Food
2026-01-08 12:00:00,0.0,0.0,0.0,1,1,3,100,1.176585222144,3,Typeb,Toyota,Food
2026-01-08 13:00:00,8.087593944676678,1.3033526178734864,0.16115455681740354,0,0,3,0,1.176585222144,3,Typeb,Toyota,Food
2026-01-08 14:00:00,8.087593944676678,4.186976746257065,0.5177036303872511,0,0,3,0,1.176585222144,3,Typeb,Toyota,Food
2026-01-08 15:00:00,8.087593944676678,0.951574351800788,0.11765852221440001,0,0,3,0,1.176585222144,3,Typeb,Toyota,Food
2026-01-08 16:00:00,8.087593944676678,1.617849071161352,0.2000408381316218,0,0,3,0,1.176585222144,3,Typeb,Toyota,Food
2026-01-08 17:00:00,8.087593944676678,2.9778209295152576,0.36819614707230497,0,0,3,0,1.176585222144,3,Typeb,Toyota,Food
2026-01-08 18:00:00,8.087593944676678,1.3049493937883347,0.16135199204050832,0,0,3,0,1.176585222144,3,Typeb,Toyota,Food
2026-01-08 19:00:00,8.087593944676678,2.3357728175769656,0.2888093583276879,0,0,3,0,1.176585222144,3,Typeb,Toyota,Food
2026-01-08 20:00:00,0.0,0.0,0.0,1,1,3,100,1.176585222144,3,Typeb,Toyota,Food
2026-01-08 21:00:00,0.0,0.0,0.0,1,1,3,100,1.176585222144,3,Typeb,Toyota,Food
2026-01-08 22:00:00,0.0,0.0,0.0,1,1,3,100,1.176585222144,3,Typeb,Toyota,Food
2026-01-08 23:00:00,0.0,0.0,0.0,1,1,3,100,1.176585222144,3,Typeb,Toyota,Food
2026-01-09 00:00:00,0.0,0.0,0.0,1,1,3,100,1.176585222144,3,Typeb,Toyota,Food
2026-01-09 01:00:00,0.0,0.0,0.0,1,1,3,100,1.176585222144,3,Typeb,Toyota,Food
2026-01-09 02:00:00,0.0,0.0,0.0,1,1,3,100,1.176585222144,3,Typeb,Toyota,Food
2026-01-09 03:00:00,0.0,0.0,0.0,1,1,3,100,1.176585222144,3,Typeb,Toyota,Food
2026-01-09 04:00:00,0.0,0.0,0.0,1,1,3,100,1.176585222144,3,Typeb,Toyota,Food
2026-01-09 05:00:00,0.0,0.0,0.0,1,1,3,100,1.176585222144,3,Typeb,Toyota,Food
2026-01-09 06:00:00,0.0,0.0,0.0,1,1,3,100,1.176585222144,3,Typeb,Toyota,Food
2026-01-09 07:00:00,0.0,0.0,0.0,1,1,3,100,1.176585222144,3,Typeb,Toyota,Food
2026-01-09 08:00:00,8.77289392768298,2.0396081293085464,0.23248977431181936,0,0,3,0,1.137342385344,3,Typeb,Toyota,Food
2026-01-09 09:00:00,8.77289392768298,4.042614467680344,0.4608074030080111,0,0,3,0,1.137342385344,3,Typeb,Toyota,Food
2026-01-09 10:00:00,8.77289392768298,2.584007821512822,0.2945445189253858,0,0,3,0,1.137342385344,3,Typeb,Toyota,Food
2026-01-09 11:00:00,8.77289392768298,4.490002847736383,0.5118040734047999,0,0,3,0,1.137342385344,3,Typeb,Toyota,Food
2026-01-09 12:00:00,0.0,0.0,0.0,1,1,3,100,1.137342385344,3,Typeb,Toyota,Food
2026-01-09 13:00:00,4.7852148696452605,0.5442427694225919,0.1137342385344,0,0,3,0,1.137342385344,3,Typeb,Toyota,Food
2026-01-09 14:00:00,4.7852148696452605,1.7674922833806506,0.369365291116317,0,0,3,0,1.137342385344,3,Typeb,Toyota,Food
2026-01-09 15:00:00,4.7852148696452605,1.5456922594061449,0.3230141804522,0,0,3,0,1.137342385344,3,Typeb,Toyota,Food
2026-01-09 16:00:00,4.7852148696452605,0.5442427694225919,0.1137342385344,0,0,3,0,1.137342385344,3,Typeb,Toyota,Food
2026-01-09 17:00:00,4.7852148696452605,0.8706425608938643,0.18194429813731794,0,0,3,0,1.137342385344,3,Typeb,Toyota,Food
2026-01-09 18:00:00,4.7852148696452605,1.3054485101658428,0.27280875482663935,0,0,3,0,1.137342385344,3,Typeb,Toyota,Food
2026-01-09 19:00:00,4.7852148696452605,1.8383322792045953,0.3841692231765708,0,0,3,0,1.137342385344,3,Typeb,Toyota,Food
2026-01-09 20:00:00,4.7852148696452605,0.8562670056562619,0.17894013727323788,0,0,3,0,1.137342385344,3,Typeb,Toyota,Food
2026-01-09 21:00:00,0.0,0.0,0.0,1,1,3,100,1.137342385344,3,Typeb,Toyota,Food
2026-01-09 22:00:00,0.0,0.0,0.0,1,1,3,100,1.137342385344,3,Typeb,Toyota,Food
2026-01-09 23:00:00,0.0,0.0,0.0,1,1,3,100,1.137342385344,3,Typeb,Toyota,Food
2026-01-10 00:00:00,0.0,0.0,0.0,1,1,3,100,1.137342385344,3,Typeb,Toyota,Food
2026-01-10 01:00:00,0.0,0.0,0.0,1,1,3,100,1.137342385344,3,Typeb,Toyota,Food
2026-01-10 02:00:00,0.0,0.0,0.0,1,1,3,100,1.137342385344,3,Typeb,Toyota,Food
2026-01-10 03:00:00,0.0,0.0,0.0,1,1,3,100,1.137342385344,3,Typeb,Toyota,Food
2026-01-10 04:00:00,0.0,0.0,0.0,1,1,3,100,1.137342385344,3,Typeb,Toyota,Food
2026-01-10 05:00:00,0.0,0.0,0.0,1,1,3,100,1.137342385344,3,Typeb,Toyota,Food
2026-01-10 06:00:00,0.0,0.0,0.0,1,1,3,100,1.137342385344,3,Typeb,Toyota,Food
2026-01-10 07:00:00,0.0,0.0,0.0,1,1,3,100,1.137342385344,3,Typeb,Toyota,Food
2026-01-10 08:00:00,0.0,0.0,0.0,1,1,3,100,1.137342385344,3,Typeb,Toyota,Food
2026-01-10 09:00:00,0.0,0.0,0.0,1,1,3,100,1.137342385344,3,Typeb,Toyota,Food
2026-01-10 10:00:00,12.492871754746501,2.8209224938500035,0.22580256559331374,0,0,3,0,1.18961004,3,Typeb,Toyota,Food
2026-01-10 11:00:00,12.492871754746501,3.8892745153605772,0.31131949416537463,0,0,3,0,1.18961004,3,Typeb,Toyota,Food
2026-01-10 12:00:00,0.0,0.0,0.0,1,1,3,100,1.18961004,3,Typeb,Toyota,Food
2026-01-10 13:00:00,0.0,0.0,0.0,1,1,3,100,1.18961004,3,Typeb,Toyota,Food
2026-01-10 14:00:00,5.431683371628914,1.2821101976207676,0.23604288208652965,0,0,3,0,1.18961004,3,Typeb,Toyota,Food
2026-01-10 15:00:00,5.431683371628914,2.341192538916518,0.4310252234408897,0,0,3,0,1.18961004,3,Typeb,Toyota,Food
2026-01-10 16:00:00,5.431683371628914,0.6461585072990808,0.11896100400000001,0,0,3,0,1.18961004,3,Typeb,Toyota,Food
2026-01-10 17:00:00,5.431683371628914,1.4707410753160701,0.2707707674932105,0,0,3,0,1.18961004,3,Typeb,Toyota,Food
2026-01-10 18:00:00,5.431683371628914,2.490815730864507,0.458571599345183,0,0,3,0,1.18961004,3,Typeb,Toyota,Food
2026-01-10 19:00:00,0.0,0.0,0.0,1,1,3,100,1.18961004,3,Typeb,Toyota,Food
2026-01-10 20:00:00,0.0,0.0,0.0,1,1,3,100,1.18961004,3,Typeb,Toyota,Food
2026-01-10 21:00:00,0.0,0.0,0.0,1,1,3,100,1.18961004,3,Typeb,Toyota,Food
2026-01-10 22:00:00,0.0,0.0,0.0,1,1,3,100,1.18961004,3,Typeb,Toyota,Food
2026-01-10 23:00:00,0.0,0.0,0.0,1,1,3,100,1.18961004,3,Typeb,Toyota,Food
2026-01-11 00:00:00,0.0,0.0,0.0,1,1,3,100,1.18961004,3,Typeb,Toyota,Food
2026-01-11 01:00:00,0.0,0.0,0.0,1,1,3,100,1.18961004,3,Typeb,Toyota,Food
2026-01-11 02:00:00,0.0,0.0,0.0,1,1,3,100,1.18961004,3,Typeb,Toyota,Food
2026-01-11 03:00:00,0.0,0.0,0.0,1,1,3,100,1.18961004,3,Typeb,Toyota,Food
2026-01-11 04:00:00,0.0,0.0,0.0,1,1,3,100,1.18961004,3,Typeb,Toyota,Food
2026-01-11 05:00:00,0.0,0.0,0.0,1,1,3,100,1.18961004,3,Typeb,Toyota,Food
2026-01-11 06:00:00,0.0,0.0,0.0,1,1,3,100,1.18961004,3,Typeb,Toyota,Food
2026-01-11 07:00:00,0.0,0.0,0.0,1,1,3,100,1.18961004,3,Typeb,Toyota,Food
2026-01-11 08:00:00,0.0,0.0,0.0,1,1,3,100,1.18961004,3,Typeb,Toyota,Food
2026-01-11 09:00:00,0.0,0.0,0.0,1,1,3,100,1.18961004,3,Typeb,Toyota,Food
2026-01-11 10:00:00,13.333333333333334,5.857777923161826,0.43933334423713694,0,0,3,0,1.122069513044,3,Typeb,Toyota,Food
2026-01-11 11:00:00,13.333333333333334,1.4960926840586668,0.1122069513044,0,0,3,0,1.122069513044,3,Typeb,Toyota,Food
2026-01-11 12:00:00,0.0,0.0,0.0,1,1,3,100,1.122069513044,3,Typeb,Toyota,Food
2026-01-11 13:00:00,4.444444444444445,0.4986975613528889,0.1122069513044,0,0,3,0,1.122069513044,3,Typeb,Toyota,Food
2026-01-11 14:00:00,4.444444444444445,1.1727649779126035,0.2638721200303357,0,0,3,0,1.122069513044,3,Typeb,Toyota,Food
2026-01-11 15:00:00,4.444444444444445,1.2742682953173128,0.28671036644639536,0,0,3,0,1.122069513044,3,Typeb,Toyota,Food
2026-01-11 16:00:00,4.444444444444445,1.7482220427681245,0.39334995962282804,0,0,3,0,1.122069513044,3,Typeb,Toyota,Food
2026-01-11 17:00:00,4.444444444444445,1.0731152914509445,0.24145094057646255,0,0,3,0,1.122069513044,3,Typeb,Toyota,Food
2026-01-11 18:00:00,4.444444444444445,0.827223589387668,0.18612530761222532,0,0,3,0,1.122069513044,3,Typeb,Toyota,Food
2026-01-11 19:00:00,4.444444444444445,0.9792149527629703,0.22032336437166833,0,0,3,0,1.122069513044,3,Typeb,Toyota,Food
2026-01-11 20:00:00,0.0,0.0,0.0,1,1,3,100,1.122069513044,3,Typeb,Toyota,Food
2026-01-11 21:00:00,0.0,0.0,0.0,1,1,3,100,1.122069513044,3,Typeb,Toyota,Food
2026-01-11 22:00:00,0.0,0.0,0.0,1,1,3,100,1.122069513044,3,Typeb,Toyota,Food
2026-01-11 23:00:00,0.0,0.0,0.0,1,1,3,100,1.122069513044,3,Typeb,Toyota,Food
2026-01-12 00:00:00,0.0,0.0,0.0,1,1,3,100,1.122069513044,3,Typeb,Toyota,Food
2026-01-12 01:00:00,0.0,0.0,0.0,1,1,3,100,1.122069513044,3,Typeb,Toyota,Food
2026-01-12 02:00:00,0.0,0.0,0.0,1,1,3,100,1.122069513044,3,Typeb,Toyota,Food
2026-01-12 03:00:00,0.0,0.0,0.0,1,1,3,100,1.122069513044,3,Typeb,Toyota,Food
2026-01-12 04:00:00,0.0,0.0,0.0,1,1,3,100,1.122069513044,3,Typeb,Toyota,Food
2026-01-12 05:00:00,0.0,0.0,0.0,1,1,3,100,1.122069513044,3,Typeb,Toyota,Food
2026-01-12 06:00:00,0.0,0.0,0.0,1,1,3,100,1.122069513044,3,Typeb,Toyota,Food
2026-01-12 07:00:00,7.485700622856994,3.0102103827689133,0.4021280751700748,0,0,3,0,1.119889326784,3,Typeb,Toyota,Food
2026-01-12 08:00:00,7.485700622856994,2.0274646042252398,0.27084500254185123,0,0,3,0,1.119889326784,3,Typeb,Toyota,Food
2026-01-12 09:00:00,7.485700622856994,3.698862760573463,0.4941237897330917,0,0,3,0,1.119889326784,3,Typeb,Toyota,Food
2026-01-12 10:00:00,7.485700622856994,2.610502128675843,0.3487318368977891,0,0,3,0,1.119889326784,3,Typeb,Toyota,Food
2026-01-12 11:00:00,7.485700622856994,0.8383156231037889,0.1119889326784,0,0,3,0,1.119889326784,3,Typeb,Toyota,Food
2026-01-12 12:00:00,0.0,0.0,0.0,1,1,3,100,1.119889326784,3,Typeb,Toyota,Food
2026-01-12 13:00:00,7.485700622856994,0.8383156231037889,0.1119889326784,0,0,3,0,1.119889326784,3,Typeb,Toyota,Food
2026-01-12 14:00:00,7.485700622856994,3.341671779149159,0.4464073501611363,0,0,3,0,1.119889326784,3,Typeb,Toyota,Food
2026-01-12 15:00:00,7.485700622856994,2.920715233454289,0.39017259447113295,0,0,3,0,1.119889326784,3,Typeb,Toyota,Food
2026-01-12 16:00:00,7.485700622856994,1.849078607683748,0.24701476866944597,0,0,3,0,1.119889326784,3,Typeb,Toyota,Food
2026-01-12 17:00:00,7.485700622856994,0.8383156231037889,0.1119889326784,0,0,3,0,1.119889326784,3,Typeb,Toyota,Food
2026-01-12 18:00:00,7.485700622856994,3.77242030396705,0.5039501970528,0,0,3,0,1.119889326784,3,Typeb,Toyota,Food
2026-01-12 19:00:00,0.0,0.0,0.0,1,1,3,100,1.119889326784,3,Typeb,Toyota,Food
2026-01-12 20:00:00,0.0,0.0,0.0,1,1,3,100,1.119889326784,3,Typeb,Toyota,Food
2026-01-12 21:00:00,0.0,0.0,0.0,1,1,3,100,1.119889326784,3,Typeb,Toyota,Food
2026-01-12 22:00:00,0.0,0.0,0.0,1,1,3,100,1.119889326784,3,Typeb,Toyota,Food
2026-01-12 23:00:00,0.0,0.0,0.0,1,1,3,100,1.119889326784,3,Typeb,Toyota,Food
2026-01-13 00:00:00,0.0,0.0,0.0,1,1,3,100,1.119889326784,3,Typeb,Toyota,Food
2026-01-13 01:00:00,0.0,0.0,0.0,1,1,3,100,1.119889326784,3,Typeb,Toyota,Food
2026-01-13 02:00:00,0.0,0.0,0.0,1,1,3,100,1.119889326784,3,Typeb,Toyota,Food
2026-01-13 03:00:00,0.0,0.0,0.0,1,1,3,100,1.119889326784,3,Typeb,Toyota,Food
2026-01-13 04:00:00,0.0,0.0,0.0,1,1,3,100,1.119889326784,3,Typeb,Toyota,Food
2026-01-13 05:00:00,0.0,0.0,0.0,1,1,3,100,1.119889326784,3,Typeb,Toyota,Food
2026-01-13 06:00:00,0.0,0.0,0.0,1,1,3,100,1.119889326784,3,Typeb,Toyota,Food
2026-01-13 07:00:00,8.036484184515983,4.065758672939235,0.505912608,0,0,3,0,1.12425024,3,Typeb,Toyota,Food
2026-01-13 08:00:00,8.036484184515983,4.065758672939235,0.505912608,0,0,3,0,1.12425024,3,Typeb,Toyota,Food
2026-01-13 09:00:00,8.036484184515983,2.1750517954411768,0.27064718171559177,0,0,3,0,1.12425024,3,Typeb,Toyota,Food
2026-01-13 10:00:00,8.036484184515983,3.4071664458267765,0.42396231580862387,0,0,3,0,1.12425024,3,Typeb,Toyota,Food
2026-01-13 11:00:00,8.036484184515983,2.774635632116368,0.3452549110296641,0,0,3,0,1.12425024,3,Typeb,Toyota,Food
2026-01-13 12:00:00,0.0,0.0,0.0,1,1,3,100,1.12425024,3,Typeb,Toyota,Food
2026-01-13 13:00:00,7.3058947131963485,3.4392361527675357,0.4707481133769118,0,0,3,0,1.12425024,3,Typeb,Toyota,Food
2026-01-13 14:00:00,7.3058947131963485,1.7782902732092234,0.24340485909236662,0,0,3,0,1.12425024,3,Typeb,Toyota,Food
2026-01-13 15:00:00,7.3058947131963485,1.1910998207972776,0.1630327109212019,0,0,3,0,1.12425024,3,Typeb,Toyota,Food
2026-01-13 16:00:00,7.3058947131963485,3.5554980977119466,0.4866615571792722,0,0,3,0,1.12425024,3,Typeb,Toyota,Food
2026-01-13 17:00:00,7.3058947131963485,2.1016427065908436,0.2876639739681342,0,0,3,0,1.12425024,3,Typeb,Toyota,Food
2026-01-13 18:00:00,7.3058947131963485,3.696144248126577,0.505912608,0,0,3,0,1.12425024,3,Typeb,Toyota,Food
2026-01-13 19:00:00,0.0,0.0,0.0,1,1,3,100,1.12425024,3,Typeb,Toyota,Food
2026-01-13 20:00:00,0.0,0.0,0.0,1,1,3,100,1.12425024,3,Typeb,Toyota,Food
2026-01-13 21:00:00,0.0,0.0,0.0,1,1,3,100,1.12425024,3,Typeb,Toyota,Food
2026-01-13 22:00:00,0.0,0.0,0.0,1,1,3,100,1.12425024,3,Typeb,Toyota,Food
2026-01-13 23:00:00,0.0,0.0,0.0,1,1,3,100,1.12425024,3,Typeb,Toyota,Food
2026-01-14 00:00:00,0.0,0.0,0.0,1,1,3,100,1.12425024,3,Typeb,Toyota,Food
2026-01-14 01:00:00,0.0,0.0,0.0,1,1,3,100,1.12425024,3,Typeb,Toyota,Food
2026-01-14 02:00:00,0.0,0.0,0.0,1,1,3,100,1.12425024,3,Typeb,Toyota,Food
2026-01-14 03:00:00,0.0,0.0,0.0,1,1,3,100,1.12425024,3,Typeb,Toyota,Food
2026-01-14 04:00:00,0.0,0.0,0.0,1,1,3,100,1.12425024,3,Typeb,Toyota,Food
2026-01-14 05:00:00,0.0,0.0,0.0,1,1,3,100,1.12425024,3,Typeb,Toyota,Food
2026-01-14 06:00:00,0.0,0.0,0.0,1,1,3,100,1.12425024,3,Typeb,Toyota,Food
2026-01-14 07:00:00,6.705694662359552,0.7392860722884849,0.11024750000000001,0,0,3,0,1.102475,3,Typeb,Toyota,Food
2026-01-14 08:00:00,6.705694662359552,1.1191603511486283,0.16689700433732935,0,0,3,0,1.102475,3,Typeb,Toyota,Food
2026-01-14 09:00:00,6.705694662359552,0.7392860722884849,0.11024750000000001,0,0,3,0,1.102475,3,Typeb,Toyota,Food
2026-01-14 10:00:00,6.705694662359552,0.7392860722884849,0.11024750000000001,0,0,3,0,1.102475,3,Typeb,Toyota,Food
2026-01-14 11:00:00,6.705694662359552,2.7999908805260483,0.41755418662931004,0,0,3,0,1.102475,3,Typeb,Toyota,Food
2026-01-14 12:00:00,6.705694662359552,0.9590416521776889,0.14301898617021552,0,0,3,0,1.102475,3,Typeb,Toyota,Food
2026-01-14 13:00:00,5.416137996521177,2.2660604553201145,0.41839045769801675,0,0,3,0,1.102475,3,Typeb,Toyota,Food
2026-01-14 14:00:00,5.416137996521177,1.423279207677243,0.2627848863140904,0,0,3,0,1.102475,3,Typeb,Toyota,Food
2026-01-14 15:00:00,5.416137996521177,2.265788520044046,0.4183402493620691,0,0,3,0,1.102475,3,Typeb,Toyota,Food
2026-01-14 16:00:00,5.416137996521177,1.303238980575829,0.24062145045287037,0,0,3,0,1.102475,3,Typeb,Toyota,Food
2026-01-14 17:00:00,5.416137996521177,2.455336710215118,0.45333717711627697,0,0,3,0,1.102475,3,Typeb,Toyota,Food
2026-01-14 18:00:00,5.416137996521177,2.6146664808558047,0.4827547751802526,0,0,3,0,1.102475,3,Typeb,Toyota,Food
2026-01-14 19:00:00,5.416137996521177,1.5369657615848267,0.2837752218595668,0,0,3,0,1.102475,3,Typeb,Toyota,Food
2026-01-14 20:00:00,0.0,0.0,0.0,1,1,3,100,1.102475,3,Typeb,Toyota,Food
2026-01-14 21:00:00,0.0,0.0,0.0,1,1,3,100,1.102475,3,Typeb,Toyota,Food
2026-01-14 22:00:00,0.0,0.0,0.0,1,1,3,100,1.102475,3,Typeb,Toyota,Food
2026-01-14 23:00:00,0.0,0.0,0.0,1,1,3,100,1.102475,3,Typeb,Toyota,Food
2026-01-01 00:00:00,0.0,0.0,0.0,1,1,4,100,1.0,4,Typeb,Toyota,Food
2026-01-01 01:00:00,0.0,0.0,0.0,1,1,4,100,1.0,4,Typeb,Toyota,Food
2026-01-01 02:00:00,0.0,0.0,0.0,1,1,4,100,1.0,4,Typeb,Toyota,Food
2026-01-01 03:00:00,0.0,0.0,0.0,1,1,4,100,1.0,4,Typeb,Toyota,Food
2026-01-01 04:00:00,0.0,0.0,0.0,1,1,4,100,1.0,4,Typeb,Toyota,Food
2026-01-01 05:00:00,0.0,0.0,0.0,1,1,4,100,1.0,4,Typeb,Toyota,Food
2026-01-01 06:00:00,0.0,0.0,0.0,1,1,4,100,1.0,4,Typeb,Toyota,Food
2026-01-01 07:00:00,5.217391304347826,2.5550412750554754,0.4897162443856328,0,0,4,0,1.1329772784640002,4,Typeb,Toyota,Food
2026-01-01 08:00:00,5.217391304347826,1.7009576721762223,0.3260168871671093,0,0,4,0,1.1329772784640002,4,Typeb,Toyota,Food
2026-01-01 09:00:00,5.217391304347826,1.9202896314236786,0.3680555126895384,0,0,4,0,1.1329772784640002,4,Typeb,Toyota,Food
2026-01-01 10:00:00,5.217391304347826,0.9258291868778097,0.1774505941515802,0,0,4,0,1.1329772784640002,4,Typeb,Toyota,Food
2026-01-01 11:00:00,5.217391304347826,2.0604499651564216,0.39491957665498084,0,0,4,0,1.1329772784640002,4,Typeb,Toyota,Food
2026-01-01 12:00:00,5.217391304347826,1.6657152006275722,0.3192620801202846,0,0,4,0,1.1329772784640002,4,Typeb,Toyota,Food
2026-01-01 13:00:00,4.444444444444445,1.7256683118905407,0.3882753701753716,0,0,4,0,1.1329772784640002,4,Typeb,Toyota,Food
2026-01-01 14:00:00,4.444444444444445,1.9254704150780422,0.43323084339255946,0,0,4,0,1.1329772784640002,4,Typeb,Toyota,Food
2026-01-01 15:00:00,4.444444444444445,1.0430511813417982,0.23468651580190458,0,0,4,0,1.1329772784640002,4,Typeb,Toyota,Food
2026-01-01 16:00:00,4.444444444444445,0.5035454570951112,0.11329772784640002,0,0,4,0,1.1329772784640002,4,Typeb,Toyota,Food
2026-01-01 17:00:00,4.444444444444445,2.2659545569280004,0.5098397753088001,0,0,4,0,1.1329772784640002,4,Typeb,Toyota,Food
2026-01-01 18:00:00,4.444444444444445,1.4294127959009462,0.3216178790777129,0,0,4,0,1.1329772784640002,4,Typeb,Toyota,Food
2026-01-01 19:00:00,4.444444444444445,2.2659545569280004,0.5098397753088001,0,0,4,0,1.1329772784640002,4,Typeb,Toyota,Food
2026-01-01 20:00:00,0.0,0.0,0.0,1,1,4,100,1.1329772784640002,4,Typeb,Toyota,Food
2026-01-01 21:00:00,0.0,0.0,0.0,1,1,4,100,1.1329772784640002,4,Typeb,Toyota,Food
2026-01-01 22:00:00,0.0,0.0,0.0,1,1,4,100,1.1329772784640002,4,Typeb,Toyota,Food
2026-01-01 23:00:00,0.0,0.0,0.0,1,1,4,100,1.1329772784640002,4,Typeb,Toyota,Food
2026-01-02 00:00:00,0.0,0.0,0.0,1,1,4,100,1.1329772784640002,4,Typeb,Toyota,Food
2026-01-02 01:00:00,0.0,0.0,0.0,1,1,4,100,1.1329772784640002,4,Typeb,Toyota,Food
2026-01-02 02:00:00,0.0,0.0,0.0,1,1,4,100,1.1329772784640002,4,Typeb,Toyota,Food
2026-01-02 03:00:00,0.0,0.0,0.0,1,1,4,100,1.1329772784640002,4,Typeb,Toyota,Food
2026-01-02 04:00:00,0.0,0.0,0.0,1,1,4,100,1.1329772784640002,4,Typeb,Toyota,Food
2026-01-02 05:00:00,0.0,0.0,0.0,1,1,4,100,1.1329772784640002,4,Typeb,Toyota,Food
2026-01-02 06:00:00,0.0,0.0,0.0,1,1,4,100,1.1329772784640002,4,Typeb,Toyota,Food
2026-01-02 07:00:00,10.191883727978908,1.8203472560146117,0.17860753758575246,0,0,4,0,1.23259004,4,Typeb,Toyota,Food
2026-01-02 08:00:00,10.191883727978908,4.001147851429102,0.39258177960224294,0,0,4,0,1.23259004,4,Typeb,Toyota,Food
2026-01-02 09:00:00,10.191883727978908,5.116736653207768,0.5020403283409943,0,0,4,0,1.23259004,4,Typeb,Toyota,Food
2026-01-02 10:00:00,10.191883727978908,3.390288653206737,0.3326459311834246,0,0,4,0,1.23259004,4,Typeb,Toyota,Food
2026-01-02 11:00:00,10.191883727978908,3.284916831990704,0.3223071337610438,0,0,4,0,1.23259004,4,Typeb,Toyota,Food
2026-01-02 12:00:00,0.0,0.0,0.0,1,1,4,100,1.23259004,4,Typeb,Toyota,Food
2026-01-02 13:00:00,9.265348843617188,4.4808485684404245,0.48361358477368493,0,0,4,0,1.23259004,4,Typeb,Toyota,Food
2026-01-02 14:00:00,9.265348843617188,1.4303377512239335,0.15437494857080095,0,0,4,0,1.23259004,4,Typeb,Toyota,Food
2026-01-02 15:00:00,9.265348843617188,2.1760473897849573,0.2348586574032791,0,0,4,0,1.23259004,4,Typeb,Toyota,Food
2026-01-02 16:00:00,9.265348843617188,1.1420376701768065,0.123259004,0,0,4,0,1.23259004,4,Typeb,Toyota,Food
2026-01-02 17:00:00,9.265348843617188,2.126069698834393,0.2294646143085074,0,0,4,0,1.23259004,4,Typeb,Toyota,Food
2026-01-02 18:00:00,9.265348843617188,4.255484942528538,0.4592903099876376,0,0,4,0,1.23259004,4,Typeb,Toyota,Food
2026-01-02 19:00:00,0.0,0.0,0.0,1,1,4,100,1.23259004,4,Typeb,Toyota,Food
2026-01-02 20:00:00,0.0,0.0,0.0,1,1,4,100,1.23259004,4,Typeb,Toyota,Food
2026-01-02 21:00:00,0.0,0.0,0.0,1,1,4,100,1.23259004,4,Typeb,Toyota,Food
2026-01-02 22:00:00,0.0,0.0,0.0,1,1,4,100,1.23259004,4,Typeb,Toyota,Food
2026-01-02 23:00:00,0.0,0.0,0.0,1,1,4,100,1.23259004,4,Typeb,Toyota,Food
2026-01-03 00:00:00,0.0,0.0,0.0,1,1,4,100,1.23259004,4,Typeb,Toyota,Food
2026-01-03 01:00:00,0.0,0.0,0.0,1,1,4,100,1.23259004,4,Typeb,Toyota,Food
2026-01-03 02:00:00,0.0,0.0,0.0,1,1,4,100,1.23259004,4,Typeb,Toyota,Food
2026-01-03 03:00:00,0.0,0.0,0.0,1,1,4,100,1.23259004,4,Typeb,Toyota,Food
2026-01-03 04:00:00,0.0,0.0,0.0,1,1,4,100,1.23259004,4,Typeb,Toyota,Food
2026-01-03 05:00:00,0.0,0.0,0.0,1,1,4,100,1.23259004,4,Typeb,Toyota,Food
2026-01-03 06:00:00,0.0,0.0,0.0,1,1,4,100,1.23259004,4,Typeb,Toyota,Food
2026-01-03 07:00:00,0.0,0.0,0.0,1,1,4,100,1.23259004,4,Typeb,Toyota,Food
2026-01-03 08:00:00,0.0,0.0,0.0,1,1,4,100,1.23259004,4,Typeb,Toyota,Food
2026-01-03 09:00:00,0.0,0.0,0.0,1,1,4,100,1.23259004,4,Typeb,Toyota,Food
2026-01-03 10:00:00,13.333333333333334,2.789523906699069,0.20921429300243016,0,0,4,0,1.209049010004,4,Typeb,Toyota,Food
2026-01-03 11:00:00,13.333333333333334,5.2851161972479135,0.3963837147935935,0,0,4,0,1.209049010004,4,Typeb,Toyota,Food
2026-01-03 12:00:00,0.0,0.0,0.0,1,1,4,100,1.209049010004,4,Typeb,Toyota,Food
2026-01-03 13:00:00,0.0,0.0,0.0,1,1,4,100,1.209049010004,4,Typeb,Toyota,Food
2026-01-03 14:00:00,5.454545454545454,0.9324756407437894,0.17095386746969474,0,0,4,0,1.209049010004,4,Typeb,Toyota,Food
2026-01-03 15:00:00,5.454545454545454,0.6594812781839999,0.1209049010004,0,0,4,0,1.209049010004,4,Typeb,Toyota,Food
2026-01-03 16:00:00,5.454545454545454,1.534388833346509,0.28130461944686,0,0,4,0,1.209049010004,4,Typeb,Toyota,Food
2026-01-03 17:00:00,5.454545454545454,1.8302300946681895,0.3355421840225014,0,0,4,0,1.209049010004,4,Typeb,Toyota,Food
2026-01-03 18:00:00,5.454545454545454,0.8235127820842434,0.1509773433821113,0,0,4,0,1.209049010004,4,Typeb,Toyota,Food
2026-01-03 19:00:00,0.0,0.0,0.0,1,1,4,100,1.209049010004,4,Typeb,Toyota,Food
2026-01-03 20:00:00,0.0,0.0,0.0,1,1,4,100,1.209049010004,4,Typeb,Toyota,Food
2026-01-03 21:00:00,0.0,0.0,0.0,1,1,4,100,1.209049010004,4,Typeb,Toyota,Food
2026-01-03 22:00:00,0.0,0.0,0.0,1,1,4,100,1.209049010004,4,Typeb,Toyota,Food
2026-01-03 23:00:00,0.0,0.0,0.0,1,1,4,100,1.209049010004,4,Typeb,Toyota,Food
2026-01-04 00:00:00,0.0,0.0,0.0,1,1,4,100,1.209049010004,4,Typeb,Toyota,Food
2026-01-04 01:00:00,0.0,0.0,0.0,1,1,4,100,1.209049010004,4,Typeb,Toyota,Food
2026-01-04 02:00:00,0.0,0.0,0.0,1,1,4,100,1.209049010004,4,Typeb,Toyota,Food
2026-01-04 03:00:00,0.0,0.0,0.0,1,1,4,100,1.209049010004,4,Typeb,Toyota,Food
2026-01-04 04:00:00,0.0,0.0,0.0,1,1,4,100,1.209049010004,4,Typeb,Toyota,Food
2026-01-04 05:00:00,0.0,0.0,0.0,1,1,4,100,1.209049010004,4,Typeb,Toyota,Food
2026-01-04 06:00:00,0.0,0.0,0.0,1,1,4,100,1.209049010004,4,Typeb,Toyota,Food
2026-01-04 07:00:00,0.0,0.0,0.0,1,1,4,100,1.209049010004,4,Typeb,Toyota,Food
2026-01-04 08:00:00,0.0,0.0,0.0,1,1,4,100,1.209049010004,4,Typeb,Toyota,Food
2026-01-04 09:00:00,0.0,0.0,0.0,1,1,4,100,1.209049010004,4,Typeb,Toyota,Food
2026-01-04 10:00:00,15.0,3.2031373768565836,0.2135424917904389,0,0,4,0,1.3050301525,4,Typeb,Toyota,Food
2026-01-04 11:00:00,15.0,6.975099234082282,0.46500661560548545,0,0,4,0,1.3050301525,4,Typeb,Toyota,Food
2026-01-04 12:00:00,0.0,0.0,0.0,1,1,4,100,1.3050301525,4,Typeb,Toyota,Food
2026-01-04 13:00:00,4.285714285714286,1.4582765339786243,0.34026452459501233,0,0,4,0,1.3050301525,4,Typeb,Toyota,Food
2026-01-04 14:00:00,4.285714285714286,1.7363288060276272,0.40514338807311306,0,0,4,0,1.3050301525,4,Typeb,Toyota,Food
2026-01-04 15:00:00,4.285714285714286,1.3933333230105391,0.3251111087024591,0,0,4,0,1.3050301525,4,Typeb,Toyota,Food
2026-01-04 16:00:00,4.285714285714286,0.8096579255938774,0.1889201826385714,0,0,4,0,1.3050301525,4,Typeb,Toyota,Food
2026-01-04 17:00:00,4.285714285714286,1.6569581136821967,0.38662355985917923,0,0,4,0,1.3050301525,4,Typeb,Toyota,Food
2026-01-04 18:00:00,4.285714285714286,2.5168438655357144,0.5872635686250001,0,0,4,0,1.3050301525,4,Typeb,Toyota,Food
2026-01-04 19:00:00,4.285714285714286,0.9145029172168045,0.21338401401725438,0,0,4,0,1.3050301525,4,Typeb,Toyota,Food
2026-01-04 20:00:00,0.0,0.0,0.0,1,1,4,100,1.3050301525,4,Typeb,Toyota,Food
2026-01-04 21:00:00,0.0,0.0,0.0,1,1,4,100,1.3050301525,4,Typeb,Toyota,Food
2026-01-04 22:00:00,0.0,0.0,0.0,1,1,4,100,1.3050301525,4,Typeb,Toyota,Food
2026-01-04 23:00:00,0.0,0.0,0.0,1,1,4,100,1.3050301525,4,Typeb,Toyota,Food
2026-01-05 00:00:00,0.0,0.0,0.0,1,1,4,100,1.3050301525,4,Typeb,Toyota,Food
2026-01-05 01:00:00,0.0,0.0,0.0,1,1,4,100,1.3050301525,4,Typeb,Toyota,Food
2026-01-05 02:00:00,0.0,0.0,0.0,1,1,4,100,1.3050301525,4,Typeb,Toyota,Food
2026-01-05 03:00:00,0.0,0.0,0.0,1,1,4,100,1.3050301525,4,Typeb,Toyota,Food
2026-01-05 04:00:00,0.0,0.0,0.0,1,1,4,100,1.3050301525,4,Typeb,Toyota,Food
2026-01-05 05:00:00,0.0,0.0,0.0,1,1,4,100,1.3050301525,4,Typeb,Toyota,Food
2026-01-05 06:00:00,0.0,0.0,0.0,1,1,4,100,1.3050301525,4,Typeb,Toyota,Food
2026-01-05 07:00:00,0.0,0.0,0.0,1,1,4,100,1.3050301525,4,Typeb,Toyota,Food
2026-01-05 08:00:00,9.98082452961958,5.507308296302293,0.5517889108218,0,0,4,0,1.226197579604,4,Typeb,Toyota,Food
2026-01-05 09:00:00,9.98082452961958,1.6118968834645764,0.16149937098693928,0,0,4,0,1.226197579604,4,Typeb,Toyota,Food
2026-01-05 10:00:00,9.98082452961958,4.641637378660854,0.4650555036696723,0,0,4,0,1.226197579604,4,Typeb,Toyota,Food
2026-01-05 11:00:00,9.98082452961958,5.507308296302293,0.5517889108218,0,0,4,0,1.226197579604,4,Typeb,Toyota,Food
2026-01-05 12:00:00,0.0,0.0,0.0,1,1,4,100,1.226197579604,4,Typeb,Toyota,Food
2026-01-05 13:00:00,7.8110800666588025,1.4836535039919476,0.18994217077928147,0,0,4,0,1.226197579604,4,Typeb,Toyota,Food
2026-01-05 14:00:00,7.8110800666588025,1.7945763216398034,0.22974752611996146,0,0,4,0,1.226197579604,4,Typeb,Toyota,Food
2026-01-05 15:00:00,7.8110800666588025,0.9577927471830077,0.12261975796040002,0,0,4,0,1.226197579604,4,Typeb,Toyota,Food
2026-01-05 16:00:00,7.8110800666588025,2.716522892271047,0.34777813939795427,0,0,4,0,1.226197579604,4,Typeb,Toyota,Food
2026-01-05 17:00:00,7.8110800666588025,4.310067362323534,0.5517889108218,0,0,4,0,1.226197579604,4,Typeb,Toyota,Food
2026-01-05 18:00:00,7.8110800666588025,1.9847633819346977,0.25409589518952175,0,0,4,0,1.226197579604,4,Typeb,Toyota,Food
2026-01-05 19:00:00,0.0,0.0,0.0,1,1,4,100,1.226197579604,4,Typeb,Toyota,Food
2026-01-05 20:00:00,0.0,0.0,0.0,1,1,4,100,1.226197579604,4,Typeb,Toyota,Food
2026-01-05 21:00:00,0.0,0.0,0.0,1,1,4,100,1.226197579604,4,Typeb,Toyota,Food
2026-01-05 22:00:00,0.0,0.0,0.0,1,1,4,100,1.226197579604,4,Typeb,Toyota,Food
2026-01-05 23:00:00,0.0,0.0,0.0,1,1,4,100,1.226197579604,4,Typeb,Toyota,Food
2026-01-06 00:00:00,0.0,0.0,0.0,1,1,4,100,1.226197579604,4,Typeb,Toyota,Food
2026-01-06 01:00:00,0.0,0.0,0.0,1,1,4,100,1.226197579604,4,Typeb,Toyota,Food
2026-01-06 02:00:00,0.0,0.0,0.0,1,1,4,100,1.226197579604,4,Typeb,Toyota,Food
2026-01-06 03:00:00,0.0,0.0,0.0,1,1,4,100,1.226197579604,4,Typeb,Toyota,Food
2026-01-06 04:00:00,0.0,0.0,0.0,1,1,4,100,1.226197579604,4,Typeb,Toyota,Food
2026-01-06 05:00:00,0.0,0.0,0.0,1,1,4,100,1.226197579604,4,Typeb,Toyota,Food
2026-01-06 06:00:00,5.238903405528134,2.7507833417303433,0.5250685360657144,0,0,4,0,1.3306301459840002,4,Typeb,Toyota,Food
2026-01-06 07:00:00,5.238903405528134,2.8612001522866524,0.5461448571980713,0,0,4,0,1.3306301459840002,4,Typeb,Toyota,Food
2026-01-06 08:00:00,5.238903405528134,0.7198395324701773,0.13740271135951787,0,0,4,0,1.3306301459840002,4,Typeb,Toyota,Food
2026-01-06 09:00:00,5.238903405528134,2.3282019667512506,0.44440635501973796,0,0,4,0,1.3306301459840002,4,Typeb,Toyota,Food
2026-01-06 10:00:00,5.238903405528134,0.6971042803293978,0.13306301459840003,0,0,4,0,1.3306301459840002,4,Typeb,Toyota,Food
2026-01-06 11:00:00,5.238903405528134,1.261372146312552,0.24077026214713976,0,0,4,0,1.3306301459840002,4,Typeb,Toyota,Food
2026-01-06 12:00:00,0.0,0.0,0.0,1,1,4,100,1.3306301459840002,4,Typeb,Toyota,Food
2026-01-06 13:00:00,4.656803027136119,2.2852032710739953,0.49072362686539683,0,0,4,0,1.3306301459840002,4,Typeb,Toyota,Food
2026-01-06 14:00:00,4.656803027136119,2.788417121317591,0.5987835656928001,0,0,4,0,1.3306301459840002,4,Typeb,Toyota,Food
2026-01-06 15:00:00,4.656803027136119,1.0289349192176005,0.22095306870868098,0,0,4,0,1.3306301459840002,4,Typeb,Toyota,Food
2026-01-06 16:00:00,4.656803027136119,1.029329438251776,0.22103778756663495,0,0,4,0,1.3306301459840002,4,Typeb,Toyota,Food
2026-01-06 17:00:00,4.656803027136119,2.5348734858327524,0.5443377078784608,0,0,4,0,1.3306301459840002,4,Typeb,Toyota,Food
2026-01-06 18:00:00,4.656803027136119,2.022571416401644,0.43432616853573525,0,0,4,0,1.3306301459840002,4,Typeb,Toyota,Food
2026-01-06 19:00:00,4.656803027136119,2.788417121317591,0.5987835656928001,0,0,4,0,1.3306301459840002,4,Typeb,Toyota,Food
2026-01-06 20:00:00,0.0,0.0,0.0,1,1,4,100,1.3306301459840002,4,Typeb,Toyota,Food
2026-01-06 21:00:00,0.0,0.0,0.0,1,1,4,100,1.3306301459840002,4,Typeb,Toyota,Food
2026-01-06 22:00:00,0.0,0.0,0.0,1,1,4,100,1.3306301459840002,4,Typeb,Toyota,Food
2026-01-06 23:00:00,0.0,0.0,0.0,1,1,4,100,1.3306301459840002,4,Typeb,Toyota,Food
2026-01-07 00:00:00,0.0,0.0,0.0,1,1,4,100,1.3306301459840002,4,Typeb,Toyota,Food
2026-01-07 01:00:00,0.0,0.0,0.0,1,1,4,100,1.3306301459840002,4,Typeb,Toyota,Food
2026-01-07 02:00:00,0.0,0.0,0.0,1,1,4,100,1.3306301459840002,4,Typeb,Toyota,Food
2026-01-07 03:00:00,0.0,0.0,0.0,1,1,4,100,1.3306301459840002,4,Typeb,Toyota,Food
2026-01-07 04:00:00,5.615168688193652,3.2413018681577723,0.5772403374048001,0,0,4,0,1.282756305344,4,Typeb,Toyota,Food
2026-01-07 05:00:00,5.615168688193652,2.797268967385015,0.4981629444662099,0,0,4,0,1.282756305344,4,Typeb,Toyota,Food
2026-01-07 06:00:00,5.615168688193652,2.5094240934500376,0.44690092725554365,0,0,4,0,1.282756305344,4,Typeb,Toyota,Food
2026-01-07 07:00:00,5.615168688193652,2.6909050471950957,0.47922069605013684,0,0,4,0,1.282756305344,4,Typeb,Toyota,Food
2026-01-07 08:00:00,5.615168688193652,2.470732266819852,0.4400103370028343,0,0,4,0,1.282756305344,4,Typeb,Toyota,Food
2026-01-07 09:00:00,5.615168688193652,0.7202893040350605,0.12827563053440003,0,0,4,0,1.282756305344,4,Typeb,Toyota,Food
2026-01-07 10:00:00,5.615168688193652,2.4821636728421916,0.44204614512492607,0,0,4,0,1.282756305344,4,Typeb,Toyota,Food
2026-01-07 11:00:00,5.615168688193652,1.8014094631291038,0.3208112815767607,0,0,4,0,1.282756305344,4,Typeb,Toyota,Food
2026-01-07 12:00:00,5.615168688193652,3.2413018681577723,0.5772403374048001,0,0,4,0,1.282756305344,4,Typeb,Toyota,Food
2026-01-07 13:00:00,7.486891584258202,3.991192709709344,0.5330907579991075,0,0,4,0,1.282756305344,4,Typeb,Toyota,Food
2026-01-07 14:00:00,7.486891584258202,2.3681041839416674,0.3163000501998452,0,0,4,0,1.282756305344,4,Typeb,Toyota,Food
2026-01-07 15:00:00,7.486891584258202,0.9603857387134138,0.12827563053440003,0,0,4,0,1.282756305344,4,Typeb,Toyota,Food
2026-01-07 16:00:00,7.486891584258202,1.7974736192221432,0.2400827631859232,0,0,4,0,1.282756305344,4,Typeb,Toyota,Food
2026-01-07 17:00:00,7.486891584258202,2.167724150157469,0.28953593434093333,0,0,4,0,1.282756305344,4,Typeb,Toyota,Food
2026-01-07 18:00:00,7.486891584258202,0.9603857387134138,0.12827563053440003,0,0,4,0,1.282756305344,4,Typeb,Toyota,Food
2026-01-07 19:00:00,7.486891584258202,3.432208807532711,0.45842907819704626,0,0,4,0,1.282756305344,4,Typeb,Toyota,Food
2026-01-07 20:00:00,0.0,0.0,0.0,1,1,4,100,1.282756305344,4,Typeb,Toyota,Food
2026-01-07 21:00:00,0.0,0.0,0.0,1,1,4,100,1.282756305344,4,Typeb,Toyota,Food
2026-01-07 22:00:00,0.0,0.0,0.0,1,1,4,100,1.282756305344,4,Typeb,Toyota,Food
2026-01-07 23:00:00,0.0,0.0,0.0,1,1,4,100,1.282756305344,4,Typeb,Toyota,Food
2026-01-08 00:00:00,0.0,0.0,0.0,1,1,4,100,1.282756305344,4,Typeb,Toyota,Food
2026-01-08 01:00:00,0.0,0.0,0.0,1,1,4,100,1.282756305344,4,Typeb,Toyota,Food
2026-01-08 02:00:00,0.0,0.0,0.0,1,1,4,100,1.282756305344,4,Typeb,Toyota,Food
2026-01-08 03:00:00,0.0,0.0,0.0,1,1,4,100,1.282756305344,4,Typeb,Toyota,Food
2026-01-08 04:00:00,0.0,0.0,0.0,1,1,4,100,1.282756305344,4,Typeb,Toyota,Food
2026-01-08 05:00:00,4.535168110748632,1.8179411710587785,0.4008541969481008,0,0,4,0,1.176585222144,4,Typeb,Toyota,Food
2026-01-08 06:00:00,4.535168110748632,2.401205300570504,0.5294633499648,0,0,4,0,1.176585222144,4,Typeb,Toyota,Food
2026-01-08 07:00:00,4.535168110748632,2.401205300570504,0.5294633499648,0,0,4,0,1.176585222144,4,Typeb,Toyota,Food
2026-01-08 08:00:00,4.535168110748632,2.401205300570504,0.5294633499648,0,0,4,0,1.176585222144,4,Typeb,Toyota,Food
2026-01-08 09:00:00,4.535168110748632,0.8177257707397294,0.1803077087267544,0,0,4,0,1.176585222144,4,Typeb,Toyota,Food
2026-01-08 10:00:00,4.535168110748632,0.5336011779045565,0.11765852221440001,0,0,4,0,1.176585222144,4,Typeb,Toyota,Food
2026-01-08 11:00:00,4.535168110748632,1.090183650764715,0.2403843968167159,0,0,4,0,1.176585222144,4,Typeb,Toyota,Food
2026-01-08 12:00:00,0.0,0.0,0.0,1,1,4,100,1.176585222144,4,Typeb,Toyota,Food
2026-01-08 13:00:00,0.0,0.0,0.0,1,1,4,100,1.176585222144,4,Typeb,Toyota,Food
2026-01-08 14:00:00,5.039075678609591,1.1377439483985525,0.22578425508236954,0,0,4,0,1.176585222144,4,Typeb,Toyota,Food
2026-01-08 15:00:00,5.039075678609591,1.2714509833666405,0.2523182949531463,0,0,4,0,1.176585222144,4,Typeb,Toyota,Food
2026-01-08 16:00:00,5.039075678609591,1.6634438482950547,0.33010892361792055,0,0,4,0,1.176585222144,4,Typeb,Toyota,Food
2026-01-08 17:00:00,5.039075678609591,2.0578127741976706,0.40837107942889106,0,0,4,0,1.176585222144,4,Typeb,Toyota,Food
2026-01-08 18:00:00,5.039075678609591,2.668005889522782,0.5294633499648,0,0,4,0,1.176585222144,4,Typeb,Toyota,Food
2026-01-08 19:00:00,5.039075678609591,1.7291605613692556,0.34315034574880104,0,0,4,0,1.176585222144,4,Typeb,Toyota,Food
2026-01-08 20:00:00,0.0,0.0,0.0,1,1,4,100,1.176585222144,4,Typeb,Toyota,Food
2026-01-08 21:00:00,0.0,0.0,0.0,1,1,4,100,1.176585222144,4,Typeb,Toyota,Food
2026-01-08 22:00:00,0.0,0.0,0.0,1,1,4,100,1.176585222144,4,Typeb,Toyota,Food
2026-01-08 23:00:00,0.0,0.0,0.0,1,1,4,100,1.176585222144,4,Typeb,Toyota,Food
2026-01-09 00:00:00,0.0,0.0,0.0,1,1,4,100,1.176585222144,4,Typeb,Toyota,Food
2026-01-09 01:00:00,0.0,0.0,0.0,1,1,4,100,1.176585222144,4,Typeb,Toyota,Food
2026-01-09 02:00:00,0.0,0.0,0.0,1,1,4,100,1.176585222144,4,Typeb,Toyota,Food
2026-01-09 03:00:00,0.0,0.0,0.0,1,1,4,100,1.176585222144,4,Typeb,Toyota,Food
2026-01-09 04:00:00,0.0,0.0,0.0,1,1,4,100,1.176585222144,4,Typeb,Toyota,Food
2026-01-09 05:00:00,0.0,0.0,0.0,1,1,4,100,1.176585222144,4,Typeb,Toyota,Food
2026-01-09 06:00:00,0.0,0.0,0.0,1,1,4,100,1.176585222144,4,Typeb,Toyota,Food
2026-01-09 07:00:00,6.160111084322605,0.8444075344450757,0.13707667327527273,0,0,4,0,1.137342385344,4,Typeb,Toyota,Food
2026-01-09 08:00:00,6.160111084322605,2.040337333133255,0.33121762013770895,0,0,4,0,1.137342385344,4,Typeb,Toyota,Food
2026-01-09 09:00:00,6.160111084322605,2.740398894013276,0.4448619280563873,0,0,4,0,1.137342385344,4,Typeb,Toyota,Food
2026-01-09 10:00:00,6.160111084322605,3.1527699455823686,0.5118040734047999,0,0,4,0,1.137342385344,4,Typeb,Toyota,Food
2026-01-09 11:00:00,6.160111084322605,2.6074014136945087,0.42327181734276004,0,0,4,0,1.137342385344,4,Typeb,Toyota,Food
2026-01-09 12:00:00,0.0,0.0,0.0,1,1,4,100,1.137342385344,4,Typeb,Toyota,Food
2026-01-09 13:00:00,0.0,0.0,0.0,1,1,4,100,1.137342385344,4,Typeb,Toyota,Food
2026-01-09 14:00:00,6.453449707385586,0.733978188389546,0.1137342385344,0,0,4,0,1.137342385344,4,Typeb,Toyota,Food
2026-01-09 15:00:00,6.453449707385586,1.1793056718819992,0.1827403521146767,0,0,4,0,1.137342385344,4,Typeb,Toyota,Food
2026-01-09 16:00:00,6.453449707385586,1.4549166226841805,0.22544789045448296,0,0,4,0,1.137342385344,4,Typeb,Toyota,Food
2026-01-09 17:00:00,6.453449707385586,2.821021559012712,0.43713388759878646,0,0,4,0,1.137342385344,4,Typeb,Toyota,Food
2026-01-09 18:00:00,6.453449707385586,2.551491159758156,0.3953685664952386,0,0,4,0,1.137342385344,4,Typeb,Toyota,Food
2026-01-09 19:00:00,0.0,0.0,0.0,1,1,4,100,1.137342385344,4,Typeb,Toyota,Food
2026-01-09 20:00:00,0.0,0.0,0.0,1,1,4,100,1.137342385344,4,Typeb,Toyota,Food
2026-01-09 21:00:00,0.0,0.0,0.0,1,1,4,100,1.137342385344,4,Typeb,Toyota,Food
2026-01-09 22:00:00,0.0,0.0,0.0,1,1,4,100,1.137342385344,4,Typeb,Toyota,Food
2026-01-09 23:00:00,0.0,0.0,0.0,1,1,4,100,1.137342385344,4,Typeb,Toyota,Food
2026-01-10 00:00:00,0.0,0.0,0.0,1,1,4,100,1.137342385344,4,Typeb,Toyota,Food
2026-01-10 01:00:00,0.0,0.0,0.0,1,1,4,100,1.137342385344,4,Typeb,Toyota,Food
2026-01-10 02:00:00,0.0,0.0,0.0,1,1,4,100,1.137342385344,4,Typeb,Toyota,Food
2026-01-10 03:00:00,0.0,0.0,0.0,1,1,4,100,1.137342385344,4,Typeb,Toyota,Food
2026-01-10 04:00:00,0.0,0.0,0.0,1,1,4,100,1.137342385344,4,Typeb,Toyota,Food
2026-01-10 05:00:00,0.0,0.0,0.0,1,1,4,100,1.137342385344,4,Typeb,Toyota,Food
2026-01-10 06:00:00,0.0,0.0,0.0,1,1,4,100,1.137342385344,4,Typeb,Toyota,Food
2026-01-10 07:00:00,0.0,0.0,0.0,1,1,4,100,1.137342385344,4,Typeb,Toyota,Food
2026-01-10 08:00:00,0.0,0.0,0.0,1,1,4,100,1.137342385344,4,Typeb,Toyota,Food
2026-01-10 09:00:00,0.0,0.0,0.0,1,1,4,100,1.137342385344,4,Typeb,Toyota,Food
2026-01-10 10:00:00,15.0,1.7844150600000002,0.11896100400000001,0,0,4,0,1.18961004,4,Typeb,Toyota,Food
2026-01-10 11:00:00,15.0,4.667014121078674,0.3111342747385783,0,0,4,0,1.18961004,4,Typeb,Toyota,Food
2026-01-10 12:00:00,0.0,0.0,0.0,1,1,4,100,1.18961004,4,Typeb,Toyota,Food
2026-01-10 13:00:00,4.615384615384615,0.5490507876923076,0.11896100400000001,0,0,4,0,1.18961004,4,Typeb,Toyota,Food
2026-01-10 14:00:00,4.615384615384615,0.5490507876923076,0.11896100400000001,0,0,4,0,1.18961004,4,Typeb,Toyota,Food
2026-01-10 15:00:00,4.615384615384615,2.2778851241174776,0.4935417768921202,0,0,4,0,1.18961004,4,Typeb,Toyota,Food
2026-01-10 16:00:00,4.615384615384615,1.0956586198905054,0.23739270097627618,0,0,4,0,1.18961004,4,Typeb,Toyota,Food
2026-01-10 17:00:00,4.615384615384615,1.4125552818681717,0.30605364440477056,0,0,4,0,1.18961004,4,Typeb,Toyota,Food
2026-01-10 18:00:00,4.615384615384615,1.4511593662935685,0.31441786269693983,0,0,4,0,1.18961004,4,Typeb,Toyota,Food
2026-01-10 19:00:00,4.615384615384615,1.714700609165429,0.37151846531917637,0,0,4,0,1.18961004,4,Typeb,Toyota,Food
2026-01-10 20:00:00,0.0,0.0,0.0,1,1,4,100,1.18961004,4,Typeb,Toyota,Food
2026-01-10 21:00:00,0.0,0.0,0.0,1,1,4,100,1.18961004,4,Typeb,Toyota,Food
2026-01-10 22:00:00,0.0,0.0,0.0,1,1,4,100,1.18961004,4,Typeb,Toyota,Food
2026-01-10 23:00:00,0.0,0.0,0.0,1,1,4,100,1.18961004,4,Typeb,Toyota,Food
2026-01-11 00:00:00,0.0,0.0,0.0,1,1,4,100,1.18961004,4,Typeb,Toyota,Food
2026-01-11 01:00:00,0.0,0.0,0.0,1,1,4,100,1.18961004,4,Typeb,Toyota,Food
2026-01-11 02:00:00,0.0,0.0,0.0,1,1,4,100,1.18961004,4,Typeb,Toyota,Food
2026-01-11 03:00:00,0.0,0.0,0.0,1,1,4,100,1.18961004,4,Typeb,Toyota,Food
2026-01-11 04:00:00,0.0,0.0,0.0,1,1,4,100,1.18961004,4,Typeb,Toyota,Food
2026-01-11 05:00:00,0.0,0.0,0.0,1,1,4,100,1.18961004,4,Typeb,Toyota,Food
2026-01-11 06:00:00,0.0,0.0,0.0,1,1,4,100,1.18961004,4,Typeb,Toyota,Food
2026-01-11 07:00:00,0.0,0.0,0.0,1,1,4,100,1.18961004,4,Typeb,Toyota,Food
2026-01-11 08:00:00,0.0,0.0,0.0,1,1,4,100,1.18961004,4,Typeb,Toyota,Food
2026-01-11 09:00:00,0.0,0.0,0.0,1,1,4,100,1.18961004,4,Typeb,Toyota,Food
2026-01-11 10:00:00,0.0,0.0,0.0,1,1,4,100,1.18961004,4,Typeb,Toyota,Food
2026-01-11 11:00:00,24.0,2.6929668313056,0.1122069513044,0,0,4,0,1.122069513044,4,Typeb,Toyota,Food
2026-01-11 12:00:00,0.0,0.0,0.0,1,1,4,100,1.122069513044,4,Typeb,Toyota,Food
2026-01-11 13:00:00,0.0,0.0,0.0,1,1,4,100,1.122069513044,4,Typeb,Toyota,Food
2026-01-11 14:00:00,6.315789473684211,1.7700814509315959,0.2802628963975027,0,0,4,0,1.122069513044,4,Typeb,Toyota,Food
2026-01-11 15:00:00,6.315789473684211,1.9408581627280248,0.3073025424319373,0,0,4,0,1.122069513044,4,Typeb,Toyota,Food
2026-01-11 16:00:00,6.315789473684211,2.7321081729191605,0.4325837940455337,0,0,4,0,1.122069513044,4,Typeb,Toyota,Food
2026-01-11 17:00:00,6.315789473684211,2.1801598171735357,0.34519197105247645,0,0,4,0,1.122069513044,4,Typeb,Toyota,Food
2026-01-11 18:00:00,0.0,0.0,0.0,1,1,4,100,1.122069513044,4,Typeb,Toyota,Food
2026-01-11 19:00:00,0.0,0.0,0.0,1,1,4,100,1.122069513044,4,Typeb,Toyota,Food
2026-01-11 20:00:00,0.0,0.0,0.0,1,1,4,100,1.122069513044,4,Typeb,Toyota,Food
2026-01-11 21:00:00,0.0,0.0,0.0,1,1,4,100,1.122069513044,4,Typeb,Toyota,Food
2026-01-11 22:00:00,0.0,0.0,0.0,1,1,4,100,1.122069513044,4,Typeb,Toyota,Food
2026-01-11 23:00:00,0.0,0.0,0.0,1,1,4,100,1.122069513044,4,Typeb,Toyota,Food
2026-01-12 00:00:00,0.0,0.0,0.0,1,1,4,100,1.122069513044,4,Typeb,Toyota,Food
2026-01-12 01:00:00,0.0,0.0,0.0,1,1,4,100,1.122069513044,4,Typeb,Toyota,Food
2026-01-12 02:00:00,0.0,0.0,0.0,1,1,4,100,1.122069513044,4,Typeb,Toyota,Food
2026-01-12 03:00:00,0.0,0.0,0.0,1,1,4,100,1.122069513044,4,Typeb,Toyota,Food
2026-01-12 04:00:00,0.0,0.0,0.0,1,1,4,100,1.122069513044,4,Typeb,Toyota,Food
2026-01-12 05:00:00,0.0,0.0,0.0,1,1,4,100,1.122069513044,4,Typeb,Toyota,Food
2026-01-12 06:00:00,4.615384615384615,1.4923388014100274,0.3233400736388393,0,0,4,0,1.119889326784,4,Typeb,Toyota,Food
2026-01-12 07:00:00,4.615384615384615,0.5168719969772307,0.1119889326784,0,0,4,0,1.119889326784,4,Typeb,Toyota,Food
2026-01-12 08:00:00,4.615384615384615,0.9536792009809738,0.20663049354587765,0,0,4,0,1.119889326784,4,Typeb,Toyota,Food
2026-01-12 09:00:00,4.615384615384615,1.4134876739427344,0.30625566268759247,0,0,4,0,1.119889326784,4,Typeb,Toyota,Food
2026-01-12 10:00:00,4.615384615384615,1.5229897654221725,0.3299811158414708,0,0,4,0,1.119889326784,4,Typeb,Toyota,Food
2026-01-12 11:00:00,4.615384615384615,1.289595157014563,0.279412284019822,0,0,4,0,1.119889326784,4,Typeb,Toyota,Food
2026-01-12 12:00:00,0.0,0.0,0.0,1,1,4,100,1.119889326784,4,Typeb,Toyota,Food
2026-01-12 13:00:00,3.6363636363636362,1.4880655323847127,0.40921802140579605,0,0,4,0,1.119889326784,4,Typeb,Toyota,Food
2026-01-12 14:00:00,3.6363636363636362,1.3506647820864586,0.3714328150737761,0,0,4,0,1.119889326784,4,Typeb,Toyota,Food
2026-01-12 15:00:00,3.6363636363636362,0.9196358960175397,0.2528998714048234,0,0,4,0,1.119889326784,4,Typeb,Toyota,Food
2026-01-12 16:00:00,3.6363636363636362,1.1124685216759937,0.3059288434608983,0,0,4,0,1.119889326784,4,Typeb,Toyota,Food
2026-01-12 17:00:00,3.6363636363636362,1.32589228211413,0.3646203775813857,0,0,4,0,1.119889326784,4,Typeb,Toyota,Food
2026-01-12 18:00:00,3.6363636363636362,1.0447742374320883,0.2873129152938243,0,0,4,0,1.119889326784,4,Typeb,Toyota,Food
2026-01-12 19:00:00,3.6363636363636362,0.7465364399694497,0.20529752099159868,0,0,4,0,1.119889326784,4,Typeb,Toyota,Food
2026-01-12 20:00:00,3.6363636363636362,0.830879878615625,0.22849196661929685,0,0,4,0,1.119889326784,4,Typeb,Toyota,Food
2026-01-12 21:00:00,0.0,0.0,0.0,1,1,4,100,1.119889326784,4,Typeb,Toyota,Food
2026-01-12 22:00:00,0.0,0.0,0.0,1,1,4,100,1.119889326784,4,Typeb,Toyota,Food
2026-01-12 23:00:00,0.0,0.0,0.0,1,1,4,100,1.119889326784,4,Typeb,Toyota,Food
2026-01-13 00:00:00,0.0,0.0,0.0,1,1,4,100,1.119889326784,4,Typeb,Toyota,Food
2026-01-13 01:00:00,0.0,0.0,0.0,1,1,4,100,1.119889326784,4,Typeb,Toyota,Food
2026-01-13 02:00:00,0.0,0.0,0.0,1,1,4,100,1.119889326784,4,Typeb,Toyota,Food
2026-01-13 03:00:00,0.0,0.0,0.0,1,1,4,100,1.119889326784,4,Typeb,Toyota,Food
2026-01-13 04:00:00,0.0,0.0,0.0,1,1,4,100,1.119889326784,4,Typeb,Toyota,Food
2026-01-13 05:00:00,0.0,0.0,0.0,1,1,4,100,1.119889326784,4,Typeb,Toyota,Food
2026-01-13 06:00:00,0.0,0.0,0.0,1,1,4,100,1.119889326784,4,Typeb,Toyota,Food
2026-01-13 07:00:00,5.0,0.8799557669811215,0.17599115339622431,0,0,4,0,1.12425024,4,Typeb,Toyota,Food
2026-01-13 08:00:00,5.0,1.1479095607763943,0.22958191215527884,0,0,4,0,1.12425024,4,Typeb,Toyota,Food
2026-01-13 09:00:00,5.0,0.6078258632040474,0.1215651726408095,0,0,4,0,1.12425024,4,Typeb,Toyota,Food
2026-01-13 10:00:00,5.0,1.759090639768866,0.3518181279537732,0,0,4,0,1.12425024,4,Typeb,Toyota,Food
2026-01-13 11:00:00,5.0,0.56212512,0.11242502400000001,0,0,4,0,1.12425024,4,Typeb,Toyota,Food
2026-01-13 12:00:00,5.0,1.578775987042958,0.31575519740859165,0,0,4,0,1.12425024,4,Typeb,Toyota,Food
2026-01-13 13:00:00,5.454545454545454,1.86367070030532,0.341672961722642,0,0,4,0,1.12425024,4,Typeb,Toyota,Food
2026-01-13 14:00:00,5.454545454545454,2.128429065726773,0.39021199538324175,0,0,4,0,1.12425024,4,Typeb,Toyota,Food
2026-01-13 15:00:00,5.454545454545454,1.9509020415816596,0.35766537428997097,0,0,4,0,1.12425024,4,Typeb,Toyota,Food
2026-01-13 16:00:00,5.454545454545454,2.087610139553924,0.3827285255848861,0,0,4,0,1.12425024,4,Typeb,Toyota,Food
2026-01-13 17:00:00,5.454545454545454,2.759523316363637,0.505912608,0,0,4,0,1.12425024,4,Typeb,Toyota,Food
2026-01-13 18:00:00,5.454545454545454,0.6132274036363636,0.11242502400000001,0,0,4,0,1.12425024,4,Typeb,Toyota,Food
2026-01-13 19:00:00,0.0,0.0,0.0,1,1,4,100,1.12425024,4,Typeb,Toyota,Food
2026-01-13 20:00:00,0.0,0.0,0.0,1,1,4,100,1.12425024,4,Typeb,Toyota,Food
2026-01-13 21:00:00,0.0,0.0,0.0,1,1,4,100,1.12425024,4,Typeb,Toyota,Food
2026-01-13 22:00:00,0.0,0.0,0.0,1,1,4,100,1.12425024,4,Typeb,Toyota,Food
2026-01-13 23:00:00,0.0,0.0,0.0,1,1,4,100,1.12425024,4,Typeb,Toyota,Food
2026-01-14 00:00:00,0.0,0.0,0.0,1,1,4,100,1.12425024,4,Typeb,Toyota,Food
2026-01-14 01:00:00,0.0,0.0,0.0,1,1,4,100,1.12425024,4,Typeb,Toyota,Food
2026-01-14 02:00:00,0.0,0.0,0.0,1,1,4,100,1.12425024,4,Typeb,Toyota,Food
2026-01-14 03:00:00,0.0,0.0,0.0,1,1,4,100,1.12425024,4,Typeb,Toyota,Food
2026-01-14 04:00:00,0.0,0.0,0.0,1,1,4,100,1.12425024,4,Typeb,Toyota,Food
2026-01-14 05:00:00,0.0,0.0,0.0,1,1,4,100,1.12425024,4,Typeb,Toyota,Food
2026-01-14 06:00:00,0.0,0.0,0.0,1,1,4,100,1.12425024,4,Typeb,Toyota,Food
2026-01-14 07:00:00,0.0,0.0,0.0,1,1,4,100,1.12425024,4,Typeb,Toyota,Food
2026-01-14 08:00:00,10.46254500588533,1.153469430536343,0.11024750000000001,0,0,4,0,1.102475,4,Typeb,Toyota,Food
2026-01-14 09:00:00,10.46254500588533,5.088486335971953,0.4863526353396431,0,0,4,0,1.102475,4,Typeb,Toyota,Food
2026-01-14 10:00:00,10.46254500588533,1.8697789236050253,0.17871167316874126,0,0,4,0,1.102475,4,Typeb,Toyota,Food
2026-01-14 11:00:00,10.46254500588533,3.4217813646532136,0.327050575431543,0,0,4,0,1.102475,4,Typeb,Toyota,Food
2026-01-14 12:00:00,0.0,0.0,0.0,1,1,4,100,1.102475,4,Typeb,Toyota,Food
2026-01-14 13:00:00,9.416290505296796,1.0381224874827086,0.11024750000000001,0,0,4,0,1.102475,4,Typeb,Toyota,Food
2026-01-14 14:00:00,9.416290505296796,2.426544330398622,0.2576964176109113,0,0,4,0,1.102475,4,Typeb,Toyota,Food
2026-01-14 15:00:00,9.416290505296796,2.687633555631863,0.28542381462424415,0,0,4,0,1.102475,4,Typeb,Toyota,Food
2026-01-14 16:00:00,9.416290505296796,4.671551193672189,0.4961137500000001,0,0,4,0,1.102475,4,Typeb,Toyota,Food
2026-01-14 17:00:00,9.416290505296796,4.671551193672189,0.4961137500000001,0,0,4,0,1.102475,4,Typeb,Toyota,Food
2026-01-14 18:00:00,0.0,0.0,0.0,1,1,4,100,1.102475,4,Typeb,Toyota,Food
2026-01-14 19:00:00,0.0,0.0,0.0,1,1,4,100,1.102475,4,Typeb,Toyota,Food
2026-01-14 20:00:00,0.0,0.0,0.0,1,1,4,100,1.102475,4,Typeb,Toyota,Food
2026-01-14 21:00:00,0.0,0.0,0.0,1,1,4,100,1.102475,4,Typeb,Toyota,Food
2026-01-14 22:00:00,0.0,0.0,0.0,1,1,4,100,1.102475,4,Typeb,Toyota,Food
2026-01-14 23:00:00,0.0,0.0,0.0,1,1,4,100,1.102475,4,Typeb,Toyota,Food
2026-01-01 00:00:00,0.0,0.0,0.0,1,1,5,100,1.0,5,Typeb,Toyota,Food
2026-01-01 01:00:00,0.0,0.0,0.0,1,1,5,100,1.0,5,Typeb,Toyota,Food
2026-01-01 02:00:00,0.0,0.0,0.0,1,1,5,100,1.0,5,Typeb,Toyota,Food
2026-01-01 03:00:00,0.0,0.0,0.0,1,1,5,100,1.0,5,Typeb,Toyota,Food
2026-01-01 04:00:00,0.0,0.0,0.0,1,1,5,100,1.0,5,Typeb,Toyota,Food
2026-01-01 05:00:00,0.0,0.0,0.0,1,1,5,100,1.0,5,Typeb,Toyota,Food
2026-01-01 06:00:00,0.0,0.0,0.0,1,1,5,100,1.0,5,Typeb,Toyota,Food
2026-01-01 07:00:00,5.0,1.8167840035014227,0.36335680070028453,0,0,5,0,1.1329772784640002,5,Typeb,Toyota,Food
2026-01-01 08:00:00,5.0,0.8370481947515321,0.16740963895030642,0,0,5,0,1.1329772784640002,5,Typeb,Toyota,Food
2026-01-01 09:00:00,5.0,1.0456208339652993,0.20912416679305984,0,0,5,0,1.1329772784640002,5,Typeb,Toyota,Food
2026-01-01 10:00:00,5.0,1.83730551905265,0.36746110381053,0,0,5,0,1.1329772784640002,5,Typeb,Toyota,Food
2026-01-01 11:00:00,5.0,2.26589053410678,0.45317810682135595,0,0,5,0,1.1329772784640002,5,Typeb,Toyota,Food
2026-01-01 12:00:00,5.0,2.10230886270122,0.420461772540244,0,0,5,0,1.1329772784640002,5,Typeb,Toyota,Food
2026-01-01 13:00:00,0.0,0.0,0.0,1,1,5,100,1.1329772784640002,5,Typeb,Toyota,Food
2026-01-01 14:00:00,4.137931034482759,1.6979668317526506,0.41034198434022384,0,0,5,0,1.1329772784640002,5,Typeb,Toyota,Food
2026-01-01 15:00:00,4.137931034482759,0.6847659925362678,0.16548511486293135,0,0,5,0,1.1329772784640002,5,Typeb,Toyota,Food
2026-01-01 16:00:00,4.137931034482759,1.1172155496441811,0.2699937578306771,0,0,5,0,1.1329772784640002,5,Typeb,Toyota,Food
2026-01-01 17:00:00,4.137931034482759,0.9455184724427014,0.22850029750698614,0,0,5,0,1.1329772784640002,5,Typeb,Toyota,Food
2026-01-01 18:00:00,4.137931034482759,1.840332911796276,0.44474712035076663,0,0,5,0,1.1329772784640002,5,Typeb,Toyota,Food
2026-01-01 19:00:00,4.137931034482759,0.7253621875465782,0.17529586199042305,0,0,5,0,1.1329772784640002,5,Typeb,Toyota,Food
2026-01-01 20:00:00,4.137931034482759,1.613479675997783,0.3899242550327975,0,0,5,0,1.1329772784640002,5,Typeb,Toyota,Food
2026-01-01 21:00:00,0.0,0.0,0.0,1,1,5,100,1.1329772784640002,5,Typeb,Toyota,Food
2026-01-01 22:00:00,0.0,0.0,0.0,1,1,5,100,1.1329772784640002,5,Typeb,Toyota,Food
2026-01-01 23:00:00,0.0,0.0,0.0,1,1,5,100,1.1329772784640002,5,Typeb,Toyota,Food
2026-01-02 00:00:00,0.0,0.0,0.0,1,1,5,100,1.1329772784640002,5,Typeb,Toyota,Food
2026-01-02 01:00:00,0.0,0.0,0.0,1,1,5,100,1.1329772784640002,5,Typeb,Toyota,Food
2026-01-02 02:00:00,0.0,0.0,0.0,1,1,5,100,1.1329772784640002,5,Typeb,Toyota,Food
2026-01-02 03:00:00,0.0,0.0,0.0,1,1,5,100,1.1329772784640002,5,Typeb,Toyota,Food
2026-01-02 04:00:00,0.0,0.0,0.0,1,1,5,100,1.1329772784640002,5,Typeb,Toyota,Food
2026-01-02 05:00:00,6.417904126570102,0.7910644704085208,0.123259004,0,0,5,0,1.23259004,5,Typeb,Toyota,Food
2026-01-02 06:00:00,6.417904126570102,1.8249726424831123,0.28435648250458145,0,0,5,0,1.23259004,5,Typeb,Toyota,Food
2026-01-02 07:00:00,6.417904126570102,1.328983349327941,0.2070743537327014,0,0,5,0,1.23259004,5,Typeb,Toyota,Food
2026-01-02 08:00:00,6.417904126570102,0.9280739641191702,0.14460701590678912,0,0,5,0,1.23259004,5,Typeb,Toyota,Food
2026-01-02 09:00:00,6.417904126570102,0.7910644704085208,0.123259004,0,0,5,0,1.23259004,5,Typeb,Toyota,Food
2026-01-02 10:00:00,6.417904126570102,2.4960939850354418,0.3889266551523606,0,0,5,0,1.23259004,5,Typeb,Toyota,Food
2026-01-02 11:00:00,6.417904126570102,1.583538164372047,0.2467375849097222,0,0,5,0,1.23259004,5,Typeb,Toyota,Food
2026-01-02 12:00:00,0.0,0.0,0.0,1,1,5,100,1.23259004,5,Typeb,Toyota,Food
2026-01-02 13:00:00,0.0,0.0,0.0,1,1,5,100,1.23259004,5,Typeb,Toyota,Food
2026-01-02 14:00:00,10.339956648362943,4.35985421991285,0.42165111210626954,0,0,5,0,1.23259004,5,Typeb,Toyota,Food
2026-01-02 15:00:00,10.339956648362943,4.2521505599856235,0.41123485374175517,0,0,5,0,1.23259004,5,Typeb,Toyota,Food
2026-01-02 16:00:00,10.339956648362943,4.819844214418769,0.46613775843846145,0,0,5,0,1.23259004,5,Typeb,Toyota,Food
2026-01-02 17:00:00,10.339956648362943,2.226995904820339,0.215377682958944,0,0,5,0,1.23259004,5,Typeb,Toyota,Food
2026-01-02 18:00:00,0.0,0.0,0.0,1,1,5,100,1.23259004,5,Typeb,Toyota,Food
2026-01-02 19:00:00,0.0,0.0,0.0,1,1,5,100,1.23259004,5,Typeb,Toyota,Food
2026-01-02 20:00:00,0.0,0.0,0.0,1,1,5,100,1.23259004,5,Typeb,Toyota,Food
2026-01-02 21:00:00,0.0,0.0,0.0,1,1,5,100,1.23259004,5,Typeb,Toyota,Food
2026-01-02 22:00:00,0.0,0.0,0.0,1,1,5,100,1.23259004,5,Typeb,Toyota,Food
2026-01-02 23:00:00,0.0,0.0,0.0,1,1,5,100,1.23259004,5,Typeb,Toyota,Food
2026-01-03 00:00:00,0.0,0.0,0.0,1,1,5,100,1.23259004,5,Typeb,Toyota,Food
2026-01-03 01:00:00,0.0,0.0,0.0,1,1,5,100,1.23259004,5,Typeb,Toyota,Food
2026-01-03 02:00:00,0.0,0.0,0.0,1,1,5,100,1.23259004,5,Typeb,Toyota,Food
2026-01-03 03:00:00,0.0,0.0,0.0,1,1,5,100,1.23259004,5,Typeb,Toyota,Food
2026-01-03 04:00:00,0.0,0.0,0.0,1,1,5,100,1.23259004,5,Typeb,Toyota,Food
2026-01-03 05:00:00,0.0,0.0,0.0,1,1,5,100,1.23259004,5,Typeb,Toyota,Food
2026-01-03 06:00:00,0.0,0.0,0.0,1,1,5,100,1.23259004,5,Typeb,Toyota,Food
2026-01-03 07:00:00,0.0,0.0,0.0,1,1,5,100,1.23259004,5,Typeb,Toyota,Food
2026-01-03 08:00:00,0.0,0.0,0.0,1,1,5,100,1.23259004,5,Typeb,Toyota,Food
2026-01-03 09:00:00,9.477201255250083,1.9214963817336277,0.20274934867181138,0,0,5,0,1.209049010004,5,Typeb,Toyota,Food
2026-01-03 10:00:00,9.477201255250083,3.9462796575109786,0.4163971568425709,0,0,5,0,1.209049010004,5,Typeb,Toyota,Food
2026-01-03 11:00:00,9.477201255250083,4.460670583189967,0.4706738269084336,0,0,5,0,1.209049010004,5,Typeb,Toyota,Food
2026-01-03 12:00:00,9.477201255250083,1.145840079526878,0.1209049010004,0,0,5,0,1.209049010004,5,Typeb,Toyota,Food
2026-01-03 13:00:00,5.768731198847877,1.9872689207113312,0.34448977638414247,0,0,5,0,1.209049010004,5,Typeb,Toyota,Food
2026-01-03 14:00:00,5.768731198847877,0.7433442728802669,0.1288574986868389,0,0,5,0,1.209049010004,5,Typeb,Toyota,Food
2026-01-03 15:00:00,5.768731198847877,1.4428314525809132,0.2501124429006284,0,0,5,0,1.209049010004,5,Typeb,Toyota,Food
2026-01-03 16:00:00,5.768731198847877,2.6907536182814504,0.46643768370050664,0,0,5,0,1.209049010004,5,Typeb,Toyota,Food
2026-01-03 17:00:00,5.768731198847877,0.6974678744946213,0.1209049010004,0,0,5,0,1.209049010004,5,Typeb,Toyota,Food
2026-01-03 18:00:00,5.768731198847877,2.5548758862496297,0.4428835038734143,0,0,5,0,1.209049010004,5,Typeb,Toyota,Food
2026-01-03 19:00:00,0.0,0.0,0.0,1,1,5,100,1.209049010004,5,Typeb,Toyota,Food
2026-01-03 20:00:00,0.0,0.0,0.0,1,1,5,100,1.209049010004,5,Typeb,Toyota,Food
2026-01-03 21:00:00,0.0,0.0,0.0,1,1,5,100,1.209049010004,5,Typeb,Toyota,Food
2026-01-03 22:00:00,0.0,0.0,0.0,1,1,5,100,1.209049010004,5,Typeb,Toyota,Food
2026-01-03 23:00:00,0.0,0.0,0.0,1,1,5,100,1.209049010004,5,Typeb,Toyota,Food
2026-01-04 00:00:00,0.0,0.0,0.0,1,1,5,100,1.209049010004,5,Typeb,Toyota,Food
2026-01-04 01:00:00,0.0,0.0,0.0,1,1,5,100,1.209049010004,5,Typeb,Toyota,Food
2026-01-04 02:00:00,0.0,0.0,0.0,1,1,5,100,1.209049010004,5,Typeb,Toyota,Food
2026-01-04 03:00:00,0.0,0.0,0.0,1,1,5,100,1.209049010004,5,Typeb,Toyota,Food
2026-01-04 04:00:00,0.0,0.0,0.0,1,1,5,100,1.209049010004,5,Typeb,Toyota,Food
2026-01-04 05:00:00,0.0,0.0,0.0,1,1,5,100,1.209049010004,5,Typeb,Toyota,Food
2026-01-04 06:00:00,0.0,0.0,0.0,1,1,5,100,1.209049010004,5,Typeb,Toyota,Food
2026-01-04 07:00:00,0.0,0.0,0.0,1,1,5,100,1.209049010004,5,Typeb,Toyota,Food
2026-01-04 08:00:00,0.0,0.0,0.0,1,1,5,100,1.209049010004,5,Typeb,Toyota,Food
2026-01-04 09:00:00,10.909090909090908,2.4004339946948545,0.22003978284702833,0,0,5,0,1.3050301525,5,Typeb,Toyota,Food
2026-01-04 10:00:00,10.909090909090908,2.3841544292651005,0.21854748934930088,0,0,5,0,1.3050301525,5,Typeb,Toyota,Food
2026-01-04 11:00:00,10.909090909090908,3.897525298544481,0.3572731523665774,0,0,5,0,1.3050301525,5,Typeb,Toyota,Food
2026-01-04 12:00:00,0.0,0.0,0.0,1,1,5,100,1.3050301525,5,Typeb,Toyota,Food
2026-01-04 13:00:00,5.0,2.8248407748099083,0.5649681549619816,0,0,5,0,1.3050301525,5,Typeb,Toyota,Food
2026-01-04 14:00:00,5.0,1.2777458859928261,0.2555491771985652,0,0,5,0,1.3050301525,5,Typeb,Toyota,Food
2026-01-04 15:00:00,5.0,0.65251507625,0.13050301525000002,0,0,5,0,1.3050301525,5,Typeb,Toyota,Food
2026-01-04 16:00:00,5.0,0.8896349883821555,0.17792699767643108,0,0,5,0,1.3050301525,5,Typeb,Toyota,Food
2026-01-04 17:00:00,5.0,2.087617458969921,0.4175234917939842,0,0,5,0,1.3050301525,5,Typeb,Toyota,Food
2026-01-04 18:00:00,5.0,2.337293718264018,0.46745874365280354,0,0,5,0,1.3050301525,5,Typeb,Toyota,Food
2026-01-04 19:00:00,0.0,0.0,0.0,1,1,5,100,1.3050301525,5,Typeb,Toyota,Food
2026-01-04 20:00:00,0.0,0.0,0.0,1,1,5,100,1.3050301525,5,Typeb,Toyota,Food
2026-01-04 21:00:00,0.0,0.0,0.0,1,1,5,100,1.3050301525,5,Typeb,Toyota,Food
2026-01-04 22:00:00,0.0,0.0,0.0,1,1,5,100,1.3050301525,5,Typeb,Toyota,Food
2026-01-04 23:00:00,0.0,0.0,0.0,1,1,5,100,1.3050301525,5,Typeb,Toyota,Food
2026-01-05 00:00:00,0.0,0.0,0.0,1,1,5,100,1.3050301525,5,Typeb,Toyota,Food
2026-01-05 01:00:00,0.0,0.0,0.0,1,1,5,100,1.3050301525,5,Typeb,Toyota,Food
2026-01-05 02:00:00,0.0,0.0,0.0,1,1,5,100,1.3050301525,5,Typeb,Toyota,Food
2026-01-05 03:00:00,0.0,0.0,0.0,1,1,5,100,1.3050301525,5,Typeb,Toyota,Food
2026-01-05 04:00:00,0.0,0.0,0.0,1,1,5,100,1.3050301525,5,Typeb,Toyota,Food
2026-01-05 05:00:00,7.998161971551309,4.413297082858637,0.5517889108218,0,0,5,0,1.226197579604,5,Typeb,Toyota,Food
2026-01-05 06:00:00,7.998161971551309,3.1215493225549387,0.39028333430330475,0,0,5,0,1.226197579604,5,Typeb,Toyota,Food
2026-01-05 07:00:00,7.998161971551309,2.819888341256388,0.35256704618966944,0,0,5,0,1.226197579604,5,Typeb,Toyota,Food
2026-01-05 08:00:00,7.998161971551309,2.173798691232733,0.27178728049828516,0,0,5,0,1.226197579604,5,Typeb,Toyota,Food
2026-01-05 09:00:00,7.998161971551309,2.7075877641299906,0.3385262481255843,0,0,5,0,1.226197579604,5,Typeb,Toyota,Food
2026-01-05 10:00:00,7.998161971551309,1.4438282798232882,0.18052001009217444,0,0,5,0,1.226197579604,5,Typeb,Toyota,Food
2026-01-05 11:00:00,7.998161971551309,3.0418214840293345,0.38031506424210965,0,0,5,0,1.226197579604,5,Typeb,Toyota,Food
2026-01-05 12:00:00,7.998161971551309,2.589917186759192,0.32381404577342615,0,0,5,0,1.226197579604,5,Typeb,Toyota,Food
2026-01-05 13:00:00,10.906584506660876,6.018132385716324,0.5517889108218,0,0,5,0,1.226197579604,5,Typeb,Toyota,Food
2026-01-05 14:00:00,10.906584506660876,3.3982108502758503,0.31157424656641985,0,0,5,0,1.226197579604,5,Typeb,Toyota,Food
2026-01-05 15:00:00,10.906584506660876,5.01203779349272,0.4595423792326338,0,0,5,0,1.226197579604,5,Typeb,Toyota,Food
2026-01-05 16:00:00,10.906584506660876,1.707429013388216,0.15655029421405517,0,0,5,0,1.226197579604,5,Typeb,Toyota,Food
2026-01-05 17:00:00,10.906584506660876,1.3373627523814056,0.12261975796040002,0,0,5,0,1.226197579604,5,Typeb,Toyota,Food
2026-01-05 18:00:00,10.906584506660876,4.955376118427398,0.4543471987404533,0,0,5,0,1.226197579604,5,Typeb,Toyota,Food
2026-01-05 19:00:00,0.0,0.0,0.0,1,1,5,100,1.226197579604,5,Typeb,Toyota,Food
2026-01-05 20:00:00,0.0,0.0,0.0,1,1,5,100,1.226197579604,5,Typeb,Toyota,Food
2026-01-05 21:00:00,0.0,0.0,0.0,1,1,5,100,1.226197579604,5,Typeb,Toyota,Food
2026-01-05 22:00:00,0.0,0.0,0.0,1,1,5,100,1.226197579604,5,Typeb,Toyota,Food
2026-01-05 23:00:00,0.0,0.0,0.0,1,1,5,100,1.226197579604,5,Typeb,Toyota,Food
2026-01-06 00:00:00,0.0,0.0,0.0,1,1,5,100,1.226197579604,5,Typeb,Toyota,Food
2026-01-06 01:00:00,0.0,0.0,0.0,1,1,5,100,1.226197579604,5,Typeb,Toyota,Food
2026-01-06 02:00:00,0.0,0.0,0.0,1,1,5,100,1.226197579604,5,Typeb,Toyota,Food
2026-01-06 03:00:00,0.0,0.0,0.0,1,1,5,100,1.226197579604,5,Typeb,Toyota,Food
2026-01-06 04:00:00,0.0,0.0,0.0,1,1,5,100,1.226197579604,5,Typeb,Toyota,Food
2026-01-06 05:00:00,0.0,0.0,0.0,1,1,5,100,1.226197579604,5,Typeb,Toyota,Food
2026-01-06 06:00:00,0.0,0.0,0.0,1,1,5,100,1.226197579604,5,Typeb,Toyota,Food
2026-01-06 07:00:00,6.0,2.4197581324346853,0.40329302207244755,0,0,5,0,1.3306301459840002,5,Typeb,Toyota,Food
2026-01-06 08:00:00,6.0,3.0347302818695545,0.5057883803115923,0,0,5,0,1.3306301459840002,5,Typeb,Toyota,Food
2026-01-06 09:00:00,6.0,1.9284934909471094,0.32141558182451824,0,0,5,0,1.3306301459840002,5,Typeb,Toyota,Food
2026-01-06 10:00:00,6.0,2.7784981525231514,0.4630830254205252,0,0,5,0,1.3306301459840002,5,Typeb,Toyota,Food
2026-01-06 11:00:00,6.0,0.7983780875904002,0.13306301459840003,0,0,5,0,1.3306301459840002,5,Typeb,Toyota,Food
2026-01-06 12:00:00,0.0,0.0,0.0,1,1,5,100,1.3306301459840002,5,Typeb,Toyota,Food
2026-01-06 13:00:00,0.0,0.0,0.0,1,1,5,100,1.3306301459840002,5,Typeb,Toyota,Food
2026-01-06 14:00:00,6.666666666666667,0.8870867639893336,0.13306301459840003,0,0,5,0,1.3306301459840002,5,Typeb,Toyota,Food
2026-01-06 15:00:00,6.666666666666667,3.9918904379520006,0.5987835656928001,0,0,5,0,1.3306301459840002,5,Typeb,Toyota,Food
2026-01-06 16:00:00,6.666666666666667,2.4751553330772507,0.3712732999615876,0,0,5,0,1.3306301459840002,5,Typeb,Toyota,Food
2026-01-06 17:00:00,6.666666666666667,2.189195681955307,0.32837935229329607,0,0,5,0,1.3306301459840002,5,Typeb,Toyota,Food
2026-01-06 18:00:00,0.0,0.0,0.0,1,1,5,100,1.3306301459840002,5,Typeb,Toyota,Food
2026-01-06 19:00:00,0.0,0.0,0.0,1,1,5,100,1.3306301459840002,5,Typeb,Toyota,Food
2026-01-06 20:00:00,0.0,0.0,0.0,1,1,5,100,1.3306301459840002,5,Typeb,Toyota,Food
2026-01-06 21:00:00,0.0,0.0,0.0,1,1,5,100,1.3306301459840002,5,Typeb,Toyota,Food
2026-01-06 22:00:00,0.0,0.0,0.0,1,1,5,100,1.3306301459840002,5,Typeb,Toyota,Food
2026-01-06 23:00:00,0.0,0.0,0.0,1,1,5,100,1.3306301459840002,5,Typeb,Toyota,Food
2026-01-07 00:00:00,0.0,0.0,0.0,1,1,5,100,1.3306301459840002,5,Typeb,Toyota,Food
2026-01-07 01:00:00,0.0,0.0,0.0,1,1,5,100,1.3306301459840002,5,Typeb,Toyota,Food
2026-01-07 02:00:00,0.0,0.0,0.0,1,1,5,100,1.3306301459840002,5,Typeb,Toyota,Food
2026-01-07 03:00:00,0.0,0.0,0.0,1,1,5,100,1.3306301459840002,5,Typeb,Toyota,Food
2026-01-07 04:00:00,0.0,0.0,0.0,1,1,5,100,1.3306301459840002,5,Typeb,Toyota,Food
2026-01-07 05:00:00,0.0,0.0,0.0,1,1,5,100,1.3306301459840002,5,Typeb,Toyota,Food
2026-01-07 06:00:00,8.30733620348979,3.71476335735018,0.44716660868855446,0,0,5,0,1.282756305344,5,Typeb,Toyota,Food
2026-01-07 07:00:00,8.30733620348979,3.658078771794765,0.4403431716484594,0,0,5,0,1.282756305344,5,Typeb,Toyota,Food
2026-01-07 08:00:00,8.30733620348979,3.3412507363671957,0.4022048289033475,0,0,5,0,1.282756305344,5,Typeb,Toyota,Food
2026-01-07 09:00:00,8.30733620348979,1.0656287895639016,0.12827563053440003,0,0,5,0,1.282756305344,5,Typeb,Toyota,Food
2026-01-07 10:00:00,8.30733620348979,1.832950076800318,0.22064233731509778,0,0,5,0,1.282756305344,5,Typeb,Toyota,Food
2026-01-07 11:00:00,8.30733620348979,1.0656287895639016,0.12827563053440003,0,0,5,0,1.282756305344,5,Typeb,Toyota,Food
2026-01-07 12:00:00,0.0,0.0,0.0,1,1,5,100,1.282756305344,5,Typeb,Toyota,Food
2026-01-07 13:00:00,0.0,0.0,0.0,1,1,5,100,1.282756305344,5,Typeb,Toyota,Food
2026-01-07 14:00:00,9.494098518274045,5.480376632042922,0.5772403374048001,0,0,5,0,1.282756305344,5,Typeb,Toyota,Food
2026-01-07 15:00:00,9.494098518274045,3.1766372838252113,0.33459072261688516,0,0,5,0,1.282756305344,5,Typeb,Toyota,Food
2026-01-07 16:00:00,9.494098518274045,1.7965925161134928,0.18923255458698354,0,0,5,0,1.282756305344,5,Typeb,Toyota,Food
2026-01-07 17:00:00,9.494098518274045,3.5209498029978747,0.3708566744089313,0,0,5,0,1.282756305344,5,Typeb,Toyota,Food
2026-01-07 18:00:00,9.494098518274045,1.9953409407988698,0.2101664457092244,0,0,5,0,1.282756305344,5,Typeb,Toyota,Food
2026-01-07 19:00:00,0.0,0.0,0.0,1,1,5,100,1.282756305344,5,Typeb,Toyota,Food
2026-01-07 20:00:00,0.0,0.0,0.0,1,1,5,100,1.282756305344,5,Typeb,Toyota,Food
2026-01-07 21:00:00,0.0,0.0,0.0,1,1,5,100,1.282756305344,5,Typeb,Toyota,Food
2026-01-07 22:00:00,0.0,0.0,0.0,1,1,5,100,1.282756305344,5,Typeb,Toyota,Food
2026-01-07 23:00:00,0.0,0.0,0.0,1,1,5,100,1.282756305344,5,Typeb,Toyota,Food
2026-01-08 00:00:00,0.0,0.0,0.0,1,1,5,100,1.282756305344,5,Typeb,Toyota,Food
2026-01-08 01:00:00,0.0,0.0,0.0,1,1,5,100,1.282756305344,5,Typeb,Toyota,Food
2026-01-08 02:00:00,0.0,0.0,0.0,1,1,5,100,1.282756305344,5,Typeb,Toyota,Food
2026-01-08 03:00:00,0.0,0.0,0.0,1,1,5,100,1.282756305344,5,Typeb,Toyota,Food
2026-01-08 04:00:00,0.0,0.0,0.0,1,1,5,100,1.282756305344,5,Typeb,Toyota,Food
2026-01-08 05:00:00,5.542508733073908,1.3130414284706207,0.23690380867336952,0,0,5,0,1.176585222144,5,Typeb,Toyota,Food
2026-01-08 06:00:00,5.542508733073908,2.9345552410224713,0.5294633499648,0,0,5,0,1.176585222144,5,Typeb,Toyota,Food
2026-01-08 07:00:00,5.542508733073908,2.2450037485883856,0.405051910011749,0,0,5,0,1.176585222144,5,Typeb,Toyota,Food
2026-01-08 08:00:00,5.542508733073908,0.6521233868938825,0.11765852221440001,0,0,5,0,1.176585222144,5,Typeb,Toyota,Food
2026-01-08 09:00:00,5.542508733073908,1.0200763818323841,0.18404596744165055,0,0,5,0,1.176585222144,5,Typeb,Toyota,Food
2026-01-08 10:00:00,5.542508733073908,0.6521233868938825,0.11765852221440001,0,0,5,0,1.176585222144,5,Typeb,Toyota,Food
2026-01-08 11:00:00,5.542508733073908,1.3017297747683958,0.23486291812235877,0,0,5,0,1.176585222144,5,Typeb,Toyota,Food
2026-01-08 12:00:00,0.0,0.0,0.0,1,1,5,100,1.176585222144,5,Typeb,Toyota,Food
2026-01-08 13:00:00,8.313763099610863,2.2131135120155117,0.26619877009955933,0,0,5,0,1.176585222144,5,Typeb,Toyota,Food
2026-01-08 14:00:00,8.313763099610863,2.0370736984621702,0.2450242656730883,0,0,5,0,1.176585222144,5,Typeb,Toyota,Food
2026-01-08 15:00:00,8.313763099610863,2.4059877311652587,0.2893981584918957,0,0,5,0,1.176585222144,5,Typeb,Toyota,Food
2026-01-08 16:00:00,8.313763099610863,4.401832861533707,0.5294633499648,0,0,5,0,1.176585222144,5,Typeb,Toyota,Food
2026-01-08 17:00:00,8.313763099610863,4.335817158543893,0.5215228178376693,0,0,5,0,1.176585222144,5,Typeb,Toyota,Food
2026-01-08 18:00:00,0.0,0.0,0.0,1,1,5,100,1.176585222144,5,Typeb,Toyota,Food
2026-01-08 19:00:00,0.0,0.0,0.0,1,1,5,100,1.176585222144,5,Typeb,Toyota,Food
2026-01-08 20:00:00,0.0,0.0,0.0,1,1,5,100,1.176585222144,5,Typeb,Toyota,Food
2026-01-08 21:00:00,0.0,0.0,0.0,1,1,5,100,1.176585222144,5,Typeb,Toyota,Food
2026-01-08 22:00:00,0.0,0.0,0.0,1,1,5,100,1.176585222144,5,Typeb,Toyota,Food
2026-01-08 23:00:00,0.0,0.0,0.0,1,1,5,100,1.176585222144,5,Typeb,Toyota,Food
2026-01-09 00:00:00,0.0,0.0,0.0,1,1,5,100,1.176585222144,5,Typeb,Toyota,Food
2026-01-09 01:00:00,0.0,0.0,0.0,1,1,5,100,1.176585222144,5,Typeb,Toyota,Food
2026-01-09 02:00:00,0.0,0.0,0.0,1,1,5,100,1.176585222144,5,Typeb,Toyota,Food
2026-01-09 03:00:00,0.0,0.0,0.0,1,1,5,100,1.176585222144,5,Typeb,Toyota,Food
2026-01-09 04:00:00,0.0,0.0,0.0,1,1,5,100,1.176585222144,5,Typeb,Toyota,Food
2026-01-09 05:00:00,0.0,0.0,0.0,1,1,5,100,1.176585222144,5,Typeb,Toyota,Food
2026-01-09 06:00:00,0.0,0.0,0.0,1,1,5,100,1.176585222144,5,Typeb,Toyota,Food
2026-01-09 07:00:00,0.0,0.0,0.0,1,1,5,100,1.176585222144,5,Typeb,Toyota,Food
2026-01-09 08:00:00,8.385893781161602,4.291934596338488,0.5118040734047999,0,0,5,0,1.137342385344,5,Typeb,Toyota,Food
2026-01-09 09:00:00,8.385893781161602,3.9118850520405717,0.46648397345890336,0,0,5,0,1.137342385344,5,Typeb,Toyota,Food
2026-01-09 10:00:00,8.385893781161602,2.896821889967132,0.345439850010343,0,0,5,0,1.137342385344,5,Typeb,Toyota,Food
2026-01-09 11:00:00,8.385893781161602,1.9283424125862612,0.22995073189671975,0,0,5,0,1.137342385344,5,Typeb,Toyota,Food
2026-01-09 12:00:00,8.385893781161602,1.9509827625234968,0.23265054547987005,0,0,5,0,1.137342385344,5,Typeb,Toyota,Food
2026-01-09 13:00:00,0.0,0.0,0.0,1,1,5,100,1.137342385344,5,Typeb,Toyota,Food
2026-01-09 14:00:00,5.78337502149076,1.692143994756844,0.29258763066010995,0,0,5,0,1.137342385344,5,Typeb,Toyota,Food
2026-01-09 15:00:00,5.78337502149076,0.6577677542281207,0.1137342385344,0,0,5,0,1.137342385344,5,Typeb,Toyota,Food
2026-01-09 16:00:00,5.78337502149076,1.4921058822865643,0.2579991573677941,0,0,5,0,1.137342385344,5,Typeb,Toyota,Food
2026-01-09 17:00:00,5.78337502149076,2.9507806916393804,0.5102177674237642,0,0,5,0,1.137342385344,5,Typeb,Toyota,Food
2026-01-09 18:00:00,5.78337502149076,1.766319001383887,0.3054131877701732,0,0,5,0,1.137342385344,5,Typeb,Toyota,Food
2026-01-09 19:00:00,5.78337502149076,2.808039392233823,0.4855364526421469,0,0,5,0,1.137342385344,5,Typeb,Toyota,Food
2026-01-09 20:00:00,5.78337502149076,1.6441980036970576,0.2842973173254877,0,0,5,0,1.137342385344,5,Typeb,Toyota,Food
2026-01-09 21:00:00,0.0,0.0,0.0,1,1,5,100,1.137342385344,5,Typeb,Toyota,Food
2026-01-09 22:00:00,0.0,0.0,0.0,1,1,5,100,1.137342385344,5,Typeb,Toyota,Food
2026-01-09 23:00:00,0.0,0.0,0.0,1,1,5,100,1.137342385344,5,Typeb,Toyota,Food
2026-01-10 00:00:00,0.0,0.0,0.0,1,1,5,100,1.137342385344,5,Typeb,Toyota,Food
2026-01-10 01:00:00,0.0,0.0,0.0,1,1,5,100,1.137342385344,5,Typeb,Toyota,Food
2026-01-10 02:00:00,0.0,0.0,0.0,1,1,5,100,1.137342385344,5,Typeb,Toyota,Food
2026-01-10 03:00:00,0.0,0.0,0.0,1,1,5,100,1.137342385344,5,Typeb,Toyota,Food
2026-01-10 04:00:00,0.0,0.0,0.0,1,1,5,100,1.137342385344,5,Typeb,Toyota,Food
2026-01-10 05:00:00,0.0,0.0,0.0,1,1,5,100,1.137342385344,5,Typeb,Toyota,Food
2026-01-10 06:00:00,0.0,0.0,0.0,1,1,5,100,1.137342385344,5,Typeb,Toyota,Food
2026-01-10 07:00:00,0.0,0.0,0.0,1,1,5,100,1.137342385344,5,Typeb,Toyota,Food
2026-01-10 08:00:00,0.0,0.0,0.0,1,1,5,100,1.137342385344,5,Typeb,Toyota,Food
2026-01-10 09:00:00,10.0,5.35324518,0.535324518,0,0,5,0,1.18961004,5,Typeb,Toyota,Food
2026-01-10 10:00:00,10.0,1.18961004,0.11896100400000001,0,0,5,0,1.18961004,5,Typeb,Toyota,Food
2026-01-10 11:00:00,10.0,5.35324518,0.535324518,0,0,5,0,1.18961004,5,Typeb,Toyota,Food
2026-01-10 12:00:00,0.0,0.0,0.0,1,1,5,100,1.18961004,5,Typeb,Toyota,Food
2026-01-10 13:00:00,4.137931034482759,1.444894943195835,0.3491829446056601,0,0,5,0,1.18961004,5,Typeb,Toyota,Food
2026-01-10 14:00:00,4.137931034482759,0.4922524303448277,0.11896100400000001,0,0,5,0,1.18961004,5,Typeb,Toyota,Food
2026-01-10 15:00:00,4.137931034482759,0.4922524303448277,0.11896100400000001,0,0,5,0,1.18961004,5,Typeb,Toyota,Food
2026-01-10 16:00:00,4.137931034482759,2.10065155945737,0.5076574602021977,0,0,5,0,1.18961004,5,Typeb,Toyota,Food
2026-01-10 17:00:00,4.137931034482759,0.4922524303448277,0.11896100400000001,0,0,5,0,1.18961004,5,Typeb,Toyota,Food
2026-01-10 18:00:00,4.137931034482759,1.8557027919743654,0.44846150806047164,0,0,5,0,1.18961004,5,Typeb,Toyota,Food
2026-01-10 19:00:00,4.137931034482759,1.9801804902637508,0.47854361848040644,0,0,5,0,1.18961004,5,Typeb,Toyota,Food
2026-01-10 20:00:00,0.0,0.0,0.0,1,1,5,100,1.18961004,5,Typeb,Toyota,Food
2026-01-10 21:00:00,0.0,0.0,0.0,1,1,5,100,1.18961004,5,Typeb,Toyota,Food
2026-01-10 22:00:00,0.0,0.0,0.0,1,1,5,100,1.18961004,5,Typeb,Toyota,Food
2026-01-10 23:00:00,0.0,0.0,0.0,1,1,5,100,1.18961004,5,Typeb,Toyota,Food
2026-01-11 00:00:00,0.0,0.0,0.0,1,1,5,100,1.18961004,5,Typeb,Toyota,Food
2026-01-11 01:00:00,0.0,0.0,0.0,1,1,5,100,1.18961004,5,Typeb,Toyota,Food
2026-01-11 02:00:00,0.0,0.0,0.0,1,1,5,100,1.18961004,5,Typeb,Toyota,Food
2026-01-11 03:00:00,0.0,0.0,0.0,1,1,5,100,1.18961004,5,Typeb,Toyota,Food
2026-01-11 04:00:00,0.0,0.0,0.0,1,1,5,100,1.18961004,5,Typeb,Toyota,Food
2026-01-11 05:00:00,0.0,0.0,0.0,1,1,5,100,1.18961004,5,Typeb,Toyota,Food
2026-01-11 06:00:00,0.0,0.0,0.0,1,1,5,100,1.18961004,5,Typeb,Toyota,Food
2026-01-11 07:00:00,0.0,0.0,0.0,1,1,5,100,1.18961004,5,Typeb,Toyota,Food
2026-01-11 08:00:00,0.0,0.0,0.0,1,1,5,100,1.18961004,5,Typeb,Toyota,Food
2026-01-11 09:00:00,9.23076923076923,1.4946071333688093,0.16191577278162103,0,0,5,0,1.122069513044,5,Typeb,Toyota,Food
2026-01-11 10:00:00,9.23076923076923,3.3100770636369377,0.35859168189400165,0,0,5,0,1.122069513044,5,Typeb,Toyota,Food
2026-01-11 11:00:00,9.23076923076923,2.6879663079625504,0.29119635002927635,0,0,5,0,1.122069513044,5,Typeb,Toyota,Food
2026-01-11 12:00:00,9.23076923076923,1.5638023129448189,0.16941191723568874,0,0,5,0,1.122069513044,5,Typeb,Toyota,Food
2026-01-11 13:00:00,5.217391304347826,2.210377303320587,0.42365564980311254,0,0,5,0,1.122069513044,5,Typeb,Toyota,Food
2026-01-11 14:00:00,5.217391304347826,0.7800345248969287,0.14950661727191134,0,0,5,0,1.122069513044,5,Typeb,Toyota,Food
2026-01-11 15:00:00,5.217391304347826,0.6709458709214201,0.1285979585932722,0,0,5,0,1.122069513044,5,Typeb,Toyota,Food
2026-01-11 16:00:00,5.217391304347826,0.8725255493529371,0.16723406362597962,0,0,5,0,1.122069513044,5,Typeb,Toyota,Food
2026-01-11 17:00:00,5.217391304347826,1.5694981940055808,0.30082048718440296,0,0,5,0,1.122069513044,5,Typeb,Toyota,Food
2026-01-11 18:00:00,5.217391304347826,2.6344240741033045,0.5049312808698,0,0,5,0,1.122069513044,5,Typeb,Toyota,Food
2026-01-11 19:00:00,0.0,0.0,0.0,1,1,5,100,1.122069513044,5,Typeb,Toyota,Food
2026-01-11 20:00:00,0.0,0.0,0.0,1,1,5,100,1.122069513044,5,Typeb,Toyota,Food
2026-01-11 21:00:00,0.0,0.0,0.0,1,1,5,100,1.122069513044,5,Typeb,Toyota,Food
2026-01-11 22:00:00,0.0,0.0,0.0,1,1,5,100,1.122069513044,5,Typeb,Toyota,Food
2026-01-11 23:00:00,0.0,0.0,0.0,1,1,5,100,1.122069513044,5,Typeb,Toyota,Food
2026-01-12 00:00:00,0.0,0.0,0.0,1,1,5,100,1.122069513044,5,Typeb,Toyota,Food
2026-01-12 01:00:00,0.0,0.0,0.0,1,1,5,100,1.122069513044,5,Typeb,Toyota,Food
2026-01-12 02:00:00,0.0,0.0,0.0,1,1,5,100,1.122069513044,5,Typeb,Toyota,Food
2026-01-12 03:00:00,0.0,0.0,0.0,1,1,5,100,1.122069513044,5,Typeb,Toyota,Food
2026-01-12 04:00:00,0.0,0.0,0.0,1,1,5,100,1.122069513044,5,Typeb,Toyota,Food
2026-01-12 05:00:00,0.0,0.0,0.0,1,1,5,100,1.122069513044,5,Typeb,Toyota,Food
2026-01-12 06:00:00,5.8593435206545275,0.8964843184867353,0.15300081234810278,0,0,5,0,1.119889326784,5,Typeb,Toyota,Food
2026-01-12 07:00:00,5.8593435206545275,0.6561816270741991,0.1119889326784,0,0,5,0,1.119889326784,5,Typeb,Toyota,Food
2026-01-12 08:00:00,5.8593435206545275,2.0956581058049966,0.3576609049149755,0,0,5,0,1.119889326784,5,Typeb,Toyota,Food
2026-01-12 09:00:00,5.8593435206545275,0.953123606684267,0.16266730280012612,0,0,5,0,1.119889326784,5,Typeb,Toyota,Food
2026-01-12 10:00:00,5.8593435206545275,2.4863354987679673,0.4243368715289503,0,0,5,0,1.119889326784,5,Typeb,Toyota,Food
2026-01-12 11:00:00,5.8593435206545275,2.2215269062050433,0.37914262892660777,0,0,5,0,1.119889326784,5,Typeb,Toyota,Food
2026-01-12 12:00:00,0.0,0.0,0.0,1,1,5,100,1.119889326784,5,Typeb,Toyota,Food
2026-01-12 13:00:00,4.8491118791623675,2.4437108870349484,0.5039501970528,0,0,5,0,1.119889326784,5,Typeb,Toyota,Food
2026-01-12 14:00:00,4.8491118791623675,0.5430468637855441,0.1119889326784,0,0,5,0,1.119889326784,5,Typeb,Toyota,Food
2026-01-12 15:00:00,4.8491118791623675,1.9171818177711648,0.39536761896744227,0,0,5,0,1.119889326784,5,Typeb,Toyota,Food
2026-01-12 16:00:00,4.8491118791623675,1.7351534359052323,0.357829119876888,0,0,5,0,1.119889326784,5,Typeb,Toyota,Food
2026-01-12 17:00:00,4.8491118791623675,1.648566255406554,0.33997282316598687,0,0,5,0,1.119889326784,5,Typeb,Toyota,Food
2026-01-12 18:00:00,4.8491118791623675,0.8008189281905167,0.16514754622012343,0,0,5,0,1.119889326784,5,Typeb,Toyota,Food
2026-01-12 19:00:00,4.8491118791623675,1.138940392944718,0.234876080677573,0,0,5,0,1.119889326784,5,Typeb,Toyota,Food
2026-01-12 20:00:00,0.0,0.0,0.0,1,1,5,100,1.119889326784,5,Typeb,Toyota,Food
2026-01-12 21:00:00,0.0,0.0,0.0,1,1,5,100,1.119889326784,5,Typeb,Toyota,Food
2026-01-12 22:00:00,0.0,0.0,0.0,1,1,5,100,1.119889326784,5,Typeb,Toyota,Food
2026-01-12 23:00:00,0.0,0.0,0.0,1,1,5,100,1.119889326784,5,Typeb,Toyota,Food
2026-01-13 00:00:00,0.0,0.0,0.0,1,1,5,100,1.119889326784,5,Typeb,Toyota,Food
2026-01-13 01:00:00,0.0,0.0,0.0,1,1,5,100,1.119889326784,5,Typeb,Toyota,Food
2026-01-13 02:00:00,0.0,0.0,0.0,1,1,5,100,1.119889326784,5,Typeb,Toyota,Food
2026-01-13 03:00:00,0.0,0.0,0.0,1,1,5,100,1.119889326784,5,Typeb,Toyota,Food
2026-01-13 04:00:00,0.0,0.0,0.0,1,1,5,100,1.119889326784,5,Typeb,Toyota,Food
2026-01-13 05:00:00,0.0,0.0,0.0,1,1,5,100,1.119889326784,5,Typeb,Toyota,Food
2026-01-13 06:00:00,4.615384615384615,1.2063370388512964,0.2613730250844476,0,0,5,0,1.12425024,5,Typeb,Toyota,Food
2026-01-13 07:00:00,4.615384615384615,2.3349812676923074,0.505912608,0,0,5,0,1.12425024,5,Typeb,Toyota,Food
2026-01-13 08:00:00,4.615384615384615,2.161136099457747,0.46824615488251187,0,0,5,0,1.12425024,5,Typeb,Toyota,Food
2026-01-13 09:00:00,4.615384615384615,1.5393592372279454,0.3335278347327215,0,0,5,0,1.12425024,5,Typeb,Toyota,Food
2026-01-13 10:00:00,4.615384615384615,2.3349812676923074,0.505912608,0,0,5,0,1.12425024,5,Typeb,Toyota,Food
2026-01-13 11:00:00,4.615384615384615,0.5188847261538462,0.11242502400000001,0,0,5,0,1.12425024,5,Typeb,Toyota,Food
2026-01-13 12:00:00,0.0,0.0,0.0,1,1,5,100,1.12425024,5,Typeb,Toyota,Food
2026-01-13 13:00:00,4.137931034482759,0.6178508701185068,0.14931396027863914,0,0,5,0,1.12425024,5,Typeb,Toyota,Food
2026-01-13 14:00:00,4.137931034482759,1.023534458154326,0.24735416072062877,0,0,5,0,1.12425024,5,Typeb,Toyota,Food
2026-01-13 15:00:00,4.137931034482759,1.513237524667131,0.36569906846122335,0,0,5,0,1.12425024,5,Typeb,Toyota,Food
2026-01-13 16:00:00,4.137931034482759,0.821704532687003,0.19857859539935907,0,0,5,0,1.12425024,5,Typeb,Toyota,Food
2026-01-13 17:00:00,4.137931034482759,0.9528124994334628,0.23026302069642016,0,0,5,0,1.12425024,5,Typeb,Toyota,Food
2026-01-13 18:00:00,4.137931034482759,1.3235601415381923,0.3198603675383965,0,0,5,0,1.12425024,5,Typeb,Toyota,Food
2026-01-13 19:00:00,4.137931034482759,1.8091688605712268,0.4372158079713798,0,0,5,0,1.12425024,5,Typeb,Toyota,Food
2026-01-13 20:00:00,0.0,0.0,0.0,1,1,5,100,1.12425024,5,Typeb,Toyota,Food
2026-01-13 21:00:00,0.0,0.0,0.0,1,1,5,100,1.12425024,5,Typeb,Toyota,Food
2026-01-13 22:00:00,0.0,0.0,0.0,1,1,5,100,1.12425024,5,Typeb,Toyota,Food
2026-01-13 23:00:00,0.0,0.0,0.0,1,1,5,100,1.12425024,5,Typeb,Toyota,Food
2026-01-14 00:00:00,0.0,0.0,0.0,1,1,5,100,1.12425024,5,Typeb,Toyota,Food
2026-01-14 01:00:00,0.0,0.0,0.0,1,1,5,100,1.12425024,5,Typeb,Toyota,Food
2026-01-14 02:00:00,0.0,0.0,0.0,1,1,5,100,1.12425024,5,Typeb,Toyota,Food
2026-01-14 03:00:00,0.0,0.0,0.0,1,1,5,100,1.12425024,5,Typeb,Toyota,Food
2026-01-14 04:00:00,0.0,0.0,0.0,1,1,5,100,1.12425024,5,Typeb,Toyota,Food
2026-01-14 05:00:00,0.0,0.0,0.0,1,1,5,100,1.12425024,5,Typeb,Toyota,Food
2026-01-14 06:00:00,7.283975071892782,3.613680187823248,0.4961137500000001,0,0,5,0,1.102475,5,Typeb,Toyota,Food
2026-01-14 07:00:00,7.283975071892782,3.491453656579749,0.4793335537421705,0,0,5,0,1.102475,5,Typeb,Toyota,Food
2026-01-14 08:00:00,7.283975071892782,3.613680187823248,0.4961137500000001,0,0,5,0,1.102475,5,Typeb,Toyota,Food
2026-01-14 09:00:00,7.283975071892782,3.2219268011112856,0.44233083849284094,0,0,5,0,1.102475,5,Typeb,Toyota,Food
2026-01-14 10:00:00,7.283975071892782,0.8030400417384996,0.11024750000000001,0,0,5,0,1.102475,5,Typeb,Toyota,Food
2026-01-14 11:00:00,7.283975071892782,2.810161483502569,0.3858005355271394,0,0,5,0,1.102475,5,Typeb,Toyota,Food
2026-01-14 12:00:00,7.283975071892782,0.8030400417384996,0.11024750000000001,0,0,5,0,1.102475,5,Typeb,Toyota,Food
2026-01-14 13:00:00,0.0,0.0,0.0,1,1,5,100,1.102475,5,Typeb,Toyota,Food
2026-01-14 14:00:00,7.283975071892782,1.2660718565640274,0.17381606115725373,0,0,5,0,1.102475,5,Typeb,Toyota,Food
2026-01-14 15:00:00,7.283975071892782,1.702467080324776,0.23372774666599455,0,0,5,0,1.102475,5,Typeb,Toyota,Food
2026-01-14 16:00:00,7.283975071892782,1.9112523085689572,0.26239138515781707,0,0,5,0,1.102475,5,Typeb,Toyota,Food
2026-01-14 17:00:00,7.283975071892782,3.559532082430342,0.4886798825226316,0,0,5,0,1.102475,5,Typeb,Toyota,Food
2026-01-14 18:00:00,7.283975071892782,0.8030400417384996,0.11024750000000001,0,0,5,0,1.102475,5,Typeb,Toyota,Food
2026-01-14 19:00:00,7.283975071892782,3.396182838935358,0.4662540447235277,0,0,5,0,1.102475,5,Typeb,Toyota,Food
2026-01-14 20:00:00,0.0,0.0,0.0,1,1,5,100,1.102475,5,Typeb,Toyota,Food
2026-01-14 21:00:00,0.0,0.0,0.0,1,1,5,100,1.102475,5,Typeb,Toyota,Food
2026-01-14 22:00:00,0.0,0.0,0.0,1,1,5,100,1.102475,5,Typeb,Toyota,Food
2026-01-14 23:00:00,0.0,0.0,0.0,1,1,5,100,1.102475,5,Typeb,Toyota,Food
2026-01-01 00:00:00,0.0,0.0,0.0,1,1,6,100,1.0,6,Typeb,Toyota,Food
2026-01-01 01:00:00,0.0,0.0,0.0,1,1,6,100,1.0,6,Typeb,Toyota,Food
2026-01-01 02:00:00,0.0,0.0,0.0,1,1,6,100,1.0,6,Typeb,Toyota,Food
2026-01-01 03:00:00,0.0,0.0,0.0,1,1,6,100,1.0,6,Typeb,Toyota,Food
2026-01-01 04:00:00,0.0,0.0,0.0,1,1,6,100,1.0,6,Typeb,Toyota,Food
2026-01-01 05:00:00,0.0,0.0,0.0,1,1,6,100,1.0,6,Typeb,Toyota,Food
2026-01-01 06:00:00,5.832514247060783,0.6608106118237435,0.11329772784640002,0,0,6,0,1.1329772784640002,6,Typeb,Toyota,Food
2026-01-01 07:00:00,5.832514247060783,2.283550473292939,0.39152077072828473,0,0,6,0,1.1329772784640002,6,Typeb,Toyota,Food
2026-01-01 08:00:00,5.832514247060783,2.837939992878039,0.486572320729123,0,0,6,0,1.1329772784640002,6,Typeb,Toyota,Food
2026-01-01 09:00:00,5.832514247060783,1.4681524237295476,0.25171861765608256,0,0,6,0,1.1329772784640002,6,Typeb,Toyota,Food
2026-01-01 10:00:00,5.832514247060783,0.6608106118237435,0.11329772784640002,0,0,6,0,1.1329772784640002,6,Typeb,Toyota,Food
2026-01-01 11:00:00,5.832514247060783,2.303193265861932,0.3948885794874132,0,0,6,0,1.1329772784640002,6,Typeb,Toyota,Food
2026-01-01 12:00:00,0.0,0.0,0.0,1,1,6,100,1.1329772784640002,6,Typeb,Toyota,Food
2026-01-01 13:00:00,5.3659131072959205,1.7550425000734389,0.3270724786219784,0,0,6,0,1.1329772784640002,6,Typeb,Toyota,Food
2026-01-01 14:00:00,5.3659131072959205,1.6881165655253376,0.31460005627561144,0,0,6,0,1.1329772784640002,6,Typeb,Toyota,Food
2026-01-01 15:00:00,5.3659131072959205,2.422863820957999,0.4515287095617857,0,0,6,0,1.1329772784640002,6,Typeb,Toyota,Food
2026-01-01 16:00:00,5.3659131072959205,2.7357559329502976,0.5098397753088001,0,0,6,0,1.1329772784640002,6,Typeb,Toyota,Food
2026-01-01 17:00:00,5.3659131072959205,0.6695640313676308,0.12478100520435907,0,0,6,0,1.1329772784640002,6,Typeb,Toyota,Food
2026-01-01 18:00:00,5.3659131072959205,0.6886738009476735,0.12834233189711888,0,0,6,0,1.1329772784640002,6,Typeb,Toyota,Food
2026-01-01 19:00:00,0.0,0.0,0.0,1,1,6,100,1.1329772784640002,6,Typeb,Toyota,Food
2026-01-01 20:00:00,0.0,0.0,0.0,1,1,6,100,1.1329772784640002,6,Typeb,Toyota,Food
2026-01-01 21:00:00,0.0,0.0,0.0,1,1,6,100,1.1329772784640002,6,Typeb,Toyota,Food
2026-01-01 22:00:00,0.0,0.0,0.0,1,1,6,100,1.1329772784640002,6,Typeb,Toyota,Food
2026-01-01 23:00:00,0.0,0.0,0.0,1,1,6,100,1.1329772784640002,6,Typeb,Toyota,Food
2026-01-02 00:00:00,0.0,0.0,0.0,1,1,6,100,1.1329772784640002,6,Typeb,Toyota,Food
2026-01-02 01:00:00,0.0,0.0,0.0,1,1,6,100,1.1329772784640002,6,Typeb,Toyota,Food
2026-01-02 02:00:00,0.0,0.0,0.0,1,1,6,100,1.1329772784640002,6,Typeb,Toyota,Food
2026-01-02 03:00:00,0.0,0.0,0.0,1,1,6,100,1.1329772784640002,6,Typeb,Toyota,Food
2026-01-02 04:00:00,0.0,0.0,0.0,1,1,6,100,1.1329772784640002,6,Typeb,Toyota,Food
2026-01-02 05:00:00,0.0,0.0,0.0,1,1,6,100,1.1329772784640002,6,Typeb,Toyota,Food
2026-01-02 06:00:00,0.0,0.0,0.0,1,1,6,100,1.1329772784640002,6,Typeb,Toyota,Food
2026-01-02 07:00:00,5.454545454545454,0.67232184,0.123259004,0,0,6,0,1.23259004,6,Typeb,Toyota,Food
2026-01-02 08:00:00,5.454545454545454,0.67232184,0.123259004,0,0,6,0,1.23259004,6,Typeb,Toyota,Food
2026-01-02 09:00:00,5.454545454545454,1.0830890493631096,0.1985663257165701,0,0,6,0,1.23259004,6,Typeb,Toyota,Food
2026-01-02 10:00:00,5.454545454545454,1.8303369586430744,0.3355617757512303,0,0,6,0,1.23259004,6,Typeb,Toyota,Food
2026-01-02 11:00:00,5.454545454545454,1.6799366994624596,0.30798839490145097,0,0,6,0,1.23259004,6,Typeb,Toyota,Food
2026-01-02 12:00:00,0.0,0.0,0.0,1,1,6,100,1.23259004,6,Typeb,Toyota,Food
2026-01-02 13:00:00,0.0,0.0,0.0,1,1,6,100,1.23259004,6,Typeb,Toyota,Food
2026-01-02 14:00:00,6.315789473684211,1.6537931997240534,0.26185058995630844,0,0,6,0,1.23259004,6,Typeb,Toyota,Food
2026-01-02 15:00:00,6.315789473684211,0.7784779200000002,0.123259004,0,0,6,0,1.23259004,6,Typeb,Toyota,Food
2026-01-02 16:00:00,6.315789473684211,3.3896410306020766,0.5366931631786621,0,0,6,0,1.23259004,6,Typeb,Toyota,Food
2026-01-02 17:00:00,6.315789473684211,0.7784779200000002,0.123259004,0,0,6,0,1.23259004,6,Typeb,Toyota,Food
2026-01-02 18:00:00,6.315789473684211,0.7784779200000002,0.123259004,0,0,6,0,1.23259004,6,Typeb,Toyota,Food
2026-01-02 19:00:00,0.0,0.0,0.0,1,1,6,100,1.23259004,6,Typeb,Toyota,Food
2026-01-02 20:00:00,0.0,0.0,0.0,1,1,6,100,1.23259004,6,Typeb,Toyota,Food
2026-01-02 21:00:00,0.0,0.0,0.0,1,1,6,100,1.23259004,6,Typeb,Toyota,Food
2026-01-02 22:00:00,0.0,0.0,0.0,1,1,6,100,1.23259004,6,Typeb,Toyota,Food
2026-01-02 23:00:00,0.0,0.0,0.0,1,1,6,100,1.23259004,6,Typeb,Toyota,Food
2026-01-03 00:00:00,0.0,0.0,0.0,1,1,6,100,1.23259004,6,Typeb,Toyota,Food
2026-01-03 01:00:00,0.0,0.0,0.0,1,1,6,100,1.23259004,6,Typeb,Toyota,Food
2026-01-03 02:00:00,0.0,0.0,0.0,1,1,6,100,1.23259004,6,Typeb,Toyota,Food
2026-01-03 03:00:00,0.0,0.0,0.0,1,1,6,100,1.23259004,6,Typeb,Toyota,Food
2026-01-03 04:00:00,0.0,0.0,0.0,1,1,6,100,1.23259004,6,Typeb,Toyota,Food
2026-01-03 05:00:00,0.0,0.0,0.0,1,1,6,100,1.23259004,6,Typeb,Toyota,Food
2026-01-03 06:00:00,0.0,0.0,0.0,1,1,6,100,1.23259004,6,Typeb,Toyota,Food
2026-01-03 07:00:00,0.0,0.0,0.0,1,1,6,100,1.23259004,6,Typeb,Toyota,Food
2026-01-03 08:00:00,0.0,0.0,0.0,1,1,6,100,1.23259004,6,Typeb,Toyota,Food
2026-01-03 09:00:00,9.23076923076923,3.148241182889354,0.34105946147968,0,0,6,0,1.209049010004,6,Typeb,Toyota,Food
2026-01-03 10:00:00,9.23076923076923,4.508309087798685,0.48840015117819097,0,0,6,0,1.209049010004,6,Typeb,Toyota,Food
2026-01-03 11:00:00,9.23076923076923,4.540885656249825,0.4919292794270645,0,0,6,0,1.209049010004,6,Typeb,Toyota,Food
2026-01-03 12:00:00,0.0,0.0,0.0,1,1,6,100,1.209049010004,6,Typeb,Toyota,Food
2026-01-03 13:00:00,4.615384615384615,2.4103604720141445,0.522244768936398,0,0,6,0,1.209049010004,6,Typeb,Toyota,Food
2026-01-03 14:00:00,4.615384615384615,0.6063769392576447,0.1313816701724897,0,0,6,0,1.209049010004,6,Typeb,Toyota,Food
2026-01-03 15:00:00,4.615384615384615,0.5580226200018461,0.1209049010004,0,0,6,0,1.209049010004,6,Typeb,Toyota,Food
2026-01-03 16:00:00,4.615384615384615,1.1600584754445997,0.25134600301299664,0,0,6,0,1.209049010004,6,Typeb,Toyota,Food
2026-01-03 17:00:00,4.615384615384615,1.9465759799114772,0.4217581289808201,0,0,6,0,1.209049010004,6,Typeb,Toyota,Food
2026-01-03 18:00:00,4.615384615384615,1.476859788660035,0.3199862875430076,0,0,6,0,1.209049010004,6,Typeb,Toyota,Food
2026-01-03 19:00:00,4.615384615384615,2.120158149545857,0.45936759906826913,0,0,6,0,1.209049010004,6,Typeb,Toyota,Food
2026-01-03 20:00:00,0.0,0.0,0.0,1,1,6,100,1.209049010004,6,Typeb,Toyota,Food
2026-01-03 21:00:00,0.0,0.0,0.0,1,1,6,100,1.209049010004,6,Typeb,Toyota,Food
2026-01-03 22:00:00,0.0,0.0,0.0,1,1,6,100,1.209049010004,6,Typeb,Toyota,Food
2026-01-03 23:00:00,0.0,0.0,0.0,1,1,6,100,1.209049010004,6,Typeb,Toyota,Food
2026-01-04 00:00:00,0.0,0.0,0.0,1,1,6,100,1.209049010004,6,Typeb,Toyota,Food
2026-01-04 01:00:00,0.0,0.0,0.0,1,1,6,100,1.209049010004,6,Typeb,Toyota,Food
2026-01-04 02:00:00,0.0,0.0,0.0,1,1,6,100,1.209049010004,6,Typeb,Toyota,Food
2026-01-04 03:00:00,0.0,0.0,0.0,1,1,6,100,1.209049010004,6,Typeb,Toyota,Food
2026-01-04 04:00:00,0.0,0.0,0.0,1,1,6,100,1.209049010004,6,Typeb,Toyota,Food
2026-01-04 05:00:00,0.0,0.0,0.0,1,1,6,100,1.209049010004,6,Typeb,Toyota,Food
2026-01-04 06:00:00,0.0,0.0,0.0,1,1,6,100,1.209049010004,6,Typeb,Toyota,Food
2026-01-04 07:00:00,0.0,0.0,0.0,1,1,6,100,1.209049010004,6,Typeb,Toyota,Food
2026-01-04 08:00:00,0.0,0.0,0.0,1,1,6,100,1.209049010004,6,Typeb,Toyota,Food
2026-01-04 09:00:00,0.0,0.0,0.0,1,1,6,100,1.209049010004,6,Typeb,Toyota,Food
2026-01-04 10:00:00,0.0,0.0,0.0,1,1,6,100,1.209049010004,6,Typeb,Toyota,Food
2026-01-04 11:00:00,30.0,11.403411421718216,0.3801137140572738,0,0,6,0,1.3050301525,6,Typeb,Toyota,Food
2026-01-04 12:00:00,0.0,0.0,0.0,1,1,6,100,1.3050301525,6,Typeb,Toyota,Food
2026-01-04 13:00:00,4.444444444444445,1.1420656576838575,0.25696477297886794,0,0,6,0,1.3050301525,6,Typeb,Toyota,Food
2026-01-04 14:00:00,4.444444444444445,2.2967996147842373,0.5167799133264533,0,0,6,0,1.3050301525,6,Typeb,Toyota,Food
2026-01-04 15:00:00,4.444444444444445,1.3180568954761256,0.2965628014821282,0,0,6,0,1.3050301525,6,Typeb,Toyota,Food
2026-01-04 16:00:00,4.444444444444445,0.5800134011111112,0.13050301525000002,0,0,6,0,1.3050301525,6,Typeb,Toyota,Food
2026-01-04 17:00:00,4.444444444444445,0.8559323654128683,0.19258478221789535,0,0,6,0,1.3050301525,6,Typeb,Toyota,Food
2026-01-04 18:00:00,4.444444444444445,2.610060305,0.5872635686250001,0,0,6,0,1.3050301525,6,Typeb,Toyota,Food
2026-01-04 19:00:00,4.444444444444445,2.610060305,0.5872635686250001,0,0,6,0,1.3050301525,6,Typeb,Toyota,Food
2026-01-04 20:00:00,0.0,0.0,0.0,1,1,6,100,1.3050301525,6,Typeb,Toyota,Food
2026-01-04 21:00:00,0.0,0.0,0.0,1,1,6,100,1.3050301525,6,Typeb,Toyota,Food
2026-01-04 22:00:00,0.0,0.0,0.0,1,1,6,100,1.3050301525,6,Typeb,Toyota,Food
2026-01-04 23:00:00,0.0,0.0,0.0,1,1,6,100,1.3050301525,6,Typeb,Toyota,Food
2026-01-05 00:00:00,0.0,0.0,0.0,1,1,6,100,1.3050301525,6,Typeb,Toyota,Food
2026-01-05 01:00:00,0.0,0.0,0.0,1,1,6,100,1.3050301525,6,Typeb,Toyota,Food
2026-01-05 02:00:00,0.0,0.0,0.0,1,1,6,100,1.3050301525,6,Typeb,Toyota,Food
2026-01-05 03:00:00,0.0,0.0,0.0,1,1,6,100,1.3050301525,6,Typeb,Toyota,Food
2026-01-05 04:00:00,0.0,0.0,0.0,1,1,6,100,1.3050301525,6,Typeb,Toyota,Food
2026-01-05 05:00:00,0.0,0.0,0.0,1,1,6,100,1.3050301525,6,Typeb,Toyota,Food
2026-01-05 06:00:00,0.0,0.0,0.0,1,1,6,100,1.3050301525,6,Typeb,Toyota,Food
2026-01-05 07:00:00,0.0,0.0,0.0,1,1,6,100,1.3050301525,6,Typeb,Toyota,Food
2026-01-05 08:00:00,10.306063787713375,2.9638458210509775,0.2875827165541512,0,0,6,0,1.226197579604,6,Typeb,Toyota,Food
2026-01-05 09:00:00,10.306063787713375,1.2637270471738575,0.12261975796040002,0,0,6,0,1.226197579604,6,Typeb,Toyota,Food
2026-01-05 10:00:00,10.306063787713375,2.284283001188528,0.22164456268083566,0,0,6,0,1.226197579604,6,Typeb,Toyota,Food
2026-01-05 11:00:00,10.306063787713375,5.686771712282359,0.5517889108218,0,0,6,0,1.226197579604,6,Typeb,Toyota,Food
2026-01-05 12:00:00,0.0,0.0,0.0,1,1,6,100,1.226197579604,6,Typeb,Toyota,Food
2026-01-05 13:00:00,9.790760598327706,4.821836622188479,0.4924884613164849,0,0,6,0,1.226197579604,6,Typeb,Toyota,Food
2026-01-05 14:00:00,9.790760598327706,3.8279504871565218,0.39097580302498136,0,0,6,0,1.226197579604,6,Typeb,Toyota,Food
2026-01-05 15:00:00,9.790760598327706,3.0465904058442974,0.3111699418291021,0,0,6,0,1.226197579604,6,Typeb,Toyota,Food
2026-01-05 16:00:00,9.790760598327706,5.119334942728483,0.5228740802428447,0,0,6,0,1.226197579604,6,Typeb,Toyota,Food
2026-01-05 17:00:00,9.790760598327706,4.296620286934568,0.4388443822912435,0,0,6,0,1.226197579604,6,Typeb,Toyota,Food
2026-01-05 18:00:00,0.0,0.0,0.0,1,1,6,100,1.226197579604,6,Typeb,Toyota,Food
2026-01-05 19:00:00,0.0,0.0,0.0,1,1,6,100,1.226197579604,6,Typeb,Toyota,Food
2026-01-05 20:00:00,0.0,0.0,0.0,1,1,6,100,1.226197579604,6,Typeb,Toyota,Food
2026-01-05 21:00:00,0.0,0.0,0.0,1,1,6,100,1.226197579604,6,Typeb,Toyota,Food
2026-01-05 22:00:00,0.0,0.0,0.0,1,1,6,100,1.226197579604,6,Typeb,Toyota,Food
2026-01-05 23:00:00,0.0,0.0,0.0,1,1,6,100,1.226197579604,6,Typeb,Toyota,Food
2026-01-06 00:00:00,0.0,0.0,0.0,1,1,6,100,1.226197579604,6,Typeb,Toyota,Food
2026-01-06 01:00:00,0.0,0.0,0.0,1,1,6,100,1.226197579604,6,Typeb,Toyota,Food
2026-01-06 02:00:00,0.0,0.0,0.0,1,1,6,100,1.226197579604,6,Typeb,Toyota,Food
2026-01-06 03:00:00,0.0,0.0,0.0,1,1,6,100,1.226197579604,6,Typeb,Toyota,Food
2026-01-06 04:00:00,0.0,0.0,0.0,1,1,6,100,1.226197579604,6,Typeb,Toyota,Food
2026-01-06 05:00:00,6.03308806861206,1.2662016418323,0.20987620724780762,0,0,6,0,1.3306301459840002,6,Typeb,Toyota,Food
2026-01-06 06:00:00,6.03308806861206,1.7878585749644387,0.29634219733439826,0,0,6,0,1.3306301459840002,6,Typeb,Toyota,Food
2026-01-06 07:00:00,6.03308806861206,2.529353408687299,0.4192468898053379,0,0,6,0,1.3306301459840002,6,Typeb,Toyota,Food
2026-01-06 08:00:00,6.03308806861206,2.6230826923894015,0.43478276175617864,0,0,6,0,1.3306301459840002,6,Typeb,Toyota,Food
2026-01-06 09:00:00,6.03308806861206,2.2356263428413574,0.37056086657718457,0,0,6,0,1.3306301459840002,6,Typeb,Toyota,Food
2026-01-06 10:00:00,6.03308806861206,2.026601855155186,0.33591451543677114,0,0,6,0,1.3306301459840002,6,Typeb,Toyota,Food
2026-01-06 11:00:00,6.03308806861206,2.486393792143152,0.4121262219059829,0,0,6,0,1.3306301459840002,6,Typeb,Toyota,Food
2026-01-06 12:00:00,0.0,0.0,0.0,1,1,6,100,1.3306301459840002,6,Typeb,Toyota,Food
2026-01-06 13:00:00,6.9983821595899895,2.4445872037614693,0.34930747535866047,0,0,6,0,1.3306301459840002,6,Typeb,Toyota,Food
2026-01-06 14:00:00,6.9983821595899895,3.2384759507617353,0.46274637150587755,0,0,6,0,1.3306301459840002,6,Typeb,Toyota,Food
2026-01-06 15:00:00,6.9983821595899895,0.931225827466705,0.13306301459840003,0,0,6,0,1.3306301459840002,6,Typeb,Toyota,Food
2026-01-06 16:00:00,6.9983821595899895,4.190516223600173,0.5987835656928001,0,0,6,0,1.3306301459840002,6,Typeb,Toyota,Food
2026-01-06 17:00:00,6.9983821595899895,1.40687251273451,0.20102824919422999,0,0,6,0,1.3306301459840002,6,Typeb,Toyota,Food
2026-01-06 18:00:00,6.9983821595899895,2.9015404440869035,0.4146016004728862,0,0,6,0,1.3306301459840002,6,Typeb,Toyota,Food
2026-01-06 19:00:00,0.0,0.0,0.0,1,1,6,100,1.3306301459840002,6,Typeb,Toyota,Food
2026-01-06 20:00:00,0.0,0.0,0.0,1,1,6,100,1.3306301459840002,6,Typeb,Toyota,Food
2026-01-06 21:00:00,0.0,0.0,0.0,1,1,6,100,1.3306301459840002,6,Typeb,Toyota,Food
2026-01-06 22:00:00,0.0,0.0,0.0,1,1,6,100,1.3306301459840002,6,Typeb,Toyota,Food
2026-01-06 23:00:00,0.0,0.0,0.0,1,1,6,100,1.3306301459840002,6,Typeb,Toyota,Food
2026-01-07 00:00:00,0.0,0.0,0.0,1,1,6,100,1.3306301459840002,6,Typeb,Toyota,Food
2026-01-07 01:00:00,0.0,0.0,0.0,1,1,6,100,1.3306301459840002,6,Typeb,Toyota,Food
2026-01-07 02:00:00,0.0,0.0,0.0,1,1,6,100,1.3306301459840002,6,Typeb,Toyota,Food
2026-01-07 03:00:00,0.0,0.0,0.0,1,1,6,100,1.3306301459840002,6,Typeb,Toyota,Food
2026-01-07 04:00:00,0.0,0.0,0.0,1,1,6,100,1.3306301459840002,6,Typeb,Toyota,Food
2026-01-07 05:00:00,7.39636412511667,1.8164312354712913,0.24558434451638614,0,0,6,0,1.282756305344,6,Typeb,Toyota,Food
2026-01-07 06:00:00,7.39636412511667,0.9487732718113567,0.12827563053440003,0,0,6,0,1.282756305344,6,Typeb,Toyota,Food
2026-01-07 07:00:00,7.39636412511667,1.3891017841765283,0.18780873422110173,0,0,6,0,1.282756305344,6,Typeb,Toyota,Food
2026-01-07 08:00:00,7.39636412511667,2.292529193876322,0.30995353326255554,0,0,6,0,1.282756305344,6,Typeb,Toyota,Food
2026-01-07 09:00:00,7.39636412511667,2.9093465279880624,0.39334820173447993,0,0,6,0,1.282756305344,6,Typeb,Toyota,Food
2026-01-07 10:00:00,7.39636412511667,4.269479723151106,0.5772403374048001,0,0,6,0,1.282756305344,6,Typeb,Toyota,Food
2026-01-07 11:00:00,7.39636412511667,1.717277187406447,0.23217856210930646,0,0,6,0,1.282756305344,6,Typeb,Toyota,Food
2026-01-07 12:00:00,7.39636412511667,1.3620268250672511,0.18414815739561316,0,0,6,0,1.282756305344,6,Typeb,Toyota,Food
2026-01-07 13:00:00,8.937273317849309,5.158954665474252,0.5772403374048001,0,0,6,0,1.282756305344,6,Typeb,Toyota,Food
2026-01-07 14:00:00,8.937273317849309,3.411566375555458,0.38172340200695876,0,0,6,0,1.282756305344,6,Typeb,Toyota,Food
2026-01-07 15:00:00,8.937273317849309,4.774799497942745,0.5342568508458423,0,0,6,0,1.282756305344,6,Typeb,Toyota,Food
2026-01-07 16:00:00,8.937273317849309,1.1464343701053894,0.12827563053440003,0,0,6,0,1.282756305344,6,Typeb,Toyota,Food
2026-01-07 17:00:00,8.937273317849309,3.9171610780742747,0.43829487347679236,0,0,6,0,1.282756305344,6,Typeb,Toyota,Food
2026-01-07 18:00:00,8.937273317849309,2.7011332191705644,0.30223236138207005,0,0,6,0,1.282756305344,6,Typeb,Toyota,Food
2026-01-07 19:00:00,0.0,0.0,0.0,1,1,6,100,1.282756305344,6,Typeb,Toyota,Food
2026-01-07 20:00:00,0.0,0.0,0.0,1,1,6,100,1.282756305344,6,Typeb,Toyota,Food
2026-01-07 21:00:00,0.0,0.0,0.0,1,1,6,100,1.282756305344,6,Typeb,Toyota,Food
2026-01-07 22:00:00,0.0,0.0,0.0,1,1,6,100,1.282756305344,6,Typeb,Toyota,Food
2026-01-07 23:00:00,0.0,0.0,0.0,1,1,6,100,1.282756305344,6,Typeb,Toyota,Food
2026-01-08 00:00:00,0.0,0.0,0.0,1,1,6,100,1.282756305344,6,Typeb,Toyota,Food
2026-01-08 01:00:00,0.0,0.0,0.0,1,1,6,100,1.282756305344,6,Typeb,Toyota,Food
2026-01-08 02:00:00,0.0,0.0,0.0,1,1,6,100,1.282756305344,6,Typeb,Toyota,Food
2026-01-08 03:00:00,0.0,0.0,0.0,1,1,6,100,1.282756305344,6,Typeb,Toyota,Food
2026-01-08 04:00:00,3.75,0.441219458304,0.11765852221440001,0,0,6,0,1.176585222144,6,Typeb,Toyota,Food
2026-01-08 05:00:00,3.75,0.441219458304,0.11765852221440001,0,0,6,0,1.176585222144,6,Typeb,Toyota,Food
2026-01-08 06:00:00,3.75,1.3143969210697164,0.35050584561859105,0,0,6,0,1.176585222144,6,Typeb,Toyota,Food
2026-01-08 07:00:00,3.75,1.2871965805292933,0.3432524214744782,0,0,6,0,1.176585222144,6,Typeb,Toyota,Food
2026-01-08 08:00:00,3.75,1.1205893770847428,0.29882383388926476,0,0,6,0,1.176585222144,6,Typeb,Toyota,Food
2026-01-08 09:00:00,3.75,0.6913875405037956,0.18437001080101215,0,0,6,0,1.176585222144,6,Typeb,Toyota,Food
2026-01-08 10:00:00,3.75,0.6593270016960305,0.17582053378560814,0,0,6,0,1.176585222144,6,Typeb,Toyota,Food
2026-01-08 11:00:00,3.75,0.9432119324588137,0.251523181989017,0,0,6,0,1.176585222144,6,Typeb,Toyota,Food
2026-01-08 12:00:00,0.0,0.0,0.0,1,1,6,100,1.176585222144,6,Typeb,Toyota,Food
2026-01-08 13:00:00,5.217391304347826,1.8586300933575919,0.3562374345602051,0,0,6,0,1.176585222144,6,Typeb,Toyota,Food
2026-01-08 14:00:00,5.217391304347826,1.891695034247708,0.362574881564144,0,0,6,0,1.176585222144,6,Typeb,Toyota,Food
2026-01-08 15:00:00,5.217391304347826,0.6138705506838261,0.11765852221440001,0,0,6,0,1.176585222144,6,Typeb,Toyota,Food
2026-01-08 16:00:00,5.217391304347826,1.773643655888327,0.3399483673785961,0,0,6,0,1.176585222144,6,Typeb,Toyota,Food
2026-01-08 17:00:00,5.217391304347826,0.6138705506838261,0.11765852221440001,0,0,6,0,1.176585222144,6,Typeb,Toyota,Food
2026-01-08 18:00:00,5.217391304347826,2.079721828346968,0.39861335043316887,0,0,6,0,1.176585222144,6,Typeb,Toyota,Food
2026-01-08 19:00:00,0.0,0.0,0.0,1,1,6,100,1.176585222144,6,Typeb,Toyota,Food
2026-01-08 20:00:00,0.0,0.0,0.0,1,1,6,100,1.176585222144,6,Typeb,Toyota,Food
2026-01-08 21:00:00,0.0,0.0,0.0,1,1,6,100,1.176585222144,6,Typeb,Toyota,Food
2026-01-08 22:00:00,0.0,0.0,0.0,1,1,6,100,1.176585222144,6,Typeb,Toyota,Food
2026-01-08 23:00:00,0.0,0.0,0.0,1,1,6,100,1.176585222144,6,Typeb,Toyota,Food
2026-01-09 00:00:00,0.0,0.0,0.0,1,1,6,100,1.176585222144,6,Typeb,Toyota,Food
2026-01-09 01:00:00,0.0,0.0,0.0,1,1,6,100,1.176585222144,6,Typeb,Toyota,Food
2026-01-09 02:00:00,0.0,0.0,0.0,1,1,6,100,1.176585222144,6,Typeb,Toyota,Food
2026-01-09 03:00:00,0.0,0.0,0.0,1,1,6,100,1.176585222144,6,Typeb,Toyota,Food
2026-01-09 04:00:00,0.0,0.0,0.0,1,1,6,100,1.176585222144,6,Typeb,Toyota,Food
2026-01-09 05:00:00,4.982340681979675,1.9961221200955113,0.4006394278326177,0,0,6,0,1.137342385344,6,Typeb,Toyota,Food
2026-01-09 06:00:00,4.982340681979675,1.971265740882502,0.3956505318900117,0,0,6,0,1.137342385344,6,Typeb,Toyota,Food
2026-01-09 07:00:00,4.982340681979675,2.3298819139249787,0.4676279810314431,0,0,6,0,1.137342385344,6,Typeb,Toyota,Food
2026-01-09 08:00:00,4.982340681979675,0.5666627235839216,0.1137342385344,0,0,6,0,1.137342385344,6,Typeb,Toyota,Food
2026-01-09 09:00:00,4.982340681979675,1.462130849352417,0.29346263988745475,0,0,6,0,1.137342385344,6,Typeb,Toyota,Food
2026-01-09 10:00:00,4.982340681979675,1.9772002254658168,0.3968416356225964,0,0,6,0,1.137342385344,6,Typeb,Toyota,Food
2026-01-09 11:00:00,4.982340681979675,1.7072168781154136,0.34265358133580515,0,0,6,0,1.137342385344,6,Typeb,Toyota,Food
2026-01-09 12:00:00,0.0,0.0,0.0,1,1,6,100,1.137342385344,6,Typeb,Toyota,Food
2026-01-09 13:00:00,5.154145533082422,2.4866814396214565,0.48246240306185206,0,0,6,0,1.137342385344,6,Typeb,Toyota,Food
2026-01-09 14:00:00,5.154145533082422,1.1645037029384133,0.22593535542679666,0,0,6,0,1.137342385344,6,Typeb,Toyota,Food
2026-01-09 15:00:00,5.154145533082422,1.84570143428479,0.3581003722999209,0,0,6,0,1.137342385344,6,Typeb,Toyota,Food
2026-01-09 16:00:00,5.154145533082422,1.6583105735393893,0.3217430635001184,0,0,6,0,1.137342385344,6,Typeb,Toyota,Food
2026-01-09 17:00:00,5.154145533082422,0.5862028175006084,0.1137342385344,0,0,6,0,1.137342385344,6,Typeb,Toyota,Food
2026-01-09 18:00:00,5.154145533082422,2.4327557817511765,0.47199982346953123,0,0,6,0,1.137342385344,6,Typeb,Toyota,Food
2026-01-09 19:00:00,5.154145533082422,1.8272743582268005,0.3545251771604525,0,0,6,0,1.137342385344,6,Typeb,Toyota,Food
2026-01-09 20:00:00,5.154145533082422,1.6790349911806166,0.32576398559248176,0,0,6,0,1.137342385344,6,Typeb,Toyota,Food
2026-01-09 21:00:00,0.0,0.0,0.0,1,1,6,100,1.137342385344,6,Typeb,Toyota,Food
2026-01-09 22:00:00,0.0,0.0,0.0,1,1,6,100,1.137342385344,6,Typeb,Toyota,Food
2026-01-09 23:00:00,0.0,0.0,0.0,1,1,6,100,1.137342385344,6,Typeb,Toyota,Food
2026-01-10 00:00:00,0.0,0.0,0.0,1,1,6,100,1.137342385344,6,Typeb,Toyota,Food
2026-01-10 01:00:00,0.0,0.0,0.0,1,1,6,100,1.137342385344,6,Typeb,Toyota,Food
2026-01-10 02:00:00,0.0,0.0,0.0,1,1,6,100,1.137342385344,6,Typeb,Toyota,Food
2026-01-10 03:00:00,0.0,0.0,0.0,1,1,6,100,1.137342385344,6,Typeb,Toyota,Food
2026-01-10 04:00:00,0.0,0.0,0.0,1,1,6,100,1.137342385344,6,Typeb,Toyota,Food
2026-01-10 05:00:00,0.0,0.0,0.0,1,1,6,100,1.137342385344,6,Typeb,Toyota,Food
2026-01-10 06:00:00,0.0,0.0,0.0,1,1,6,100,1.137342385344,6,Typeb,Toyota,Food
2026-01-10 07:00:00,0.0,0.0,0.0,1,1,6,100,1.137342385344,6,Typeb,Toyota,Food
2026-01-10 08:00:00,8.0,4.282596144,0.535324518,0,0,6,0,1.18961004,6,Typeb,Toyota,Food
2026-01-10 09:00:00,8.0,1.576002392548411,0.19700029906855138,0,0,6,0,1.18961004,6,Typeb,Toyota,Food
2026-01-10 10:00:00,8.0,0.9516880320000001,0.11896100400000001,0,0,6,0,1.18961004,6,Typeb,Toyota,Food
2026-01-10 11:00:00,8.0,3.1021739761593774,0.3877717470199222,0,0,6,0,1.18961004,6,Typeb,Toyota,Food
2026-01-10 12:00:00,0.0,0.0,0.0,1,1,6,100,1.18961004,6,Typeb,Toyota,Food
2026-01-10 13:00:00,4.615384615384615,0.7933569958747094,0.17189401577285374,0,0,6,0,1.18961004,6,Typeb,Toyota,Food
2026-01-10 14:00:00,4.615384615384615,1.3842812151242092,0.2999275966102454,0,0,6,0,1.18961004,6,Typeb,Toyota,Food
2026-01-10 15:00:00,4.615384615384615,1.9871863917468358,0.4305570515451478,0,0,6,0,1.18961004,6,Typeb,Toyota,Food
2026-01-10 16:00:00,4.615384615384615,1.9091516812413245,0.4136495309356204,0,0,6,0,1.18961004,6,Typeb,Toyota,Food
2026-01-10 17:00:00,4.615384615384615,0.8013120158958433,0.1736176034440994,0,0,6,0,1.18961004,6,Typeb,Toyota,Food
2026-01-10 18:00:00,4.615384615384615,2.13255058021849,0.46205262571400624,0,0,6,0,1.18961004,6,Typeb,Toyota,Food
2026-01-10 19:00:00,4.615384615384615,2.3846018217742144,0.5166637280510797,0,0,6,0,1.18961004,6,Typeb,Toyota,Food
2026-01-10 20:00:00,0.0,0.0,0.0,1,1,6,100,1.18961004,6,Typeb,Toyota,Food
2026-01-10 21:00:00,0.0,0.0,0.0,1,1,6,100,1.18961004,6,Typeb,Toyota,Food
2026-01-10 22:00:00,0.0,0.0,0.0,1,1,6,100,1.18961004,6,Typeb,Toyota,Food
2026-01-10 23:00:00,0.0,0.0,0.0,1,1,6,100,1.18961004,6,Typeb,Toyota,Food
2026-01-11 00:00:00,0.0,0.0,0.0,1,1,6,100,1.18961004,6,Typeb,Toyota,Food
2026-01-11 01:00:00,0.0,0.0,0.0,1,1,6,100,1.18961004,6,Typeb,Toyota,Food
2026-01-11 02:00:00,0.0,0.0,0.0,1,1,6,100,1.18961004,6,Typeb,Toyota,Food
2026-01-11 03:00:00,0.0,0.0,0.0,1,1,6,100,1.18961004,6,Typeb,Toyota,Food
2026-01-11 04:00:00,0.0,0.0,0.0,1,1,6,100,1.18961004,6,Typeb,Toyota,Food
2026-01-11 05:00:00,0.0,0.0,0.0,1,1,6,100,1.18961004,6,Typeb,Toyota,Food
2026-01-11 06:00:00,0.0,0.0,0.0,1,1,6,100,1.18961004,6,Typeb,Toyota,Food
2026-01-11 07:00:00,0.0,0.0,0.0,1,1,6,100,1.18961004,6,Typeb,Toyota,Food
2026-01-11 08:00:00,0.0,0.0,0.0,1,1,6,100,1.18961004,6,Typeb,Toyota,Food
2026-01-11 09:00:00,9.598270485303853,1.197671876079446,0.12477996717358934,0,0,6,0,1.122069513044,6,Typeb,Toyota,Food
2026-01-11 10:00:00,9.598270485303853,1.7459445573257215,0.1819019957813212,0,0,6,0,1.122069513044,6,Typeb,Toyota,Food
2026-01-11 11:00:00,9.598270485303853,3.644797215924269,0.3797347888356457,0,0,6,0,1.122069513044,6,Typeb,Toyota,Food
2026-01-11 12:00:00,0.0,0.0,0.0,1,1,6,100,1.122069513044,6,Typeb,Toyota,Food
2026-01-11 13:00:00,0.0,0.0,0.0,1,1,6,100,1.122069513044,6,Typeb,Toyota,Food
2026-01-11 14:00:00,5.671705286770458,0.8688281031598426,0.15318639795802305,0,0,6,0,1.122069513044,6,Typeb,Toyota,Food
2026-01-11 15:00:00,5.671705286770458,1.9625981480342147,0.3460331679454634,0,0,6,0,1.122069513044,6,Typeb,Toyota,Food
2026-01-11 16:00:00,5.671705286770458,2.4886889705711464,0.4387902482126743,0,0,6,0,1.122069513044,6,Typeb,Toyota,Food
2026-01-11 17:00:00,5.671705286770458,0.8155952331209896,0.14380070752678337,0,0,6,0,1.122069513044,6,Typeb,Toyota,Food
2026-01-11 18:00:00,5.671705286770458,1.2101554525792817,0.21336712529863477,0,0,6,0,1.122069513044,6,Typeb,Toyota,Food
2026-01-11 19:00:00,0.0,0.0,0.0,1,1,6,100,1.122069513044,6,Typeb,Toyota,Food
2026-01-11 20:00:00,0.0,0.0,0.0,1,1,6,100,1.122069513044,6,Typeb,Toyota,Food
2026-01-11 21:00:00,0.0,0.0,0.0,1,1,6,100,1.122069513044,6,Typeb,Toyota,Food
2026-01-11 22:00:00,0.0,0.0,0.0,1,1,6,100,1.122069513044,6,Typeb,Toyota,Food
2026-01-11 23:00:00,0.0,0.0,0.0,1,1,6,100,1.122069513044,6,Typeb,Toyota,Food
2026-01-12 00:00:00,0.0,0.0,0.0,1,1,6,100,1.122069513044,6,Typeb,Toyota,Food
2026-01-12 01:00:00,0.0,0.0,0.0,1,1,6,100,1.122069513044,6,Typeb,Toyota,Food
2026-01-12 02:00:00,0.0,0.0,0.0,1,1,6,100,1.122069513044,6,Typeb,Toyota,Food
2026-01-12 03:00:00,0.0,0.0,0.0,1,1,6,100,1.122069513044,6,Typeb,Toyota,Food
2026-01-12 04:00:00,0.0,0.0,0.0,1,1,6,100,1.122069513044,6,Typeb,Toyota,Food
2026-01-12 05:00:00,0.0,0.0,0.0,1,1,6,100,1.122069513044,6,Typeb,Toyota,Food
2026-01-12 06:00:00,6.990266726600046,3.158298670307116,0.45181375673246477,0,0,6,0,1.119889326784,6,Typeb,Toyota,Food
2026-01-12 07:00:00,6.990266726600046,3.5227462943217245,0.5039501970528,0,0,6,0,1.119889326784,6,Typeb,Toyota,Food
2026-01-12 08:00:00,6.990266726600046,0.7828325098492721,0.1119889326784,0,0,6,0,1.119889326784,6,Typeb,Toyota,Food
2026-01-12 09:00:00,6.990266726600046,1.0830093875968896,0.15493105341398725,0,0,6,0,1.119889326784,6,Typeb,Toyota,Food
2026-01-12 10:00:00,6.990266726600046,2.876726485802902,0.4115331500665205,0,0,6,0,1.119889326784,6,Typeb,Toyota,Food
2026-01-12 11:00:00,6.990266726600046,1.7163423441962726,0.24553316938037273,0,0,6,0,1.119889326784,6,Typeb,Toyota,Food
2026-01-12 12:00:00,0.0,0.0,0.0,1,1,6,100,1.119889326784,6,Typeb,Toyota,Food
2026-01-12 13:00:00,0.0,0.0,0.0,1,1,6,100,1.119889326784,6,Typeb,Toyota,Food
2026-01-12 14:00:00,7.65600641484767,2.537190220656331,0.3313986539687105,0,0,6,0,1.119889326784,6,Typeb,Toyota,Food
2026-01-12 15:00:00,7.65600641484767,2.886212187965164,0.37698664702889884,0,0,6,0,1.119889326784,6,Typeb,Toyota,Food
2026-01-12 16:00:00,7.65600641484767,3.0059829026511578,0.39263066666473884,0,0,6,0,1.119889326784,6,Typeb,Toyota,Food
2026-01-12 17:00:00,7.65600641484767,3.4822991086105546,0.4548453749799844,0,0,6,0,1.119889326784,6,Typeb,Toyota,Food
2026-01-12 18:00:00,7.65600641484767,2.2613527340683404,0.2953697543516666,0,0,6,0,1.119889326784,6,Typeb,Toyota,Food
2026-01-12 19:00:00,0.0,0.0,0.0,1,1,6,100,1.119889326784,6,Typeb,Toyota,Food
2026-01-12 20:00:00,0.0,0.0,0.0,1,1,6,100,1.119889326784,6,Typeb,Toyota,Food
2026-01-12 21:00:00,0.0,0.0,0.0,1,1,6,100,1.119889326784,6,Typeb,Toyota,Food
2026-01-12 22:00:00,0.0,0.0,0.0,1,1,6,100,1.119889326784,6,Typeb,Toyota,Food
2026-01-12 23:00:00,0.0,0.0,0.0,1,1,6,100,1.119889326784,6,Typeb,Toyota,Food
2026-01-13 00:00:00,0.0,0.0,0.0,1,1,6,100,1.119889326784,6,Typeb,Toyota,Food
2026-01-13 01:00:00,0.0,0.0,0.0,1,1,6,100,1.119889326784,6,Typeb,Toyota,Food
2026-01-13 02:00:00,0.0,0.0,0.0,1,1,6,100,1.119889326784,6,Typeb,Toyota,Food
2026-01-13 03:00:00,4.422454161424358,0.9728871708134982,0.21998807343209553,0,0,6,0,1.12425024,6,Typeb,Toyota,Food
2026-01-13 04:00:00,4.422454161424358,0.4971945152370334,0.11242502400000001,0,0,6,0,1.12425024,6,Typeb,Toyota,Food
2026-01-13 05:00:00,4.422454161424358,1.1255868504809297,0.2545163407908353,0,0,6,0,1.12425024,6,Typeb,Toyota,Food
2026-01-13 06:00:00,4.422454161424358,0.7127985917662713,0.16117715769307087,0,0,6,0,1.12425024,6,Typeb,Toyota,Food
2026-01-13 07:00:00,4.422454161424358,1.1682097677673124,0.2641541834299222,0,0,6,0,1.12425024,6,Typeb,Toyota,Food
2026-01-13 08:00:00,4.422454161424358,1.4683581259190162,0.332023368094356,0,0,6,0,1.12425024,6,Typeb,Toyota,Food
2026-01-13 09:00:00,4.422454161424358,2.2373753185666505,0.505912608,0,0,6,0,1.12425024,6,Typeb,Toyota,Food
2026-01-13 10:00:00,4.422454161424358,1.2853830071533359,0.29064925496917915,0,0,6,0,1.12425024,6,Typeb,Toyota,Food
2026-01-13 11:00:00,4.422454161424358,1.7182231855655798,0.3885225539595383,0,0,6,0,1.12425024,6,Typeb,Toyota,Food
2026-01-13 12:00:00,0.0,0.0,0.0,1,1,6,100,1.12425024,6,Typeb,Toyota,Food
2026-01-13 13:00:00,0.0,0.0,0.0,1,1,6,100,1.12425024,6,Typeb,Toyota,Food
2026-01-13 14:00:00,7.960417490563846,3.0531160322032975,0.38353717450402736,0,0,6,0,1.12425024,6,Typeb,Toyota,Food
2026-01-13 15:00:00,7.960417490563846,2.358527428160354,0.2962818760393051,0,0,6,0,1.12425024,6,Typeb,Toyota,Food
2026-01-13 16:00:00,7.960417490563846,3.5276700684976903,0.4431513890671356,0,0,6,0,1.12425024,6,Typeb,Toyota,Food
2026-01-13 17:00:00,7.960417490563846,4.0272755734199706,0.505912608,0,0,6,0,1.12425024,6,Typeb,Toyota,Food
2026-01-13 18:00:00,7.960417490563846,3.8354936651915885,0.48182066703638626,0,0,6,0,1.12425024,6,Typeb,Toyota,Food
2026-01-13 19:00:00,0.0,0.0,0.0,1,1,6,100,1.12425024,6,Typeb,Toyota,Food
2026-01-13 20:00:00,0.0,0.0,0.0,1,1,6,100,1.12425024,6,Typeb,Toyota,Food
2026-01-13 21:00:00,0.0,0.0,0.0,1,1,6,100,1.12425024,6,Typeb,Toyota,Food
2026-01-13 22:00:00,0.0,0.0,0.0,1,1,6,100,1.12425024,6,Typeb,Toyota,Food
2026-01-13 23:00:00,0.0,0.0,0.0,1,1,6,100,1.12425024,6,Typeb,Toyota,Food
2026-01-14 00:00:00,0.0,0.0,0.0,1,1,6,100,1.12425024,6,Typeb,Toyota,Food
2026-01-14 01:00:00,0.0,0.0,0.0,1,1,6,100,1.12425024,6,Typeb,Toyota,Food
2026-01-14 02:00:00,0.0,0.0,0.0,1,1,6,100,1.12425024,6,Typeb,Toyota,Food
2026-01-14 03:00:00,0.0,0.0,0.0,1,1,6,100,1.12425024,6,Typeb,Toyota,Food
2026-01-14 04:00:00,0.0,0.0,0.0,1,1,6,100,1.12425024,6,Typeb,Toyota,Food
2026-01-14 05:00:00,0.0,0.0,0.0,1,1,6,100,1.12425024,6,Typeb,Toyota,Food
2026-01-14 06:00:00,0.0,0.0,0.0,1,1,6,100,1.12425024,6,Typeb,Toyota,Food
2026-01-14 07:00:00,0.0,0.0,0.0,1,1,6,100,1.12425024,6,Typeb,Toyota,Food
2026-01-14 08:00:00,11.9204401290027,5.913894254050013,0.4961137500000001,0,0,6,0,1.102475,6,Typeb,Toyota,Food
2026-01-14 09:00:00,11.9204401290027,2.7402004621830676,0.22987410133591446,0,0,6,0,1.102475,6,Typeb,Toyota,Food
2026-01-14 10:00:00,11.9204401290027,3.535328795858403,0.2965770355455977,0,0,6,0,1.102475,6,Typeb,Toyota,Food
2026-01-14 11:00:00,11.9204401290027,3.944766821004004,0.33092459492383147,0,0,6,0,1.102475,6,Typeb,Toyota,Food
2026-01-14 12:00:00,11.9204401290027,3.235639337920078,0.2714362307854468,0,0,6,0,1.102475,6,Typeb,Toyota,Food
2026-01-14 13:00:00,9.437015102127136,2.6217030156777614,0.2778106199159118,0,0,6,0,1.102475,6,Typeb,Toyota,Food
2026-01-14 14:00:00,9.437015102127136,3.2360171759494487,0.3429068557090726,0,0,6,0,1.102475,6,Typeb,Toyota,Food
2026-01-14 15:00:00,9.437015102127136,1.7922711229328412,0.18991928099477737,0,0,6,0,1.102475,6,Typeb,Toyota,Food
2026-01-14 16:00:00,9.437015102127136,3.0648467914989235,0.32476866449096775,0,0,6,0,1.102475,6,Typeb,Toyota,Food
2026-01-14 17:00:00,9.437015102127136,2.7429524387207995,0.2906589010440948,0,0,6,0,1.102475,6,Typeb,Toyota,Food
2026-01-14 18:00:00,9.437015102127136,3.7765619626277234,0.40018606749675256,0,0,6,0,1.102475,6,Typeb,Toyota,Food
2026-01-14 19:00:00,0.0,0.0,0.0,1,1,6,100,1.102475,6,Typeb,Toyota,Food
2026-01-14 20:00:00,0.0,0.0,0.0,1,1,6,100,1.102475,6,Typeb,Toyota,Food
2026-01-14 21:00:00,0.0,0.0,0.0,1,1,6,100,1.102475,6,Typeb,Toyota,Food
2026-01-14 22:00:00,0.0,0.0,0.0,1,1,6,100,1.102475,6,Typeb,Toyota,Food
2026-01-14 23:00:00,0.0,0.0,0.0,1,1,6,100,1.102475,6,Typeb,Toyota,Food
2026-01-01 00:00:00,0.0,0.0,0.0,1,1,7,100,1.0,7,Typeb,Toyota,Food
2026-01-01 01:00:00,0.0,0.0,0.0,1,1,7,100,1.0,7,Typeb,Toyota,Food
2026-01-01 02:00:00,0.0,0.0,0.0,1,1,7,100,1.0,7,Typeb,Toyota,Food
2026-01-01 03:00:00,0.0,0.0,0.0,1,1,7,100,1.0,7,Typeb,Toyota,Food
2026-01-01 04:00:00,0.0,0.0,0.0,1,1,7,100,1.0,7,Typeb,Toyota,Food
2026-01-01 05:00:00,0.0,0.0,0.0,1,1,7,100,1.0,7,Typeb,Toyota,Food
2026-01-01 06:00:00,0.0,0.0,0.0,1,1,7,100,1.0,7,Typeb,Toyota,Food
2026-01-01 07:00:00,0.0,0.0,0.0,1,1,7,100,1.0,7,Typeb,Toyota,Food
2026-01-01 08:00:00,7.811264039808398,2.913328005332466,0.37296498882707424,0,0,7,0,1.1329772784640002,7,Typeb,Toyota,Food
2026-01-01 09:00:00,7.811264039808398,0.9811424445427324,0.12560610415197265,0,0,7,0,1.1329772784640002,7,Typeb,Toyota,Food
2026-01-01 10:00:00,7.811264039808398,3.946319465154499,0.5052088170420235,0,0,7,0,1.1329772784640002,7,Typeb,Toyota,Food
2026-01-01 11:00:00,7.811264039808398,3.1274243638050305,0.40037365884276815,0,0,7,0,1.1329772784640002,7,Typeb,Toyota,Food
2026-01-01 12:00:00,7.811264039808398,1.8761450060175362,0.24018455866504754,0,0,7,0,1.1329772784640002,7,Typeb,Toyota,Food
2026-01-01 13:00:00,7.101149127098544,3.6204482753942036,0.5098397753088001,0,0,7,0,1.1329772784640002,7,Typeb,Toyota,Food
2026-01-01 14:00:00,7.101149127098544,2.1276014797355423,0.29961368810245764,0,0,7,0,1.1329772784640002,7,Typeb,Toyota,Food
2026-01-01 15:00:00,7.101149127098544,2.911097305656489,0.4099473554987759,0,0,7,0,1.1329772784640002,7,Typeb,Toyota,Food
2026-01-01 16:00:00,7.101149127098544,2.367033856079328,0.3333311008842978,0,0,7,0,1.1329772784640002,7,Typeb,Toyota,Food
2026-01-01 17:00:00,7.101149127098544,1.2854071029726901,0.18101395703231685,0,0,7,0,1.1329772784640002,7,Typeb,Toyota,Food
2026-01-01 18:00:00,7.101149127098544,0.8045440611987119,0.11329772784640002,0,0,7,0,1.1329772784640002,7,Typeb,Toyota,Food
2026-01-01 19:00:00,0.0,0.0,0.0,1,1,7,100,1.1329772784640002,7,Typeb,Toyota,Food
2026-01-01 20:00:00,0.0,0.0,0.0,1,1,7,100,1.1329772784640002,7,Typeb,Toyota,Food
2026-01-01 21:00:00,0.0,0.0,0.0,1,1,7,100,1.1329772784640002,7,Typeb,Toyota,Food
2026-01-01 22:00:00,0.0,0.0,0.0,1,1,7,100,1.1329772784640002,7,Typeb,Toyota,Food
2026-01-01 23:00:00,0.0,0.0,0.0,1,1,7,100,1.1329772784640002,7,Typeb,Toyota,Food
2026-01-02 00:00:00,0.0,0.0,0.0,1,1,7,100,1.1329772784640002,7,Typeb,Toyota,Food
2026-01-02 01:00:00,0.0,0.0,0.0,1,1,7,100,1.1329772784640002,7,Typeb,Toyota,Food
2026-01-02 02:00:00,0.0,0.0,0.0,1,1,7,100,1.1329772784640002,7,Typeb,Toyota,Food
2026-01-02 03:00:00,0.0,0.0,0.0,1,1,7,100,1.1329772784640002,7,Typeb,Toyota,Food
2026-01-02 04:00:00,0.0,0.0,0.0,1,1,7,100,1.1329772784640002,7,Typeb,Toyota,Food
2026-01-02 05:00:00,0.0,0.0,0.0,1,1,7,100,1.1329772784640002,7,Typeb,Toyota,Food
2026-01-02 06:00:00,5.0,1.1577685232005488,0.23155370464010977,0,0,7,0,1.23259004,7,Typeb,Toyota,Food
2026-01-02 07:00:00,5.0,2.132962664687921,0.42659253293758426,0,0,7,0,1.23259004,7,Typeb,Toyota,Food
2026-01-02 08:00:00,5.0,2.77332759,0.5546655180000001,0,0,7,0,1.23259004,7,Typeb,Toyota,Food
2026-01-02 09:00:00,5.0,1.803698275605809,0.3607396551211618,0,0,7,0,1.23259004,7,Typeb,Toyota,Food
2026-01-02 10:00:00,5.0,1.829169044602022,0.3658338089204044,0,0,7,0,1.23259004,7,Typeb,Toyota,Food
2026-01-02 11:00:00,5.0,2.617498620060127,0.5234997240120254,0,0,7,0,1.23259004,7,Typeb,Toyota,Food
2026-01-02 12:00:00,0.0,0.0,0.0,1,1,7,100,1.23259004,7,Typeb,Toyota,Food
2026-01-02 13:00:00,0.0,0.0,0.0,1,1,7,100,1.23259004,7,Typeb,Toyota,Food
2026-01-02 14:00:00,5.714285714285714,1.5742312229986752,0.2754904640247682,0,0,7,0,1.23259004,7,Typeb,Toyota,Food
2026-01-02 15:00:00,5.714285714285714,2.9555986667413645,0.5172297666797387,0,0,7,0,1.23259004,7,Typeb,Toyota,Food
2026-01-02 16:00:00,5.714285714285714,1.1315730611056551,0.19802528569348962,0,0,7,0,1.23259004,7,Typeb,Toyota,Food
2026-01-02 17:00:00,5.714285714285714,1.2416883771305545,0.21729546599784702,0,0,7,0,1.23259004,7,Typeb,Toyota,Food
2026-01-02 18:00:00,5.714285714285714,1.1964389382273697,0.20937681418978968,0,0,7,0,1.23259004,7,Typeb,Toyota,Food
2026-01-02 19:00:00,0.0,0.0,0.0,1,1,7,100,1.23259004,7,Typeb,Toyota,Food
2026-01-02 20:00:00,0.0,0.0,0.0,1,1,7,100,1.23259004,7,Typeb,Toyota,Food
2026-01-02 21:00:00,0.0,0.0,0.0,1,1,7,100,1.23259004,7,Typeb,Toyota,Food
2026-01-02 22:00:00,0.0,0.0,0.0,1,1,7,100,1.23259004,7,Typeb,Toyota,Food
2026-01-02 23:00:00,0.0,0.0,0.0,1,1,7,100,1.23259004,7,Typeb,Toyota,Food
2026-01-03 00:00:00,0.0,0.0,0.0,1,1,7,100,1.23259004,7,Typeb,Toyota,Food
2026-01-03 01:00:00,0.0,0.0,0.0,1,1,7,100,1.23259004,7,Typeb,Toyota,Food
2026-01-03 02:00:00,0.0,0.0,0.0,1,1,7,100,1.23259004,7,Typeb,Toyota,Food
2026-01-03 03:00:00,0.0,0.0,0.0,1,1,7,100,1.23259004,7,Typeb,Toyota,Food
2026-01-03 04:00:00,0.0,0.0,0.0,1,1,7,100,1.23259004,7,Typeb,Toyota,Food
2026-01-03 05:00:00,0.0,0.0,0.0,1,1,7,100,1.23259004,7,Typeb,Toyota,Food
2026-01-03 06:00:00,0.0,0.0,0.0,1,1,7,100,1.23259004,7,Typeb,Toyota,Food
2026-01-03 07:00:00,0.0,0.0,0.0,1,1,7,100,1.23259004,7,Typeb,Toyota,Food
2026-01-03 08:00:00,0.0,0.0,0.0,1,1,7,100,1.23259004,7,Typeb,Toyota,Food
2026-01-03 09:00:00,0.0,0.0,0.0,1,1,7,100,1.23259004,7,Typeb,Toyota,Food
2026-01-03 10:00:00,12.0,1.4508588120048,0.1209049010004,0,0,7,0,1.209049010004,7,Typeb,Toyota,Food
2026-01-03 11:00:00,12.0,4.137168772363987,0.34476406436366563,0,0,7,0,1.209049010004,7,Typeb,Toyota,Food
2026-01-03 12:00:00,0.0,0.0,0.0,1,1,7,100,1.209049010004,7,Typeb,Toyota,Food
2026-01-03 13:00:00,5.217391304347826,1.2857191580214973,0.24642950528745364,0,0,7,0,1.209049010004,7,Typeb,Toyota,Food
2026-01-03 14:00:00,5.217391304347826,2.6015514054156834,0.4986306860380059,0,0,7,0,1.209049010004,7,Typeb,Toyota,Food
2026-01-03 15:00:00,5.217391304347826,2.8386368060963476,0.5440720545018,0,0,7,0,1.209049010004,7,Typeb,Toyota,Food
2026-01-03 16:00:00,5.217391304347826,1.8783516625906287,0.36001740199653715,0,0,7,0,1.209049010004,7,Typeb,Toyota,Food
2026-01-03 17:00:00,5.217391304347826,2.0459961005278595,0.39214925260117306,0,0,7,0,1.209049010004,7,Typeb,Toyota,Food
2026-01-03 18:00:00,5.217391304347826,0.6308081791325216,0.1209049010004,0,0,7,0,1.209049010004,7,Typeb,Toyota,Food
2026-01-03 19:00:00,0.0,0.0,0.0,1,1,7,100,1.209049010004,7,Typeb,Toyota,Food
2026-01-03 20:00:00,0.0,0.0,0.0,1,1,7,100,1.209049010004,7,Typeb,Toyota,Food
2026-01-03 21:00:00,0.0,0.0,0.0,1,1,7,100,1.209049010004,7,Typeb,Toyota,Food
2026-01-03 22:00:00,0.0,0.0,0.0,1,1,7,100,1.209049010004,7,Typeb,Toyota,Food
2026-01-03 23:00:00,0.0,0.0,0.0,1,1,7,100,1.209049010004,7,Typeb,Toyota,Food
2026-01-04 00:00:00,0.0,0.0,0.0,1,1,7,100,1.209049010004,7,Typeb,Toyota,Food
2026-01-04 01:00:00,0.0,0.0,0.0,1,1,7,100,1.209049010004,7,Typeb,Toyota,Food
2026-01-04 02:00:00,0.0,0.0,0.0,1,1,7,100,1.209049010004,7,Typeb,Toyota,Food
2026-01-04 03:00:00,0.0,0.0,0.0,1,1,7,100,1.209049010004,7,Typeb,Toyota,Food
2026-01-04 04:00:00,0.0,0.0,0.0,1,1,7,100,1.209049010004,7,Typeb,Toyota,Food
2026-01-04 05:00:00,0.0,0.0,0.0,1,1,7,100,1.209049010004,7,Typeb,Toyota,Food
2026-01-04 06:00:00,0.0,0.0,0.0,1,1,7,100,1.209049010004,7,Typeb,Toyota,Food
2026-01-04 07:00:00,0.0,0.0,0.0,1,1,7,100,1.209049010004,7,Typeb,Toyota,Food
2026-01-04 08:00:00,0.0,0.0,0.0,1,1,7,100,1.209049010004,7,Typeb,Toyota,Food
2026-01-04 09:00:00,0.0,0.0,0.0,1,1,7,100,1.209049010004,7,Typeb,Toyota,Food
2026-01-04 10:00:00,10.0,4.074746848914811,0.4074746848914811,0,0,7,0,1.3050301525,7,Typeb,Toyota,Food
2026-01-04 11:00:00,10.0,1.3050301525,0.13050301525000002,0,0,7,0,1.3050301525,7,Typeb,Toyota,Food
2026-01-04 12:00:00,10.0,5.40571342680109,0.540571342680109,0,0,7,0,1.3050301525,7,Typeb,Toyota,Food
2026-01-04 13:00:00,4.615384615384615,2.710447239807692,0.5872635686250001,0,0,7,0,1.3050301525,7,Typeb,Toyota,Food
2026-01-04 14:00:00,4.615384615384615,2.1525376563546614,0.46638315887684334,0,0,7,0,1.3050301525,7,Typeb,Toyota,Food
2026-01-04 15:00:00,4.615384615384615,1.9445265546773043,0.42131408684674926,0,0,7,0,1.3050301525,7,Typeb,Toyota,Food
2026-01-04 16:00:00,4.615384615384615,2.5174972622121574,0.5454577401459675,0,0,7,0,1.3050301525,7,Typeb,Toyota,Food
2026-01-04 17:00:00,4.615384615384615,2.138210724890549,0.4632789903929523,0,0,7,0,1.3050301525,7,Typeb,Toyota,Food
2026-01-04 18:00:00,4.615384615384615,0.9439469374032483,0.20452183643737049,0,0,7,0,1.3050301525,7,Typeb,Toyota,Food
2026-01-04 19:00:00,4.615384615384615,1.0487656943254873,0.22723256710385556,0,0,7,0,1.3050301525,7,Typeb,Toyota,Food
2026-01-04 20:00:00,0.0,0.0,0.0,1,1,7,100,1.3050301525,7,Typeb,Toyota,Food
2026-01-04 21:00:00,0.0,0.0,0.0,1,1,7,100,1.3050301525,7,Typeb,Toyota,Food
2026-01-04 22:00:00,0.0,0.0,0.0,1,1,7,100,1.3050301525,7,Typeb,Toyota,Food
2026-01-04 23:00:00,0.0,0.0,0.0,1,1,7,100,1.3050301525,7,Typeb,Toyota,Food
2026-01-05 00:00:00,0.0,0.0,0.0,1,1,7,100,1.3050301525,7,Typeb,Toyota,Food
2026-01-05 01:00:00,0.0,0.0,0.0,1,1,7,100,1.3050301525,7,Typeb,Toyota,Food
2026-01-05 02:00:00,0.0,0.0,0.0,1,1,7,100,1.3050301525,7,Typeb,Toyota,Food
2026-01-05 03:00:00,0.0,0.0,0.0,1,1,7,100,1.3050301525,7,Typeb,Toyota,Food
2026-01-05 04:00:00,0.0,0.0,0.0,1,1,7,100,1.3050301525,7,Typeb,Toyota,Food
2026-01-05 05:00:00,0.0,0.0,0.0,1,1,7,100,1.3050301525,7,Typeb,Toyota,Food
2026-01-05 06:00:00,4.573997247466566,1.3177888562923505,0.2881044270462218,0,0,7,0,1.226197579604,7,Typeb,Toyota,Food
2026-01-05 07:00:00,4.573997247466566,1.7269660442058563,0.3775616710662395,0,0,7,0,1.226197579604,7,Typeb,Toyota,Food
2026-01-05 08:00:00,4.573997247466566,2.523880959281488,0.5517889108218,0,0,7,0,1.226197579604,7,Typeb,Toyota,Food
2026-01-05 09:00:00,4.573997247466566,0.5608624353958862,0.12261975796040002,0,0,7,0,1.226197579604,7,Typeb,Toyota,Food
2026-01-05 10:00:00,4.573997247466566,1.0541093352086905,0.23045692381921262,0,0,7,0,1.226197579604,7,Typeb,Toyota,Food
2026-01-05 11:00:00,4.573997247466566,1.6297861096030133,0.35631549855123223,0,0,7,0,1.226197579604,7,Typeb,Toyota,Food
2026-01-05 12:00:00,4.573997247466566,2.523880959281488,0.5517889108218,0,0,7,0,1.226197579604,7,Typeb,Toyota,Food
2026-01-05 13:00:00,5.568344475176689,2.407022692922259,0.4322689990988537,0,0,7,0,1.226197579604,7,Typeb,Toyota,Food
2026-01-05 14:00:00,5.568344475176689,1.718124132185031,0.3085520552552585,0,0,7,0,1.226197579604,7,Typeb,Toyota,Food
2026-01-05 15:00:00,5.568344475176689,1.420677233152431,0.2551345807511939,0,0,7,0,1.226197579604,7,Typeb,Toyota,Food
2026-01-05 16:00:00,5.568344475176689,1.0770222400292708,0.19341875216782378,0,0,7,0,1.226197579604,7,Typeb,Toyota,Food
2026-01-05 17:00:00,5.568344475176689,1.495893682330718,0.2686424464217889,0,0,7,0,1.226197579604,7,Typeb,Toyota,Food
2026-01-05 18:00:00,5.568344475176689,3.067692990527097,0.550916525405831,0,0,7,0,1.226197579604,7,Typeb,Toyota,Food
2026-01-05 19:00:00,0.0,0.0,0.0,1,1,7,100,1.226197579604,7,Typeb,Toyota,Food
2026-01-05 20:00:00,0.0,0.0,0.0,1,1,7,100,1.226197579604,7,Typeb,Toyota,Food
2026-01-05 21:00:00,0.0,0.0,0.0,1,1,7,100,1.226197579604,7,Typeb,Toyota,Food
2026-01-05 22:00:00,0.0,0.0,0.0,1,1,7,100,1.226197579604,7,Typeb,Toyota,Food
2026-01-05 23:00:00,0.0,0.0,0.0,1,1,7,100,1.226197579604,7,Typeb,Toyota,Food
2026-01-06 00:00:00,0.0,0.0,0.0,1,1,7,100,1.226197579604,7,Typeb,Toyota,Food
2026-01-06 01:00:00,0.0,0.0,0.0,1,1,7,100,1.226197579604,7,Typeb,Toyota,Food
2026-01-06 02:00:00,0.0,0.0,0.0,1,1,7,100,1.226197579604,7,Typeb,Toyota,Food
2026-01-06 03:00:00,0.0,0.0,0.0,1,1,7,100,1.226197579604,7,Typeb,Toyota,Food
2026-01-06 04:00:00,0.0,0.0,0.0,1,1,7,100,1.226197579604,7,Typeb,Toyota,Food
2026-01-06 05:00:00,0.0,0.0,0.0,1,1,7,100,1.226197579604,7,Typeb,Toyota,Food
2026-01-06 06:00:00,0.0,0.0,0.0,1,1,7,100,1.226197579604,7,Typeb,Toyota,Food
2026-01-06 07:00:00,0.0,0.0,0.0,1,1,7,100,1.226197579604,7,Typeb,Toyota,Food
2026-01-06 08:00:00,9.851808647131438,4.303182961455083,0.4367911634893605,0,0,7,0,1.3306301459840002,7,Typeb,Toyota,Food
2026-01-06 09:00:00,9.851808647131438,2.887585846836308,0.29310210442192147,0,0,7,0,1.3306301459840002,7,Typeb,Toyota,Food
2026-01-06 10:00:00,9.851808647131438,3.3035242827468214,0.33532160449631876,0,0,7,0,1.3306301459840002,7,Typeb,Toyota,Food
2026-01-06 11:00:00,9.851808647131438,1.8766979790352893,0.19049273552239868,0,0,7,0,1.3306301459840002,7,Typeb,Toyota,Food
2026-01-06 12:00:00,9.851808647131438,2.7148575866672555,0.2755694597720129,0,0,7,0,1.3306301459840002,7,Typeb,Toyota,Food
2026-01-06 13:00:00,10.370324891717303,3.880165223321995,0.3741604302504594,0,0,7,0,1.3306301459840002,7,Typeb,Toyota,Food
2026-01-06 14:00:00,10.370324891717303,5.126840930304036,0.4943761149082999,0,0,7,0,1.3306301459840002,7,Typeb,Toyota,Food
2026-01-06 15:00:00,10.370324891717303,4.815795572850738,0.4643823239035718,0,0,7,0,1.3306301459840002,7,Typeb,Toyota,Food
2026-01-06 16:00:00,10.370324891717303,5.3173094620952455,0.5127428038770645,0,0,7,0,1.3306301459840002,7,Typeb,Toyota,Food
2026-01-06 17:00:00,10.370324891717303,5.637280256527717,0.543597265793492,0,0,7,0,1.3306301459840002,7,Typeb,Toyota,Food
2026-01-06 18:00:00,0.0,0.0,0.0,1,1,7,100,1.3306301459840002,7,Typeb,Toyota,Food
2026-01-06 19:00:00,0.0,0.0,0.0,1,1,7,100,1.3306301459840002,7,Typeb,Toyota,Food
2026-01-06 20:00:00,0.0,0.0,0.0,1,1,7,100,1.3306301459840002,7,Typeb,Toyota,Food
2026-01-06 21:00:00,0.0,0.0,0.0,1,1,7,100,1.3306301459840002,7,Typeb,Toyota,Food
2026-01-06 22:00:00,0.0,0.0,0.0,1,1,7,100,1.3306301459840002,7,Typeb,Toyota,Food
2026-01-06 23:00:00,0.0,0.0,0.0,1,1,7,100,1.3306301459840002,7,Typeb,Toyota,Food
2026-01-07 00:00:00,0.0,0.0,0.0,1,1,7,100,1.3306301459840002,7,Typeb,Toyota,Food
2026-01-07 01:00:00,0.0,0.0,0.0,1,1,7,100,1.3306301459840002,7,Typeb,Toyota,Food
2026-01-07 02:00:00,0.0,0.0,0.0,1,1,7,100,1.3306301459840002,7,Typeb,Toyota,Food
2026-01-07 03:00:00,0.0,0.0,0.0,1,1,7,100,1.3306301459840002,7,Typeb,Toyota,Food
2026-01-07 04:00:00,0.0,0.0,0.0,1,1,7,100,1.3306301459840002,7,Typeb,Toyota,Food
2026-01-07 05:00:00,0.0,0.0,0.0,1,1,7,100,1.3306301459840002,7,Typeb,Toyota,Food
2026-01-07 06:00:00,0.0,0.0,0.0,1,1,7,100,1.3306301459840002,7,Typeb,Toyota,Food
2026-01-07 07:00:00,8.7780828846263,4.382828240430133,0.49929219147680876,0,0,7,0,1.282756305344,7,Typeb,Toyota,Food
2026-01-07 08:00:00,8.7780828846263,3.4130633036777707,0.3888164817462955,0,0,7,0,1.282756305344,7,Typeb,Toyota,Food
2026-01-07 09:00:00,8.7780828846263,1.154405964566537,0.13151003239993697,0,0,7,0,1.282756305344,7,Typeb,Toyota,Food
2026-01-07 10:00:00,8.7780828846263,3.0204321033458834,0.34408789972076786,0,0,7,0,1.282756305344,7,Typeb,Toyota,Food
2026-01-07 11:00:00,8.7780828846263,2.4731730177458866,0.28174409495236546,0,0,7,0,1.282756305344,7,Typeb,Toyota,Food
2026-01-07 12:00:00,0.0,0.0,0.0,1,1,7,100,1.282756305344,7,Typeb,Toyota,Food
2026-01-07 13:00:00,7.152511980065874,2.636832571326665,0.3686582530271246,0,0,7,0,1.282756305344,7,Typeb,Toyota,Food
2026-01-07 14:00:00,7.152511980065874,0.9174929841477999,0.12827563053440003,0,0,7,0,1.282756305344,7,Typeb,Toyota,Food
2026-01-07 15:00:00,7.152511980065874,0.9174929841477999,0.12827563053440003,0,0,7,0,1.282756305344,7,Typeb,Toyota,Food
2026-01-07 16:00:00,7.152511980065874,2.9643767131618874,0.41445253379842445,0,0,7,0,1.282756305344,7,Typeb,Toyota,Food
2026-01-07 17:00:00,7.152511980065874,2.2912312539560933,0.32033938011453583,0,0,7,0,1.282756305344,7,Typeb,Toyota,Food
2026-01-07 18:00:00,7.152511980065874,1.2888040094919695,0.18018900395887205,0,0,7,0,1.282756305344,7,Typeb,Toyota,Food
2026-01-07 19:00:00,7.152511980065874,3.8325496844071267,0.5358326829914417,0,0,7,0,1.282756305344,7,Typeb,Toyota,Food
2026-01-07 20:00:00,0.0,0.0,0.0,1,1,7,100,1.282756305344,7,Typeb,Toyota,Food
2026-01-07 21:00:00,0.0,0.0,0.0,1,1,7,100,1.282756305344,7,Typeb,Toyota,Food
2026-01-07 22:00:00,0.0,0.0,0.0,1,1,7,100,1.282756305344,7,Typeb,Toyota,Food
2026-01-07 23:00:00,0.0,0.0,0.0,1,1,7,100,1.282756305344,7,Typeb,Toyota,Food
2026-01-08 00:00:00,0.0,0.0,0.0,1,1,7,100,1.282756305344,7,Typeb,Toyota,Food
2026-01-08 01:00:00,0.0,0.0,0.0,1,1,7,100,1.282756305344,7,Typeb,Toyota,Food
2026-01-08 02:00:00,0.0,0.0,0.0,1,1,7,100,1.282756305344,7,Typeb,Toyota,Food
2026-01-08 03:00:00,0.0,0.0,0.0,1,1,7,100,1.282756305344,7,Typeb,Toyota,Food
2026-01-08 04:00:00,0.0,0.0,0.0,1,1,7,100,1.282756305344,7,Typeb,Toyota,Food
2026-01-08 05:00:00,0.0,0.0,0.0,1,1,7,100,1.282756305344,7,Typeb,Toyota,Food
2026-01-08 06:00:00,0.0,0.0,0.0,1,1,7,100,1.282756305344,7,Typeb,Toyota,Food
2026-01-08 07:00:00,0.0,0.0,0.0,1,1,7,100,1.282756305344,7,Typeb,Toyota,Food
2026-01-08 08:00:00,0.0,0.0,0.0,1,1,7,100,1.282756305344,7,Typeb,Toyota,Food
2026-01-08 09:00:00,13.172563429867271,1.5498643469336315,0.11765852221440001,0,0,7,0,1.176585222144,7,Typeb,Toyota,Food
2026-01-08 10:00:00,13.172563429867271,2.255156345298234,0.17120102380262042,0,0,7,0,1.176585222144,7,Typeb,Toyota,Food
2026-01-08 11:00:00,13.172563429867271,3.3198116832370026,0.25202472555263705,0,0,7,0,1.176585222144,7,Typeb,Toyota,Food
2026-01-08 12:00:00,0.0,0.0,0.0,1,1,7,100,1.176585222144,7,Typeb,Toyota,Food
2026-01-08 13:00:00,9.706099369375885,4.809713973555491,0.4955352083794668,0,0,7,0,1.176585222144,7,Typeb,Toyota,Food
2026-01-08 14:00:00,9.706099369375885,4.166850776466986,0.4293022992958417,0,0,7,0,1.176585222144,7,Typeb,Toyota,Food
2026-01-08 15:00:00,9.706099369375885,5.139023887200989,0.5294633499648,0,0,7,0,1.176585222144,7,Typeb,Toyota,Food
2026-01-08 16:00:00,9.706099369375885,3.4801716236035904,0.35855511994695044,0,0,7,0,1.176585222144,7,Typeb,Toyota,Food
2026-01-08 17:00:00,9.706099369375885,5.139023887200989,0.5294633499648,0,0,7,0,1.176585222144,7,Typeb,Toyota,Food
2026-01-08 18:00:00,0.0,0.0,0.0,1,1,7,100,1.176585222144,7,Typeb,Toyota,Food
2026-01-08 19:00:00,0.0,0.0,0.0,1,1,7,100,1.176585222144,7,Typeb,Toyota,Food
2026-01-08 20:00:00,0.0,0.0,0.0,1,1,7,100,1.176585222144,7,Typeb,Toyota,Food
2026-01-08 21:00:00,0.0,0.0,0.0,1,1,7,100,1.176585222144,7,Typeb,Toyota,Food
2026-01-08 22:00:00,0.0,0.0,0.0,1,1,7,100,1.176585222144,7,Typeb,Toyota,Food
2026-01-08 23:00:00,0.0,0.0,0.0,1,1,7,100,1.176585222144,7,Typeb,Toyota,Food
2026-01-09 00:00:00,0.0,0.0,0.0,1,1,7,100,1.176585222144,7,Typeb,Toyota,Food
2026-01-09 01:00:00,0.0,0.0,0.0,1,1,7,100,1.176585222144,7,Typeb,Toyota,Food
2026-01-09 02:00:00,0.0,0.0,0.0,1,1,7,100,1.176585222144,7,Typeb,Toyota,Food
2026-01-09 03:00:00,0.0,0.0,0.0,1,1,7,100,1.176585222144,7,Typeb,Toyota,Food
2026-01-09 04:00:00,0.0,0.0,0.0,1,1,7,100,1.176585222144,7,Typeb,Toyota,Food
2026-01-09 05:00:00,0.0,0.0,0.0,1,1,7,100,1.176585222144,7,Typeb,Toyota,Food
2026-01-09 06:00:00,0.0,0.0,0.0,1,1,7,100,1.176585222144,7,Typeb,Toyota,Food
2026-01-09 07:00:00,5.693122118596446,1.3353806792749456,0.23456034342087212,0,0,7,0,1.137342385344,7,Typeb,Toyota,Food
2026-01-09 08:00:00,5.693122118596446,2.012480082351928,0.35349322224763285,0,0,7,0,1.137342385344,7,Typeb,Toyota,Food
2026-01-09 09:00:00,5.693122118596446,1.2999635474649738,0.22833930493404914,0,0,7,0,1.137342385344,7,Typeb,Toyota,Food
2026-01-09 10:00:00,5.693122118596446,1.9888457855941382,0.3493418451534039,0,0,7,0,1.137342385344,7,Typeb,Toyota,Food
2026-01-09 11:00:00,5.693122118596446,0.682330956077523,0.11985180395985279,0,0,7,0,1.137342385344,7,Typeb,Toyota,Food
2026-01-09 12:00:00,5.693122118596446,0.6475029090419169,0.1137342385344,0,0,7,0,1.137342385344,7,Typeb,Toyota,Food
2026-01-09 13:00:00,0.0,0.0,0.0,1,1,7,100,1.137342385344,7,Typeb,Toyota,Food
2026-01-09 14:00:00,4.473167378897208,1.7896784493570084,0.40009199248838007,0,0,7,0,1.137342385344,7,Typeb,Toyota,Food
2026-01-09 15:00:00,4.473167378897208,0.5087522856757919,0.1137342385344,0,0,7,0,1.137342385344,7,Typeb,Toyota,Food
2026-01-09 16:00:00,4.473167378897208,1.059521557212955,0.23686159436183768,0,0,7,0,1.137342385344,7,Typeb,Toyota,Food
2026-01-09 17:00:00,4.473167378897208,1.4201167400099126,0.3174745364346328,0,0,7,0,1.137342385344,7,Typeb,Toyota,Food
2026-01-09 18:00:00,4.473167378897208,2.2893852855410635,0.5118040734047999,0,0,7,0,1.137342385344,7,Typeb,Toyota,Food
2026-01-09 19:00:00,4.473167378897208,1.4734853946848538,0.3294053787560526,0,0,7,0,1.137342385344,7,Typeb,Toyota,Food
2026-01-09 20:00:00,4.473167378897208,0.7291220291423327,0.16299904908143337,0,0,7,0,1.137342385344,7,Typeb,Toyota,Food
2026-01-09 21:00:00,0.0,0.0,0.0,1,1,7,100,1.137342385344,7,Typeb,Toyota,Food
2026-01-09 22:00:00,0.0,0.0,0.0,1,1,7,100,1.137342385344,7,Typeb,Toyota,Food
2026-01-09 23:00:00,0.0,0.0,0.0,1,1,7,100,1.137342385344,7,Typeb,Toyota,Food
2026-01-10 00:00:00,0.0,0.0,0.0,1,1,7,100,1.137342385344,7,Typeb,Toyota,Food
2026-01-10 01:00:00,0.0,0.0,0.0,1,1,7,100,1.137342385344,7,Typeb,Toyota,Food
2026-01-10 02:00:00,0.0,0.0,0.0,1,1,7,100,1.137342385344,7,Typeb,Toyota,Food
2026-01-10 03:00:00,0.0,0.0,0.0,1,1,7,100,1.137342385344,7,Typeb,Toyota,Food
2026-01-10 04:00:00,0.0,0.0,0.0,1,1,7,100,1.137342385344,7,Typeb,Toyota,Food
2026-01-10 05:00:00,0.0,0.0,0.0,1,1,7,100,1.137342385344,7,Typeb,Toyota,Food
2026-01-10 06:00:00,0.0,0.0,0.0,1,1,7,100,1.137342385344,7,Typeb,Toyota,Food
2026-01-10 07:00:00,0.0,0.0,0.0,1,1,7,100,1.137342385344,7,Typeb,Toyota,Food
2026-01-10 08:00:00,0.0,0.0,0.0,1,1,7,100,1.137342385344,7,Typeb,Toyota,Food
2026-01-10 09:00:00,0.0,0.0,0.0,1,1,7,100,1.137342385344,7,Typeb,Toyota,Food
2026-01-10 10:00:00,10.909090909090908,5.839903832727273,0.535324518,0,0,7,0,1.18961004,7,Typeb,Toyota,Food
2026-01-10 11:00:00,10.909090909090908,5.360506783455895,0.49137978848345704,0,0,7,0,1.18961004,7,Typeb,Toyota,Food
2026-01-10 12:00:00,0.0,0.0,0.0,1,1,7,100,1.18961004,7,Typeb,Toyota,Food
2026-01-10 13:00:00,0.0,0.0,0.0,1,1,7,100,1.18961004,7,Typeb,Toyota,Food
2026-01-10 14:00:00,5.454545454545454,1.3454336902477755,0.2466628432120922,0,0,7,0,1.18961004,7,Typeb,Toyota,Food
2026-01-10 15:00:00,5.454545454545454,0.6488782036363636,0.11896100400000001,0,0,7,0,1.18961004,7,Typeb,Toyota,Food
2026-01-10 16:00:00,5.454545454545454,2.6007312528365354,0.4768007296866981,0,0,7,0,1.18961004,7,Typeb,Toyota,Food
2026-01-10 17:00:00,5.454545454545454,2.138719552282882,0.39209858458519514,0,0,7,0,1.18961004,7,Typeb,Toyota,Food
2026-01-10 18:00:00,5.454545454545454,2.1484267922369935,0.3938782452434488,0,0,7,0,1.18961004,7,Typeb,Toyota,Food
2026-01-10 19:00:00,0.0,0.0,0.0,1,1,7,100,1.18961004,7,Typeb,Toyota,Food
2026-01-10 20:00:00,0.0,0.0,0.0,1,1,7,100,1.18961004,7,Typeb,Toyota,Food
2026-01-10 21:00:00,0.0,0.0,0.0,1,1,7,100,1.18961004,7,Typeb,Toyota,Food
2026-01-10 22:00:00,0.0,0.0,0.0,1,1,7,100,1.18961004,7,Typeb,Toyota,Food
2026-01-10 23:00:00,0.0,0.0,0.0,1,1,7,100,1.18961004,7,Typeb,Toyota,Food
2026-01-11 00:00:00,0.0,0.0,0.0,1,1,7,100,1.18961004,7,Typeb,Toyota,Food
2026-01-11 01:00:00,0.0,0.0,0.0,1,1,7,100,1.18961004,7,Typeb,Toyota,Food
2026-01-11 02:00:00,0.0,0.0,0.0,1,1,7,100,1.18961004,7,Typeb,Toyota,Food
2026-01-11 03:00:00,0.0,0.0,0.0,1,1,7,100,1.18961004,7,Typeb,Toyota,Food
2026-01-11 04:00:00,0.0,0.0,0.0,1,1,7,100,1.18961004,7,Typeb,Toyota,Food
2026-01-11 05:00:00,0.0,0.0,0.0,1,1,7,100,1.18961004,7,Typeb,Toyota,Food
2026-01-11 06:00:00,0.0,0.0,0.0,1,1,7,100,1.18961004,7,Typeb,Toyota,Food
2026-01-11 07:00:00,5.714285714285714,0.6411825788822858,0.1122069513044,0,0,7,0,1.122069513044,7,Typeb,Toyota,Food
2026-01-11 08:00:00,5.714285714285714,1.8488092591169953,0.3235416203454742,0,0,7,0,1.122069513044,7,Typeb,Toyota,Food
2026-01-11 09:00:00,5.714285714285714,2.03136411022012,0.355488719288521,0,0,7,0,1.122069513044,7,Typeb,Toyota,Food
2026-01-11 10:00:00,5.714285714285714,0.9339231913128643,0.16343655847975125,0,0,7,0,1.122069513044,7,Typeb,Toyota,Food
2026-01-11 11:00:00,5.714285714285714,2.5384533826624383,0.44422934196592667,0,0,7,0,1.122069513044,7,Typeb,Toyota,Food
2026-01-11 12:00:00,5.714285714285714,2.34464208897277,0.41031236557023476,0,0,7,0,1.122069513044,7,Typeb,Toyota,Food
2026-01-11 13:00:00,4.444444444444445,1.2650369209130152,0.28463330720542845,0,0,7,0,1.122069513044,7,Typeb,Toyota,Food
2026-01-11 14:00:00,4.444444444444445,2.1260602925341745,0.47836356582018924,0,0,7,0,1.122069513044,7,Typeb,Toyota,Food
2026-01-11 15:00:00,4.444444444444445,1.576491275151171,0.35471053690901344,0,0,7,0,1.122069513044,7,Typeb,Toyota,Food
2026-01-11 16:00:00,4.444444444444445,2.162644059347378,0.48659491335316,0,0,7,0,1.122069513044,7,Typeb,Toyota,Food
2026-01-11 17:00:00,4.444444444444445,1.3977213004818934,0.314487292608426,0,0,7,0,1.122069513044,7,Typeb,Toyota,Food
2026-01-11 18:00:00,4.444444444444445,1.523192127611303,0.3427182287125432,0,0,7,0,1.122069513044,7,Typeb,Toyota,Food
2026-01-11 19:00:00,4.444444444444445,1.5166957615918641,0.34125654635816943,0,0,7,0,1.122069513044,7,Typeb,Toyota,Food
2026-01-11 20:00:00,0.0,0.0,0.0,1,1,7,100,1.122069513044,7,Typeb,Toyota,Food
2026-01-11 21:00:00,0.0,0.0,0.0,1,1,7,100,1.122069513044,7,Typeb,Toyota,Food
2026-01-11 22:00:00,0.0,0.0,0.0,1,1,7,100,1.122069513044,7,Typeb,Toyota,Food
2026-01-11 23:00:00,0.0,0.0,0.0,1,1,7,100,1.122069513044,7,Typeb,Toyota,Food
2026-01-12 00:00:00,0.0,0.0,0.0,1,1,7,100,1.122069513044,7,Typeb,Toyota,Food
2026-01-12 01:00:00,0.0,0.0,0.0,1,1,7,100,1.122069513044,7,Typeb,Toyota,Food
2026-01-12 02:00:00,0.0,0.0,0.0,1,1,7,100,1.122069513044,7,Typeb,Toyota,Food
2026-01-12 03:00:00,0.0,0.0,0.0,1,1,7,100,1.122069513044,7,Typeb,Toyota,Food
2026-01-12 04:00:00,0.0,0.0,0.0,1,1,7,100,1.122069513044,7,Typeb,Toyota,Food
2026-01-12 05:00:00,4.0,1.4968863907848269,0.3742215976962067,0,0,7,0,1.119889326784,7,Typeb,Toyota,Food
2026-01-12 06:00:00,4.0,0.7320623818776977,0.18301559546942442,0,0,7,0,1.119889326784,7,Typeb,Toyota,Food
2026-01-12 07:00:00,4.0,2.0158007882112,0.5039501970528,0,0,7,0,1.119889326784,7,Typeb,Toyota,Food
2026-01-12 08:00:00,4.0,0.4479557307136,0.1119889326784,0,0,7,0,1.119889326784,7,Typeb,Toyota,Food
2026-01-12 09:00:00,4.0,0.9103715054848918,0.22759287637122294,0,0,7,0,1.119889326784,7,Typeb,Toyota,Food
2026-01-12 10:00:00,4.0,0.6172666150281589,0.15431665375703973,0,0,7,0,1.119889326784,7,Typeb,Toyota,Food
2026-01-12 11:00:00,4.0,1.6194766823425433,0.4048691705856358,0,0,7,0,1.119889326784,7,Typeb,Toyota,Food
2026-01-12 12:00:00,4.0,0.7103776322976671,0.1775944080744168,0,0,7,0,1.119889326784,7,Typeb,Toyota,Food
2026-01-12 13:00:00,4.8,0.53754687685632,0.1119889326784,0,0,7,0,1.119889326784,7,Typeb,Toyota,Food
2026-01-12 14:00:00,4.8,1.42763714267494,0.2974244047239458,0,0,7,0,1.119889326784,7,Typeb,Toyota,Food
2026-01-12 15:00:00,4.8,1.7744365927566397,0.36967429015763326,0,0,7,0,1.119889326784,7,Typeb,Toyota,Food
2026-01-12 16:00:00,4.8,1.6711560574829465,0.3481575119756139,0,0,7,0,1.119889326784,7,Typeb,Toyota,Food
2026-01-12 17:00:00,4.8,2.4189609458534402,0.5039501970528,0,0,7,0,1.119889326784,7,Typeb,Toyota,Food
2026-01-12 18:00:00,4.8,2.270911107620841,0.473106480754342,0,0,7,0,1.119889326784,7,Typeb,Toyota,Food
2026-01-12 19:00:00,4.8,0.9598787613078279,0.1999747419391308,0,0,7,0,1.119889326784,7,Typeb,Toyota,Food
2026-01-12 20:00:00,0.0,0.0,0.0,1,1,7,100,1.119889326784,7,Typeb,Toyota,Food
2026-01-12 21:00:00,0.0,0.0,0.0,1,1,7,100,1.119889326784,7,Typeb,Toyota,Food
2026-01-12 22:00:00,0.0,0.0,0.0,1,1,7,100,1.119889326784,7,Typeb,Toyota,Food
2026-01-12 23:00:00,0.0,0.0,0.0,1,1,7,100,1.119889326784,7,Typeb,Toyota,Food
2026-01-13 00:00:00,0.0,0.0,0.0,1,1,7,100,1.119889326784,7,Typeb,Toyota,Food
2026-01-13 01:00:00,0.0,0.0,0.0,1,1,7,100,1.119889326784,7,Typeb,Toyota,Food
2026-01-13 02:00:00,0.0,0.0,0.0,1,1,7,100,1.119889326784,7,Typeb,Toyota,Food
2026-01-13 03:00:00,0.0,0.0,0.0,1,1,7,100,1.119889326784,7,Typeb,Toyota,Food
2026-01-13 04:00:00,0.0,0.0,0.0,1,1,7,100,1.119889326784,7,Typeb,Toyota,Food
2026-01-13 05:00:00,0.0,0.0,0.0,1,1,7,100,1.119889326784,7,Typeb,Toyota,Food
2026-01-13 06:00:00,5.810393317015568,0.8581865617597049,0.1476985317407912,0,0,7,0,1.12425024,7,Typeb,Toyota,Food
2026-01-13 07:00:00,5.810393317015568,1.4898366611190812,0.25640891757811607,0,0,7,0,1.12425024,7,Typeb,Toyota,Food
2026-01-13 08:00:00,5.810393317015568,2.4594632542055095,0.4232868792209028,0,0,7,0,1.12425024,7,Typeb,Toyota,Food
2026-01-13 09:00:00,5.810393317015568,1.4489978395988334,0.24938033632860712,0,0,7,0,1.12425024,7,Typeb,Toyota,Food
2026-01-13 10:00:00,5.810393317015568,1.8895430354648133,0.32520053847840924,0,0,7,0,1.12425024,7,Typeb,Toyota,Food
2026-01-13 11:00:00,5.810393317015568,0.6532336081149149,0.11242502400000001,0,0,7,0,1.12425024,7,Typeb,Toyota,Food
2026-01-13 12:00:00,0.0,0.0,0.0,1,1,7,100,1.12425024,7,Typeb,Toyota,Food
2026-01-13 13:00:00,5.345561851654322,0.6009749194657217,0.11242502400000001,0,0,7,0,1.12425024,7,Typeb,Toyota,Food
2026-01-13 14:00:00,5.345561851654322,0.7625371722625457,0.14264864824762227,0,0,7,0,1.12425024,7,Typeb,Toyota,Food
2026-01-13 15:00:00,5.345561851654322,0.6009749194657217,0.11242502400000001,0,0,7,0,1.12425024,7,Typeb,Toyota,Food
2026-01-13 16:00:00,5.345561851654322,2.19554138951537,0.4107222870942749,0,0,7,0,1.12425024,7,Typeb,Toyota,Food
2026-01-13 17:00:00,5.345561851654322,2.027900645781907,0.37936155301510927,0,0,7,0,1.12425024,7,Typeb,Toyota,Food
2026-01-13 18:00:00,5.345561851654322,1.2962722301027518,0.24249503907649797,0,0,7,0,1.12425024,7,Typeb,Toyota,Food
2026-01-13 19:00:00,0.0,0.0,0.0,1,1,7,100,1.12425024,7,Typeb,Toyota,Food
2026-01-13 20:00:00,0.0,0.0,0.0,1,1,7,100,1.12425024,7,Typeb,Toyota,Food
2026-01-13 21:00:00,0.0,0.0,0.0,1,1,7,100,1.12425024,7,Typeb,Toyota,Food
2026-01-13 22:00:00,0.0,0.0,0.0,1,1,7,100,1.12425024,7,Typeb,Toyota,Food
2026-01-13 23:00:00,0.0,0.0,0.0,1,1,7,100,1.12425024,7,Typeb,Toyota,Food
2026-01-14 00:00:00,0.0,0.0,0.0,1,1,7,100,1.12425024,7,Typeb,Toyota,Food
2026-01-14 01:00:00,0.0,0.0,0.0,1,1,7,100,1.12425024,7,Typeb,Toyota,Food
2026-01-14 02:00:00,0.0,0.0,0.0,1,1,7,100,1.12425024,7,Typeb,Toyota,Food
2026-01-14 03:00:00,0.0,0.0,0.0,1,1,7,100,1.12425024,7,Typeb,Toyota,Food
2026-01-14 04:00:00,0.0,0.0,0.0,1,1,7,100,1.12425024,7,Typeb,Toyota,Food
2026-01-14 05:00:00,0.0,0.0,0.0,1,1,7,100,1.12425024,7,Typeb,Toyota,Food
2026-01-14 06:00:00,8.632327048161601,2.9862175561514537,0.3459342468711747,0,0,7,0,1.102475,7,Typeb,Toyota,Food
2026-01-14 07:00:00,8.632327048161601,0.9734431901825356,0.1127671814044449,0,0,7,0,1.102475,7,Typeb,Toyota,Food
2026-01-14 08:00:00,8.632327048161601,2.317766682856289,0.26849847902251295,0,0,7,0,1.102475,7,Typeb,Toyota,Food
2026-01-14 09:00:00,8.632327048161601,0.9516924762421962,0.11024750000000001,0,0,7,0,1.102475,7,Typeb,Toyota,Food
2026-01-14 10:00:00,8.632327048161601,1.7297842546864934,0.2003844670198032,0,0,7,0,1.102475,7,Typeb,Toyota,Food
2026-01-14 11:00:00,8.632327048161601,4.226603167741479,0.4896250042613487,0,0,7,0,1.102475,7,Typeb,Toyota,Food
2026-01-14 12:00:00,0.0,0.0,0.0,1,1,7,100,1.102475,7,Typeb,Toyota,Food
2026-01-14 13:00:00,8.632327048161601,1.0583940083210026,0.12260819155900787,0,0,7,0,1.102475,7,Typeb,Toyota,Food
2026-01-14 14:00:00,8.632327048161601,2.0194110391447397,0.23393588170119287,0,0,7,0,1.102475,7,Typeb,Toyota,Food
2026-01-14 15:00:00,8.632327048161601,4.282616143089883,0.4961137500000001,0,0,7,0,1.102475,7,Typeb,Toyota,Food
2026-01-14 16:00:00,8.632327048161601,2.186978200227617,0.2533474679569017,0,0,7,0,1.102475,7,Typeb,Toyota,Food
2026-01-14 17:00:00,8.632327048161601,4.282616143089883,0.4961137500000001,0,0,7,0,1.102475,7,Typeb,Toyota,Food
2026-01-14 18:00:00,8.632327048161601,2.4041675662928994,0.27850746998805004,0,0,7,0,1.102475,7,Typeb,Toyota,Food
2026-01-14 19:00:00,0.0,0.0,0.0,1,1,7,100,1.102475,7,Typeb,Toyota,Food
2026-01-14 20:00:00,0.0,0.0,0.0,1,1,7,100,1.102475,7,Typeb,Toyota,Food
2026-01-14 21:00:00,0.0,0.0,0.0,1,1,7,100,1.102475,7,Typeb,Toyota,Food
2026-01-14 22:00:00,0.0,0.0,0.0,1,1,7,100,1.102475,7,Typeb,Toyota,Food
2026-01-14 23:00:00,0.0,0.0,0.0,1,1,7,100,1.102475,7,Typeb,Toyota,Food
2026-01-01 00:00:00,0.0,0.0,0.0,1,1,8,100,1.0,8,Typeb,Toyota,Food
2026-01-01 01:00:00,0.0,0.0,0.0,1,1,8,100,1.0,8,Typeb,Toyota,Food
2026-01-01 02:00:00,0.0,0.0,0.0,1,1,8,100,1.0,8,Typeb,Toyota,Food
2026-01-01 03:00:00,0.0,0.0,0.0,1,1,8,100,1.0,8,Typeb,Toyota,Food
2026-01-01 04:00:00,0.0,0.0,0.0,1,1,8,100,1.0,8,Typeb,Toyota,Food
2026-01-01 05:00:00,0.0,0.0,0.0,1,1,8,100,1.0,8,Typeb,Toyota,Food
2026-01-01 06:00:00,7.913848146330145,3.0156735604485516,0.38106285396024403,0,0,8,0,1.1329772784640002,8,Typeb,Toyota,Food
2026-01-01 07:00:00,7.913848146330145,1.2109606622565663,0.15301793007212552,0,0,8,0,1.1329772784640002,8,Typeb,Toyota,Food
2026-01-01 08:00:00,7.913848146330145,1.5435671569263432,0.19504634513894925,0,0,8,0,1.1329772784640002,8,Typeb,Toyota,Food
2026-01-01 09:00:00,7.913848146330145,1.1501769989768502,0.14533725915757137,0,0,8,0,1.1329772784640002,8,Typeb,Toyota,Food
2026-01-01 10:00:00,7.913848146330145,1.9881529195165728,0.25122454749634415,0,0,8,0,1.1329772784640002,8,Typeb,Toyota,Food
2026-01-01 11:00:00,7.913848146330145,3.1695567122020534,0.4005076485668806,0,0,8,0,1.1329772784640002,8,Typeb,Toyota,Food
2026-01-01 12:00:00,7.913848146330145,2.5835979585005466,0.3264654452206829,0,0,8,0,1.1329772784640002,8,Typeb,Toyota,Food
2026-01-01 13:00:00,7.147991874104647,1.5654590534699055,0.21900683171467564,0,0,8,0,1.1329772784640002,8,Typeb,Toyota,Food
2026-01-01 14:00:00,7.147991874104647,2.5146968632548568,0.351804661721142,0,0,8,0,1.1329772784640002,8,Typeb,Toyota,Food
2026-01-01 15:00:00,7.147991874104647,1.703976365238617,0.2383853248926722,0,0,8,0,1.1329772784640002,8,Typeb,Toyota,Food
2026-01-01 16:00:00,7.147991874104647,2.0354705826820507,0.28476117747923607,0,0,8,0,1.1329772784640002,8,Typeb,Toyota,Food
2026-01-01 17:00:00,7.147991874104647,2.631696396861329,0.3681728299657551,0,0,8,0,1.1329772784640002,8,Typeb,Toyota,Food
2026-01-01 18:00:00,7.147991874104647,0.8098512380005871,0.11329772784640002,0,0,8,0,1.1329772784640002,8,Typeb,Toyota,Food
2026-01-01 19:00:00,7.147991874104647,2.120956256160148,0.29672057460555207,0,0,8,0,1.1329772784640002,8,Typeb,Toyota,Food
2026-01-01 20:00:00,7.147991874104647,3.337221754204058,0.4668754264108724,0,0,8,0,1.1329772784640002,8,Typeb,Toyota,Food
2026-01-01 21:00:00,0.0,0.0,0.0,1,1,8,100,1.1329772784640002,8,Typeb,Toyota,Food
2026-01-01 22:00:00,0.0,0.0,0.0,1,1,8,100,1.1329772784640002,8,Typeb,Toyota,Food
2026-01-01 23:00:00,0.0,0.0,0.0,1,1,8,100,1.1329772784640002,8,Typeb,Toyota,Food
2026-01-02 00:00:00,0.0,0.0,0.0,1,1,8,100,1.1329772784640002,8,Typeb,Toyota,Food
2026-01-02 01:00:00,0.0,0.0,0.0,1,1,8,100,1.1329772784640002,8,Typeb,Toyota,Food
2026-01-02 02:00:00,0.0,0.0,0.0,1,1,8,100,1.1329772784640002,8,Typeb,Toyota,Food
2026-01-02 03:00:00,0.0,0.0,0.0,1,1,8,100,1.1329772784640002,8,Typeb,Toyota,Food
2026-01-02 04:00:00,0.0,0.0,0.0,1,1,8,100,1.1329772784640002,8,Typeb,Toyota,Food
2026-01-02 05:00:00,0.0,0.0,0.0,1,1,8,100,1.1329772784640002,8,Typeb,Toyota,Food
2026-01-02 06:00:00,0.0,0.0,0.0,1,1,8,100,1.1329772784640002,8,Typeb,Toyota,Food
2026-01-02 07:00:00,0.0,0.0,0.0,1,1,8,100,1.1329772784640002,8,Typeb,Toyota,Food
2026-01-02 08:00:00,9.206722218225451,3.229380003667429,0.35076327134912466,0,0,8,0,1.23259004,8,Typeb,Toyota,Food
2026-01-02 09:00:00,9.206722218225451,3.2269806860638046,0.35050266637519867,0,0,8,0,1.23259004,8,Typeb,Toyota,Food
2026-01-02 10:00:00,9.206722218225451,1.13481141072314,0.123259004,0,0,8,0,1.23259004,8,Typeb,Toyota,Food
2026-01-02 11:00:00,9.206722218225451,3.902690042410936,0.42389570901631474,0,0,8,0,1.23259004,8,Typeb,Toyota,Food
2026-01-02 12:00:00,0.0,0.0,0.0,1,1,8,100,1.23259004,8,Typeb,Toyota,Food
2026-01-02 13:00:00,0.0,0.0,0.0,1,1,8,100,1.23259004,8,Typeb,Toyota,Food
2026-01-02 14:00:00,5.91860714028779,3.282847295306226,0.5546655180000001,0,0,8,0,1.23259004,8,Typeb,Toyota,Food
2026-01-02 15:00:00,5.91860714028779,1.3515900540381023,0.22836286004486891,0,0,8,0,1.23259004,8,Typeb,Toyota,Food
2026-01-02 16:00:00,5.91860714028779,1.9562206155806772,0.3305204365170209,0,0,8,0,1.23259004,8,Typeb,Toyota,Food
2026-01-02 17:00:00,5.91860714028779,1.826453491624974,0.30859515563929846,0,0,8,0,1.23259004,8,Typeb,Toyota,Food
2026-01-02 18:00:00,5.91860714028779,1.863232987294687,0.31480937036886825,0,0,8,0,1.23259004,8,Typeb,Toyota,Food
2026-01-02 19:00:00,5.91860714028779,2.690238073499189,0.45453905112012166,0,0,8,0,1.23259004,8,Typeb,Toyota,Food
2026-01-02 20:00:00,5.91860714028779,2.227752252162694,0.3763980611246265,0,0,8,0,1.23259004,8,Typeb,Toyota,Food
2026-01-02 21:00:00,0.0,0.0,0.0,1,1,8,100,1.23259004,8,Typeb,Toyota,Food
2026-01-02 22:00:00,0.0,0.0,0.0,1,1,8,100,1.23259004,8,Typeb,Toyota,Food
2026-01-02 23:00:00,0.0,0.0,0.0,1,1,8,100,1.23259004,8,Typeb,Toyota,Food
2026-01-03 00:00:00,0.0,0.0,0.0,1,1,8,100,1.23259004,8,Typeb,Toyota,Food
2026-01-03 01:00:00,0.0,0.0,0.0,1,1,8,100,1.23259004,8,Typeb,Toyota,Food
2026-01-03 02:00:00,0.0,0.0,0.0,1,1,8,100,1.23259004,8,Typeb,Toyota,Food
2026-01-03 03:00:00,0.0,0.0,0.0,1,1,8,100,1.23259004,8,Typeb,Toyota,Food
2026-01-03 04:00:00,0.0,0.0,0.0,1,1,8,100,1.23259004,8,Typeb,Toyota,Food
2026-01-03 05:00:00,0.0,0.0,0.0,1,1,8,100,1.23259004,8,Typeb,Toyota,Food
2026-01-03 06:00:00,0.0,0.0,0.0,1,1,8,100,1.23259004,8,Typeb,Toyota,Food
2026-01-03 07:00:00,0.0,0.0,0.0,1,1,8,100,1.23259004,8,Typeb,Toyota,Food
2026-01-03 08:00:00,0.0,0.0,0.0,1,1,8,100,1.23259004,8,Typeb,Toyota,Food
2026-01-03 09:00:00,0.0,0.0,0.0,1,1,8,100,1.23259004,8,Typeb,Toyota,Food
2026-01-03 10:00:00,0.0,0.0,0.0,1,1,8,100,1.23259004,8,Typeb,Toyota,Food
2026-01-03 11:00:00,20.0,4.3717274425429595,0.218586372127148,0,0,8,0,1.209049010004,8,Typeb,Toyota,Food
2026-01-03 12:00:00,20.0,3.1943893515343245,0.1597194675767162,0,0,8,0,1.209049010004,8,Typeb,Toyota,Food
2026-01-03 13:00:00,0.0,0.0,0.0,1,1,8,100,1.209049010004,8,Typeb,Toyota,Food
2026-01-03 14:00:00,5.454545454545454,1.254613585065536,0.23001249059534828,0,0,8,0,1.209049010004,8,Typeb,Toyota,Food
2026-01-03 15:00:00,5.454545454545454,2.225925332116415,0.40808631088800945,0,0,8,0,1.209049010004,8,Typeb,Toyota,Food
2026-01-03 16:00:00,5.454545454545454,2.851373418955206,0.5227517934751211,0,0,8,0,1.209049010004,8,Typeb,Toyota,Food
2026-01-03 17:00:00,5.454545454545454,1.6367251596120422,0.3000662792622078,0,0,8,0,1.209049010004,8,Typeb,Toyota,Food
2026-01-03 18:00:00,5.454545454545454,0.6594812781839999,0.1209049010004,0,0,8,0,1.209049010004,8,Typeb,Toyota,Food
2026-01-03 19:00:00,0.0,0.0,0.0,1,1,8,100,1.209049010004,8,Typeb,Toyota,Food
2026-01-03 20:00:00,0.0,0.0,0.0,1,1,8,100,1.209049010004,8,Typeb,Toyota,Food
2026-01-03 21:00:00,0.0,0.0,0.0,1,1,8,100,1.209049010004,8,Typeb,Toyota,Food
2026-01-03 22:00:00,0.0,0.0,0.0,1,1,8,100,1.209049010004,8,Typeb,Toyota,Food
2026-01-03 23:00:00,0.0,0.0,0.0,1,1,8,100,1.209049010004,8,Typeb,Toyota,Food
2026-01-04 00:00:00,0.0,0.0,0.0,1,1,8,100,1.209049010004,8,Typeb,Toyota,Food
2026-01-04 01:00:00,0.0,0.0,0.0,1,1,8,100,1.209049010004,8,Typeb,Toyota,Food
2026-01-04 02:00:00,0.0,0.0,0.0,1,1,8,100,1.209049010004,8,Typeb,Toyota,Food
2026-01-04 03:00:00,0.0,0.0,0.0,1,1,8,100,1.209049010004,8,Typeb,Toyota,Food
2026-01-04 04:00:00,0.0,0.0,0.0,1,1,8,100,1.209049010004,8,Typeb,Toyota,Food
2026-01-04 05:00:00,0.0,0.0,0.0,1,1,8,100,1.209049010004,8,Typeb,Toyota,Food
2026-01-04 06:00:00,0.0,0.0,0.0,1,1,8,100,1.209049010004,8,Typeb,Toyota,Food
2026-01-04 07:00:00,0.0,0.0,0.0,1,1,8,100,1.209049010004,8,Typeb,Toyota,Food
2026-01-04 08:00:00,7.0588235294117645,3.3287960613520884,0.4715794420248792,0,0,8,0,1.3050301525,8,Typeb,Toyota,Food
2026-01-04 09:00:00,7.0588235294117645,0.9211977547058825,0.13050301525000002,0,0,8,0,1.3050301525,8,Typeb,Toyota,Food
2026-01-04 10:00:00,7.0588235294117645,1.8892936918938912,0.2676499396849679,0,0,8,0,1.3050301525,8,Typeb,Toyota,Food
2026-01-04 11:00:00,7.0588235294117645,3.7598846141222184,0.532650320333981,0,0,8,0,1.3050301525,8,Typeb,Toyota,Food
2026-01-04 12:00:00,0.0,0.0,0.0,1,1,8,100,1.3050301525,8,Typeb,Toyota,Food
2026-01-04 13:00:00,0.0,0.0,0.0,1,1,8,100,1.3050301525,8,Typeb,Toyota,Food
2026-01-04 14:00:00,6.0,0.9757113300476566,0.16261855500794276,0,0,8,0,1.3050301525,8,Typeb,Toyota,Food
2026-01-04 15:00:00,6.0,0.7830180915000001,0.13050301525000002,0,0,8,0,1.3050301525,8,Typeb,Toyota,Food
2026-01-04 16:00:00,6.0,0.8851994153767213,0.14753323589612022,0,0,8,0,1.3050301525,8,Typeb,Toyota,Food
2026-01-04 17:00:00,6.0,2.370664813300555,0.3951108022167591,0,0,8,0,1.3050301525,8,Typeb,Toyota,Food
2026-01-04 18:00:00,6.0,3.5235814117500004,0.5872635686250001,0,0,8,0,1.3050301525,8,Typeb,Toyota,Food
2026-01-04 19:00:00,0.0,0.0,0.0,1,1,8,100,1.3050301525,8,Typeb,Toyota,Food
2026-01-04 20:00:00,0.0,0.0,0.0,1,1,8,100,1.3050301525,8,Typeb,Toyota,Food
2026-01-04 21:00:00,0.0,0.0,0.0,1,1,8,100,1.3050301525,8,Typeb,Toyota,Food
2026-01-04 22:00:00,0.0,0.0,0.0,1,1,8,100,1.3050301525,8,Typeb,Toyota,Food
2026-01-04 23:00:00,0.0,0.0,0.0,1,1,8,100,1.3050301525,8,Typeb,Toyota,Food
2026-01-05 00:00:00,0.0,0.0,0.0,1,1,8,100,1.3050301525,8,Typeb,Toyota,Food
2026-01-05 01:00:00,0.0,0.0,0.0,1,1,8,100,1.3050301525,8,Typeb,Toyota,Food
2026-01-05 02:00:00,0.0,0.0,0.0,1,1,8,100,1.3050301525,8,Typeb,Toyota,Food
2026-01-05 03:00:00,0.0,0.0,0.0,1,1,8,100,1.3050301525,8,Typeb,Toyota,Food
2026-01-05 04:00:00,0.0,0.0,0.0,1,1,8,100,1.3050301525,8,Typeb,Toyota,Food
2026-01-05 05:00:00,0.0,0.0,0.0,1,1,8,100,1.3050301525,8,Typeb,Toyota,Food
2026-01-05 06:00:00,6.39740424919036,1.9361962159401864,0.3026534107462768,0,0,8,0,1.226197579604,8,Typeb,Toyota,Food
2026-01-05 07:00:00,6.39740424919036,2.014496240982089,0.3148927537660354,0,0,8,0,1.226197579604,8,Typeb,Toyota,Food
2026-01-05 08:00:00,6.39740424919036,3.5300167227475043,0.5517889108218,0,0,8,0,1.226197579604,8,Typeb,Toyota,Food
2026-01-05 09:00:00,6.39740424919036,3.500069294818459,0.5471077265847972,0,0,8,0,1.226197579604,8,Typeb,Toyota,Food
2026-01-05 10:00:00,6.39740424919036,1.919866212436194,0.3001008124004619,0,0,8,0,1.226197579604,8,Typeb,Toyota,Food
2026-01-05 11:00:00,6.39740424919036,2.4803890628807594,0.3877180441105737,0,0,8,0,1.226197579604,8,Typeb,Toyota,Food
2026-01-05 12:00:00,0.0,0.0,0.0,1,1,8,100,1.226197579604,8,Typeb,Toyota,Food
2026-01-05 13:00:00,5.159196975153516,2.2456994628077074,0.43528081475138575,0,0,8,0,1.226197579604,8,Typeb,Toyota,Food
2026-01-05 14:00:00,5.159196975153516,1.763821387670289,0.34187905524150014,0,0,8,0,1.226197579604,8,Typeb,Toyota,Food
2026-01-05 15:00:00,5.159196975153516,2.0365195177538458,0.39473575588636006,0,0,8,0,1.226197579604,8,Typeb,Toyota,Food
2026-01-05 16:00:00,5.159196975153516,2.1409460625910492,0.4149766083562538,0,0,8,0,1.226197579604,8,Typeb,Toyota,Food
2026-01-05 17:00:00,5.159196975153516,0.632619484363352,0.12261975796040002,0,0,8,0,1.226197579604,8,Typeb,Toyota,Food
2026-01-05 18:00:00,5.159196975153516,2.692181602337252,0.5218218291146256,0,0,8,0,1.226197579604,8,Typeb,Toyota,Food
2026-01-05 19:00:00,5.159196975153516,1.050544652575034,0.20362561414778585,0,0,8,0,1.226197579604,8,Typeb,Toyota,Food
2026-01-05 20:00:00,5.159196975153516,1.7481703816384553,0.3388454424317531,0,0,8,0,1.226197579604,8,Typeb,Toyota,Food
2026-01-05 21:00:00,0.0,0.0,0.0,1,1,8,100,1.226197579604,8,Typeb,Toyota,Food
2026-01-05 22:00:00,0.0,0.0,0.0,1,1,8,100,1.226197579604,8,Typeb,Toyota,Food
2026-01-05 23:00:00,0.0,0.0,0.0,1,1,8,100,1.226197579604,8,Typeb,Toyota,Food
2026-01-06 00:00:00,0.0,0.0,0.0,1,1,8,100,1.226197579604,8,Typeb,Toyota,Food
2026-01-06 01:00:00,0.0,0.0,0.0,1,1,8,100,1.226197579604,8,Typeb,Toyota,Food
2026-01-06 02:00:00,0.0,0.0,0.0,1,1,8,100,1.226197579604,8,Typeb,Toyota,Food
2026-01-06 03:00:00,0.0,0.0,0.0,1,1,8,100,1.226197579604,8,Typeb,Toyota,Food
2026-01-06 04:00:00,0.0,0.0,0.0,1,1,8,100,1.226197579604,8,Typeb,Toyota,Food
2026-01-06 05:00:00,0.0,0.0,0.0,1,1,8,100,1.226197579604,8,Typeb,Toyota,Food
2026-01-06 06:00:00,8.726566983726219,3.632201316407218,0.4162233926790165,0,0,8,0,1.3306301459840002,8,Typeb,Toyota,Food
2026-01-06 07:00:00,8.726566983726219,4.04006279611427,0.46296130009067726,0,0,8,0,1.3306301459840002,8,Typeb,Toyota,Food
2026-01-06 08:00:00,8.726566983726219,4.629062804679899,0.5304563424898279,0,0,8,0,1.3306301459840002,8,Typeb,Toyota,Food
2026-01-06 09:00:00,8.726566983726219,3.3323374474965934,0.38186121228553216,0,0,8,0,1.3306301459840002,8,Typeb,Toyota,Food
2026-01-06 10:00:00,8.726566983726219,4.164290438610398,0.4771968686398896,0,0,8,0,1.3306301459840002,8,Typeb,Toyota,Food
2026-01-06 11:00:00,8.726566983726219,4.060351653293844,0.46528625298651927,0,0,8,0,1.3306301459840002,8,Typeb,Toyota,Food
2026-01-06 12:00:00,0.0,0.0,0.0,1,1,8,100,1.3306301459840002,8,Typeb,Toyota,Food
2026-01-06 13:00:00,7.7915776640412675,1.823341401486231,0.2340144037710222,0,0,8,0,1.3306301459840002,8,Typeb,Toyota,Food
2026-01-06 14:00:00,7.7915776640412675,2.608103495720853,0.33473368400824033,0,0,8,0,1.3306301459840002,8,Typeb,Toyota,Food
2026-01-06 15:00:00,7.7915776640412675,1.0367708124548909,0.13306301459840003,0,0,8,0,1.3306301459840002,8,Typeb,Toyota,Food
2026-01-06 16:00:00,7.7915776640412675,2.3636255014533356,0.30335647071345384,0,0,8,0,1.3306301459840002,8,Typeb,Toyota,Food
2026-01-06 17:00:00,7.7915776640412675,4.6654686560470084,0.5987835656928001,0,0,8,0,1.3306301459840002,8,Typeb,Toyota,Food
2026-01-06 18:00:00,7.7915776640412675,3.6972930535518844,0.4745243149683507,0,0,8,0,1.3306301459840002,8,Typeb,Toyota,Food
2026-01-06 19:00:00,7.7915776640412675,4.4104003659935636,0.5660471545253154,0,0,8,0,1.3306301459840002,8,Typeb,Toyota,Food
2026-01-06 20:00:00,0.0,0.0,0.0,1,1,8,100,1.3306301459840002,8,Typeb,Toyota,Food
2026-01-06 21:00:00,0.0,0.0,0.0,1,1,8,100,1.3306301459840002,8,Typeb,Toyota,Food
2026-01-06 22:00:00,0.0,0.0,0.0,1,1,8,100,1.3306301459840002,8,Typeb,Toyota,Food
2026-01-06 23:00:00,0.0,0.0,0.0,1,1,8,100,1.3306301459840002,8,Typeb,Toyota,Food
2026-01-07 00:00:00,0.0,0.0,0.0,1,1,8,100,1.3306301459840002,8,Typeb,Toyota,Food
2026-01-07 01:00:00,0.0,0.0,0.0,1,1,8,100,1.3306301459840002,8,Typeb,Toyota,Food
2026-01-07 02:00:00,0.0,0.0,0.0,1,1,8,100,1.3306301459840002,8,Typeb,Toyota,Food
2026-01-07 03:00:00,0.0,0.0,0.0,1,1,8,100,1.3306301459840002,8,Typeb,Toyota,Food
2026-01-07 04:00:00,0.0,0.0,0.0,1,1,8,100,1.3306301459840002,8,Typeb,Toyota,Food
2026-01-07 05:00:00,0.0,0.0,0.0,1,1,8,100,1.3306301459840002,8,Typeb,Toyota,Food
2026-01-07 06:00:00,0.0,0.0,0.0,1,1,8,100,1.3306301459840002,8,Typeb,Toyota,Food
2026-01-07 07:00:00,9.59014148966449,1.7406885400976244,0.18150811872521416,0,0,8,0,1.282756305344,8,Typeb,Toyota,Food
2026-01-07 08:00:00,9.59014148966449,2.633046575164271,0.27455763588075993,0,0,8,0,1.282756305344,8,Typeb,Toyota,Food
2026-01-07 09:00:00,9.59014148966449,2.207424978420371,0.23017647662439206,0,0,8,0,1.282756305344,8,Typeb,Toyota,Food
2026-01-07 10:00:00,9.59014148966449,3.6430821981246475,0.3798778362186709,0,0,8,0,1.282756305344,8,Typeb,Toyota,Food
2026-01-07 11:00:00,9.59014148966449,4.877859959925588,0.5086327417778524,0,0,8,0,1.282756305344,8,Typeb,Toyota,Food
2026-01-07 12:00:00,0.0,0.0,0.0,1,1,8,100,1.282756305344,8,Typeb,Toyota,Food
2026-01-07 13:00:00,0.0,0.0,0.0,1,1,8,100,1.282756305344,8,Typeb,Toyota,Food
2026-01-07 14:00:00,7.745883510882857,3.4825526001048077,0.44960043553609746,0,0,8,0,1.282756305344,8,Typeb,Toyota,Food
2026-01-07 15:00:00,7.745883510882857,4.471236411320298,0.5772403374048001,0,0,8,0,1.282756305344,8,Typeb,Toyota,Food
2026-01-07 16:00:00,7.745883510882857,3.797518246719732,0.4902627623284384,0,0,8,0,1.282756305344,8,Typeb,Toyota,Food
2026-01-07 17:00:00,7.745883510882857,1.5773629403859613,0.20363886678256762,0,0,8,0,1.282756305344,8,Typeb,Toyota,Food
2026-01-07 18:00:00,7.745883510882857,2.4647288084470507,0.31819853796976694,0,0,8,0,1.282756305344,8,Typeb,Toyota,Food
2026-01-07 19:00:00,7.745883510882857,2.1265287108505575,0.27453662424213,0,0,8,0,1.282756305344,8,Typeb,Toyota,Food
2026-01-07 20:00:00,0.0,0.0,0.0,1,1,8,100,1.282756305344,8,Typeb,Toyota,Food
2026-01-07 21:00:00,0.0,0.0,0.0,1,1,8,100,1.282756305344,8,Typeb,Toyota,Food
2026-01-07 22:00:00,0.0,0.0,0.0,1,1,8,100,1.282756305344,8,Typeb,Toyota,Food
2026-01-07 23:00:00,0.0,0.0,0.0,1,1,8,100,1.282756305344,8,Typeb,Toyota,Food
2026-01-08 00:00:00,0.0,0.0,0.0,1,1,8,100,1.282756305344,8,Typeb,Toyota,Food
2026-01-08 01:00:00,0.0,0.0,0.0,1,1,8,100,1.282756305344,8,Typeb,Toyota,Food
2026-01-08 02:00:00,0.0,0.0,0.0,1,1,8,100,1.282756305344,8,Typeb,Toyota,Food
2026-01-08 03:00:00,0.0,0.0,0.0,1,1,8,100,1.282756305344,8,Typeb,Toyota,Food
2026-01-08 04:00:00,0.0,0.0,0.0,1,1,8,100,1.282756305344,8,Typeb,Toyota,Food
2026-01-08 05:00:00,0.0,0.0,0.0,1,1,8,100,1.282756305344,8,Typeb,Toyota,Food
2026-01-08 06:00:00,5.06592458571178,1.1092408896336894,0.21896119274302958,0,0,8,0,1.176585222144,8,Typeb,Toyota,Food
2026-01-08 07:00:00,5.06592458571178,0.5960492004044448,0.11765852221440001,0,0,8,0,1.176585222144,8,Typeb,Toyota,Food
2026-01-08 08:00:00,5.06592458571178,1.01505284608476,0.20036872419057963,0,0,8,0,1.176585222144,8,Typeb,Toyota,Food
2026-01-08 09:00:00,5.06592458571178,2.682221401820001,0.5294633499648,0,0,8,0,1.176585222144,8,Typeb,Toyota,Food
2026-01-08 10:00:00,5.06592458571178,0.983863940278469,0.194212117379997,0,0,8,0,1.176585222144,8,Typeb,Toyota,Food
2026-01-08 11:00:00,5.06592458571178,1.086584157340206,0.2144888142245286,0,0,8,0,1.176585222144,8,Typeb,Toyota,Food
2026-01-08 12:00:00,0.0,0.0,0.0,1,1,8,100,1.176585222144,8,Typeb,Toyota,Food
2026-01-08 13:00:00,4.884998707650645,2.5864277803264293,0.5294633499648,0,0,8,0,1.176585222144,8,Typeb,Toyota,Food
2026-01-08 14:00:00,4.884998707650645,1.6756757606767463,0.34302481146051994,0,0,8,0,1.176585222144,8,Typeb,Toyota,Food
2026-01-08 15:00:00,4.884998707650645,1.3634296867743532,0.27910543448845065,0,0,8,0,1.176585222144,8,Typeb,Toyota,Food
2026-01-08 16:00:00,4.884998707650645,1.5565700510933642,0.3186428787904366,0,0,8,0,1.176585222144,8,Typeb,Toyota,Food
2026-01-08 17:00:00,4.884998707650645,0.5747617289614287,0.11765852221440001,0,0,8,0,1.176585222144,8,Typeb,Toyota,Food
2026-01-08 18:00:00,4.884998707650645,1.6380687637334521,0.3353263453617683,0,0,8,0,1.176585222144,8,Typeb,Toyota,Food
2026-01-08 19:00:00,4.884998707650645,2.5864277803264293,0.5294633499648,0,0,8,0,1.176585222144,8,Typeb,Toyota,Food
2026-01-08 20:00:00,0.0,0.0,0.0,1,1,8,100,1.176585222144,8,Typeb,Toyota,Food
2026-01-08 21:00:00,0.0,0.0,0.0,1,1,8,100,1.176585222144,8,Typeb,Toyota,Food
2026-01-08 22:00:00,0.0,0.0,0.0,1,1,8,100,1.176585222144,8,Typeb,Toyota,Food
2026-01-08 23:00:00,0.0,0.0,0.0,1,1,8,100,1.176585222144,8,Typeb,Toyota,Food
2026-01-09 00:00:00,0.0,0.0,0.0,1,1,8,100,1.176585222144,8,Typeb,Toyota,Food
2026-01-09 01:00:00,0.0,0.0,0.0,1,1,8,100,1.176585222144,8,Typeb,Toyota,Food
2026-01-09 02:00:00,0.0,0.0,0.0,1,1,8,100,1.176585222144,8,Typeb,Toyota,Food
2026-01-09 03:00:00,0.0,0.0,0.0,1,1,8,100,1.176585222144,8,Typeb,Toyota,Food
2026-01-09 04:00:00,0.0,0.0,0.0,1,1,8,100,1.176585222144,8,Typeb,Toyota,Food
2026-01-09 05:00:00,0.0,0.0,0.0,1,1,8,100,1.176585222144,8,Typeb,Toyota,Food
2026-01-09 06:00:00,0.0,0.0,0.0,1,1,8,100,1.176585222144,8,Typeb,Toyota,Food
2026-01-09 07:00:00,0.0,0.0,0.0,1,1,8,100,1.176585222144,8,Typeb,Toyota,Food
2026-01-09 08:00:00,8.701968070324336,1.7311360560341507,0.19893615352804078,0,0,8,0,1.137342385344,8,Typeb,Toyota,Food
2026-01-09 09:00:00,8.701968070324336,1.1924814604967569,0.13703583498121377,0,0,8,0,1.137342385344,8,Typeb,Toyota,Food
2026-01-09 10:00:00,8.701968070324336,4.453702705030501,0.5118040734047999,0,0,8,0,1.137342385344,8,Typeb,Toyota,Food
2026-01-09 11:00:00,8.701968070324336,1.1742334455912848,0.13493883637607043,0,0,8,0,1.137342385344,8,Typeb,Toyota,Food
2026-01-09 12:00:00,8.701968070324336,2.8095787139061223,0.32286704469617816,0,0,8,0,1.137342385344,8,Typeb,Toyota,Food
2026-01-09 13:00:00,9.185410740897911,1.0446956962417229,0.1137342385344,0,0,8,0,1.137342385344,8,Typeb,Toyota,Food
2026-01-09 14:00:00,9.185410740897911,2.2110304593096926,0.24071111479698024,0,0,8,0,1.137342385344,8,Typeb,Toyota,Food
2026-01-09 15:00:00,9.185410740897911,2.1174516662475935,0.23052335121168507,0,0,8,0,1.137342385344,8,Typeb,Toyota,Food
2026-01-09 16:00:00,9.185410740897911,1.640771295207553,0.17862797228022065,0,0,8,0,1.137342385344,8,Typeb,Toyota,Food
2026-01-09 17:00:00,9.185410740897911,3.357742423773154,0.3655516904456818,0,0,8,0,1.137342385344,8,Typeb,Toyota,Food
2026-01-09 18:00:00,0.0,0.0,0.0,1,1,8,100,1.137342385344,8,Typeb,Toyota,Food
2026-01-09 19:00:00,0.0,0.0,0.0,1,1,8,100,1.137342385344,8,Typeb,Toyota,Food
2026-01-09 20:00:00,0.0,0.0,0.0,1,1,8,100,1.137342385344,8,Typeb,Toyota,Food
2026-01-09 21:00:00,0.0,0.0,0.0,1,1,8,100,1.137342385344,8,Typeb,Toyota,Food
2026-01-09 22:00:00,0.0,0.0,0.0,1,1,8,100,1.137342385344,8,Typeb,Toyota,Food
2026-01-09 23:00:00,0.0,0.0,0.0,1,1,8,100,1.137342385344,8,Typeb,Toyota,Food
2026-01-10 00:00:00,0.0,0.0,0.0,1,1,8,100,1.137342385344,8,Typeb,Toyota,Food
2026-01-10 01:00:00,0.0,0.0,0.0,1,1,8,100,1.137342385344,8,Typeb,Toyota,Food
2026-01-10 02:00:00,0.0,0.0,0.0,1,1,8,100,1.137342385344,8,Typeb,Toyota,Food
2026-01-10 03:00:00,0.0,0.0,0.0,1,1,8,100,1.137342385344,8,Typeb,Toyota,Food
2026-01-10 04:00:00,0.0,0.0,0.0,1,1,8,100,1.137342385344,8,Typeb,Toyota,Food
2026-01-10 05:00:00,0.0,0.0,0.0,1,1,8,100,1.137342385344,8,Typeb,Toyota,Food
2026-01-10 06:00:00,0.0,0.0,0.0,1,1,8,100,1.137342385344,8,Typeb,Toyota,Food
2026-01-10 07:00:00,0.0,0.0,0.0,1,1,8,100,1.137342385344,8,Typeb,Toyota,Food
2026-01-10 08:00:00,0.0,0.0,0.0,1,1,8,100,1.137342385344,8,Typeb,Toyota,Food
2026-01-10 09:00:00,9.25679131994519,3.744363362321605,0.4044990572763366,0,0,8,0,1.18961004,8,Typeb,Toyota,Food
2026-01-10 10:00:00,9.25679131994519,4.060703187173759,0.4386728669603197,0,0,8,0,1.18961004,8,Typeb,Toyota,Food
2026-01-10 11:00:00,9.25679131994519,3.013684384741383,0.32556468873268574,0,0,8,0,1.18961004,8,Typeb,Toyota,Food
2026-01-10 12:00:00,0.0,0.0,0.0,1,1,8,100,1.18961004,8,Typeb,Toyota,Food
2026-01-10 13:00:00,6.037037817355559,3.231774359723637,0.535324518,0,0,8,0,1.18961004,8,Typeb,Toyota,Food
2026-01-10 14:00:00,6.037037817355559,1.881389340573217,0.3116411388321125,0,0,8,0,1.18961004,8,Typeb,Toyota,Food
2026-01-10 15:00:00,6.037037817355559,1.3261153695862802,0.21966325368608783,0,0,8,0,1.18961004,8,Typeb,Toyota,Food
2026-01-10 16:00:00,6.037037817355559,1.1234413670020513,0.18609149072618522,0,0,8,0,1.18961004,8,Typeb,Toyota,Food
2026-01-10 17:00:00,6.037037817355559,0.8992789652477475,0.1489603001429705,0,0,8,0,1.18961004,8,Typeb,Toyota,Food
2026-01-10 18:00:00,6.037037817355559,1.7290238594192124,0.2864026881608284,0,0,8,0,1.18961004,8,Typeb,Toyota,Food
2026-01-10 19:00:00,0.0,0.0,0.0,1,1,8,100,1.18961004,8,Typeb,Toyota,Food
2026-01-10 20:00:00,0.0,0.0,0.0,1,1,8,100,1.18961004,8,Typeb,Toyota,Food
2026-01-10 21:00:00,0.0,0.0,0.0,1,1,8,100,1.18961004,8,Typeb,Toyota,Food
2026-01-10 22:00:00,0.0,0.0,0.0,1,1,8,100,1.18961004,8,Typeb,Toyota,Food
2026-01-10 23:00:00,0.0,0.0,0.0,1,1,8,100,1.18961004,8,Typeb,Toyota,Food
2026-01-11 00:00:00,0.0,0.0,0.0,1,1,8,100,1.18961004,8,Typeb,Toyota,Food
2026-01-11 01:00:00,0.0,0.0,0.0,1,1,8,100,1.18961004,8,Typeb,Toyota,Food
2026-01-11 02:00:00,0.0,0.0,0.0,1,1,8,100,1.18961004,8,Typeb,Toyota,Food
2026-01-11 03:00:00,0.0,0.0,0.0,1,1,8,100,1.18961004,8,Typeb,Toyota,Food
2026-01-11 04:00:00,0.0,0.0,0.0,1,1,8,100,1.18961004,8,Typeb,Toyota,Food
2026-01-11 05:00:00,0.0,0.0,0.0,1,1,8,100,1.18961004,8,Typeb,Toyota,Food
2026-01-11 06:00:00,0.0,0.0,0.0,1,1,8,100,1.18961004,8,Typeb,Toyota,Food
2026-01-11 07:00:00,0.0,0.0,0.0,1,1,8,100,1.18961004,8,Typeb,Toyota,Food
2026-01-11 08:00:00,0.0,0.0,0.0,1,1,8,100,1.18961004,8,Typeb,Toyota,Food
2026-01-11 09:00:00,10.616962696508924,2.6089004997312553,0.24572945900894191,0,0,8,0,1.122069513044,8,Typeb,Toyota,Food
2026-01-11 10:00:00,10.616962696508924,4.840562041957588,0.4559271969137901,0,0,8,0,1.122069513044,8,Typeb,Toyota,Food
2026-01-11 11:00:00,10.616962696508924,2.0644612240619327,0.1944493244514055,0,0,8,0,1.122069513044,8,Typeb,Toyota,Food
2026-01-11 12:00:00,10.616962696508924,3.5661057195968957,0.3358875623411114,0,0,8,0,1.122069513044,8,Typeb,Toyota,Food
2026-01-11 13:00:00,0.0,0.0,0.0,1,1,8,100,1.122069513044,8,Typeb,Toyota,Food
2026-01-11 14:00:00,6.370177617905354,2.177734891254682,0.34186407693460297,0,0,8,0,1.122069513044,8,Typeb,Toyota,Food
2026-01-11 15:00:00,6.370177617905354,1.2975901970923176,0.20369764784031125,0,0,8,0,1.122069513044,8,Typeb,Toyota,Food
2026-01-11 16:00:00,6.370177617905354,1.2282609325884903,0.19281423631518266,0,0,8,0,1.122069513044,8,Typeb,Toyota,Food
2026-01-11 17:00:00,6.370177617905354,1.5101860268959135,0.23707125883759797,0,0,8,0,1.122069513044,8,Typeb,Toyota,Food
2026-01-11 18:00:00,6.370177617905354,1.74375901964533,0.27373789621563394,0,0,8,0,1.122069513044,8,Typeb,Toyota,Food
2026-01-11 19:00:00,6.370177617905354,2.673830756473082,0.41974194706242623,0,0,8,0,1.122069513044,8,Typeb,Toyota,Food
2026-01-11 20:00:00,0.0,0.0,0.0,1,1,8,100,1.122069513044,8,Typeb,Toyota,Food
2026-01-11 21:00:00,0.0,0.0,0.0,1,1,8,100,1.122069513044,8,Typeb,Toyota,Food
2026-01-11 22:00:00,0.0,0.0,0.0,1,1,8,100,1.122069513044,8,Typeb,Toyota,Food
2026-01-11 23:00:00,0.0,0.0,0.0,1,1,8,100,1.122069513044,8,Typeb,Toyota,Food
2026-01-12 00:00:00,0.0,0.0,0.0,1,1,8,100,1.122069513044,8,Typeb,Toyota,Food
2026-01-12 01:00:00,0.0,0.0,0.0,1,1,8,100,1.122069513044,8,Typeb,Toyota,Food
2026-01-12 02:00:00,0.0,0.0,0.0,1,1,8,100,1.122069513044,8,Typeb,Toyota,Food
2026-01-12 03:00:00,0.0,0.0,0.0,1,1,8,100,1.122069513044,8,Typeb,Toyota,Food
2026-01-12 04:00:00,0.0,0.0,0.0,1,1,8,100,1.122069513044,8,Typeb,Toyota,Food
2026-01-12 05:00:00,0.0,0.0,0.0,1,1,8,100,1.122069513044,8,Typeb,Toyota,Food
2026-01-12 06:00:00,0.0,0.0,0.0,1,1,8,100,1.122069513044,8,Typeb,Toyota,Food
2026-01-12 07:00:00,8.294421785203552,0.9288834429094149,0.1119889326784,0,0,8,0,1.119889326784,8,Typeb,Toyota,Food
2026-01-12 08:00:00,8.294421785203552,3.1512098379059594,0.3799191697156532,0,0,8,0,1.119889326784,8,Typeb,Toyota,Food
2026-01-12 09:00:00,8.294421785203552,0.9288834429094149,0.1119889326784,0,0,8,0,1.119889326784,8,Typeb,Toyota,Food
2026-01-12 10:00:00,8.294421785203552,2.79185523572909,0.33659431700344566,0,0,8,0,1.119889326784,8,Typeb,Toyota,Food
2026-01-12 11:00:00,8.294421785203552,2.0171894240875154,0.2431983176556064,0,0,8,0,1.119889326784,8,Typeb,Toyota,Food
2026-01-12 12:00:00,0.0,0.0,0.0,1,1,8,100,1.119889326784,8,Typeb,Toyota,Food
2026-01-12 13:00:00,9.167518815224978,1.4354045692869202,0.15657503390154692,0,0,8,0,1.119889326784,8,Typeb,Toyota,Food
2026-01-12 14:00:00,9.167518815224978,1.0266606474261954,0.1119889326784,0,0,8,0,1.119889326784,8,Typeb,Toyota,Food
2026-01-12 15:00:00,9.167518815224978,1.0266606474261954,0.1119889326784,0,0,8,0,1.119889326784,8,Typeb,Toyota,Food
2026-01-12 16:00:00,9.167518815224978,1.1192874322196757,0.12209273357157627,0,0,8,0,1.119889326784,8,Typeb,Toyota,Food
2026-01-12 17:00:00,9.167518815224978,3.5597886352017856,0.3883044809561621,0,0,8,0,1.119889326784,8,Typeb,Toyota,Food
2026-01-12 18:00:00,0.0,0.0,0.0,1,1,8,100,1.119889326784,8,Typeb,Toyota,Food
2026-01-12 19:00:00,0.0,0.0,0.0,1,1,8,100,1.119889326784,8,Typeb,Toyota,Food
2026-01-12 20:00:00,0.0,0.0,0.0,1,1,8,100,1.119889326784,8,Typeb,Toyota,Food
2026-01-12 21:00:00,0.0,0.0,0.0,1,1,8,100,1.119889326784,8,Typeb,Toyota,Food
2026-01-12 22:00:00,0.0,0.0,0.0,1,1,8,100,1.119889326784,8,Typeb,Toyota,Food
2026-01-12 23:00:00,0.0,0.0,0.0,1,1,8,100,1.119889326784,8,Typeb,Toyota,Food
2026-01-13 00:00:00,0.0,0.0,0.0,1,1,8,100,1.119889326784,8,Typeb,Toyota,Food
2026-01-13 01:00:00,0.0,0.0,0.0,1,1,8,100,1.119889326784,8,Typeb,Toyota,Food
2026-01-13 02:00:00,0.0,0.0,0.0,1,1,8,100,1.119889326784,8,Typeb,Toyota,Food
2026-01-13 03:00:00,0.0,0.0,0.0,1,1,8,100,1.119889326784,8,Typeb,Toyota,Food
2026-01-13 04:00:00,0.0,0.0,0.0,1,1,8,100,1.119889326784,8,Typeb,Toyota,Food
2026-01-13 05:00:00,0.0,0.0,0.0,1,1,8,100,1.119889326784,8,Typeb,Toyota,Food
2026-01-13 06:00:00,0.0,0.0,0.0,1,1,8,100,1.119889326784,8,Typeb,Toyota,Food
2026-01-13 07:00:00,6.0,1.0759651550552607,0.17932752584254347,0,0,8,0,1.12425024,8,Typeb,Toyota,Food
2026-01-13 08:00:00,6.0,1.1316668851908467,0.18861114753180777,0,0,8,0,1.12425024,8,Typeb,Toyota,Food
2026-01-13 09:00:00,6.0,1.0409605675573492,0.17349342792622488,0,0,8,0,1.12425024,8,Typeb,Toyota,Food
2026-01-13 10:00:00,6.0,2.297852990736779,0.3829754984561298,0,0,8,0,1.12425024,8,Typeb,Toyota,Food
2026-01-13 11:00:00,6.0,3.0354756480000002,0.505912608,0,0,8,0,1.12425024,8,Typeb,Toyota,Food
2026-01-13 12:00:00,0.0,0.0,0.0,1,1,8,100,1.12425024,8,Typeb,Toyota,Food
2026-01-13 13:00:00,0.0,0.0,0.0,1,1,8,100,1.12425024,8,Typeb,Toyota,Food
2026-01-13 14:00:00,5.454545454545454,1.694470788753652,0.3106529779381696,0,0,8,0,1.12425024,8,Typeb,Toyota,Food
2026-01-13 15:00:00,5.454545454545454,1.6441815086231268,0.30143327658090663,0,0,8,0,1.12425024,8,Typeb,Toyota,Food
2026-01-13 16:00:00,5.454545454545454,0.6132274036363636,0.11242502400000001,0,0,8,0,1.12425024,8,Typeb,Toyota,Food
2026-01-13 17:00:00,5.454545454545454,2.2007145415161973,0.4034643326113029,0,0,8,0,1.12425024,8,Typeb,Toyota,Food
2026-01-13 18:00:00,5.454545454545454,1.344523725314978,0.246496016307746,0,0,8,0,1.12425024,8,Typeb,Toyota,Food
2026-01-13 19:00:00,0.0,0.0,0.0,1,1,8,100,1.12425024,8,Typeb,Toyota,Food
2026-01-13 20:00:00,0.0,0.0,0.0,1,1,8,100,1.12425024,8,Typeb,Toyota,Food
2026-01-13 21:00:00,0.0,0.0,0.0,1,1,8,100,1.12425024,8,Typeb,Toyota,Food
2026-01-13 22:00:00,0.0,0.0,0.0,1,1,8,100,1.12425024,8,Typeb,Toyota,Food
2026-01-13 23:00:00,0.0,0.0,0.0,1,1,8,100,1.12425024,8,Typeb,Toyota,Food
2026-01-14 00:00:00,0.0,0.0,0.0,1,1,8,100,1.12425024,8,Typeb,Toyota,Food
2026-01-14 01:00:00,0.0,0.0,0.0,1,1,8,100,1.12425024,8,Typeb,Toyota,Food
2026-01-14 02:00:00,0.0,0.0,0.0,1,1,8,100,1.12425024,8,Typeb,Toyota,Food
2026-01-14 03:00:00,0.0,0.0,0.0,1,1,8,100,1.12425024,8,Typeb,Toyota,Food
2026-01-14 04:00:00,0.0,0.0,0.0,1,1,8,100,1.12425024,8,Typeb,Toyota,Food
2026-01-14 05:00:00,0.0,0.0,0.0,1,1,8,100,1.12425024,8,Typeb,Toyota,Food
2026-01-14 06:00:00,6.281101230336713,1.7497234130678514,0.2785695292756894,0,0,8,0,1.102475,8,Typeb,Toyota,Food
2026-01-14 07:00:00,6.281101230336713,1.2823923885797697,0.20416680794539974,0,0,8,0,1.102475,8,Typeb,Toyota,Food
2026-01-14 08:00:00,6.281101230336713,1.470934426278051,0.23418416171573123,0,0,8,0,1.102475,8,Typeb,Toyota,Food
2026-01-14 09:00:00,6.281101230336713,2.0106626733844095,0.3201130820298248,0,0,8,0,1.102475,8,Typeb,Toyota,Food
2026-01-14 10:00:00,6.281101230336713,2.5119290855758063,0.39991858011197007,0,0,8,0,1.102475,8,Typeb,Toyota,Food
2026-01-14 11:00:00,6.281101230336713,1.1616836409117945,0.18494903971632373,0,0,8,0,1.102475,8,Typeb,Toyota,Food
2026-01-14 12:00:00,0.0,0.0,0.0,1,1,8,100,1.102475,8,Typeb,Toyota,Food
2026-01-14 13:00:00,6.827283946018166,2.4117799620227465,0.35325613832560077,0,0,8,0,1.102475,8,Typeb,Toyota,Food
2026-01-14 14:00:00,6.827283946018166,0.7526909868386378,0.11024750000000001,0,0,8,0,1.102475,8,Typeb,Toyota,Food
2026-01-14 15:00:00,6.827283946018166,2.0622944945265007,0.3020666066963979,0,0,8,0,1.102475,8,Typeb,Toyota,Food
2026-01-14 16:00:00,6.827283946018166,0.7526909868386378,0.11024750000000001,0,0,8,0,1.102475,8,Typeb,Toyota,Food
2026-01-14 17:00:00,6.827283946018166,1.2988419489573262,0.1902428490197543,0,0,8,0,1.102475,8,Typeb,Toyota,Food
2026-01-14 18:00:00,6.827283946018166,1.7058130608081872,0.24985236798347282,0,0,8,0,1.102475,8,Typeb,Toyota,Food
2026-01-14 19:00:00,0.0,0.0,0.0,1,1,8,100,1.102475,8,Typeb,Toyota,Food
2026-01-14 20:00:00,0.0,0.0,0.0,1,1,8,100,1.102475,8,Typeb,Toyota,Food
2026-01-14 21:00:00,0.0,0.0,0.0,1,1,8,100,1.102475,8,Typeb,Toyota,Food
2026-01-14 22:00:00,0.0,0.0,0.0,1,1,8,100,1.102475,8,Typeb,Toyota,Food
2026-01-14 23:00:00,0.0,0.0,0.0,1,1,8,100,1.102475,8,Typeb,Toyota,Food
2026-01-01 00:00:00,0.0,0.0,0.0,1,1,9,100,1.0,9,Typeb,Toyota,Food
2026-01-01 01:00:00,0.0,0.0,0.0,1,1,9,100,1.0,9,Typeb,Toyota,Food
2026-01-01 02:00:00,0.0,0.0,0.0,1,1,9,100,1.0,9,Typeb,Toyota,Food
2026-01-01 03:00:00,0.0,0.0,0.0,1,1,9,100,1.0,9,Typeb,Toyota,Food
2026-01-01 04:00:00,0.0,0.0,0.0,1,1,9,100,1.0,9,Typeb,Toyota,Food
2026-01-01 05:00:00,0.0,0.0,0.0,1,1,9,100,1.0,9,Typeb,Toyota,Food
2026-01-01 06:00:00,0.0,0.0,0.0,1,1,9,100,1.0,9,Typeb,Toyota,Food
2026-01-01 07:00:00,6.871176594893594,2.1561252891816176,0.3137927339524312,0,0,9,0,1.1329772784640002,9,Typeb,Toyota,Food
2026-01-01 08:00:00,6.871176594893594,0.7784886958328081,0.11329772784640002,0,0,9,0,1.1329772784640002,9,Typeb,Toyota,Food
2026-01-01 09:00:00,6.871176594893594,3.292294221682349,0.47914562756676354,0,0,9,0,1.1329772784640002,9,Typeb,Toyota,Food
2026-01-01 10:00:00,6.871176594893594,1.6198699611465313,0.23574855612797946,0,0,9,0,1.1329772784640002,9,Typeb,Toyota,Food
2026-01-01 11:00:00,6.871176594893594,2.529022400217223,0.36806249487121306,0,0,9,0,1.1329772784640002,9,Typeb,Toyota,Food
2026-01-01 12:00:00,6.871176594893594,1.2970059888638168,0.18876039219072088,0,0,9,0,1.1329772784640002,9,Typeb,Toyota,Food
2026-01-01 13:00:00,6.59632953109785,2.63462012756267,0.3994069906820106,0,0,9,0,1.1329772784640002,9,Typeb,Toyota,Food
2026-01-01 14:00:00,6.59632953109785,1.4021733685320452,0.21256872658068623,0,0,9,0,1.1329772784640002,9,Typeb,Toyota,Food
2026-01-01 15:00:00,6.59632953109785,3.3630711659977304,0.5098397753088001,0,0,9,0,1.1329772784640002,9,Typeb,Toyota,Food
2026-01-01 16:00:00,6.59632953109785,1.9559556695448037,0.2965218248002336,0,0,9,0,1.1329772784640002,9,Typeb,Toyota,Food
2026-01-01 17:00:00,6.59632953109785,2.1764520429171226,0.3299489561060313,0,0,9,0,1.1329772784640002,9,Typeb,Toyota,Food
2026-01-01 18:00:00,6.59632953109785,2.0234002369143087,0.3067463848455653,0,0,9,0,1.1329772784640002,9,Typeb,Toyota,Food
2026-01-01 19:00:00,6.59632953109785,3.3630711659977304,0.5098397753088001,0,0,9,0,1.1329772784640002,9,Typeb,Toyota,Food
2026-01-01 20:00:00,0.0,0.0,0.0,1,1,9,100,1.1329772784640002,9,Typeb,Toyota,Food
2026-01-01 21:00:00,0.0,0.0,0.0,1,1,9,100,1.1329772784640002,9,Typeb,Toyota,Food
2026-01-01 22:00:00,0.0,0.0,0.0,1,1,9,100,1.1329772784640002,9,Typeb,Toyota,Food
2026-01-01 23:00:00,0.0,0.0,0.0,1,1,9,100,1.1329772784640002,9,Typeb,Toyota,Food
2026-01-02 00:00:00,0.0,0.0,0.0,1,1,9,100,1.1329772784640002,9,Typeb,Toyota,Food
2026-01-02 01:00:00,0.0,0.0,0.0,1,1,9,100,1.1329772784640002,9,Typeb,Toyota,Food
2026-01-02 02:00:00,0.0,0.0,0.0,1,1,9,100,1.1329772784640002,9,Typeb,Toyota,Food
2026-01-02 03:00:00,0.0,0.0,0.0,1,1,9,100,1.1329772784640002,9,Typeb,Toyota,Food
2026-01-02 04:00:00,0.0,0.0,0.0,1,1,9,100,1.1329772784640002,9,Typeb,Toyota,Food
2026-01-02 05:00:00,0.0,0.0,0.0,1,1,9,100,1.1329772784640002,9,Typeb,Toyota,Food
2026-01-02 06:00:00,8.692131624742773,1.3795007389272842,0.15870683952834272,0,0,9,0,1.23259004,9,Typeb,Toyota,Food
2026-01-02 07:00:00,8.692131624742773,4.6718983669671035,0.5374859204465118,0,0,9,0,1.23259004,9,Typeb,Toyota,Food
2026-01-02 08:00:00,8.692131624742773,3.5098964715521954,0.4038015786094431,0,0,9,0,1.23259004,9,Typeb,Toyota,Food
2026-01-02 09:00:00,8.692131624742773,4.821225690162132,0.5546655180000001,0,0,9,0,1.23259004,9,Typeb,Toyota,Food
2026-01-02 10:00:00,8.692131624742773,1.0713834867026961,0.123259004,0,0,9,0,1.23259004,9,Typeb,Toyota,Food
2026-01-02 11:00:00,8.692131624742773,3.059841307509723,0.35202427202087766,0,0,9,0,1.23259004,9,Typeb,Toyota,Food
2026-01-02 12:00:00,0.0,0.0,0.0,1,1,9,100,1.23259004,9,Typeb,Toyota,Food
2026-01-02 13:00:00,9.825887923622265,1.234574734065106,0.125645106443468,0,0,9,0,1.23259004,9,Typeb,Toyota,Food
2026-01-02 14:00:00,9.825887923622265,3.9982159004221836,0.40690632047716874,0,0,9,0,1.23259004,9,Typeb,Toyota,Food
2026-01-02 15:00:00,9.825887923622265,1.2111291588813085,0.123259004,0,0,9,0,1.23259004,9,Typeb,Toyota,Food
2026-01-02 16:00:00,9.825887923622265,3.52503224108596,0.35874948589750194,0,0,9,0,1.23259004,9,Typeb,Toyota,Food
2026-01-02 17:00:00,9.825887923622265,3.4707368514822146,0.3532237369752885,0,0,9,0,1.23259004,9,Typeb,Toyota,Food
2026-01-02 18:00:00,9.825887923622265,1.8245606741264146,0.185689139577912,0,0,9,0,1.23259004,9,Typeb,Toyota,Food
2026-01-02 19:00:00,0.0,0.0,0.0,1,1,9,100,1.23259004,9,Typeb,Toyota,Food
2026-01-02 20:00:00,0.0,0.0,0.0,1,1,9,100,1.23259004,9,Typeb,Toyota,Food
2026-01-02 21:00:00,0.0,0.0,0.0,1,1,9,100,1.23259004,9,Typeb,Toyota,Food
2026-01-02 22:00:00,0.0,0.0,0.0,1,1,9,100,1.23259004,9,Typeb,Toyota,Food
2026-01-02 23:00:00,0.0,0.0,0.0,1,1,9,100,1.23259004,9,Typeb,Toyota,Food
2026-01-03 00:00:00,0.0,0.0,0.0,1,1,9,100,1.23259004,9,Typeb,Toyota,Food
2026-01-03 01:00:00,0.0,0.0,0.0,1,1,9,100,1.23259004,9,Typeb,Toyota,Food
2026-01-03 02:00:00,0.0,0.0,0.0,1,1,9,100,1.23259004,9,Typeb,Toyota,Food
2026-01-03 03:00:00,0.0,0.0,0.0,1,1,9,100,1.23259004,9,Typeb,Toyota,Food
2026-01-03 04:00:00,0.0,0.0,0.0,1,1,9,100,1.23259004,9,Typeb,Toyota,Food
2026-01-03 05:00:00,0.0,0.0,0.0,1,1,9,100,1.23259004,9,Typeb,Toyota,Food
2026-01-03 06:00:00,0.0,0.0,0.0,1,1,9,100,1.23259004,9,Typeb,Toyota,Food
2026-01-03 07:00:00,0.0,0.0,0.0,1,1,9,100,1.23259004,9,Typeb,Toyota,Food
2026-01-03 08:00:00,0.0,0.0,0.0,1,1,9,100,1.23259004,9,Typeb,Toyota,Food
2026-01-03 09:00:00,9.23076923076923,4.1935066929805265,0.45429655840622374,0,0,9,0,1.209049010004,9,Typeb,Toyota,Food
2026-01-03 10:00:00,9.23076923076923,4.078179232718474,0.4418027502111681,0,0,9,0,1.209049010004,9,Typeb,Toyota,Food
2026-01-03 11:00:00,9.23076923076923,3.7521026198707244,0.40647778381932853,0,0,9,0,1.209049010004,9,Typeb,Toyota,Food
2026-01-03 12:00:00,0.0,0.0,0.0,1,1,9,100,1.209049010004,9,Typeb,Toyota,Food
2026-01-03 13:00:00,0.0,0.0,0.0,1,1,9,100,1.209049010004,9,Typeb,Toyota,Food
2026-01-03 14:00:00,4.615384615384615,0.8300050443149495,0.17983442626823906,0,0,9,0,1.209049010004,9,Typeb,Toyota,Food
2026-01-03 15:00:00,4.615384615384615,1.4537656538580768,0.31498255833591665,0,0,9,0,1.209049010004,9,Typeb,Toyota,Food
2026-01-03 16:00:00,4.615384615384615,1.603197402398493,0.34735943718634016,0,0,9,0,1.209049010004,9,Typeb,Toyota,Food
2026-01-03 17:00:00,4.615384615384615,2.1939176096419475,0.475348815422422,0,0,9,0,1.209049010004,9,Typeb,Toyota,Food
2026-01-03 18:00:00,4.615384615384615,1.9280110313211143,0.41773572345290816,0,0,9,0,1.209049010004,9,Typeb,Toyota,Food
2026-01-03 19:00:00,4.615384615384615,0.8726410421771491,0.18907222580504898,0,0,9,0,1.209049010004,9,Typeb,Toyota,Food
2026-01-03 20:00:00,0.0,0.0,0.0,1,1,9,100,1.209049010004,9,Typeb,Toyota,Food
2026-01-03 21:00:00,0.0,0.0,0.0,1,1,9,100,1.209049010004,9,Typeb,Toyota,Food
2026-01-03 22:00:00,0.0,0.0,0.0,1,1,9,100,1.209049010004,9,Typeb,Toyota,Food
2026-01-03 23:00:00,0.0,0.0,0.0,1,1,9,100,1.209049010004,9,Typeb,Toyota,Food
2026-01-04 00:00:00,0.0,0.0,0.0,1,1,9,100,1.209049010004,9,Typeb,Toyota,Food
2026-01-04 01:00:00,0.0,0.0,0.0,1,1,9,100,1.209049010004,9,Typeb,Toyota,Food
2026-01-04 02:00:00,0.0,0.0,0.0,1,1,9,100,1.209049010004,9,Typeb,Toyota,Food
2026-01-04 03:00:00,0.0,0.0,0.0,1,1,9,100,1.209049010004,9,Typeb,Toyota,Food
2026-01-04 04:00:00,0.0,0.0,0.0,1,1,9,100,1.209049010004,9,Typeb,Toyota,Food
2026-01-04 05:00:00,0.0,0.0,0.0,1,1,9,100,1.209049010004,9,Typeb,Toyota,Food
2026-01-04 06:00:00,0.0,0.0,0.0,1,1,9,100,1.209049010004,9,Typeb,Toyota,Food
2026-01-04 07:00:00,0.0,0.0,0.0,1,1,9,100,1.209049010004,9,Typeb,Toyota,Food
2026-01-04 08:00:00,0.0,0.0,0.0,1,1,9,100,1.209049010004,9,Typeb,Toyota,Food
2026-01-04 09:00:00,10.0,5.872635686250001,0.5872635686250001,0,0,9,0,1.3050301525,9,Typeb,Toyota,Food
2026-01-04 10:00:00,10.0,5.467129624065549,0.546712962406555,0,0,9,0,1.3050301525,9,Typeb,Toyota,Food
2026-01-04 11:00:00,10.0,5.872635686250001,0.5872635686250001,0,0,9,0,1.3050301525,9,Typeb,Toyota,Food
2026-01-04 12:00:00,0.0,0.0,0.0,1,1,9,100,1.3050301525,9,Typeb,Toyota,Food
2026-01-04 13:00:00,3.75,2.166926910502377,0.5778471761339672,0,0,9,0,1.3050301525,9,Typeb,Toyota,Food
2026-01-04 14:00:00,3.75,0.6262269937156023,0.16699386499082727,0,0,9,0,1.3050301525,9,Typeb,Toyota,Food
2026-01-04 15:00:00,3.75,0.9454370005207369,0.2521165334721965,0,0,9,0,1.3050301525,9,Typeb,Toyota,Food
2026-01-04 16:00:00,3.75,0.6902796836402847,0.18407458230407592,0,0,9,0,1.3050301525,9,Typeb,Toyota,Food
2026-01-04 17:00:00,3.75,2.2022383823437504,0.5872635686250001,0,0,9,0,1.3050301525,9,Typeb,Toyota,Food
2026-01-04 18:00:00,3.75,2.2022383823437504,0.5872635686250001,0,0,9,0,1.3050301525,9,Typeb,Toyota,Food
2026-01-04 19:00:00,3.75,1.8741933096802448,0.4997848825813986,0,0,9,0,1.3050301525,9,Typeb,Toyota,Food
2026-01-04 20:00:00,3.75,1.9007718801037605,0.5068725013610028,0,0,9,0,1.3050301525,9,Typeb,Toyota,Food
2026-01-04 21:00:00,0.0,0.0,0.0,1,1,9,100,1.3050301525,9,Typeb,Toyota,Food
2026-01-04 22:00:00,0.0,0.0,0.0,1,1,9,100,1.3050301525,9,Typeb,Toyota,Food
2026-01-04 23:00:00,0.0,0.0,0.0,1,1,9,100,1.3050301525,9,Typeb,Toyota,Food
2026-01-05 00:00:00,0.0,0.0,0.0,1,1,9,100,1.3050301525,9,Typeb,Toyota,Food
2026-01-05 01:00:00,0.0,0.0,0.0,1,1,9,100,1.3050301525,9,Typeb,Toyota,Food
2026-01-05 02:00:00,0.0,0.0,0.0,1,1,9,100,1.3050301525,9,Typeb,Toyota,Food
2026-01-05 03:00:00,0.0,0.0,0.0,1,1,9,100,1.3050301525,9,Typeb,Toyota,Food
2026-01-05 04:00:00,0.0,0.0,0.0,1,1,9,100,1.3050301525,9,Typeb,Toyota,Food
2026-01-05 05:00:00,0.0,0.0,0.0,1,1,9,100,1.3050301525,9,Typeb,Toyota,Food
2026-01-05 06:00:00,4.8,1.9344337863438759,0.4030070388216408,0,0,9,0,1.226197579604,9,Typeb,Toyota,Food
2026-01-05 07:00:00,4.8,0.5885748382099201,0.12261975796040002,0,0,9,0,1.226197579604,9,Typeb,Toyota,Food
2026-01-05 08:00:00,4.8,1.4820603287402436,0.3087625684875508,0,0,9,0,1.226197579604,9,Typeb,Toyota,Food
2026-01-05 09:00:00,4.8,1.4418385163554168,0.30038302424071184,0,0,9,0,1.226197579604,9,Typeb,Toyota,Food
2026-01-05 10:00:00,4.8,1.6070992529153798,0.33481234435737084,0,0,9,0,1.226197579604,9,Typeb,Toyota,Food
2026-01-05 11:00:00,4.8,2.5172273519141837,0.5244223649821216,0,0,9,0,1.226197579604,9,Typeb,Toyota,Food
2026-01-05 12:00:00,0.0,0.0,0.0,1,1,9,100,1.226197579604,9,Typeb,Toyota,Food
2026-01-05 13:00:00,0.0,0.0,0.0,1,1,9,100,1.226197579604,9,Typeb,Toyota,Food
2026-01-05 14:00:00,4.615384615384615,1.414012167731289,0.306369303008446,0,0,9,0,1.226197579604,9,Typeb,Toyota,Food
2026-01-05 15:00:00,4.615384615384615,1.2103065571697447,0.26223308738677803,0,0,9,0,1.226197579604,9,Typeb,Toyota,Food
2026-01-05 16:00:00,4.615384615384615,1.1369658545510672,0.24634260181939793,0,0,9,0,1.226197579604,9,Typeb,Toyota,Food
2026-01-05 17:00:00,4.615384615384615,1.6206186033159593,0.3511340307184579,0,0,9,0,1.226197579604,9,Typeb,Toyota,Food
2026-01-05 18:00:00,4.615384615384615,1.1205675660894312,0.2427896393193768,0,0,9,0,1.226197579604,9,Typeb,Toyota,Food
2026-01-05 19:00:00,4.615384615384615,1.2062380573815898,0.2613515790993445,0,0,9,0,1.226197579604,9,Typeb,Toyota,Food
2026-01-05 20:00:00,0.0,0.0,0.0,1,1,9,100,1.226197579604,9,Typeb,Toyota,Food
2026-01-05 21:00:00,0.0,0.0,0.0,1,1,9,100,1.226197579604,9,Typeb,Toyota,Food
2026-01-05 22:00:00,0.0,0.0,0.0,1,1,9,100,1.226197579604,9,Typeb,Toyota,Food
2026-01-05 23:00:00,0.0,0.0,0.0,1,1,9,100,1.226197579604,9,Typeb,Toyota,Food
2026-01-06 00:00:00,0.0,0.0,0.0,1,1,9,100,1.226197579604,9,Typeb,Toyota,Food
2026-01-06 01:00:00,0.0,0.0,0.0,1,1,9,100,1.226197579604,9,Typeb,Toyota,Food
2026-01-06 02:00:00,0.0,0.0,0.0,1,1,9,100,1.226197579604,9,Typeb,Toyota,Food
2026-01-06 03:00:00,0.0,0.0,0.0,1,1,9,100,1.226197579604,9,Typeb,Toyota,Food
2026-01-06 04:00:00,0.0,0.0,0.0,1,1,9,100,1.226197579604,9,Typeb,Toyota,Food
2026-01-06 05:00:00,0.0,0.0,0.0,1,1,9,100,1.226197579604,9,Typeb,Toyota,Food
2026-01-06 06:00:00,5.665527744390674,2.2316625740408704,0.39390197607811467,0,0,9,0,1.3306301459840002,9,Typeb,Toyota,Food
2026-01-06 07:00:00,5.665527744390674,2.009580956360688,0.35470322395832127,0,0,9,0,1.3306301459840002,9,Typeb,Toyota,Food
2026-01-06 08:00:00,5.665527744390674,2.129805735113175,0.3759236263950614,0,0,9,0,1.3306301459840002,9,Typeb,Toyota,Food
2026-01-06 09:00:00,5.665527744390674,2.0865540414920027,0.3682894402128483,0,0,9,0,1.3306301459840002,9,Typeb,Toyota,Food
2026-01-06 10:00:00,5.665527744390674,3.0592830298418514,0.5399820048310215,0,0,9,0,1.3306301459840002,9,Typeb,Toyota,Food
2026-01-06 11:00:00,5.665527744390674,2.711467140735658,0.47859039141061976,0,0,9,0,1.3306301459840002,9,Typeb,Toyota,Food
2026-01-06 12:00:00,5.665527744390674,1.6289345084390336,0.28751681783781025,0,0,9,0,1.3306301459840002,9,Typeb,Toyota,Food
2026-01-06 13:00:00,6.609782368455787,3.808653218394819,0.5762146173784868,0,0,9,0,1.3306301459840002,9,Typeb,Toyota,Food
2026-01-06 14:00:00,6.609782368455787,2.0337308337826387,0.3076849917916087,0,0,9,0,1.3306301459840002,9,Typeb,Toyota,Food
2026-01-06 15:00:00,6.609782368455787,2.4878708119297057,0.37639224307939434,0,0,9,0,1.3306301459840002,9,Typeb,Toyota,Food
2026-01-06 16:00:00,6.609782368455787,1.0861103446427862,0.16431862413898646,0,0,9,0,1.3306301459840002,9,Typeb,Toyota,Food
2026-01-06 17:00:00,6.609782368455787,3.957829055037357,0.5987835656928001,0,0,9,0,1.3306301459840002,9,Typeb,Toyota,Food
2026-01-06 18:00:00,6.609782368455787,1.1954919432153788,0.18086706589927803,0,0,9,0,1.3306301459840002,9,Typeb,Toyota,Food
2026-01-06 19:00:00,0.0,0.0,0.0,1,1,9,100,1.3306301459840002,9,Typeb,Toyota,Food
2026-01-06 20:00:00,0.0,0.0,0.0,1,1,9,100,1.3306301459840002,9,Typeb,Toyota,Food
2026-01-06 21:00:00,0.0,0.0,0.0,1,1,9,100,1.3306301459840002,9,Typeb,Toyota,Food
2026-01-06 22:00:00,0.0,0.0,0.0,1,1,9,100,1.3306301459840002,9,Typeb,Toyota,Food
2026-01-06 23:00:00,0.0,0.0,0.0,1,1,9,100,1.3306301459840002,9,Typeb,Toyota,Food
2026-01-07 00:00:00,0.0,0.0,0.0,1,1,9,100,1.3306301459840002,9,Typeb,Toyota,Food
2026-01-07 01:00:00,0.0,0.0,0.0,1,1,9,100,1.3306301459840002,9,Typeb,Toyota,Food
2026-01-07 02:00:00,0.0,0.0,0.0,1,1,9,100,1.3306301459840002,9,Typeb,Toyota,Food
2026-01-07 03:00:00,0.0,0.0,0.0,1,1,9,100,1.3306301459840002,9,Typeb,Toyota,Food
2026-01-07 04:00:00,0.0,0.0,0.0,1,1,9,100,1.3306301459840002,9,Typeb,Toyota,Food
2026-01-07 05:00:00,3.870967741935484,1.5713106370120942,0.40592191456145765,0,0,9,0,1.282756305344,9,Typeb,Toyota,Food
2026-01-07 06:00:00,3.870967741935484,2.088939107496707,0.5396426027699825,0,0,9,0,1.282756305344,9,Typeb,Toyota,Food
2026-01-07 07:00:00,3.870967741935484,0.91062488082756,0.23524476088045299,0,0,9,0,1.282756305344,9,Typeb,Toyota,Food
2026-01-07 08:00:00,3.870967741935484,1.1822007804681134,0.3054018682875959,0,0,9,0,1.282756305344,9,Typeb,Toyota,Food
2026-01-07 09:00:00,3.870967741935484,1.3101554554018067,0.3384568259788,0,0,9,0,1.282756305344,9,Typeb,Toyota,Food
2026-01-07 10:00:00,3.870967741935484,1.188061462150859,0.3069158777223052,0,0,9,0,1.282756305344,9,Typeb,Toyota,Food
2026-01-07 11:00:00,3.870967741935484,0.49655082787509686,0.12827563053440003,0,0,9,0,1.282756305344,9,Typeb,Toyota,Food
2026-01-07 12:00:00,3.870967741935484,2.2344787254379357,0.5772403374048001,0,0,9,0,1.282756305344,9,Typeb,Toyota,Food
2026-01-07 13:00:00,6.315789473684211,1.3840905612618006,0.2191476721997851,0,0,9,0,1.282756305344,9,Typeb,Toyota,Food
2026-01-07 14:00:00,6.315789473684211,0.9837848835282481,0.1557659398919726,0,0,9,0,1.282756305344,9,Typeb,Toyota,Food
2026-01-07 15:00:00,6.315789473684211,1.42176423468036,0.22511267049105696,0,0,9,0,1.282756305344,9,Typeb,Toyota,Food
2026-01-07 16:00:00,6.315789473684211,3.645728446767158,0.5772403374048001,0,0,9,0,1.282756305344,9,Typeb,Toyota,Food
2026-01-07 17:00:00,6.315789473684211,2.903437462102337,0.45971093149953673,0,0,9,0,1.282756305344,9,Typeb,Toyota,Food
2026-01-07 18:00:00,0.0,0.0,0.0,1,1,9,100,1.282756305344,9,Typeb,Toyota,Food
2026-01-07 19:00:00,0.0,0.0,0.0,1,1,9,100,1.282756305344,9,Typeb,Toyota,Food
2026-01-07 20:00:00,0.0,0.0,0.0,1,1,9,100,1.282756305344,9,Typeb,Toyota,Food
2026-01-07 21:00:00,0.0,0.0,0.0,1,1,9,100,1.282756305344,9,Typeb,Toyota,Food
2026-01-07 22:00:00,0.0,0.0,0.0,1,1,9,100,1.282756305344,9,Typeb,Toyota,Food
2026-01-07 23:00:00,0.0,0.0,0.0,1,1,9,100,1.282756305344,9,Typeb,Toyota,Food
2026-01-08 00:00:00,0.0,0.0,0.0,1,1,9,100,1.282756305344,9,Typeb,Toyota,Food
2026-01-08 01:00:00,0.0,0.0,0.0,1,1,9,100,1.282756305344,9,Typeb,Toyota,Food
2026-01-08 02:00:00,0.0,0.0,0.0,1,1,9,100,1.282756305344,9,Typeb,Toyota,Food
2026-01-08 03:00:00,0.0,0.0,0.0,1,1,9,100,1.282756305344,9,Typeb,Toyota,Food
2026-01-08 04:00:00,0.0,0.0,0.0,1,1,9,100,1.282756305344,9,Typeb,Toyota,Food
2026-01-08 05:00:00,0.0,0.0,0.0,1,1,9,100,1.282756305344,9,Typeb,Toyota,Food
2026-01-08 06:00:00,5.4636077716252265,0.6428400163685352,0.11765852221440001,0,0,9,0,1.176585222144,9,Typeb,Toyota,Food
2026-01-08 07:00:00,5.4636077716252265,1.647586104510305,0.30155643914757213,0,0,9,0,1.176585222144,9,Typeb,Toyota,Food
2026-01-08 08:00:00,5.4636077716252265,0.9484625675576597,0.1735963867105208,0,0,9,0,1.176585222144,9,Typeb,Toyota,Food
2026-01-08 09:00:00,5.4636077716252265,2.020435111657709,0.3697987110551133,0,0,9,0,1.176585222144,9,Typeb,Toyota,Food
2026-01-08 10:00:00,5.4636077716252265,1.069721838999736,0.19579037949159595,0,0,9,0,1.176585222144,9,Typeb,Toyota,Food
2026-01-08 11:00:00,5.4636077716252265,1.1895706112033602,0.2177262096633825,0,0,9,0,1.176585222144,9,Typeb,Toyota,Food
2026-01-08 12:00:00,0.0,0.0,0.0,1,1,9,100,1.176585222144,9,Typeb,Toyota,Food
2026-01-08 13:00:00,5.226059607641521,2.3968634220155223,0.4586368319471211,0,0,9,0,1.176585222144,9,Typeb,Toyota,Food
2026-01-08 14:00:00,5.226059607641521,0.6148904504394685,0.11765852221440001,0,0,9,0,1.176585222144,9,Typeb,Toyota,Food
2026-01-08 15:00:00,5.226059607641521,1.954201780349106,0.3739340778837809,0,0,9,0,1.176585222144,9,Typeb,Toyota,Food
2026-01-08 16:00:00,5.226059607641521,1.245028742466361,0.23823469993451388,0,0,9,0,1.176585222144,9,Typeb,Toyota,Food
2026-01-08 17:00:00,5.226059607641521,1.1970835971819942,0.2290604560712671,0,0,9,0,1.176585222144,9,Typeb,Toyota,Food
2026-01-08 18:00:00,5.226059607641521,1.1674025610863281,0.22338102676428667,0,0,9,0,1.176585222144,9,Typeb,Toyota,Food
2026-01-08 19:00:00,0.0,0.0,0.0,1,1,9,100,1.176585222144,9,Typeb,Toyota,Food
2026-01-08 20:00:00,0.0,0.0,0.0,1,1,9,100,1.176585222144,9,Typeb,Toyota,Food
2026-01-08 21:00:00,0.0,0.0,0.0,1,1,9,100,1.176585222144,9,Typeb,Toyota,Food
2026-01-08 22:00:00,0.0,0.0,0.0,1,1,9,100,1.176585222144,9,Typeb,Toyota,Food
2026-01-08 23:00:00,0.0,0.0,0.0,1,1,9,100,1.176585222144,9,Typeb,Toyota,Food
2026-01-09 00:00:00,0.0,0.0,0.0,1,1,9,100,1.176585222144,9,Typeb,Toyota,Food
2026-01-09 01:00:00,0.0,0.0,0.0,1,1,9,100,1.176585222144,9,Typeb,Toyota,Food
2026-01-09 02:00:00,0.0,0.0,0.0,1,1,9,100,1.176585222144,9,Typeb,Toyota,Food
2026-01-09 03:00:00,0.0,0.0,0.0,1,1,9,100,1.176585222144,9,Typeb,Toyota,Food
2026-01-09 04:00:00,0.0,0.0,0.0,1,1,9,100,1.176585222144,9,Typeb,Toyota,Food
2026-01-09 05:00:00,0.0,0.0,0.0,1,1,9,100,1.176585222144,9,Typeb,Toyota,Food
2026-01-09 06:00:00,6.851462731822934,2.2124901484532846,0.32292230652834897,0,0,9,0,1.137342385344,9,Typeb,Toyota,Food
2026-01-09 07:00:00,6.851462731822934,3.5066065349281565,0.5118040734047999,0,0,9,0,1.137342385344,9,Typeb,Toyota,Food
2026-01-09 08:00:00,6.851462731822934,2.8929316523361943,0.42223562552554184,0,0,9,0,1.137342385344,9,Typeb,Toyota,Food
2026-01-09 09:00:00,6.851462731822934,2.7203987915737082,0.39705372386224824,0,0,9,0,1.137342385344,9,Typeb,Toyota,Food
2026-01-09 10:00:00,6.851462731822934,0.7792458966507014,0.1137342385344,0,0,9,0,1.137342385344,9,Typeb,Toyota,Food
2026-01-09 11:00:00,6.851462731822934,3.5066065349281565,0.5118040734047999,0,0,9,0,1.137342385344,9,Typeb,Toyota,Food
2026-01-09 12:00:00,0.0,0.0,0.0,1,1,9,100,1.137342385344,9,Typeb,Toyota,Food
2026-01-09 13:00:00,6.324427137067324,3.2368675707029135,0.5118040734047999,0,0,9,0,1.137342385344,9,Typeb,Toyota,Food
2026-01-09 14:00:00,6.324427137067324,1.3732707743788681,0.21713757540665768,0,0,9,0,1.137342385344,9,Typeb,Toyota,Food
2026-01-09 15:00:00,6.324427137067324,1.664896203706654,0.2632485389781369,0,0,9,0,1.137342385344,9,Typeb,Toyota,Food
2026-01-09 16:00:00,6.324427137067324,2.079638012618262,0.32882630593205053,0,0,9,0,1.137342385344,9,Typeb,Toyota,Food
2026-01-09 17:00:00,6.324427137067324,0.7193039046006475,0.1137342385344,0,0,9,0,1.137342385344,9,Typeb,Toyota,Food
2026-01-09 18:00:00,6.324427137067324,2.754802238068453,0.4355813069491495,0,0,9,0,1.137342385344,9,Typeb,Toyota,Food
2026-01-09 19:00:00,6.324427137067324,1.3416794022405751,0.2121424396491222,0,0,9,0,1.137342385344,9,Typeb,Toyota,Food
2026-01-09 20:00:00,0.0,0.0,0.0,1,1,9,100,1.137342385344,9,Typeb,Toyota,Food
2026-01-09 21:00:00,0.0,0.0,0.0,1,1,9,100,1.137342385344,9,Typeb,Toyota,Food
2026-01-09 22:00:00,0.0,0.0,0.0,1,1,9,100,1.137342385344,9,Typeb,Toyota,Food
2026-01-09 23:00:00,0.0,0.0,0.0,1,1,9,100,1.137342385344,9,Typeb,Toyota,Food
2026-01-10 00:00:00,0.0,0.0,0.0,1,1,9,100,1.137342385344,9,Typeb,Toyota,Food
2026-01-10 01:00:00,0.0,0.0,0.0,1,1,9,100,1.137342385344,9,Typeb,Toyota,Food
2026-01-10 02:00:00,0.0,0.0,0.0,1,1,9,100,1.137342385344,9,Typeb,Toyota,Food
2026-01-10 03:00:00,0.0,0.0,0.0,1,1,9,100,1.137342385344,9,Typeb,Toyota,Food
2026-01-10 04:00:00,0.0,0.0,0.0,1,1,9,100,1.137342385344,9,Typeb,Toyota,Food
2026-01-10 05:00:00,0.0,0.0,0.0,1,1,9,100,1.137342385344,9,Typeb,Toyota,Food
2026-01-10 06:00:00,0.0,0.0,0.0,1,1,9,100,1.137342385344,9,Typeb,Toyota,Food
2026-01-10 07:00:00,0.0,0.0,0.0,1,1,9,100,1.137342385344,9,Typeb,Toyota,Food
2026-01-10 08:00:00,0.0,0.0,0.0,1,1,9,100,1.137342385344,9,Typeb,Toyota,Food
2026-01-10 09:00:00,0.0,0.0,0.0,1,1,9,100,1.137342385344,9,Typeb,Toyota,Food
2026-01-10 10:00:00,0.0,0.0,0.0,1,1,9,100,1.137342385344,9,Typeb,Toyota,Food
2026-01-10 11:00:00,17.142857142857142,4.319874775650941,0.2519926952463049,0,0,9,0,1.18961004,9,Typeb,Toyota,Food
2026-01-10 12:00:00,0.0,0.0,0.0,1,1,9,100,1.18961004,9,Typeb,Toyota,Food
2026-01-10 13:00:00,4.444444444444445,1.1484006478888111,0.2583901457749825,0,0,9,0,1.18961004,9,Typeb,Toyota,Food
2026-01-10 14:00:00,4.444444444444445,2.2912252196892626,0.5155256744300841,0,0,9,0,1.18961004,9,Typeb,Toyota,Food
2026-01-10 15:00:00,4.444444444444445,0.5287155733333334,0.11896100400000001,0,0,9,0,1.18961004,9,Typeb,Toyota,Food
2026-01-10 16:00:00,4.444444444444445,1.3826475684565878,0.3110957029027322,0,0,9,0,1.18961004,9,Typeb,Toyota,Food
2026-01-10 17:00:00,4.444444444444445,0.5287155733333334,0.11896100400000001,0,0,9,0,1.18961004,9,Typeb,Toyota,Food
2026-01-10 18:00:00,4.444444444444445,1.0581881523772958,0.23809233428489152,0,0,9,0,1.18961004,9,Typeb,Toyota,Food
2026-01-10 19:00:00,4.444444444444445,1.2671414736053679,0.28510683156120775,0,0,9,0,1.18961004,9,Typeb,Toyota,Food
2026-01-10 20:00:00,0.0,0.0,0.0,1,1,9,100,1.18961004,9,Typeb,Toyota,Food
2026-01-10 21:00:00,0.0,0.0,0.0,1,1,9,100,1.18961004,9,Typeb,Toyota,Food
2026-01-10 22:00:00,0.0,0.0,0.0,1,1,9,100,1.18961004,9,Typeb,Toyota,Food
2026-01-10 23:00:00,0.0,0.0,0.0,1,1,9,100,1.18961004,9,Typeb,Toyota,Food
2026-01-11 00:00:00,0.0,0.0,0.0,1,1,9,100,1.18961004,9,Typeb,Toyota,Food
2026-01-11 01:00:00,0.0,0.0,0.0,1,1,9,100,1.18961004,9,Typeb,Toyota,Food
2026-01-11 02:00:00,0.0,0.0,0.0,1,1,9,100,1.18961004,9,Typeb,Toyota,Food
2026-01-11 03:00:00,0.0,0.0,0.0,1,1,9,100,1.18961004,9,Typeb,Toyota,Food
2026-01-11 04:00:00,0.0,0.0,0.0,1,1,9,100,1.18961004,9,Typeb,Toyota,Food
2026-01-11 05:00:00,0.0,0.0,0.0,1,1,9,100,1.18961004,9,Typeb,Toyota,Food
2026-01-11 06:00:00,0.0,0.0,0.0,1,1,9,100,1.18961004,9,Typeb,Toyota,Food
2026-01-11 07:00:00,0.0,0.0,0.0,1,1,9,100,1.18961004,9,Typeb,Toyota,Food
2026-01-11 08:00:00,0.0,0.0,0.0,1,1,9,100,1.18961004,9,Typeb,Toyota,Food
2026-01-11 09:00:00,0.0,0.0,0.0,1,1,9,100,1.18961004,9,Typeb,Toyota,Food
2026-01-11 10:00:00,15.0,5.586626173709521,0.3724417449139681,0,0,9,0,1.122069513044,9,Typeb,Toyota,Food
2026-01-11 11:00:00,15.0,6.4810367495504275,0.43206911663669517,0,0,9,0,1.122069513044,9,Typeb,Toyota,Food
2026-01-11 12:00:00,0.0,0.0,0.0,1,1,9,100,1.122069513044,9,Typeb,Toyota,Food
2026-01-11 13:00:00,4.615384615384615,1.7723377006373005,0.38400650180474843,0,0,9,0,1.122069513044,9,Typeb,Toyota,Food
2026-01-11 14:00:00,4.615384615384615,1.2300684343405286,0.2665148274404479,0,0,9,0,1.122069513044,9,Typeb,Toyota,Food
2026-01-11 15:00:00,4.615384615384615,0.5178782367895384,0.1122069513044,0,0,9,0,1.122069513044,9,Typeb,Toyota,Food
2026-01-11 16:00:00,4.615384615384615,0.5560067354359652,0.12046812601112582,0,0,9,0,1.122069513044,9,Typeb,Toyota,Food
2026-01-11 17:00:00,4.615384615384615,1.500236952357238,0.32505133967740163,0,0,9,0,1.122069513044,9,Typeb,Toyota,Food
2026-01-11 18:00:00,4.615384615384615,1.8179245201779912,0.3938836460385648,0,0,9,0,1.122069513044,9,Typeb,Toyota,Food
2026-01-11 19:00:00,0.0,0.0,0.0,1,1,9,100,1.122069513044,9,Typeb,Toyota,Food
2026-01-11 20:00:00,0.0,0.0,0.0,1,1,9,100,1.122069513044,9,Typeb,Toyota,Food
2026-01-11 21:00:00,0.0,0.0,0.0,1,1,9,100,1.122069513044,9,Typeb,Toyota,Food
2026-01-11 22:00:00,0.0,0.0,0.0,1,1,9,100,1.122069513044,9,Typeb,Toyota,Food
2026-01-11 23:00:00,0.0,0.0,0.0,1,1,9,100,1.122069513044,9,Typeb,Toyota,Food
2026-01-12 00:00:00,0.0,0.0,0.0,1,1,9,100,1.122069513044,9,Typeb,Toyota,Food
2026-01-12 01:00:00,0.0,0.0,0.0,1,1,9,100,1.122069513044,9,Typeb,Toyota,Food
2026-01-12 02:00:00,0.0,0.0,0.0,1,1,9,100,1.122069513044,9,Typeb,Toyota,Food
2026-01-12 03:00:00,0.0,0.0,0.0,1,1,9,100,1.122069513044,9,Typeb,Toyota,Food
2026-01-12 04:00:00,0.0,0.0,0.0,1,1,9,100,1.122069513044,9,Typeb,Toyota,Food
2026-01-12 05:00:00,0.0,0.0,0.0,1,1,9,100,1.122069513044,9,Typeb,Toyota,Food
2026-01-12 06:00:00,5.796666894812901,1.7670169795065256,0.30483327946405303,0,0,9,0,1.119889326784,9,Typeb,Toyota,Food
2026-01-12 07:00:00,5.796666894812901,2.744863142031747,0.4735243876938943,0,0,9,0,1.119889326784,9,Typeb,Toyota,Food
2026-01-12 08:00:00,5.796666894812901,2.2973930685581476,0.3963300134796344,0,0,9,0,1.119889326784,9,Typeb,Toyota,Food
2026-01-12 09:00:00,5.796666894812901,2.0310846134733933,0.35038836116163447,0,0,9,0,1.119889326784,9,Typeb,Toyota,Food
2026-01-12 10:00:00,5.796666894812901,0.9609354069618621,0.16577378421067235,0,0,9,0,1.119889326784,9,Typeb,Toyota,Food
2026-01-12 11:00:00,5.796666894812901,2.0140596400680453,0.34745133308769377,0,0,9,0,1.119889326784,9,Typeb,Toyota,Food
2026-01-12 12:00:00,5.796666894812901,1.6192805606109408,0.2793468367243839,0,0,9,0,1.119889326784,9,Typeb,Toyota,Food
2026-01-12 13:00:00,0.0,0.0,0.0,1,1,9,100,1.119889326784,9,Typeb,Toyota,Food
2026-01-12 14:00:00,6.492266922190449,0.845363223689258,0.1302107929049901,0,0,9,0,1.119889326784,9,Typeb,Toyota,Food
2026-01-12 15:00:00,6.492266922190449,2.455128903872285,0.37816204005425286,0,0,9,0,1.119889326784,9,Typeb,Toyota,Food
2026-01-12 16:00:00,6.492266922190449,3.2717791947572525,0.5039501970528,0,0,9,0,1.119889326784,9,Typeb,Toyota,Food
2026-01-12 17:00:00,6.492266922190449,0.7270620432793894,0.1119889326784,0,0,9,0,1.119889326784,9,Typeb,Toyota,Food
2026-01-12 18:00:00,6.492266922190449,0.8364425684227667,0.12883674969737016,0,0,9,0,1.119889326784,9,Typeb,Toyota,Food
2026-01-12 19:00:00,6.492266922190449,3.2717791947572525,0.5039501970528,0,0,9,0,1.119889326784,9,Typeb,Toyota,Food
2026-01-12 20:00:00,0.0,0.0,0.0,1,1,9,100,1.119889326784,9,Typeb,Toyota,Food
2026-01-12 21:00:00,0.0,0.0,0.0,1,1,9,100,1.119889326784,9,Typeb,Toyota,Food
2026-01-12 22:00:00,0.0,0.0,0.0,1,1,9,100,1.119889326784,9,Typeb,Toyota,Food
2026-01-12 23:00:00,0.0,0.0,0.0,1,1,9,100,1.119889326784,9,Typeb,Toyota,Food
2026-01-13 00:00:00,0.0,0.0,0.0,1,1,9,100,1.119889326784,9,Typeb,Toyota,Food
2026-01-13 01:00:00,0.0,0.0,0.0,1,1,9,100,1.119889326784,9,Typeb,Toyota,Food
2026-01-13 02:00:00,0.0,0.0,0.0,1,1,9,100,1.119889326784,9,Typeb,Toyota,Food
2026-01-13 03:00:00,0.0,0.0,0.0,1,1,9,100,1.119889326784,9,Typeb,Toyota,Food
2026-01-13 04:00:00,0.0,0.0,0.0,1,1,9,100,1.119889326784,9,Typeb,Toyota,Food
2026-01-13 05:00:00,0.0,0.0,0.0,1,1,9,100,1.119889326784,9,Typeb,Toyota,Food
2026-01-13 06:00:00,0.0,0.0,0.0,1,1,9,100,1.119889326784,9,Typeb,Toyota,Food
2026-01-13 07:00:00,7.602227982467746,2.0117732764013927,0.2646294324559778,0,0,9,0,1.12425024,9,Typeb,Toyota,Food
2026-01-13 08:00:00,7.602227982467746,2.184167855851364,0.287306281906895,0,0,9,0,1.12425024,9,Typeb,Toyota,Food
2026-01-13 09:00:00,7.602227982467746,2.8908752726659266,0.38026684799941035,0,0,9,0,1.12425024,9,Typeb,Toyota,Food
2026-01-13 10:00:00,7.602227982467746,2.7760376618483384,0.36516106439460044,0,0,9,0,1.12425024,9,Typeb,Toyota,Food
2026-01-13 11:00:00,7.602227982467746,1.3871722304111618,0.182469170039396,0,0,9,0,1.12425024,9,Typeb,Toyota,Food
2026-01-13 12:00:00,7.602227982467746,3.8460629852208363,0.505912608,0,0,9,0,1.12425024,9,Typeb,Toyota,Food
2026-01-13 13:00:00,7.2981388631690365,3.4166466459693483,0.4681531428802868,0,0,9,0,1.12425024,9,Typeb,Toyota,Food
2026-01-13 14:00:00,7.2981388631690365,3.6922204658120026,0.505912608,0,0,9,0,1.12425024,9,Typeb,Toyota,Food
2026-01-13 15:00:00,7.2981388631690365,3.6377756919090074,0.4984525178422535,0,0,9,0,1.12425024,9,Typeb,Toyota,Food
2026-01-13 16:00:00,7.2981388631690365,2.2406467921246027,0.3070161905841919,0,0,9,0,1.12425024,9,Typeb,Toyota,Food
2026-01-13 17:00:00,7.2981388631690365,0.8204934368471117,0.11242502400000001,0,0,9,0,1.12425024,9,Typeb,Toyota,Food
2026-01-13 18:00:00,7.2981388631690365,2.2306219878714537,0.30564257952511215,0,0,9,0,1.12425024,9,Typeb,Toyota,Food
2026-01-13 19:00:00,0.0,0.0,0.0,1,1,9,100,1.12425024,9,Typeb,Toyota,Food
2026-01-13 20:00:00,0.0,0.0,0.0,1,1,9,100,1.12425024,9,Typeb,Toyota,Food
2026-01-13 21:00:00,0.0,0.0,0.0,1,1,9,100,1.12425024,9,Typeb,Toyota,Food
2026-01-13 22:00:00,0.0,0.0,0.0,1,1,9,100,1.12425024,9,Typeb,Toyota,Food
2026-01-13 23:00:00,0.0,0.0,0.0,1,1,9,100,1.12425024,9,Typeb,Toyota,Food
2026-01-14 00:00:00,0.0,0.0,0.0,1,1,9,100,1.12425024,9,Typeb,Toyota,Food
2026-01-14 01:00:00,0.0,0.0,0.0,1,1,9,100,1.12425024,9,Typeb,Toyota,Food
2026-01-14 02:00:00,0.0,0.0,0.0,1,1,9,100,1.12425024,9,Typeb,Toyota,Food
2026-01-14 03:00:00,0.0,0.0,0.0,1,1,9,100,1.12425024,9,Typeb,Toyota,Food
2026-01-14 04:00:00,0.0,0.0,0.0,1,1,9,100,1.12425024,9,Typeb,Toyota,Food
2026-01-14 05:00:00,0.0,0.0,0.0,1,1,9,100,1.12425024,9,Typeb,Toyota,Food
2026-01-14 06:00:00,0.0,0.0,0.0,1,1,9,100,1.12425024,9,Typeb,Toyota,Food
2026-01-14 07:00:00,0.0,0.0,0.0,1,1,9,100,1.12425024,9,Typeb,Toyota,Food
2026-01-14 08:00:00,8.856520809432348,2.8542605388004665,0.3222778560809827,0,0,9,0,1.102475,9,Typeb,Toyota,Food
2026-01-14 09:00:00,8.856520809432348,0.976409277937893,0.11024750000000001,0,0,9,0,1.102475,9,Typeb,Toyota,Food
2026-01-14 10:00:00,8.856520809432348,1.5040971321764562,0.16982934546651396,0,0,9,0,1.102475,9,Typeb,Toyota,Food
2026-01-14 11:00:00,8.856520809432348,4.1449503123536555,0.4680111300522449,0,0,9,0,1.102475,9,Typeb,Toyota,Food
2026-01-14 12:00:00,0.0,0.0,0.0,1,1,9,100,1.102475,9,Typeb,Toyota,Food
2026-01-14 13:00:00,0.0,0.0,0.0,1,1,9,100,1.102475,9,Typeb,Toyota,Food
2026-01-14 14:00:00,6.16105795438772,1.5058224402839138,0.24440971849834855,0,0,9,0,1.102475,9,Typeb,Toyota,Food
2026-01-14 15:00:00,6.16105795438772,1.6053081443838786,0.2605572218713876,0,0,9,0,1.102475,9,Typeb,Toyota,Food
2026-01-14 16:00:00,6.16105795438772,2.0947220961688893,0.3399938958011409,0,0,9,0,1.102475,9,Typeb,Toyota,Food
2026-01-14 17:00:00,6.16105795438772,1.1517273082045791,0.18693661327830127,0,0,9,0,1.102475,9,Typeb,Toyota,Food
2026-01-14 18:00:00,6.16105795438772,2.3315828368021903,0.37843871199778395,0,0,9,0,1.102475,9,Typeb,Toyota,Food
2026-01-14 19:00:00,0.0,0.0,0.0,1,1,9,100,1.102475,9,Typeb,Toyota,Food
2026-01-14 20:00:00,0.0,0.0,0.0,1,1,9,100,1.102475,9,Typeb,Toyota,Food
2026-01-14 21:00:00,0.0,0.0,0.0,1,1,9,100,1.102475,9,Typeb,Toyota,Food
2026-01-14 22:00:00,0.0,0.0,0.0,1,1,9,100,1.102475,9,Typeb,Toyota,Food
2026-01-14 23:00:00,0.0,0.0,0.0,1,1,9,100,1.102475,9,Typeb,Toyota,Food
2026-01-01 00:00:00,0.0,0.0,0.0,1,1,10,100,1.0,10,Typeb,Toyota,Food
2026-01-01 01:00:00,0.0,0.0,0.0,1,1,10,100,1.0,10,Typeb,Toyota,Food
2026-01-01 02:00:00,0.0,0.0,0.0,1,1,10,100,1.0,10,Typeb,Toyota,Food
2026-01-01 03:00:00,0.0,0.0,0.0,1,1,10,100,1.0,10,Typeb,Toyota,Food
2026-01-01 04:00:00,0.0,0.0,0.0,1,1,10,100,1.0,10,Typeb,Toyota,Food
2026-01-01 05:00:00,6.824472241768382,2.566491246878698,0.3760717541161335,0,0,10,0,1.1329772784640002,10,Typeb,Toyota,Food
2026-01-01 06:00:00,6.824472241768382,1.9103789238302027,0.27993064608541485,0,0,10,0,1.1329772784640002,10,Typeb,Toyota,Food
2026-01-01 07:00:00,6.824472241768382,2.651237186655889,0.3884897018745717,0,0,10,0,1.1329772784640002,10,Typeb,Toyota,Food
2026-01-01 08:00:00,6.824472241768382,1.3710722864772023,0.20090524774732252,0,0,10,0,1.1329772784640002,10,Typeb,Toyota,Food
2026-01-01 09:00:00,6.824472241768382,2.759115974244995,0.4042973399991503,0,0,10,0,1.1329772784640002,10,Typeb,Toyota,Food
2026-01-01 10:00:00,6.824472241768382,2.7225020930585986,0.3989322538958901,0,0,10,0,1.1329772784640002,10,Typeb,Toyota,Food
2026-01-01 11:00:00,6.824472241768382,2.12236937295228,0.3109939197880486,0,0,10,0,1.1329772784640002,10,Typeb,Toyota,Food
2026-01-01 12:00:00,6.824472241768382,2.079653333018271,0.30473467534822646,0,0,10,0,1.1329772784640002,10,Typeb,Toyota,Food
2026-01-01 13:00:00,0.0,0.0,0.0,1,1,10,100,1.1329772784640002,10,Typeb,Toyota,Food
2026-01-01 14:00:00,8.901485532741368,4.049695074159653,0.45494598168632633,0,0,10,0,1.1329772784640002,10,Typeb,Toyota,Food
2026-01-01 15:00:00,8.901485532741368,2.507738149562835,0.2817213082399442,0,0,10,0,1.1329772784640002,10,Typeb,Toyota,Food
2026-01-01 16:00:00,8.901485532741368,2.703696374407984,0.30373541185493935,0,0,10,0,1.1329772784640002,10,Typeb,Toyota,Food
2026-01-01 17:00:00,8.901485532741368,2.664172002046844,0.2992952122707506,0,0,10,0,1.1329772784640002,10,Typeb,Toyota,Food
2026-01-01 18:00:00,8.901485532741368,2.680584601336053,0.30113901679403393,0,0,10,0,1.1329772784640002,10,Typeb,Toyota,Food
2026-01-01 19:00:00,0.0,0.0,0.0,1,1,10,100,1.1329772784640002,10,Typeb,Toyota,Food
2026-01-01 20:00:00,0.0,0.0,0.0,1,1,10,100,1.1329772784640002,10,Typeb,Toyota,Food
2026-01-01 21:00:00,0.0,0.0,0.0,1,1,10,100,1.1329772784640002,10,Typeb,Toyota,Food
2026-01-01 22:00:00,0.0,0.0,0.0,1,1,10,100,1.1329772784640002,10,Typeb,Toyota,Food
2026-01-01 23:00:00,0.0,0.0,0.0,1,1,10,100,1.1329772784640002,10,Typeb,Toyota,Food
2026-01-02 00:00:00,0.0,0.0,0.0,1,1,10,100,1.1329772784640002,10,Typeb,Toyota,Food
2026-01-02 01:00:00,0.0,0.0,0.0,1,1,10,100,1.1329772784640002,10,Typeb,Toyota,Food
2026-01-02 02:00:00,0.0,0.0,0.0,1,1,10,100,1.1329772784640002,10,Typeb,Toyota,Food
2026-01-02 03:00:00,0.0,0.0,0.0,1,1,10,100,1.1329772784640002,10,Typeb,Toyota,Food
2026-01-02 04:00:00,0.0,0.0,0.0,1,1,10,100,1.1329772784640002,10,Typeb,Toyota,Food
2026-01-02 05:00:00,7.039750534427268,3.904706876768878,0.5546655180000001,0,0,10,0,1.23259004,10,Typeb,Toyota,Food
2026-01-02 06:00:00,7.039750534427268,3.426373093972424,0.4867179706462685,0,0,10,0,1.23259004,10,Typeb,Toyota,Food
2026-01-02 07:00:00,7.039750534427268,0.867712639281973,0.123259004,0,0,10,0,1.23259004,10,Typeb,Toyota,Food
2026-01-02 08:00:00,7.039750534427268,1.888263328459625,0.26822872759840605,0,0,10,0,1.23259004,10,Typeb,Toyota,Food
2026-01-02 09:00:00,7.039750534427268,0.911987459605782,0.12954826384057064,0,0,10,0,1.23259004,10,Typeb,Toyota,Food
2026-01-02 10:00:00,7.039750534427268,3.680405916864384,0.5228034571488988,0,0,10,0,1.23259004,10,Typeb,Toyota,Food
2026-01-02 11:00:00,7.039750534427268,3.904706876768878,0.5546655180000001,0,0,10,0,1.23259004,10,Typeb,Toyota,Food
2026-01-02 12:00:00,0.0,0.0,0.0,1,1,10,100,1.23259004,10,Typeb,Toyota,Food
2026-01-02 13:00:00,8.213042290165147,4.555491356230358,0.5546655180000001,0,0,10,0,1.23259004,10,Typeb,Toyota,Food
2026-01-02 14:00:00,8.213042290165147,2.2415327362430815,0.2729235595106146,0,0,10,0,1.23259004,10,Typeb,Toyota,Food
2026-01-02 15:00:00,8.213042290165147,2.3362515105414103,0.28445628647730165,0,0,10,0,1.23259004,10,Typeb,Toyota,Food
2026-01-02 16:00:00,8.213042290165147,2.3018599216073303,0.2802688504798926,0,0,10,0,1.23259004,10,Typeb,Toyota,Food
2026-01-02 17:00:00,8.213042290165147,2.471070735143869,0.30087154647954223,0,0,10,0,1.23259004,10,Typeb,Toyota,Food
2026-01-02 18:00:00,8.213042290165147,1.3997119446066568,0.17042551288001606,0,0,10,0,1.23259004,10,Typeb,Toyota,Food
2026-01-02 19:00:00,0.0,0.0,0.0,1,1,10,100,1.23259004,10,Typeb,Toyota,Food
2026-01-02 20:00:00,0.0,0.0,0.0,1,1,10,100,1.23259004,10,Typeb,Toyota,Food
2026-01-02 21:00:00,0.0,0.0,0.0,1,1,10,100,1.23259004,10,Typeb,Toyota,Food
2026-01-02 22:00:00,0.0,0.0,0.0,1,1,10,100,1.23259004,10,Typeb,Toyota,Food
2026-01-02 23:00:00,0.0,0.0,0.0,1,1,10,100,1.23259004,10,Typeb,Toyota,Food
2026-01-03 00:00:00,0.0,0.0,0.0,1,1,10,100,1.23259004,10,Typeb,Toyota,Food
2026-01-03 01:00:00,0.0,0.0,0.0,1,1,10,100,1.23259004,10,Typeb,Toyota,Food
2026-01-03 02:00:00,0.0,0.0,0.0,1,1,10,100,1.23259004,10,Typeb,Toyota,Food
2026-01-03 03:00:00,0.0,0.0,0.0,1,1,10,100,1.23259004,10,Typeb,Toyota,Food
2026-01-03 04:00:00,0.0,0.0,0.0,1,1,10,100,1.23259004,10,Typeb,Toyota,Food
2026-01-03 05:00:00,0.0,0.0,0.0,1,1,10,100,1.23259004,10,Typeb,Toyota,Food
2026-01-03 06:00:00,0.0,0.0,0.0,1,1,10,100,1.23259004,10,Typeb,Toyota,Food
2026-01-03 07:00:00,0.0,0.0,0.0,1,1,10,100,1.23259004,10,Typeb,Toyota,Food
2026-01-03 08:00:00,0.0,0.0,0.0,1,1,10,100,1.23259004,10,Typeb,Toyota,Food
2026-01-03 09:00:00,0.0,0.0,0.0,1,1,10,100,1.23259004,10,Typeb,Toyota,Food
2026-01-03 10:00:00,15.0,5.285579871216416,0.3523719914144277,0,0,10,0,1.209049010004,10,Typeb,Toyota,Food
2026-01-03 11:00:00,15.0,2.5385123307364177,0.16923415538242784,0,0,10,0,1.209049010004,10,Typeb,Toyota,Food
2026-01-03 12:00:00,0.0,0.0,0.0,1,1,10,100,1.209049010004,10,Typeb,Toyota,Food
2026-01-03 13:00:00,4.8,1.5903536880888836,0.3313236850185174,0,0,10,0,1.209049010004,10,Typeb,Toyota,Food
2026-01-03 14:00:00,4.8,2.147325018428868,0.4473593788393475,0,0,10,0,1.209049010004,10,Typeb,Toyota,Food
2026-01-03 15:00:00,4.8,1.8035416955885668,0.3757378532476181,0,0,10,0,1.209049010004,10,Typeb,Toyota,Food
2026-01-03 16:00:00,4.8,2.61154586160864,0.5440720545018,0,0,10,0,1.209049010004,10,Typeb,Toyota,Food
2026-01-03 17:00:00,4.8,2.034797732307316,0.4239161942306908,0,0,10,0,1.209049010004,10,Typeb,Toyota,Food
2026-01-03 18:00:00,4.8,0.6227253889126709,0.1297344560234731,0,0,10,0,1.209049010004,10,Typeb,Toyota,Food
2026-01-03 19:00:00,0.0,0.0,0.0,1,1,10,100,1.209049010004,10,Typeb,Toyota,Food
2026-01-03 20:00:00,0.0,0.0,0.0,1,1,10,100,1.209049010004,10,Typeb,Toyota,Food
2026-01-03 21:00:00,0.0,0.0,0.0,1,1,10,100,1.209049010004,10,Typeb,Toyota,Food
2026-01-03 22:00:00,0.0,0.0,0.0,1,1,10,100,1.209049010004,10,Typeb,Toyota,Food
2026-01-03 23:00:00,0.0,0.0,0.0,1,1,10,100,1.209049010004,10,Typeb,Toyota,Food
2026-01-04 00:00:00,0.0,0.0,0.0,1,1,10,100,1.209049010004,10,Typeb,Toyota,Food
2026-01-04 01:00:00,0.0,0.0,0.0,1,1,10,100,1.209049010004,10,Typeb,Toyota,Food
2026-01-04 02:00:00,0.0,0.0,0.0,1,1,10,100,1.209049010004,10,Typeb,Toyota,Food
2026-01-04 03:00:00,0.0,0.0,0.0,1,1,10,100,1.209049010004,10,Typeb,Toyota,Food
2026-01-04 04:00:00,0.0,0.0,0.0,1,1,10,100,1.209049010004,10,Typeb,Toyota,Food
2026-01-04 05:00:00,0.0,0.0,0.0,1,1,10,100,1.209049010004,10,Typeb,Toyota,Food
2026-01-04 06:00:00,0.0,0.0,0.0,1,1,10,100,1.209049010004,10,Typeb,Toyota,Food
2026-01-04 07:00:00,0.0,0.0,0.0,1,1,10,100,1.209049010004,10,Typeb,Toyota,Food
2026-01-04 08:00:00,0.0,0.0,0.0,1,1,10,100,1.209049010004,10,Typeb,Toyota,Food
2026-01-04 09:00:00,8.571428571428571,1.1185972735714287,0.13050301525000002,0,0,10,0,1.3050301525,10,Typeb,Toyota,Food
2026-01-04 10:00:00,8.571428571428571,5.033687731071429,0.5872635686250001,0,0,10,0,1.3050301525,10,Typeb,Toyota,Food
2026-01-04 11:00:00,8.571428571428571,1.1185972735714287,0.13050301525000002,0,0,10,0,1.3050301525,10,Typeb,Toyota,Food
2026-01-04 12:00:00,0.0,0.0,0.0,1,1,10,100,1.3050301525,10,Typeb,Toyota,Food
2026-01-04 13:00:00,5.0,2.4808321114037644,0.4961664222807529,0,0,10,0,1.3050301525,10,Typeb,Toyota,Food
2026-01-04 14:00:00,5.0,0.65251507625,0.13050301525000002,0,0,10,0,1.3050301525,10,Typeb,Toyota,Food
2026-01-04 15:00:00,5.0,2.9363178431250003,0.5872635686250001,0,0,10,0,1.3050301525,10,Typeb,Toyota,Food
2026-01-04 16:00:00,5.0,2.8688970374719065,0.5737794074943814,0,0,10,0,1.3050301525,10,Typeb,Toyota,Food
2026-01-04 17:00:00,5.0,1.4070474053532185,0.2814094810706437,0,0,10,0,1.3050301525,10,Typeb,Toyota,Food
2026-01-04 18:00:00,5.0,1.806569182335219,0.36131383646704385,0,0,10,0,1.3050301525,10,Typeb,Toyota,Food
2026-01-04 19:00:00,0.0,0.0,0.0,1,1,10,100,1.3050301525,10,Typeb,Toyota,Food
2026-01-04 20:00:00,0.0,0.0,0.0,1,1,10,100,1.3050301525,10,Typeb,Toyota,Food
2026-01-04 21:00:00,0.0,0.0,0.0,1,1,10,100,1.3050301525,10,Typeb,Toyota,Food
2026-01-04 22:00:00,0.0,0.0,0.0,1,1,10,100,1.3050301525,10,Typeb,Toyota,Food
2026-01-04 23:00:00,0.0,0.0,0.0,1,1,10,100,1.3050301525,10,Typeb,Toyota,Food
2026-01-05 00:00:00,0.0,0.0,0.0,1,1,10,100,1.3050301525,10,Typeb,Toyota,Food
2026-01-05 01:00:00,0.0,0.0,0.0,1,1,10,100,1.3050301525,10,Typeb,Toyota,Food
2026-01-05 02:00:00,0.0,0.0,0.0,1,1,10,100,1.3050301525,10,Typeb,Toyota,Food
2026-01-05 03:00:00,0.0,0.0,0.0,1,1,10,100,1.3050301525,10,Typeb,Toyota,Food
2026-01-05 04:00:00,0.0,0.0,0.0,1,1,10,100,1.3050301525,10,Typeb,Toyota,Food
2026-01-05 05:00:00,0.0,0.0,0.0,1,1,10,100,1.3050301525,10,Typeb,Toyota,Food
2026-01-05 06:00:00,0.0,0.0,0.0,1,1,10,100,1.3050301525,10,Typeb,Toyota,Food
2026-01-05 07:00:00,6.632029598678609,1.4410014898476324,0.2172791101738664,0,0,10,0,1.226197579604,10,Typeb,Toyota,Food
2026-01-05 08:00:00,6.632029598678609,0.8132178641761799,0.12261975796040002,0,0,10,0,1.226197579604,10,Typeb,Toyota,Food
2026-01-05 09:00:00,6.632029598678609,2.871355705502784,0.4329527880989681,0,0,10,0,1.226197579604,10,Typeb,Toyota,Food
2026-01-05 10:00:00,6.632029598678609,3.062215377551692,0.4617312591852453,0,0,10,0,1.226197579604,10,Typeb,Toyota,Food
2026-01-05 11:00:00,6.632029598678609,2.091400014004803,0.31534841376786094,0,0,10,0,1.226197579604,10,Typeb,Toyota,Food
2026-01-05 12:00:00,0.0,0.0,0.0,1,1,10,100,1.226197579604,10,Typeb,Toyota,Food
2026-01-05 13:00:00,6.632029598678609,3.6594803887928093,0.5517889108218,0,0,10,0,1.226197579604,10,Typeb,Toyota,Food
2026-01-05 14:00:00,6.632029598678609,3.6594803887928093,0.5517889108218,0,0,10,0,1.226197579604,10,Typeb,Toyota,Food
2026-01-05 15:00:00,6.632029598678609,3.6594803887928093,0.5517889108218,0,0,10,0,1.226197579604,10,Typeb,Toyota,Food
2026-01-05 16:00:00,6.632029598678609,2.2407534638193907,0.33786843536793726,0,0,10,0,1.226197579604,10,Typeb,Toyota,Food
2026-01-05 17:00:00,6.632029598678609,2.0024252536862357,0.3019324965143712,0,0,10,0,1.226197579604,10,Typeb,Toyota,Food
2026-01-05 18:00:00,0.0,0.0,0.0,1,1,10,100,1.226197579604,10,Typeb,Toyota,Food
2026-01-05 19:00:00,0.0,0.0,0.0,1,1,10,100,1.226197579604,10,Typeb,Toyota,Food
2026-01-05 20:00:00,0.0,0.0,0.0,1,1,10,100,1.226197579604,10,Typeb,Toyota,Food
2026-01-05 21:00:00,0.0,0.0,0.0,1,1,10,100,1.226197579604,10,Typeb,Toyota,Food
2026-01-05 22:00:00,0.0,0.0,0.0,1,1,10,100,1.226197579604,10,Typeb,Toyota,Food
2026-01-05 23:00:00,0.0,0.0,0.0,1,1,10,100,1.226197579604,10,Typeb,Toyota,Food
2026-01-06 00:00:00,0.0,0.0,0.0,1,1,10,100,1.226197579604,10,Typeb,Toyota,Food
2026-01-06 01:00:00,0.0,0.0,0.0,1,1,10,100,1.226197579604,10,Typeb,Toyota,Food
2026-01-06 02:00:00,0.0,0.0,0.0,1,1,10,100,1.226197579604,10,Typeb,Toyota,Food
2026-01-06 03:00:00,0.0,0.0,0.0,1,1,10,100,1.226197579604,10,Typeb,Toyota,Food
2026-01-06 04:00:00,0.0,0.0,0.0,1,1,10,100,1.226197579604,10,Typeb,Toyota,Food
2026-01-06 05:00:00,0.0,0.0,0.0,1,1,10,100,1.226197579604,10,Typeb,Toyota,Food
2026-01-06 06:00:00,8.492065741281886,2.4761079581789995,0.2915789907445098,0,0,10,0,1.3306301459840002,10,Typeb,Toyota,Food
2026-01-06 07:00:00,8.492065741281886,1.2819132065406018,0.15095422546117684,0,0,10,0,1.3306301459840002,10,Typeb,Toyota,Food
2026-01-06 08:00:00,8.492065741281886,4.93564142761032,0.5812062197796033,0,0,10,0,1.3306301459840002,10,Typeb,Toyota,Food
2026-01-06 09:00:00,8.492065741281886,3.6743488928131396,0.4326802223104897,0,0,10,0,1.3306301459840002,10,Typeb,Toyota,Food
2026-01-06 10:00:00,8.492065741281886,1.8404647835325791,0.21672757131231996,0,0,10,0,1.3306301459840002,10,Typeb,Toyota,Food
2026-01-06 11:00:00,8.492065741281886,1.1299798677027644,0.13306301459840003,0,0,10,0,1.3306301459840002,10,Typeb,Toyota,Food
2026-01-06 12:00:00,0.0,0.0,0.0,1,1,10,100,1.3306301459840002,10,Typeb,Toyota,Food
2026-01-06 13:00:00,0.0,0.0,0.0,1,1,10,100,1.3306301459840002,10,Typeb,Toyota,Food
2026-01-06 14:00:00,7.278913492527331,2.2011174720762123,0.30239643242579,0,0,10,0,1.3306301459840002,10,Typeb,Toyota,Food
2026-01-06 15:00:00,7.278913492527331,3.197426823932625,0.43927254077344974,0,0,10,0,1.3306301459840002,10,Typeb,Toyota,Food
2026-01-06 16:00:00,7.278913492527331,1.4330148809513814,0.19687208570654688,0,0,10,0,1.3306301459840002,10,Typeb,Toyota,Food
2026-01-06 17:00:00,7.278913492527331,3.4847230787569266,0.47874220271121626,0,0,10,0,1.3306301459840002,10,Typeb,Toyota,Food
2026-01-06 18:00:00,7.278913492527331,1.6245049325825702,0.22317959050486277,0,0,10,0,1.3306301459840002,10,Typeb,Toyota,Food
2026-01-06 19:00:00,7.278913492527331,4.358493775424948,0.5987835656928001,0,0,10,0,1.3306301459840002,10,Typeb,Toyota,Food
2026-01-06 20:00:00,7.278913492527331,4.139531164734548,0.5687017944346046,0,0,10,0,1.3306301459840002,10,Typeb,Toyota,Food
2026-01-06 21:00:00,0.0,0.0,0.0,1,1,10,100,1.3306301459840002,10,Typeb,Toyota,Food
2026-01-06 22:00:00,0.0,0.0,0.0,1,1,10,100,1.3306301459840002,10,Typeb,Toyota,Food
2026-01-06 23:00:00,0.0,0.0,0.0,1,1,10,100,1.3306301459840002,10,Typeb,Toyota,Food
2026-01-07 00:00:00,0.0,0.0,0.0,1,1,10,100,1.3306301459840002,10,Typeb,Toyota,Food
2026-01-07 01:00:00,0.0,0.0,0.0,1,1,10,100,1.3306301459840002,10,Typeb,Toyota,Food
2026-01-07 02:00:00,0.0,0.0,0.0,1,1,10,100,1.3306301459840002,10,Typeb,Toyota,Food
2026-01-07 03:00:00,0.0,0.0,0.0,1,1,10,100,1.3306301459840002,10,Typeb,Toyota,Food
2026-01-07 04:00:00,0.0,0.0,0.0,1,1,10,100,1.3306301459840002,10,Typeb,Toyota,Food
2026-01-07 05:00:00,6.824049545681756,1.9605874687931388,0.2873055735701383,0,0,10,0,1.282756305344,10,Typeb,Toyota,Food
2026-01-07 06:00:00,6.824049545681756,2.1164386701084363,0.3101440949308046,0,0,10,0,1.282756305344,10,Typeb,Toyota,Food
2026-01-07 07:00:00,6.824049545681756,2.5738930716220985,0.37717971629482855,0,0,10,0,1.282756305344,10,Typeb,Toyota,Food
2026-01-07 08:00:00,6.824049545681756,1.3247999152425873,0.19413691333482735,0,0,10,0,1.282756305344,10,Typeb,Toyota,Food
2026-01-07 09:00:00,6.824049545681756,1.6860142240018088,0.24706945820296908,0,0,10,0,1.282756305344,10,Typeb,Toyota,Food
2026-01-07 10:00:00,6.824049545681756,2.123818836357329,0.3112255885805046,0,0,10,0,1.282756305344,10,Typeb,Toyota,Food
2026-01-07 11:00:00,6.824049545681756,2.4891256600727574,0.36475785285701373,0,0,10,0,1.282756305344,10,Typeb,Toyota,Food
2026-01-07 12:00:00,0.0,0.0,0.0,1,1,10,100,1.282756305344,10,Typeb,Toyota,Food
2026-01-07 13:00:00,6.824049545681756,1.2716811485874255,0.18635285984875982,0,0,10,0,1.282756305344,10,Typeb,Toyota,Food
2026-01-07 14:00:00,6.824049545681756,3.9391166622164095,0.5772403374048001,0,0,10,0,1.282756305344,10,Typeb,Toyota,Food
2026-01-07 15:00:00,6.824049545681756,1.9485088646912434,0.28553556823517723,0,0,10,0,1.282756305344,10,Typeb,Toyota,Food
2026-01-07 16:00:00,6.824049545681756,1.0494429963110536,0.15378595792510605,0,0,10,0,1.282756305344,10,Typeb,Toyota,Food
2026-01-07 17:00:00,6.824049545681756,2.782738035890693,0.4077839730298564,0,0,10,0,1.282756305344,10,Typeb,Toyota,Food
2026-01-07 18:00:00,6.824049545681756,0.8753592582703132,0.12827563053440003,0,0,10,0,1.282756305344,10,Typeb,Toyota,Food
2026-01-07 19:00:00,6.824049545681756,3.9391166622164095,0.5772403374048001,0,0,10,0,1.282756305344,10,Typeb,Toyota,Food
2026-01-07 20:00:00,0.0,0.0,0.0,1,1,10,100,1.282756305344,10,Typeb,Toyota,Food
2026-01-07 21:00:00,0.0,0.0,0.0,1,1,10,100,1.282756305344,10,Typeb,Toyota,Food
2026-01-07 22:00:00,0.0,0.0,0.0,1,1,10,100,1.282756305344,10,Typeb,Toyota,Food
2026-01-07 23:00:00,0.0,0.0,0.0,1,1,10,100,1.282756305344,10,Typeb,Toyota,Food
2026-01-08 00:00:00,0.0,0.0,0.0,1,1,10,100,1.282756305344,10,Typeb,Toyota,Food
2026-01-08 01:00:00,0.0,0.0,0.0,1,1,10,100,1.282756305344,10,Typeb,Toyota,Food
2026-01-08 02:00:00,0.0,0.0,0.0,1,1,10,100,1.282756305344,10,Typeb,Toyota,Food
2026-01-08 03:00:00,0.0,0.0,0.0,1,1,10,100,1.282756305344,10,Typeb,Toyota,Food
2026-01-08 04:00:00,0.0,0.0,0.0,1,1,10,100,1.282756305344,10,Typeb,Toyota,Food
2026-01-08 05:00:00,0.0,0.0,0.0,1,1,10,100,1.282756305344,10,Typeb,Toyota,Food
2026-01-08 06:00:00,4.615384615384615,1.9077187478668922,0.41333906203782667,0,0,10,0,1.176585222144,10,Typeb,Toyota,Food
2026-01-08 07:00:00,4.615384615384615,0.6648118790434775,0.14404257379275348,0,0,10,0,1.176585222144,10,Typeb,Toyota,Food
2026-01-08 08:00:00,4.615384615384615,1.2712932993014565,0.2754468815153156,0,0,10,0,1.176585222144,10,Typeb,Toyota,Food
2026-01-08 09:00:00,4.615384615384615,2.002199727188482,0.43380994089083774,0,0,10,0,1.176585222144,10,Typeb,Toyota,Food
2026-01-08 10:00:00,4.615384615384615,1.0275026924548059,0.22262558336520796,0,0,10,0,1.176585222144,10,Typeb,Toyota,Food
2026-01-08 11:00:00,4.615384615384615,1.0314696518832973,0.2234850912413811,0,0,10,0,1.176585222144,10,Typeb,Toyota,Food
2026-01-08 12:00:00,0.0,0.0,0.0,1,1,10,100,1.176585222144,10,Typeb,Toyota,Food
2026-01-08 13:00:00,0.0,0.0,0.0,1,1,10,100,1.176585222144,10,Typeb,Toyota,Food
2026-01-08 14:00:00,7.5,1.2332024671704298,0.16442699562272395,0,0,10,0,1.176585222144,10,Typeb,Toyota,Food
2026-01-08 15:00:00,7.5,1.6039917657638343,0.21386556876851123,0,0,10,0,1.176585222144,10,Typeb,Toyota,Food
2026-01-08 16:00:00,7.5,2.4266812219051292,0.3235574962540172,0,0,10,0,1.176585222144,10,Typeb,Toyota,Food
2026-01-08 17:00:00,7.5,3.6479251311663545,0.4863900174888473,0,0,10,0,1.176585222144,10,Typeb,Toyota,Food
2026-01-08 18:00:00,0.0,0.0,0.0,1,1,10,100,1.176585222144,10,Typeb,Toyota,Food
2026-01-08 19:00:00,0.0,0.0,0.0,1,1,10,100,1.176585222144,10,Typeb,Toyota,Food
2026-01-08 20:00:00,0.0,0.0,0.0,1,1,10,100,1.176585222144,10,Typeb,Toyota,Food
2026-01-08 21:00:00,0.0,0.0,0.0,1,1,10,100,1.176585222144,10,Typeb,Toyota,Food
2026-01-08 22:00:00,0.0,0.0,0.0,1,1,10,100,1.176585222144,10,Typeb,Toyota,Food
2026-01-08 23:00:00,0.0,0.0,0.0,1,1,10,100,1.176585222144,10,Typeb,Toyota,Food
2026-01-09 00:00:00,0.0,0.0,0.0,1,1,10,100,1.176585222144,10,Typeb,Toyota,Food
2026-01-09 01:00:00,0.0,0.0,0.0,1,1,10,100,1.176585222144,10,Typeb,Toyota,Food
2026-01-09 02:00:00,0.0,0.0,0.0,1,1,10,100,1.176585222144,10,Typeb,Toyota,Food
2026-01-09 03:00:00,0.0,0.0,0.0,1,1,10,100,1.176585222144,10,Typeb,Toyota,Food
2026-01-09 04:00:00,0.0,0.0,0.0,1,1,10,100,1.176585222144,10,Typeb,Toyota,Food
2026-01-09 05:00:00,0.0,0.0,0.0,1,1,10,100,1.176585222144,10,Typeb,Toyota,Food
2026-01-09 06:00:00,7.335400519331439,2.599923417333171,0.3544351000986832,0,0,10,0,1.137342385344,10,Typeb,Toyota,Food
2026-01-09 07:00:00,7.335400519331439,2.7536136393579946,0.3753869515510741,0,0,10,0,1.137342385344,10,Typeb,Toyota,Food
2026-01-09 08:00:00,7.335400519331439,3.584471961200582,0.4886538849179672,0,0,10,0,1.137342385344,10,Typeb,Toyota,Food
2026-01-09 09:00:00,7.335400519331439,3.754287865849516,0.5118040734047999,0,0,10,0,1.137342385344,10,Typeb,Toyota,Food
2026-01-09 10:00:00,7.335400519331439,1.8606080827567713,0.25364778349231165,0,0,10,0,1.137342385344,10,Typeb,Toyota,Food
2026-01-09 11:00:00,7.335400519331439,0.8342861924110035,0.1137342385344,0,0,10,0,1.137342385344,10,Typeb,Toyota,Food
2026-01-09 12:00:00,0.0,0.0,0.0,1,1,10,100,1.137342385344,10,Typeb,Toyota,Food
2026-01-09 13:00:00,0.0,0.0,0.0,1,1,10,100,1.137342385344,10,Typeb,Toyota,Food
2026-01-09 14:00:00,8.73261966587076,2.624598253649349,0.3005510779207445,0,0,10,0,1.137342385344,10,Typeb,Toyota,Food
2026-01-09 15:00:00,8.73261966587076,0.9931978481083374,0.1137342385344,0,0,10,0,1.137342385344,10,Typeb,Toyota,Food
2026-01-09 16:00:00,8.73261966587076,4.375969268583212,0.5011061326403099,0,0,10,0,1.137342385344,10,Typeb,Toyota,Food
2026-01-09 17:00:00,8.73261966587076,2.178989549063959,0.2495230105554682,0,0,10,0,1.137342385344,10,Typeb,Toyota,Food
2026-01-09 18:00:00,8.73261966587076,2.4887497867928423,0.28499463872444747,0,0,10,0,1.137342385344,10,Typeb,Toyota,Food
2026-01-09 19:00:00,0.0,0.0,0.0,1,1,10,100,1.137342385344,10,Typeb,Toyota,Food
2026-01-09 20:00:00,0.0,0.0,0.0,1,1,10,100,1.137342385344,10,Typeb,Toyota,Food
2026-01-09 21:00:00,0.0,0.0,0.0,1,1,10,100,1.137342385344,10,Typeb,Toyota,Food
2026-01-09 22:00:00,0.0,0.0,0.0,1,1,10,100,1.137342385344,10,Typeb,Toyota,Food
2026-01-09 23:00:00,0.0,0.0,0.0,1,1,10,100,1.137342385344,10,Typeb,Toyota,Food
2026-01-10 00:00:00,0.0,0.0,0.0,1,1,10,100,1.137342385344,10,Typeb,Toyota,Food
2026-01-10 01:00:00,0.0,0.0,0.0,1,1,10,100,1.137342385344,10,Typeb,Toyota,Food
2026-01-10 02:00:00,0.0,0.0,0.0,1,1,10,100,1.137342385344,10,Typeb,Toyota,Food
2026-01-10 03:00:00,0.0,0.0,0.0,1,1,10,100,1.137342385344,10,Typeb,Toyota,Food
2026-01-10 04:00:00,0.0,0.0,0.0,1,1,10,100,1.137342385344,10,Typeb,Toyota,Food
2026-01-10 05:00:00,0.0,0.0,0.0,1,1,10,100,1.137342385344,10,Typeb,Toyota,Food
2026-01-10 06:00:00,0.0,0.0,0.0,1,1,10,100,1.137342385344,10,Typeb,Toyota,Food
2026-01-10 07:00:00,0.0,0.0,0.0,1,1,10,100,1.137342385344,10,Typeb,Toyota,Food
2026-01-10 08:00:00,0.0,0.0,0.0,1,1,10,100,1.137342385344,10,Typeb,Toyota,Food
2026-01-10 09:00:00,0.0,0.0,0.0,1,1,10,100,1.137342385344,10,Typeb,Toyota,Food
2026-01-10 10:00:00,0.0,0.0,0.0,1,1,10,100,1.137342385344,10,Typeb,Toyota,Food
2026-01-10 11:00:00,17.142857142857142,4.226745326695872,0.24656014405725926,0,0,10,0,1.18961004,10,Typeb,Toyota,Food
2026-01-10 12:00:00,17.142857142857142,8.296331799931725,0.4839526883293507,0,0,10,0,1.18961004,10,Typeb,Toyota,Food
2026-01-10 13:00:00,4.615384615384615,1.0696488327947857,0.23175724710553694,0,0,10,0,1.18961004,10,Typeb,Toyota,Food
2026-01-10 14:00:00,4.615384615384615,1.84276668354879,0.39926611476890456,0,0,10,0,1.18961004,10,Typeb,Toyota,Food
2026-01-10 15:00:00,4.615384615384615,1.4456183583803843,0.3132173109824166,0,0,10,0,1.18961004,10,Typeb,Toyota,Food
2026-01-10 16:00:00,4.615384615384615,0.8383493917574429,0.18164236821411264,0,0,10,0,1.18961004,10,Typeb,Toyota,Food
2026-01-10 17:00:00,4.615384615384615,1.4445464439974853,0.3129850628661218,0,0,10,0,1.18961004,10,Typeb,Toyota,Food
2026-01-10 18:00:00,4.615384615384615,1.4901957870795792,0.32287575386724215,0,0,10,0,1.18961004,10,Typeb,Toyota,Food
2026-01-10 19:00:00,4.615384615384615,2.0404213933180624,0.4420913018855802,0,0,10,0,1.18961004,10,Typeb,Toyota,Food
2026-01-10 20:00:00,0.0,0.0,0.0,1,1,10,100,1.18961004,10,Typeb,Toyota,Food
2026-01-10 21:00:00,0.0,0.0,0.0,1,1,10,100,1.18961004,10,Typeb,Toyota,Food
2026-01-10 22:00:00,0.0,0.0,0.0,1,1,10,100,1.18961004,10,Typeb,Toyota,Food
2026-01-10 23:00:00,0.0,0.0,0.0,1,1,10,100,1.18961004,10,Typeb,Toyota,Food
2026-01-11 00:00:00,0.0,0.0,0.0,1,1,10,100,1.18961004,10,Typeb,Toyota,Food
2026-01-11 01:00:00,0.0,0.0,0.0,1,1,10,100,1.18961004,10,Typeb,Toyota,Food
2026-01-11 02:00:00,0.0,0.0,0.0,1,1,10,100,1.18961004,10,Typeb,Toyota,Food
2026-01-11 03:00:00,0.0,0.0,0.0,1,1,10,100,1.18961004,10,Typeb,Toyota,Food
2026-01-11 04:00:00,0.0,0.0,0.0,1,1,10,100,1.18961004,10,Typeb,Toyota,Food
2026-01-11 05:00:00,0.0,0.0,0.0,1,1,10,100,1.18961004,10,Typeb,Toyota,Food
2026-01-11 06:00:00,0.0,0.0,0.0,1,1,10,100,1.18961004,10,Typeb,Toyota,Food
2026-01-11 07:00:00,0.0,0.0,0.0,1,1,10,100,1.18961004,10,Typeb,Toyota,Food
2026-01-11 08:00:00,0.0,0.0,0.0,1,1,10,100,1.18961004,10,Typeb,Toyota,Food
2026-01-11 09:00:00,0.0,0.0,0.0,1,1,10,100,1.18961004,10,Typeb,Toyota,Food
2026-01-11 10:00:00,14.954935700146507,5.370569480505698,0.35911685534382376,0,0,10,0,1.122069513044,10,Typeb,Toyota,Food
2026-01-11 11:00:00,14.954935700146507,1.9819081379822234,0.13252535334958396,0,0,10,0,1.122069513044,10,Typeb,Toyota,Food
2026-01-11 12:00:00,14.954935700146507,1.6780477418667723,0.1122069513044,0,0,10,0,1.122069513044,10,Typeb,Toyota,Food
2026-01-11 13:00:00,6.231223208394378,0.7037949249211385,0.1129465116853819,0,0,10,0,1.122069513044,10,Typeb,Toyota,Food
2026-01-11 14:00:00,6.231223208394378,1.2454677212435736,0.19987531815033438,0,0,10,0,1.122069513044,10,Typeb,Toyota,Food
2026-01-11 15:00:00,6.231223208394378,1.7646289098600292,0.2831914137633223,0,0,10,0,1.122069513044,10,Typeb,Toyota,Food
2026-01-11 16:00:00,6.231223208394378,2.950744225590264,0.47354173119896836,0,0,10,0,1.122069513044,10,Typeb,Toyota,Food
2026-01-11 17:00:00,6.231223208394378,0.6991865591111551,0.1122069513044,0,0,10,0,1.122069513044,10,Typeb,Toyota,Food
2026-01-11 18:00:00,6.231223208394378,0.905595809425597,0.14533194834131855,0,0,10,0,1.122069513044,10,Typeb,Toyota,Food
2026-01-11 19:00:00,0.0,0.0,0.0,1,1,10,100,1.122069513044,10,Typeb,Toyota,Food
2026-01-11 20:00:00,0.0,0.0,0.0,1,1,10,100,1.122069513044,10,Typeb,Toyota,Food
2026-01-11 21:00:00,0.0,0.0,0.0,1,1,10,100,1.122069513044,10,Typeb,Toyota,Food
2026-01-11 22:00:00,0.0,0.0,0.0,1,1,10,100,1.122069513044,10,Typeb,Toyota,Food
2026-01-11 23:00:00,0.0,0.0,0.0,1,1,10,100,1.122069513044,10,Typeb,Toyota,Food
2026-01-12 00:00:00,0.0,0.0,0.0,1,1,10,100,1.122069513044,10,Typeb,Toyota,Food
2026-01-12 01:00:00,0.0,0.0,0.0,1,1,10,100,1.122069513044,10,Typeb,Toyota,Food
2026-01-12 02:00:00,0.0,0.0,0.0,1,1,10,100,1.122069513044,10,Typeb,Toyota,Food
2026-01-12 03:00:00,0.0,0.0,0.0,1,1,10,100,1.122069513044,10,Typeb,Toyota,Food
2026-01-12 04:00:00,0.0,0.0,0.0,1,1,10,100,1.122069513044,10,Typeb,Toyota,Food
2026-01-12 05:00:00,0.0,0.0,0.0,1,1,10,100,1.122069513044,10,Typeb,Toyota,Food
2026-01-12 06:00:00,0.0,0.0,0.0,1,1,10,100,1.122069513044,10,Typeb,Toyota,Food
2026-01-12 07:00:00,0.0,0.0,0.0,1,1,10,100,1.122069513044,10,Typeb,Toyota,Food
2026-01-12 08:00:00,6.666666666666667,1.3279590934942576,0.1991938640241386,0,0,10,0,1.119889326784,10,Typeb,Toyota,Food
2026-01-12 09:00:00,6.666666666666667,1.7326163126918666,0.25989244690378,0,0,10,0,1.119889326784,10,Typeb,Toyota,Food
2026-01-12 10:00:00,6.666666666666667,0.7465928845226667,0.1119889326784,0,0,10,0,1.119889326784,10,Typeb,Toyota,Food
2026-01-12 11:00:00,6.666666666666667,2.237926459877381,0.33568896898160716,0,0,10,0,1.119889326784,10,Typeb,Toyota,Food
2026-01-12 12:00:00,6.666666666666667,1.5301993261616287,0.22952989892424433,0,0,10,0,1.119889326784,10,Typeb,Toyota,Food
2026-01-12 13:00:00,4.285714285714286,1.4817014933432016,0.34573034844674705,0,0,10,0,1.119889326784,10,Typeb,Toyota,Food
2026-01-12 14:00:00,4.285714285714286,1.6855544556545614,0.393296039652731,0,0,10,0,1.119889326784,10,Typeb,Toyota,Food
2026-01-12 15:00:00,4.285714285714286,1.9170486477517439,0.4473113511420736,0,0,10,0,1.119889326784,10,Typeb,Toyota,Food
2026-01-12 16:00:00,4.285714285714286,0.4799525686217143,0.1119889326784,0,0,10,0,1.119889326784,10,Typeb,Toyota,Food
2026-01-12 17:00:00,4.285714285714286,0.8837852754723192,0.20621656427687451,0,0,10,0,1.119889326784,10,Typeb,Toyota,Food
2026-01-12 18:00:00,4.285714285714286,1.622636024995352,0.3786150724989154,0,0,10,0,1.119889326784,10,Typeb,Toyota,Food
2026-01-12 19:00:00,4.285714285714286,0.4799525686217143,0.1119889326784,0,0,10,0,1.119889326784,10,Typeb,Toyota,Food
2026-01-12 20:00:00,0.0,0.0,0.0,1,1,10,100,1.119889326784,10,Typeb,Toyota,Food
2026-01-12 21:00:00,0.0,0.0,0.0,1,1,10,100,1.119889326784,10,Typeb,Toyota,Food
2026-01-12 22:00:00,0.0,0.0,0.0,1,1,10,100,1.119889326784,10,Typeb,Toyota,Food
2026-01-12 23:00:00,0.0,0.0,0.0,1,1,10,100,1.119889326784,10,Typeb,Toyota,Food
2026-01-13 00:00:00,0.0,0.0,0.0,1,1,10,100,1.119889326784,10,Typeb,Toyota,Food
2026-01-13 01:00:00,0.0,0.0,0.0,1,1,10,100,1.119889326784,10,Typeb,Toyota,Food
2026-01-13 02:00:00,0.0,0.0,0.0,1,1,10,100,1.119889326784,10,Typeb,Toyota,Food
2026-01-13 03:00:00,0.0,0.0,0.0,1,1,10,100,1.119889326784,10,Typeb,Toyota,Food
2026-01-13 04:00:00,0.0,0.0,0.0,1,1,10,100,1.119889326784,10,Typeb,Toyota,Food
2026-01-13 05:00:00,5.7950769189883315,2.931802477645992,0.505912608,0,0,10,0,1.12425024,10,Typeb,Toyota,Food
2026-01-13 06:00:00,5.7950769189883315,1.5064357133826087,0.2599509436098379,0,0,10,0,1.12425024,10,Typeb,Toyota,Food
2026-01-13 07:00:00,5.7950769189883315,2.6836526014166204,0.4630917999765076,0,0,10,0,1.12425024,10,Typeb,Toyota,Food
2026-01-13 08:00:00,5.7950769189883315,1.8916754583641184,0.3264280155049875,0,0,10,0,1.12425024,10,Typeb,Toyota,Food
2026-01-13 09:00:00,5.7950769189883315,2.4426762051004034,0.4215088495368635,0,0,10,0,1.12425024,10,Typeb,Toyota,Food
2026-01-13 10:00:00,5.7950769189883315,1.5235586031996482,0.262905673988124,0,0,10,0,1.12425024,10,Typeb,Toyota,Food
2026-01-13 11:00:00,5.7950769189883315,0.6515116616991093,0.11242502400000001,0,0,10,0,1.12425024,10,Typeb,Toyota,Food
2026-01-13 12:00:00,0.0,0.0,0.0,1,1,10,100,1.12425024,10,Typeb,Toyota,Food
2026-01-13 13:00:00,6.4159780174513665,0.9389229804065141,0.14634136492560562,0,0,10,0,1.12425024,10,Typeb,Toyota,Food
2026-01-13 14:00:00,6.4159780174513665,1.8478064046551284,0.2880007380993392,0,0,10,0,1.12425024,10,Typeb,Toyota,Food
2026-01-13 15:00:00,6.4159780174513665,0.9262834739340416,0.1443713602843657,0,0,10,0,1.12425024,10,Typeb,Toyota,Food
2026-01-13 16:00:00,6.4159780174513665,1.4040160955664513,0.2188311885962745,0,0,10,0,1.12425024,10,Typeb,Toyota,Food
2026-01-13 17:00:00,6.4159780174513665,0.7213164825954423,0.11242502400000001,0,0,10,0,1.12425024,10,Typeb,Toyota,Food
2026-01-13 18:00:00,6.4159780174513665,0.7213164825954423,0.11242502400000001,0,0,10,0,1.12425024,10,Typeb,Toyota,Food
2026-01-13 19:00:00,6.4159780174513665,2.0582408386318,0.32079923482178635,0,0,10,0,1.12425024,10,Typeb,Toyota,Food
2026-01-13 20:00:00,0.0,0.0,0.0,1,1,10,100,1.12425024,10,Typeb,Toyota,Food
2026-01-13 21:00:00,0.0,0.0,0.0,1,1,10,100,1.12425024,10,Typeb,Toyota,Food
2026-01-13 22:00:00,0.0,0.0,0.0,1,1,10,100,1.12425024,10,Typeb,Toyota,Food
2026-01-13 23:00:00,0.0,0.0,0.0,1,1,10,100,1.12425024,10,Typeb,Toyota,Food
2026-01-14 00:00:00,0.0,0.0,0.0,1,1,10,100,1.12425024,10,Typeb,Toyota,Food
2026-01-14 01:00:00,0.0,0.0,0.0,1,1,10,100,1.12425024,10,Typeb,Toyota,Food
2026-01-14 02:00:00,0.0,0.0,0.0,1,1,10,100,1.12425024,10,Typeb,Toyota,Food
2026-01-14 03:00:00,0.0,0.0,0.0,1,1,10,100,1.12425024,10,Typeb,Toyota,Food
2026-01-14 04:00:00,0.0,0.0,0.0,1,1,10,100,1.12425024,10,Typeb,Toyota,Food
2026-01-14 05:00:00,0.0,0.0,0.0,1,1,10,100,1.12425024,10,Typeb,Toyota,Food
2026-01-14 06:00:00,5.634178544030278,0.6211540990329781,0.11024750000000001,0,0,10,0,1.102475,10,Typeb,Toyota,Food
2026-01-14 07:00:00,5.634178544030278,1.0743016379187882,0.19067582426138588,0,0,10,0,1.102475,10,Typeb,Toyota,Food
2026-01-14 08:00:00,5.634178544030278,1.8022557686739478,0.3198790657040035,0,0,10,0,1.102475,10,Typeb,Toyota,Food
2026-01-14 09:00:00,5.634178544030278,1.728474364171188,0.30678373975255036,0,0,10,0,1.102475,10,Typeb,Toyota,Food
2026-01-14 10:00:00,5.634178544030278,1.3523602891175746,0.24002794347908527,0,0,10,0,1.102475,10,Typeb,Toyota,Food
2026-01-14 11:00:00,5.634178544030278,2.145415811109509,0.38078591126344324,0,0,10,0,1.102475,10,Typeb,Toyota,Food
2026-01-14 12:00:00,5.634178544030278,2.2838927652703562,0.4053639314803515,0,0,10,0,1.102475,10,Typeb,Toyota,Food
2026-01-14 13:00:00,0.0,0.0,0.0,1,1,10,100,1.102475,10,Typeb,Toyota,Food
2026-01-14 14:00:00,7.243943842324644,1.0267040981540985,0.14173275228271512,0,0,10,0,1.102475,10,Typeb,Toyota,Food
2026-01-14 15:00:00,7.243943842324644,1.6885918547668253,0.23310394054972983,0,0,10,0,1.102475,10,Typeb,Toyota,Food
2026-01-14 16:00:00,7.243943842324644,3.5938201444050883,0.4961137500000001,0,0,10,0,1.102475,10,Typeb,Toyota,Food
2026-01-14 17:00:00,7.243943842324644,1.4221403785716507,0.19632128706774643,0,0,10,0,1.102475,10,Typeb,Toyota,Food
2026-01-14 18:00:00,7.243943842324644,2.716548719477175,0.3750096326817205,0,0,10,0,1.102475,10,Typeb,Toyota,Food
2026-01-14 19:00:00,0.0,0.0,0.0,1,1,10,100,1.102475,10,Typeb,Toyota,Food
2026-01-14 20:00:00,0.0,0.0,0.0,1,1,10,100,1.102475,10,Typeb,Toyota,Food
2026-01-14 21:00:00,0.0,0.0,0.0,1,1,10,100,1.102475,10,Typeb,Toyota,Food
2026-01-14 22:00:00,0.0,0.0,0.0,1,1,10,100,1.102475,10,Typeb,Toyota,Food
2026-01-14 23:00:00,0.0,0.0,0.0,1,1,10,100,1.102475,10,Typeb,Toyota,Food
2026-01-01 00:00:00,0.0,0.0,0.0,1,1,11,100,1.0,11,Typeb,Toyota,Food
2026-01-01 01:00:00,0.0,0.0,0.0,1,1,11,100,1.0,11,Typeb,Toyota,Food
2026-01-01 02:00:00,0.0,0.0,0.0,1,1,11,100,1.0,11,Typeb,Toyota,Food
2026-01-01 03:00:00,0.0,0.0,0.0,1,1,11,100,1.0,11,Typeb,Toyota,Food
2026-01-01 04:00:00,0.0,0.0,0.0,1,1,11,100,1.0,11,Typeb,Toyota,Food
2026-01-01 05:00:00,0.0,0.0,0.0,1,1,11,100,1.0,11,Typeb,Toyota,Food
2026-01-01 06:00:00,5.126584412782885,2.6137366451148227,0.5098397753088001,0,0,11,0,1.1329772784640002,11,Typeb,Toyota,Food
2026-01-01 07:00:00,5.126584412782885,1.6591416526204108,0.3236349036764952,0,0,11,0,1.1329772784640002,11,Typeb,Toyota,Food
2026-01-01 08:00:00,5.126584412782885,1.5381842739403617,0.30004075815175796,0,0,11,0,1.1329772784640002,11,Typeb,Toyota,Food
2026-01-01 09:00:00,5.126584412782885,2.6137366451148227,0.5098397753088001,0,0,11,0,1.1329772784640002,11,Typeb,Toyota,Food
2026-01-01 10:00:00,5.126584412782885,0.5808303655810718,0.11329772784640002,0,0,11,0,1.1329772784640002,11,Typeb,Toyota,Food
2026-01-01 11:00:00,5.126584412782885,1.374008064172575,0.2680162762455552,0,0,11,0,1.1329772784640002,11,Typeb,Toyota,Food
2026-01-01 12:00:00,5.126584412782885,1.2721052126235248,0.24813893816935761,0,0,11,0,1.1329772784640002,11,Typeb,Toyota,Food
2026-01-01 13:00:00,5.52093705992003,2.644396731037547,0.478976069159508,0,0,11,0,1.1329772784640002,11,Typeb,Toyota,Food
2026-01-01 14:00:00,5.52093705992003,1.7213229900397051,0.31178094793651534,0,0,11,0,1.1329772784640002,11,Typeb,Toyota,Food
2026-01-01 15:00:00,5.52093705992003,2.8147933101236555,0.5098397753088001,0,0,11,0,1.1329772784640002,11,Typeb,Toyota,Food
2026-01-01 16:00:00,5.52093705992003,2.3689093090456512,0.42907739815457424,0,0,11,0,1.1329772784640002,11,Typeb,Toyota,Food
2026-01-01 17:00:00,5.52093705992003,1.2554706167535568,0.22740172603448267,0,0,11,0,1.1329772784640002,11,Typeb,Toyota,Food
2026-01-01 18:00:00,5.52093705992003,2.1947242209470765,0.39752748439752483,0,0,11,0,1.1329772784640002,11,Typeb,Toyota,Food
2026-01-01 19:00:00,5.52093705992003,0.6255096244719235,0.11329772784640002,0,0,11,0,1.1329772784640002,11,Typeb,Toyota,Food
2026-01-01 20:00:00,0.0,0.0,0.0,1,1,11,100,1.1329772784640002,11,Typeb,Toyota,Food
2026-01-01 21:00:00,0.0,0.0,0.0,1,1,11,100,1.1329772784640002,11,Typeb,Toyota,Food
2026-01-01 22:00:00,0.0,0.0,0.0,1,1,11,100,1.1329772784640002,11,Typeb,Toyota,Food
2026-01-01 23:00:00,0.0,0.0,0.0,1,1,11,100,1.1329772784640002,11,Typeb,Toyota,Food
2026-01-02 00:00:00,0.0,0.0,0.0,1,1,11,100,1.1329772784640002,11,Typeb,Toyota,Food
2026-01-02 01:00:00,0.0,0.0,0.0,1,1,11,100,1.1329772784640002,11,Typeb,Toyota,Food
2026-01-02 02:00:00,0.0,0.0,0.0,1,1,11,100,1.1329772784640002,11,Typeb,Toyota,Food
2026-01-02 03:00:00,0.0,0.0,0.0,1,1,11,100,1.1329772784640002,11,Typeb,Toyota,Food
2026-01-02 04:00:00,0.0,0.0,0.0,1,1,11,100,1.1329772784640002,11,Typeb,Toyota,Food
2026-01-02 05:00:00,5.368889207348629,2.5343397957785028,0.4720417385983013,0,0,11,0,1.23259004,11,Typeb,Toyota,Food
2026-01-02 06:00:00,5.368889207348629,1.4948512847746733,0.27842840987081763,0,0,11,0,1.23259004,11,Typeb,Toyota,Food
2026-01-02 07:00:00,5.368889207348629,2.5929404957014586,0.48295660341666014,0,0,11,0,1.23259004,11,Typeb,Toyota,Food
2026-01-02 08:00:00,5.368889207348629,0.6617639362841415,0.123259004,0,0,11,0,1.23259004,11,Typeb,Toyota,Food
2026-01-02 09:00:00,5.368889207348629,2.299243558797084,0.42825312089696516,0,0,11,0,1.23259004,11,Typeb,Toyota,Food
2026-01-02 10:00:00,5.368889207348629,1.4648140542215136,0.2728337273595737,0,0,11,0,1.23259004,11,Typeb,Toyota,Food
2026-01-02 11:00:00,5.368889207348629,0.9765417216507009,0.1818889688232095,0,0,11,0,1.23259004,11,Typeb,Toyota,Food
2026-01-02 12:00:00,0.0,0.0,0.0,1,1,11,100,1.23259004,11,Typeb,Toyota,Food
2026-01-02 13:00:00,5.1837550967504,1.3659091408251447,0.2634980077823136,0,0,11,0,1.23259004,11,Typeb,Toyota,Food
2026-01-02 14:00:00,5.1837550967504,1.0510562942396824,0.20275963555812465,0,0,11,0,1.23259004,11,Typeb,Toyota,Food
2026-01-02 15:00:00,5.1837550967504,0.7130758403168224,0.13755970855255803,0,0,11,0,1.23259004,11,Typeb,Toyota,Food
2026-01-02 16:00:00,5.1837550967504,0.6389444902053781,0.123259004,0,0,11,0,1.23259004,11,Typeb,Toyota,Food
2026-01-02 17:00:00,5.1837550967504,1.8132811729749334,0.34980070221906234,0,0,11,0,1.23259004,11,Typeb,Toyota,Food
2026-01-02 18:00:00,5.1837550967504,0.6389444902053781,0.123259004,0,0,11,0,1.23259004,11,Typeb,Toyota,Food
2026-01-02 19:00:00,5.1837550967504,1.0237211813806237,0.19748640942207618,0,0,11,0,1.23259004,11,Typeb,Toyota,Food
2026-01-02 20:00:00,0.0,0.0,0.0,1,1,11,100,1.23259004,11,Typeb,Toyota,Food
2026-01-02 21:00:00,0.0,0.0,0.0,1,1,11,100,1.23259004,11,Typeb,Toyota,Food
2026-01-02 22:00:00,0.0,0.0,0.0,1,1,11,100,1.23259004,11,Typeb,Toyota,Food
2026-01-02 23:00:00,0.0,0.0,0.0,1,1,11,100,1.23259004,11,Typeb,Toyota,Food
2026-01-03 00:00:00,0.0,0.0,0.0,1,1,11,100,1.23259004,11,Typeb,Toyota,Food
2026-01-03 01:00:00,0.0,0.0,0.0,1,1,11,100,1.23259004,11,Typeb,Toyota,Food
2026-01-03 02:00:00,0.0,0.0,0.0,1,1,11,100,1.23259004,11,Typeb,Toyota,Food
2026-01-03 03:00:00,0.0,0.0,0.0,1,1,11,100,1.23259004,11,Typeb,Toyota,Food
2026-01-03 04:00:00,0.0,0.0,0.0,1,1,11,100,1.23259004,11,Typeb,Toyota,Food
2026-01-03 05:00:00,0.0,0.0,0.0,1,1,11,100,1.23259004,11,Typeb,Toyota,Food
2026-01-03 06:00:00,0.0,0.0,0.0,1,1,11,100,1.23259004,11,Typeb,Toyota,Food
2026-01-03 07:00:00,0.0,0.0,0.0,1,1,11,100,1.23259004,11,Typeb,Toyota,Food
2026-01-03 08:00:00,6.0,3.044079985197201,0.5073466641995336,0,0,11,0,1.209049010004,11,Typeb,Toyota,Food
2026-01-03 09:00:00,6.0,2.6586445922073585,0.4431074320345597,0,0,11,0,1.209049010004,11,Typeb,Toyota,Food
2026-01-03 10:00:00,6.0,2.5415967348081288,0.4235994558013547,0,0,11,0,1.209049010004,11,Typeb,Toyota,Food
2026-01-03 11:00:00,6.0,1.5601067854189057,0.26001779756981763,0,0,11,0,1.209049010004,11,Typeb,Toyota,Food
2026-01-03 12:00:00,6.0,2.623596467224192,0.4372660778706986,0,0,11,0,1.209049010004,11,Typeb,Toyota,Food
2026-01-03 13:00:00,0.0,0.0,0.0,1,1,11,100,1.209049010004,11,Typeb,Toyota,Food
2026-01-03 14:00:00,5.0,2.3018565446376313,0.4603713089275262,0,0,11,0,1.209049010004,11,Typeb,Toyota,Food
2026-01-03 15:00:00,5.0,0.7259226180160405,0.1451845236032081,0,0,11,0,1.209049010004,11,Typeb,Toyota,Food
2026-01-03 16:00:00,5.0,2.7203602725089997,0.5440720545018,0,0,11,0,1.209049010004,11,Typeb,Toyota,Food
2026-01-03 17:00:00,5.0,2.7203602725089997,0.5440720545018,0,0,11,0,1.209049010004,11,Typeb,Toyota,Food
2026-01-03 18:00:00,5.0,0.7113398238711344,0.1422679647742269,0,0,11,0,1.209049010004,11,Typeb,Toyota,Food
2026-01-03 19:00:00,5.0,1.2572682179944905,0.2514536435988981,0,0,11,0,1.209049010004,11,Typeb,Toyota,Food
2026-01-03 20:00:00,0.0,0.0,0.0,1,1,11,100,1.209049010004,11,Typeb,Toyota,Food
2026-01-03 21:00:00,0.0,0.0,0.0,1,1,11,100,1.209049010004,11,Typeb,Toyota,Food
2026-01-03 22:00:00,0.0,0.0,0.0,1,1,11,100,1.209049010004,11,Typeb,Toyota,Food
2026-01-03 23:00:00,0.0,0.0,0.0,1,1,11,100,1.209049010004,11,Typeb,Toyota,Food
2026-01-04 00:00:00,0.0,0.0,0.0,1,1,11,100,1.209049010004,11,Typeb,Toyota,Food
2026-01-04 01:00:00,0.0,0.0,0.0,1,1,11,100,1.209049010004,11,Typeb,Toyota,Food
2026-01-04 02:00:00,0.0,0.0,0.0,1,1,11,100,1.209049010004,11,Typeb,Toyota,Food
2026-01-04 03:00:00,0.0,0.0,0.0,1,1,11,100,1.209049010004,11,Typeb,Toyota,Food
2026-01-04 04:00:00,0.0,0.0,0.0,1,1,11,100,1.209049010004,11,Typeb,Toyota,Food
2026-01-04 05:00:00,0.0,0.0,0.0,1,1,11,100,1.209049010004,11,Typeb,Toyota,Food
2026-01-04 06:00:00,0.0,0.0,0.0,1,1,11,100,1.209049010004,11,Typeb,Toyota,Food
2026-01-04 07:00:00,0.0,0.0,0.0,1,1,11,100,1.209049010004,11,Typeb,Toyota,Food
2026-01-04 08:00:00,0.0,0.0,0.0,1,1,11,100,1.209049010004,11,Typeb,Toyota,Food
2026-01-04 09:00:00,10.443983519218998,4.732951841163815,0.4531749626427738,0,0,11,0,1.3050301525,11,Typeb,Toyota,Food
2026-01-04 10:00:00,10.443983519218998,5.5057355441776945,0.5271681570586597,0,0,11,0,1.3050301525,11,Typeb,Toyota,Food
2026-01-04 11:00:00,10.443983519218998,3.6523451105925964,0.34970804998605737,0,0,11,0,1.3050301525,11,Typeb,Toyota,Food
2026-01-04 12:00:00,0.0,0.0,0.0,1,1,11,100,1.3050301525,11,Typeb,Toyota,Food
2026-01-04 13:00:00,6.646171330412089,0.8673453984868817,0.13050301525000002,0,0,11,0,1.3050301525,11,Typeb,Toyota,Food
2026-01-04 14:00:00,6.646171330412089,2.228271950183906,0.3352715179019835,0,0,11,0,1.3050301525,11,Typeb,Toyota,Food
2026-01-04 15:00:00,6.646171330412089,2.9610356744108945,0.44552502895336865,0,0,11,0,1.3050301525,11,Typeb,Toyota,Food
2026-01-04 16:00:00,6.646171330412089,3.6910266749042058,0.5553613488738256,0,0,11,0,1.3050301525,11,Typeb,Toyota,Food
2026-01-04 17:00:00,6.646171330412089,0.9874270846213424,0.14857081401181965,0,0,11,0,1.3050301525,11,Typeb,Toyota,Food
2026-01-04 18:00:00,6.646171330412089,1.461088155241994,0.21983907464982566,0,0,11,0,1.3050301525,11,Typeb,Toyota,Food
2026-01-04 19:00:00,0.0,0.0,0.0,1,1,11,100,1.3050301525,11,Typeb,Toyota,Food
2026-01-04 20:00:00,0.0,0.0,0.0,1,1,11,100,1.3050301525,11,Typeb,Toyota,Food
2026-01-04 21:00:00,0.0,0.0,0.0,1,1,11,100,1.3050301525,11,Typeb,Toyota,Food
2026-01-04 22:00:00,0.0,0.0,0.0,1,1,11,100,1.3050301525,11,Typeb,Toyota,Food
2026-01-04 23:00:00,0.0,0.0,0.0,1,1,11,100,1.3050301525,11,Typeb,Toyota,Food
2026-01-05 00:00:00,0.0,0.0,0.0,1,1,11,100,1.3050301525,11,Typeb,Toyota,Food
2026-01-05 01:00:00,0.0,0.0,0.0,1,1,11,100,1.3050301525,11,Typeb,Toyota,Food
2026-01-05 02:00:00,0.0,0.0,0.0,1,1,11,100,1.3050301525,11,Typeb,Toyota,Food
2026-01-05 03:00:00,0.0,0.0,0.0,1,1,11,100,1.3050301525,11,Typeb,Toyota,Food
2026-01-05 04:00:00,0.0,0.0,0.0,1,1,11,100,1.3050301525,11,Typeb,Toyota,Food
2026-01-05 05:00:00,0.0,0.0,0.0,1,1,11,100,1.3050301525,11,Typeb,Toyota,Food
2026-01-05 06:00:00,0.0,0.0,0.0,1,1,11,100,1.3050301525,11,Typeb,Toyota,Food
2026-01-05 07:00:00,5.454545454545454,1.3108062326419878,0.24031447598436448,0,0,11,0,1.226197579604,11,Typeb,Toyota,Food
2026-01-05 08:00:00,5.454545454545454,2.92941193568588,0.5370588548757448,0,0,11,0,1.226197579604,11,Typeb,Toyota,Food
2026-01-05 09:00:00,5.454545454545454,1.3595715635864283,0.24925478665751186,0,0,11,0,1.226197579604,11,Typeb,Toyota,Food
2026-01-05 10:00:00,5.454545454545454,1.9915087266713192,0.3651099332230752,0,0,11,0,1.226197579604,11,Typeb,Toyota,Food
2026-01-05 11:00:00,5.454545454545454,1.9605552968041522,0.3594351377474279,0,0,11,0,1.226197579604,11,Typeb,Toyota,Food
2026-01-05 12:00:00,0.0,0.0,0.0,1,1,11,100,1.226197579604,11,Typeb,Toyota,Food
2026-01-05 13:00:00,5.217391304347826,1.6494617216926182,0.3161468299910851,0,0,11,0,1.226197579604,11,Typeb,Toyota,Food
2026-01-05 14:00:00,5.217391304347826,1.3052950916779733,0.25018155923827823,0,0,11,0,1.226197579604,11,Typeb,Toyota,Food
2026-01-05 15:00:00,5.217391304347826,1.234620095743153,0.236635518350771,0,0,11,0,1.226197579604,11,Typeb,Toyota,Food
2026-01-05 16:00:00,5.217391304347826,1.2768792656122163,0.24473519257567483,0,0,11,0,1.226197579604,11,Typeb,Toyota,Food
2026-01-05 17:00:00,5.217391304347826,2.8788986651572177,0.5517889108218,0,0,11,0,1.226197579604,11,Typeb,Toyota,Food
2026-01-05 18:00:00,5.217391304347826,0.6397552589238261,0.12261975796040002,0,0,11,0,1.226197579604,11,Typeb,Toyota,Food
2026-01-05 19:00:00,0.0,0.0,0.0,1,1,11,100,1.226197579604,11,Typeb,Toyota,Food
2026-01-05 20:00:00,0.0,0.0,0.0,1,1,11,100,1.226197579604,11,Typeb,Toyota,Food
2026-01-05 21:00:00,0.0,0.0,0.0,1,1,11,100,1.226197579604,11,Typeb,Toyota,Food
2026-01-05 22:00:00,0.0,0.0,0.0,1,1,11,100,1.226197579604,11,Typeb,Toyota,Food
2026-01-05 23:00:00,0.0,0.0,0.0,1,1,11,100,1.226197579604,11,Typeb,Toyota,Food
2026-01-06 00:00:00,0.0,0.0,0.0,1,1,11,100,1.226197579604,11,Typeb,Toyota,Food
2026-01-06 01:00:00,0.0,0.0,0.0,1,1,11,100,1.226197579604,11,Typeb,Toyota,Food
2026-01-06 02:00:00,0.0,0.0,0.0,1,1,11,100,1.226197579604,11,Typeb,Toyota,Food
2026-01-06 03:00:00,0.0,0.0,0.0,1,1,11,100,1.226197579604,11,Typeb,Toyota,Food
2026-01-06 04:00:00,0.0,0.0,0.0,1,1,11,100,1.226197579604,11,Typeb,Toyota,Food
2026-01-06 05:00:00,0.0,0.0,0.0,1,1,11,100,1.226197579604,11,Typeb,Toyota,Food
2026-01-06 06:00:00,7.233295143635999,4.328110349720671,0.5983594286939377,0,0,11,0,1.3306301459840002,11,Typeb,Toyota,Food
2026-01-06 07:00:00,7.233295143635999,2.802279571674667,0.38741396777375664,0,0,11,0,1.3306301459840002,11,Typeb,Toyota,Food
2026-01-06 08:00:00,7.233295143635999,3.5684206309034825,0.4933326457780521,0,0,11,0,1.3306301459840002,11,Typeb,Toyota,Food
2026-01-06 09:00:00,7.233295143635999,1.8667922184476178,0.25808323611543205,0,0,11,0,1.3306301459840002,11,Typeb,Toyota,Food
2026-01-06 10:00:00,7.233295143635999,2.444617946522028,0.337967399086826,0,0,11,0,1.3306301459840002,11,Typeb,Toyota,Food
2026-01-06 11:00:00,7.233295143635999,2.837365352783698,0.39226456220026773,0,0,11,0,1.3306301459840002,11,Typeb,Toyota,Food
2026-01-06 12:00:00,0.0,0.0,0.0,1,1,11,100,1.3306301459840002,11,Typeb,Toyota,Food
2026-01-06 13:00:00,0.0,0.0,0.0,1,1,11,100,1.3306301459840002,11,Typeb,Toyota,Food
2026-01-06 14:00:00,7.89086742942109,4.72492173579794,0.5987835656928001,0,0,11,0,1.3306301459840002,11,Typeb,Toyota,Food
2026-01-06 15:00:00,7.89086742942109,3.841169990568936,0.486786785473944,0,0,11,0,1.3306301459840002,11,Typeb,Toyota,Food
2026-01-06 16:00:00,7.89086742942109,4.72492173579794,0.5987835656928001,0,0,11,0,1.3306301459840002,11,Typeb,Toyota,Food
2026-01-06 17:00:00,7.89086742942109,3.127482675217042,0.39634206292152707,0,0,11,0,1.3306301459840002,11,Typeb,Toyota,Food
2026-01-06 18:00:00,7.89086742942109,1.7067725970921355,0.21629720843217262,0,0,11,0,1.3306301459840002,11,Typeb,Toyota,Food
2026-01-06 19:00:00,0.0,0.0,0.0,1,1,11,100,1.3306301459840002,11,Typeb,Toyota,Food
2026-01-06 20:00:00,0.0,0.0,0.0,1,1,11,100,1.3306301459840002,11,Typeb,Toyota,Food
2026-01-06 21:00:00,0.0,0.0,0.0,1,1,11,100,1.3306301459840002,11,Typeb,Toyota,Food
2026-01-06 22:00:00,0.0,0.0,0.0,1,1,11,100,1.3306301459840002,11,Typeb,Toyota,Food
2026-01-06 23:00:00,0.0,0.0,0.0,1,1,11,100,1.3306301459840002,11,Typeb,Toyota,Food
2026-01-07 00:00:00,0.0,0.0,0.0,1,1,11,100,1.3306301459840002,11,Typeb,Toyota,Food
2026-01-07 01:00:00,0.0,0.0,0.0,1,1,11,100,1.3306301459840002,11,Typeb,Toyota,Food
2026-01-07 02:00:00,0.0,0.0,0.0,1,1,11,100,1.3306301459840002,11,Typeb,Toyota,Food
2026-01-07 03:00:00,0.0,0.0,0.0,1,1,11,100,1.3306301459840002,11,Typeb,Toyota,Food
2026-01-07 04:00:00,0.0,0.0,0.0,1,1,11,100,1.3306301459840002,11,Typeb,Toyota,Food
2026-01-07 05:00:00,4.444444444444445,1.3392396694028252,0.3013289256156356,0,0,11,0,1.282756305344,11,Typeb,Toyota,Food
2026-01-07 06:00:00,4.444444444444445,2.565512610688,0.5772403374048001,0,0,11,0,1.282756305344,11,Typeb,Toyota,Food
2026-01-07 07:00:00,4.444444444444445,0.5701139134862223,0.12827563053440003,0,0,11,0,1.282756305344,11,Typeb,Toyota,Food
2026-01-07 08:00:00,4.444444444444445,2.438879782726451,0.5487479511134513,0,0,11,0,1.282756305344,11,Typeb,Toyota,Food
2026-01-07 09:00:00,4.444444444444445,1.4707837924303988,0.33092635329683967,0,0,11,0,1.282756305344,11,Typeb,Toyota,Food
2026-01-07 10:00:00,4.444444444444445,2.164407090030403,0.48699159525684066,0,0,11,0,1.282756305344,11,Typeb,Toyota,Food
2026-01-07 11:00:00,4.444444444444445,1.0360193517419594,0.23310435414194083,0,0,11,0,1.282756305344,11,Typeb,Toyota,Food
2026-01-07 12:00:00,0.0,0.0,0.0,1,1,11,100,1.282756305344,11,Typeb,Toyota,Food
2026-01-07 13:00:00,0.0,0.0,0.0,1,1,11,100,1.282756305344,11,Typeb,Toyota,Food
2026-01-07 14:00:00,5.0,0.9959477040493616,0.1991895408098723,0,0,11,0,1.282756305344,11,Typeb,Toyota,Food
2026-01-07 15:00:00,5.0,2.886201687024,0.5772403374048001,0,0,11,0,1.282756305344,11,Typeb,Toyota,Food
2026-01-07 16:00:00,5.0,0.6578689500993755,0.1315737900198751,0,0,11,0,1.282756305344,11,Typeb,Toyota,Food
2026-01-07 17:00:00,5.0,1.780052240132919,0.3560104480265838,0,0,11,0,1.282756305344,11,Typeb,Toyota,Food
2026-01-07 18:00:00,5.0,0.7795990391497604,0.15591980782995207,0,0,11,0,1.282756305344,11,Typeb,Toyota,Food
2026-01-07 19:00:00,5.0,1.171286949786757,0.23425738995735138,0,0,11,0,1.282756305344,11,Typeb,Toyota,Food
2026-01-07 20:00:00,0.0,0.0,0.0,1,1,11,100,1.282756305344,11,Typeb,Toyota,Food
2026-01-07 21:00:00,0.0,0.0,0.0,1,1,11,100,1.282756305344,11,Typeb,Toyota,Food
2026-01-07 22:00:00,0.0,0.0,0.0,1,1,11,100,1.282756305344,11,Typeb,Toyota,Food
2026-01-07 23:00:00,0.0,0.0,0.0,1,1,11,100,1.282756305344,11,Typeb,Toyota,Food
2026-01-08 00:00:00,0.0,0.0,0.0,1,1,11,100,1.282756305344,11,Typeb,Toyota,Food
2026-01-08 01:00:00,0.0,0.0,0.0,1,1,11,100,1.282756305344,11,Typeb,Toyota,Food
2026-01-08 02:00:00,0.0,0.0,0.0,1,1,11,100,1.282756305344,11,Typeb,Toyota,Food
2026-01-08 03:00:00,0.0,0.0,0.0,1,1,11,100,1.282756305344,11,Typeb,Toyota,Food
2026-01-08 04:00:00,0.0,0.0,0.0,1,1,11,100,1.282756305344,11,Typeb,Toyota,Food
2026-01-08 05:00:00,0.0,0.0,0.0,1,1,11,100,1.282756305344,11,Typeb,Toyota,Food
2026-01-08 06:00:00,0.0,0.0,0.0,1,1,11,100,1.282756305344,11,Typeb,Toyota,Food
2026-01-08 07:00:00,0.0,0.0,0.0,1,1,11,100,1.282756305344,11,Typeb,Toyota,Food
2026-01-08 08:00:00,7.550262878942692,3.997587476999873,0.5294633499648,0,0,11,0,1.176585222144,11,Typeb,Toyota,Food
2026-01-08 09:00:00,7.550262878942692,2.197816689023877,0.29109141287695806,0,0,11,0,1.176585222144,11,Typeb,Toyota,Food
2026-01-08 10:00:00,7.550262878942692,3.687368734787152,0.48837620542604426,0,0,11,0,1.176585222144,11,Typeb,Toyota,Food
2026-01-08 11:00:00,7.550262878942692,1.882263553186261,0.24929775073604402,0,0,11,0,1.176585222144,11,Typeb,Toyota,Food
2026-01-08 12:00:00,0.0,0.0,0.0,1,1,11,100,1.176585222144,11,Typeb,Toyota,Food
2026-01-08 13:00:00,3.9848609638864207,1.063656011697691,0.26692424687769056,0,0,11,0,1.176585222144,11,Typeb,Toyota,Food
2026-01-08 14:00:00,3.9848609638864207,0.46885285224072587,0.11765852221440001,0,0,11,0,1.176585222144,11,Typeb,Toyota,Food
2026-01-08 15:00:00,3.9848609638864207,2.1098378350832663,0.5294633499648,0,0,11,0,1.176585222144,11,Typeb,Toyota,Food
2026-01-08 16:00:00,3.9848609638864207,2.1098378350832663,0.5294633499648,0,0,11,0,1.176585222144,11,Typeb,Toyota,Food
2026-01-08 17:00:00,3.9848609638864207,1.0313058166811424,0.25880597241097053,0,0,11,0,1.176585222144,11,Typeb,Toyota,Food
2026-01-08 18:00:00,3.9848609638864207,0.46885285224072587,0.11765852221440001,0,0,11,0,1.176585222144,11,Typeb,Toyota,Food
2026-01-08 19:00:00,3.9848609638864207,1.2909357583780952,0.32396005031981095,0,0,11,0,1.176585222144,11,Typeb,Toyota,Food
2026-01-08 20:00:00,3.9848609638864207,1.5369919006219603,0.38570778618156293,0,0,11,0,1.176585222144,11,Typeb,Toyota,Food
2026-01-08 21:00:00,3.9848609638864207,0.46885285224072587,0.11765852221440001,0,0,11,0,1.176585222144,11,Typeb,Toyota,Food
2026-01-08 22:00:00,0.0,0.0,0.0,1,1,11,100,1.176585222144,11,Typeb,Toyota,Food
2026-01-08 23:00:00,0.0,0.0,0.0,1,1,11,100,1.176585222144,11,Typeb,Toyota,Food
2026-01-09 00:00:00,0.0,0.0,0.0,1,1,11,100,1.176585222144,11,Typeb,Toyota,Food
2026-01-09 01:00:00,0.0,0.0,0.0,1,1,11,100,1.176585222144,11,Typeb,Toyota,Food
2026-01-09 02:00:00,0.0,0.0,0.0,1,1,11,100,1.176585222144,11,Typeb,Toyota,Food
2026-01-09 03:00:00,0.0,0.0,0.0,1,1,11,100,1.176585222144,11,Typeb,Toyota,Food
2026-01-09 04:00:00,0.0,0.0,0.0,1,1,11,100,1.176585222144,11,Typeb,Toyota,Food
2026-01-09 05:00:00,0.0,0.0,0.0,1,1,11,100,1.176585222144,11,Typeb,Toyota,Food
2026-01-09 06:00:00,0.0,0.0,0.0,1,1,11,100,1.176585222144,11,Typeb,Toyota,Food
2026-01-09 07:00:00,9.54001103100557,3.0022962892621323,0.31470574609447527,0,0,11,0,1.137342385344,11,Typeb,Toyota,Food
2026-01-09 08:00:00,9.54001103100557,4.7630212633885325,0.4992678989477524,0,0,11,0,1.137342385344,11,Typeb,Toyota,Food
2026-01-09 09:00:00,9.54001103100557,4.426249049193654,0.46396686909565377,0,0,11,0,1.137342385344,11,Typeb,Toyota,Food
2026-01-09 10:00:00,9.54001103100557,4.882616505995376,0.5118040734047999,0,0,11,0,1.137342385344,11,Typeb,Toyota,Food
2026-01-09 11:00:00,9.54001103100557,2.5967687186240394,0.27219766415200103,0,0,11,0,1.137342385344,11,Typeb,Toyota,Food
2026-01-09 12:00:00,0.0,0.0,0.0,1,1,11,100,1.137342385344,11,Typeb,Toyota,Food
2026-01-09 13:00:00,0.0,0.0,0.0,1,1,11,100,1.137342385344,11,Typeb,Toyota,Food
2026-01-09 14:00:00,7.066674837781903,0.8037228816453293,0.1137342385344,0,0,11,0,1.137342385344,11,Typeb,Toyota,Food
2026-01-09 15:00:00,7.066674837781903,0.8037228816453293,0.1137342385344,0,0,11,0,1.137342385344,11,Typeb,Toyota,Food
2026-01-09 16:00:00,7.066674837781903,2.466060439617183,0.3489704134159982,0,0,11,0,1.137342385344,11,Typeb,Toyota,Food
2026-01-09 17:00:00,7.066674837781903,1.7641449545976355,0.24964286529297383,0,0,11,0,1.137342385344,11,Typeb,Toyota,Food
2026-01-09 18:00:00,7.066674837781903,1.8467276435902504,0.261329081354747,0,0,11,0,1.137342385344,11,Typeb,Toyota,Food
2026-01-09 19:00:00,7.066674837781903,1.9766159730349164,0.2797094840796919,0,0,11,0,1.137342385344,11,Typeb,Toyota,Food
2026-01-09 20:00:00,0.0,0.0,0.0,1,1,11,100,1.137342385344,11,Typeb,Toyota,Food
2026-01-09 21:00:00,0.0,0.0,0.0,1,1,11,100,1.137342385344,11,Typeb,Toyota,Food
2026-01-09 22:00:00,0.0,0.0,0.0,1,1,11,100,1.137342385344,11,Typeb,Toyota,Food
2026-01-09 23:00:00,0.0,0.0,0.0,1,1,11,100,1.137342385344,11,Typeb,Toyota,Food
2026-01-10 00:00:00,0.0,0.0,0.0,1,1,11,100,1.137342385344,11,Typeb,Toyota,Food
2026-01-10 01:00:00,0.0,0.0,0.0,1,1,11,100,1.137342385344,11,Typeb,Toyota,Food
2026-01-10 02:00:00,0.0,0.0,0.0,1,1,11,100,1.137342385344,11,Typeb,Toyota,Food
2026-01-10 03:00:00,0.0,0.0,0.0,1,1,11,100,1.137342385344,11,Typeb,Toyota,Food
2026-01-10 04:00:00,0.0,0.0,0.0,1,1,11,100,1.137342385344,11,Typeb,Toyota,Food
2026-01-10 05:00:00,0.0,0.0,0.0,1,1,11,100,1.137342385344,11,Typeb,Toyota,Food
2026-01-10 06:00:00,0.0,0.0,0.0,1,1,11,100,1.137342385344,11,Typeb,Toyota,Food
2026-01-10 07:00:00,0.0,0.0,0.0,1,1,11,100,1.137342385344,11,Typeb,Toyota,Food
2026-01-10 08:00:00,0.0,0.0,0.0,1,1,11,100,1.137342385344,11,Typeb,Toyota,Food
2026-01-10 09:00:00,0.0,0.0,0.0,1,1,11,100,1.137342385344,11,Typeb,Toyota,Food
2026-01-10 10:00:00,10.909090909090908,1.2977564072727272,0.11896100400000001,0,0,11,0,1.18961004,11,Typeb,Toyota,Food
2026-01-10 11:00:00,10.909090909090908,2.8972364748918533,0.2655800101984199,0,0,11,0,1.18961004,11,Typeb,Toyota,Food
2026-01-10 12:00:00,10.909090909090908,1.2977564072727272,0.11896100400000001,0,0,11,0,1.18961004,11,Typeb,Toyota,Food
2026-01-10 13:00:00,4.615384615384615,0.5490507876923076,0.11896100400000001,0,0,11,0,1.18961004,11,Typeb,Toyota,Food
2026-01-10 14:00:00,4.615384615384615,2.119102232950451,0.4591388171392644,0,0,11,0,1.18961004,11,Typeb,Toyota,Food
2026-01-10 15:00:00,4.615384615384615,0.9667155868495388,0.2094550438174001,0,0,11,0,1.18961004,11,Typeb,Toyota,Food
2026-01-10 16:00:00,4.615384615384615,0.5490507876923076,0.11896100400000001,0,0,11,0,1.18961004,11,Typeb,Toyota,Food
2026-01-10 17:00:00,4.615384615384615,0.5991835501185536,0.12982310252568663,0,0,11,0,1.18961004,11,Typeb,Toyota,Food
2026-01-10 18:00:00,4.615384615384615,2.470728544615384,0.535324518,0,0,11,0,1.18961004,11,Typeb,Toyota,Food
2026-01-10 19:00:00,4.615384615384615,0.5490507876923076,0.11896100400000001,0,0,11,0,1.18961004,11,Typeb,Toyota,Food
2026-01-10 20:00:00,0.0,0.0,0.0,1,1,11,100,1.18961004,11,Typeb,Toyota,Food
2026-01-10 21:00:00,0.0,0.0,0.0,1,1,11,100,1.18961004,11,Typeb,Toyota,Food
2026-01-10 22:00:00,0.0,0.0,0.0,1,1,11,100,1.18961004,11,Typeb,Toyota,Food
2026-01-10 23:00:00,0.0,0.0,0.0,1,1,11,100,1.18961004,11,Typeb,Toyota,Food
2026-01-11 00:00:00,0.0,0.0,0.0,1,1,11,100,1.18961004,11,Typeb,Toyota,Food
2026-01-11 01:00:00,0.0,0.0,0.0,1,1,11,100,1.18961004,11,Typeb,Toyota,Food
2026-01-11 02:00:00,0.0,0.0,0.0,1,1,11,100,1.18961004,11,Typeb,Toyota,Food
2026-01-11 03:00:00,0.0,0.0,0.0,1,1,11,100,1.18961004,11,Typeb,Toyota,Food
2026-01-11 04:00:00,0.0,0.0,0.0,1,1,11,100,1.18961004,11,Typeb,Toyota,Food
2026-01-11 05:00:00,0.0,0.0,0.0,1,1,11,100,1.18961004,11,Typeb,Toyota,Food
2026-01-11 06:00:00,0.0,0.0,0.0,1,1,11,100,1.18961004,11,Typeb,Toyota,Food
2026-01-11 07:00:00,0.0,0.0,0.0,1,1,11,100,1.18961004,11,Typeb,Toyota,Food
2026-01-11 08:00:00,0.0,0.0,0.0,1,1,11,100,1.18961004,11,Typeb,Toyota,Food
2026-01-11 09:00:00,0.0,0.0,0.0,1,1,11,100,1.18961004,11,Typeb,Toyota,Food
2026-01-11 10:00:00,10.909090909090908,4.536282905758362,0.41582593302784987,0,0,11,0,1.122069513044,11,Typeb,Toyota,Food
2026-01-11 11:00:00,10.909090909090908,5.508341245852363,0.5049312808698,0,0,11,0,1.122069513044,11,Typeb,Toyota,Food
2026-01-11 12:00:00,10.909090909090908,5.508341245852363,0.5049312808698,0,0,11,0,1.122069513044,11,Typeb,Toyota,Food
2026-01-11 13:00:00,5.0,2.322443443477189,0.46448868869543786,0,0,11,0,1.122069513044,11,Typeb,Toyota,Food
2026-01-11 14:00:00,5.0,2.524656404349,0.5049312808698,0,0,11,0,1.122069513044,11,Typeb,Toyota,Food
2026-01-11 15:00:00,5.0,0.7248141222539666,0.14496282445079334,0,0,11,0,1.122069513044,11,Typeb,Toyota,Food
2026-01-11 16:00:00,5.0,0.561034756522,0.1122069513044,0,0,11,0,1.122069513044,11,Typeb,Toyota,Food
2026-01-11 17:00:00,5.0,1.403057651255166,0.2806115302510332,0,0,11,0,1.122069513044,11,Typeb,Toyota,Food
2026-01-11 18:00:00,5.0,2.2293513690728606,0.4458702738145721,0,0,11,0,1.122069513044,11,Typeb,Toyota,Food
2026-01-11 19:00:00,0.0,0.0,0.0,1,1,11,100,1.122069513044,11,Typeb,Toyota,Food
2026-01-11 20:00:00,0.0,0.0,0.0,1,1,11,100,1.122069513044,11,Typeb,Toyota,Food
2026-01-11 21:00:00,0.0,0.0,0.0,1,1,11,100,1.122069513044,11,Typeb,Toyota,Food
2026-01-11 22:00:00,0.0,0.0,0.0,1,1,11,100,1.122069513044,11,Typeb,Toyota,Food
2026-01-11 23:00:00,0.0,0.0,0.0,1,1,11,100,1.122069513044,11,Typeb,Toyota,Food
2026-01-12 00:00:00,0.0,0.0,0.0,1,1,11,100,1.122069513044,11,Typeb,Toyota,Food
2026-01-12 01:00:00,0.0,0.0,0.0,1,1,11,100,1.122069513044,11,Typeb,Toyota,Food
2026-01-12 02:00:00,0.0,0.0,0.0,1,1,11,100,1.122069513044,11,Typeb,Toyota,Food
2026-01-12 03:00:00,0.0,0.0,0.0,1,1,11,100,1.122069513044,11,Typeb,Toyota,Food
2026-01-12 04:00:00,0.0,0.0,0.0,1,1,11,100,1.122069513044,11,Typeb,Toyota,Food
2026-01-12 05:00:00,0.0,0.0,0.0,1,1,11,100,1.122069513044,11,Typeb,Toyota,Food
2026-01-12 06:00:00,0.0,0.0,0.0,1,1,11,100,1.122069513044,11,Typeb,Toyota,Food
2026-01-12 07:00:00,5.714285714285714,1.8912237397735332,0.3309641544603683,0,0,11,0,1.119889326784,11,Typeb,Toyota,Food
2026-01-12 08:00:00,5.714285714285714,0.644142083939142,0.11272486468934986,0,0,11,0,1.119889326784,11,Typeb,Toyota,Food
2026-01-12 09:00:00,5.714285714285714,1.6717993760524867,0.2925648908091852,0,0,11,0,1.119889326784,11,Typeb,Toyota,Food
2026-01-12 10:00:00,5.714285714285714,0.6399367581622858,0.1119889326784,0,0,11,0,1.119889326784,11,Typeb,Toyota,Food
2026-01-12 11:00:00,5.714285714285714,2.7510475720414087,0.48143332510724646,0,0,11,0,1.119889326784,11,Typeb,Toyota,Food
2026-01-12 12:00:00,0.0,0.0,0.0,1,1,11,100,1.119889326784,11,Typeb,Toyota,Food
2026-01-12 13:00:00,6.315789473684211,2.6770920590249285,0.42387290934561367,0,0,11,0,1.119889326784,11,Typeb,Toyota,Food
2026-01-12 14:00:00,6.315789473684211,1.7798376859017677,0.2818076336011132,0,0,11,0,1.119889326784,11,Typeb,Toyota,Food
2026-01-12 15:00:00,6.315789473684211,1.8053606248733032,0.2858487656049397,0,0,11,0,1.119889326784,11,Typeb,Toyota,Food
2026-01-12 16:00:00,6.315789473684211,1.690237856787422,0.2676209939913418,0,0,11,0,1.119889326784,11,Typeb,Toyota,Food
2026-01-12 17:00:00,6.315789473684211,2.9956998659575835,0.47431914544328413,0,0,11,0,1.119889326784,11,Typeb,Toyota,Food
2026-01-12 18:00:00,0.0,0.0,0.0,1,1,11,100,1.119889326784,11,Typeb,Toyota,Food
2026-01-12 19:00:00,0.0,0.0,0.0,1,1,11,100,1.119889326784,11,Typeb,Toyota,Food
2026-01-12 20:00:00,0.0,0.0,0.0,1,1,11,100,1.119889326784,11,Typeb,Toyota,Food
2026-01-12 21:00:00,0.0,0.0,0.0,1,1,11,100,1.119889326784,11,Typeb,Toyota,Food
2026-01-12 22:00:00,0.0,0.0,0.0,1,1,11,100,1.119889326784,11,Typeb,Toyota,Food
2026-01-12 23:00:00,0.0,0.0,0.0,1,1,11,100,1.119889326784,11,Typeb,Toyota,Food
2026-01-13 00:00:00,0.0,0.0,0.0,1,1,11,100,1.119889326784,11,Typeb,Toyota,Food
2026-01-13 01:00:00,0.0,0.0,0.0,1,1,11,100,1.119889326784,11,Typeb,Toyota,Food
2026-01-13 02:00:00,0.0,0.0,0.0,1,1,11,100,1.119889326784,11,Typeb,Toyota,Food
2026-01-13 03:00:00,0.0,0.0,0.0,1,1,11,100,1.119889326784,11,Typeb,Toyota,Food
2026-01-13 04:00:00,0.0,0.0,0.0,1,1,11,100,1.119889326784,11,Typeb,Toyota,Food
2026-01-13 05:00:00,0.0,0.0,0.0,1,1,11,100,1.119889326784,11,Typeb,Toyota,Food
2026-01-13 06:00:00,6.4675034563327065,2.702713115662058,0.41789125184242076,0,0,11,0,1.12425024,11,Typeb,Toyota,Food
2026-01-13 07:00:00,6.4675034563327065,2.910067927718934,0.4499522802526712,0,0,11,0,1.12425024,11,Typeb,Toyota,Food
2026-01-13 08:00:00,6.4675034563327065,0.7271092312982876,0.11242502400000001,0,0,11,0,1.12425024,11,Typeb,Toyota,Food
2026-01-13 09:00:00,6.4675034563327065,2.173201790272333,0.3360186515469776,0,0,11,0,1.12425024,11,Typeb,Toyota,Food
2026-01-13 10:00:00,6.4675034563327065,1.7905548540382765,0.27685410083314926,0,0,11,0,1.12425024,11,Typeb,Toyota,Food
2026-01-13 11:00:00,6.4675034563327065,0.9934581376737365,0.15360767015918392,0,0,11,0,1.12425024,11,Typeb,Toyota,Food
2026-01-13 12:00:00,0.0,0.0,0.0,1,1,11,100,1.12425024,11,Typeb,Toyota,Food
2026-01-13 13:00:00,5.509354796135268,1.4924902598352157,0.2709010973267098,0,0,11,0,1.12425024,11,Typeb,Toyota,Food
2026-01-13 14:00:00,5.509354796135268,2.287508479241874,0.41520442300185995,0,0,11,0,1.12425024,11,Typeb,Toyota,Food
2026-01-13 15:00:00,5.509354796135268,1.0191754956384445,0.1849899912696458,0,0,11,0,1.12425024,11,Typeb,Toyota,Food
2026-01-13 16:00:00,5.509354796135268,0.9569621086860595,0.1736976731571825,0,0,11,0,1.12425024,11,Typeb,Toyota,Food
2026-01-13 17:00:00,5.509354796135268,1.2687487434718066,0.23028989608035688,0,0,11,0,1.12425024,11,Typeb,Toyota,Food
2026-01-13 18:00:00,5.509354796135268,1.5271112092183494,0.27718512706598525,0,0,11,0,1.12425024,11,Typeb,Toyota,Food
2026-01-13 19:00:00,5.509354796135268,1.9758000540563865,0.35862639586079686,0,0,11,0,1.12425024,11,Typeb,Toyota,Food
2026-01-13 20:00:00,0.0,0.0,0.0,1,1,11,100,1.12425024,11,Typeb,Toyota,Food
2026-01-13 21:00:00,0.0,0.0,0.0,1,1,11,100,1.12425024,11,Typeb,Toyota,Food
2026-01-13 22:00:00,0.0,0.0,0.0,1,1,11,100,1.12425024,11,Typeb,Toyota,Food
2026-01-13 23:00:00,0.0,0.0,0.0,1,1,11,100,1.12425024,11,Typeb,Toyota,Food
2026-01-14 00:00:00,0.0,0.0,0.0,1,1,11,100,1.12425024,11,Typeb,Toyota,Food
2026-01-14 01:00:00,0.0,0.0,0.0,1,1,11,100,1.12425024,11,Typeb,Toyota,Food
2026-01-14 02:00:00,0.0,0.0,0.0,1,1,11,100,1.12425024,11,Typeb,Toyota,Food
2026-01-14 03:00:00,0.0,0.0,0.0,1,1,11,100,1.12425024,11,Typeb,Toyota,Food
2026-01-14 04:00:00,0.0,0.0,0.0,1,1,11,100,1.12425024,11,Typeb,Toyota,Food
2026-01-14 05:00:00,0.0,0.0,0.0,1,1,11,100,1.12425024,11,Typeb,Toyota,Food
2026-01-14 06:00:00,5.837750313378551,0.6435973776742019,0.11024750000000001,0,0,11,0,1.102475,11,Typeb,Toyota,Food
2026-01-14 07:00:00,5.837750313378551,2.8961881995339085,0.4961137500000001,0,0,11,0,1.102475,11,Typeb,Toyota,Food
2026-01-14 08:00:00,5.837750313378551,2.1571772093476844,0.3695220065174791,0,0,11,0,1.102475,11,Typeb,Toyota,Food
2026-01-14 09:00:00,5.837750313378551,0.8407963106476295,0.14402745330178834,0,0,11,0,1.102475,11,Typeb,Toyota,Food
2026-01-14 10:00:00,5.837750313378551,2.135630933793007,0.36583115398044963,0,0,11,0,1.102475,11,Typeb,Toyota,Food
2026-01-14 11:00:00,5.837750313378551,1.0315459369113162,0.17670264768729332,0,0,11,0,1.102475,11,Typeb,Toyota,Food
2026-01-14 12:00:00,0.0,0.0,0.0,1,1,11,100,1.102475,11,Typeb,Toyota,Food
2026-01-14 13:00:00,6.0809899097693245,2.0526145078383635,0.3375461130992449,0,0,11,0,1.102475,11,Typeb,Toyota,Food
2026-01-14 14:00:00,6.0809899097693245,1.3186037481937836,0.2168403118175546,0,0,11,0,1.102475,11,Typeb,Toyota,Food
2026-01-14 15:00:00,6.0809899097693245,1.3231167194145474,0.2175824559894293,0,0,11,0,1.102475,11,Typeb,Toyota,Food
2026-01-14 16:00:00,6.0809899097693245,1.982966677574429,0.32609274262874915,0,0,11,0,1.102475,11,Typeb,Toyota,Food
2026-01-14 17:00:00,6.0809899097693245,1.3137405459062566,0.21604057322898795,0,0,11,0,1.102475,11,Typeb,Toyota,Food
2026-01-14 18:00:00,6.0809899097693245,1.3678248264130244,0.22493456603431716,0,0,11,0,1.102475,11,Typeb,Toyota,Food
2026-01-14 19:00:00,0.0,0.0,0.0,1,1,11,100,1.102475,11,Typeb,Toyota,Food
2026-01-14 20:00:00,0.0,0.0,0.0,1,1,11,100,1.102475,11,Typeb,Toyota,Food
2026-01-14 21:00:00,0.0,0.0,0.0,1,1,11,100,1.102475,11,Typeb,Toyota,Food
2026-01-14 22:00:00,0.0,0.0,0.0,1,1,11,100,1.102475,11,Typeb,Toyota,Food
2026-01-14 23:00:00,0.0,0.0,0.0,1,1,11,100,1.102475,11,Typeb,Toyota,Food
