date,Consumption_km_Vehicle_0,Consumption_km_Vehicle_1,Consumption_km_Vehicle_10,Consumption_km_Vehicle_11,Consumption_km_Vehicle_12,Consumption_km_Vehicle_13,Consumption_km_Vehicle_14,Consumption_km_Vehicle_15,Consumption_km_Vehicle_16,Consumption_km_Vehicle_17,Consumption_km_Vehicle_18,Consumption_km_Vehicle_19,Consumption_km_Vehicle_2,Consumption_km_Vehicle_20,Consumption_km_Vehicle_21,Consumption_km_Vehicle_22,Consumption_km_Vehicle_23,Consumption_km_Vehicle_24,Consumption_km_Vehicle_25,Consumption_km_Vehicle_26,Consumption_km_Vehicle_27,Consumption_km_Vehicle_28,Consumption_km_Vehicle_29,Consumption_km_Vehicle_3,Consumption_km_Vehicle_4,Consumption_km_Vehicle_5,Consumption_km_Vehicle_6,Consumption_km_Vehicle_7,Consumption_km_Vehicle_8,Consumption_km_Vehicle_9
2026-01-01 00:00:00,0.0,0.0,0.0,0.0,0.0,0.0,0.0,0.0,0.0,0.0,0.0,0.0,0.0,0.0,0.0,0.0,0.0,0.0,0.0,0.0,0.0,0.0,0.0,0.0,0.0,0.0,0.0,0.0,0.0,0.0
2026-01-01 01:00:00,0.0,0.0,0.0,0.0,0.0,0.0,0.0,0.0,0.0,0.0,0.0,0.0,0.0,0.0,0.0,0.0,0.0,0.0,0.0,0.0,0.0,0.0,0.0,0.0,0.0,0.0,0.0,0.0,0.0,0.0
2026-01-01 02:00:00,0.0,0.0,0.0,0.0,0.0,0.0,0.0,0.0,0.0,0.0,0.0,0.0,0.0,0.0,0.0,0.0,0.0,0.0,0.0,0.0,0.0,0.0,0.0,0.0,0.0,0.0,0.0,0.0,0.0,0.0
2026-01-01 03:00:00,0.0,0.0,0.0,0.0,0.0,0.0,0.0,0.0,0.0,0.0,0.0,0.0,0.0,0.0,0.0,0.0,0.0,0.0,0.0,0.0,0.0,0.0,0.0,0.0,0.0,0.0,0.0,0.0,0.0,0.0
2026-01-01 04:00:00,0.0,0.0,0.0,0.0,0.0,0.0,0.0,0.0,0.0,0.0,0.0,0.0,0.0,0.0,0.0,0.0,0.0,0.0,0.0,0.0,0.0,0.0,0.0,0.0,0.0,0.0,0.0,0.0,0.0,0.0
2026-01-01 05:00:00,0.0,0.0,0.0,0.0,0.0,0.0,0.0,0.0,0.0,0.0,0.0,0.0,0.0,0.0,0.0,0.0,0.0,0.0,0.0,0.0,0.0,0.0,0.0,0.0,0.0,0.0,0.0,0.0,0.0,0.0
2026-01-01 06:00:00,0.0,0.0,0.0,0.0,0.0,0.0,0.0,0.0,0.0,0.0,0.0,0.0,0.0,0.0,0.0,0.0,0.0,0.0,0.0,0.0,0.0,0.0,0.0,0.0,0.0,0.0,0.0,0.0,0.0,0.0
2026-01-01 07:00:00,0.0,0.0,0.462125619570126,0.0,0.0,0.0,0.0,0.0,0.28467170570685474,0.0,0.0,0.0,0.0,0.0,0.0,0.0,0.0,0.28278446165123944,0.0,0.0,0.0,0.0,0.0,0.2916379310605882,0.0,0.0,0.0,0.0,0.0,0.0
2026-01-01 08:00:00,0.0,0.19559239588308477,0.3760717541161335,0.23681398347429525,0.451157598088567,0.5098397753088001,0.0,0.0,0.258387464711333,0.42277255003019937,0.5098397753088001,0.4191693790479175,0.0,0.0,0.0,0.0,0.0,0.2745352365586336,0.3987970764482205,0.5098397753088001,0.26133784264181403,0.4610400206443133,0.15751254679678237,0.2762564866496924,0.0,0.0,0.20221428313376805,0.0,0.5098397753088001,0.0
2026-01-01 09:00:00,0.18131949059820934,0.2778963561163211,0.27993064608541485,0.5098397753088001,0.35200895265179466,0.17076382293902673,0.34309197114563644,0.387561251354928,0.19640419480293017,0.3250998066782456,0.38427660888501886,0.38859768249459664,0.17866779579826791,0.12053123442719064,0.5026774337799027,0.2793273842326625,0.47879421934196514,0.5098397753088001,0.34849352451056953,0.48191600927454326,0.3797561769539838,0.32161090685515636,0.3064499009791973,0.4081926704313758,0.11329772784640002,0.11329772784640002,0.11329772784640002,0.0,0.38106285396024403,0.3154795335451102
2026-01-01 10:00:00,0.18132202962994293,0.2872357476311865,0.3884897018745717,0.3236349036764952,0.3992335983680231,0.1248467729952085,0.3472730826033196,0.41302365498461224,0.34360346017814813,0.11329772784640002,0.22554558214947348,0.5098397753088001,0.314524688049661,0.30300696044717224,0.11329772784640002,0.5098397753088001,0.11329772784640002,0.21747767576653063,0.5098397753088001,0.46307840967703284,0.36189612571761137,0.3515639595747563,0.16379648022077783,0.40294998253587383,0.4024769939439048,0.27611755025855655,0.39152077072828473,0.283507354552599,0.15301793007212552,0.3137927339524312
2026-01-01 11:00:00,0.4617591079287514,0.11329772784640002,0.20090524774732252,0.30004075815175796,0.5098397753088001,0.2596032043622736,0.5098397753088001,0.29630988209439635,0.35992347769166566,0.36232826361854054,0.372480064865387,0.35295572088017135,0.18853535877342337,0.4284461607892661,0.29817758855955107,0.5098397753088001,0.4442624259968728,0.3095859589944749,0.33455644382568633,0.18133103919499877,0.16950370284509206,0.14317576531437554,0.3373452261280683,0.28315245200976696,0.23877763672538124,0.11329772784640002,0.486572320729123,0.37296498882707424,0.19504634513894925,0.11329772784640002
2026-01-01 12:00:00,0.33621649159398637,0.19978018085785545,0.4042973399991503,0.5098397753088001,0.3169172589864358,0.14858468893692475,0.4103392075485973,0.5098397753088001,0.30876573580825956,0.5098397753088001,0.41054912010353634,0.17917223347413816,0.3274022629087974,0.2575008263497896,0.5098397753088001,0.36398160153790904,0.21951992756638283,0.3958381703720177,0.5066690855165588,0.3919789597366841,0.22149464669338395,0.18719257761282132,0.24045148782618167,0.11329772784640002,0.2808162622478103,0.12188491635133183,0.25171861765608256,0.12560610415197265,0.14533725915757137,0.47914562756676354
2026-01-01 13:00:00,0.14492676711546645,0.263272644286211,0.3989322538958901,0.11329772784640002,0.5098397753088001,0.11329772784640002,0.24003951629447914,0.17388308682578935,0.39804101507666334,0.21451307188139646,0.3825557852846673,0.3494399402281432,0.378837483016223,0.3616506319433448,0.39053667477430676,0.45416131189382225,0.3185393937274411,0.29604850038815705,0.442731473813605,0.5059668310956035,0.25002849800672516,0.1848353883922913,0.29807555963132465,0.11329772784640002,0.11329772784640002,0.28022185336880195,0.11329772784640002,0.5052088170420235,0.25122454749634415,0.23574855612797946
2026-01-01 14:00:00,0.30143930698148635,0.11329772784640002,0.3109939197880486,0.2680162762455552,0.42509620064030484,0.1826048394588367,0.36384330335740317,0.5098397753088001,0.21034517413641868,0.40761437069698936,0.25487680542924046,0.11329772784640002,0.5098397753088001,0.11329772784640002,0.11329772784640002,0.20298831466549877,0.4389343063836585,0.11329772784640002,0.14270063318464524,0.16998176942534576,0.5098397753088001,0.443953981526737,0.34952647284118965,0.33820550652185255,0.3076803262132528,0.3659388563796279,0.3948885794874132,0.40037365884276815,0.4005076485668806,0.36806249487121306
2026-01-01 15:00:00,0.14586344317720742,0.12363210348957233,0.30473467534822646,0.24813893816935761,0.4458016489633801,0.369479153036637,0.11329772784640002,0.3010169445889603,0.2118633224043633,0.11329772784640002,0.18628057396249456,0.29838725826114804,0.18722384961133828,0.11329772784640002,0.21497892912832967,0.14595856138109942,0.14516489043229155,0.45624609220233503,0.20090140477712196,0.11329772784640002,0.3834378074745343,0.44134851334226133,0.49914387463688137,0.3767364248955787,0.23202282967855664,0.333222522098516,0.3270724786219784,0.24018455866504754,0.3264654452206829,0.18876039219072088
2026-01-01 16:00:00,0.14550587974757365,0.28198911982367236,0.45494598168632633,0.478976069159508,0.26586401943762944,0.5098397753088001,0.3552727209908101,0.24602457228992472,0.13238064500774618,0.3317648022704402,0.3141488600988939,0.2764342695052364,0.11329772784640002,0.5050122634135652,0.2728924237470397,0.2161802789087098,0.23152444587903742,0.29331693202205295,0.2491485760256916,0.45211172463520677,0.5098397753088001,0.47696467381188196,0.5098397753088001,0.3252100902129575,0.3010361197336436,0.32310273389849575,0.31460005627561144,0.5098397753088001,0.21900683171467564,0.3994069906820106
2026-01-01 17:00:00,0.25495144114951296,0.11329772784640002,0.2817213082399442,0.31178094793651534,0.3250736943635042,0.3303287970466721,0.22572359281442533,0.40343891575028906,0.5098397753088001,0.27874709625206257,0.2660526308745478,0.1989650853374543,0.11329772784640002,0.38172574801026,0.403192837122945,0.3648380001293491,0.3232111157508032,0.11329772784640002,0.2859513161954292,0.4260193635222841,0.11329772784640002,0.3731739520754635,0.36254317457703505,0.13273576302178053,0.3459915929508314,0.11329772784640002,0.4515287095617857,0.29961368810245764,0.351804661721142,0.21256872658068623
2026-01-01 18:00:00,0.11329772784640002,0.13849212988735507,0.30373541185493935,0.5098397753088001,0.1948316766209387,0.3721271188219774,0.25801847162363484,0.27511242284474546,0.11329772784640002,0.25610689920993784,0.379511102105206,0.1530153013828287,0.24469693396095243,0.23014088404699412,0.45859602968124236,0.30492179449829715,0.25600622549840724,0.25304903584023936,0.4586168960331981,0.30782759594003256,0.5098397753088001,0.4331018725580413,0.36483869732757945,0.28933844505220435,0.14744726536017658,0.18275450738894905,0.5098397753088001,0.4099473554987759,0.2383853248926722,0.5098397753088001
2026-01-01 19:00:00,0.11329772784640002,0.16402024701677068,0.2992952122707506,0.42907739815457424,0.2556000478982244,0.0,0.5098397753088001,0.5098397753088001,0.43490002743086675,0.11329772784640002,0.12944911430949477,0.3583629330178671,0.3469575222496172,0.20440192575966817,0.32210530760293055,0.42647620747506393,0.36198327748359543,0.33486401316364006,0.0,0.29043302586412467,0.31757182310394094,0.1500616487029997,0.42343826877651003,0.4897189859439511,0.11329772784640002,0.1412610470652581,0.0,0.3333311008842978,0.28476117747923607,0.2965218248002336
2026-01-01 20:00:00,0.13057308470305015,0.0,0.30113901679403393,0.22740172603448267,0.26178836097416647,0.0,0.3263667024966774,0.0,0.148820453693371,0.0,0.25943039108732086,0.22654267499500277,0.2521347744133576,0.2089243474757746,0.3592854689669884,0.35625594952067474,0.3344277870999755,0.1760574636758668,0.0,0.11329772784640002,0.1672572464181545,0.5078966335264761,0.44269666374267325,0.0,0.435814053023606,0.3575078699090386,0.0,0.18101395703231685,0.3681728299657551,0.3299489561060313
2026-01-01 21:00:00,0.0,0.0,0.13895263743550718,0.0,0.0,0.0,0.0,0.0,0.24160819893350974,0.0,0.1736431429225238,0.0,0.11329772784640002,0.0,0.193755364146815,0.5098397753088001,0.0,0.0,0.0,0.0,0.11329772784640002,0.0,0.5098397753088001,0.0,0.23437862863598485,0.11329772784640002,0.0,0.0,0.0,0.0
2026-01-01 22:00:00,0.0,0.0,0.0,0.0,0.0,0.0,0.0,0.0,0.0,0.0,0.20944126104468283,0.0,0.4496114786168987,0.0,0.0,0.0,0.0,0.0,0.0,0.0,0.0,0.0,0.5098397753088001,0.0,0.0,0.30268500459106945,0.0,0.0,0.0,0.0
2026-01-01 23:00:00,0.0,0.0,0.0,0.0,0.0,0.0,0.0,0.0,0.0,0.0,0.0,0.0,0.0,0.0,0.0,0.0,0.0,0.0,0.0,0.0,0.0,0.0,0.0,0.0,0.0,0.0,0.0,0.0,0.0,0.0
2026-01-02 00:00:00,0.0,0.0,0.0,0.0,0.0,0.0,0.0,0.0,0.0,0.0,0.0,0.0,0.0,0.0,0.0,0.0,0.0,0.0,0.0,0.0,0.0,0.0,0.0,0.0,0.0,0.0,0.0,0.0,0.0,0.0
2026-01-02 01:00:00,0.0,0.0,0.0,0.0,0.0,0.0,0.0,0.0,0.0,0.0,0.0,0.0,0.0,0.0,0.0,0.0,0.0,0.0,0.0,0.0,0.0,0.0,0.0,0.0,0.0,0.0,0.0,0.0,0.0,0.0
2026-01-02 02:00:00,0.0,0.0,0.0,0.0,0.0,0.0,0.0,0.0,0.0,0.0,0.0,0.0,0.0,0.0,0.0,0.0,0.0,0.0,0.0,0.0,0.0,0.0,0.0,0.0,0.0,0.0,0.0,0.0,0.0,0.0
2026-01-02 03:00:00,0.0,0.0,0.0,0.0,0.0,0.0,0.0,0.0,0.0,0.0,0.0,0.0,0.0,0.0,0.0,0.0,0.0,0.0,0.0,0.0,0.0,0.0,0.0,0.0,0.0,0.0,0.0,0.0,0.0,0.0
2026-01-02 04:00:00,0.0,0.0,0.0,0.0,0.0,0.0,0.0,0.0,0.0,0.0,0.0,0.0,0.0,0.0,0.0,0.0,0.0,0.0,0.0,0.0,0.0,0.0,0.0,0.0,0.0,0.0,0.0,0.0,0.0,0.0
2026-01-02 05:00:00,0.0,0.0,0.0,0.0,0.0,0.0,0.0,0.0,0.0,0.0,0.0,0.0,0.0,0.0,0.0,0.0,0.0,0.0,0.0,0.0,0.0,0.0,0.0,0.0,0.0,0.0,0.0,0.0,0.0,0.0
2026-01-02 06:00:00,0.0,0.0,0.0,0.0,0.0,0.0,0.0,0.0,0.0,0.0,0.0,0.0,0.0,0.0,0.0,0.0,0.0,0.0,0.0,0.0,0.0,0.0,0.0,0.0,0.0,0.0,0.0,0.0,0.0,0.0
2026-01-02 07:00:00,0.48325055387804733,0.0,0.0,0.0,0.0,0.0,0.47723311456872947,0.0,0.0,0.0,0.0,0.0,0.0,0.1782712874967632,0.0,0.0,0.0,0.3203640471186733,0.0,0.0,0.0,0.123259004,0.0,0.0,0.0,0.3332768949800308,0.5546655180000001,0.22918128123885093,0.35374088583067903,0.0
2026-01-02 08:00:00,0.198670754652682,0.0,0.5546655180000001,0.0,0.0,0.0,0.23942420200107178,0.38413061531171744,0.41252323543341585,0.2921579892777751,0.123259004,0.0,0.4515984956160431,0.5546655180000001,0.0,0.0,0.22337477606740364,0.2798292105258413,0.3498297747602066,0.0,0.0,0.3293447443662533,0.123259004,0.328366701582412,0.0,0.123259004,0.2174377929685787,0.123259004,0.5546655180000001,0.16362702377879404
2026-01-02 09:00:00,0.24801880955862732,0.0,0.4867179706462685,0.123259004,0.0,0.365084617631819,0.3726905128786096,0.529305953087376,0.4426693142625079,0.505795536773539,0.40497031411016293,0.48804681662812194,0.123259004,0.3037142591637541,0.4272717736467073,0.22279714251310945,0.4055530467487117,0.3107932309589483,0.3335875500996878,0.3106629632257815,0.0,0.41190400136482463,0.46193654534800044,0.2509967970754998,0.0,0.18944704942458143,0.14956219124655182,0.23155370464010977,0.5546655180000001,0.2584077086998496
2026-01-02 10:00:00,0.123259004,0.2271382379452787,0.123259004,0.5176622365732125,0.123259004,0.123259004,0.5546655180000001,0.5546655180000001,0.37093217695656194,0.123259004,0.123259004,0.2702074793846356,0.123259004,0.2176659869615089,0.43640180081246394,0.30745765481849374,0.5546655180000001,0.4987805875412055,0.3579338726479725,0.1595170266811257,0.0,0.5546655180000001,0.123259004,0.35621621415507676,0.1370862672400674,0.123259004,0.123259004,0.42659253293758426,0.34647273997303674,0.5546655180000001
2026-01-02 11:00:00,0.14506568882699977,0.46205075795025674,0.26822872759840605,0.28481324671856884,0.25744142426846406,0.17729135198297274,0.13789267530219607,0.123259004,0.274184084758771,0.48156254394553794,0.3315419253563166,0.29582548582035634,0.3772218829528132,0.18866556318024674,0.21859949059674352,0.3401878933988265,0.47026874975825417,0.41704150429454406,0.5546655180000001,0.39676480543247217,0.1532299066683864,0.22203094407447932,0.3954956371087697,0.12555580268127986,0.40425556579641664,0.123259004,0.123259004,0.5546655180000001,0.35076327134912466,0.15870683952834272
2026-01-02 12:00:00,0.2553198515027284,0.123259004,0.12954826384057064,0.4720417385983013,0.433378190049563,0.21578824528925494,0.3987092573378842,0.16279394304589787,0.27848396964045447,0.45952082063766037,0.3835353832527783,0.37844497379955927,0.123259004,0.41862086841531504,0.123259004,0.4506881200977642,0.5206786138611841,0.4862717765672512,0.47777794755097264,0.123259004,0.43198074130174696,0.5029777527110212,0.123259004,0.46499455214635865,0.123259004,0.123259004,0.1985663257165701,0.3607396551211618,0.35050266637519867,0.5374859204465118
2026-01-02 13:00:00,0.123259004,0.21862165894553443,0.5228034571488988,0.27842840987081763,0.18327839334681506,0.33240848959274183,0.123259004,0.3093126524084702,0.3510915898958827,0.5212737236875398,0.3169628379606429,0.2791499808114837,0.5546655180000001,0.5286505230613999,0.42826283028136836,0.30951610809330826,0.12727788701214027,0.29343579512792506,0.5241876682769053,0.4548892602380117,0.24180723145487654,0.37677388090396696,0.1902125950738302,0.266250714043099,0.2976723465222429,0.2940172220723605,0.3355617757512303,0.3658338089204044,0.123259004,0.4038015786094431
2026-01-02 14:00:00,0.2998679309203736,0.4153378647617373,0.5546655180000001,0.48295660341666014,0.5139952879119015,0.5546655180000001,0.2510949076551417,0.5546655180000001,0.3463390675605201,0.123259004,0.409890333822387,0.4383386494256038,0.1408544571031584,0.2354329676127262,0.3877789618520869,0.20406468064556138,0.4009542004084898,0.41957581689328366,0.4011425554960217,0.123259004,0.2320066980413655,0.12889606865171224,0.5546655180000001,0.123259004,0.4071308952609943,0.15182815182972217,0.30798839490145097,0.5234997240120254,0.42389570901631474,0.5546655180000001
2026-01-02 15:00:00,0.13560070475735456,0.1442233649117268,0.5546655180000001,0.123259004,0.35781945243703683,0.2961239650869208,0.24043019235293453,0.37685716766761673,0.29964930259857264,0.2631232905536725,0.18307491999633507,0.14530925085916027,0.234845756567357,0.3378723813419297,0.18746253947375757,0.3658733229420028,0.123259004,0.46749430121216595,0.12506353882644436,0.2754955901002646,0.3907627624598805,0.5546655180000001,0.3661640701751558,0.123259004,0.23773649810342462,0.3267416790262695,0.26185058995630844,0.2754904640247682,0.5546655180000001,0.123259004
2026-01-02 16:00:00,0.18758024001597676,0.26619366919199366,0.2729235595106146,0.42825312089696516,0.123259004,0.2620907757004022,0.5546655180000001,0.5546655180000001,0.4613477853334498,0.1743451557926961,0.15978529654357768,0.1832873214098802,0.27006603120524025,0.2618588828159413,0.4147318775347917,0.49599648382572525,0.123259004,0.31313974813107964,0.38716709168861807,0.32915291089762944,0.46604761377875925,0.2785044941460919,0.3421802618269414,0.3468118896936589,0.22739770068104376,0.3163254206617551,0.123259004,0.5172297666797387,0.22836286004486891,0.35202427202087766
2026-01-02 17:00:00,0.13542102838727277,0.32037850265432644,0.28445628647730165,0.2728337273595737,0.3937541725246486,0.2574852958119885,0.23306256802583233,0.4321511964054157,0.5077654766563602,0.2984368657225773,0.18380189708196293,0.15456243681024193,0.2129423099142569,0.2733982204392134,0.123259004,0.123259004,0.24630513656578273,0.41589317360433337,0.28853407028748784,0.2521604216800186,0.445249530304896,0.5546655180000001,0.44990582484314223,0.3298299271883002,0.38870415169368494,0.3712283253584614,0.5366931631786621,0.19802528569348962,0.3305204365170209,0.125645106443468
2026-01-02 18:00:00,0.5483003887495275,0.5546655180000001,0.2802688504798926,0.1818889688232095,0.29181043621172925,0.4790353587058629,0.5546655180000001,0.39223633960280385,0.123259004,0.42719251646443435,0.13608976409443926,0.3738971666691497,0.19220739866712402,0.3126647477679742,0.19073211395004022,0.5546655180000001,0.123259004,0.1565526250474955,0.4570417600560977,0.19098910752377474,0.43508539686240705,0.35848331872462014,0.3715802339867745,0.43492997916405823,0.123259004,0.123259004,0.123259004,0.21729546599784702,0.30859515563929846,0.40690632047716874
2026-01-02 19:00:00,0.23438639931758204,0.35864503161150485,0.30087154647954223,0.0,0.2842682168047356,0.19009254046960847,0.31361626006775034,0.40463110883910924,0.4142859949702339,0.24083621962544485,0.0,0.0,0.435271001890961,0.14081523416233038,0.5491399578183184,0.4098817990817923,0.0,0.3531976196555586,0.2743601364998081,0.4753696420577801,0.21295549404442027,0.3028654688784013,0.2818569563970557,0.123259004,0.13994922432327908,0.19657691843570244,0.123259004,0.20937681418978968,0.31480937036886825,0.123259004
2026-01-02 20:00:00,0.0,0.0,0.0,0.0,0.0,0.5546655180000001,0.33143313847329103,0.0,0.2763406033819438,0.35893284037550954,0.0,0.0,0.2904746455896711,0.0,0.32780820804338734,0.0,0.0,0.0,0.1575094445384355,0.12333208846995046,0.123259004,0.21910634844329438,0.0,0.123259004,0.123259004,0.34711662359855444,0.0,0.38554213920358116,0.45453905112012166,0.35874948589750194
2026-01-02 21:00:00,0.0,0.0,0.0,0.0,0.0,0.0,0.0,0.0,0.0,0.0,0.0,0.0,0.0,0.0,0.0,0.0,0.0,0.0,0.30137522504972697,0.0,0.26335908815920667,0.0,0.0,0.34357456230565453,0.0,0.30067302532491974,0.0,0.0,0.3763980611246265,0.0
2026-01-02 22:00:00,0.0,0.0,0.0,0.0,0.0,0.0,0.0,0.0,0.0,0.0,0.0,0.0,0.0,0.0,0.0,0.0,0.0,0.0,0.0,0.0,0.0,0.0,0.0,0.276170239741575,0.0,0.0,0.0,0.0,0.0,0.0
2026-01-02 23:00:00,0.0,0.0,0.0,0.0,0.0,0.0,0.0,0.0,0.0,0.0,0.0,0.0,0.0,0.0,0.0,0.0,0.0,0.0,0.0,0.0,0.0,0.0,0.0,0.0,0.0,0.0,0.0,0.0,0.0,0.0
2026-01-03 00:00:00,0.0,0.0,0.0,0.0,0.0,0.0,0.0,0.0,0.0,0.0,0.0,0.0,0.0,0.0,0.0,0.0,0.0,0.0,0.0,0.0,0.0,0.0,0.0,0.0,0.0,0.0,0.0,0.0,0.0,0.0
2026-01-03 01:00:00,0.0,0.0,0.0,0.0,0.0,0.0,0.0,0.0,0.0,0.0,0.0,0.0,0.0,0.0,0.0,0.0,0.0,0.0,0.0,0.0,0.0,0.0,0.0,0.0,0.0,0.0,0.0,0.0,0.0,0.0
2026-01-03 02:00:00,0.0,0.0,0.0,0.0,0.0,0.0,0.0,0.0,0.0,0.0,0.0,0.0,0.0,0.0,0.0,0.0,0.0,0.0,0.0,0.0,0.0,0.0,0.0,0.0,0.0,0.0,0.0,0.0,0.0,0.0
2026-01-03 03:00:00,0.0,0.0,0.0,0.0,0.0,0.0,0.0,0.0,0.0,0.0,0.0,0.0,0.0,0.0,0.0,0.0,0.0,0.0,0.0,0.0,0.0,0.0,0.0,0.0,0.0,0.0,0.0,0.0,0.0,0.0
2026-01-03 04:00:00,0.0,0.0,0.0,0.0,0.0,0.0,0.0,0.0,0.0,0.0,0.0,0.0,0.0,0.0,0.0,0.0,0.0,0.0,0.0,0.0,0.0,0.0,0.0,0.0,0.0,0.0,0.0,0.0,0.0,0.0
2026-01-03 05:00:00,0.0,0.0,0.0,0.0,0.0,0.0,0.0,0.0,0.0,0.0,0.0,0.0,0.0,0.0,0.0,0.0,0.0,0.0,0.0,0.0,0.0,0.0,0.0,0.0,0.0,0.0,0.0,0.0,0.0,0.0
2026-01-03 06:00:00,0.0,0.0,0.0,0.0,0.0,0.0,0.0,0.0,0.0,0.0,0.0,0.0,0.0,0.0,0.0,0.0,0.0,0.0,0.0,0.0,0.0,0.0,0.0,0.0,0.0,0.0,0.0,0.0,0.0,0.0
2026-01-03 07:00:00,0.1209049010004,0.0,0.3269557165860835,0.0,0.0,0.4455076118154892,0.0,0.0,0.0,0.0,0.0,0.0,0.0,0.0,0.0,0.0,0.0,0.0,0.0,0.0,0.0,0.0,0.0,0.0,0.0,0.0,0.0,0.0,0.0,0.0
2026-01-03 08:00:00,0.1209049010004,0.1209049010004,0.376177517180833,0.3431199174030818,0.0,0.2132690826279173,0.1209049010004,0.0,0.0,0.0,0.0,0.0,0.0,0.0,0.0,0.23164689561085602,0.0,0.0,0.0,0.5440720545018,0.526482033756315,0.0,0.0,0.0,0.42123659010740166,0.3775770531381256,0.15915631878765754,0.1209049010004,0.0,0.5316537550088781
2026-01-03 09:00:00,0.26462644135959484,0.4353827875917121,0.3523719914144277,0.1209049010004,0.41324196120663714,0.24536729170057717,0.17043021917283238,0.1209049010004,0.0,0.27798478158826656,0.0,0.1209049010004,0.1209049010004,0.24026761948159106,0.0,0.12732422295011359,0.3717053011011858,0.4040815319540633,0.3875434495326306,0.4594568350999701,0.3656089083465296,0.2616233555196929,0.4731946830156417,0.2423424248851849,0.2230079743130151,0.1209049010004,0.34105946147968,0.34476406436366563,0.0,0.5440720545018
2026-01-03 10:00:00,0.35401038215967096,0.1209049010004,0.16923415538242784,0.19371464968271673,0.378880067783345,0.3626764612742851,0.5113936491199728,0.3657906648828825,0.0,0.45639779873206904,0.5440720545018,0.45846570919626056,0.21512738556188837,0.1209049010004,0.1209049010004,0.39133975532336024,0.3475285333195566,0.4822281540368853,0.34499821725328583,0.2740733013934246,0.12669891561151753,0.24102767640920866,0.1209049010004,0.1209049010004,0.1209049010004,0.25139300261383446,0.48840015117819097,0.24642950528745364,0.21897104799039838,0.2577493268913868
2026-01-03 11:00:00,0.260419206743887,0.1965948731130588,0.3313236850185174,0.1209049010004,0.2002744345252298,0.20173999657606853,0.33918865742674725,0.5322626566856526,0.4064427932872381,0.5440720545018,0.20915882396106938,0.4190489724751179,0.40940462217799906,0.19166820846540145,0.4169985447421654,0.22518761524306638,0.29205092765100116,0.22071279698287036,0.38581544296407566,0.26212678926926636,0.40236038987150907,0.44317208872808295,0.32885520644117,0.22740006068416024,0.1209049010004,0.1209049010004,0.4919292794270645,0.4986306860380059,0.218586372127148,0.45429655840622374
2026-01-03 12:00:00,0.21305137367920043,0.2540174195775921,0.4473593788393475,0.4149741392263129,0.35171528421973763,0.46253716873553313,0.5440720545018,0.5440720545018,0.25630435067278007,0.31858909067055985,0.34454132982748825,0.34825630517719963,0.3674497931822927,0.1209049010004,0.18429334574262574,0.15113011879964863,0.4135997521445751,0.2472046991160546,0.1209049010004,0.28750007606881756,0.2708083907291167,0.1209049010004,0.4956942971809801,0.1209049010004,0.3032869410232855,0.1570156691303204,0.522244768936398,0.5440720545018,0.1597194675767162,0.4418027502111681
2026-01-03 13:00:00,0.18244470434997215,0.4186815414266094,0.3757378532476181,0.4360269538633635,0.15299016810569416,0.43661349918052905,0.12870267084921724,0.3232085032915575,0.5360999494739693,0.31876707785398795,0.4598415438911669,0.523345972067127,0.15501675109772114,0.382887446024169,0.25852979204044485,0.32789370685448,0.2020930787641844,0.26998162139387166,0.1209049010004,0.49990703308334283,0.514657598344377,0.15613906323906707,0.5440720545018,0.1209049010004,0.1209049010004,0.37334090993019864,0.1313816701724897,0.36001740199653715,0.23001249059534828,0.40647778381932853
2026-01-03 14:00:00,0.1209049010004,0.2829928591347573,0.5440720545018,0.3952558784156011,0.4528175942431098,0.12422413021296275,0.2583121082728122,0.1209049010004,0.22778467534580213,0.4869710112993228,0.34356064421739174,0.5076560785443223,0.2110740325612864,0.5171211135392331,0.35043912115502346,0.1567870891056828,0.2911171786121345,0.45832144985439777,0.1209049010004,0.15464147962024039,0.3904339225349534,0.5440720545018,0.3235014140349133,0.25381600505989965,0.1209049010004,0.1209049010004,0.1209049010004,0.39214925260117306,0.40808631088800945,0.17983442626823906
2026-01-03 15:00:00,0.1209049010004,0.23772234843763024,0.4239161942306908,0.1451622441882458,0.48460741013058856,0.3599129757724807,0.5440720545018,0.2569090370865297,0.4622623440855364,0.1209049010004,0.1209049010004,0.27624559551646527,0.17467846830113284,0.2686764760237884,0.3858938108923477,0.12705330781326957,0.2590605382854629,0.5138045196863038,0.25885655415524056,0.4309651010154276,0.3634947641096142,0.29641272173010663,0.1209049010004,0.5440720545018,0.188207845676552,0.3497867301031063,0.25134600301299664,0.1209049010004,0.5227517934751211,0.31498255833591665
2026-01-03 16:00:00,0.15611580289598767,0.5440720545018,0.1297344560234731,0.5073466641995336,0.40358825968892775,0.28084514563869156,0.3708438660641338,0.2969121808032161,0.1209049010004,0.33318479437157106,0.2553262926607983,0.23844969370433222,0.1209049010004,0.4317612815241396,0.1209049010004,0.32024578794544606,0.44647900203961643,0.1209049010004,0.2278719656740045,0.5440720545018,0.3173146877427513,0.1209049010004,0.3879237144383737,0.1209049010004,0.24244541025219335,0.2507063329869475,0.4217581289808201,0.38118574671845074,0.3000662792622078,0.34735943718634016
2026-01-03 17:00:00,0.4065997772358954,0.3069326209428689,0.21419849263952775,0.4431074320345597,0.42054509084721164,0.2171738323675346,0.1209049010004,0.1209049010004,0.1209049010004,0.3871873323748539,0.1209049010004,0.47248940397610567,0.2693174766218503,0.36004215792632815,0.2309506047700872,0.17426370119052023,0.3520658282956367,0.26611388398419555,0.33250601235001326,0.42178250703931164,0.485382897282707,0.47097231868130596,0.5440720545018,0.28900237178278737,0.1209049010004,0.15538637266226316,0.3199862875430076,0.45469782763321925,0.1209049010004,0.475348815422422
2026-01-03 18:00:00,0.2888465195809732,0.4255279580725677,0.2876334297407461,0.4235994558013547,0.349116937633562,0.34677362807817713,0.2719984925766039,0.33155059867961767,0.5145283190989852,0.20771960605039028,0.39753849335147845,0.3316601347945335,0.3183796880876103,0.36210908626270943,0.24028307679769487,0.36633548921193065,0.3948369960640639,0.2641042258103239,0.503798290333826,0.4963552178515631,0.38006507644319365,0.4743769019698222,0.3342725563511933,0.14528732673818773,0.38044809573765265,0.1209049010004,0.45936759906826913,0.2732477863704361,0.1209049010004,0.41773572345290816
2026-01-03 19:00:00,0.1209049010004,0.3083316627225626,0.1746927182052139,0.0,0.16306259055154967,0.3050119697523535,0.30978588593763695,0.31731135385600256,0.2217660287726436,0.4896705454230749,0.24430372567763348,0.42876713506667685,0.29621049318270815,0.3393728773192624,0.28011572798206114,0.26798496326984883,0.3960930376088085,0.5440720545018,0.23802352700514798,0.395513102759462,0.25316709402080445,0.3207560692690027,0.0,0.1209049010004,0.12949759539938666,0.1541500025754699,0.5440720545018,0.40356348942030096,0.3572329688875862,0.18907222580504898
2026-01-03 20:00:00,0.0,0.32979719556246456,0.27157292599222016,0.0,0.0,0.2619096013872561,0.5440720545018,0.456375634376712,0.2420165603489172,0.0,0.5440720545018,0.3644923190366093,0.0,0.442029742798952,0.0,0.49995992549418167,0.20695193580926405,0.5440720545018,0.255618311038741,0.5440720545018,0.0,0.1215792285299981,0.0,0.20618652429271966,0.1209049010004,0.1209049010004,0.3205033434742003,0.0,0.5440720545018,0.0
2026-01-03 21:00:00,0.0,0.5440720545018,0.0,0.0,0.0,0.12453305843622918,0.0,0.0,0.0,0.0,0.0,0.47692397963226335,0.0,0.28977460517897796,0.0,0.0,0.3405819816489952,0.0,0.24398997521305915,0.0,0.0,0.0,0.0,0.0,0.5214896003001772,0.0,0.0,0.0,0.1209049010004,0.0
2026-01-03 22:00:00,0.0,0.0,0.0,0.0,0.0,0.0,0.0,0.0,0.0,0.0,0.0,0.0,0.0,0.0,0.0,0.0,0.0,0.0,0.0,0.0,0.0,0.0,0.0,0.0,0.0,0.0,0.0,0.0,0.28727142891778107,0.0
2026-01-03 23:00:00,0.0,0.0,0.0,0.0,0.0,0.0,0.0,0.0,0.0,0.0,0.0,0.0,0.0,0.0,0.0,0.0,0.0,0.0,0.0,0.0,0.0,0.0,0.0,0.0,0.0,0.0,0.0,0.0,0.0,0.0
2026-01-04 00:00:00,0.0,0.0,0.0,0.0,0.0,0.0,0.0,0.0,0.0,0.0,0.0,0.0,0.0,0.0,0.0,0.0,0.0,0.0,0.0,0.0,0.0,0.0,0.0,0.0,0.0,0.0,0.0,0.0,0.0,0.0
2026-01-04 01:00:00,0.0,0.0,0.0,0.0,0.0,0.0,0.0,0.0,0.0,0.0,0.0,0.0,0.0,0.0,0.0,0.0,0.0,0.0,0.0,0.0,0.0,0.0,0.0,0.0,0.0,0.0,0.0,0.0,0.0,0.0
2026-01-04 02:00:00,0.0,0.0,0.0,0.0,0.0,0.0,0.0,0.0,0.0,0.0,0.0,0.0,0.0,0.0,0.0,0.0,0.0,0.0,0.0,0.0,0.0,0.0,0.0,0.0,0.0,0.0,0.0,0.0,0.0,0.0
2026-01-04 03:00:00,0.0,0.0,0.0,0.0,0.0,0.0,0.0,0.0,0.0,0.0,0.0,0.0,0.0,0.0,0.0,0.0,0.0,0.0,0.0,0.0,0.0,0.0,0.0,0.0,0.0,0.0,0.0,0.0,0.0,0.0
2026-01-04 04:00:00,0.0,0.0,0.0,0.0,0.0,0.0,0.0,0.0,0.0,0.0,0.0,0.0,0.0,0.0,0.0,0.0,0.0,0.0,0.0,0.0,0.0,0.0,0.0,0.0,0.0,0.0,0.0,0.0,0.0,0.0
2026-01-04 05:00:00,0.0,0.0,0.0,0.0,0.0,0.0,0.0,0.0,0.0,0.0,0.0,0.0,0.0,0.0,0.0,0.0,0.0,0.0,0.0,0.0,0.0,0.0,0.0,0.0,0.0,0.0,0.0,0.0,0.0,0.0
2026-01-04 06:00:00,0.0,0.0,0.0,0.0,0.0,0.0,0.0,0.0,0.0,0.2867104417597308,0.0,0.0,0.0,0.0,0.0,0.0,0.0,0.0,0.0,0.0,0.0,0.0,0.0,0.0,0.0,0.0,0.0,0.0,0.0,0.0
2026-01-04 07:00:00,0.0,0.0,0.0,0.0,0.0,0.3915848106094007,0.3781606210532262,0.25404269386953743,0.1404246805892344,0.5185168227687077,0.0,0.0,0.0,0.0,0.0,0.5872635686250001,0.0,0.0,0.0,0.0,0.0,0.0,0.1905290222688374,0.13050301525000002,0.0,0.0,0.0,0.5872635686250001,0.0,0.0
2026-01-04 08:00:00,0.0,0.0,0.4961664222807529,0.5872635686250001,0.26690883932922005,0.17863752924021,0.31879780835185345,0.28711347587082253,0.2909854052292884,0.2667966335046238,0.0,0.0,0.0,0.21410009662292065,0.42879707729729694,0.32514358748200567,0.0,0.13050301525000002,0.0,0.4242069843997584,0.0,0.5872635686250001,0.3832847306286459,0.3425505373483362,0.30465606633061304,0.1550618554560652,0.25696477297886794,0.46638315887684334,0.0,0.34552219515956445
2026-01-04 09:00:00,0.4342245551255985,0.13050301525000002,0.13050301525000002,0.5872635686250001,0.30581601356227844,0.15854910280236756,0.45355842093285414,0.13050301525000002,0.5872635686250001,0.13050301525000002,0.0,0.4743168563672865,0.13050301525000002,0.25851251240809475,0.46513311188679846,0.5185650686718335,0.2801008324955356,0.386765863876023,0.0,0.470742897995194,0.0,0.14448847201349094,0.3553658168800468,0.3443104858513021,0.22462378695995908,0.13050301525000002,0.5167799133264533,0.42131408684674926,0.16261855500794276,0.5872635686250001
2026-01-04 10:00:00,0.4164608780763139,0.24850907580327322,0.5872635686250001,0.15356199974437737,0.48474051810909846,0.47678758310695063,0.41900454016807237,0.3607191955776004,0.16729730899305065,0.49570429756575607,0.3839258600934509,0.22803277686889178,0.13050301525000002,0.4189447443505176,0.31222200033362846,0.33578039192500236,0.3658994823480944,0.1874485872707849,0.5872635686250001,0.13050301525000002,0.3233680911202983,0.5239505624356824,0.3986449306218712,0.13050301525000002,0.13050301525000002,0.13050301525000002,0.2965628014821282,0.5454577401459675,0.13050301525000002,0.546712962406555
2026-01-04 11:00:00,0.13050301525000002,0.13050301525000002,0.5737794074943814,0.2714154547394775,0.535559443286466,0.2090085586973346,0.35140349186323067,0.35020047985145236,0.21506103715458166,0.1996410102535648,0.27796240893253193,0.3881364793319677,0.19458279130048448,0.13050301525000002,0.560399947044114,0.5815795765973445,0.4625925088608512,0.44947479775924487,0.13050301525000002,0.5700803470968983,0.36762184891649224,0.14838408543029763,0.4443751809041787,0.13050301525000002,0.2861362381166792,0.31703617005148416,0.13050301525000002,0.4632789903929523,0.14753323589612022,0.5872635686250001
2026-01-04 12:00:00,0.19548374307736233,0.14911419743685594,0.2814094810706437,0.22636810456407466,0.13050301525000002,0.2924698432663203,0.161572051143825,0.45916274026589654,0.5872635686250001,0.13050301525000002,0.3972874852142109,0.4395450477418504,0.32347565553315905,0.4969122061813062,0.18595903389893428,0.13050301525000002,0.5872635686250001,0.5872635686250001,0.42406458254774887,0.19708835113744236,0.45406578796966135,0.44212016348581823,0.5872635686250001,0.13050301525000002,0.5239427323653973,0.3669714219103035,0.19258478221789535,0.20452183643737049,0.3951108022167591,0.5778471761339672
2026-01-04 13:00:00,0.30957593589390936,0.13050301525000002,0.36131383646704385,0.23925740678990098,0.13301196182975997,0.4753369533028929,0.13050301525000002,0.5000173553980609,0.3080988018676535,0.1748992841744971,0.5872635686250001,0.13226806628409002,0.13050301525000002,0.4524158258920374,0.13050301525000002,0.5872635686250001,0.13050301525000002,0.5050137093102562,0.3643584123028849,0.13050301525000002,0.5351092799550295,0.5872635686250001,0.2800750373453114,0.13963631409091706,0.13050301525000002,0.13050301525000002,0.5872635686250001,0.22723256710385556,0.5872635686250001,0.16699386499082727
2026-01-04 14:00:00,0.42434609680161056,0.13050301525000002,0.5220884175856774,0.31432605278308373,0.48918626135869403,0.28230428326172435,0.35089751706802114,0.49062629448385503,0.1781622306676651,0.4456747538435091,0.5872635686250001,0.2984239010191439,0.5872635686250001,0.34768157935482025,0.4755122699013096,0.26860867493397717,0.34313690751868486,0.36468210021861786,0.13050301525000002,0.4968519004972756,0.5849379698883522,0.19098104019001952,0.5076944193990881,0.4353568120805916,0.4935555844540596,0.36507551385938625,0.5872635686250001,0.22280695731734684,0.33657421385660224,0.2521165334721965
2026-01-04 15:00:00,0.1652073121639092,0.13050301525000002,0.3761958230097549,0.13050301525000002,0.4329725220621444,0.5872635686250001,0.49417221435039366,0.5782045723092218,0.47682205662648647,0.13050301525000002,0.5872635686250001,0.5197314795084703,0.347136906975267,0.5249902835615556,0.13050301525000002,0.34502742463466146,0.1308254400428489,0.38112181393843403,0.13519747305419988,0.4555751524697779,0.31042986067521156,0.5872635686250001,0.266432694093071,0.31228017765940747,0.18288029521147212,0.2176031355958626,0.5679754823709561,0.5872635686250001,0.3707077983209469,0.18407458230407592
2026-01-04 16:00:00,0.2174931274811995,0.2586412792674973,0.17051674258426033,0.5640356633606205,0.2570222993900944,0.3744143352834752,0.13050301525000002,0.13050301525000002,0.19174110892760277,0.36608207466479087,0.13050301525000002,0.23692107052989822,0.13050301525000002,0.2811347522586733,0.3833638890312843,0.45151131712025544,0.5433662700040012,0.5872635686250001,0.5508804106425423,0.5731729584592912,0.167632164396003,0.4898454510788561,0.35991008891627,0.21349252189302806,0.13125342833686685,0.13050301525000002,0.37560882523127254,0.44593284671932937,0.22204296223616832,0.5872635686250001
2026-01-04 17:00:00,0.13050301525000002,0.15294731478879034,0.1914556706113142,0.4531749626427738,0.17754142583401494,0.28492089981528035,0.13050301525000002,0.40004237332625897,0.2176416662572908,0.4325406613528359,0.2441080753435438,0.3429014202684716,0.361231977827786,0.5872635686250001,0.4249552070843172,0.3436193135833376,0.16005412587999734,0.13050301525000002,0.3968125068682005,0.1653785487594657,0.5872635686250001,0.1632342474656042,0.13050301525000002,0.15699380821814926,0.17419197590299182,0.5811570613904473,0.18390771341809545,0.302508688815397,0.5872635686250001,0.5872635686250001
2026-01-04 18:00:00,0.13050301525000002,0.42068456926967,0.254658390082155,0.5271681570586597,0.46003427033495725,0.19109321047227257,0.36385354451109414,0.42815029439863045,0.1544374683866855,0.22840470452217163,0.5533756378679677,0.38722954610766286,0.27873389571380874,0.5872635686250001,0.38342806982893124,0.14215104304927786,0.3159535012049855,0.20201703873813345,0.3039236416352384,0.13050301525000002,0.42069112273883164,0.4248611460521376,0.22412655496243683,0.13050301525000002,0.3254461160297132,0.4968381425505405,0.14756399679674356,0.20715232934227445,0.3422951779689098,0.4997848825813986
2026-01-04 19:00:00,0.39530638954461783,0.0,0.23124804273128594,0.34970804998605737,0.5308581868083165,0.31987632143507017,0.5742193366928466,0.15237392746984055,0.481192214160589,0.4866107608126454,0.38917967092929834,0.4118785504155633,0.4617794078280556,0.5872635686250001,0.4318189469449012,0.31861384301926154,0.23104721079845175,0.4925013597389804,0.0,0.5813130044468104,0.13576907962815019,0.3800527994373478,0.13050301525000002,0.13050301525000002,0.49132397650726906,0.3148874333182127,0.49447519251847893,0.0,0.0,0.5068725013610028
2026-01-04 20:00:00,0.0,0.0,0.13050301525000002,0.13050301525000002,0.15114458541214043,0.3098157679144334,0.0,0.0,0.43190794884041506,0.0,0.22643668913649126,0.39540510561080316,0.13757376088178172,0.5872635686250001,0.24285633998351694,0.23654160812393707,0.13050301525000002,0.28792226849601243,0.0,0.47893810326257985,0.0,0.5872635686250001,0.0,0.17911743496281282,0.13050301525000002,0.0,0.30607148691504715,0.0,0.0,0.0
2026-01-04 21:00:00,0.0,0.0,0.4607874395418138,0.3352715179019835,0.49044196240834054,0.19248721626340445,0.0,0.0,0.3076816321128433,0.0,0.0,0.0,0.30451181391488974,0.0,0.0,0.4175313666071616,0.4759280535203373,0.0,0.0,0.0,0.0,0.0,0.0,0.13050301525000002,0.0,0.0,0.0,0.0,0.0,0.0
2026-01-04 22:00:00,0.0,0.0,0.0,0.0,0.0,0.0,0.0,0.0,0.0,0.0,0.0,0.0,0.0,0.0,0.0,0.0,0.20233816521773193,0.0,0.0,0.0,0.0,0.0,0.0,0.2965404912493428,0.0,0.0,0.0,0.0,0.0,0.0
2026-01-04 23:00:00,0.0,0.0,0.0,0.0,0.0,0.0,0.0,0.0,0.0,0.0,0.0,0.0,0.0,0.0,0.0,0.0,0.0,0.0,0.0,0.0,0.0,0.0,0.0,0.0,0.0,0.0,0.0,0.0,0.0,0.0
2026-01-05 00:00:00,0.0,0.0,0.0,0.0,0.0,0.0,0.0,0.0,0.0,0.0,0.0,0.0,0.0,0.0,0.0,0.0,0.0,0.0,0.0,0.0,0.0,0.0,0.0,0.0,0.0,0.0,0.0,0.0,0.0,0.0
2026-01-05 01:00:00,0.0,0.0,0.0,0.0,0.0,0.0,0.0,0.0,0.0,0.0,0.0,0.0,0.0,0.0,0.0,0.0,0.0,0.0,0.0,0.0,0.0,0.0,0.0,0.0,0.0,0.0,0.0,0.0,0.0,0.0
2026-01-05 02:00:00,0.0,0.0,0.0,0.0,0.0,0.0,0.0,0.0,0.0,0.0,0.0,0.0,0.0,0.0,0.0,0.0,0.0,0.0,0.0,0.0,0.0,0.0,0.0,0.0,0.0,0.0,0.0,0.0,0.0,0.0
2026-01-05 03:00:00,0.0,0.0,0.0,0.0,0.0,0.0,0.0,0.0,0.0,0.0,0.0,0.0,0.0,0.0,0.0,0.0,0.0,0.0,0.0,0.0,0.0,0.0,0.0,0.0,0.0,0.0,0.0,0.0,0.0,0.0
2026-01-05 04:00:00,0.0,0.0,0.0,0.0,0.0,0.0,0.0,0.0,0.0,0.0,0.0,0.0,0.0,0.0,0.0,0.0,0.0,0.0,0.0,0.0,0.0,0.0,0.0,0.0,0.0,0.0,0.0,0.0,0.0,0.0
2026-01-05 05:00:00,0.0,0.0,0.0,0.0,0.0,0.0,0.0,0.0,0.0,0.0,0.0,0.0,0.0,0.0,0.0,0.0,0.0,0.0,0.0,0.0,0.0,0.0,0.0,0.0,0.0,0.0,0.0,0.0,0.0,0.0
2026-01-05 06:00:00,0.0,0.0,0.0,0.0,0.0,0.0,0.0,0.0,0.0,0.0,0.0,0.0,0.0,0.0,0.0,0.0,0.0,0.0,0.0,0.0,0.0,0.0,0.0,0.0,0.0,0.0,0.39097580302498136,0.0,0.0,0.0
2026-01-05 07:00:00,0.0,0.0,0.0,0.0,0.36809122207039535,0.0,0.0,0.0,0.0,0.0,0.0,0.0,0.0,0.0,0.0,0.0,0.0,0.0,0.0,0.0,0.3651324873651919,0.0,0.0,0.0,0.0,0.0,0.3111699418291021,0.0,0.0,0.0
2026-01-05 08:00:00,0.0,0.0,0.0,0.0,0.13230007878593508,0.0,0.5517889108218,0.5517889108218,0.26791088116011974,0.23491378972199828,0.0,0.0,0.3737280271714615,0.3126711695931046,0.0,0.3423100650478561,0.0,0.0,0.4421002664420078,0.0,0.12261975796040002,0.0,0.4359318037092496,0.0,0.0,0.0,0.5228740802428447,0.23045692381921262,0.3001008124004619,0.12261975796040002
2026-01-05 09:00:00,0.0,0.0,0.5517889108218,0.35936587430533506,0.5443863469623861,0.41914050370415773,0.32916545130730207,0.23976307666203095,0.33892416469374836,0.3440161330112932,0.0,0.5517889108218,0.27691981939181415,0.2496140035271665,0.0,0.192846617842807,0.37612662297878297,0.1842759536301915,0.5517889108218,0.42828721581384216,0.41194584311867904,0.12261975796040002,0.35547151631611495,0.0,0.12261975796040002,0.28589785061260165,0.4388443822912435,0.35631549855123223,0.3877180441105737,0.4030070388216408
2026-01-05 10:00:00,0.12745239083853419,0.17568430412721295,0.33786843536793726,0.17210381607175962,0.510488949274188,0.46132905049145556,0.12261975796040002,0.4557248986110303,0.26351013139970386,0.3254906402439961,0.12261975796040002,0.12261975796040002,0.3954626714165929,0.4604690581859567,0.391837214962823,0.2535227929789498,0.21679597018681682,0.2283376739319107,0.2915004378584982,0.15968184904131488,0.5007658042312504,0.29057931751766347,0.5517889108218,0.12261975796040002,0.2533609257684462,0.2293968321439181,0.12261975796040002,0.5517889108218,0.43528081475138575,0.12261975796040002
2026-01-05 11:00:00,0.2959188751708807,0.27066290367430923,0.3019324965143712,0.15579094199229643,0.39315031935667333,0.1458625620569009,0.32626123519101097,0.12261975796040002,0.4939736778810734,0.5517889108218,0.2743605026723426,0.30268111613464577,0.21856956478573242,0.4778721117988847,0.21080031024259485,0.5517889108218,0.29345702184759764,0.16974268280968516,0.1605688937128522,0.41286793135715494,0.14637735691381124,0.33017595790683696,0.4842794823422507,0.25436225901180803,0.5517889108218,0.5235423847517336,0.30822995950817605,0.4322689990988537,0.34187905524150014,0.3087625684875508
2026-01-05 12:00:00,0.49286029690099,0.2908908757783522,0.3156443233005165,0.24528460224937915,0.12261975796040002,0.5517889108218,0.4951304878112928,0.2877415724912808,0.2955615533557351,0.35030705357884534,0.3826230309447885,0.41401948649829,0.12261975796040002,0.3271964073516394,0.26305829615846044,0.4396269977411729,0.509507470747348,0.46707996710988,0.4789578834166398,0.12261975796040002,0.41469858293404843,0.3840578015840951,0.49652106058853585,0.12261975796040002,0.15967868156001375,0.21715703293691183,0.16897196817311302,0.3085520552552585,0.39473575588636006,0.30038302424071184
2026-01-05 13:00:00,0.22943351725044106,0.20104844835995742,0.2630258339014701,0.15444234662696754,0.5517889108218,0.28166002882760105,0.21803734646102813,0.5517889108218,0.32907323963480917,0.46880210038136727,0.4576584425927387,0.4308542336351437,0.161104080350142,0.47910712033998665,0.27904907005925256,0.3643978512250371,0.4636314909381544,0.20034037530438709,0.24123732303901102,0.3906499369476458,0.5517889108218,0.13937405596529043,0.3900108725703053,0.12261975796040002,0.2489062712366609,0.3651251656031258,0.34602573680925697,0.2551345807511939,0.4149766083562538,0.33481234435737084
2026-01-05 14:00:00,0.49731368427927586,0.29480773593837056,0.5049372589509227,0.24031447598436448,0.3375547682713419,0.12261975796040002,0.2479733830683801,0.4482885657603517,0.12261975796040002,0.5263837328822888,0.5517889108218,0.25820340822467885,0.2734214670893853,0.5344515821249928,0.1622586581128415,0.3539194799828658,0.1414967619358816,0.21150783130981274,0.28342080293016575,0.4721911056546845,0.2569071252192428,0.5517889108218,0.2554630276215325,0.5214542634806174,0.3117343663269581,0.12261975796040002,0.3814928135521561,0.19341875216782378,0.12261975796040002,0.5244223649821216
2026-01-05 15:00:00,0.12261975796040002,0.33172056608643796,0.5327588541155235,0.5370588548757448,0.4087425078035726,0.40401863108449,0.5517889108218,0.2627691564067401,0.45009969449483916,0.47248495528894663,0.4141872704976815,0.21167763719534147,0.12261975796040002,0.2758444869459254,0.20090179024057211,0.24298052814276289,0.4347499190434094,0.33531458544437,0.4546985747107539,0.27690710313881745,0.24652037698076454,0.33137145547662067,0.36830094528322754,0.12300513245192082,0.1997474770143138,0.12261975796040002,0.1934043792111889,0.2686424464217889,0.5218218291146256,0.306369303008446
2026-01-05 16:00:00,0.3729966638835454,0.5031089694919615,0.496464258960206,0.24925478665751186,0.12261975796040002,0.13232751481317925,0.2146841835475985,0.12261975796040002,0.4514094347778232,0.43268270006797727,0.22960270109430717,0.2599946914299959,0.1516820645862399,0.5517889108218,0.5093923624819711,0.23593095585402338,0.36216893605742945,0.3154646824435341,0.32912683009072646,0.3268840369090026,0.33951690600032475,0.5517889108218,0.44041142468129285,0.2935733922800639,0.3365566167930915,0.35992998511094526,0.2730842121702084,0.550916525405831,0.20362561414778585,0.26223308738677803
2026-01-05 17:00:00,0.24999952273255735,0.34063834133372,0.26869483890273604,0.3651099332230752,0.18609708625245686,0.12261975796040002,0.3430048056443444,0.247652235196722,0.40312062265969745,0.5517889108218,0.41832212977206357,0.4396778313199841,0.3449454203363858,0.513846419009782,0.5517889108218,0.23274328128580685,0.29552061075901304,0.4718143213931392,0.2929019004813808,0.23716609481839063,0.29657316910171355,0.37933695522520017,0.34772024963251646,0.14839976863187074,0.12261975796040002,0.3388379338599521,0.3863429091001458,0.5259195553613786,0.3388454424317531,0.24634260181939793
2026-01-05 18:00:00,0.18538329007744847,0.5109473922416113,0.13910680323164515,0.3594351377474279,0.2628285680899525,0.12261975796040002,0.43444476244844527,0.26098795177895034,0.24631656981035893,0.18562708553246357,0.2819482702051593,0.15440312155969765,0.12261975796040002,0.23746803221563478,0.34697332118122626,0.1843632462139607,0.32270479979281774,0.2507249407050278,0.47935454386216786,0.12261975796040002,0.38284399154477533,0.4898197174706491,0.12261975796040002,0.4482629419032342,0.3894420841574641,0.12261975796040002,0.40065947079886716,0.4198010843734476,0.22803989219851728,0.3511340307184579
2026-01-05 19:00:00,0.2507884842293099,0.0,0.5355910972673165,0.3161468299910851,0.19800155559719526,0.1356680619878062,0.3074263434045582,0.467569165439024,0.24378899644204713,0.3811871714038161,0.3290192602256062,0.3514262310000474,0.3148706991166767,0.37273186101205774,0.18966355776516325,0.5517889108218,0.3646216114421367,0.5517889108218,0.32075015730022877,0.36836616299514785,0.2853652725192078,0.2959594237464015,0.2777559890983556,0.24852400627910332,0.4088642609640337,0.4708295869153465,0.34147793740002047,0.1847766202732497,0.2821633603020511,0.2427896393193768
2026-01-05 20:00:00,0.12261975796040002,0.0,0.3987219460951718,0.0,0.3513055192725601,0.5517889108218,0.0,0.3611012733131887,0.2562876016015751,0.0,0.3008120975118109,0.22496779697208427,0.3424884627069434,0.28685824542816235,0.19301374705811136,0.2763358623622568,0.0,0.12261975796040002,0.3523003599496136,0.2952054107100977,0.0,0.0,0.0,0.24639777414330274,0.12261975796040002,0.12261975796040002,0.30955075459967224,0.12261975796040002,0.17397484859627188,0.2613515790993445
2026-01-05 21:00:00,0.19866214005979912,0.0,0.1997180239593155,0.0,0.0,0.31055586846038136,0.0,0.0,0.0,0.0,0.2622361192681564,0.0,0.0,0.4937742012903717,0.21323351358104686,0.12300732513685426,0.0,0.1345685772177259,0.0,0.5372938815195059,0.0,0.0,0.0,0.0,0.0,0.0,0.37978109643589403,0.46947127791120125,0.4679235398192953,0.19419441220249323
2026-01-05 22:00:00,0.0,0.0,0.0,0.0,0.0,0.0,0.0,0.0,0.0,0.0,0.0,0.0,0.0,0.0,0.14227743369916562,0.12261975796040002,0.0,0.0,0.0,0.0,0.0,0.0,0.0,0.0,0.0,0.0,0.3218925875947527,0.40251024605112845,0.0,0.0
2026-01-05 23:00:00,0.0,0.0,0.0,0.0,0.0,0.0,0.0,0.0,0.0,0.0,0.0,0.0,0.0,0.0,0.0,0.0,0.0,0.0,0.0,0.0,0.0,0.0,0.0,0.0,0.0,0.0,0.0,0.0,0.0,0.0
2026-01-06 00:00:00,0.0,0.0,0.0,0.0,0.0,0.0,0.0,0.0,0.0,0.0,0.0,0.0,0.0,0.0,0.0,0.0,0.0,0.0,0.0,0.0,0.0,0.0,0.0,0.0,0.0,0.0,0.0,0.0,0.0,0.0
2026-01-06 01:00:00,0.0,0.0,0.0,0.0,0.0,0.0,0.0,0.0,0.0,0.0,0.0,0.0,0.0,0.0,0.0,0.0,0.0,0.0,0.0,0.0,0.0,0.0,0.0,0.0,0.0,0.0,0.0,0.0,0.0,0.0
2026-01-06 02:00:00,0.0,0.0,0.0,0.0,0.0,0.0,0.0,0.0,0.0,0.0,0.0,0.0,0.0,0.0,0.0,0.0,0.0,0.0,0.0,0.0,0.0,0.0,0.0,0.0,0.0,0.0,0.0,0.0,0.0,0.0
2026-01-06 03:00:00,0.0,0.0,0.0,0.0,0.0,0.0,0.0,0.0,0.0,0.0,0.0,0.0,0.0,0.0,0.0,0.0,0.0,0.0,0.0,0.0,0.0,0.0,0.0,0.0,0.0,0.0,0.0,0.0,0.0,0.0
2026-01-06 04:00:00,0.0,0.0,0.0,0.0,0.0,0.0,0.0,0.0,0.0,0.0,0.0,0.0,0.0,0.0,0.0,0.0,0.0,0.0,0.0,0.0,0.0,0.0,0.0,0.0,0.0,0.0,0.0,0.0,0.0,0.0
2026-01-06 05:00:00,0.0,0.0,0.0,0.0,0.0,0.0,0.0,0.0,0.0,0.0,0.0,0.0,0.0,0.0,0.0,0.0,0.0,0.0,0.0,0.0,0.0,0.0,0.0,0.0,0.0,0.0,0.0,0.0,0.0,0.0
2026-01-06 06:00:00,0.0,0.0,0.0,0.0,0.0,0.0,0.0,0.0,0.0,0.0,0.0,0.0,0.0,0.0,0.0,0.0,0.0,0.0,0.0,0.0,0.0,0.0,0.0,0.0,0.0,0.3606245041797573,0.0,0.0,0.0,0.0
2026-01-06 07:00:00,0.0,0.0,0.47874220271121626,0.0,0.0,0.0,0.0,0.0,0.4243234672682988,0.0,0.36872912540787756,0.0,0.0,0.0,0.0,0.0,0.0,0.0,0.0,0.0,0.0,0.0,0.0,0.0,0.0,0.13306301459840003,0.0,0.0,0.0,0.0
2026-01-06 08:00:00,0.0,0.0,0.22317959050486277,0.13306301459840003,0.0,0.0,0.3289073382449717,0.0,0.38951841875898796,0.0,0.5506563506287581,0.413017755561465,0.0,0.0,0.0,0.0,0.5082846386807377,0.0,0.0,0.5987835656928001,0.34866613444437006,0.13306301459840003,0.0,0.0,0.0,0.13306301459840003,0.0,0.3741604302504594,0.0,0.0
2026-01-06 09:00:00,0.16434634695599,0.0,0.5987835656928001,0.3227409773675596,0.0,0.0,0.13306301459840003,0.3436540295466002,0.5987835656928001,0.2610630578709567,0.13306301459840003,0.34308116608519296,0.34981243065860895,0.25963258803565803,0.1617830173842718,0.5987835656928001,0.47331218123478697,0.0,0.21382831421090762,0.13306301459840003,0.4528468689943801,0.33666427220266676,0.21828367927122588,0.3487958702731277,0.5927683905232425,0.5501741902131654,0.4146016004728862,0.4943761149082999,0.0,0.39390197607811467
2026-01-06 10:00:00,0.4217464037333125,0.2652668016606496,0.5687017944346046,0.3412997379330216,0.5987835656928001,0.42432663704502427,0.18202332725890513,0.33892991905744285,0.5987835656928001,0.5551984057497477,0.419984221929608,0.5728479666420191,0.28864987549403104,0.27076182525205955,0.14063886575816623,0.4500404955540442,0.4755509977800111,0.13306301459840003,0.13306301459840003,0.3225496552618628,0.267943244026094,0.41307011930540716,0.5987835656928001,0.25891921813479724,0.13306301459840003,0.2688147787208196,0.1775537826637657,0.4643823239035718,0.38186121228553216,0.35470322395832127
2026-01-06 11:00:00,0.31519238573473357,0.13306301459840003,0.17469395766362106,0.48571243160555005,0.3487407962551751,0.45152119363752347,0.5987835656928001,0.31444793544592936,0.3304645436242147,0.38690343518278025,0.32214101580691845,0.13306301459840003,0.5987835656928001,0.34902597939913915,0.43066157137486677,0.18640454812245613,0.14293666878438316,0.42357545785943623,0.5987835656928001,0.24531341290667533,0.36374145282123066,0.4850436041316685,0.3214594952552377,0.4426245494986022,0.13306301459840003,0.22592083105252803,0.5617270333801907,0.5127428038770645,0.4771968686398896,0.3759236263950614
2026-01-06 12:00:00,0.1592601045508839,0.20172967453196153,0.13306301459840003,0.31957924151817213,0.35248638100579976,0.5792456816139469,0.20179655151485704,0.21004213615080491,0.24020056822649982,0.3187231312102995,0.41361325002317545,0.5974925260939055,0.15300025306484138,0.37963902843390773,0.22395485575131124,0.1358473522953781,0.43244559245057246,0.179930108540196,0.2780451170609238,0.5820110169105731,0.3050637683739381,0.2596038895604785,0.5987835656928001,0.13306301459840003,0.4418791866376927,0.24837797498080535,0.3085060486704527,0.543597265793492,0.46528625298651927,0.3682894402128483
2026-01-06 13:00:00,0.3487062728341886,0.31287791648268515,0.43391686076671465,0.40810030209701487,0.13306301459840003,0.5987835656928001,0.3181648358639038,0.2669852415655693,0.25001117293659947,0.5957633356975977,0.14627357043449835,0.15840329221580363,0.13306301459840003,0.3955504967700206,0.5469126448415715,0.23265007540088115,0.46078589241305606,0.19740148110228042,0.33239108861039013,0.5615590060019434,0.37426150464017477,0.5987835656928001,0.1923829410116932,0.13306301459840003,0.3318676472949672,0.2130040529502044,0.35556093246754217,0.4116704909787919,0.2340144037710222,0.5399820048310215
2026-01-06 14:00:00,0.27311328184362066,0.27093669522003966,0.4786662988346067,0.5983594286939377,0.5603837413718854,0.4614760535222469,0.2979382122028299,0.4248482081605756,0.5987835656928001,0.5509924402489161,0.2557686607820182,0.3411523461461052,0.3284834737779238,0.16259618129305572,0.4546470950706928,0.31109602576456213,0.5987835656928001,0.5987835656928001,0.29485260852021505,0.13306301459840003,0.5566476982320531,0.5545690642659216,0.5272905227288599,0.15574193406704417,0.541662438720076,0.4366997359237204,0.5849547507801616,0.18014637210290774,0.33473368400824033,0.47859039141061976
2026-01-06 15:00:00,0.43141696076319286,0.16739724241744672,0.4541578376975127,0.38741396777375664,0.5199581185960328,0.3093638924010965,0.13306301459840003,0.4489795244990391,0.4639746677504759,0.13306301459840003,0.13306301459840003,0.3217991863265031,0.13377112971456323,0.4571149917371605,0.5631804974099273,0.4680290379144075,0.3045540182632346,0.3430973395805049,0.35219161677566674,0.5987835656928001,0.13306301459840003,0.4497132407224842,0.2872822763040399,0.13306301459840003,0.13306301459840003,0.17602584248817676,0.25474981556032184,0.41048009989639905,0.13306301459840003,0.28751681783781025
2026-01-06 16:00:00,0.13306301459840003,0.13306301459840003,0.29802812561434133,0.4933326457780521,0.24953961951783507,0.33759486255892357,0.2758541613943615,0.13306301459840003,0.5987835656928001,0.2096974926826747,0.5987835656928001,0.35937509106113413,0.13306301459840003,0.419452539989634,0.4661425369860923,0.2087908628105133,0.27203169410727024,0.2742899615092234,0.3263446763365151,0.43584988831858623,0.35841718526296895,0.4036491842094223,0.46276680617250304,0.13306301459840003,0.36912955335093356,0.4171155910129995,0.13306301459840003,0.49982673629473573,0.30335647071345384,0.5762146173784868
2026-01-06 17:00:00,0.1959673797892762,0.13306301459840003,0.32171900507881795,0.25808323611543205,0.34757852542080725,0.13306301459840003,0.3580772793118951,0.417212932295298,0.3370827315356013,0.13306301459840003,0.13306301459840003,0.21753611391182212,0.13306301459840003,0.3036173031446094,0.33511434570462784,0.2376973316979308,0.4007024145992808,0.49569104531489483,0.20887133066495758,0.3913138538231232,0.3139255407647582,0.415974491724341,0.5987835656928001,0.22435430250988503,0.13306301459840003,0.3613968247197846,0.1948179575439136,0.4925100296905613,0.5987835656928001,0.3076849917916087
2026-01-06 18:00:00,0.18426198621445486,0.14916543647765326,0.39125646770529743,0.337967399086826,0.22952891400200703,0.37053135448079255,0.13306301459840003,0.3440051523702794,0.5697731796651118,0.4316067514435946,0.21217508342771685,0.514818355481974,0.2431600516670302,0.4360942209593833,0.43309612386473945,0.5161614112431905,0.17310067345028657,0.29822262096148416,0.3735392577562746,0.27345032095169686,0.3200489033368124,0.13306301459840003,0.13306301459840003,0.5987835656928001,0.33753077652381275,0.35431872969351264,0.3215213314447966,0.5179263113856148,0.4745243149683507,0.37639224307939434
2026-01-06 19:00:00,0.13306301459840003,0.2736180900236652,0.2013823110870065,0.39226456220026773,0.3502590602143685,0.17625665610671232,0.21905812746991776,0.19034390674296453,0.38877261229752097,0.40698467952354184,0.13306301459840003,0.13306301459840003,0.5987835656928001,0.0,0.5248792158344588,0.46624318073184856,0.13306301459840003,0.5987835656928001,0.0,0.13306301459840003,0.19215516973460428,0.3189127258043769,0.46949740952170377,0.27215815504900487,0.0,0.3147570231066121,0.4080283783568175,0.403327529719929,0.5660471545253154,0.16431862413898646
2026-01-06 20:00:00,0.30926561449257695,0.5987835656928001,0.2562903552819728,0.0,0.39279064764364463,0.5116611789392855,0.32900316366702,0.3625569291513038,0.40423721557097536,0.0,0.0,0.4064988268797532,0.0,0.0,0.43576146746205024,0.2812170880866617,0.0,0.27172298259899,0.0,0.5280978029129929,0.0,0.0,0.0,0.2787299552115461,0.0,0.13306301459840003,0.5987835656928001,0.0,0.4542298969703385,0.0
2026-01-06 21:00:00,0.0,0.0,0.0,0.0,0.2982579217192121,0.0,0.18462387150592688,0.2148409086695617,0.13306301459840003,0.0,0.0,0.0,0.0,0.0,0.0,0.38397503368724717,0.0,0.3325845446825616,0.0,0.4718350554904759,0.0,0.0,0.0,0.0,0.0,0.13306301459840003,0.0,0.0,0.23772498048067364,0.0
2026-01-06 22:00:00,0.0,0.0,0.0,0.0,0.0,0.0,0.0,0.13306301459840003,0.43868866516011906,0.0,0.0,0.0,0.0,0.0,0.0,0.0,0.0,0.0,0.0,0.0,0.0,0.0,0.0,0.0,0.0,0.0,0.0,0.0,0.0,0.0
2026-01-06 23:00:00,0.0,0.0,0.0,0.0,0.0,0.0,0.0,0.0,0.0,0.0,0.0,0.0,0.0,0.0,0.0,0.0,0.0,0.0,0.0,0.0,0.0,0.0,0.0,0.0,0.0,0.0,0.0,0.0,0.0,0.0
2026-01-07 00:00:00,0.0,0.0,0.0,0.0,0.0,0.0,0.0,0.0,0.0,0.0,0.0,0.0,0.0,0.0,0.0,0.0,0.0,0.0,0.0,0.0,0.0,0.0,0.0,0.0,0.0,0.0,0.0,0.0,0.0,0.0
2026-01-07 01:00:00,0.0,0.0,0.0,0.0,0.0,0.0,0.0,0.0,0.0,0.0,0.0,0.0,0.0,0.0,0.0,0.0,0.0,0.0,0.0,0.0,0.0,0.0,0.0,0.0,0.0,0.0,0.0,0.0,0.0,0.0
2026-01-07 02:00:00,0.0,0.0,0.0,0.0,0.0,0.0,0.0,0.0,0.0,0.0,0.0,0.0,0.0,0.0,0.0,0.0,0.0,0.0,0.0,0.0,0.0,0.0,0.0,0.0,0.0,0.0,0.0,0.0,0.0,0.0
2026-01-07 03:00:00,0.0,0.0,0.0,0.0,0.0,0.0,0.0,0.0,0.0,0.0,0.0,0.0,0.0,0.0,0.0,0.0,0.0,0.0,0.0,0.0,0.0,0.0,0.0,0.0,0.0,0.0,0.0,0.0,0.0,0.0
2026-01-07 04:00:00,0.0,0.0,0.0,0.0,0.0,0.0,0.0,0.0,0.0,0.0,0.0,0.0,0.0,0.0,0.0,0.0,0.0,0.0,0.0,0.0,0.0,0.0,0.0,0.0,0.0,0.0,0.0,0.0,0.0,0.0
2026-01-07 05:00:00,0.0,0.0,0.0,0.0,0.0,0.0,0.0,0.0,0.0,0.0,0.0,0.0,0.0,0.0,0.0,0.0,0.0,0.0,0.0,0.0,0.0,0.0,0.0,0.0,0.0,0.0,0.0,0.0,0.0,0.0
2026-01-07 06:00:00,0.0,0.0,0.0,0.0,0.0,0.0,0.0,0.0,0.0,0.0,0.0,0.0,0.0,0.0,0.0,0.0,0.0,0.0,0.0,0.0,0.0,0.0,0.0,0.0,0.0,0.0,0.0,0.0,0.0,0.0
2026-01-07 07:00:00,0.0,0.0,0.0,0.0,0.0,0.0,0.3717504568308825,0.0,0.0,0.0,0.0,0.0,0.0,0.0,0.0,0.0,0.0,0.0,0.40192497207520855,0.0,0.0,0.0,0.0,0.0,0.0,0.27208443889744327,0.0,0.12827563053440003,0.0,0.0
2026-01-07 08:00:00,0.0,0.0,0.28553556823517723,0.0,0.0,0.33602054235597223,0.5283005842406142,0.12827563053440003,0.0,0.5033102641200112,0.0,0.0,0.0,0.3648811159827245,0.0,0.0,0.0,0.40081149281231654,0.37870306647521734,0.5772403374048001,0.3160859083062067,0.0,0.12827563053440003,0.0,0.0,0.12827563053440003,0.5342568508458423,0.12827563053440003,0.0,0.0
2026-01-07 09:00:00,0.17263579805366386,0.3652695508707027,0.15378595792510605,0.0,0.0,0.32592767138900147,0.12827563053440003,0.3411427111724275,0.12827563053440003,0.3203453769238256,0.22547117836340194,0.40137274395143224,0.1789127834795434,0.47928434255878977,0.0,0.390495779052631,0.2614697597547828,0.5065335766168639,0.20606999255542577,0.40184320914358895,0.12827563053440003,0.2867206816364438,0.2531922832741671,0.3457071887213811,0.38044846053864884,0.12827563053440003,0.12827563053440003,0.41445253379842445,0.27455763588075993,0.0
2026-01-07 10:00:00,0.18628118886950595,0.42560795327906126,0.4077839730298564,0.2085151976919145,0.3450161141586797,0.45469748620354844,0.3640059848196649,0.4438731250049976,0.19719428478699783,0.5036303306215691,0.38009485758883005,0.22506337276795896,0.1743817529731642,0.2267225570560989,0.2514552756518778,0.46743019572159844,0.24016671990179395,0.411979994724205,0.4036869758743571,0.2173827957981734,0.12827563053440003,0.5772403374048001,0.2867001762952655,0.47964303852983553,0.3412381014913463,0.2692474372254318,0.43829487347679236,0.32033938011453583,0.23017647662439206,0.14294763661384646
2026-01-07 11:00:00,0.12827563053440003,0.3267847986210643,0.12827563053440003,0.15328956065137037,0.22560657732242384,0.4933178157432869,0.4272814174241776,0.5108833273816819,0.45511817897042656,0.5772403374048001,0.48824880672031895,0.28213696194902377,0.22162238549619193,0.4194464270961144,0.3058154647770364,0.2531853282972034,0.39689948420429255,0.21877305378600162,0.5333169219146545,0.1916695453112068,0.33452450866704236,0.27925497569647906,0.5024106524075233,0.39671228510003154,0.12827563053440003,0.12827563053440003,0.30223236138207005,0.18018900395887205,0.3798778362186709,0.12827563053440003
2026-01-07 12:00:00,0.21804868964444768,0.5772403374048001,0.5772403374048001,0.12827563053440003,0.5297367073403545,0.3031216393891878,0.21132782458467084,0.12827563053440003,0.12827563053440003,0.5068432782927362,0.3954012380583577,0.4875441617123176,0.12827563053440003,0.12827563053440003,0.38895690083766304,0.41861585110352567,0.42882265817148174,0.3473000512426009,0.370602389674281,0.5772403374048001,0.5033118461982178,0.40397730785206776,0.4434621018115766,0.19633497116750262,0.34327390961343796,0.12827563053440003,0.12827563053440003,0.5358326829914417,0.5086327417778524,0.12827563053440003
2026-01-07 13:00:00,0.3170369946773326,0.26122597215412663,0.27534979777041635,0.5772403374048001,0.3572806242068404,0.3266973297758511,0.2952440799630101,0.28129770773417195,0.4641426169858554,0.3456055173405704,0.41892046583845255,0.12827563053440003,0.12827563053440003,0.3821026409459537,0.42316404224534737,0.558146219702043,0.2464036412706339,0.5254981412822844,0.12827563053440003,0.5772403374048001,0.4650704011968999,0.3104590382800001,0.12827563053440003,0.47252252715984505,0.2220390460652727,0.2641125982779693,0.24712430694231038,0.5772403374048001,0.44960043553609746,0.40592191456145765
2026-01-07 14:00:00,0.5765532617196741,0.12989257160588663,0.36226958741649523,0.4386966427585832,0.4396128902917487,0.12827563053440003,0.22908723384941418,0.28485219213278906,0.414026655347068,0.23941602859258557,0.26876367494840864,0.2965191368092745,0.49982583213368365,0.4224692394578708,0.12827563053440003,0.1905878888687578,0.34843308581374843,0.40111241415668153,0.35265743619872486,0.5772403374048001,0.1919120224671849,0.47429766407099516,0.258340168705418,0.30126805637560816,0.5478316360704749,0.15950897405701095,0.4107419771547141,0.17453673097484088,0.5772403374048001,0.5396426027699825
2026-01-07 15:00:00,0.27685712848605565,0.19273476610369092,0.4619979370597791,0.12827563053440003,0.2771314323567661,0.12827563053440003,0.5772403374048001,0.25990382251295396,0.12827563053440003,0.49120228857314113,0.5076190388489258,0.16519412655983332,0.30200375806039176,0.12827563053440003,0.2345363061936045,0.4830323517826644,0.4558078688165056,0.5363045397369623,0.5483642756869141,0.5733372131573264,0.5772403374048001,0.5772403374048001,0.48589125921888626,0.39995440789992165,0.4343185224876195,0.5355388280096752,0.32566923197848385,0.3635524925701432,0.4902627623284384,0.23524476088045299
2026-01-07 16:00:00,0.29138531453937716,0.4139850416707099,0.12827563053440003,0.3013289256156356,0.4606315078204949,0.5772403374048001,0.5772403374048001,0.5568430682257817,0.12827563053440003,0.30449080968545855,0.47317087986332534,0.3335638544838491,0.4332387241493038,0.12827563053440003,0.48420226694918994,0.5240018342701821,0.4155373786198242,0.18393540802464048,0.4182237827909667,0.47184555717584875,0.4277620060336075,0.418911591225126,0.5772403374048001,0.5772403374048001,0.21752781468835716,0.3428301930932211,0.12827563053440003,0.16705821485415284,0.20363886678256762,0.3054018682875959
2026-01-07 17:00:00,0.2332540110136823,0.13909170531196338,0.12827563053440003,0.5772403374048001,0.3372745678172606,0.261578339564428,0.3951982535754509,0.12827563053440003,0.5639366200184804,0.47520798595997926,0.34196102342742224,0.5345002167076844,0.30598397997398613,0.4461752501463114,0.5427329991823266,0.19292753893375045,0.5039669676045948,0.3788536008225081,0.4178309624957291,0.5772403374048001,0.29149948288057476,0.5772403374048001,0.39308301775470283,0.2762076319342107,0.12827563053440003,0.12827563053440003,0.12827563053440003,0.43851234164679437,0.31819853796976694,0.3384568259788
2026-01-07 18:00:00,0.12827563053440003,0.2208203118998325,0.4506373852867457,0.12827563053440003,0.3574144470020303,0.5772403374048001,0.4876535970093157,0.47389614420121534,0.5772403374048001,0.2784656280515563,0.34210546182479207,0.3618330262160202,0.12827563053440003,0.0,0.5772403374048001,0.23978587999713769,0.13367533403172027,0.24883027834630733,0.49328163910495215,0.3028184612579943,0.5772403374048001,0.5772403374048001,0.3957708539837662,0.12827563053440003,0.14131052767443517,0.12827563053440003,0.12827563053440003,0.12827563053440003,0.27453662424213,0.3069158777223052
2026-01-07 19:00:00,0.2416467308416162,0.0,0.15704048996462672,0.5487479511134513,0.16869731846345135,0.12827563053440003,0.2048440053966652,0.2356228204278477,0.5772403374048001,0.2928661873120017,0.5087075618771293,0.43572325170926246,0.47678988607700895,0.0,0.4057426396529392,0.3679442677433342,0.3397426611728991,0.49505435116908425,0.38248554697967946,0.12827563053440003,0.45674935473842965,0.3521941730690592,0.5730571293206975,0.18515530562780091,0.19076369882944533,0.12827563053440003,0.3821343112808117,0.1866496269296862,0.2352728568092605,0.0
2026-01-07 20:00:00,0.25683529366090513,0.0,0.0,0.33092635329683967,0.3466281812548976,0.0,0.12827563053440003,0.0,0.0,0.34542376649678336,0.29019429749243014,0.30274225771432883,0.2844589556597336,0.0,0.3369400452160291,0.2549413527672104,0.5355131940038558,0.1925322014523912,0.32273072847122014,0.25171562472605663,0.46864880543093307,0.4600377659332252,0.27265480944939485,0.1820969667300349,0.12827563053440003,0.15728392042421455,0.37422636259925296,0.0,0.3515361426379615,0.0
2026-01-07 21:00:00,0.0,0.0,0.0,0.48699159525684066,0.3376330944148024,0.0,0.0,0.0,0.0,0.12827563053440003,0.34033467427503644,0.24905679128079897,0.0,0.0,0.0,0.0,0.48917227809487,0.0,0.0,0.22816092147488976,0.0,0.3819119426458584,0.0,0.0,0.35965684268555825,0.19144741402464727,0.32578868907602926,0.0,0.32221573279445337,0.0
2026-01-07 22:00:00,0.0,0.0,0.0,0.0,0.0,0.0,0.0,0.0,0.0,0.0,0.0,0.0,0.0,0.0,0.0,0.0,0.39264126084614076,0.0,0.0,0.0,0.0,0.0,0.0,0.0,0.0,0.0,0.0,0.0,0.0,0.0
2026-01-07 23:00:00,0.0,0.0,0.0,0.0,0.0,0.0,0.0,0.0,0.0,0.0,0.0,0.0,0.0,0.0,0.0,0.0,0.0,0.0,0.0,0.0,0.0,0.0,0.0,0.0,0.0,0.0,0.0,0.0,0.0,0.0
2026-01-08 00:00:00,0.0,0.0,0.0,0.0,0.0,0.0,0.0,0.0,0.0,0.0,0.0,0.0,0.0,0.0,0.0,0.0,0.0,0.0,0.0,0.0,0.0,0.0,0.0,0.0,0.0,0.0,0.0,0.0,0.0,0.0
2026-01-08 01:00:00,0.0,0.0,0.0,0.0,0.0,0.0,0.0,0.0,0.0,0.0,0.0,0.0,0.0,0.0,0.0,0.0,0.0,0.0,0.0,0.0,0.0,0.0,0.0,0.0,0.0,0.0,0.0,0.0,0.0,0.0
2026-01-08 02:00:00,0.0,0.0,0.0,0.0,0.0,0.0,0.0,0.0,0.0,0.0,0.0,0.0,0.0,0.0,0.0,0.0,0.0,0.0,0.0,0.0,0.0,0.0,0.0,0.0,0.0,0.0,0.0,0.0,0.0,0.0
2026-01-08 03:00:00,0.0,0.0,0.0,0.0,0.0,0.0,0.0,0.0,0.0,0.0,0.0,0.0,0.0,0.0,0.0,0.0,0.0,0.0,0.0,0.0,0.0,0.0,0.0,0.0,0.0,0.0,0.0,0.0,0.0,0.0
2026-01-08 04:00:00,0.0,0.0,0.0,0.0,0.0,0.0,0.0,0.0,0.0,0.0,0.0,0.0,0.0,0.0,0.0,0.0,0.0,0.0,0.0,0.0,0.0,0.0,0.0,0.0,0.0,0.0,0.0,0.0,0.0,0.0
2026-01-08 05:00:00,0.0,0.0,0.0,0.0,0.0,0.0,0.0,0.0,0.0,0.0,0.0,0.0,0.0,0.0,0.0,0.0,0.0,0.0,0.0,0.0,0.0,0.0,0.0,0.0,0.0,0.0,0.0,0.0,0.0,0.0
2026-01-08 06:00:00,0.0,0.0,0.0,0.0,0.0,0.0,0.0,0.0,0.0,0.0,0.0,0.0,0.0,0.0,0.0,0.0,0.0,0.0,0.0,0.0,0.0,0.0,0.0,0.0,0.0,0.0,0.0,0.0,0.0,0.0
2026-01-08 07:00:00,0.0,0.0,0.0,0.0,0.2769725023589631,0.0,0.371023199345014,0.0,0.39469816522937434,0.0,0.0,0.0,0.0,0.5294633499648,0.0,0.0,0.0,0.0,0.0,0.0,0.0,0.0,0.0,0.0,0.12669339164977458,0.0,0.0,0.0,0.0,0.20648056089353622
2026-01-08 08:00:00,0.0,0.11765852221440001,0.16442699562272395,0.32654420043143884,0.3851969132959305,0.0,0.33645613722679196,0.3234826827517433,0.40420466022365686,0.11765852221440001,0.271587825989624,0.39820405723537294,0.11765852221440001,0.4419351589518252,0.0,0.41334806556762743,0.0,0.0,0.12760323163630125,0.11765852221440001,0.0,0.0,0.0,0.0,0.3102571348430128,0.42326261953571104,0.362574881564144,0.35855511994695044,0.0,0.5294633499648
2026-01-08 09:00:00,0.0,0.11765852221440001,0.21386556876851123,0.14301464819777823,0.24032744529638608,0.3416473820527724,0.5014719254176037,0.4582234414962979,0.42897966383007424,0.16813536673185817,0.11765852221440001,0.4601508790370083,0.2736178691366152,0.18560589703731292,0.5294633499648,0.47024098433510564,0.16934423493517703,0.43879692384812036,0.5294633499648,0.35025456416985307,0.11765852221440001,0.3440011676467947,0.38459327711201247,0.3618581672326041,0.46131453616393536,0.38983265486765545,0.11765852221440001,0.5294633499648,0.20036872419057963,0.4216616096191053
2026-01-08 10:00:00,0.0,0.3794873983725111,0.3235574962540172,0.21486839086550363,0.42483052748889427,0.11765852221440001,0.30078930013523214,0.5294633499648,0.2485786090489099,0.3607093817425705,0.38569312201403977,0.1490964485473753,0.13077456297639395,0.14835403184238924,0.18135974888452722,0.3882944082127441,0.32154817057751894,0.375010626851666,0.15055695360494106,0.48648577272706167,0.4914289627445427,0.5019963625980672,0.5294633499648,0.11765852221440001,0.4923954747355185,0.40907519520322616,0.3399483673785961,0.45500525372089534,0.5294633499648,0.2706976070375885
2026-01-08 11:00:00,0.11765852221440001,0.5053798225571609,0.4863900174888473,0.523120334502054,0.11765852221440001,0.39851447345765717,0.15704179624183645,0.24122103502933603,0.3376658352004573,0.4651838564194341,0.4603351988477693,0.2354007895704776,0.2780076385460257,0.15948973696778232,0.5294633499648,0.11765852221440001,0.1423382009013163,0.14736446331955796,0.11765852221440001,0.11765852221440001,0.14109346669307735,0.320563988011099,0.4584085347175962,0.28465175871442594,0.5294633499648,0.4572016385084922,0.11765852221440001,0.41308184093903705,0.194212117379997,0.11765852221440001
2026-01-08 12:00:00,0.4094461440410763,0.11765852221440001,0.24004339323333512,0.35284458100250526,0.1771599299361252,0.26480052537075416,0.2337985045614929,0.3821127895972224,0.3866822134764059,0.17970525328500656,0.12311331058982224,0.47109042599799955,0.3859612804077061,0.31463108556275204,0.3842445339870734,0.3002483704918148,0.4309080693783685,0.3259527989479731,0.42441568121987333,0.5294633499648,0.5294633499648,0.4568174945276826,0.11765852221440001,0.1406883865112511,0.11765852221440001,0.2477689585227928,0.39861335043316887,0.5213191185737881,0.2144888142245286,0.3617741808594155
2026-01-08 13:00:00,0.34666772732375906,0.11765852221440001,0.18754828309462962,0.11765852221440001,0.29088837491458713,0.3202313394443679,0.3802089723361273,0.5294633499648,0.4499232723522275,0.11765852221440001,0.36377978904952374,0.32027314707294446,0.3079860451114152,0.34251278340463265,0.14521049200687006,0.11765852221440001,0.42401344004013525,0.45895700379157145,0.3436276400209522,0.11765852221440001,0.46242472137201546,0.23497655896954345,0.11765852221440001,0.16740143709329505,0.11765852221440001,0.4840463437377523,0.11765852221440001,0.5075125428764312,0.5294633499648,0.2782942114809078
2026-01-08 14:00:00,0.352947164783527,0.1390684213316555,0.43804912624175985,0.5294633499648,0.13380812358846408,0.2701019808024487,0.15310628084776776,0.23808992124760672,0.42125160233347375,0.3593327153366985,0.4174200912428368,0.46798266842522007,0.3597398531703602,0.5294633499648,0.13124085167112695,0.5065766575916201,0.509967806646974,0.2256326329012069,0.15024233422326558,0.5090045312711446,0.4026493883832341,0.1961261255263537,0.529033354137646,0.11765852221440001,0.1497873347116279,0.3919824641760435,0.24102693827516647,0.17596800500894302,0.34302481146051994,0.1566599170014227
2026-01-08 15:00:00,0.11765852221440001,0.3447176546989652,0.2197716314167121,0.24558714241956922,0.22805159190791158,0.5083923797104546,0.26588643054408156,0.11765852221440001,0.411039255717841,0.2994865816540015,0.29588537912359253,0.5116047010286505,0.2263449254456542,0.4041647872099294,0.3057375111877084,0.2305260214782344,0.22136237937936212,0.5294633499648,0.26546134118642833,0.11765852221440001,0.5294633499648,0.36999267196678665,0.48050035843092254,0.11765852221440001,0.13518719297728155,0.2667618369382094,0.34601945535785034,0.24265360838244585,0.27910543448845065,0.11765852221440001
2026-01-08 16:00:00,0.45119857578951783,0.4170404531111903,0.39827561807408457,0.5294633499648,0.17298528770518076,0.27408186878454094,0.27091761184738433,0.17626649620029305,0.4311170849804334,0.3931205771954491,0.12093153689972226,0.35579886495723045,0.1254250106937937,0.4900117858191787,0.2918505921051715,0.5294633499648,0.3358904712625273,0.21068346392640577,0.32249883532777857,0.1839863226279647,0.20999446004209069,0.27767844708557327,0.3729576649552662,0.4271065682821631,0.16172123284805828,0.14728788481794872,0.5050646313560447,0.3656901446602046,0.3186428787904366,0.30155643914757213
2026-01-08 17:00:00,0.11765852221440001,0.16209794845555403,0.3666645210440368,0.29109141287695806,0.14207054423477342,0.1877294252522879,0.17214527244276004,0.2749714415327887,0.3156485728711879,0.3886050140756532,0.40652238085232756,0.3714889741053914,0.12014018988516284,0.11765852221440001,0.29810327714452334,0.5193342711391078,0.261727806391574,0.25536075302124644,0.2963441681233912,0.16275852115222253,0.11765852221440001,0.5294633499648,0.2710197802021256,0.11765852221440001,0.23951186151283257,0.15008085270995028,0.2685887760630741,0.2362179193196742,0.11765852221440001,0.1735963867105208
2026-01-08 18:00:00,0.3201558905779911,0.11765852221440001,0.38833929472090395,0.48837620542604426,0.2537228977394786,0.2425228165834209,0.2672459412711339,0.2498785377208711,0.268155661926659,0.18849967187531375,0.2371706221451922,0.3589058218345907,0.35172545578474457,0.34599831392332964,0.4896497217470908,0.2705487515869012,0.3246278687646986,0.42372477988843343,0.5294633499648,0.282204856884533,0.16893704818309382,0.24763443944930064,0.4566116505076152,0.11765852221440001,0.31777401732380306,0.21208600576693992,0.4144630818920112,0.36139552854147133,0.3353263453617683,0.3697987110551133
2026-01-08 19:00:00,0.5294633499648,0.11765852221440001,0.5055143878805134,0.24929775073604402,0.38592918758875194,0.4373722710597513,0.5294633499648,0.2405475502798895,0.0,0.11765852221440001,0.0,0.24355168679674605,0.1394511103309259,0.2189781436031086,0.1277921737289368,0.2633500660488227,0.2526611830949273,0.2727491055606887,0.3596235792752986,0.3546102816490471,0.3313376782191111,0.44534199530356,0.11765852221440001,0.2775990849672169,0.5294633499648,0.11765852221440001,0.40930204919286584,0.12398716798355401,0.5294633499648,0.19579037949159595
2026-01-08 20:00:00,0.11765852221440001,0.20345644148021416,0.5294633499648,0.26692424687769056,0.2846381136266273,0.13950793744314713,0.0,0.0,0.0,0.11765852221440001,0.0,0.5294633499648,0.4823857884344131,0.4257795962285013,0.5294633499648,0.2568473237233394,0.4746021119981869,0.33564595530864694,0.43069010463609125,0.42819060233482004,0.5294633499648,0.0,0.5049103069490544,0.11765852221440001,0.25255328364371304,0.1763040925482989,0.0,0.11765852221440001,0.0,0.2177262096633825
2026-01-08 21:00:00,0.0,0.11765852221440001,0.0,0.11765852221440001,0.0,0.0,0.0,0.0,0.0,0.4182358780842688,0.0,0.24752657730968858,0.2740294118463063,0.4338090157307825,0.0,0.22478140981747805,0.0,0.5294633499648,0.5294633499648,0.0,0.0,0.0,0.0,0.19821229622259987,0.2764997992151861,0.43722524801178564,0.0,0.41389675785062374,0.0,0.0
2026-01-08 22:00:00,0.0,0.0,0.0,0.0,0.0,0.0,0.0,0.0,0.0,0.0,0.0,0.0,0.26422965158910433,0.4072001196009132,0.0,0.0,0.0,0.31468720319328053,0.11765852221440001,0.0,0.0,0.0,0.0,0.0,0.0,0.0,0.0,0.0,0.0,0.0
2026-01-08 23:00:00,0.0,0.0,0.0,0.0,0.0,0.0,0.0,0.0,0.0,0.0,0.0,0.0,0.0,0.0,0.0,0.0,0.0,0.0,0.0,0.0,0.0,0.0,0.0,0.0,0.0,0.0,0.0,0.0,0.0,0.0
2026-01-09 00:00:00,0.0,0.0,0.0,0.0,0.0,0.0,0.0,0.0,0.0,0.0,0.0,0.0,0.0,0.0,0.0,0.0,0.0,0.0,0.0,0.0,0.0,0.0,0.0,0.0,0.0,0.0,0.0,0.0,0.0,0.0
2026-01-09 01:00:00,0.0,0.0,0.0,0.0,0.0,0.0,0.0,0.0,0.0,0.0,0.0,0.0,0.0,0.0,0.0,0.0,0.0,0.0,0.0,0.0,0.0,0.0,0.0,0.0,0.0,0.0,0.0,0.0,0.0,0.0
2026-01-09 02:00:00,0.0,0.0,0.0,0.0,0.0,0.0,0.0,0.0,0.0,0.0,0.0,0.0,0.0,0.0,0.0,0.0,0.0,0.0,0.0,0.0,0.0,0.0,0.0,0.0,0.0,0.0,0.0,0.0,0.0,0.0
2026-01-09 03:00:00,0.0,0.0,0.0,0.0,0.0,0.0,0.0,0.0,0.0,0.0,0.0,0.0,0.0,0.0,0.0,0.0,0.0,0.0,0.0,0.0,0.0,0.0,0.0,0.0,0.0,0.0,0.0,0.0,0.0,0.0
2026-01-09 04:00:00,0.0,0.0,0.0,0.0,0.0,0.0,0.0,0.0,0.0,0.0,0.0,0.0,0.0,0.0,0.0,0.0,0.0,0.0,0.0,0.0,0.0,0.0,0.0,0.0,0.0,0.0,0.0,0.0,0.0,0.0
2026-01-09 05:00:00,0.0,0.0,0.0,0.0,0.0,0.0,0.0,0.0,0.0,0.0,0.0,0.0,0.0,0.0,0.0,0.0,0.0,0.0,0.0,0.0,0.0,0.0,0.0,0.0,0.0,0.0,0.0,0.0,0.0,0.0
2026-01-09 06:00:00,0.0,0.0,0.0,0.0,0.0,0.0,0.0,0.0,0.0,0.0,0.0,0.0,0.0,0.0,0.0,0.0,0.0,0.0,0.0,0.0,0.0,0.0,0.0,0.0,0.0,0.0,0.0,0.0,0.0,0.0
2026-01-09 07:00:00,0.0,0.198697965016181,0.0,0.0,0.0,0.0,0.2175172867506601,0.0,0.0,0.0,0.0,0.0,0.0,0.0,0.0,0.0,0.0,0.0,0.0,0.1964134022697646,0.0,0.0,0.0,0.0,0.1137342385344,0.0,0.0,0.3294053787560526,0.0,0.0
2026-01-09 08:00:00,0.22901395028915886,0.30962768790160355,0.5011061326403099,0.0,0.0,0.0,0.32924826220872083,0.35391524705215793,0.3253817218768467,0.0,0.29800749128146653,0.0,0.0,0.0,0.38820602514654995,0.0,0.0,0.4083599244828463,0.0,0.2802852212859156,0.20493774487987598,0.1137342385344,0.13720298185683308,0.0,0.24364225646622092,0.1137342385344,0.0,0.16299904908143337,0.0,0.0
2026-01-09 09:00:00,0.1137342385344,0.26350470227857886,0.2495230105554682,0.0,0.0,0.36371668341866153,0.1137342385344,0.1844495340303085,0.3708309185197163,0.2837487615752411,0.4550963059294223,0.24620292351271794,0.38293512368660415,0.3888689424987176,0.3082814234754309,0.0,0.5118040734047999,0.5118040734047999,0.49082274530667097,0.27675877695791307,0.24569133420552602,0.49044764583232764,0.31124997203131016,0.0,0.3572865643848993,0.1137342385344,0.34265358133580515,0.352116588370912,0.0,0.22142056571248933
2026-01-09 10:00:00,0.291893653642987,0.4896088357044353,0.28499463872444747,0.31315495847847874,0.36552982585842664,0.1137342385344,0.27517744040901865,0.2778005485445983,0.3979804935688973,0.29826855738819114,0.1137342385344,0.11922712241710398,0.1137342385344,0.48159614861490246,0.4160660532451342,0.5118040734047999,0.3885682671584025,0.400507692176647,0.339628017858187,0.42471426417535174,0.36223448295151933,0.26967372491357994,0.3457340234890625,0.20325934230816184,0.4957235423201714,0.4188424232935326,0.48246240306185206,0.36581643974204414,0.3182813180753279,0.215930563327772
2026-01-09 11:00:00,0.1137342385344,0.2146205507250171,0.5118040734047999,0.37284321214073757,0.17876283939902207,0.5118040734047999,0.18455663986455081,0.37215372858710105,0.467502350357409,0.5118040734047999,0.37408795024485686,0.5118040734047999,0.1137342385344,0.2223002271533615,0.1137342385344,0.4748917408015641,0.27291212568619166,0.18057059825431587,0.5118040734047999,0.1137342385344,0.5118040734047999,0.35384340512003903,0.5118040734047999,0.14491441064033136,0.33569645367127204,0.13844386071208767,0.22593535542679666,0.49499999840960357,0.19893615352804078,0.2873070118965306
2026-01-09 12:00:00,0.45899276972550856,0.312186475780945,0.5040961314147996,0.1137342385344,0.3086162582783927,0.3521265651381337,0.4486220894897874,0.1137342385344,0.3634922169462691,0.3119229037045632,0.29216953495336734,0.4168585450496818,0.5118040734047999,0.3284364639989424,0.33630361168329426,0.20894645624432076,0.4052204936959229,0.48102652890142683,0.16464911218667447,0.32300120397150045,0.13923463186988727,0.3567595516307628,0.33869866362597956,0.37323203933652305,0.1137342385344,0.4637010758530664,0.3581003722999209,0.2984095293571935,0.13703583498121377,0.2968555568226211
2026-01-09 13:00:00,0.1137342385344,0.2506750095456305,0.25776382440717327,0.423849721338471,0.5118040734047999,0.31551662663741026,0.3525452685709025,0.5118040734047999,0.25807505552468646,0.4700703685014725,0.34282133511652857,0.4604571202768616,0.1137342385344,0.32299812153251484,0.3096951676287062,0.3046794895447809,0.22769452733898246,0.1137342385344,0.3135792493176081,0.28395317898029676,0.3996125498692766,0.2634074899503201,0.3175243473696778,0.20696915525389778,0.1137342385344,0.1137342385344,0.3217430635001184,0.2753540362644983,0.5118040734047999,0.36864723234192714
2026-01-09 14:00:00,0.16837057790214746,0.28900249301995745,0.3710666861897857,0.2352404040801639,0.3926254872796665,0.3000447506888553,0.29520815282923063,0.2546618953924197,0.1623819910479894,0.3693189239106062,0.29643862371311996,0.44684533932104314,0.1137342385344,0.3984600011966736,0.49828820560414244,0.1137342385344,0.1137342385344,0.4174794351342346,0.20887398980231892,0.2335039112465997,0.1596439976087797,0.2047755052936678,0.2805125307935425,0.47525396646463014,0.13787252678299494,0.5118040734047999,0.1137342385344,0.5118040734047999,0.13493883637607043,0.39306016233309976
2026-01-09 15:00:00,0.34466603709525095,0.26954646142460553,0.2746288614617921,0.4013475269603558,0.1137342385344,0.38617117601996864,0.32391311760641456,0.2989777949578714,0.31563644231550875,0.14949534201662737,0.1137342385344,0.3993178068358751,0.18194890064621014,0.5118040734047999,0.4392718857653723,0.48522897054724945,0.24130135104846676,0.32769931802580055,0.3919279422687403,0.5118040734047999,0.43815050255320226,0.187671974838218,0.22722616962885442,0.1137342385344,0.3495585239272984,0.24626560083419421,0.47199982346953123,0.46979013454157226,0.32286704469617816,0.31494613516146713
2026-01-09 16:00:00,0.1137342385344,0.47801743075705516,0.23572708109696475,0.4717625440776109,0.5118040734047999,0.21859875092289854,0.22605944419545884,0.1924245866061342,0.11627780884999737,0.28545035519020895,0.13278343437370618,0.39280746661689775,0.3765443936363178,0.3079863599521758,0.14147131174932262,0.1579158316508421,0.3337169163838528,0.2777806528359113,0.1137342385344,0.31991552442349513,0.3176935355623303,0.1371951861920157,0.2628843147400833,0.281789927444829,0.30779320282375056,0.1137342385344,0.3545251771604525,0.2358252679798953,0.1137342385344,0.32292230652834897
2026-01-09 17:00:00,0.2536822640429721,0.1137342385344,0.4626893573781077,0.4124011644176966,0.5118040734047999,0.4504997826089016,0.2822909907548762,0.5030032003046345,0.28042685631537684,0.1137342385344,0.38161554262465675,0.22743851900566991,0.1137342385344,0.31433152954688215,0.5118040734047999,0.15565843592073497,0.2110576971606056,0.3763346719428773,0.27555200932846396,0.1137342385344,0.1137342385344,0.11606628535610906,0.43374859271834826,0.23543881678071196,0.3079331320664718,0.1137342385344,0.32576398559248176,0.1137342385344,0.24071111479698024,0.5118040734047999
2026-01-09 18:00:00,0.4213000371222539,0.1137342385344,0.22157457602137434,0.31470574609447527,0.298285754582905,0.33228265237209853,0.2312552652237883,0.3654663505303603,0.32686045255865365,0.3461887158212988,0.19874741890642963,0.1137342385344,0.1300455186727526,0.1137342385344,0.1137342385344,0.37980258815228646,0.5118040734047999,0.362975891513071,0.2517238450206347,0.35657207201925084,0.5118040734047999,0.2079455084435663,0.2183377953713209,0.1137342385344,0.1137342385344,0.39777725383335766,0.1596631509534272,0.4558516328894038,0.23052335121168507,0.42223562552554184
2026-01-09 19:00:00,0.1137342385344,0.4609329491136531,0.3817236405959529,0.4992678989477524,0.31600663320249484,0.19028660322691232,0.26659965084355364,0.2546072778175996,0.22080731393182743,0.1137342385344,0.3574880041207771,0.33204351101215446,0.1137342385344,0.3873954421050088,0.0,0.5118040734047999,0.0,0.20623275645227185,0.47669309493128575,0.3432108771615835,0.0,0.4180706089550545,0.3304293108570944,0.0,0.1137342385344,0.1137342385344,0.19684566444619364,0.3748710287298281,0.17862797228022065,0.39705372386224824
2026-01-09 20:00:00,0.0,0.0,0.0,0.46396686909565377,0.1137342385344,0.0,0.0,0.4774963163145512,0.17852791939975723,0.21959788360187768,0.0,0.2336020201786034,0.1137342385344,0.5118040734047999,0.0,0.0,0.0,0.0,0.0,0.3457016709856544,0.0,0.28211223657095286,0.4451252181603608,0.0,0.319225910433889,0.3411821822151155,0.0,0.3765724967992814,0.3655516904456818,0.0
2026-01-09 21:00:00,0.0,0.0,0.0,0.5118040734047999,0.32826687160477885,0.0,0.0,0.30144515583935916,0.0,0.4296194869963632,0.0,0.18996957645194676,0.2200851481536067,0.0,0.0,0.0,0.0,0.0,0.0,0.5118040734047999,0.0,0.0,0.0,0.0,0.0,0.0,0.0,0.0,0.0,0.0
2026-01-09 22:00:00,0.0,0.0,0.0,0.0,0.0,0.0,0.0,0.0,0.0,0.0,0.0,0.0,0.0,0.0,0.0,0.0,0.0,0.0,0.0,0.0,0.0,0.0,0.0,0.0,0.0,0.0,0.0,0.0,0.0,0.0
2026-01-09 23:00:00,0.0,0.0,0.0,0.0,0.0,0.0,0.0,0.0,0.0,0.0,0.0,0.0,0.0,0.0,0.0,0.0,0.0,0.0,0.0,0.0,0.0,0.0,0.0,0.0,0.0,0.0,0.0,0.0,0.0,0.0
2026-01-10 00:00:00,0.0,0.0,0.0,0.0,0.0,0.0,0.0,0.0,0.0,0.0,0.0,0.0,0.0,0.0,0.0,0.0,0.0,0.0,0.0,0.0,0.0,0.0,0.0,0.0,0.0,0.0,0.0,0.0,0.0,0.0
2026-01-10 01:00:00,0.0,0.0,0.0,0.0,0.0,0.0,0.0,0.0,0.0,0.0,0.0,0.0,0.0,0.0,0.0,0.0,0.0,0.0,0.0,0.0,0.0,0.0,0.0,0.0,0.0,0.0,0.0,0.0,0.0,0.0
2026-01-10 02:00:00,0.0,0.0,0.0,0.0,0.0,0.0,0.0,0.0,0.0,0.0,0.0,0.0,0.0,0.0,0.0,0.0,0.0,0.0,0.0,0.0,0.0,0.0,0.0,0.0,0.0,0.0,0.0,0.0,0.0,0.0
2026-01-10 03:00:00,0.0,0.0,0.0,0.0,0.0,0.0,0.0,0.0,0.0,0.0,0.0,0.0,0.0,0.0,0.0,0.0,0.0,0.0,0.0,0.0,0.0,0.0,0.0,0.0,0.0,0.0,0.0,0.0,0.0,0.0
2026-01-10 04:00:00,0.0,0.0,0.0,0.0,0.0,0.0,0.0,0.0,0.0,0.0,0.0,0.0,0.0,0.0,0.0,0.0,0.0,0.0,0.0,0.0,0.0,0.0,0.0,0.0,0.0,0.0,0.0,0.0,0.0,0.0
2026-01-10 05:00:00,0.0,0.0,0.0,0.0,0.0,0.0,0.0,0.0,0.0,0.0,0.0,0.0,0.0,0.0,0.0,0.0,0.0,0.0,0.0,0.0,0.0,0.0,0.0,0.0,0.0,0.0,0.0,0.0,0.0,0.0
2026-01-10 06:00:00,0.0,0.0,0.0,0.0,0.0,0.0,0.0,0.0,0.0,0.0,0.0,0.0,0.0,0.0,0.0,0.0,0.0,0.0,0.0,0.0,0.0,0.0,0.0,0.0,0.0,0.0,0.0,0.35217806563741927,0.0,0.0
2026-01-10 07:00:00,0.0,0.32171520226249706,0.0,0.0,0.3682028561842454,0.0,0.0,0.0,0.0,0.3394669789353602,0.0,0.0,0.0,0.0,0.0,0.0,0.0,0.32927201723006716,0.0,0.0,0.0,0.0,0.0,0.0,0.0,0.0,0.19700029906855138,0.11896100400000001,0.0,0.27534637679840257
2026-01-10 08:00:00,0.0,0.22905314213759678,0.4420913018855802,0.26111544139548226,0.5315012300342434,0.0,0.38648527944731675,0.0,0.30025191222018155,0.3046711696801467,0.18432377602568678,0.4335474224288126,0.0,0.0,0.0,0.0,0.283361232816184,0.11896100400000001,0.0,0.35563953629226874,0.23940194842627877,0.0,0.26069025962783804,0.2744516895513668,0.0,0.0,0.11896100400000001,0.3430165024951994,0.4856803980340931,0.34393783261191335
2026-01-10 09:00:00,0.11896100400000001,0.34188089212215045,0.48079650570923016,0.27333870866823917,0.3369905828652392,0.37993398456497585,0.3083149702647949,0.11896100400000001,0.21569408363064027,0.3499141856551523,0.24720949888001154,0.39728603335061413,0.1853209356554069,0.14672784926177482,0.0,0.1925056781912306,0.535324518,0.4163313568452723,0.11896100400000001,0.3951763370518292,0.14512068957217591,0.1668502046338431,0.2534839516639247,0.11896100400000001,0.11896100400000001,0.11896100400000001,0.3877717470199222,0.3768865873782842,0.4044990572763366,0.11896100400000001
2026-01-10 10:00:00,0.31315892318153615,0.11896100400000001,0.49112386849919626,0.29256380034036955,0.11896100400000001,0.2281286985865599,0.46955650106689645,0.1907684582705529,0.4172310984785974,0.24782718608827414,0.24748843622241204,0.41999502183290854,0.4050081861445731,0.30782022916100266,0.3484668641982317,0.2853418093215358,0.20990266016800108,0.2234944570037831,0.4296887032169004,0.2973929668822303,0.4960437427055182,0.34100174716117915,0.3994148700256675,0.39077603922644494,0.40194180381212014,0.3123170518029984,0.17189401577285374,0.17327426564073767,0.4386728669603197,0.4555988615743922
2026-01-10 11:00:00,0.2766300247190893,0.45904333116301954,0.2708908998719042,0.3971280784717662,0.5172920869175882,0.535324518,0.3125248475628627,0.28192809406450836,0.4013095593724556,0.535324518,0.22953976854740987,0.535324518,0.5011522633350208,0.16099660738530006,0.11896100400000001,0.3545573327341511,0.32432826371426704,0.22454078178921885,0.26357471954757233,0.35004605791227006,0.21881272298341833,0.2641604411297702,0.29508038782846896,0.2328248665233827,0.14579272789627618,0.11896100400000001,0.2999275966102454,0.4709687582827474,0.32556468873268574,0.22189164790544505
2026-01-10 12:00:00,0.26908060020673524,0.2642536264749089,0.23294857440017822,0.5057592849297038,0.4828500516216471,0.30584204937053855,0.3469422593199298,0.3467213866848896,0.535324518,0.23284308635000456,0.46337264888371515,0.3560098985288849,0.13537286221219502,0.3805909642182423,0.2900504483918873,0.11896100400000001,0.12210055675660346,0.14323582415573644,0.535324518,0.2619137386604218,0.28966541507624033,0.18333690014333548,0.1832294727364075,0.34025027940606284,0.21445367132477058,0.28857635296983075,0.4305570515451478,0.43501022347031826,0.535324518,0.535324518
2026-01-10 13:00:00,0.2846620013108159,0.5237522801888561,0.5270393721145832,0.11896100400000001,0.1413394585961192,0.16568132339669217,0.11896100400000001,0.11896100400000001,0.256642079866531,0.2322381279339148,0.45831037066642655,0.4882594623887547,0.3001004333724393,0.22418723340412067,0.38258313045332365,0.3961229970917468,0.27409081012969644,0.42045128681370303,0.35254922724356136,0.3137248943024909,0.2982284879994475,0.11896100400000001,0.15780091251598594,0.1342025925133137,0.2228178896169398,0.21712430610162106,0.4136495309356204,0.30176618830985413,0.3116411388321125,0.40131732746177745
2026-01-10 14:00:00,0.11896100400000001,0.31504555218461555,0.3807331111699923,0.37932111973511534,0.2901500922234267,0.471418991792999,0.43753711732078926,0.14401020095893444,0.37930076235075366,0.30118006693243565,0.40626505858487366,0.2376459166784953,0.11896100400000001,0.3500784309607378,0.4645109960062949,0.12188022539630579,0.11896100400000001,0.12767550791654536,0.2193168765890652,0.2199716879740002,0.535324518,0.4465869344862503,0.4873458141966228,0.2197195210853746,0.27991849223917636,0.11896100400000001,0.1736176034440994,0.5071576172906705,0.21966325368608783,0.20476081619029227
2026-01-10 15:00:00,0.26611889422088447,0.1761680677858342,0.1405024279391776,0.21552929977444577,0.3167845961842078,0.43639126625759744,0.13432886244054965,0.11896100400000001,0.13392705341329747,0.2899276094014846,0.24432514423131965,0.46401982858288005,0.11896100400000001,0.24124482143414078,0.29767853728372307,0.5099950420766224,0.4642942616713551,0.25983950365476777,0.22466855443418324,0.30115042899135713,0.36936143763588947,0.39951930632713045,0.3858130891733274,0.14444290900652962,0.4147587192204271,0.35755670451413035,0.46205262571400624,0.37606156400776064,0.18609149072618522,0.48373129309795665
2026-01-10 16:00:00,0.275994754767331,0.11896100400000001,0.11896100400000001,0.11896100400000001,0.26632286224737167,0.3073425206580911,0.2862367574228861,0.535324518,0.4199561861185577,0.1499016462165388,0.3488098467984535,0.16836498106021128,0.296068620681908,0.3004002253912833,0.535324518,0.43256258188389657,0.38734500199642496,0.42933770475816324,0.29799690453245326,0.3561380830633953,0.16879216785960827,0.3600166394223358,0.22206839465508935,0.3394252503608898,0.11896100400000001,0.11896100400000001,0.5166637280510797,0.5158844328347333,0.1489603001429705,0.19782237835327832
2026-01-10 17:00:00,0.11896100400000001,0.11896100400000001,0.11974508060503633,0.2655800101984199,0.33455419079911675,0.11896100400000001,0.535324518,0.21277526979789035,0.24612882111329934,0.23158681448136342,0.11896100400000001,0.152097125820483,0.15641381752271924,0.14843123281938986,0.11896100400000001,0.19702623276688372,0.4043095397543652,0.5152339467326853,0.4631098320227077,0.253149043285819,0.535324518,0.18982450521724323,0.11896100400000001,0.11896100400000001,0.32337089792108525,0.11896100400000001,0.22178641024141083,0.33341716924870324,0.2864026881608284,0.2519926952463049
2026-01-10 18:00:00,0.5313728960788267,0.11896100400000001,0.21190637697194806,0.11896100400000001,0.4903594987362352,0.2536323790844038,0.20155121504509899,0.535324518,0.535324518,0.3081401265027091,0.11896100400000001,0.11896100400000001,0.15495317037759496,0.4114526793858312,0.36818326057173556,0.41847788698098826,0.3074158585996327,0.43044193536334496,0.36659824282473963,0.15826793095507805,0.535324518,0.36132801677241744,0.33178934047750236,0.17917079441321046,0.11896100400000001,0.11896100400000001,0.20548387814402197,0.3633474049762106,0.3083671723900386,0.2583901457749825
2026-01-10 19:00:00,0.3053469562798892,0.32091086118252865,0.3002375032369603,0.0,0.0,0.4417039044720357,0.24671400045370426,0.0,0.3529063069996669,0.27661893683000577,0.535324518,0.21534839382277068,0.3064499865627998,0.11896100400000001,0.0,0.3929738665359926,0.4119731023253153,0.3702868154242659,0.13514112663174982,0.0,0.33328177712341556,0.2703738968257675,0.0,0.366971626265183,0.18365573030920057,0.22732774720128732,0.5348308153948325,0.3617977398406374,0.535324518,0.5155256744300841
2026-01-10 20:00:00,0.11896100400000001,0.0,0.0,0.0,0.0,0.2664265262646224,0.0,0.0,0.0,0.21790100515087865,0.345111711940913,0.535324518,0.11896100400000001,0.0,0.0,0.11896100400000001,0.11896100400000001,0.296249306285828,0.0,0.0,0.0,0.3318380191613318,0.0,0.3434494326250845,0.0,0.4697556436481485,0.0,0.12253001391618205,0.0,0.11896100400000001
2026-01-10 21:00:00,0.3350174650518632,0.0,0.0,0.0,0.0,0.0,0.0,0.0,0.0,0.365383019687465,0.24301671672839864,0.5176001447618879,0.0,0.0,0.0,0.19467143335934034,0.2190513115506087,0.2841464212110742,0.0,0.0,0.0,0.5286960499768562,0.0,0.0,0.0,0.19474114040224672,0.0,0.0,0.0,0.3110957029027322
2026-01-10 22:00:00,0.0,0.0,0.0,0.0,0.0,0.0,0.0,0.0,0.0,0.0,0.0,0.0,0.0,0.0,0.0,0.0,0.0,0.0,0.0,0.0,0.0,0.535324518,0.0,0.0,0.0,0.0,0.0,0.0,0.0,0.11896100400000001
2026-01-10 23:00:00,0.0,0.0,0.0,0.0,0.0,0.0,0.0,0.0,0.0,0.0,0.0,0.0,0.0,0.0,0.0,0.0,0.0,0.0,0.0,0.0,0.0,0.0,0.0,0.0,0.0,0.0,0.0,0.0,0.0,0.0
2026-01-11 00:00:00,0.0,0.0,0.0,0.0,0.0,0.0,0.0,0.0,0.0,0.0,0.0,0.0,0.0,0.0,0.0,0.0,0.0,0.0,0.0,0.0,0.0,0.0,0.0,0.0,0.0,0.0,0.0,0.0,0.0,0.0
2026-01-11 01:00:00,0.0,0.0,0.0,0.0,0.0,0.0,0.0,0.0,0.0,0.0,0.0,0.0,0.0,0.0,0.0,0.0,0.0,0.0,0.0,0.0,0.0,0.0,0.0,0.0,0.0,0.0,0.0,0.0,0.0,0.0
2026-01-11 02:00:00,0.0,0.0,0.0,0.0,0.0,0.0,0.0,0.0,0.0,0.0,0.0,0.0,0.0,0.0,0.0,0.0,0.0,0.0,0.0,0.0,0.0,0.0,0.0,0.0,0.0,0.0,0.0,0.0,0.0,0.0
2026-01-11 03:00:00,0.0,0.0,0.0,0.0,0.0,0.0,0.0,0.0,0.0,0.0,0.0,0.0,0.0,0.0,0.0,0.0,0.0,0.0,0.0,0.0,0.0,0.0,0.0,0.0,0.0,0.0,0.0,0.0,0.0,0.0
2026-01-11 04:00:00,0.0,0.0,0.0,0.0,0.0,0.0,0.0,0.0,0.0,0.0,0.0,0.0,0.0,0.0,0.0,0.0,0.0,0.0,0.0,0.0,0.0,0.0,0.0,0.0,0.0,0.0,0.0,0.0,0.0,0.0
2026-01-11 05:00:00,0.0,0.0,0.0,0.0,0.0,0.0,0.0,0.0,0.0,0.0,0.0,0.0,0.0,0.0,0.0,0.0,0.0,0.0,0.0,0.0,0.0,0.0,0.0,0.0,0.0,0.0,0.0,0.0,0.0,0.0
2026-01-11 06:00:00,0.0,0.0,0.0,0.0,0.0,0.0,0.0,0.0,0.0,0.0,0.0,0.0,0.0,0.0,0.0,0.0,0.0,0.0,0.0,0.0,0.0,0.0,0.0,0.0,0.0,0.0,0.0,0.0,0.0,0.0
2026-01-11 07:00:00,0.3629904318503947,0.0,0.0,0.12245235037933816,0.13540524412128993,0.0,0.0,0.0,0.0,0.1122069513044,0.0,0.0,0.0,0.0,0.0,0.0,0.2772299614390419,0.17309341904061293,0.0,0.0,0.0,0.0,0.0,0.0,0.2587926185480885,0.0,0.0,0.0,0.0,0.0
2026-01-11 08:00:00,0.27865990049197104,0.16904875366345723,0.0,0.5049312808698,0.304661898562153,0.0,0.0,0.4420805511788396,0.0,0.1122069513044,0.0,0.0,0.2490536623978275,0.46515356297911636,0.0,0.0,0.44776680243243727,0.43403224837413784,0.0,0.0,0.1122069513044,0.2047717491454224,0.4273092478335279,0.0,0.1122069513044,0.1122069513044,0.3797347888356457,0.0,0.0,0.1122069513044
2026-01-11 09:00:00,0.34134612633099004,0.12998906140489408,0.4263425276004651,0.1122069513044,0.38882253771508485,0.0,0.5049312808698,0.1680654409120662,0.0,0.2513926565706891,0.0,0.0,0.1122069513044,0.5049312808698,0.11421221876147579,0.3192616734909146,0.12629401068458918,0.16055656022821688,0.5049312808698,0.0,0.1122069513044,0.19546578032494238,0.42313485262784334,0.352933991732749,0.1122069513044,0.1122069513044,0.15318639795802305,0.0,0.4559271969137901,0.32397019173951813
2026-01-11 10:00:00,0.5049312808698,0.3805759227344024,0.38056918942061213,0.3910862036090756,0.1122069513044,0.4329940270063821,0.24256365701981128,0.3542949602679409,0.1122069513044,0.20006725414533869,0.22630701906388265,0.1122069513044,0.1887585216161097,0.4008327922716157,0.3306893240367236,0.33757244678480824,0.37093555692984187,0.3655787487438883,0.45586347430581137,0.15766973896756395,0.4695529421850885,0.2205090017328922,0.4057972493888912,0.1122069513044,0.20748894871480753,0.27195784209920704,0.3460331679454634,0.3749501275303426,0.1944493244514055,0.2211607818929812
2026-01-11 11:00:00,0.17785309200163585,0.20703467640846568,0.4621187607990294,0.4873182755720596,0.3190151477874535,0.38156663354248416,0.42773434135096766,0.5049312808698,0.4682572161734045,0.19114496390692906,0.343972094658958,0.3318578633474053,0.1122069513044,0.5049312808698,0.1122069513044,0.1122069513044,0.1122069513044,0.45514650066790036,0.22752691282791992,0.1122069513044,0.39906198727004083,0.24899317405112198,0.5049312808698,0.1122069513044,0.5049312808698,0.1122069513044,0.4387902482126743,0.18337188789677883,0.3358875623411114,0.3724417449139681
2026-01-11 12:00:00,0.1122069513044,0.1122069513044,0.1122069513044,0.28738708530644336,0.3091103264957598,0.36889298602909854,0.22100547375162163,0.2921850624062654,0.2891770217339301,0.2674763520292891,0.3556726045997421,0.5049312808698,0.26922608407393733,0.5049312808698,0.22718484386554422,0.3910321767951823,0.3171669132702311,0.32363046929922246,0.39487120836367323,0.1122069513044,0.3428830026110633,0.2553655144504831,0.3662022624946486,0.17747276752594773,0.1122069513044,0.338763612634701,0.14380070752678337,0.5049312808698,0.34186407693460297,0.43206911663669517
2026-01-11 13:00:00,0.1122069513044,0.15109323996239205,0.19958165209840203,0.24281345708671068,0.3689374278013632,0.17515391835696328,0.5049312808698,0.5049312808698,0.3314766855889682,0.15465399664507765,0.37982786985687683,0.3848913536191111,0.1122069513044,0.3582866095548987,0.42650689294621974,0.18344466680846047,0.3124685016779389,0.16301507362199494,0.500594026408688,0.3848594475357703,0.3998236638984393,0.4068037180177633,0.41555428144583445,0.20031101394200737,0.2375701954664187,0.29348138645719957,0.21336712529863477,0.1122069513044,0.20369764784031125,0.38400650180474843
2026-01-11 14:00:00,0.1122069513044,0.35885724685169934,0.2603984022051351,0.21706891993524904,0.47490335057043437,0.1122069513044,0.29815920117655337,0.2720997648892534,0.3957103840942875,0.5049312808698,0.3951359126256205,0.36671629245315474,0.1122069513044,0.45915366560510873,0.3167649352743554,0.18272155244545082,0.35497131096973455,0.5049312808698,0.4093882535062355,0.14461337587731238,0.4028593828504385,0.36923613940640404,0.15095008167228768,0.30695060711844,0.1122069513044,0.48204339521348855,0.2769096106364204,0.22803595128056542,0.19281423631518266,0.2665148274404479
2026-01-11 15:00:00,0.20362825682062785,0.2503170878025394,0.1122069513044,0.41582593302784987,0.4017244116190273,0.1667127333600178,0.19744281414923803,0.38690333917028824,0.3176283404447335,0.30132377078325223,0.39651576414609757,0.352393517600268,0.1730937214157819,0.15739605089823733,0.3690133727152788,0.20166105253142683,0.17137440694678882,0.21900360944590522,0.4402497953420184,0.3501585112043161,0.22787424107690124,0.12968075496696843,0.3463143068253833,0.15505158807207453,0.12063340665127041,0.1122069513044,0.1122069513044,0.15461707545065156,0.23707125883759797,0.1122069513044
2026-01-11 16:00:00,0.2676890319344617,0.1122069513044,0.3363424839855486,0.5049312808698,0.11255313327861557,0.3075114663078713,0.35367817736341,0.4106215409190457,0.15116811223701296,0.5049312808698,0.12359553408574511,0.20203215356261836,0.33505560689748526,0.4222161968975082,0.4305356150000811,0.1122069513044,0.1122069513044,0.17434058378851008,0.4559132763062001,0.12975112003170447,0.4287729343794773,0.36692333152847834,0.5049312808698,0.1122069513044,0.2204525248018008,0.30973796310173646,0.3845837817634176,0.40565736472383984,0.27373789621563394,0.12046812601112582
2026-01-11 17:00:00,0.25781599788332854,0.27754474994777295,0.22997674480439112,0.5049312808698,0.32079919836239107,0.30256560707731583,0.34276718462651234,0.2988883779419889,0.33114829808419916,0.3057174728391493,0.4072280053209658,0.22443631225245295,0.4354815230104994,0.46639926085493466,0.15801071009244114,0.43962936053398627,0.3500964708804207,0.1122069513044,0.3043504171345208,0.3370823476791288,0.4028207579210246,0.1122069513044,0.2611864678744093,0.1339240118672803,0.24422416636532035,0.27212638453986226,0.2378493844879559,0.17794014660328425,0.41974194706242623,0.32505133967740163
2026-01-11 18:00:00,0.34213079139755465,0.28807917753907664,0.3464034118801786,0.46448868869543786,0.44832184475546677,0.43966716751878965,0.13593951611450178,0.1122069513044,0.1864697825333155,0.1955697242132949,0.41677561148629766,0.5049312808698,0.24566229533080047,0.3833654859054789,0.37387663516050224,0.34674621236144504,0.35265404393294536,0.41527382339977087,0.5018718942378498,0.36793277430828947,0.4220351523967505,0.12743464736264865,0.34516805569140696,0.2941523386445569,0.19355688778675997,0.2542353254182367,0.29737359774296324,0.1122069513044,0.43588814926920627,0.3938836460385648
2026-01-11 19:00:00,0.2174287486200728,0.0,0.0,0.5049312808698,0.2232405651681841,0.4769553511559444,0.5049312808698,0.0,0.2546012272277634,0.0,0.26047879437316956,0.0,0.19895714853735091,0.30249993385795726,0.15020978976705807,0.29677696837888573,0.46753981575195797,0.35411859623274494,0.41188893693659445,0.36154541776730786,0.23114117143435958,0.27004380487290264,0.3498148879390346,0.1122069513044,0.32361532932693005,0.1122069513044,0.4526933419923188,0.2980034267621592,0.3271230529981646,0.19737680505246943
2026-01-11 20:00:00,0.43806424292575513,0.0,0.0,0.14496282445079334,0.36770085323360735,0.0,0.5049312808698,0.0,0.1122069513044,0.0,0.1122069513044,0.0,0.0,0.35448371365945364,0.0,0.0,0.5049312808698,0.0,0.0,0.0,0.15499071255511243,0.13315159436515564,0.3994371150072871,0.0,0.2857565632370785,0.14893398193179203,0.0,0.37039396735144253,0.22730842398440945,0.4915068155700724
2026-01-11 21:00:00,0.1749018473191195,0.0,0.0,0.0,0.19309207896923974,0.0,0.4315184716002166,0.0,0.3011556155222955,0.0,0.29902998714742324,0.0,0.0,0.0,0.0,0.0,0.3690604956471818,0.0,0.0,0.0,0.0,0.22175683050932038,0.0,0.0,0.0,0.0,0.0,0.0,0.1122069513044,0.5049312808698
2026-01-11 22:00:00,0.0,0.0,0.0,0.0,0.5049312808698,0.0,0.0,0.0,0.0,0.0,0.0,0.0,0.0,0.0,0.0,0.0,0.0,0.0,0.0,0.0,0.0,0.22685930689095724,0.0,0.0,0.0,0.0,0.0,0.0,0.34626424116287907,0.0
2026-01-11 23:00:00,0.0,0.0,0.0,0.0,0.0,0.0,0.0,0.0,0.0,0.0,0.0,0.0,0.0,0.0,0.0,0.0,0.0,0.0,0.0,0.0,0.0,0.0,0.0,0.0,0.0,0.0,0.0,0.0,0.0,0.0
2026-01-12 00:00:00,0.0,0.0,0.0,0.0,0.0,0.0,0.0,0.0,0.0,0.0,0.0,0.0,0.0,0.0,0.0,0.0,0.0,0.0,0.0,0.0,0.0,0.0,0.0,0.0,0.0,0.0,0.0,0.0,0.0,0.0
2026-01-12 01:00:00,0.0,0.0,0.0,0.0,0.0,0.0,0.0,0.0,0.0,0.0,0.0,0.0,0.0,0.0,0.0,0.0,0.0,0.0,0.0,0.0,0.0,0.0,0.0,0.0,0.0,0.0,0.0,0.0,0.0,0.0
2026-01-12 02:00:00,0.0,0.0,0.0,0.0,0.0,0.0,0.0,0.0,0.0,0.0,0.0,0.0,0.0,0.0,0.0,0.0,0.0,0.0,0.0,0.0,0.0,0.0,0.0,0.0,0.0,0.0,0.0,0.0,0.0,0.0
2026-01-12 03:00:00,0.0,0.0,0.0,0.0,0.0,0.0,0.0,0.0,0.0,0.0,0.0,0.0,0.0,0.0,0.0,0.0,0.0,0.0,0.0,0.0,0.0,0.0,0.0,0.0,0.0,0.0,0.0,0.0,0.0,0.0
2026-01-12 04:00:00,0.0,0.0,0.0,0.0,0.0,0.0,0.0,0.0,0.0,0.0,0.0,0.0,0.0,0.0,0.0,0.0,0.0,0.0,0.0,0.0,0.0,0.0,0.0,0.0,0.0,0.0,0.0,0.0,0.0,0.0
2026-01-12 05:00:00,0.0,0.0,0.0,0.0,0.0,0.0,0.0,0.0,0.0,0.0,0.0,0.0,0.0,0.0,0.0,0.0,0.0,0.0,0.0,0.0,0.0,0.0,0.0,0.0,0.0,0.0,0.0,0.0,0.0,0.0
2026-01-12 06:00:00,0.0,0.0,0.0,0.0,0.0,0.0,0.0,0.0,0.0,0.0,0.0,0.0,0.0,0.0,0.0,0.0,0.0,0.0,0.0,0.0,0.0,0.0,0.0,0.0,0.0,0.0,0.0,0.0,0.0,0.0
2026-01-12 07:00:00,0.0,0.0,0.0,0.18489588946424715,0.0,0.0,0.0,0.0,0.0,0.0,0.1119889326784,0.0,0.33392082092468234,0.2824314452546005,0.0,0.4049616788550439,0.0,0.0,0.5039062563053015,0.0,0.0,0.0,0.4042347816424459,0.0,0.0,0.0,0.0,0.0,0.2431983176556064,0.0
2026-01-12 08:00:00,0.0,0.0,0.0,0.3698736222369248,0.313877233922323,0.0,0.0,0.2395946908670151,0.18994135502457343,0.0,0.3855933717923523,0.0,0.1119889326784,0.42016361057752594,0.0,0.2838370348927821,0.0,0.3198866750206706,0.2929674955801765,0.0,0.0,0.0,0.25260256737215,0.0,0.11906604282923065,0.1119889326784,0.0,0.0,0.15657503390154692,0.0
2026-01-12 09:00:00,0.0,0.23109274656134884,0.3786150724989154,0.1119889326784,0.368164096125513,0.26802265556572946,0.2863162378242847,0.4880064984329673,0.3591709182914694,0.1119889326784,0.26583703384649865,0.21203489305312903,0.19302704587393074,0.1119889326784,0.4653716672131654,0.3384267586734247,0.0,0.2912165995361317,0.4004611639580412,0.38328506416444424,0.0,0.4501830103215067,0.3379874004117755,0.1846135243794832,0.14226048845692885,0.17412769338765946,0.0,0.30572159910597196,0.1119889326784,0.3963300134796344
2026-01-12 10:00:00,0.0,0.21906477179709266,0.1119889326784,0.1119889326784,0.5004656297558676,0.27616889026159647,0.1119889326784,0.1119889326784,0.25096287541564294,0.14600212944972807,0.17664418523809092,0.4007985480113309,0.2989369382456694,0.17315447603116854,0.17804709812462155,0.36988345294736613,0.3223287371745656,0.5039501970528,0.16708184910239116,0.49503445336238555,0.404039236313221,0.22953613620655297,0.45979470522586857,0.4078923115707237,0.2571723047658377,0.4987533733893384,0.24553316938037273,0.21195571619826173,0.1119889326784,0.35038836116163447
2026-01-12 11:00:00,0.2887718449252789,0.1119889326784,0.1119889326784,0.3309641544603683,0.1119889326784,0.4362465733774989,0.1119889326784,0.30425450951905353,0.31225657394025264,0.5039501970528,0.4264249084177741,0.5039501970528,0.1119889326784,0.3922064045530321,0.26174372473940943,0.40502962646191426,0.4310455655826234,0.2571700482373948,0.30161880660523177,0.3167271553765063,0.1119889326784,0.5039501970528,0.2624920816988489,0.2625003587354211,0.36821239228318114,0.3801983721533169,0.3313986539687105,0.20205470742795711,0.12209273357157627,0.16577378421067235
2026-01-12 12:00:00,0.1808591359505192,0.31278163526925884,0.33299052873985285,0.11272486468934986,0.47756729797757214,0.33810984367986874,0.2248790992626315,0.23401366713170402,0.27806671965262586,0.27784619153115053,0.3509542134130516,0.40379574599852464,0.21597732886835358,0.5039501970528,0.48996972242329634,0.24297316640481487,0.3520745332291193,0.4870810537442821,0.1701853136455411,0.29768024520711234,0.18755136789654797,0.3852622789431292,0.16019045470877236,0.1119889326784,0.1119889326784,0.24600261796070924,0.37698664702889884,0.3130049303275236,0.3883044809561621,0.34745133308769377
2026-01-12 13:00:00,0.3241643599495583,0.1173979432604142,0.12929686681314714,0.2925648908091852,0.5039501970528,0.3539290166430316,0.34680204711461077,0.2822074906725317,0.4696418335133122,0.17170329163489767,0.27364914803041324,0.1119889326784,0.1496680322076136,0.32507748723268864,0.44400944480296195,0.1119889326784,0.3883089878304853,0.3164163626256486,0.4811129937602889,0.1841250254036665,0.17924447091987356,0.1119889326784,0.5039501970528,0.1119889326784,0.11202104171384361,0.48648661131885024,0.39263066666473884,0.19802655849879555,0.44206452769711985,0.2793468367243839
2026-01-12 14:00:00,0.28736016963670785,0.1672122001162923,0.45003534371820697,0.1119889326784,0.4961500552733613,0.23785244277060283,0.1119889326784,0.38445817274410454,0.1119889326784,0.14146579363904824,0.19482359627938042,0.26286372704795724,0.33098364981968653,0.39009367551341745,0.2327776921785768,0.3423469881430882,0.12153409159126641,0.3552240312060872,0.23693792242776626,0.20446068540486279,0.3172746446706819,0.4061188222153342,0.1119889326784,0.3601758719987683,0.1119889326784,0.1119889326784,0.4548453749799844,0.1471256161601352,0.17003357543805814,0.1302107929049901
2026-01-12 15:00:00,0.20388576679420778,0.1119889326784,0.3654803608919544,0.48143332510724646,0.34726378388925455,0.27408239287180075,0.1119889326784,0.3255614635703934,0.5039501970528,0.3433017056927931,0.49434368050008987,0.4311397208705372,0.5039501970528,0.2588652825824902,0.1119889326784,0.4538947889684772,0.1119889326784,0.1119889326784,0.21770836910663993,0.1849437760542624,0.1119889326784,0.12011127926965892,0.4839723185551501,0.3039411163087649,0.1119889326784,0.1119889326784,0.2953697543516666,0.2554143195806394,0.4256715639293914,0.37816204005425286
2026-01-12 16:00:00,0.1119889326784,0.14507005812726273,0.5039501970528,0.42387290934561367,0.17693105771012355,0.21316015230384017,0.18080297218952804,0.2599189269060215,0.31324584508081904,0.25363363471180234,0.36743804489555976,0.1119889326784,0.24744266470272655,0.2714871754482482,0.1119889326784,0.3157805012810005,0.12690945985008117,0.25844714228565646,0.31209793166196453,0.2041686065071247,0.24070846512101265,0.3990844395192155,0.5039501970528,0.16078329050707796,0.1424598966736815,0.16016320753202534,0.1119889326784,0.4216449695462792,0.28281958162100057,0.5039501970528
2026-01-12 17:00:00,0.1119889326784,0.5039501970528,0.25894260626182913,0.2818076336011132,0.5039501970528,0.1119889326784,0.22825690745447774,0.3455184136933938,0.20852810914293857,0.33936365946785135,0.1119889326784,0.1119889326784,0.1119889326784,0.40845533057564165,0.37985005917110143,0.33180571338444215,0.35298813735720685,0.1119889326784,0.46438710984933146,0.3003619911991342,0.5039501970528,0.3182463329095069,0.20519237760197226,0.1119889326784,0.1119889326784,0.27804906100351673,0.35818039069286567,0.24841300186354537,0.12385897126138871,0.1119889326784
2026-01-12 18:00:00,0.14676229032456498,0.42485721505739515,0.46129548890724,0.2858487656049397,0.29223307960638845,0.24138826628853632,0.22969564686916885,0.4983890821862639,0.252936811252595,0.12055786387297159,0.1119889326784,0.29523819509717,0.15641046271711892,0.5039501970528,0.2581032451710565,0.39403523018024594,0.22015261476305825,0.25913654971065425,0.32932650973352146,0.24176620243784674,0.3870564837348192,0.23685528470272257,0.26099509690949146,0.44704040326002126,0.26422196400417153,0.1119889326784,0.5039501970528,0.32393910105492174,0.1786319228979185,0.12883674969737016
2026-01-12 19:00:00,0.3459320608929066,0.0,0.0,0.2676209939913418,0.15572408196236961,0.298761793239445,0.3724514367983074,0.1309371273924753,0.5039501970528,0.5039501970528,0.30222092757619784,0.24232417229873154,0.5039501970528,0.0,0.2583629241935474,0.0,0.36589447191228563,0.2658051220862992,0.26782356780222827,0.2274856268078638,0.2998551146651033,0.3651416959950196,0.3535723735740496,0.38716471504333655,0.1119889326784,0.1431383632271826,0.0,0.1119889326784,0.187879533860143,0.5039501970528
2026-01-12 20:00:00,0.0,0.0,0.0,0.47431914544328413,0.31320002423509863,0.25438983109180174,0.29913321941839177,0.0,0.4903939112467869,0.0,0.0,0.3024867295105955,0.5039501970528,0.0,0.3286199504532027,0.0,0.3349507064433359,0.4259221617438537,0.0,0.5039501970528,0.0,0.5039501970528,0.5039501970528,0.0,0.22829891985156228,0.23238816622165953,0.0,0.1119889326784,0.0,0.3397418875432158
2026-01-12 21:00:00,0.0,0.0,0.0,0.3195367751805282,0.0,0.0,0.0,0.0,0.1119889326784,0.0,0.0,0.0,0.1119889326784,0.0,0.0,0.0,0.0,0.0,0.0,0.0,0.0,0.0,0.4235540242147014,0.0,0.0,0.0,0.0,0.1420953209248835,0.0,0.0
2026-01-12 22:00:00,0.0,0.0,0.0,0.0,0.0,0.0,0.0,0.0,0.0,0.0,0.0,0.0,0.0,0.0,0.0,0.0,0.0,0.0,0.0,0.0,0.0,0.0,0.0,0.0,0.0,0.0,0.0,0.1119889326784,0.0,0.0
2026-01-12 23:00:00,0.0,0.0,0.0,0.0,0.0,0.0,0.0,0.0,0.0,0.0,0.0,0.0,0.0,0.0,0.0,0.0,0.0,0.0,0.0,0.0,0.0,0.0,0.0,0.0,0.0,0.0,0.0,0.0,0.0,0.0
2026-01-13 00:00:00,0.0,0.0,0.0,0.0,0.0,0.0,0.0,0.0,0.0,0.0,0.0,0.0,0.0,0.0,0.0,0.0,0.0,0.0,0.0,0.0,0.0,0.0,0.0,0.0,0.0,0.0,0.0,0.0,0.0,0.0
2026-01-13 01:00:00,0.0,0.0,0.0,0.0,0.0,0.0,0.0,0.0,0.0,0.0,0.0,0.0,0.0,0.0,0.0,0.0,0.0,0.0,0.0,0.0,0.0,0.0,0.0,0.0,0.0,0.0,0.0,0.0,0.0,0.0
2026-01-13 02:00:00,0.0,0.0,0.0,0.0,0.0,0.0,0.0,0.0,0.0,0.0,0.0,0.0,0.0,0.0,0.0,0.0,0.0,0.0,0.0,0.0,0.0,0.0,0.0,0.0,0.0,0.0,0.0,0.0,0.0,0.0
2026-01-13 03:00:00,0.0,0.0,0.0,0.0,0.0,0.0,0.0,0.0,0.0,0.0,0.0,0.0,0.0,0.0,0.0,0.0,0.0,0.0,0.0,0.0,0.0,0.0,0.0,0.0,0.0,0.0,0.0,0.0,0.0,0.0
2026-01-13 04:00:00,0.0,0.0,0.0,0.0,0.0,0.0,0.0,0.0,0.0,0.0,0.0,0.0,0.0,0.0,0.0,0.0,0.0,0.0,0.0,0.0,0.0,0.0,0.0,0.0,0.0,0.0,0.0,0.0,0.0,0.0
2026-01-13 05:00:00,0.0,0.0,0.0,0.0,0.0,0.0,0.0,0.0,0.0,0.0,0.0,0.0,0.0,0.0,0.0,0.0,0.0,0.0,0.0,0.0,0.0,0.0,0.0,0.0,0.0,0.0,0.0,0.0,0.0,0.0
2026-01-13 06:00:00,0.0,0.0,0.0,0.0,0.0,0.0,0.0,0.0,0.0,0.0,0.0,0.0,0.0,0.0,0.0,0.0,0.0,0.0,0.0,0.0,0.0,0.0,0.0,0.0,0.0,0.0,0.0,0.0,0.0,0.0
2026-01-13 07:00:00,0.0,0.11242502400000001,0.0,0.0,0.0,0.17590429983758057,0.0,0.0,0.43623910314773573,0.0,0.11242502400000001,0.0,0.0,0.0,0.0,0.0,0.15764326941381948,0.30593430276684885,0.0,0.0,0.0,0.0,0.0,0.0,0.0,0.0,0.0,0.0,0.0,0.0
2026-01-13 08:00:00,0.0,0.22105901906127282,0.0,0.41789125184242076,0.44032264300317087,0.48949073628388207,0.0,0.19538476116203066,0.2845953089271194,0.0,0.3726633634599814,0.0,0.45291745434842734,0.0,0.0,0.0,0.37622705679407686,0.14272328472994056,0.0,0.0,0.0,0.0,0.0,0.0,0.0,0.0,0.2545163407908353,0.0,0.30143327658090663,0.0
2026-01-13 09:00:00,0.11242502400000001,0.3117190089018105,0.14634136492560562,0.4499522802526712,0.12648962350118267,0.13340225066611092,0.505912608,0.11242502400000001,0.14090717419506874,0.2542077013176858,0.1708058149317542,0.3658677545249909,0.280675279810166,0.0,0.0,0.2008229554418537,0.2786650045442643,0.505912608,0.0,0.0,0.0,0.42885374509621343,0.0,0.43374076164366,0.505912608,0.3533255465511245,0.16117715769307087,0.11242502400000001,0.11242502400000001,0.2646294324559778
2026-01-13 10:00:00,0.23944672509007345,0.16164188845990388,0.2880007380993392,0.11242502400000001,0.4564796666967698,0.505912608,0.11242502400000001,0.33046009531198195,0.12315107663651147,0.11242502400000001,0.4764760601215215,0.11242502400000001,0.25340763431816,0.0,0.39696332107529125,0.46983969556590977,0.32443314006369806,0.18315492522111207,0.505912608,0.3317853515582932,0.3055627650600497,0.11242502400000001,0.34959366449113605,0.4387548408429405,0.11242502400000001,0.31590970079064096,0.2641541834299222,0.3241873145804231,0.4034643326113029,0.287306281906895
2026-01-13 11:00:00,0.22478876519573057,0.1912223905951671,0.1443713602843657,0.3360186515469776,0.15586337691413277,0.3914164431764984,0.27301711264386297,0.3239099927855297,0.4183665283813885,0.4508048778926457,0.18210264577042737,0.2363248537682137,0.35331748178837363,0.2599126833097436,0.3051552144317503,0.3865059585462958,0.1253888532078151,0.27763762459040425,0.24044346990968002,0.41146833656280757,0.2125633454705995,0.11242502400000001,0.29350120908840227,0.18407991323559175,0.40653411877551043,0.4944285901796205,0.332023368094356,0.27549964029389234,0.246496016307746,0.38026684799941035
2026-01-13 12:00:00,0.11242502400000001,0.2792764502502476,0.2188311885962745,0.27685410083314926,0.43214378680152515,0.16310472108313862,0.11242502400000001,0.4179366946437807,0.3132420152148388,0.11242502400000001,0.2544121483761067,0.40123954264229844,0.25978215510262526,0.138540993670651,0.4173332214797666,0.32347253814945687,0.19188758540365392,0.32422451827153687,0.24467142693326033,0.4556526947790136,0.11242502400000001,0.19706965291559925,0.3866901973230382,0.3373950473286238,0.15098644667263553,0.4022337137052541,0.505912608,0.4359465209351494,0.23672536397223312,0.36516106439460044
2026-01-13 13:00:00,0.2707621508435815,0.3380752433986075,0.11242502400000001,0.15360767015918392,0.505912608,0.5017556865421878,0.25719012858597684,0.27692775882317405,0.22920353439724647,0.4131907833353037,0.32116480109546947,0.30144133358495395,0.21443197528490038,0.11242502400000001,0.2648036146267862,0.42967993209151367,0.19978428178362143,0.2549459017322767,0.23552604492701906,0.41192812027810644,0.4098801785241868,0.18450869837483647,0.23907782870967437,0.2586876425496641,0.19910952663504963,0.4215247259284151,0.29064925496917915,0.3527668745950134,0.15137930979137243,0.182469170039396
2026-01-13 14:00:00,0.30191412796583617,0.1256132593826049,0.11242502400000001,0.2709010973267098,0.4237211950773885,0.29870346832992173,0.3740025022870003,0.24263059519598054,0.3829500075745582,0.4009149110266844,0.29581973646424553,0.15626592396639838,0.24917305013757765,0.3396478068250315,0.1445496335297566,0.4753635680226031,0.1889757139472345,0.2652636832096588,0.1987819894480485,0.42730531239451414,0.3668934403562896,0.39652377865373717,0.505912608,0.38418084489691184,0.11242502400000001,0.36450014922559665,0.3885225539595383,0.11499447221757475,0.1654171998938691,0.505912608
2026-01-13 15:00:00,0.3820612607198422,0.16905321556842703,0.32079923482178635,0.41520442300185995,0.18958639193837964,0.12414037080067011,0.2177672413108274,0.11242502400000001,0.36357029298218124,0.21528730273528537,0.24153475918475065,0.4210713154793724,0.25496339254926415,0.2570972218899207,0.27105747739101643,0.20998141985782204,0.46962361889618165,0.4459093240615017,0.505912608,0.46203458102693246,0.11242502400000001,0.505912608,0.505912608,0.1568375906123666,0.3120456406518269,0.11242502400000001,0.38353717450402736,0.27380165489529934,0.2314159040204519,0.4681531428802868
2026-01-13 16:00:00,0.377572675233088,0.16908033538026948,0.27747623791174086,0.1849899912696458,0.11242502400000001,0.2762571876011772,0.11242502400000001,0.505912608,0.11242502400000001,0.31151497836335307,0.505912608,0.3883183303962836,0.289381190459123,0.11242502400000001,0.43974894339177284,0.16079195248044412,0.38899383774310564,0.39343898736150396,0.32069159329845454,0.359246471268019,0.3568974034423128,0.505912608,0.11242502400000001,0.11242502400000001,0.11242502400000001,0.3068533031053103,0.2962818760393051,0.11242502400000001,0.28425484041071547,0.505912608
2026-01-13 17:00:00,0.11242502400000001,0.4658662267198152,0.505912608,0.1736976731571825,0.26159444771430507,0.37510832603218125,0.23833960900312307,0.15248314827214401,0.39969965315506967,0.42374909947192635,0.3111355904467936,0.2846907706045744,0.19446086673632715,0.505912608,0.505912608,0.22948463935305677,0.24888471506164958,0.4682503734533147,0.16108855210816272,0.13925881900984044,0.4188981820208985,0.11242502400000001,0.37406147766955766,0.40009428869927216,0.4093914308149738,0.11242502400000001,0.4431513890671356,0.20434230720813246,0.2840716208030847,0.4984525178422535
2026-01-13 18:00:00,0.11242502400000001,0.3393476952077281,0.505912608,0.23028989608035688,0.1994247591520258,0.3494476420207964,0.11242502400000001,0.4819465780498273,0.16411009106775584,0.2765101025089961,0.3629337114424581,0.505912608,0.44958731102883565,0.3347531998641388,0.4388715426003273,0.334838721703255,0.15789648303104264,0.11955963527384401,0.3101600669877667,0.20450620547799922,0.15559358730457734,0.1953911048305138,0.11242502400000001,0.2010967054881342,0.11242502400000001,0.11242502400000001,0.505912608,0.49929570153592806,0.20819935402857168,0.3070161905841919
2026-01-13 19:00:00,0.2948934394378047,0.20672047217770645,0.26054873967135905,0.27718512706598525,0.4941333146974613,0.16720092549612303,0.11242502400000001,0.3149041797282438,0.4569566096042582,0.2689798821602673,0.15764011605121048,0.29935393618923556,0.42702102598250796,0.12553722781435092,0.20406987976644014,0.48442207307229496,0.2771284681400729,0.34776595884534656,0.11242502400000001,0.11242502400000001,0.22659804321173269,0.17602794245179956,0.4630399316425296,0.4503073713058809,0.24694295889118775,0.1517768892414028,0.48182066703638626,0.12502985445128514,0.23880958753088247,0.11242502400000001
2026-01-13 20:00:00,0.0,0.11242502400000001,0.26633394562386015,0.35862639586079686,0.0,0.17250901007187006,0.20654389925889244,0.0,0.15394935095624374,0.0,0.1944028551925321,0.505912608,0.11242502400000001,0.0,0.0,0.0,0.0,0.20445830017499977,0.0,0.23815668375164162,0.0,0.3674356218297855,0.3819860328408856,0.0,0.11242502400000001,0.1810066699200619,0.0,0.2385564036800632,0.3264357099246425,0.0
2026-01-13 21:00:00,0.0,0.0,0.0,0.0,0.0,0.0,0.37178900334409054,0.0,0.0,0.0,0.27090791434064965,0.4927087481705085,0.0,0.0,0.0,0.0,0.0,0.0,0.0,0.0,0.0,0.0,0.4018155985465454,0.0,0.0,0.0,0.0,0.0,0.40781746495053545,0.0
2026-01-13 22:00:00,0.0,0.0,0.0,0.0,0.0,0.0,0.0,0.0,0.0,0.0,0.0,0.0,0.0,0.0,0.0,0.0,0.0,0.0,0.0,0.0,0.0,0.0,0.0,0.0,0.0,0.0,0.0,0.0,0.18860201119195127,0.0
2026-01-13 23:00:00,0.0,0.0,0.0,0.0,0.0,0.0,0.0,0.0,0.0,0.0,0.0,0.0,0.0,0.0,0.0,0.0,0.0,0.0,0.0,0.0,0.0,0.0,0.0,0.0,0.0,0.0,0.0,0.0,0.0,0.0
2026-01-14 00:00:00,0.0,0.0,0.0,0.0,0.0,0.0,0.0,0.0,0.0,0.0,0.0,0.0,0.0,0.0,0.0,0.0,0.0,0.0,0.0,0.0,0.0,0.0,0.0,0.0,0.0,0.0,0.0,0.0,0.0,0.0
2026-01-14 01:00:00,0.0,0.0,0.0,0.0,0.0,0.0,0.0,0.0,0.0,0.0,0.0,0.0,0.0,0.0,0.0,0.0,0.0,0.0,0.0,0.0,0.0,0.0,0.0,0.0,0.0,0.0,0.0,0.0,0.0,0.0
2026-01-14 02:00:00,0.0,0.0,0.0,0.0,0.0,0.0,0.0,0.0,0.0,0.0,0.0,0.0,0.0,0.0,0.0,0.0,0.0,0.0,0.0,0.0,0.0,0.0,0.0,0.0,0.0,0.0,0.0,0.0,0.0,0.0
2026-01-14 03:00:00,0.0,0.0,0.0,0.0,0.0,0.0,0.0,0.0,0.0,0.0,0.0,0.0,0.0,0.0,0.0,0.0,0.0,0.0,0.0,0.0,0.0,0.0,0.0,0.0,0.0,0.0,0.0,0.0,0.0,0.0
2026-01-14 04:00:00,0.0,0.0,0.0,0.0,0.0,0.0,0.0,0.0,0.0,0.0,0.0,0.0,0.0,0.0,0.0,0.0,0.0,0.0,0.0,0.0,0.0,0.0,0.0,0.0,0.0,0.0,0.0,0.0,0.0,0.0
2026-01-14 05:00:00,0.0,0.0,0.0,0.0,0.0,0.0,0.0,0.0,0.0,0.0,0.0,0.0,0.0,0.0,0.0,0.0,0.0,0.0,0.0,0.0,0.0,0.0,0.0,0.0,0.0,0.0,0.0,0.0,0.0,0.0
2026-01-14 06:00:00,0.0,0.0,0.24002794347908527,0.0,0.0,0.0,0.0,0.0,0.0,0.0,0.0,0.0,0.0,0.0,0.0,0.0,0.0,0.0,0.0,0.0,0.0,0.0,0.3085782713885703,0.0,0.0,0.0,0.0,0.0,0.0,0.0
2026-01-14 07:00:00,0.0,0.0,0.38078591126344324,0.0,0.11024750000000001,0.0,0.0,0.0,0.0,0.0,0.0,0.0,0.0,0.0,0.0,0.0,0.0,0.16675608421438898,0.0,0.0,0.0,0.0,0.11024750000000001,0.0,0.0,0.0,0.0,0.0,0.0,0.0
2026-01-14 08:00:00,0.0,0.0,0.4053639314803515,0.23903555686028896,0.3257877010597731,0.0,0.23001971025636384,0.4452490581185962,0.0,0.2546021908285024,0.0,0.44032873916587906,0.0,0.0,0.26066906954829083,0.24504105731272752,0.0,0.4514082943256279,0.0,0.11024750000000001,0.0,0.0,0.17020757090291386,0.0,0.23971757258427684,0.0,0.0,0.0,0.0,0.3112747474618229
2026-01-14 09:00:00,0.3825640175300815,0.0,0.14173275228271512,0.11024750000000001,0.11177286143832706,0.11024750000000001,0.2850530588464624,0.35380375172442136,0.0,0.4961137500000001,0.0,0.17278698166337245,0.0,0.0,0.11024750000000001,0.31614115171889423,0.1524469221745993,0.41508162900994783,0.3023935534737406,0.42025549409457363,0.3488408019667275,0.17072507095899242,0.4840865689660894,0.13578485683689076,0.3017568381523028,0.0,0.0,0.0,0.1902428490197543,0.22384551202770428
2026-01-14 10:00:00,0.3552408623592785,0.0,0.23310394054972983,0.4961137500000001,0.31688696668956773,0.40255512990857056,0.42290351238533413,0.3127029350915778,0.24286343585066042,0.3158340212782694,0.4160446034140753,0.21619640612168786,0.23884085272543729,0.2812043799092042,0.4961137500000001,0.47567647233085675,0.11024750000000001,0.3092060159121031,0.3960217909383726,0.11024750000000001,0.35968246812590127,0.16912205217087947,0.23811546603747918,0.11024750000000001,0.3592869844327742,0.11024750000000001,0.4961137500000001,0.28417809633993646,0.24985236798347282,0.3222778560809827
2026-01-14 11:00:00,0.3097016607754286,0.11024750000000001,0.4961137500000001,0.3695220065174791,0.32646854126438574,0.3858448971585144,0.2283404360604478,0.11024750000000001,0.201616278385565,0.4605851233803001,0.3387498562514372,0.4961137500000001,0.14578240620602212,0.15529918958246106,0.11024750000000001,0.4030777980969232,0.34975659302641,0.19712112157482778,0.20709086227317813,0.11024750000000001,0.3637481900405593,0.2234417613400886,0.4961137500000001,0.11024750000000001,0.22396554098292973,0.16761408107382153,0.4961137500000001,0.2227395487226371,0.35132921631515557,0.11024750000000001
2026-01-14 12:00:00,0.16423101314381594,0.11024750000000001,0.19632128706774643,0.14402745330178834,0.12451570175375419,0.11024750000000001,0.24576616367555126,0.46851752114937584,0.33387986482793314,0.48985094230814696,0.22545654250082012,0.23695759335280225,0.4961137500000001,0.37386365089335905,0.24399875066246518,0.30260440718795656,0.35781380368857296,0.23866128147470753,0.25379312101814294,0.24981110298513154,0.23532562408397983,0.17116867106814432,0.241705139451018,0.11024750000000001,0.11024750000000001,0.1784042540954715,0.22987410133591446,0.41022098559092673,0.4961137500000001,0.16982934546651396
2026-01-14 13:00:00,0.32589083672109254,0.4961137500000001,0.3750096326817205,0.36583115398044963,0.43020167897273814,0.34855195037684855,0.4813503213397922,0.21969048389700024,0.310196258579533,0.4317711931485663,0.36848210081893257,0.3836884326950585,0.15819638059667532,0.3257982388934074,0.11024750000000001,0.11024750000000001,0.37666737249388,0.3639884358770553,0.11024750000000001,0.29846403953335654,0.1944051156694926,0.38158727878949916,0.2716606731672876,0.11024750000000001,0.18433805237676756,0.32390413798471956,0.2965770355455977,0.34471491017705136,0.3856888761984922,0.4680111300522449
2026-01-14 14:00:00,0.11024750000000001,0.4235349200800212,0.11024750000000001,0.17670264768729332,0.3507508955539559,0.45814235487479565,0.1292324665411318,0.23206809086845928,0.34145349047664014,0.33404349390671867,0.2915590215724186,0.1567657433586508,0.3890780539820925,0.2146785320895508,0.36537595196076295,0.2772871741507718,0.4961137500000001,0.30822939249385556,0.12989193452532252,0.3517449225069348,0.34406028474374106,0.11024750000000001,0.11024750000000001,0.33266361162931,0.2733489676713829,0.2336532226329783,0.33092459492383147,0.36442425698180647,0.4762608500330267,0.24440971849834855
2026-01-14 15:00:00,0.17603687999193315,0.2040129598928989,0.47215534843908624,0.3375461130992449,0.11024750000000001,0.2770372220704802,0.3277977356825546,0.37967713661988206,0.11024750000000001,0.21098534064076102,0.26321349376442094,0.46927744807652516,0.41486299876422356,0.2206222139832566,0.38380721725066924,0.3887576606457685,0.17896174617715943,0.11024750000000001,0.3846328037031829,0.4587621645476659,0.11024750000000001,0.35375434872446093,0.32533097474655637,0.11024750000000001,0.2985904944017631,0.3913600209723033,0.2714362307854468,0.20512393542347493,0.31874070129270393,0.2605572218713876
2026-01-14 16:00:00,0.13863388928587042,0.1453286131853921,0.3585759022380508,0.2168403118175546,0.3524594695573832,0.4961137500000001,0.4961137500000001,0.18530414287038088,0.2616481799249596,0.47363416728052443,0.3303437293236487,0.11024750000000001,0.11024750000000001,0.17987863787663808,0.22990463319707627,0.37457691119242525,0.2604024136359693,0.3655807253726458,0.4961137500000001,0.37717829306748385,0.24364197232581458,0.40914247889519073,0.4961137500000001,0.3334998826980168,0.2628497347585441,0.14873723998373123,0.2778106199159118,0.468605856564287,0.23388605567074264,0.3399938958011409
2026-01-14 17:00:00,0.22399626218342128,0.2551998777789908,0.3503192981361209,0.2175824559894293,0.3988710425622048,0.31954624062970577,0.11024750000000001,0.48483685875442045,0.16192856883750478,0.2679825687931176,0.22740792097628565,0.37751128479935375,0.16614260995343574,0.38984747128158354,0.24842880337530987,0.21533503568452037,0.4961137500000001,0.3744360347501113,0.347513732373789,0.1160278979594402,0.4915049445793812,0.37655135910869636,0.32674630606459737,0.1778943113140904,0.27779934335730766,0.4961137500000001,0.3429068557090726,0.16296141855479299,0.11024750000000001,0.18693661327830127
2026-01-14 18:00:00,0.4961137500000001,0.18256637984237792,0.46347701205261405,0.32609274262874915,0.4961137500000001,0.11024750000000001,0.4961137500000001,0.2592871836900631,0.24576816591860448,0.3801437965383431,0.11024750000000001,0.4552295897548297,0.24346616899210918,0.17755377214247262,0.18585041412964873,0.11024750000000001,0.0,0.21730447871190195,0.4034996071133786,0.0,0.43673620943028274,0.2988222175498377,0.4961137500000001,0.33344967436206907,0.11024750000000001,0.3134388418611695,0.18991928099477737,0.2988234460634997,0.1613659751282541,0.37843871199778395
2026-01-14 19:00:00,0.11024750000000001,0.4257490596022258,0.40160989846248535,0.0,0.4403472994026825,0.11024750000000001,0.11024750000000001,0.0,0.4459987014089485,0.20303180786789343,0.11024750000000001,0.12693146699824623,0.11024750000000001,0.0,0.11024750000000001,0.2437576297538257,0.0,0.18808706984775553,0.0,0.0,0.41825951490295904,0.3773340286900153,0.4961137500000001,0.15573087545287037,0.3426835296945407,0.27766291433992457,0.32476866449096775,0.4961137500000001,0.0,0.2312439234653759
2026-01-14 20:00:00,0.31494901201179887,0.0,0.1136047540871095,0.0,0.4961137500000001,0.3756692127883271,0.2946802845964712,0.0,0.34943005035640834,0.0,0.19537584829051022,0.4961137500000001,0.2986634548116354,0.0,0.1863693543280972,0.1752421858528311,0.0,0.0,0.0,0.0,0.4961137500000001,0.4961137500000001,0.2926314049094927,0.3684466021162769,0.3251144404135189,0.4349160760079394,0.0,0.21779826744177366,0.0,0.29507494348761454
2026-01-14 21:00:00,0.11024750000000001,0.0,0.0,0.0,0.4076509910440699,0.3093018472979349,0.239673868388233,0.0,0.0,0.0,0.2947870157505786,0.0,0.18144757214783527,0.0,0.0,0.0,0.0,0.0,0.0,0.0,0.0,0.30532362152933507,0.309480930180232,0.3978642001802526,0.1956637067106,0.0,0.0,0.46857881943036894,0.0,0.0
2026-01-14 22:00:00,0.14065519407000793,0.0,0.0,0.0,0.0,0.47191082558797826,0.0,0.0,0.0,0.0,0.0,0.0,0.0,0.0,0.0,0.0,0.0,0.0,0.0,0.0,0.0,0.0,0.0,0.0,0.0,0.0,0.0,0.0,0.0,0.0
2026-01-14 23:00:00,0.0,0.0,0.0,0.0,0.0,0.0,0.0,0.0,0.0,0.0,0.0,0.0,0.0,0.0,0.0,0.0,0.0,0.0,0.0,0.0,0.0,0.0,0.0,0.0,0.0,0.0,0.0,0.0,0.0,0.0
