date,Consumption_kWh_Vehicle_0,Consumption_kWh_Vehicle_1,Consumption_kWh_Vehicle_10,Consumption_kWh_Vehicle_11,Consumption_kWh_Vehicle_12,Consumption_kWh_Vehicle_13,Consumption_kWh_Vehicle_14,Consumption_kWh_Vehicle_15,Consumption_kWh_Vehicle_16,Consumption_kWh_Vehicle_17,Consumption_kWh_Vehicle_18,Consumption_kWh_Vehicle_19,Consumption_kWh_Vehicle_2,Consumption_kWh_Vehicle_20,Consumption_kWh_Vehicle_21,Consumption_kWh_Vehicle_22,Consumption_kWh_Vehicle_23,Consumption_kWh_Vehicle_24,Consumption_kWh_Vehicle_25,Consumption_kWh_Vehicle_26,Consumption_kWh_Vehicle_27,Consumption_kWh_Vehicle_28,Consumption_kWh_Vehicle_29,Consumption_kWh_Vehicle_3,Consumption_kWh_Vehicle_4,Consumption_kWh_Vehicle_5,Consumption_kWh_Vehicle_6,Consumption_kWh_Vehicle_7,Consumption_kWh_Vehicle_8,Consumption_kWh_Vehicle_9
2026-01-01 00:00:00,0.0,0.0,0.0,0.0,0.0,0.0,0.0,0.0,0.0,0.0,0.0,0.0,0.0,0.0,0.0,0.0,0.0,0.0,0.0,0.0,0.0,0.0,0.0,0.0,0.0,0.0,0.0,0.0,0.0,0.0
2026-01-01 01:00:00,0.0,0.0,0.0,0.0,0.0,0.0,0.0,0.0,0.0,0.0,0.0,0.0,0.0,0.0,0.0,0.0,0.0,0.0,0.0,0.0,0.0,0.0,0.0,0.0,0.0,0.0,0.0,0.0,0.0,0.0
2026-01-01 02:00:00,0.0,0.0,0.0,0.0,0.0,0.0,0.0,0.0,0.0,0.0,0.0,0.0,0.0,0.0,0.0,0.0,0.0,0.0,0.0,0.0,0.0,0.0,0.0,0.0,0.0,0.0,0.0,0.0,0.0,0.0
2026-01-01 03:00:00,0.0,0.0,0.0,0.0,0.0,0.0,0.0,0.0,0.0,0.0,0.0,0.0,0.0,0.0,0.0,0.0,0.0,0.0,0.0,0.0,0.0,0.0,0.0,0.0,0.0,0.0,0.0,0.0,0.0,0.0
2026-01-01 04:00:00,0.0,0.0,0.0,0.0,0.0,0.0,0.0,0.0,0.0,0.0,0.0,0.0,0.0,0.0,0.0,0.0,0.0,0.0,0.0,0.0,0.0,0.0,0.0,0.0,0.0,0.0,0.0,0.0,0.0,0.0
2026-01-01 05:00:00,0.0,0.0,0.0,0.0,0.0,0.0,0.0,0.0,0.0,0.0,0.0,0.0,0.0,0.0,0.0,0.0,0.0,0.0,0.0,0.0,0.0,0.0,0.0,0.0,0.0,0.0,0.0,0.0,0.0,0.0
2026-01-01 06:00:00,0.0,0.0,0.0,0.0,0.0,0.0,0.0,0.0,0.0,0.0,0.0,0.0,0.0,0.0,0.0,0.0,0.0,0.0,0.0,0.0,0.0,0.0,0.0,0.0,0.0,0.0,0.0,0.0,0.0,0.0
2026-01-01 07:00:00,0.0,0.0,3.84691064461131,0.0,0.0,0.0,0.0,0.0,2.031376809708352,0.0,0.0,0.0,0.0,0.0,0.0,0.0,0.0,1.8192783159757304,0.0,0.0,0.0,0.0,0.0,2.412427247051881,0.0,0.0,0.0,0.0,0.0,0.0
2026-01-01 08:00:00,0.0,2.039957044270785,3.1305653112085627,2.243669905382406,3.6081880458777174,5.164326908179385,0.0,0.0,1.8438162037587362,4.532109866131405,5.083571620712433,3.548552564646866,0.0,0.0,0.0,0.0,0.0,1.766207379026268,6.066843685386724,4.987766955952781,1.5809727048850644,5.786062571757795,1.2993447908579823,2.2851920295309127,0.0,0.0,2.1919598394512425,0.0,6.089797045365316,0.0
2026-01-01 09:00:00,2.277803424061295,2.8983572018593904,2.3302499073317287,4.8304248914906145,2.815234632822928,1.7297202934264162,2.496946492368325,4.611571216940285,1.4015124041268812,3.485060799757796,3.8315913313124637,3.2897424567704245,1.757390471344876,1.1278460527220875,6.45482058604831,2.7484542073945097,4.275002307743166,3.2800262165224003,5.301582843598467,4.7145885099849965,2.2973486893692203,4.036224074914602,2.527951522553875,3.376567364246386,1.2165503671061286,1.2639520045986425,1.2281232833394953,0.0,4.551617105079785,3.261972991823544
2026-01-01 10:00:00,2.2778353203299058,2.9957636343739797,3.2339370642409953,3.0662458485653707,3.1929195102715737,1.2646121005133548,2.527375684732117,4.9145470363294965,2.451905429126848,1.2145484614511082,2.2488969596333837,4.316138851412155,3.093689533200993,2.8353248509547053,1.4548425230794202,5.016591120823908,1.011599615114579,1.3991306927564195,7.756120603839953,4.53030010929083,2.1893036652459674,4.412135556543812,1.3511819068631035,3.3331998808710135,4.321653611606707,3.080373611969644,4.244001919388087,2.59645484712932,1.827727422554947,3.244531940570211
2026-01-01 11:00:00,5.800791043817251,1.1816538008885138,1.6724122260011767,2.8427055259863536,4.077505932242023,2.6296022371453067,3.7104996493397375,3.525775909702828,2.568362753287938,3.8841488128937165,3.7139689344244142,2.9880091226628878,1.854448595728486,4.00909617782108,3.8288626216213943,5.016591120823908,3.966678835409545,1.9917042783766097,5.089560000555416,1.7739631334914847,1.0254187639496588,1.7968590572908314,2.782811726457766,2.342235414350131,2.5639086249709497,1.2639520045986425,5.274340513925461,3.4157376784027145,2.3297371328414966,1.1714678417231967
2026-01-01 12:00:00,4.223677626999802,2.083634107587098,3.365525898082693,4.8304248914906145,2.5345845226853743,1.505060892425785,2.9863568114065426,6.066557027684312,2.2033083821801513,5.465468076529987,4.093552439298616,1.516814253112411,3.220354370870055,2.4095106297672646,6.54679135385739,3.581413139671968,1.9600240751270208,2.5466031471045723,7.707885347163298,3.834733572168261,1.3399398539474,2.34927103621665,1.9835206433687285,0.9371981370589988,3.015304308574442,1.3597508730401144,2.728576301305675,1.1503425668412872,1.7359854100500474,4.954236107521183
2026-01-01 13:00:00,1.8206243867365215,2.7458372440842895,3.320864866610154,1.0734277536645809,4.077505932242023,1.1476282018176411,1.7469538160275657,2.069025826279478,2.840364079499161,2.299574107681273,3.8144331368312643,2.958245659315857,3.7262752353686386,3.3840708563234867,5.014834560971759,4.468740406313609,2.8441376029214833,1.9046117813133603,6.735211476849362,4.949877909031853,1.512556416614408,2.3196882587727328,2.4588703158277636,0.9371981370589988,1.2165503671061286,3.126161309942794,1.2281232833394953,4.626870734592753,3.0007594172891676,2.437576264645092
2026-01-01 14:00:00,3.786793594686363,1.1816538008885138,2.588832494409013,2.539292842181685,3.399758833713086,1.8496616616659056,2.6479700386353002,6.066557027684312,1.5009932501503855,4.369614609275862,2.541356240935027,0.9591419669804787,5.01482407076846,1.0601600136364087,1.4548425230794202,1.9973125407196417,3.919105738821772,0.7288947147827557,2.170884608902993,1.6629331286296964,3.084294109417204,5.571632398646927,2.883296670576348,2.7976339568353192,3.3037609925728053,4.082422126846404,4.2805082503581815,3.666755413825917,4.783876058731468,3.8056665802741025
2026-01-01 15:00:00,1.8323912626174916,1.2894375534022429,2.5367281464934526,2.3509670322511353,3.565353187970626,3.742570165073385,0.8245554776310529,3.5817850020472815,1.5118265402996263,1.2145484614511082,1.8573887035631904,2.526050144611116,1.8415484886093934,1.0601600136364087,2.76051862298586,1.4361657495027074,1.2961314412989986,2.935234197259628,3.0562847396291217,1.108392656878396,2.3196208459907917,5.53893371465192,4.117513217755618,3.1163614865522877,2.491377929530294,3.7174379644650344,3.545396134331871,2.199690242729762,3.899476659141841,1.9517313669544536
2026-01-01 16:00:00,1.8278994167511047,2.9410432281624677,3.7871445891709397,4.538009859068135,2.126279998005348,5.164326908179385,2.5855952605069765,2.9274336179527736,0.9446494573643679,3.5565093653729227,3.1323531572455803,2.3402032329679145,1.114405349059658,4.725547619038953,3.5041788554810496,2.127115458996537,2.067208626269837,1.887038386127357,3.7902621519865107,4.423012934148734,3.084294109417204,5.985917325217861,4.205745318018222,2.690135949712756,3.232417886355743,3.6045413792937047,3.410197727670234,4.669282593916829,2.61593390959552,4.129760183520564
2026-01-01 17:00:00,3.202795594140376,1.1816538008885138,2.3451560649032763,2.953936755312798,2.5998166117584587,3.346003936435539,1.6427657325840157,4.8004987215912305,3.638144133986109,2.9881610454349805,2.6527895025658785,1.6843741435814543,1.114405349059658,3.571919595462429,5.177350822451938,3.589839711661378,2.8858499328206535,0.7288947147827557,4.3501370482426545,4.167751138454198,0.6853986909816009,4.683341445806022,2.9906734093731857,1.097989449477474,3.7151336343709604,1.2639520045986425,4.894475218963411,2.7439620180843978,4.2021417183418714,2.1979031007834746
2026-01-01 18:00:00,1.4232885365796593,1.4444221855569959,2.5284098944721225,4.8304248914906145,1.558190152444202,3.7693922405948355,1.8778006245252385,3.2735484421574927,0.8084764742191354,2.745458768812614,3.784074844374001,1.295378115132257,2.4068582599844954,2.1534956385033013,5.888776567524631,3.0002915443373555,2.2857987013845813,1.627977085779512,6.97687416490358,3.011480048276213,3.084294109417204,5.435438188346798,3.009609523282029,2.393405912341865,1.5832358531135111,2.03881340212631,5.526554775027729,3.754434518753071,2.8474009237717244,5.271605287754386
2026-01-01 19:00:00,1.4232885365796593,1.7106710963594876,2.491447972602257,4.065249995778644,2.044192630822317,0.0,3.7104996493397375,6.066557027684312,3.103384750061292,1.2145484614511082,1.2907267649557759,3.033784834005143,3.412701437540296,1.9126486693048321,4.1361155895873525,4.196331591363646,3.2320343147283532,2.1543292527174533,0.0,2.841308817941998,1.9211621979142608,1.8832770478434233,3.493006239652267,4.0509525657153445,1.2165503671061286,1.5759114238539376,0.0,3.052757322489197,3.401338736659898,3.065955414335266
2026-01-01 20:00:00,1.6403080465624822,0.0,2.5067965076040575,2.1544944333532747,2.0936844211841845,0.0,2.375223734626469,0.0,1.0619615942945118,0.0,2.586759679318939,1.9178371096224103,2.4800174428133848,1.954966293491585,4.613541578577339,3.5053962434053734,2.986000047349626,1.1326560312433824,0.0,1.108392656878396,1.0118287447706544,6.374114111530712,3.6518716487161815,0.0,4.679614995586376,3.988365851819491,0.0,1.6577861511787333,4.397651812770486,3.4115829049314508
2026-01-01 21:00:00,0.0,0.0,1.1566949708278491,0.0,0.0,0.0,0.0,0.0,1.7240817492917273,0.0,1.73138188945263,0.0,1.114405349059658,0.0,2.48798937272316,5.016591120823908,0.0,0.0,0.0,0.0,0.6853986909816009,0.0,4.205745318018222,0.0,2.516673653822073,1.2639520045986425,0.0,0.0,0.0,0.0
2026-01-01 22:00:00,0.0,0.0,0.0,0.0,0.0,0.0,0.0,0.0,0.0,0.0,2.088322061981335,0.0,4.42241381441097,0.0,0.0,0.0,0.0,0.0,0.0,0.0,0.0,0.0,4.205745318018222,0.0,0.0,3.3767607311022325,0.0,0.0,0.0,0.0
2026-01-01 23:00:00,0.0,0.0,0.0,0.0,0.0,0.0,0.0,0.0,0.0,0.0,0.0,0.0,0.0,0.0,0.0,0.0,0.0,0.0,0.0,0.0,0.0,0.0,0.0,0.0,0.0,0.0,0.0,0.0,0.0,0.0
2026-01-02 00:00:00,0.0,0.0,0.0,0.0,0.0,0.0,0.0,0.0,0.0,0.0,0.0,0.0,0.0,0.0,0.0,0.0,0.0,0.0,0.0,0.0,0.0,0.0,0.0,0.0,0.0,0.0,0.0,0.0,0.0,0.0
2026-01-02 01:00:00,0.0,0.0,0.0,0.0,0.0,0.0,0.0,0.0,0.0,0.0,0.0,0.0,0.0,0.0,0.0,0.0,0.0,0.0,0.0,0.0,0.0,0.0,0.0,0.0,0.0,0.0,0.0,0.0,0.0,0.0
2026-01-02 02:00:00,0.0,0.0,0.0,0.0,0.0,0.0,0.0,0.0,0.0,0.0,0.0,0.0,0.0,0.0,0.0,0.0,0.0,0.0,0.0,0.0,0.0,0.0,0.0,0.0,0.0,0.0,0.0,0.0,0.0,0.0
2026-01-02 03:00:00,0.0,0.0,0.0,0.0,0.0,0.0,0.0,0.0,0.0,0.0,0.0,0.0,0.0,0.0,0.0,0.0,0.0,0.0,0.0,0.0,0.0,0.0,0.0,0.0,0.0,0.0,0.0,0.0,0.0,0.0
2026-01-02 04:00:00,0.0,0.0,0.0,0.0,0.0,0.0,0.0,0.0,0.0,0.0,0.0,0.0,0.0,0.0,0.0,0.0,0.0,0.0,0.0,0.0,0.0,0.0,0.0,0.0,0.0,0.0,0.0,0.0,0.0,0.0
2026-01-02 05:00:00,0.0,0.0,0.0,0.0,0.0,0.0,0.0,0.0,0.0,0.0,0.0,0.0,0.0,0.0,0.0,0.0,0.0,0.0,0.0,0.0,0.0,0.0,0.0,0.0,0.0,0.0,0.0,0.0,0.0,0.0
2026-01-02 06:00:00,0.0,0.0,0.0,0.0,0.0,0.0,0.0,0.0,0.0,0.0,0.0,0.0,0.0,0.0,0.0,0.0,0.0,0.0,0.0,0.0,0.0,0.0,0.0,0.0,0.0,0.0,0.0,0.0,0.0,0.0
2026-01-02 07:00:00,3.327626693622536,0.0,0.0,0.0,0.0,0.0,3.4656535379079023,0.0,0.0,0.0,0.0,0.0,0.0,1.2966633084610173,0.0,0.0,0.0,2.6614980159493826,0.0,0.0,0.0,0.7521298811303777,0.0,0.0,0.0,2.152098162185396,4.786196743779576,2.2971238399735308,3.7962025019137093,0.0
2026-01-02 08:00:00,1.3680317614105277,0.0,6.266768805339347,0.0,0.0,0.0,1.7386918623105971,4.26411496127993,3.7604522029981564,2.241869732479736,1.0551370085027232,0.0,4.3759148612833565,4.034381732235946,0.0,0.0,2.4460228547894722,2.3247455365780274,3.8152931769699046,0.0,0.0,2.0096708182966063,1.008970745526064,3.6880682372179416,0.0,0.7959311910809073,1.8762660070042951,1.2354464337107238,5.95244347345457,1.5848592405876567
2026-01-02 09:00:00,1.707838727932525,0.0,5.499078086631855,1.35534444911245,0.0,3.828390816654119,2.706468086712055,5.875661412259125,4.03525584751411,3.8812140907700243,3.466677093728628,6.785917848772342,1.1943593980639988,2.209077758083789,4.834297070173527,2.077588142112792,4.440931239602081,2.5819862590926945,3.6381531694660643,3.783310016104923,0.0,2.5134497077686304,3.7813096440849576,2.81908400113847,0.0,1.2233330694061961,1.2905689095617883,2.320903052324923,5.95244347345457,2.502886354063944
2026-01-02 10:00:00,0.8487521610647436,1.4871072759663884,1.3926152900754103,5.692165408497373,1.1102068855127218,1.2925322410034248,4.0279654871589585,6.157170086249399,3.3813191650494265,0.9458260272337508,1.0551370085027232,3.757028413577666,1.1943593980639988,1.5832022237348082,4.9375972793151615,2.8670492388165396,6.073758898284237,4.143734467317537,3.9036776187970283,1.942627336440391,0.0,3.384584465086699,1.008970745526064,4.000861532781343,1.5033890546879578,0.7959311910809073,1.0635992763954614,4.275811148574289,3.718203733339748,5.372381354476276
2026-01-02 11:00:00,0.9989113402884683,3.025113914017196,3.030524466115372,3.131779751957974,2.3188021366702807,1.8591322422910272,1.0013727535326293,1.368260019166533,2.4993892634311345,3.6952626017048344,2.8381062961834167,4.113227206806522,3.655217764538242,1.3722664865501777,2.473308423614859,3.17225941699026,5.149588194572425,3.4646682305062506,6.049260866306908,4.831873895890335,1.4125469569666727,1.354839015038639,3.2374391717942244,1.4101867382890383,4.433364516744146,0.7959311910809073,1.0635992763954614,5.559508951698257,3.7642479611823854,1.5372033015218494
2026-01-02 12:00:00,1.7581131494918627,0.8069947329649091,1.463673136829031,5.190526690923104,3.903483194007196,2.2628226353826237,2.895415481673727,1.8071251300406073,2.538585871493652,3.526125784814156,3.283187140959551,5.261988020385815,1.1943593980639988,3.044855556114622,1.3945939766253013,4.202676405740375,5.70159179083072,4.039814642703968,5.210714109876455,1.5010705478573667,3.982206181946869,3.0691842792901753,1.008970745526064,5.2226112757050105,1.3517490937354675,0.7959311910809073,1.713424524740192,3.615756301401525,3.7614512551931814,5.205983144061894
2026-01-02 13:00:00,0.8487521610647436,1.4313479872115222,5.906782178199664,3.0615726847315647,1.6508078733083311,3.485738778011464,0.8951034415908796,3.433583932844895,3.2004576452305002,3.9999857144450846,2.7133045846478367,3.881367058923978,5.374617291287994,3.8451606306197132,4.845510219463561,2.8862443598428165,1.3937322110490429,2.4377853681321553,5.7168651113230915,5.5397240681898126,2.2290953273457252,2.2990847326442108,1.5570379252787876,2.9904091884679267,3.2644943702575415,1.8985832285514288,2.895555296511926,3.666815890882291,1.322765216323238,3.9111428445232077
2026-01-02 14:00:00,2.0648678485401386,2.7192777678425317,6.266768805339347,5.310545520901443,4.629609920918124,5.8163950845154115,1.8234442005393896,6.157170086249399,3.157134914410173,0.9458260272337508,3.5087940564856086,6.094763788225825,1.3648564335337285,1.71243106499164,4.387462066957257,1.9029075326148137,4.3905724504322015,3.4857226153974565,4.37491764680499,1.5010705478573667,2.138749297964756,0.7865274068999075,4.5403683548672875,1.3843901205964055,4.464897499096768,0.9804132582918128,2.657625190248842,5.247128778350382,4.549075370067552,5.372381354476276
2026-01-02 15:00:00,0.9337361772346214,0.9442514711074543,6.266768805339347,1.35534444911245,3.2229176528636407,3.1052479720557993,1.7459973361253907,4.183374672214119,2.731523422916477,2.0190724287943453,1.5671806289851922,2.0204140369350285,2.2756166068944785,2.4575282199405417,2.121014448510269,3.4117765994910942,1.3497241996187195,3.883816446740409,1.3639607054582836,3.3550353559898363,3.6022390342059425,3.384584465086699,2.9973374997374225,1.3843901205964055,2.6071936769759056,2.1098977382873723,2.259503070471463,2.7612888329092145,5.95244347345457,1.1938625232169502
2026-01-02 16:00:00,1.291663318053451,1.7428088984602073,3.083568012575276,4.709031157048653,1.1102068855127218,2.7483653661712757,4.0279654871589585,6.157170086249399,4.205523826755483,1.337834808975538,1.3678139067042194,2.5484700717896476,2.6168952530869376,1.9046410115156047,4.692416452793359,4.625177871234738,1.3497241996187195,2.6014804902780853,4.222499254900168,4.008483958623839,4.2962509927612285,1.6994421930942754,2.801011388018621,3.895236357720948,2.4938108035752906,2.042635918398949,1.0635992763954614,5.184283905567766,2.450696810493814,3.409638014180733
2026-01-02 17:00:00,0.9324989393659854,2.0975649308120774,3.213868042503097,3.00005408049101,3.5465854773273118,2.7000708720743773,1.6924938542090688,4.797176555771247,4.628655167248183,2.2900505920563625,1.5734037883689838,2.149072513056797,2.0633758251977223,1.9885728432207659,1.3945939766253013,1.1493928612839608,2.697117391223042,3.4551282091426256,3.1467935239239933,3.070855434781626,4.104524258989057,3.384584465086699,3.6828288463900285,3.7045025341638693,4.262816246536863,2.3971652664460175,4.631113683209839,1.9848418781200676,3.5470101373583076,1.2169738432127926
2026-01-02 18:00:00,3.7755549271175384,3.6314762983420907,3.1665571994250206,2.0000340441605746,2.6283674622807487,5.023313718387407,4.0279654871589585,4.354094095574091,1.123596329414449,3.2780550515526197,1.1649724719051593,5.198754239265723,1.8624579586535788,2.274179493359591,2.1580075177610283,5.172267875777822,1.3497241996187195,1.300596944953785,4.984562305846068,2.325900055670594,4.010826389711734,2.187475211949399,3.0416730100170626,4.8849394102350745,1.3517490937354675,0.7959311910809073,1.0635992763954614,2.17799024668859,3.3117169907159063,3.941214764949728
2026-01-02 19:00:00,1.613966984066995,2.3481014945935934,3.399332319576792,0.0,2.560433894379356,1.9933694850496864,2.277472514101312,4.491684589107788,3.7765210505543894,1.8480529408004105,0.0,0.0,4.2177041428405655,1.024225213013932,6.213154841797186,3.8221565852896124,0.0,2.934270472626082,2.9922105902442464,5.789137879439885,1.9631261391601542,1.8480935405417365,2.307218249367361,1.3843901205964055,1.5347863523866714,1.2693733987136793,1.0635992763954614,2.0986202224422366,3.3784054014955234,1.1938625232169502
2026-01-02 20:00:00,0.0,0.0,0.0,0.0,0.0,5.8163950845154115,2.4068581870474093,0.0,2.5190475141931707,2.754265501415979,0.0,0.0,2.8146513569047906,0.0,3.70893271558191,0.0,0.0,0.0,1.717820358394978,1.501960583812455,1.1362607653070131,1.3369930509057668,0.0,1.3843901205964055,1.3517490937354675,2.24146665719269,0.0,3.864355912889477,4.877927183982981,3.474777115969356
2026-01-02 21:00:00,0.0,0.0,0.0,0.0,0.0,0.0,0.0,0.0,0.0,0.0,0.0,0.0,0.0,0.0,0.0,0.0,0.0,0.0,3.286840980382975,0.0,2.4277707051919495,0.0,0.0,3.858876141366373,0.0,1.9415623314039043,0.0,0.0,4.039350040076292,0.0
2026-01-02 22:00:00,0.0,0.0,0.0,0.0,0.0,0.0,0.0,0.0,0.0,0.0,0.0,0.0,0.0,0.0,0.0,0.0,0.0,0.0,0.0,0.0,0.0,0.0,0.0,3.1018208738809636,0.0,0.0,0.0,0.0,0.0,0.0
2026-01-02 23:00:00,0.0,0.0,0.0,0.0,0.0,0.0,0.0,0.0,0.0,0.0,0.0,0.0,0.0,0.0,0.0,0.0,0.0,0.0,0.0,0.0,0.0,0.0,0.0,0.0,0.0,0.0,0.0,0.0,0.0,0.0
2026-01-03 00:00:00,0.0,0.0,0.0,0.0,0.0,0.0,0.0,0.0,0.0,0.0,0.0,0.0,0.0,0.0,0.0,0.0,0.0,0.0,0.0,0.0,0.0,0.0,0.0,0.0,0.0,0.0,0.0,0.0,0.0,0.0
2026-01-03 01:00:00,0.0,0.0,0.0,0.0,0.0,0.0,0.0,0.0,0.0,0.0,0.0,0.0,0.0,0.0,0.0,0.0,0.0,0.0,0.0,0.0,0.0,0.0,0.0,0.0,0.0,0.0,0.0,0.0,0.0,0.0
2026-01-03 02:00:00,0.0,0.0,0.0,0.0,0.0,0.0,0.0,0.0,0.0,0.0,0.0,0.0,0.0,0.0,0.0,0.0,0.0,0.0,0.0,0.0,0.0,0.0,0.0,0.0,0.0,0.0,0.0,0.0,0.0,0.0
2026-01-03 03:00:00,0.0,0.0,0.0,0.0,0.0,0.0,0.0,0.0,0.0,0.0,0.0,0.0,0.0,0.0,0.0,0.0,0.0,0.0,0.0,0.0,0.0,0.0,0.0,0.0,0.0,0.0,0.0,0.0,0.0,0.0
2026-01-03 04:00:00,0.0,0.0,0.0,0.0,0.0,0.0,0.0,0.0,0.0,0.0,0.0,0.0,0.0,0.0,0.0,0.0,0.0,0.0,0.0,0.0,0.0,0.0,0.0,0.0,0.0,0.0,0.0,0.0,0.0,0.0
2026-01-03 05:00:00,0.0,0.0,0.0,0.0,0.0,0.0,0.0,0.0,0.0,0.0,0.0,0.0,0.0,0.0,0.0,0.0,0.0,0.0,0.0,0.0,0.0,0.0,0.0,0.0,0.0,0.0,0.0,0.0,0.0,0.0
2026-01-03 06:00:00,0.0,0.0,0.0,0.0,0.0,0.0,0.0,0.0,0.0,0.0,0.0,0.0,0.0,0.0,0.0,0.0,0.0,0.0,0.0,0.0,0.0,0.0,0.0,0.0,0.0,0.0,0.0,0.0,0.0,0.0
2026-01-03 07:00:00,0.7143048780301126,0.0,1.4860246314337062,0.0,0.0,4.677735732077964,0.0,0.0,0.0,0.0,0.0,0.0,0.0,0.0,0.0,0.0,0.0,0.0,0.0,0.0,0.0,0.0,0.0,0.0,0.0,0.0,0.0,0.0,0.0,0.0
2026-01-03 08:00:00,0.7143048780301126,1.1459141000025486,1.7097393560179996,1.2300457023488975,0.0,2.239280276919865,0.9439438018722003,0.0,0.0,0.0,0.0,0.0,0.0,0.0,0.0,1.3179767460772986,0.0,0.0,0.0,3.573314251842412,3.682218066060369,0.0,0.0,0.0,2.4123199386365792,2.5586088042359916,1.0886521965265452,0.8221137161648931,0.0,2.9393008597656562
2026-01-03 09:00:00,1.5634102203870361,4.126476851406602,1.6015424478174543,0.4334302566695745,2.2860031975989945,2.5763046857801895,1.3306040343177115,0.7720301004999578,0.0,0.8044237925538884,0.0,0.765713912307789,1.0061037619154043,0.9431868137142265,0.0,0.724423112246305,1.697632472672638,2.937892672898971,3.280412743059274,3.0175849749763257,2.557070595212981,1.5216663322943413,4.8700385915135245,1.1394832575987737,1.2771126619676518,0.8192985818493008,2.3328959523208574,2.344282686714146,0.0,3.0079566682358942
2026-01-03 10:00:00,2.091489598499574,1.1459141000025486,0.7691748778827472,0.6944448871626705,2.095917471522588,3.8080261640713227,3.9926161918118446,2.3357316488811635,0.0,1.3207098822880083,3.803835979742986,2.9035512120924887,1.7901712016134521,0.47462037782306543,1.6452763202244918,2.2265642540628847,1.587213638319811,3.506061149490045,2.9202830020098696,1.800037377062867,0.8861328708339653,1.401876753757257,1.2443325229747066,0.5684894442929841,0.6923930879028872,1.7035366542144619,3.3407275401576273,1.6756399011804695,1.1296923679397428,1.4249928849335807
2026-01-03 11:00:00,1.5385539227171239,1.8632895376815262,1.5058771935717736,0.4334302566695745,1.1078932942462585,2.11822731092639,2.6481559324238795,3.398727338042644,1.9380034569442761,1.574418941225224,1.46231708370387,2.653917463291417,3.4068389875897327,0.7524065341091338,5.6745245689427275,1.2812260644042677,1.3338392995356856,1.6047021647718551,3.265785803100893,1.7215760010744379,2.814110647007797,2.5775987984349658,3.384521432451735,1.0692249285254487,0.6923930879028872,0.8192985818493008,3.3648672868495946,3.3905253046044757,1.1277077887415665,2.5116238757491582
2026-01-03 12:00:00,1.258705265302403,2.4075297223829097,2.033263290208057,1.4876348782213675,1.9456452631844827,4.856542479243794,4.2477471084249006,3.4741354522498096,1.2221122525419426,0.9219232906177325,2.4088329772908033,2.2055739322114545,3.0577140891461365,0.47462037782306543,2.5078675489282616,0.8598689901912145,1.8889705577237603,1.79731271243006,1.0234155122950606,1.8882207066547372,1.8940352848679298,0.7032128951034755,5.101600764995808,0.5684894442929841,1.7368508627705568,1.0639991760645413,3.5722296114780323,3.699511722742019,0.8240078548682259,2.4425506098811107
2026-01-03 13:00:00,1.0778813861938952,3.9681855554388616,1.7077410687846937,1.5631068134055637,0.8463226059367742,4.584349429859383,1.0048235218530521,2.063826124615052,2.556235643755051,0.9224383444429858,3.2149451440498438,3.314450352684353,1.28996372478569,1.503050602515265,3.518078600596174,1.8655820086847663,0.9229886471785216,1.9629133345312335,1.0234155122950606,3.2832506487558546,3.5995179036556726,0.9081435226412017,5.599496353386179,0.5684894442929841,0.6923930879028872,2.5299030520783217,0.8986695904133891,2.448000385347689,1.1866562157010394,2.2472530066788288
2026-01-03 14:00:00,0.7143048780301126,2.6821535338876004,2.4728256251532676,1.4169471660314694,2.5049306835789147,1.3043271029994075,2.016726464643936,0.7720301004999578,1.0861245310532983,1.409181702448053,2.401976592777695,3.215083249666754,1.756441438233031,2.0299939560552898,4.768782596453508,0.8920548534938153,1.3295747311127686,3.3322463980183596,1.0234155122950606,1.015642318845058,2.730696872794809,3.16445802796564,3.329421118426101,1.1934315191134413,0.6923930879028872,0.8192985818493008,0.8270069768358908,2.6664864424823373,2.105355913952078,0.9942325785639784
2026-01-03 15:00:00,0.7143048780301126,2.2530880775420186,1.9267132346486546,0.5203900605901384,2.6807879962236996,3.779010150575635,4.2477471084249006,1.6404753494699502,2.2041626414564433,0.34987087582782755,0.8452968843873302,1.7495163053812668,1.453577668309815,1.054707704215881,5.251250726223804,0.7228817151575194,1.1831673664017377,3.7356385143094584,2.1911255109571046,2.830459173124169,2.5422842594896418,1.7240099157985294,1.2443325229747066,2.5582024993184285,1.0778207529826005,2.3702907785535596,1.7192429452539344,0.8221137161648931,2.696925994716671,1.7414125185901963
2026-01-03 16:00:00,0.9223305145076184,5.156613450011468,0.5896474275156925,1.8187798266649984,2.2326001199596575,2.948814651182291,2.8952984199739378,1.8959127288347901,0.5764996205374663,0.9641598881000741,1.7850932253575595,1.5101476147301434,1.0061037619154043,1.6949081540183397,1.6452763202244918,1.8220684565112693,2.0391349006416086,0.879044437019782,1.9288523670944677,3.573314251842412,2.2193005666238443,0.7032128951034755,3.992444394849008,0.5684894442929841,1.3884261503331705,1.6988835140451843,2.8848864877961877,2.591938194323144,1.5480703438632475,1.9204113255110449
2026-01-03 17:00:00,2.4021871891247515,2.9090501309620804,0.9735392896686178,1.5884895187028016,2.3264032035956874,2.280279323619419,0.9439438018722003,0.7720301004999578,0.5764996205374663,1.1204307680379486,0.8452968843873302,2.9923659591046876,2.2411111885192403,1.4133698767650478,3.1427804665130394,0.9914896776354852,1.6079361280628113,1.9347927784107017,2.8145410827411435,2.7701504444323723,3.394770493077002,2.739291831787548,5.599496353386179,1.3588762438472832,0.6923930879028872,1.0529584302002613,2.1887524004424543,3.0917962606529343,0.6237598310834735,2.6280133803181345
2026-01-03 18:00:00,1.7065021866899093,4.033074615387473,1.3073035268553497,1.518555652698197,1.931271532629328,3.6410497777878965,2.123580508828319,2.1170940127447735,2.453377640294036,0.6010925933864412,2.7793583806245077,2.100467204131044,2.6493797956241494,1.4214837439435442,3.269776933233025,2.084300136079823,1.8032783066185198,1.9201814696594761,4.2644672062852305,3.2599233120867233,2.658177109620992,2.7590937327123957,3.4402758694149957,0.6831345210723287,2.1787341093285795,0.8192985818493008,3.1421406925477235,1.857995426389596,0.6237598310834735,2.3094936498275223
2026-01-03 19:00:00,0.7143048780301126,2.9223099879949928,0.7939842278815343,0.0,0.9020419957382372,3.202561194875777,2.4185989527203153,2.0261702741596626,1.0574263770755405,1.4169935310868371,1.7080298354393206,2.715464449698537,2.464900008552622,1.3322312158018828,3.811820450271122,1.5247255913214464,1.8090148320516177,3.9556999665890182,2.014781599527093,2.597620287950523,1.7706519644825938,1.865596863537567,0.0,0.5684894442929841,0.7416013677913966,1.0445803061509535,3.7215313957615086,2.744099513341461,1.842998707968268,1.0453046755163167
2026-01-03 20:00:00,0.0,3.125756304412141,1.2343080019177723,0.0,0.0,2.749995440012522,4.2477471084249006,2.914155869268024,1.1539851077209184,0.0,3.803835979742986,2.3083997199975994,0.0,1.7352176942403432,0.0,2.8445689031758796,0.9451797579196515,3.9556999665890182,2.163714974158457,3.573314251842412,0.0,0.7071349512849291,0.0,0.9694798279143565,0.6923930879028872,0.8192985818493008,2.1922891376546976,0.0,2.8069192398756306,0.0
2026-01-03 21:00:00,0.0,5.156613450011468,0.0,0.0,0.0,1.3075707840281823,0.0,0.0,0.0,0.0,0.0,3.0204509767260173,0.0,1.1375298392008206,0.0,0.0,1.5554877208951545,0.0,2.0652853888586864,0.0,0.0,0.0,0.0,0.0,2.9864446492527836,0.0,0.0,0.0,0.6237598310834735,0.0
2026-01-03 22:00:00,0.0,0.0,0.0,0.0,0.0,0.0,0.0,0.0,0.0,0.0,0.0,0.0,0.0,0.0,0.0,0.0,0.0,0.0,0.0,0.0,0.0,0.0,0.0,0.0,0.0,0.0,0.0,0.0,1.4820604995679239,0.0
2026-01-03 23:00:00,0.0,0.0,0.0,0.0,0.0,0.0,0.0,0.0,0.0,0.0,0.0,0.0,0.0,0.0,0.0,0.0,0.0,0.0,0.0,0.0,0.0,0.0,0.0,0.0,0.0,0.0,0.0,0.0,0.0,0.0
2026-01-04 00:00:00,0.0,0.0,0.0,0.0,0.0,0.0,0.0,0.0,0.0,0.0,0.0,0.0,0.0,0.0,0.0,0.0,0.0,0.0,0.0,0.0,0.0,0.0,0.0,0.0,0.0,0.0,0.0,0.0,0.0,0.0
2026-01-04 01:00:00,0.0,0.0,0.0,0.0,0.0,0.0,0.0,0.0,0.0,0.0,0.0,0.0,0.0,0.0,0.0,0.0,0.0,0.0,0.0,0.0,0.0,0.0,0.0,0.0,0.0,0.0,0.0,0.0,0.0,0.0
2026-01-04 02:00:00,0.0,0.0,0.0,0.0,0.0,0.0,0.0,0.0,0.0,0.0,0.0,0.0,0.0,0.0,0.0,0.0,0.0,0.0,0.0,0.0,0.0,0.0,0.0,0.0,0.0,0.0,0.0,0.0,0.0,0.0
2026-01-04 03:00:00,0.0,0.0,0.0,0.0,0.0,0.0,0.0,0.0,0.0,0.0,0.0,0.0,0.0,0.0,0.0,0.0,0.0,0.0,0.0,0.0,0.0,0.0,0.0,0.0,0.0,0.0,0.0,0.0,0.0,0.0
2026-01-04 04:00:00,0.0,0.0,0.0,0.0,0.0,0.0,0.0,0.0,0.0,0.0,0.0,0.0,0.0,0.0,0.0,0.0,0.0,0.0,0.0,0.0,0.0,0.0,0.0,0.0,0.0,0.0,0.0,0.0,0.0,0.0
2026-01-04 05:00:00,0.0,0.0,0.0,0.0,0.0,0.0,0.0,0.0,0.0,0.0,0.0,0.0,0.0,0.0,0.0,0.0,0.0,0.0,0.0,0.0,0.0,0.0,0.0,0.0,0.0,0.0,0.0,0.0,0.0,0.0
2026-01-04 06:00:00,0.0,0.0,0.0,0.0,0.0,0.0,0.0,0.0,0.0,0.8889263149066559,0.0,0.0,0.0,0.0,0.0,0.0,0.0,0.0,0.0,0.0,0.0,0.0,0.0,0.0,0.0,0.0,0.0,0.0,0.0,0.0
2026-01-04 07:00:00,0.0,0.0,0.0,0.0,0.0,1.935058407706937,1.5501460195648273,1.7267101113917112,0.9885583017587519,1.607626306359494,0.0,0.0,0.0,0.0,0.0,1.2351436620117429,0.0,0.0,0.0,0.0,0.0,0.0,1.4150141941400602,0.8720895822994071,0.0,0.0,0.0,4.624738013068851,0.0,0.0
2026-01-04 08:00:00,0.0,0.0,1.456755269287619,1.9331282567069927,0.9321404630520145,0.8827565409146226,1.3068075472434235,1.9514898631864046,2.0484720835612182,0.8271849005398761,0.0,0.0,0.0,0.5037649332304015,1.452773022235678,0.683848041625417,0.0,0.8353841723156186,0.0,2.0501262800171354,0.0,4.016715368480071,2.8465654616723968,2.289102320435067,1.5933972248748254,1.2115440025868869,1.5572505567958153,3.672797085919977,0.0,4.273327136192173
2026-01-04 09:00:00,3.3220515422495605,0.7740676428802672,0.38315965487843273,1.9331282567069927,1.0680181338582435,0.7834874236685919,1.8592146873754298,0.8870197074630478,4.134203999244997,0.4046157639686047,0.0,3.1720641621823162,0.3720254130691805,0.60826473507787,1.5758802297739676,1.0906556989570304,1.6262244804258799,2.4757901605189665,0.0,2.2750271018685337,0.0,0.9882599519388696,2.63921826191877,2.300863219230239,1.1748163202319535,1.0196585419451598,3.131774828274588,3.3178752726712317,1.5919407911812082,7.2631205145687705
2026-01-04 10:00:00,3.1861498525799608,1.474010651576829,1.7242184469529471,0.5054886029408137,1.692886051079621,2.3560970609293235,1.717572332920694,2.451782701913847,1.1777355873128355,1.536897616333726,2.607686280795062,1.5250029375903422,0.3720254130691805,0.9857523396482767,1.0578143440065224,0.7062195665994361,2.1243588970022507,1.1999077770652247,4.828156474241958,0.6307007452130351,1.5857561575668406,3.583672457984635,2.9606420509312015,0.8720895822994071,0.6825504735280307,1.0196585419451598,1.7972213948989422,4.295514450661429,1.2775483913165446,6.761601340489954
2026-01-04 11:00:00,0.9984183021480226,0.7740676428802672,1.684628660347361,0.8934333966813787,1.8703637867952518,1.0328382455912266,1.4404639030257407,2.3802877396831197,1.5139815363789262,0.6189734369621023,1.8879654529488539,2.5957201385463287,0.5546978602068496,0.30706591823529417,1.8986461611619843,1.223188984243596,2.6857444716203487,2.8772065624961627,1.0729236609426573,2.7551095203167684,1.8027709801415257,1.014904836990366,3.300269853984418,0.8720895822994071,1.4965357271319346,2.477097086832053,0.7908706349344938,3.6483515613660975,1.4442643169872098,7.2631205145687705
2026-01-04 12:00:00,1.4955558420389858,0.8844583024293752,0.826224278726362,0.7451485205775578,0.45576287908087165,1.4452711491349062,0.6623118802162975,3.1208964694674894,4.134203999244997,0.4046157639686047,2.6984405907757747,2.939522546774074,0.9221332100029577,1.1692051910148382,0.6300329036573046,0.2744763693359429,3.409566416677682,3.7592287754202833,3.486424612578064,0.9524973020513655,2.226681107337409,3.023975860696372,4.361468270871588,0.8720895822994071,2.7402995968522044,2.8672559349206463,1.1670967808645178,1.6106224904929198,3.867904268700872,7.146661062410034
2026-01-04 13:00:00,2.368422520422049,0.7740676428802672,1.060825181842034,0.7875769559057023,0.464525011622108,2.348928617918361,0.5349545097201486,3.398582381119618,2.1689465631694924,0.5422633902232863,3.98878874880011,0.8845622651370191,0.3720254130691805,1.0645078256283234,0.4421468100263249,1.2351436620117429,0.7576814259283737,3.232725763094495,2.995553481077637,0.6307007452130351,2.624108126191619,4.016715368480071,2.0800513672333207,0.9331230745595871,0.6825504735280307,1.0196585419451598,3.558917857205222,1.7894709412214038,5.748967760924451,2.065335960583835
2026-01-04 14:00:00,3.2464760195784397,0.7740676428802672,1.532862804088775,1.0346846065674464,1.7084121654702236,1.3950369423347753,1.4383898245227762,3.334752008396589,1.2542222025882286,1.38178440293096,3.98878874880011,1.9957539962030266,1.6741143588113125,0.8180743043642831,1.6110450234615619,0.5649427618724429,1.9922027156181714,2.334426172957345,1.0729236609426573,2.4012078441547313,2.8684617097858016,1.3062558622794584,3.7705269317015015,2.909282514823462,2.5813702253252897,2.852442646237951,3.558917857205222,1.7546189822303193,3.2948652155462965,3.1181106136232435
2026-01-04 15:00:00,1.2639248510629992,0.7740676428802672,1.1045190138710272,0.42958405704599834,1.5120938228126426,2.902026011272729,2.0256976755572316,3.9300153303049647,3.35672048931783,0.4046157639686047,3.98878874880011,3.4757811744944687,0.9895844242497789,1.2352712554389542,0.4421468100263249,0.7256680978108859,0.7595533771345004,2.4396611103465355,1.111518898330653,2.201723750311823,1.5223087143598284,4.016715368480071,1.9787328955728047,2.0868199035376485,0.9564915558189473,1.7001974670035231,3.442028749369784,4.624738013068851,3.629013095874992,2.2765857553086715
2026-01-04 16:00:00,1.6639394779703578,1.5341089630044282,0.5006408174893088,1.8566676648881972,0.8976131542525042,1.8502086593419553,0.5349545097201486,0.8870197074630478,1.3498144644050727,1.1350126894152823,0.8863974997333578,1.5844447166596456,0.3720254130691805,0.6614935347262901,1.2988444771927854,0.9496270013367163,3.1547051190299094,3.7592287754202833,4.529034258679252,2.770055629317997,0.8220469001016177,3.3504032203722396,2.6729675005214673,1.4266689845063778,0.6864752472721574,1.0196585419451598,2.2762538438563453,3.5117495749439103,2.1736710731515227,7.2631205145687705
2026-01-04 17:00:00,0.9984183021480226,0.9071941151445936,0.5621179597683665,1.4917413105805728,0.6200377151380315,1.4079672341247553,0.5349545097201486,2.719059542654372,1.5321485873028717,1.3410630383175244,1.6580213662859358,2.293203987574021,1.029765293221293,1.3817966320588237,1.4397566895789187,0.7227065324535735,0.929250853630953,0.8353841723156186,3.262373108860893,0.7992487663601725,2.8798661514049253,1.1164757112254133,0.9692151713047974,1.0491149524038221,0.9110503340448324,4.540751496992843,1.1145122570669497,2.3822751949755894,5.748967760924451,7.2631205145687705
2026-01-04 18:00:00,0.9984183021480226,2.4952550889867195,0.7476825011962764,1.7353088372777739,1.6066030591099933,0.944307627777034,1.4914988296706853,2.910107081895113,1.0872051895410695,0.7081533237927381,3.7586164647603315,2.5896548884088086,0.7945877150092253,1.3817966320588237,1.2990619230111073,0.29897471808401843,1.834379832998192,1.2931642719259535,2.4986921996065083,0.6307007452130351,2.0630159766401706,2.905929102350635,1.6645351599404694,0.8720895822994071,1.702132323750574,3.8819429194439667,0.8942631066151722,1.6313377896879657,3.350870116923149,6.18120725936986
2026-01-04 19:00:00,3.0243066301673225,0.0,0.6789492187172478,1.1511535009889766,1.853945329461723,1.5807032051524614,2.353824723083175,1.0356747413872003,3.387485419615003,1.5087037212464136,2.6433710102248456,2.754498752060206,1.3163962121103092,1.3817966320588237,1.463011176675589,0.6701145616028129,1.3414263248951594,3.1526309180037493,0.0,2.809395203660873,0.6657943685217473,2.599452787286152,0.9692151713047974,0.8720895822994071,2.569698578828135,2.4603083730979347,2.996604398122866,0.0,0.0,6.268865054111182
2026-01-04 20:00:00,0.0,0.0,0.38315965487843273,0.42958405704599834,0.5278505732067508,1.5309878991731583,0.0,0.0,3.040535229492413,0.0,1.537994464832761,2.644330152333266,0.3921820129709647,1.3817966320588237,0.8228021077726065,0.4974987104349194,0.7576814259283737,1.8430662732045695,0.0,2.314633252419251,0.0,4.016715368480071,0.0,1.196956627707195,0.6825504735280307,0.0,1.854845657995997,0.0,0.0,0.0
2026-01-04 21:00:00,0.0,0.0,1.3528818163238416,1.1036319628048146,1.712797519514001,0.9511962571452774,0.0,0.0,2.166009781525198,0.0,0.0,0.0,0.8680729187683062,0.0,0.0,0.8781597373108071,2.7631686941471223,0.0,0.0,0.0,0.0,0.0,0.0,0.8720895822994071,0.0,0.0,0.0,0.0,0.0,0.0
2026-01-04 22:00:00,0.0,0.0,0.0,0.0,0.0,0.0,0.0,0.0,0.0,0.0,0.0,0.0,0.0,0.0,0.0,0.0,1.174745803751856,0.0,0.0,0.0,0.0,0.0,0.0,1.9816390652207583,0.0,0.0,0.0,0.0,0.0,0.0
2026-01-04 23:00:00,0.0,0.0,0.0,0.0,0.0,0.0,0.0,0.0,0.0,0.0,0.0,0.0,0.0,0.0,0.0,0.0,0.0,0.0,0.0,0.0,0.0,0.0,0.0,0.0,0.0,0.0,0.0,0.0,0.0,0.0
2026-01-05 00:00:00,0.0,0.0,0.0,0.0,0.0,0.0,0.0,0.0,0.0,0.0,0.0,0.0,0.0,0.0,0.0,0.0,0.0,0.0,0.0,0.0,0.0,0.0,0.0,0.0,0.0,0.0,0.0,0.0,0.0,0.0
2026-01-05 01:00:00,0.0,0.0,0.0,0.0,0.0,0.0,0.0,0.0,0.0,0.0,0.0,0.0,0.0,0.0,0.0,0.0,0.0,0.0,0.0,0.0,0.0,0.0,0.0,0.0,0.0,0.0,0.0,0.0,0.0,0.0
2026-01-05 02:00:00,0.0,0.0,0.0,0.0,0.0,0.0,0.0,0.0,0.0,0.0,0.0,0.0,0.0,0.0,0.0,0.0,0.0,0.0,0.0,0.0,0.0,0.0,0.0,0.0,0.0,0.0,0.0,0.0,0.0,0.0
2026-01-05 03:00:00,0.0,0.0,0.0,0.0,0.0,0.0,0.0,0.0,0.0,0.0,0.0,0.0,0.0,0.0,0.0,0.0,0.0,0.0,0.0,0.0,0.0,0.0,0.0,0.0,0.0,0.0,0.0,0.0,0.0,0.0
2026-01-05 04:00:00,0.0,0.0,0.0,0.0,0.0,0.0,0.0,0.0,0.0,0.0,0.0,0.0,0.0,0.0,0.0,0.0,0.0,0.0,0.0,0.0,0.0,0.0,0.0,0.0,0.0,0.0,0.0,0.0,0.0,0.0
2026-01-05 05:00:00,0.0,0.0,0.0,0.0,0.0,0.0,0.0,0.0,0.0,0.0,0.0,0.0,0.0,0.0,0.0,0.0,0.0,0.0,0.0,0.0,0.0,0.0,0.0,0.0,0.0,0.0,0.0,0.0,0.0,0.0
2026-01-05 06:00:00,0.0,0.0,0.0,0.0,0.0,0.0,0.0,0.0,0.0,0.0,0.0,0.0,0.0,0.0,0.0,0.0,0.0,0.0,0.0,0.0,0.0,0.0,0.0,0.0,0.0,0.0,3.369380130451404,0.0,0.0,0.0
2026-01-05 07:00:00,0.0,0.0,0.0,0.0,4.127793203387701,0.0,0.0,0.0,0.0,0.0,0.0,0.0,0.0,0.0,0.0,0.0,0.0,0.0,0.0,0.0,3.585268644792558,0.0,0.0,0.0,0.0,0.0,2.6816232899346595,0.0,0.0,0.0
2026-01-05 08:00:00,0.0,0.0,0.0,0.0,1.4836196390355656,0.0,4.882606332506281,5.785965006971089,1.717906486333813,2.4981040163506716,0.0,0.0,2.8998029012887576,3.088667024725639,0.0,1.723407463207326,0.0,0.0,4.182252178640859,0.0,1.2040144020594326,0.0,3.3753138353906946,0.0,0.0,0.0,4.506062838333057,1.4478929285495044,3.255127118992653,1.2958560465554583
2026-01-05 09:00:00,0.0,0.0,7.064187297003365,3.355946365816744,6.1047754694314555,4.529840426914746,2.9126814357354145,2.514114989125348,2.1732600720859785,3.658312628568785,0.0,4.577821022532135,2.1486558066685477,2.465767926756465,0.0,0.9709130241265929,3.4411827953239347,1.9404429722340666,5.219902699916272,2.6175567558335744,4.044933183961955,1.3798329919643728,2.7523294168950625,0.0,1.1296127796053044,2.4177471937982,3.7819055056915087,2.2386252586172484,4.205491847262909,4.25901271335155
2026-01-05 10:00:00,1.355860680035222,2.6261193490896075,4.325505392324547,1.6071953888378445,5.724648372124269,4.985791076162368,1.0850236294458404,4.778654054938818,1.6896878618217608,3.461310111425678,1.228666316989445,1.0172935605626967,3.0684447473860956,4.548662410340761,4.480859246564302,1.2763956369556488,1.9834665166589869,2.40441699499558,2.757583367049128,0.9759252373383166,4.917064349026162,3.2698721296028816,4.272367212175637,1.592548588566359,2.334042607498017,1.9399360505640275,1.0567215998431847,3.4667270949848223,4.721394697804797,1.2958560465554583
2026-01-05 11:00:00,3.148036413320394,4.045854249479196,3.865441411739706,1.454857244352577,4.408807162045882,1.576402482078127,2.8869829417601536,1.2857700015491307,3.167473383818593,5.867795568463472,2.7491288023473777,2.511141397352505,1.6959088214390325,4.720575407288109,2.410609516553383,2.7780577439123353,2.684838543869619,1.7874062755209388,1.518975799216392,2.523318938991373,1.4372923971725613,3.7154508168286013,3.749658141565319,3.3035806244588017,5.083257508223871,4.42743143698237,2.656286893310202,2.715818716374901,3.708286476236415,3.2630291233636455
2026-01-05 12:00:00,5.243133478485503,4.348220867824379,4.040984831880456,2.290595819930888,1.3750640416336415,5.963431577894177,4.381253787075619,3.0172093654543413,1.8952089867423276,3.7252111020681187,3.8339337643946036,3.4348408818275797,0.9514221680938073,3.2321520251158873,3.0082063513005632,2.2133630479975657,4.661484285635611,4.918395600700839,4.530923872807063,0.7494133936218913,4.071962583122061,4.321780064336644,3.8444417019069324,1.592548588566359,1.4710115426827823,1.8364279614966084,1.456179097941201,1.9385416219647562,4.281611414324105,3.174473386015412
2026-01-05 13:00:00,2.4407536231796083,3.005261186908414,3.3673452260271004,1.4422633559540714,6.187788187351387,3.0440269407363023,1.9293438263700282,5.785965006971089,2.1100936639809422,4.985302953999623,4.58579858949928,3.5745074424283056,1.2500268795587748,4.732775221428697,3.19106904110373,1.834611483860822,4.241764907124799,2.109602830189566,2.2820961587946393,2.387529545284694,5.418064809267447,1.5683681312346414,3.0197592443091046,1.592548588566359,2.2930048924386175,3.0877473986967767,2.9820061323729106,1.602935373674807,4.501159463059007,3.5383253736076115
2026-01-05 14:00:00,5.2905093872421505,4.406769878818863,6.464376685556042,2.244182183107502,3.785355897389707,1.3252070173098172,2.194238388479851,4.700677928905159,0.7862662264432502,5.597633577880025,5.528998426452502,2.1421398057818357,2.121511649905429,5.279485729912707,1.8555108621038559,1.781856671645498,1.2945539959697798,2.2271971830965587,2.6811503192846704,2.885883521650981,2.522594106371904,6.209248463839677,1.977988034423968,6.7724913596400835,2.871797578974316,1.0369562942768913,3.2876569239004967,1.2151930125230377,1.330029386686855,5.542140222055114
2026-01-05 15:00:00,1.3044502917529919,4.958540840733057,6.8205581079978845,5.015336294059462,4.583658735889559,4.366411530595112,4.882606332506281,2.7553528424780445,2.886143262719603,5.02446691558378,4.1502116514586955,1.7561468136602505,0.9514221680938073,2.7248811327599642,2.29741487044869,1.2233191435862454,3.977527381158141,3.5308938469468556,4.301431709176302,1.6923691200588244,2.4206056937562797,3.7289036813264542,2.851664562265045,1.5975537167182112,1.8401382165682887,1.0369562942768913,1.666734532967584,1.6878013124373756,5.660085934611597,3.2377368899283785
2026-01-05 16:00:00,3.968003322783563,7.520445301286989,6.355902488760775,2.3276714770501132,1.3750640416336415,1.4301231231448586,1.899672743544799,1.2857700015491307,2.894541620105491,4.6012045190042254,2.300649665410989,2.157000876299539,1.1769202708440454,5.450749474863496,5.825162568525139,1.18782709489894,3.313483905742835,3.3218725176919395,3.1135276467349984,1.9978124202456222,3.3337469537255644,6.209248463839677,3.4099984500840703,3.8128430466095216,3.1004681603839073,3.0438134095837754,2.3534052780434713,3.461246154539127,2.208681987336638,2.7713016038312985
2026-01-05 17:00:00,2.6595383630744958,5.091843256358996,3.4399217355059664,3.4095873902665184,2.0869019464317407,1.3252070173098172,3.035141524727061,2.596839368540996,2.584902596875585,5.867795568463472,4.191643492464004,3.6477108906742477,2.6764750244937057,5.075941258780733,6.30998881370187,1.1717783055056963,2.703718320585091,4.968248792699252,2.770841151657596,1.4494845767620985,2.9120785491860857,4.268656655317179,2.6923132458877213,1.9273716243558716,1.1296127796053044,2.8654446404088145,3.329454435265013,3.304197559241036,3.675381549233572,2.603369598845268
2026-01-05 18:00:00,1.9721396522879606,7.637613614936079,1.7808921003000895,3.3565931840412753,2.947372585837828,1.3252070173098172,3.844264911188137,2.7366754326125626,1.5794387713420708,1.9739827468659357,2.825159244290746,1.2809787256649656,0.9514221680938073,2.345786090496947,3.967817642521614,0.9282023139513865,2.9524264893052807,2.6401570013373896,4.534676265959506,0.7494133936218913,3.759179493003832,5.511912741655722,0.9494149360390305,5.821904457397043,3.5876661518322965,1.0369562942768913,3.4528327572758277,2.637486482890629,2.4734982600347406,3.7108143453100917
2026-01-05 19:00:00,2.6679314725679357,0.0,6.8568174377932625,2.9523443404968717,2.220399255535599,1.4662259228168315,2.720318914801655,4.9028510296441175,1.5632313867621503,4.053594320674537,3.296816837711759,2.915546790792252,2.443121469213379,3.6819659761747072,2.1688999260290975,2.7780577439123353,3.3359234349352285,5.8103886756140914,3.0342846317742374,2.2513381277006066,2.802027207325766,3.330414151526324,2.1505970082687367,3.2277551514370297,3.76658951209158,3.9816560708049247,2.94281377098327,1.1608970449713665,3.0605635444920503,2.565821588513001
2026-01-05 20:00:00,1.3044502917529919,0.0,5.104572512062693,0.0,3.9395575004734393,5.963431577894177,0.0,3.786446755972516,1.6433753315720876,0.0,3.0141773079919782,1.8664063198329517,2.6574111803498144,2.8336786041950406,2.2072110565134024,1.3912511964273269,0.0,1.291197483469798,3.3327483826081425,1.804202620651436,0.0,0.0,0.0,3.2001402870533697,1.1296127796053044,1.0369562942768913,2.667669338728188,0.770383798885516,1.887066693217302,2.7619857491651323
2026-01-05 21:00:00,2.113402365750627,0.0,2.5568573419403893,0.0,0.0,3.3563173096733077,0.0,0.0,0.0,0.0,2.627640864752522,0.0,0.0,4.877661394782605,2.4384344429808236,0.6192974259766145,0.0,1.4170196642677504,0.0,3.28377121125821,0.0,0.0,0.0,0.0,0.0,0.0,3.2729055618063105,2.949549669325487,5.075463114869203,2.0522630891275573
2026-01-05 22:00:00,0.0,0.0,0.0,0.0,0.0,0.0,0.0,0.0,0.0,0.0,0.0,0.0,0.0,0.0,1.627015326833704,0.6173461653138523,0.0,0.0,0.0,0.0,0.0,0.0,0.0,0.0,0.0,0.0,2.7740296979760886,2.5288532419331204,0.0,0.0
2026-01-05 23:00:00,0.0,0.0,0.0,0.0,0.0,0.0,0.0,0.0,0.0,0.0,0.0,0.0,0.0,0.0,0.0,0.0,0.0,0.0,0.0,0.0,0.0,0.0,0.0,0.0,0.0,0.0,0.0,0.0,0.0,0.0
2026-01-06 00:00:00,0.0,0.0,0.0,0.0,0.0,0.0,0.0,0.0,0.0,0.0,0.0,0.0,0.0,0.0,0.0,0.0,0.0,0.0,0.0,0.0,0.0,0.0,0.0,0.0,0.0,0.0,0.0,0.0,0.0,0.0
2026-01-06 01:00:00,0.0,0.0,0.0,0.0,0.0,0.0,0.0,0.0,0.0,0.0,0.0,0.0,0.0,0.0,0.0,0.0,0.0,0.0,0.0,0.0,0.0,0.0,0.0,0.0,0.0,0.0,0.0,0.0,0.0,0.0
2026-01-06 02:00:00,0.0,0.0,0.0,0.0,0.0,0.0,0.0,0.0,0.0,0.0,0.0,0.0,0.0,0.0,0.0,0.0,0.0,0.0,0.0,0.0,0.0,0.0,0.0,0.0,0.0,0.0,0.0,0.0,0.0,0.0
2026-01-06 03:00:00,0.0,0.0,0.0,0.0,0.0,0.0,0.0,0.0,0.0,0.0,0.0,0.0,0.0,0.0,0.0,0.0,0.0,0.0,0.0,0.0,0.0,0.0,0.0,0.0,0.0,0.0,0.0,0.0,0.0,0.0
2026-01-06 04:00:00,0.0,0.0,0.0,0.0,0.0,0.0,0.0,0.0,0.0,0.0,0.0,0.0,0.0,0.0,0.0,0.0,0.0,0.0,0.0,0.0,0.0,0.0,0.0,0.0,0.0,0.0,0.0,0.0,0.0,0.0
2026-01-06 05:00:00,0.0,0.0,0.0,0.0,0.0,0.0,0.0,0.0,0.0,0.0,0.0,0.0,0.0,0.0,0.0,0.0,0.0,0.0,0.0,0.0,0.0,0.0,0.0,0.0,0.0,0.0,0.0,0.0,0.0,0.0
2026-01-06 06:00:00,0.0,0.0,0.0,0.0,0.0,0.0,0.0,0.0,0.0,0.0,0.0,0.0,0.0,0.0,0.0,0.0,0.0,0.0,0.0,0.0,0.0,0.0,0.0,0.0,0.0,2.730857258303567,0.0,0.0,0.0,0.0
2026-01-06 07:00:00,0.0,0.0,3.413481455514109,0.0,0.0,0.0,0.0,0.0,2.624675624550903,0.0,3.4488019868554933,0.0,0.0,0.0,0.0,0.0,0.0,0.0,0.0,0.0,0.0,0.0,0.0,0.0,0.0,1.007630083414036,0.0,0.0,0.0,0.0
2026-01-06 08:00:00,0.0,0.0,1.5912935795575172,1.6913201360783199,0.0,0.0,3.2667426147959877,0.0,2.4093871253740753,0.0,5.150406044063704,3.8090912916515163,0.0,0.0,0.0,0.0,4.526994337800281,0.0,0.0,5.151080199018906,4.04905645089123,1.5191182543979787,0.0,0.0,0.0,1.007630083414036,0.0,3.5527552270691163,0.0,0.0
2026-01-06 09:00:00,1.359534081172543,0.0,4.269388797945431,4.102254224487669,0.0,0.0,1.3215959928448309,3.4302119962575386,3.7038079448522216,3.153104468203539,1.2445666954469972,3.164095161691601,4.649357096777117,3.7454183373955763,1.4263288645788144,7.440179874846538,4.215515090173001,0.0,1.8728684062701288,1.144684488670868,5.258906314746044,3.8435386651222814,2.3691279124460007,2.970805746588485,8.027790025369946,4.166237078348948,3.3874699165445006,4.694235906247139,0.0,4.20712309045402
2026-01-06 10:00:00,3.488843044627803,2.2181642008684936,4.0549026553882275,4.338148515172103,4.859273404813488,4.552418182303544,1.807875017980728,3.383057884626916,3.7038079448522216,6.70565413653559,3.928201813286556,5.28313897355356,3.8364455619409727,3.905966939814509,1.2399155174367467,5.591974178538187,4.235454921228901,1.0626649601959144,1.1654654670222897,2.774757420901162,3.1116223043155298,4.715828515362225,6.498859024792677,2.2052976158654785,1.8020561798104298,2.035620932855688,1.450689280157568,4.409436688702045,4.577429792497684,3.7884555407196108
2026-01-06 11:00:00,2.607388594084199,1.1126745359541796,1.2455859990994826,6.173730682394357,2.8301158774381974,4.84417689618848,5.947181967801739,3.13868887784649,2.0441062051380334,4.6729972451373865,3.0130534823729755,1.2271849413801659,7.958432510090715,5.034993154593708,3.7968449349527296,2.316168056342561,1.2730534055296814,3.3827491314898888,5.244594601600304,2.1103268963557635,4.224125977561323,5.53751615683194,3.488940013621887,3.769974553316535,1.8020561798104298,1.7108031598824487,4.589546747322855,4.868632622099886,5.720233145244203,4.015102906059641
2026-01-06 12:00:00,1.3174587930817254,1.6868659760601645,0.9487530662100958,4.062066441855739,2.8605122032677595,6.214478052482808,2.0042647812906784,2.096553490423573,1.4857735314194607,3.849519489026184,3.8686127571066296,5.510425513976391,2.033526398865862,5.476612121172221,1.9744549229289783,1.6879700688341934,3.851540258056237,1.436953928986162,2.4353272258764322,5.006793099523705,3.5427025949512245,2.9637762885073076,6.498859024792677,1.1333401628802764,5.984315937928819,1.8808616384009653,2.5206245170091086,5.161604144445568,5.577458741391004,3.9335649526738874
2026-01-06 13:00:00,2.8846279276513713,2.6162889183247793,3.0938721279927313,5.1872284763690155,1.079838534402997,6.424091616560975,3.160046940248148,2.66493595215576,1.5464575544136954,7.195595007197394,1.368127835795223,1.4608878016101523,1.7685405577979367,5.70614842758065,4.821750171019573,2.890791444612253,4.1039507534721915,1.5764834254754039,2.9113299175623344,4.830853153176531,4.346295237702078,6.836032144790903,2.088015910996859,1.1333401628802764,4.494443076402649,1.6129898476260958,2.905082761037431,3.908923473484317,2.8051670848781938,5.767350505760678
2026-01-06 14:00:00,2.259294602919992,2.2655759193249296,3.412940253017774,7.605549546707362,4.547649546439489,4.950978310912512,2.959153965893596,4.240658612802068,3.7038079448522216,6.654854729212563,2.3922587197435097,3.1463064561596674,4.365873925943645,2.3455865984044633,4.0083086925987885,3.8655209038013623,5.333015411393929,4.781992320881614,2.5825398149057475,1.144684488670868,6.464344341878894,6.331255844408751,5.722913868484789,1.3265037580544603,7.335668352417127,3.306942899676323,4.779326993787543,1.7105388848781335,4.012504775127895,5.111649112858858
2026-01-06 15:00:00,3.5688414876085024,1.3997777638586693,3.238192388465872,4.924291296656302,4.219585843821933,3.3190322873025577,1.3215959928448309,4.481527404298251,2.8699402573550725,1.6071273710822653,1.2445666954469972,2.9678202977750905,1.7779521159706122,6.594268020452231,4.965172565150381,5.815490651794341,2.712484720786497,2.740036529377002,3.0847577620695454,5.151080199018906,1.5452595030293899,5.134165908444801,3.117999759831989,1.1333401628802764,1.8020561798104298,1.3329694572508222,2.0814134230827346,3.8976203858291187,1.5950470686895355,3.070862084173537
2026-01-06 16:00:00,1.100746725684924,1.1126745359541796,2.1249713817685736,6.270588713982476,2.0250743441285346,3.621910237047965,2.7398128278445233,1.3281798253197272,3.7038079448522216,2.532714151673081,5.600550129511486,3.314367267180888,1.7685405577979367,6.05095549380173,4.109656045863183,2.5943290105787624,2.42282737900987,2.190528539497275,2.8583709136960125,3.7494311101622584,4.162295309844181,4.608274101981444,5.02260984933511,1.1333401628802764,4.9990765260680625,3.158640430883319,1.0871809429647377,4.745991041359828,3.6363812351604086,6.1543378024318836
2026-01-06 17:00:00,1.6211150205422555,1.1126745359541796,2.293889804374386,3.2804109792920193,2.8206837686125326,1.4275759147913278,3.5564615674434754,4.16444645576039,2.0850433623533577,1.6071273710822653,1.2445666954469972,2.0062452666103843,1.7685405577979367,4.379934827719822,2.954471191977055,2.9535060828823476,3.568822317239525,3.9586770713772608,1.829451434538061,3.36630655802634,3.6456142721135643,4.748986377992112,6.498859024792677,1.9108971979693996,1.8020561798104298,2.736705715987461,1.5917448693635938,4.676516918680656,7.177711809102909,3.2862709815294933
2026-01-06 18:00:00,1.5242836531692452,1.2473231822839763,2.7896991100816058,4.295792254059149,1.862682630835414,3.975271708132092,1.3215959928448309,3.4337167586592288,3.524362642060282,5.212921305611555,1.9845187126926827,4.747955961319218,3.231840302936858,6.291025731289121,3.818308698855647,6.413559028896624,1.5417065733341422,2.381659025162109,3.271736378482069,2.3523767424042834,3.7167248225059426,1.5191182543979787,1.4441908943983723,5.100030732961244,4.571138144936207,2.6831062879025014,2.6269648659202627,4.9178514381655685,5.68819682837156,4.0201080296511975
2026-01-06 19:00:00,1.100746725684924,2.287997775073791,1.4358767212731565,4.985945604205759,2.84243695654106,1.890981936934306,2.1757085869285318,1.8999339340954997,2.4047738994013357,4.91553734933413,1.2445666954469972,1.2271849413801659,7.958432510090715,0.0,4.627496680841139,5.793300499241219,1.1851145358653175,4.781992320881614,0.0,1.144684488670868,2.2314961297456803,3.640877555580885,5.095660021090648,2.318057866818715,0.0,2.3835221710953385,3.33376391987794,3.8297047832507745,6.785295352661528,1.7550271889716849
2026-01-06 20:00:00,2.558360138969325,5.007035411793809,1.827376759407721,0.0,3.1875910714848437,5.489392960109914,3.267694363064835,3.6188929003448678,2.500431034549888,0.0,0.0,3.748969918809688,0.0,0.0,3.8418071881799927,3.4942604291827917,0.0,2.170028188218598,0.0,4.54300066265699,0.0,0.0,0.0,2.374031986217034,0.0,1.007630083414036,4.892314243341319,0.0,5.444924480783556,0.0
2026-01-06 21:00:00,0.0,0.0,0.0,0.0,2.4204351452235207,0.0,1.8337038996309183,2.1444528474684126,0.8230684321893826,0.0,0.0,0.0,0.0,0.0,0.0,4.771078369156599,0.0,2.656079474852964,0.0,4.058996189596326,0.0,0.0,0.0,0.0,0.0,1.007630083414036,0.0,0.0,2.849646345488214,0.0
2026-01-06 22:00:00,0.0,0.0,0.0,0.0,0.0,0.0,0.0,1.3281798253197272,2.7135323285914326,0.0,0.0,0.0,0.0,0.0,0.0,0.0,0.0,0.0,0.0,0.0,0.0,0.0,0.0,0.0,0.0,0.0,0.0,0.0,0.0,0.0
2026-01-06 23:00:00,0.0,0.0,0.0,0.0,0.0,0.0,0.0,0.0,0.0,0.0,0.0,0.0,0.0,0.0,0.0,0.0,0.0,0.0,0.0,0.0,0.0,0.0,0.0,0.0,0.0,0.0,0.0,0.0,0.0,0.0
2026-01-07 00:00:00,0.0,0.0,0.0,0.0,0.0,0.0,0.0,0.0,0.0,0.0,0.0,0.0,0.0,0.0,0.0,0.0,0.0,0.0,0.0,0.0,0.0,0.0,0.0,0.0,0.0,0.0,0.0,0.0,0.0,0.0
2026-01-07 01:00:00,0.0,0.0,0.0,0.0,0.0,0.0,0.0,0.0,0.0,0.0,0.0,0.0,0.0,0.0,0.0,0.0,0.0,0.0,0.0,0.0,0.0,0.0,0.0,0.0,0.0,0.0,0.0,0.0,0.0,0.0
2026-01-07 02:00:00,0.0,0.0,0.0,0.0,0.0,0.0,0.0,0.0,0.0,0.0,0.0,0.0,0.0,0.0,0.0,0.0,0.0,0.0,0.0,0.0,0.0,0.0,0.0,0.0,0.0,0.0,0.0,0.0,0.0,0.0
2026-01-07 03:00:00,0.0,0.0,0.0,0.0,0.0,0.0,0.0,0.0,0.0,0.0,0.0,0.0,0.0,0.0,0.0,0.0,0.0,0.0,0.0,0.0,0.0,0.0,0.0,0.0,0.0,0.0,0.0,0.0,0.0,0.0
2026-01-07 04:00:00,0.0,0.0,0.0,0.0,0.0,0.0,0.0,0.0,0.0,0.0,0.0,0.0,0.0,0.0,0.0,0.0,0.0,0.0,0.0,0.0,0.0,0.0,0.0,0.0,0.0,0.0,0.0,0.0,0.0,0.0
2026-01-07 05:00:00,0.0,0.0,0.0,0.0,0.0,0.0,0.0,0.0,0.0,0.0,0.0,0.0,0.0,0.0,0.0,0.0,0.0,0.0,0.0,0.0,0.0,0.0,0.0,0.0,0.0,0.0,0.0,0.0,0.0,0.0
2026-01-07 06:00:00,0.0,0.0,0.0,0.0,0.0,0.0,0.0,0.0,0.0,0.0,0.0,0.0,0.0,0.0,0.0,0.0,0.0,0.0,0.0,0.0,0.0,0.0,0.0,0.0,0.0,0.0,0.0,0.0,0.0,0.0
2026-01-07 07:00:00,0.0,0.0,0.0,0.0,0.0,0.0,3.08253244318684,0.0,0.0,0.0,0.0,0.0,0.0,0.0,0.0,0.0,0.0,0.0,2.879393974261437,0.0,0.0,0.0,0.0,0.0,0.0,1.8728796352254766,0.0,1.2111116075114616,0.0,0.0
2026-01-07 08:00:00,0.0,0.0,3.747939386382191,0.0,0.0,2.5072409869493084,4.380636689888718,1.3222793265055097,0.0,3.4045592709239694,0.0,0.0,0.0,4.138873313698657,0.0,0.0,0.0,4.82919071896665,2.713032041808604,4.704687718570732,3.7694672150186035,0.0,1.4542652085610794,0.0,0.0,0.8829788910277979,4.839442811969122,1.2111116075114616,0.0,0.0
2026-01-07 09:00:00,1.2868052698205297,4.9646221506383394,2.0185942239787513,0.0,0.0,2.431932318059738,1.063653818110623,3.51653663671037,1.5528715884396755,2.166923467794785,2.115874998390124,3.513138875104808,1.9335907740963398,5.436557520242016,0.0,3.980852210014529,2.606390085712409,6.102986792817768,1.4762872079746334,3.275146742773648,1.5297448291077946,3.065577233775783,2.870449571035389,3.85820399995482,3.887099666779444,0.8829788910277979,1.1619552976394745,3.9130446863108532,2.082830159459267,0.0
2026-01-07 10:00:00,1.3885162765094672,5.784721631738266,5.352571741238237,2.1594162224520645,3.7371635820135696,3.392757377507673,3.018315746767848,4.575493056166324,2.3871829822445654,3.406724307985346,3.566900266483913,1.969936663982836,1.8846218932042396,2.5717306265239466,2.7093172517655852,4.765148888882239,2.39403653507451,4.9637547889717695,2.892016984709627,1.7717371835416906,1.5297448291077946,6.171772565081274,3.250329699706455,5.352971387869328,3.486481476942956,1.853351276021466,3.9701933098509103,3.024477369422858,1.7461488768047442,2.205061390485414
2026-01-07 11:00:00,0.9561502262115212,4.4415502082195335,1.6837457097355704,1.5874908288085636,2.443737118447515,3.6809256914821846,3.5429918306195067,5.266241602078779,5.509542900403444,3.904647058408073,4.581842569112245,2.4694908761592917,2.395172617599213,4.757811647661565,3.2950237867516705,2.5810608661133116,3.9563844079889403,2.635894478699653,3.8206870386878204,1.5621662198865114,3.989355852014306,2.9857549550584053,5.695846741605356,4.427437366475264,1.3106115871785369,0.8829788910277979,2.7377023364684017,1.7012506064586885,2.8818029833633987,1.9787360388172994
2026-01-07 12:00:00,1.6253071846936185,7.84565852393276,7.5768556938100655,1.3284426295416831,5.738029760017656,2.26176350106213,1.752317619146042,1.3222793265055097,1.5528715884396755,3.428457762597067,3.710538970048596,4.267380816593727,1.3863323286290847,1.4550399041254667,4.190835284329764,4.267518179211815,4.274601873024235,4.184456319826047,2.6549987231829304,4.704687718570732,6.002221083948949,4.319268602617325,5.027545008301475,2.1911617571249633,3.5072816375266145,0.8829788910277979,1.1619552976394745,5.0590527550041,3.8585545481731316,1.9787360388172994
2026-01-07 13:00:00,2.3631534135929266,3.550496461002523,3.614240980465619,5.977991832937573,3.8700109431143486,2.4376751784215736,2.4481461647775538,2.8996477505564604,5.618790411699334,2.337791521501243,3.9312489800931556,1.1227720644965182,1.3863323286290847,4.334218336966123,4.5594018141397425,5.689940151472585,2.4562075870399758,6.331481986478238,0.9189677259869874,4.704687718570732,5.546174580769312,3.3193844069395566,1.4542652085610794,5.273504178781113,2.2686066353123495,1.8180058687874638,2.2385186993884707,5.450002233801577,3.4107277469685866,6.261612731446083
2026-01-07 14:00:00,4.297554643229144,1.7654565968085036,4.755149992551561,4.543211514528741,4.761821887039297,0.9571376685711658,1.8995775733020863,2.936287767191711,5.0120995489689,1.6194902386459742,2.5221420512658015,2.595375302472543,5.401842165063739,4.792099630427393,1.3821120988095799,1.9429204086299228,3.473260316033632,4.832816379880588,2.5264409213645114,4.704687718570732,2.2886375439336923,5.071123968841268,2.928811324153562,3.362248914944524,5.597278977041498,1.097972049991764,3.72061173528859,1.6478847926149762,4.379020747852432,8.324342369112543
2026-01-07 15:00:00,2.0636578041159925,2.619586786567898,6.064184141527015,1.3284426295416831,3.0018467368125052,0.9571376685711658,4.786442181497804,2.67911722559395,1.5528715884396755,3.3226568672996555,4.763617420210397,1.4459126004494187,3.26389019818008,1.4550399041254667,2.5270229820726495,4.924202791045711,4.543596595595646,6.461683240830049,3.928486411184429,4.672876045821557,6.883851730985076,6.171772565081274,5.508565816298711,4.463620505163079,4.43749826625008,3.686354754120651,2.949999838621711,3.4324730415053213,3.7191974798361085,3.6288052871607546
2026-01-07 16:00:00,2.1719490541644673,5.626746885997255,1.6837457097355704,3.120609804326444,4.9894924471934115,4.307119508570246,4.786442181497804,5.739999672232305,1.5528715884396755,2.0596778625968764,4.440347728415364,2.9196206323835807,4.682205394742769,1.4550399041254667,5.21706117236379,5.341860199018882,4.142171182217648,2.216151934889434,2.996158795119097,3.845687582901271,5.101255118314971,4.478943861653066,6.544193438524857,6.442188798409351,2.2225146996079808,2.35985449806165,1.1619552976394745,1.5772765434643476,1.5448310953443873,4.711024850045393
2026-01-07 17:00:00,1.7386457152176507,1.8904881600882983,1.6837457097355704,5.977991832937573,3.6533082956418848,1.951785238056358,3.276960164412921,1.3222793265055097,6.826870787998621,3.2144660452054334,3.209043324942444,4.678378186773263,3.3069062433240104,5.060998651820672,5.847703429467395,1.9667716296456337,5.023657455160588,4.564630320607741,2.9933446271284025,4.704687718570732,3.47626298749373,6.171772565081274,4.4563956101043,3.0825664756583397,1.3106115871785369,0.8829788910277979,1.1619552976394745,4.140204844777912,2.4138957543585073,5.220919330958713
2026-01-07 18:00:00,0.9561502262115212,3.0013161763840466,5.915065558142277,1.3284426295416831,3.8714604918632425,4.307119508570246,4.043594314940733,4.884973644467082,6.987922147978539,1.8836348137548302,3.210398769110611,3.167055286768886,1.3863323286290847,0.0,6.219504444643109,2.4444621466400784,1.332506159225922,2.998039957278765,3.533873926566639,2.468064345679813,6.883851730985076,6.171772565081274,4.486867701318762,1.4315975107576338,1.4437911097288396,0.8829788910277979,1.1619552976394745,1.2111116075114616,2.0826707624186507,4.734379442177103
2026-01-07 19:00:00,1.8012039807945008,0.0,2.0613132060325587,5.682920193771893,1.8273044332503252,0.9571376685711658,1.6985541801628932,2.42882598204116,6.987922147978539,1.9810450217949132,4.773832378402684,3.8138023008162087,5.152882354023405,0.0,4.371694053898075,3.7509541203281813,3.3866321849419787,5.964678959865231,2.7401297648390393,1.0454861596823848,5.446942343597053,3.7656106028584526,6.49676826546948,2.0663930750996755,1.9490616655504176,0.8829788910277979,3.4614757733229493,1.762248439321493,1.7848106838933098,0.0
2026-01-07 20:00:00,1.9144175952198568,0.0,0.0,3.427125426137746,3.7546252546616383,0.0,1.063653818110623,0.0,0.0,2.336562097894524,2.7232520945536716,2.6498450897351016,3.0742756418835215,0.0,3.6303771115873467,2.5989624012060246,5.33811742103115,2.3197306889388027,2.3120457285126084,2.051560383921275,5.588848667426806,4.918659141966523,3.091096895624082,2.0322610241804564,1.3106115871785369,1.082656004527953,3.389843438905898,0.0,2.6667991865442433,0.0
2026-01-07 21:00:00,0.0,0.0,0.0,5.04336164766857,3.657191802784105,0.0,0.0,0.0,0.0,0.8676993463129051,3.1937812788788897,2.1799464680723664,0.0,0.0,0.0,0.0,4.876180622292788,0.0,0.0,1.8595822494780643,0.0,4.083348818787871,0.0,0.0,3.674668551368626,1.3178187050913754,2.951081913266406,0.0,2.4443707200626648,0.0
2026-01-07 22:00:00,0.0,0.0,0.0,0.0,0.0,0.0,0.0,0.0,0.0,0.0,0.0,0.0,0.0,0.0,0.0,0.0,3.9139374682210506,0.0,0.0,0.0,0.0,0.0,0.0,0.0,0.0,0.0,0.0,0.0,0.0,0.0
2026-01-07 23:00:00,0.0,0.0,0.0,0.0,0.0,0.0,0.0,0.0,0.0,0.0,0.0,0.0,0.0,0.0,0.0,0.0,0.0,0.0,0.0,0.0,0.0,0.0,0.0,0.0,0.0,0.0,0.0,0.0,0.0,0.0
2026-01-08 00:00:00,0.0,0.0,0.0,0.0,0.0,0.0,0.0,0.0,0.0,0.0,0.0,0.0,0.0,0.0,0.0,0.0,0.0,0.0,0.0,0.0,0.0,0.0,0.0,0.0,0.0,0.0,0.0,0.0,0.0,0.0
2026-01-08 01:00:00,0.0,0.0,0.0,0.0,0.0,0.0,0.0,0.0,0.0,0.0,0.0,0.0,0.0,0.0,0.0,0.0,0.0,0.0,0.0,0.0,0.0,0.0,0.0,0.0,0.0,0.0,0.0,0.0,0.0,0.0
2026-01-08 02:00:00,0.0,0.0,0.0,0.0,0.0,0.0,0.0,0.0,0.0,0.0,0.0,0.0,0.0,0.0,0.0,0.0,0.0,0.0,0.0,0.0,0.0,0.0,0.0,0.0,0.0,0.0,0.0,0.0,0.0,0.0
2026-01-08 03:00:00,0.0,0.0,0.0,0.0,0.0,0.0,0.0,0.0,0.0,0.0,0.0,0.0,0.0,0.0,0.0,0.0,0.0,0.0,0.0,0.0,0.0,0.0,0.0,0.0,0.0,0.0,0.0,0.0,0.0,0.0
2026-01-08 04:00:00,0.0,0.0,0.0,0.0,0.0,0.0,0.0,0.0,0.0,0.0,0.0,0.0,0.0,0.0,0.0,0.0,0.0,0.0,0.0,0.0,0.0,0.0,0.0,0.0,0.0,0.0,0.0,0.0,0.0,0.0
2026-01-08 05:00:00,0.0,0.0,0.0,0.0,0.0,0.0,0.0,0.0,0.0,0.0,0.0,0.0,0.0,0.0,0.0,0.0,0.0,0.0,0.0,0.0,0.0,0.0,0.0,0.0,0.0,0.0,0.0,0.0,0.0,0.0
2026-01-08 06:00:00,0.0,0.0,0.0,0.0,0.0,0.0,0.0,0.0,0.0,0.0,0.0,0.0,0.0,0.0,0.0,0.0,0.0,0.0,0.0,0.0,0.0,0.0,0.0,0.0,0.0,0.0,0.0,0.0,0.0,0.0
2026-01-08 07:00:00,0.0,0.0,0.0,0.0,1.9834523154268628,0.0,3.7478620821212076,0.0,4.728676054517314,0.0,0.0,0.0,0.0,3.2157953982264074,0.0,0.0,0.0,0.0,0.0,0.0,0.0,0.0,0.0,0.0,1.2139373909401874,0.0,0.0,0.0,0.0,1.432603956208703
2026-01-08 08:00:00,0.0,1.0018524226620367,1.4295832633251644,2.1530615929910355,2.7584677289802064,0.0,3.3986855841773638,3.5286614421964235,4.842568489805754,0.7559473019354206,3.6129901930074477,3.750627438474488,0.9665378349760402,2.6841764412328413,0.0,3.627817839783881,0.0,0.0,0.8949660028030916,0.7177786649917822,0.0,0.0,0.0,0.0,2.9727891241008937,4.495821553928669,3.7793791528223157,3.838527554664386,0.0,3.6735239702210167
2026-01-08 09:00:00,0.0,1.0018524226620367,1.8594187441975456,0.9429637576258579,1.7210301519966535,3.1351973621945777,5.065579774630899,4.998460431217074,5.139385086954524,1.0802572941487696,1.5652361637911454,4.334095751651845,2.2477081801533494,1.127312380764328,5.130207011800687,4.127147975461664,1.8154532119031508,3.8937404100322905,3.7134772518874644,2.1367364534716775,1.3023209212216313,3.340525371471765,4.862986397495624,2.9971217312844844,4.4201750157710515,4.14073431313575,1.22643952634186,5.668193103268175,1.6767869801263315,2.9255736593680006
2026-01-08 10:00:00,0.0,3.2313032857613337,2.813117028723551,1.416729739217752,3.0422915135445194,1.0797175914824362,3.0383997946077805,5.775570092915189,2.978092678975853,2.3175310957434183,5.130957038554407,1.4043182653218094,1.074283108356701,0.9010561598622575,1.7572756555249183,3.4079302615534997,3.447154013125949,3.32772166941919,1.0559556622051263,2.96781824141243,5.439454851474714,4.874784574473256,6.694794792529323,0.9745169398730744,4.7179830781036145,4.345125212780744,3.5435266976136397,4.871078689890485,4.430817510374646,1.8781548301693813
2026-01-08 11:00:00,1.3912589846864971,4.3032666913050415,4.228837398731832,3.4491817623491228,0.8425748633104431,3.6570499047108656,1.5863455290181796,2.6313228210981987,4.045400992459848,2.9887718674843846,6.123936346825302,2.217206591342493,2.283769131295369,0.9686909627256209,5.130207011800687,1.0326495306222088,1.5259352885660755,1.307664057436947,0.8252171670861033,0.7177786649917822,1.5617141033545408,3.1129316869957564,5.796342789887896,2.357652940144788,5.073156139283641,4.856315880558308,1.22643952634186,4.422265756546954,1.6252653757270186,0.8163386600491149
2026-01-08 12:00:00,4.8415160748353445,1.0018524226620367,2.087017500614915,2.3264725407702165,1.268675663612486,2.429996400563345,2.3616974670304725,4.16821900867139,4.63264105246353,1.1545929594192703,1.637802365289752,4.437133790192275,3.170583595041857,1.9109711695038822,3.7231170063756536,2.635179611498715,4.619545737045005,2.8923985471378324,2.9767083550903033,3.23000399246302,5.8604441454973415,4.4360617757225995,1.4877321761176274,1.1652637932065146,1.1273680309519203,2.6317585647963115,4.1550340723127395,5.581004677090948,1.7949510460142668,2.510062547827891
2026-01-08 13:00:00,4.099189597683049,1.0018524226620367,1.6306074654106162,0.7757787305155202,2.083106502779604,2.938668649194971,3.8406514558022673,5.775570092915189,5.390299706880203,0.7559473019354206,4.839439343280659,3.016607268037786,2.53003488096154,2.080315913801329,1.4070093507514714,1.0326495306222088,4.545631930757071,4.072634366846963,2.4100882986941694,0.7177786649917822,5.118417075096954,2.2818095714862174,1.4877321761176274,1.3865169571758142,1.1273680309519203,5.141455646765294,1.22643952634186,5.433197775720511,4.430817510374646,1.9308616105663179
2026-01-08 14:00:00,4.173441114872425,1.184155913270956,3.8085455312113408,3.491004287319841,0.95822520392474,2.4786462950404333,1.5465912253922258,2.597167544597054,5.046799150241149,2.3086861159187726,5.553027609132457,4.407862263162846,2.9551805708071686,3.2157953982264074,1.271651262590076,4.446054037062609,5.467104876046403,2.0021901996138483,1.0537490280406796,3.1051944734170327,4.456784876602862,1.9045409142387983,6.689357713976801,0.9745169398730744,1.4352165012549938,4.163569211800058,2.5123973890745104,1.8838331915775877,2.8706053803597142,1.0869382372090937
2026-01-08 15:00:00,1.3912589846864971,2.9352418421949737,1.9107680270938328,1.6192731133407872,1.6331204511424722,4.665367075992519,2.6858311635118755,1.28346002064782,4.924450269106346,1.9241791338723464,3.9362256726068154,4.818731990458837,1.8593717656882218,2.4547709731396026,2.9624273781555415,2.0232498538603023,2.3731132199015756,4.698284626312888,1.8618562584490048,0.7177786649917822,5.8604441454973415,3.592923583424345,6.07568266556255,0.9745169398730744,1.2953224015426439,2.83349759916897,3.6068100206192475,2.597738841806438,2.3356956557132182,0.8163386600491149
2026-01-08 16:00:00,5.335219758251314,3.551064388996585,3.4627413560216476,3.491004287319841,1.2387802634246574,2.515168554418842,2.7366532513711075,1.9227761542041448,5.164992432269263,2.5257706290469097,1.6087777692241165,3.3512189573143427,1.030337760548459,2.976178891360054,2.827870813184093,4.646922887799939,3.60091050713737,1.869536162700564,2.261897993184091,1.1224130181747691,2.324355036136803,2.696478921701359,4.715859999266069,3.53754728589548,1.5495634689921232,1.564466165057196,5.264652450109751,3.9149118745120277,2.6665650171909263,2.0922596581175057
2026-01-08 17:00:00,1.3912589846864971,1.3802504001607045,3.187903911729996,1.919304462571413,1.0173939561379597,1.7227376229868612,1.7389121228634983,2.9994839760450533,3.7816234775531385,2.496758470021926,5.408053066832282,3.4990018661383173,0.9869241669857036,0.7146211996058683,2.8884558728177705,4.558023347859038,2.8058503848083913,2.2659878160842806,2.0784579841624335,0.9929123010384122,1.3023209212216313,5.141510902189313,3.4269072888430503,0.9745169398730744,2.294929518248735,1.5941325817657284,2.7996942770986193,2.528841290421992,0.984626113416588,1.2044468947043299
2026-01-08 18:00:00,3.785699079708678,1.0018524226620367,3.376351639351967,3.2200971551301203,1.8169575127929531,2.2255604309208272,2.6995641557160055,2.725761867026282,3.2126352974023495,1.2110964483320334,3.1551308633134094,3.3804829427073804,2.889344130301692,2.1014859400234434,4.744434975527928,2.374515981320434,3.4801698873760993,3.7599951333175197,3.7134772518874644,1.7215975657051563,1.8699049425196947,2.404727674296559,5.773622102889337,0.9745169398730744,3.0448135966318635,2.252740478380942,4.32024723985199,3.8689356733887457,2.8061807164133956,2.5657383637755253
2026-01-08 19:00:00,6.260665431089237,1.0018524226620367,4.395111067663229,1.6437389229992636,2.7637116832690043,4.013636464253003,5.348332979471441,2.6239762155641304,0.0,0.7559473019354206,0.0,2.293978734241474,1.1455589593302058,1.3300050070658416,1.2382354808147322,2.311335523992849,2.708651738563871,2.4202863703060253,2.522278418270034,2.163308613468726,3.6674605647982355,4.324625536797254,1.4877321761176274,2.2992385566500744,5.073156139283641,1.2497482550080583,4.266450078542751,1.327350062105066,4.430817510374646,1.358433312237502
2026-01-08 20:00:00,1.3912589846864971,1.7324144903989172,4.603331349497373,1.7599588154715295,2.0383472031450145,1.2802232373301212,0.0,0.0,0.0,0.7559473019354206,0.0,4.986940067440871,3.9626888626648493,2.5860525875895686,5.130207011800687,2.2542631276735134,5.087967292969522,2.9784124468965762,3.0207150434217698,2.6121871422612406,5.8604441454973415,0.0,6.3843340504713675,0.9745169398730744,2.4198884427005676,1.8726712512291719,0.0,1.259598467392928,0.0,1.510628545293978
2026-01-08 21:00:00,0.0,1.0018524226620367,0.0,0.7757787305155202,0.0,0.0,0.0,0.0,0.0,2.6871345794593,0.0,2.3314176632325014,2.2510889093358917,2.6348207795476744,0.0,1.972831317034919,0.0,4.698284626312888,3.7134772518874644,0.0,0.0,0.0,0.0,1.6417105767152216,2.6493366424559355,4.644130152786494,0.0,4.430989885267666,0.0,0.0
2026-01-08 22:00:00,0.0,0.0,0.0,0.0,0.0,0.0,0.0,0.0,0.0,0.0,0.0,0.0,2.1705861214033657,2.473206636223104,0.0,0.0,0.0,2.7924313344043235,0.8252171670861033,0.0,0.0,0.0,0.0,0.0,0.0,0.0,0.0,0.0,0.0,0.0
2026-01-08 23:00:00,0.0,0.0,0.0,0.0,0.0,0.0,0.0,0.0,0.0,0.0,0.0,0.0,0.0,0.0,0.0,0.0,0.0,0.0,0.0,0.0,0.0,0.0,0.0,0.0,0.0,0.0,0.0,0.0,0.0,0.0
2026-01-09 00:00:00,0.0,0.0,0.0,0.0,0.0,0.0,0.0,0.0,0.0,0.0,0.0,0.0,0.0,0.0,0.0,0.0,0.0,0.0,0.0,0.0,0.0,0.0,0.0,0.0,0.0,0.0,0.0,0.0,0.0,0.0
2026-01-09 01:00:00,0.0,0.0,0.0,0.0,0.0,0.0,0.0,0.0,0.0,0.0,0.0,0.0,0.0,0.0,0.0,0.0,0.0,0.0,0.0,0.0,0.0,0.0,0.0,0.0,0.0,0.0,0.0,0.0,0.0,0.0
2026-01-09 02:00:00,0.0,0.0,0.0,0.0,0.0,0.0,0.0,0.0,0.0,0.0,0.0,0.0,0.0,0.0,0.0,0.0,0.0,0.0,0.0,0.0,0.0,0.0,0.0,0.0,0.0,0.0,0.0,0.0,0.0,0.0
2026-01-09 03:00:00,0.0,0.0,0.0,0.0,0.0,0.0,0.0,0.0,0.0,0.0,0.0,0.0,0.0,0.0,0.0,0.0,0.0,0.0,0.0,0.0,0.0,0.0,0.0,0.0,0.0,0.0,0.0,0.0,0.0,0.0
2026-01-09 04:00:00,0.0,0.0,0.0,0.0,0.0,0.0,0.0,0.0,0.0,0.0,0.0,0.0,0.0,0.0,0.0,0.0,0.0,0.0,0.0,0.0,0.0,0.0,0.0,0.0,0.0,0.0,0.0,0.0,0.0,0.0
2026-01-09 05:00:00,0.0,0.0,0.0,0.0,0.0,0.0,0.0,0.0,0.0,0.0,0.0,0.0,0.0,0.0,0.0,0.0,0.0,0.0,0.0,0.0,0.0,0.0,0.0,0.0,0.0,0.0,0.0,0.0,0.0,0.0
2026-01-09 06:00:00,0.0,0.0,0.0,0.0,0.0,0.0,0.0,0.0,0.0,0.0,0.0,0.0,0.0,0.0,0.0,0.0,0.0,0.0,0.0,0.0,0.0,0.0,0.0,0.0,0.0,0.0,0.0,0.0,0.0,0.0
2026-01-09 07:00:00,0.0,2.238749046992341,0.0,0.0,0.0,0.0,2.5243806950697505,0.0,0.0,0.0,0.0,0.0,0.0,0.0,0.0,0.0,0.0,0.0,0.0,2.190216687872094,0.0,0.0,0.0,0.0,0.8733196096313638,0.0,0.0,3.9201018212754573,0.0,0.0
2026-01-09 08:00:00,1.5817488082541822,3.4886048840797534,2.686778093241246,0.0,0.0,0.0,3.8210662215445086,2.6035735699340625,3.9210065644158387,0.0,3.652227174958975,0.0,0.0,0.0,4.16615688112684,0.0,0.0,5.019019855125744,0.0,3.125475970225251,2.150615129483082,1.0097297093401645,1.483198092584739,0.0,1.8708311854783122,1.0364511116363737,0.0,1.9397766714777847,0.0,0.0
2026-01-09 09:00:00,0.785537282913722,2.9689327772236056,1.3378662020910717,0.0,0.0,3.924556651783381,1.319934247128642,1.356900941080935,4.468691287934412,3.069345132142706,5.577427227052558,2.3720258227990465,3.508112579854269,4.300437059050281,3.308420504939085,0.0,8.301369069058692,6.290418457702572,5.712563749923129,3.0861523949152785,2.578282984596138,4.354181865147497,3.364689007383271,0.0,2.743460253974237,1.0364511116363737,4.317957646497222,4.190377475275971,0.0,2.2301371149769786
2026-01-09 10:00:00,2.0160450409409405,5.516469754700671,1.5280542426841037,1.7447495792951153,3.2223188644305694,1.2272092062983868,3.193551320284319,2.0436366387947924,4.7958567518544495,3.226407543096583,1.393868573277826,1.1486858446536068,1.0419324012941997,5.325891833098097,4.465145666083197,4.861862698601545,6.302506685317531,4.922510605591074,3.952845954729953,4.736012197867048,3.8012858973960357,2.394156547602062,3.7374701135556,3.5434862906854154,3.806462293526383,3.81687784450022,6.079761998479547,4.35341310181609,2.3911380284665293,2.174842079305504
2026-01-09 11:00:00,0.785537282913722,2.4181503487540765,2.744137185490584,2.0773039669761366,1.5758792550015976,5.52244142834274,2.141858358848799,2.737744756046059,5.633628631804444,5.536247392217349,4.584630311922417,4.930942577809045,1.0419324012941997,2.458381296646656,1.2205752868233735,4.511215444451803,4.426585086888372,2.219334865041134,5.956760204681409,1.2682567703722043,5.370868037220782,3.1414128516429685,5.532728335621763,2.5263401012498075,2.5776784515610607,1.2616279423269234,2.8471300132804482,5.89076718365875,1.4945388715060361,2.8937421804601793
2026-01-09 12:00:00,3.1701617547486913,3.5174349927618667,2.702809553809867,0.6336727535737938,2.7205987598549783,3.7994975663291006,5.206450296467927,0.8366846580110754,4.380256397130477,3.3741082807705842,3.580680172378528,4.016196149113587,4.688695805823898,3.632124314811135,3.609149562872561,1.9848786565162098,6.572602773826377,5.912141605119466,1.9163100299008073,3.601804250452925,1.46112716338761,3.1673023270253164,3.661416137261847,6.50667565689758,0.8733196096313638,4.225671193899365,4.512610767872253,3.551234481770259,1.0295030769248412,2.989914658229702
2026-01-09 13:00:00,0.785537282913722,2.824379397541263,1.3820509300060522,2.361487828845831,4.511795765917731,3.4044709309987327,4.091437896330168,3.7650809610498395,3.109928796821832,5.084808791110568,4.201442691538709,4.4362437456271,1.0419324012941997,3.571982588572586,3.3235925516122333,2.894290847261626,3.693163858332122,1.3978707683783496,3.649670822122612,3.1663775688931906,4.19353104614244,2.3385250711914143,3.4325165531704185,3.608160667592,0.8733196096313638,1.0364511116363737,4.054453234756274,3.2768616685381753,3.845007901948728,3.7129969049342937
2026-01-09 14:00:00,1.1628984199675492,3.2562188333139277,1.989546283006599,1.3106469654712036,3.46117997716423,3.2375271078594023,3.426016263634039,1.8734173948015962,1.9567812511701703,3.994968066187016,3.632999937608705,4.305101940075722,1.0419324012941997,4.406502984488265,5.347538940897072,1.0804139330225655,1.8447486820130428,5.131104813233017,2.431032371372711,2.603815000329203,1.675302891567616,1.817991785979396,3.032409682270906,8.285257128344353,1.0586678455019216,4.664030002363682,1.4332248419340672,6.090744746995087,1.013749047939663,3.9588827425187914
2026-01-09 15:00:00,2.380532245886126,3.037005857535338,1.4724761097205796,2.2361163694086605,1.0026212813150515,4.16684393834,3.759149597626218,2.1994268159765435,3.8035712490217675,1.6171094377625013,1.393868573277826,3.847201064081796,1.666854743181014,5.659956256985348,4.714186465488539,4.609413552515065,3.913864066360181,4.027646409636231,4.561551755690285,5.707155466674919,4.597948027259969,1.6661470727425063,2.4563709681654315,1.9827660094323165,2.6841197302883453,2.244198924013543,5.947917540947163,5.590756195263922,2.425589014712198,3.172122079004002
2026-01-09 16:00:00,0.785537282913722,5.38586828237489,1.2638966402944398,2.628435150143638,4.511795765917731,2.358712759454308,2.623516068032612,1.4155693264590716,1.4012036360459508,3.087751478834731,1.6273257605661784,3.7844776207762014,3.449566369028724,3.405970010126752,1.5182445421963304,1.5001152419797643,5.412827742970012,3.4141122288599965,1.3237244899292022,3.567395667528505,3.3338735356915223,1.2180154126115157,2.841844316472624,4.912535548994021,2.3634205776646877,1.0364511116363737,4.467557857203684,2.806447988195682,0.8544462004330508,3.252457687141672
2026-01-09 17:00:00,1.7521274067302484,1.281454584140066,2.480799073101124,2.2977019479895646,4.511795765917731,4.860959090044367,3.276107099803001,3.700337436189613,3.379278768668079,1.230277198270522,4.676884628528012,2.1912414055991207,1.0419324012941997,3.4761401869881348,5.492588790705181,1.4786711998814321,3.423317495970864,4.625407826308082,3.2070812421798918,1.2682567703722043,1.193526230493507,1.0304335623733012,4.688929327005943,4.104481546008368,2.3644950382071244,1.0364511116363737,4.105122984732343,1.353498832665575,1.808379781591235,5.154865610715336
2026-01-09 18:00:00,2.909826369940197,1.281454584140066,1.1880152289031416,1.753389825816302,2.6295304677973763,3.585378821180121,2.683815782574323,2.688549133914184,3.9388259817971343,3.744765770288931,2.435746568523126,1.0957650172908988,1.1913619090813004,1.257768057107855,1.2205752868233735,3.6079197726694154,8.301369069058692,4.461219373431924,2.9297511694525813,3.976154852676843,5.370868037220782,1.8461349942199494,2.3602854489840097,1.9827660094323165,0.8733196096313638,3.6249126228998367,2.011999176648183,5.424880501555284,1.7318426191805263,4.252736581717251
2026-01-09 19:00:00,0.785537282913722,5.19337578757551,2.0466856189159306,2.7816818257550042,2.7857484216567827,2.0532205105913146,3.094002421394953,1.8730156012212409,2.6608345496598447,1.230277198270522,4.381189874648452,3.199051299539116,1.0419324012941997,4.284141862887498,0.0,4.861862698601545,0.0,2.534740157771639,5.548112266561084,3.8271634314754466,0.0,3.7116203520030866,3.572022393133756,0.0,0.8733196096313638,1.0364511116363737,2.4805555472723477,4.4611675984668535,1.3419704934300067,3.9991056990379383
2026-01-09 20:00:00,0.0,0.0,0.0,2.585001379491637,1.0026212813150515,0.0,0.0,3.5126963284354504,2.151347469243818,2.375417222335734,0.0,2.2506232509990807,1.0419324012941997,5.659956256985348,0.0,0.0,0.0,0.0,0.0,3.8549384108632387,0.0,2.5045853412728856,4.811913455537867,0.0,2.4512077548223887,3.109166215769098,0.0,4.481415986951261,2.7462640712956468,0.0
2026-01-09 21:00:00,0.0,0.0,0.0,2.8515273910820724,2.893828240843404,0.0,0.0,2.2175779287981507,0.0,4.647246647933898,0.0,1.830249350661908,2.0162252797385984,0.0,0.0,0.0,0.0,0.0,0.0,5.707155466674919,0.0,0.0,0.0,0.0,0.0,0.0,0.0,0.0,0.0,0.0
2026-01-09 22:00:00,0.0,0.0,0.0,0.0,0.0,0.0,0.0,0.0,0.0,0.0,0.0,0.0,0.0,0.0,0.0,0.0,0.0,0.0,0.0,0.0,0.0,0.0,0.0,0.0,0.0,0.0,0.0,0.0,0.0,0.0
2026-01-09 23:00:00,0.0,0.0,0.0,0.0,0.0,0.0,0.0,0.0,0.0,0.0,0.0,0.0,0.0,0.0,0.0,0.0,0.0,0.0,0.0,0.0,0.0,0.0,0.0,0.0,0.0,0.0,0.0,0.0,0.0,0.0
2026-01-10 00:00:00,0.0,0.0,0.0,0.0,0.0,0.0,0.0,0.0,0.0,0.0,0.0,0.0,0.0,0.0,0.0,0.0,0.0,0.0,0.0,0.0,0.0,0.0,0.0,0.0,0.0,0.0,0.0,0.0,0.0,0.0
2026-01-10 01:00:00,0.0,0.0,0.0,0.0,0.0,0.0,0.0,0.0,0.0,0.0,0.0,0.0,0.0,0.0,0.0,0.0,0.0,0.0,0.0,0.0,0.0,0.0,0.0,0.0,0.0,0.0,0.0,0.0,0.0,0.0
2026-01-10 02:00:00,0.0,0.0,0.0,0.0,0.0,0.0,0.0,0.0,0.0,0.0,0.0,0.0,0.0,0.0,0.0,0.0,0.0,0.0,0.0,0.0,0.0,0.0,0.0,0.0,0.0,0.0,0.0,0.0,0.0,0.0
2026-01-10 03:00:00,0.0,0.0,0.0,0.0,0.0,0.0,0.0,0.0,0.0,0.0,0.0,0.0,0.0,0.0,0.0,0.0,0.0,0.0,0.0,0.0,0.0,0.0,0.0,0.0,0.0,0.0,0.0,0.0,0.0,0.0
2026-01-10 04:00:00,0.0,0.0,0.0,0.0,0.0,0.0,0.0,0.0,0.0,0.0,0.0,0.0,0.0,0.0,0.0,0.0,0.0,0.0,0.0,0.0,0.0,0.0,0.0,0.0,0.0,0.0,0.0,0.0,0.0,0.0
2026-01-10 05:00:00,0.0,0.0,0.0,0.0,0.0,0.0,0.0,0.0,0.0,0.0,0.0,0.0,0.0,0.0,0.0,0.0,0.0,0.0,0.0,0.0,0.0,0.0,0.0,0.0,0.0,0.0,0.0,0.0,0.0,0.0
2026-01-10 06:00:00,0.0,0.0,0.0,0.0,0.0,0.0,0.0,0.0,0.0,0.0,0.0,0.0,0.0,0.0,0.0,0.0,0.0,0.0,0.0,0.0,0.0,0.0,0.0,0.0,0.0,0.0,0.0,2.2468411568375855,0.0,0.0
2026-01-10 07:00:00,0.0,2.2193195598946547,0.0,0.0,1.7119074519269388,0.0,0.0,0.0,0.0,2.0310787490839375,0.0,0.0,0.0,0.0,0.0,0.0,0.0,1.6984171661696716,0.0,0.0,0.0,0.0,0.0,0.0,0.0,0.0,1.6319974076380075,0.7589526603882885,0.0,1.0126395659311225
2026-01-10 08:00:00,0.0,1.5800997746650702,2.66752747293359,1.9490212040486115,2.4711402997608993,0.0,1.933593220979963,0.0,1.4809303613806313,1.8228905213008175,1.2244570122621226,3.0948095189947753,0.0,0.0,0.0,0.0,2.100985685711046,0.6136124563454989,0.0,2.5964278076419824,1.3282746499823728,0.0,1.7417648283047165,1.0812200097785782,0.0,0.0,0.9855012964749723,2.188391812209466,2.090172361917894,1.2648979135774834
2026-01-10 09:00:00,0.39852058640883714,2.3584305177529092,2.9010701689891714,2.0402582713397566,1.5667903720647176,1.666067588974726,1.5425056739112115,1.0359267922960973,1.0638663875837182,2.093585858383358,1.6422048795227182,2.8359633437309646,1.40085919373966,0.8589663627752803,0.0,1.839299247439079,3.9691708648718436,2.147477727470104,1.3559545635569623,2.8850752678978093,0.8051736187353585,0.7046813988888426,1.693616908350226,0.4686544947797679,0.3701296344083604,0.6038026361748839,3.2123935287608893,2.4044776736703724,1.7408006445454542,0.43750210499951425
2026-01-10 10:00:00,1.0490856121680492,0.8206403713135403,2.963384274350866,2.18375844550988,0.5530924755629968,1.0003786085765418,2.349200126401671,1.661234777805723,2.057905965961123,1.4827849609637909,1.6440578514629005,2.998067856607609,3.0614967439805048,1.8020247959837192,2.194113289323012,2.726303868432667,1.556326107219183,1.1528061980856754,4.897725628104394,2.1711854004207347,2.752201195726751,1.440199541501421,2.668633548126314,1.5394872359660676,1.250582694295493,1.5852073609013775,1.4240109759029664,1.1054628026245041,1.8878709253145158,1.675552948209641
2026-01-10 11:00:00,0.9267134267742274,3.1666636718585925,1.634524168410417,2.9642484623965437,2.405076885047118,2.347478417979711,1.5635677702899973,2.455063897597893,1.9793762723853376,3.2029219919515004,1.5248254199812656,3.8213291749640623,3.788259286914626,0.9424977668567118,0.7490351209953939,3.3876249334532034,2.404736289304688,1.1582032433369613,3.004306720618945,2.5555913388998297,1.2140393799760172,1.1156650936984387,1.9715375702025602,0.917228474237514,0.45361258951417605,0.6038026361748839,2.4846716602023577,3.0047072573333353,1.401098988470385,0.8160494597073445
2026-01-10 12:00:00,0.9014227770440638,1.8229267311102955,1.4055845915602665,3.7750948975073175,2.24494348061435,1.3411633244267442,1.7357587374396597,3.019291716207544,2.6403772953035842,1.3931329817109026,3.0781698457450823,2.5413202012623364,1.0232967901987429,2.2280353585530777,1.8262957221341674,1.1366152270814667,0.9053162262650958,0.7388243453028807,6.101795536006331,1.91216117687919,1.6071516140599547,0.7743119257448282,1.2242216167826954,1.3404377689492535,0.6672409974361682,1.4647082388520998,3.5668371839244446,2.7752974108969517,2.303820612710983,1.9687594724978141
2026-01-10 13:00:00,0.9536206309312883,3.6130517668672013,3.1800942439649846,0.8879502415169049,0.6571379563143336,0.7265374886790666,0.5951641708690886,1.0359267922960973,1.2658338968496068,1.3895134302987067,3.044541291714608,3.485362739500783,2.2684887147167414,1.3124249651763826,2.408925545129914,3.784764882209862,2.032250011563848,2.1687287279063496,4.018465862640059,2.2904203734174,1.6546621408731859,0.5024243566012242,1.0543243145605563,0.5286997089606111,0.6932650301401315,1.1020437285633635,3.4267712554218024,1.925221238322745,1.3411776506940145,1.47592210584661
2026-01-10 14:00:00,0.39852058640883714,2.173309658057881,2.2972992899197315,2.8313335341492114,1.3490120913294148,2.067243086855625,2.1890065391065345,1.2540582251416212,1.870822440085344,1.8020027618374896,2.698805930234453,1.6963976880928375,0.8992379385552621,2.0494105109653584,2.9247823942143767,1.1645069847053615,0.8820379699715208,0.6585627171390601,2.4998420463566537,1.6059536391934488,2.970142855760404,1.886131973346218,3.256131623793736,0.8655991264794536,0.8709251411212516,0.6038026361748839,1.43828958677112,3.235586536231149,0.9453419648848791,0.753047512146682
2026-01-10 15:00:00,0.8915010315428925,1.2152774749728565,0.8477753010364146,1.6087565450329295,1.472845475679978,1.9136412491657024,0.6720498596180103,1.0359267922960973,0.6605674486580887,1.7346777235148783,1.62304420285044,3.312331957725841,0.8992379385552621,1.4122825888080444,1.8743258016891433,4.872757551376603,3.4425160705101994,1.3402774920527512,2.5608421367457237,2.198617612283367,2.0493293288457766,1.6873447909970218,2.5777551872518574,0.569042091683886,1.2904606379476797,1.8148273258322187,3.827754023333716,2.3992141531814117,0.8008626501674637,1.779015407305179
2026-01-10 16:00:00,0.9245852659047827,0.8206403713135403,0.7177968555913656,0.8879502415169049,1.2382307329839095,1.3477431163957116,1.4320479541669675,4.661670565332438,2.071346896257283,0.8968826630441864,2.3171327761803417,1.201846716401764,2.238011845738111,1.7585870049854762,3.3706580444792733,4.1329276040315746,2.871974745938941,2.214565738016091,3.396661502845322,2.600067562415757,0.936510162750525,1.5205077491402303,1.4837183400734237,1.337187514182202,0.3701296344083604,0.6038026361748839,4.280165404756769,3.2912622589569276,0.6410649959152257,0.7275300647729033
2026-01-10 17:00:00,0.39852058640883714,0.8206403713135403,0.7225278825894047,1.9823456953822365,1.5554627094359312,0.521661870662158,2.6782387689108984,1.8528727508189595,1.213979425816983,1.385616530174228,0.790254185728288,1.0857212116819044,1.18234744245004,0.8689382201033695,0.7490351209953939,1.882490974078677,2.997758540143627,2.657626928293485,5.278670060310594,1.84817251287017,2.970142855760404,0.8017119198230636,0.7948209994605049,0.4686544947797679,1.0061208984570649,0.6038026361748839,1.837331457234847,2.127149562561153,1.232561547873569,0.9267518842961303
2026-01-10 18:00:00,1.7801046647781826,0.8206403713135403,1.278618420791261,0.8879502415169049,2.2798575999901156,1.1122160782508497,1.0083645712167466,4.661670565332438,2.6403772953035842,1.8436457785747153,0.790254185728288,0.8491842611031248,1.1713062669086989,2.4087043682869824,2.318257108277504,3.9983551125667054,2.2793390332875143,2.220261467130965,4.178600916567324,1.155471242803606,2.970142855760404,1.5260462693209798,2.2168032072818593,0.7058548205848431,0.3701296344083604,0.6038026361748839,1.7022773976894048,2.318099800602522,1.3270878208413608,0.9502797461904926
2026-01-10 19:00:00,1.0229154427346208,2.2137708948671806,1.8115981582846474,0.0,0.0,1.936937965702284,1.2343148475934587,0.0,1.7406372565423147,1.6550500609857517,3.556143835777296,1.5372303573373864,2.3164856122685373,0.6964151756608359,0.0,3.7546764530491785,3.0545801282737215,1.909975493858779,1.5403806391929113,0.0,1.8491484249153034,1.141907235033524,0.0,1.4457082264186263,0.5714177422068901,1.153832671383934,4.430665884144471,2.308213178618782,2.303820612710983,1.8959453952192271
2026-01-10 20:00:00,0.39852058640883714,0.0,0.0,0.0,0.0,1.1683203353363045,0.0,0.0,0.0,1.3037324052960457,2.2925661833281237,3.8213291749640623,0.8992379385552621,0.0,0.0,1.1366152270814667,0.8820379699715208,1.5280828036782286,0.0,0.0,0.0,1.4014971096995517,0.0,1.3530410379632212,0.0,2.3843081888648263,0.0,0.7817223872715496,0.0,0.43750210499951425
2026-01-10 21:00:00,1.1223119521559402,0.0,0.0,0.0,0.0,0.0,0.0,0.0,0.0,2.1861380711926026,1.614352360346275,3.6948065475010132,0.0,0.0,0.0,1.8599919973271344,1.6241589063900135,1.4656549425315037,0.0,0.0,0.0,2.232914684775446,0.0,0.0,0.0,0.9884349492089001,0.0,0.0,0.0,1.1441146283218058
2026-01-10 22:00:00,0.0,0.0,0.0,0.0,0.0,0.0,0.0,0.0,0.0,0.0,0.0,0.0,0.0,0.0,0.0,0.0,0.0,0.0,0.0,0.0,0.0,2.2609096047055086,0.0,0.0,0.0,0.0,0.0,0.0,0.0,0.43750210499951425
2026-01-10 23:00:00,0.0,0.0,0.0,0.0,0.0,0.0,0.0,0.0,0.0,0.0,0.0,0.0,0.0,0.0,0.0,0.0,0.0,0.0,0.0,0.0,0.0,0.0,0.0,0.0,0.0,0.0,0.0,0.0,0.0,0.0
2026-01-11 00:00:00,0.0,0.0,0.0,0.0,0.0,0.0,0.0,0.0,0.0,0.0,0.0,0.0,0.0,0.0,0.0,0.0,0.0,0.0,0.0,0.0,0.0,0.0,0.0,0.0,0.0,0.0,0.0,0.0,0.0,0.0
2026-01-11 01:00:00,0.0,0.0,0.0,0.0,0.0,0.0,0.0,0.0,0.0,0.0,0.0,0.0,0.0,0.0,0.0,0.0,0.0,0.0,0.0,0.0,0.0,0.0,0.0,0.0,0.0,0.0,0.0,0.0,0.0,0.0
2026-01-11 02:00:00,0.0,0.0,0.0,0.0,0.0,0.0,0.0,0.0,0.0,0.0,0.0,0.0,0.0,0.0,0.0,0.0,0.0,0.0,0.0,0.0,0.0,0.0,0.0,0.0,0.0,0.0,0.0,0.0,0.0,0.0
2026-01-11 03:00:00,0.0,0.0,0.0,0.0,0.0,0.0,0.0,0.0,0.0,0.0,0.0,0.0,0.0,0.0,0.0,0.0,0.0,0.0,0.0,0.0,0.0,0.0,0.0,0.0,0.0,0.0,0.0,0.0,0.0,0.0
2026-01-11 04:00:00,0.0,0.0,0.0,0.0,0.0,0.0,0.0,0.0,0.0,0.0,0.0,0.0,0.0,0.0,0.0,0.0,0.0,0.0,0.0,0.0,0.0,0.0,0.0,0.0,0.0,0.0,0.0,0.0,0.0,0.0
2026-01-11 05:00:00,0.0,0.0,0.0,0.0,0.0,0.0,0.0,0.0,0.0,0.0,0.0,0.0,0.0,0.0,0.0,0.0,0.0,0.0,0.0,0.0,0.0,0.0,0.0,0.0,0.0,0.0,0.0,0.0,0.0,0.0
2026-01-11 06:00:00,0.0,0.0,0.0,0.0,0.0,0.0,0.0,0.0,0.0,0.0,0.0,0.0,0.0,0.0,0.0,0.0,0.0,0.0,0.0,0.0,0.0,0.0,0.0,0.0,0.0,0.0,0.0,0.0,0.0,0.0
2026-01-11 07:00:00,1.2855743348511732,0.0,0.0,0.27211633417630704,1.0308641677955612,0.0,0.0,0.0,0.0,0.7253003085459826,0.0,0.0,0.0,0.0,0.0,0.0,1.2019101545798017,0.7654761257554634,0.0,0.0,0.0,0.0,0.0,0.0,1.664153502352985,0.0,0.0,0.0,0.0,0.0
2026-01-11 08:00:00,0.9869076008381025,0.6741746799884849,0.0,1.122069513044,2.3194451334467088,0.0,0.0,1.1876282074926106,0.0,0.7253003085459826,0.0,0.0,1.2531298204400847,2.7878252603555973,0.0,0.0,1.9412601146489343,1.9194335970705754,0.0,0.0,0.3626893024968034,0.852381622341829,2.9745816485669554,0.0,0.721541410451281,0.510598613718447,1.7084814770291366,0.0,0.0,0.36948251351517614
2026-01-11 09:00:00,1.2089184199016234,0.5184027209636379,5.088674355896745,0.24934878067644445,2.9601750239656877,0.0,3.5624327026036204,0.45149974998811104,0.0,1.6249899784039947,0.0,0.0,0.5645766273278406,3.0262268024715397,1.0166083407345656,2.164030858760148,0.5475384158208838,0.7100340057369982,4.248958310139462,0.0,0.3626893024968034,0.8136446538206977,2.945522882730152,0.9206973697376061,0.721541410451281,0.510598613718447,0.6892076552864125,0.0,2.070382540566707,1.066790598589384
2026-01-11 10:00:00,1.7882749477464999,1.5177553537695858,4.542339901554235,0.8690804524646125,0.8542514451927377,4.164008627148426,1.7113550634889712,0.9517964259333848,0.4743327771660638,1.29322505847168,1.407429171242923,0.6711866130142065,0.9497508690375907,2.402328762821597,2.943481254923348,2.288145595184577,1.6081638876782143,1.6167096692528924,3.8360564512939717,1.4989340566162337,1.5177475825399556,0.9178894130780616,2.824832500562683,0.29271378601147824,1.3342477178850596,1.237546297724517,1.5568530333637987,1.3969183439491957,0.8830016921436348,0.7282529347323603
2026-01-11 11:00:00,0.6298881468739709,0.8256643937882456,5.515686883717388,1.0829295012712434,2.4287189685468316,3.6694426592620575,3.0177865055823765,1.3564736797565138,1.979465115071451,1.2355518057219503,2.1392017009419035,1.9850691308600064,0.5645766273278406,3.0262268024715397,0.9987593606134085,0.7605651581508385,0.48646500359180567,2.012807776941969,1.914621659753837,1.066728604997849,1.2898979264066666,1.0364574534107858,3.5149235114327566,0.29271378601147824,3.246936347030764,0.510598613718447,1.97418048968075,0.6831723345576849,1.5252780473985248,1.226400953319501
2026-01-11 12:00:00,0.39739443283255554,0.4474867980318023,1.3392626789301616,0.638637967347652,2.3533118052254505,3.5475629697244506,1.5592559957682601,0.7849411628635319,1.2224388793841825,1.728954208276309,2.2119685071911994,3.0203397585639293,1.3546286818077453,3.0262268024715397,2.0221829999164265,2.650508243285924,1.3750538786553295,1.4312005574138322,3.3228111740699826,1.066728604997849,1.1083092055290484,1.062982918326673,2.549204200945944,0.4629724370242115,0.721541410451281,1.5415464815569628,0.6469800829850426,1.8811775670717896,1.5524176248388826,1.4227459294756533
2026-01-11 13:00:00,0.39739443283255554,0.602567215034656,2.3821363556121504,0.5395854601926904,2.8087861511361387,1.6844168317049233,3.5624327026036204,1.3564736797565138,1.4012523735243125,0.9996759575103579,2.3621928577333513,2.3022987525366827,0.5645766273278406,2.1473348589810843,3.7963579505922636,1.243431181412319,1.3546842599681617,0.7209063619375861,4.2124606438550805,3.658780287830318,1.2923599126015548,1.6933586521860333,2.8927530724862045,0.5225504711530627,1.527683730155,1.3354893554739844,0.959969410486242,0.4180394593492866,0.9249986763189958,1.2644821541232336
2026-01-11 14:00:00,0.39739443283255554,1.4311402143752745,3.1080236801042793,0.48237537763388677,3.6155235378519603,1.0790696501932535,2.1035973192704893,0.7309829739690495,1.6727876772241732,3.263851388456921,2.4573953222281992,2.1935812657545073,0.5645766273278406,2.7518658121431137,2.81953961444951,1.2385297418538053,1.5389520707805604,2.2329724769158945,3.444971004395616,1.3748098751488482,1.30217234201415,1.5369800807383496,1.050792476569563,0.8007407142220174,0.721541410451281,2.1935422581835096,1.2458561988336456,0.8495732633080612,0.8755766954502183,0.8775977529646928
2026-01-11 15:00:00,0.7211739975751591,0.9982767628141721,1.3392626789301616,0.9240576289507775,3.0583992810194043,1.603239806253441,1.3930147817494891,1.039397272615663,1.3427112231315965,1.9477422867362204,2.4659767762632376,2.107906941385825,0.8709324004663057,0.9433286585273808,3.2846054179930024,1.366906136638032,0.7429811657991645,0.9685061131398662,3.7046685308015497,3.3288855622838476,0.7365635425648435,0.5398083122626331,2.4107603262550854,0.4044824036662814,0.7757273267907367,0.510598613718447,0.5048352258830032,0.5760430871364708,1.0765494984506105,0.36948251351517614
2026-01-11 16:00:00,0.9480529484532909,0.4474867980318023,4.0144655113078285,1.122069513044,0.8568869900349735,2.9572703519860912,2.4952993664132754,1.103115084568059,0.6390334080266723,3.263851388456921,0.7686547276667676,1.2084926583718927,1.6858542390684068,2.5304868600888084,3.8322177954220904,0.7605651581508385,0.48646500359180567,0.7709914991572397,3.8364755313379892,1.2335174395109074,1.3859333552136373,1.5273528009042001,3.5149235114327566,0.29271378601147824,1.4176093712012283,1.4094650352515234,1.7302977942139421,1.5113215666127857,1.2430540771698544,0.39668545914149905
2026-01-11 17:00:00,0.9130864092017008,1.106862008288037,2.7449214844347107,1.122069513044,2.4423012623728435,2.9097071081069985,2.418319233043765,0.8029492986947055,1.3998641800540061,1.9761429644104231,2.5325974263043363,1.3425072734528143,2.191153815933132,2.795291156097072,1.4064607758022987,2.9799114068717385,1.517817559290945,0.49621610598130983,2.5610856032735816,3.2045731421191985,1.3020474936999835,0.467071964712048,1.8181691085139233,0.3493669874798617,1.5704717703938853,1.2383132514252537,1.0701186187508684,0.6629357790924386,1.9060639607025769,1.0703506744396514
2026-01-11 18:00:00,1.2116974057439982,1.14887381965204,4.134549205660524,1.032197085989862,3.4131538139278703,4.228182756422105,0.9590916549043963,0.30143859550144747,0.788264263295345,1.264153242425661,2.591975078346289,3.0203397585639293,1.23606593483875,2.29764118909646,3.327893546168856,2.3503275401133306,1.5289057295844903,1.8364776617482514,4.223213804409174,3.497861857115438,1.3641546559505116,0.5304586785767639,2.4027810522162905,0.7673539268988442,1.2446582693200987,1.156899846290713,1.3379266225756843,0.4180394593492866,1.9793844718974767,1.297006271706306
2026-01-11 19:00:00,0.7700501014858061,0.0,0.0,1.122069513044,1.6995700640971492,4.586775043316443,3.5624327026036204,0.0,1.0762765209903484,0.0,1.619947340597064,0.0,1.001065928609515,1.812986127557562,1.337024416416334,2.0116242288615007,2.0269845629445387,1.5660290992264925,3.466014065194204,3.4371385609793452,0.747123322318932,1.124082679674032,2.4351285429337093,0.29271378601147824,2.0809928302280905,0.510598613718447,2.036732509917701,1.1102448641522147,1.485478080993577,0.6499354736280194
2026-01-11 20:00:00,1.5514572790543044,0.0,0.0,0.3221396098906518,2.799371889369697,0.0,3.5624327026036204,0.0,0.4743327771660638,0.0,0.6978278320102286,0.0,0.0,2.1245427961364522,0.0,0.0,2.189092516163125,0.0,0.0,0.0,0.5009803116172177,0.5542560069737513,2.780558385013212,0.0,1.8375438534502548,0.6777252552174033,0.0,1.3799438631727856,1.0322160983742392,1.6184663384535716
2026-01-11 21:00:00,0.6194359583676007,0.0,0.0,0.0,1.4700442851108377,0.0,3.044484612555694,0.0,1.2730760243393606,0.0,1.8597016068197034,0.0,0.0,0.0,0.0,0.0,1.600034697079946,0.0,0.0,0.0,0.0,0.9230836174607244,0.0,0.0,0.0,0.0,0.0,0.0,0.5095359839978476,1.6626713108182927
2026-01-11 22:00:00,0.0,0.0,0.0,0.0,3.844131503367319,0.0,0.0,0.0,0.0,0.0,0.0,0.0,0.0,0.0,0.0,0.0,0.0,0.0,0.0,0.0,0.0,0.9443231542341871,0.0,0.0,0.0,0.0,0.0,0.0,1.57239893601206,0.0
2026-01-11 23:00:00,0.0,0.0,0.0,0.0,0.0,0.0,0.0,0.0,0.0,0.0,0.0,0.0,0.0,0.0,0.0,0.0,0.0,0.0,0.0,0.0,0.0,0.0,0.0,0.0,0.0,0.0,0.0,0.0,0.0,0.0
2026-01-12 00:00:00,0.0,0.0,0.0,0.0,0.0,0.0,0.0,0.0,0.0,0.0,0.0,0.0,0.0,0.0,0.0,0.0,0.0,0.0,0.0,0.0,0.0,0.0,0.0,0.0,0.0,0.0,0.0,0.0,0.0,0.0
2026-01-12 01:00:00,0.0,0.0,0.0,0.0,0.0,0.0,0.0,0.0,0.0,0.0,0.0,0.0,0.0,0.0,0.0,0.0,0.0,0.0,0.0,0.0,0.0,0.0,0.0,0.0,0.0,0.0,0.0,0.0,0.0,0.0
2026-01-12 02:00:00,0.0,0.0,0.0,0.0,0.0,0.0,0.0,0.0,0.0,0.0,0.0,0.0,0.0,0.0,0.0,0.0,0.0,0.0,0.0,0.0,0.0,0.0,0.0,0.0,0.0,0.0,0.0,0.0,0.0,0.0
2026-01-12 03:00:00,0.0,0.0,0.0,0.0,0.0,0.0,0.0,0.0,0.0,0.0,0.0,0.0,0.0,0.0,0.0,0.0,0.0,0.0,0.0,0.0,0.0,0.0,0.0,0.0,0.0,0.0,0.0,0.0,0.0,0.0
2026-01-12 04:00:00,0.0,0.0,0.0,0.0,0.0,0.0,0.0,0.0,0.0,0.0,0.0,0.0,0.0,0.0,0.0,0.0,0.0,0.0,0.0,0.0,0.0,0.0,0.0,0.0,0.0,0.0,0.0,0.0,0.0,0.0
2026-01-12 05:00:00,0.0,0.0,0.0,0.0,0.0,0.0,0.0,0.0,0.0,0.0,0.0,0.0,0.0,0.0,0.0,0.0,0.0,0.0,0.0,0.0,0.0,0.0,0.0,0.0,0.0,0.0,0.0,0.0,0.0,0.0
2026-01-12 06:00:00,0.0,0.0,0.0,0.0,0.0,0.0,0.0,0.0,0.0,0.0,0.0,0.0,0.0,0.0,0.0,0.0,0.0,0.0,0.0,0.0,0.0,0.0,0.0,0.0,0.0,0.0,0.0,0.0,0.0,0.0
2026-01-12 07:00:00,0.0,0.0,0.0,1.6553792017071471,0.0,0.0,0.0,0.0,0.0,0.0,0.7453009295583626,0.0,2.598348528560962,2.6961154083091654,0.0,3.970206507898049,0.0,0.0,3.841394235658938,0.0,0.0,0.0,2.5627191140996652,0.0,0.0,0.0,0.0,0.0,2.3818068647297412,0.0
2026-01-12 08:00:00,0.0,0.0,0.0,3.311491149344814,2.7593632586828845,0.0,0.0,2.5461483948976324,1.1873641299804147,0.0,2.5661740991287507,0.0,0.8714229847490309,4.010918768155216,0.0,2.7827118020151738,0.0,3.288634576951421,2.2333591509831887,0.0,0.0,0.0,1.6014194153333678,0.0,1.0981827168319467,1.2868464111008562,0.0,0.0,1.5334460130604415,0.0
2026-01-12 09:00:00,0.0,2.1442728270378666,3.9782754171893098,1.0026407321134767,3.2366109109599983,2.583982346242737,3.3171580044135074,5.185995391585587,2.2452544094794082,1.5373915256544195,1.76918007608664,2.4252719280048454,1.5020073897462207,1.0690561976275335,5.003613906110642,3.317904359570338,0.0,2.9938883154631326,3.052808310245828,3.9198161264928575,0.0,4.450528230216365,2.1427319238606657,2.2021671862525025,1.3121122193969146,2.0008726929531555,0.0,2.3313919603289808,1.0967839383037812,4.88543825539763
2026-01-12 10:00:00,0.0,2.0326671629265314,1.1767170676308019,1.0026407321134767,4.399702564358932,2.6625194631817495,1.297463906562869,1.1900949898078994,1.568822735768768,2.0043269560225476,1.175590054394915,4.584365588513869,2.3261273480109015,1.6529478522637318,1.914338578998475,3.626302854648846,2.897123089396609,5.180922409419609,1.273703678003748,5.0626654020281086,3.2454328508727865,2.269203925115896,2.9149512440678778,4.865553957029354,2.371979227920948,5.731093003749173,3.678833588420642,1.6163458981486984,1.0967839383037812,4.319129628453163
2026-01-12 11:00:00,3.124173580678202,1.0391274881815333,1.1767170676308019,2.963133357868542,0.9845191457509865,4.205814026567982,1.297463906562869,3.2332817069067787,1.9519827854195637,6.918261865444888,2.8379132922293273,5.764222333530824,0.8714229847490309,3.744036821394779,2.8142335110044585,3.9708726598948396,3.874280871069595,2.6438685285503403,2.299310100959895,3.239135378388711,0.8995476884004975,4.982072906316071,1.6641157703852967,3.1312422983616353,3.396136091536109,4.368796978509374,4.965359680136718,1.5408421316050933,1.1957373462023861,2.0434424837382807
2026-01-12 12:00:00,1.9566842969303495,2.9022510281441947,3.4988782298053436,1.0092295564963598,4.198398332750354,3.2596866310259167,2.605369188324348,2.4868394236757485,1.7382546766297056,3.8142910203637856,2.335645989593588,4.618647776866672,1.6805911446719632,4.810752889323901,5.268088904878264,2.3820862488331636,3.164481294307326,5.0074970925809,1.2973621078355957,3.044344627007334,1.5065006462038673,3.8087191412429355,1.0155562035272956,1.3358628713510476,1.0329083542338295,2.8267756328497633,5.648406457571077,2.3869336685497746,3.8029304119463974,4.282925786146015
2026-01-12 13:00:00,3.507079194004948,1.0893168367645458,1.358579158952572,2.6193434413202388,4.43033615587944,3.4121978565515843,4.0179250582331,2.9989902814782137,2.9358317833406913,2.3571542220562263,1.8211707132311852,1.2809382963401832,1.1646165404791686,3.103218274552952,4.773930148701831,1.0979290450133967,3.4901602144603805,3.2529576006148635,3.667635910064299,1.8830273113865612,1.4397757494267254,1.1071273125146825,3.194882927426683,1.3358628713510476,1.03320450573883,5.590137657817205,5.882801448029912,1.5101240074819764,4.32943918721322,3.443422592893657
2026-01-12 14:00:00,3.1089009053168244,1.551535400369646,4.728719680819397,1.0026407321134767,4.361763407325058,2.2931140348291326,1.297463906562869,4.085597873205802,0.7000668264155566,1.942051835918586,1.2965764020977353,3.0066561636173628,2.575493427169968,3.72386852422747,2.502794604132099,3.356337923449559,1.0923606315226293,3.6519246433535297,1.8062327229205513,2.0909979720470178,2.5484989130238285,4.014907807828524,0.7099739838725962,4.296367177115203,1.0329083542338295,1.2868464111008562,6.814966984855398,1.121960239895548,1.6652546823387664,1.605068420982417
2026-01-12 15:00:00,2.2058055080113546,1.0391274881815333,3.840263214048629,4.310288972353581,3.052871705159542,2.6424037292736084,1.297463906562869,3.4597085390776465,3.150300718870005,4.712868677751098,3.2899215644465323,4.931410330719282,3.921403431370639,2.471150747459448,1.2040900217147523,4.449942152943084,1.0065677837584892,1.1513160909821354,1.6596413790787787,1.891400588364569,0.8995476884004975,1.1874251735427632,3.0682295729650333,3.625569443722198,1.0329083542338295,1.2868464111008562,4.425537193425429,1.9477553858299435,4.168891721212517,4.661487231310056
2026-01-12 16:00:00,1.211589256191989,1.346081987807059,5.295226804338609,3.7949486077326133,1.5554395387785211,2.0550578805098745,2.09471887091615,2.7621319827683637,1.9581669313996821,3.481899427925011,2.4453480345436627,1.2809382963401832,1.9254333466033025,2.5916404464967515,1.2040900217147523,3.09588256547579,1.1406749817513149,2.6569978520673665,2.3791949011265614,2.0880109118127304,1.9334834094708893,3.9453656037616414,3.194882927426683,1.917907626987158,1.3139514226829943,1.8404090821622878,1.6779347902703745,3.2154080542167067,2.769844904679026,6.212039178868382
2026-01-12 17:00:00,1.211589256191989,4.6760736968169,2.7208240764300697,2.523033350807924,4.43033615587944,1.079675240157396,2.64450327155379,3.671789016899808,1.303553914611873,4.658806916922936,0.7453009295583626,1.2809382963401832,0.8714229847490309,3.899150497843028,4.084097017953792,3.2529922494424666,3.172692860043759,1.1513160909821354,3.540130618677472,3.0717705618258506,4.047964597802239,3.1461966718048124,1.3008539888911788,1.3358628713510476,1.0329083542338295,3.1950160404676384,5.366631544405401,1.8943642748156249,1.2130353155917015,1.3804531508596407
2026-01-12 18:00:00,1.5877963109266136,3.9421825010708726,4.8470349885113295,2.559213743405462,2.5690847748364503,2.327202591747894,2.6611719942290186,5.296330052435894,1.5811622318588978,1.6550263837370618,0.7453009295583626,3.376957897512508,1.2170816258990722,4.810752889323901,2.7750915617272183,3.863084624761979,1.9787538306758867,2.664085390475486,2.510532346662426,2.4725175796315857,3.109019408408347,2.341561335894426,1.6546253660276722,5.332532978270314,2.4370004023140237,1.2868464111008562,7.550706556216684,2.470316189775841,1.7494641587966917,1.5881310127045538
2026-01-12 19:00:00,3.7425802561563146,0.0,0.0,2.396019882741229,1.3690043871274364,2.8803356113051635,4.315089756065613,1.3914555265663227,3.150300718870005,6.918261865444888,2.0113196265685573,2.7717231069410078,3.921403431370639,0.0,2.777883595835873,0.0,3.288696292337001,2.73264247461171,2.041681159254673,2.326471631371019,2.40857706918824,3.6098062094665457,2.241535664729797,4.6183042873428235,1.0329083542338295,1.6447793956453873,0.0,0.854012598572546,1.8400323152070808,6.212039178868382
2026-01-12 20:00:00,0.0,0.0,0.0,4.2465954792907805,2.7534097605396792,2.4525495101054346,3.4656509903873074,0.0,3.0655574700933483,0.0,0.0,3.459867209177797,3.921403431370639,0.0,3.5332777428408906,0.0,3.010570617912829,4.378745529522984,0.0,5.153845777067114,0.0,4.982072906316071,3.194882927426683,0.0,2.1056711224708424,2.6703342065365625,0.0,0.854012598572546,0.0,4.187893820587259
2026-01-12 21:00:00,0.0,0.0,0.0,2.8608236416023813,0.0,0.0,0.0,0.0,0.7000668264155566,0.0,0.0,0.0,0.8714229847490309,0.0,0.0,0.0,0.0,0.0,0.0,0.0,0.0,0.0,2.6851969276333847,0.0,0.0,0.0,0.0,1.0835998822896664,0.0,0.0
2026-01-12 22:00:00,0.0,0.0,0.0,0.0,0.0,0.0,0.0,0.0,0.0,0.0,0.0,0.0,0.0,0.0,0.0,0.0,0.0,0.0,0.0,0.0,0.0,0.0,0.0,0.0,0.0,0.0,0.0,0.854012598572546,0.0,0.0
2026-01-12 23:00:00,0.0,0.0,0.0,0.0,0.0,0.0,0.0,0.0,0.0,0.0,0.0,0.0,0.0,0.0,0.0,0.0,0.0,0.0,0.0,0.0,0.0,0.0,0.0,0.0,0.0,0.0,0.0,0.0,0.0,0.0
2026-01-13 00:00:00,0.0,0.0,0.0,0.0,0.0,0.0,0.0,0.0,0.0,0.0,0.0,0.0,0.0,0.0,0.0,0.0,0.0,0.0,0.0,0.0,0.0,0.0,0.0,0.0,0.0,0.0,0.0,0.0,0.0,0.0
2026-01-13 01:00:00,0.0,0.0,0.0,0.0,0.0,0.0,0.0,0.0,0.0,0.0,0.0,0.0,0.0,0.0,0.0,0.0,0.0,0.0,0.0,0.0,0.0,0.0,0.0,0.0,0.0,0.0,0.0,0.0,0.0,0.0
2026-01-13 02:00:00,0.0,0.0,0.0,0.0,0.0,0.0,0.0,0.0,0.0,0.0,0.0,0.0,0.0,0.0,0.0,0.0,0.0,0.0,0.0,0.0,0.0,0.0,0.0,0.0,0.0,0.0,0.0,0.0,0.0,0.0
2026-01-13 03:00:00,0.0,0.0,0.0,0.0,0.0,0.0,0.0,0.0,0.0,0.0,0.0,0.0,0.0,0.0,0.0,0.0,0.0,0.0,0.0,0.0,0.0,0.0,0.0,0.0,0.0,0.0,0.0,0.0,0.0,0.0
2026-01-13 04:00:00,0.0,0.0,0.0,0.0,0.0,0.0,0.0,0.0,0.0,0.0,0.0,0.0,0.0,0.0,0.0,0.0,0.0,0.0,0.0,0.0,0.0,0.0,0.0,0.0,0.0,0.0,0.0,0.0,0.0,0.0
2026-01-13 05:00:00,0.0,0.0,0.0,0.0,0.0,0.0,0.0,0.0,0.0,0.0,0.0,0.0,0.0,0.0,0.0,0.0,0.0,0.0,0.0,0.0,0.0,0.0,0.0,0.0,0.0,0.0,0.0,0.0,0.0,0.0
2026-01-13 06:00:00,0.0,0.0,0.0,0.0,0.0,0.0,0.0,0.0,0.0,0.0,0.0,0.0,0.0,0.0,0.0,0.0,0.0,0.0,0.0,0.0,0.0,0.0,0.0,0.0,0.0,0.0,0.0,0.0,0.0,0.0
2026-01-13 07:00:00,0.0,1.0777883523051621,0.0,0.0,0.0,1.6020994059947404,0.0,0.0,3.8738440189465893,0.0,0.9074416213644365,0.0,0.0,0.0,0.0,0.0,1.3866005962118453,3.8509398430170902,0.0,0.0,0.0,0.0,0.0,0.0,0.0,0.0,0.0,0.0,0.0,0.0
2026-01-13 08:00:00,0.0,2.119233133686008,0.0,3.836089920497015,3.8071412500190718,4.45817878564896,0.0,2.4452964192674904,2.5272329494364834,0.0,3.0079624155672833,0.0,3.840572632136054,0.0,0.0,0.0,3.3092225453170094,1.7965255243432534,0.0,0.0,0.0,0.0,0.0,0.0,0.0,0.0,1.806264197321131,0.0,2.4358463202341594,0.0
2026-01-13 09:00:00,1.2793214946316112,2.9883659796815385,1.0887858499473033,4.130398517250572,1.093661366234274,1.2149996716844176,4.158705519122504,1.4070314746567134,1.2512688799412262,3.2736301839416426,1.3786637540779612,3.230702752325031,2.3800226460841754,0.0,0.0,1.8416532088097775,2.4510850534959836,6.36816140462886,0.0,0.0,0.0,5.312733238544521,0.0,4.676857014809024,5.3184638914783156,4.47153162701294,1.1438500508940959,1.2140421899722351,0.9084931966332986,3.2789607865936343
2026-01-13 10:00:00,2.7247434007830607,1.5496171441928677,2.142737486262666,1.0320208893500842,3.946838974764499,4.607745743057092,0.9241567820272232,4.135803032801807,1.093593073644341,1.4477844301688687,3.8458894039285427,0.9927407648661705,2.148803089376999,0.0,5.418250407932505,4.308679657967191,2.85365297938796,2.3054577162480414,6.327637671957163,2.5918571959702628,3.5214734938784855,1.3927455890934677,4.001611121939047,4.730921870016773,1.1818808647729588,3.998013254784986,1.8746625172258802,3.5007960269987115,3.2603471026304867,3.559944271397103
2026-01-13 11:00:00,2.557945631984889,1.8331974319473507,1.074128933368707,3.0845291846033116,1.347634288279815,3.5649387291195125,2.2442567257919044,4.053826617862844,3.715133884155342,5.8053648559341235,1.4698464296762812,2.086806902409399,2.996001673116726,2.9955510058084727,4.1651388863808,3.54446501006197,1.1028968078546746,3.494756164269084,3.007316153260584,3.2143286737204044,2.4496969933419344,1.3927455890934677,3.3595508783039945,1.9848617184118829,4.273736208925453,6.257269251737201,2.356319914860278,2.975033268740597,1.9919048788710763,4.711796686632927
2026-01-13 12:00:00,1.2793214946316112,2.6773479288103057,1.62811315715072,2.5414200966685545,3.7364247849041137,1.485523531849489,0.9241567820272232,5.230597805145153,2.781618379386397,1.4477844301688687,2.053494535320035,3.5430443889188563,2.2028566698534227,1.5967155109596998,5.69628420933543,2.9664150521740353,1.6878071694130525,4.08116744086201,3.0601967886011106,3.5594902254710723,1.295647858098317,2.441341616634935,4.426235231136198,3.6379988541567174,1.5872622109687138,5.090491728776433,3.590385701618829,4.707648263316232,1.9129494038561659,4.524624490285568
2026-01-13 13:00:00,3.0810919774131467,3.2410360840817063,0.8364468608955024,1.4100626242132301,4.374248722902171,4.569885375775125,2.114155667008655,3.4658304620006053,2.035348813161067,5.320978920156878,2.592290376840476,2.66180152263437,1.8183039046680598,1.295723199932878,3.614369934952897,3.9403932879905392,1.757265027964716,3.209124710487125,2.9458120850138623,3.217920434856001,4.723684785531542,2.2857337865538767,2.736595641017197,2.789327687621748,2.0931615680506055,5.334630235360406,2.062694055704392,3.8094176344849244,1.223278129400322,2.260932382950248
2026-01-13 14:00:00,3.4355806180628705,1.204220404326164,0.8364468608955024,2.486773686515066,3.6636009206432902,2.7205284329138233,3.0743773644529835,3.036591605757064,3.400631868381269,5.162892969513361,2.387717002299375,1.3798667535167362,2.1128953804638653,3.9145158920269725,1.9729936476688958,4.359336503508291,1.6621948948606609,3.3389995085187634,2.4862404791818573,3.338044743700679,4.228281953917565,4.912222599931727,5.790910203847014,4.142471813353591,1.1818808647729588,4.612952449158262,2.757286140796784,1.2417888466336977,1.3367166433489972,6.2686436186620185
2026-01-13 15:00:00,4.347601323215605,1.620667536254067,2.386759667886415,3.8114258075539125,1.6392120293157182,1.1306444157610647,1.7900914387241758,1.4070314746567134,3.228538191035826,2.772421955748907,1.9495543402372661,3.718163847509578,2.1619953442288122,2.9631021919200227,3.699730452346939,1.9256411938602307,4.130721167976014,5.612871674968412,6.327637671957163,3.6093445596598617,1.295647858098317,6.267355150920603,5.790910203847014,1.691118406906395,3.2804153248142796,1.422801309983819,2.721905652484837,2.956697262765195,1.870044291876913,5.800775005933589
2026-01-13 16:00:00,4.296524225880974,1.6209275265683274,2.0644347665371114,1.6981409344503602,0.9720552717560379,2.516092423927589,0.9241567820272232,6.331641635955209,0.9983447234780227,4.011620539559365,4.083487296139964,3.4289468893434334,2.4538455510201467,1.295723199932878,6.0022419337539885,1.4745476411541936,3.421516753255312,4.952402716936817,4.011009361591689,2.80637932720591,4.113082122454192,6.267355150920603,1.2868689341882253,1.2122350690351782,1.1818808647729588,3.8833994968157386,2.1026679204253464,1.2140421899722351,2.2970294284590858,6.2686436186620185
2026-01-13 17:00:00,1.2793214946316112,4.466133739860022,3.7640108740297604,1.594481555367208,2.2618119428891514,3.416407824451875,1.9592005253737172,1.908370408474656,3.5493702870222164,5.456946564792675,2.511339331884151,2.5138899090679723,1.6489562847239112,5.830754399697951,6.905326132522675,2.1044960796798957,2.189143219217234,5.894089035884333,2.014794600336675,1.0878689202454437,4.827613221560496,1.3927455890934677,4.281681052516354,4.314060254787606,4.303774027055046,1.422801309983819,3.144978768663473,2.2066277890849317,2.295548852684227,6.176207403745624
2026-01-13 18:00:00,1.2793214946316112,3.253234736036095,3.7640108740297604,2.113977608412059,1.724277047540633,3.182695705703114,0.9241567820272232,6.031699885776365,1.4573129509582474,3.560835541355298,2.92942926620284,4.467333441897767,3.8123342474778306,3.858104467166777,5.990266073658671,3.070648994791387,1.3888278156416132,1.50495370714777,3.879287634216362,1.5975716763842658,1.7931461426684603,2.420547398778384,1.2868689341882253,2.168347134710465,1.1818808647729588,1.422801309983819,3.590385701618829,5.391735979850906,1.6824341231931148,3.804165093927678
2026-01-13 19:00:00,3.355689883585249,1.9817733558692,1.9384934746234759,2.5444587972625574,4.27240196543745,1.5228309010436178,0.9241567820272232,3.941116280113878,4.057817413112741,3.463863040138573,1.2723964595425687,2.6433692874123866,3.620980489909383,1.4468442411389966,2.785400188350237,4.442407808056515,2.437569967808689,4.377494693634288,1.4061417048793696,0.878247355083528,2.6114405751565712,2.1806723421908503,5.300169678588734,4.85548828828388,2.59601597064289,1.9208210872869094,3.4194088194613403,1.3501577576709969,1.9297917656002537,1.3930319152582264
2026-01-13 20:00:00,0.0,1.0777883523051621,1.9815356478553316,3.292060066633162,0.0,1.5711758201480759,1.6978332625168306,0.0,1.3670846288636966,0.0,1.5691279026436948,4.467333441897767,0.9533226555880875,0.0,0.0,0.0,0.0,2.5736133779659736,0.0,1.8604441445379942,0.0,4.551872202217623,4.372389184072924,0.0,1.1818808647729588,2.2907402454997277,0.0,2.5760949693517032,2.6378879990694832,0.0
2026-01-13 21:00:00,0.0,0.0,0.0,0.0,0.0,0.0,3.0561819486343467,0.0,0.0,0.0,2.1866405563741482,4.3507400942609,0.0,0.0,0.0,0.0,0.0,0.0,0.0,0.0,0.0,0.0,4.599367584229261,0.0,0.0,0.0,0.0,0.0,3.295524245347727,0.0
2026-01-13 22:00:00,0.0,0.0,0.0,0.0,0.0,0.0,0.0,0.0,0.0,0.0,0.0,0.0,0.0,0.0,0.0,0.0,0.0,0.0,0.0,0.0,0.0,0.0,0.0,0.0,0.0,0.0,0.0,0.0,1.524070335437464,0.0
2026-01-13 23:00:00,0.0,0.0,0.0,0.0,0.0,0.0,0.0,0.0,0.0,0.0,0.0,0.0,0.0,0.0,0.0,0.0,0.0,0.0,0.0,0.0,0.0,0.0,0.0,0.0,0.0,0.0,0.0,0.0,0.0,0.0
2026-01-14 00:00:00,0.0,0.0,0.0,0.0,0.0,0.0,0.0,0.0,0.0,0.0,0.0,0.0,0.0,0.0,0.0,0.0,0.0,0.0,0.0,0.0,0.0,0.0,0.0,0.0,0.0,0.0,0.0,0.0,0.0,0.0
2026-01-14 01:00:00,0.0,0.0,0.0,0.0,0.0,0.0,0.0,0.0,0.0,0.0,0.0,0.0,0.0,0.0,0.0,0.0,0.0,0.0,0.0,0.0,0.0,0.0,0.0,0.0,0.0,0.0,0.0,0.0,0.0,0.0
2026-01-14 02:00:00,0.0,0.0,0.0,0.0,0.0,0.0,0.0,0.0,0.0,0.0,0.0,0.0,0.0,0.0,0.0,0.0,0.0,0.0,0.0,0.0,0.0,0.0,0.0,0.0,0.0,0.0,0.0,0.0,0.0,0.0
2026-01-14 03:00:00,0.0,0.0,0.0,0.0,0.0,0.0,0.0,0.0,0.0,0.0,0.0,0.0,0.0,0.0,0.0,0.0,0.0,0.0,0.0,0.0,0.0,0.0,0.0,0.0,0.0,0.0,0.0,0.0,0.0,0.0
2026-01-14 04:00:00,0.0,0.0,0.0,0.0,0.0,0.0,0.0,0.0,0.0,0.0,0.0,0.0,0.0,0.0,0.0,0.0,0.0,0.0,0.0,0.0,0.0,0.0,0.0,0.0,0.0,0.0,0.0,0.0,0.0,0.0
2026-01-14 05:00:00,0.0,0.0,0.0,0.0,0.0,0.0,0.0,0.0,0.0,0.0,0.0,0.0,0.0,0.0,0.0,0.0,0.0,0.0,0.0,0.0,0.0,0.0,0.0,0.0,0.0,0.0,0.0,0.0,0.0,0.0
2026-01-14 06:00:00,0.0,0.0,2.081281045311716,0.0,0.0,0.0,0.0,0.0,0.0,0.0,0.0,0.0,0.0,0.0,0.0,0.0,0.0,0.0,0.0,0.0,0.0,0.0,2.0410343143769056,0.0,0.0,0.0,0.0,0.0,0.0,0.0
2026-01-14 07:00:00,0.0,0.0,3.301792649418794,0.0,1.2375348189372717,0.0,0.0,0.0,0.0,0.0,0.0,0.0,0.0,0.0,0.0,0.0,0.0,1.3955565468018647,0.0,0.0,0.0,0.0,0.7292118448966157,0.0,0.0,0.0,0.0,0.0,0.0,0.0
2026-01-14 08:00:00,0.0,0.0,3.5149085344582227,2.3759772446221956,3.656986540674358,0.0,2.042505166831169,3.0838784380625572,0.0,3.2083138638969397,0.0,4.341825421091943,0.0,0.0,2.836605286516653,2.6799081362316444,0.0,3.7777680100528217,0.0,1.4808815713305266,0.0,0.0,1.1258067239029033,0.0,2.6039355786735134,0.0,0.0,0.0,0.0,3.3853876643643366
2026-01-14 09:00:00,3.6925757133930874,0.0,1.2289639554053808,1.0958434582583334,1.254657092833677,1.3707939327291123,2.531184587903465,2.4505111046365426,0.0,6.2516689939524,0.0,1.7037518623947032,0.0,0.0,1.1997151862596014,3.4574991390436756,1.6729962002687806,3.473755620678167,4.986601036854079,5.64501341486255,4.462635021469056,1.3209850043455789,3.20190172153958,1.4333108182517127,3.2778379928595367,0.0,0.0,0.0,0.9004361202293895,2.434517548632343
2026-01-14 10:00:00,3.428847776175248,0.0,2.0212430520444613,4.9312955621625,3.557075261985582,5.005284742671245,3.755254748192591,2.165839144326571,3.26956845570092,3.9799133929681636,4.218669069628457,2.1317869322498235,2.252828616902893,4.069622016276485,5.398718338168207,5.202267988855994,1.209887651112345,2.5876985649404136,6.530571338656486,1.4808815713305266,4.601329803788755,1.3085816486527875,1.5749710268950101,1.163744898483218,3.9027600339558135,1.373336928036337,5.392879752927902,2.8237838696217277,1.1825732111160883,3.505056183872278
2026-01-14 11:00:00,2.989295329864445,1.7354735172085256,4.301799737260534,3.6729927982464243,3.6646290129239825,4.797513267868928,2.0275937219908027,0.7635948507941421,2.7142752949052706,5.803962770458112,3.434904645276014,4.8918889454812335,1.37506951928124,2.2475076712487323,1.1997151862596014,4.408287666159094,3.838329057781624,1.6496769699449445,3.4150182656724914,1.4808815713305266,4.653341589398736,1.7288803244704345,3.2814533020347705,1.163744898483218,2.432828908933159,2.087944009592558,5.392879752927902,2.21328931719434,1.6628720506030779,1.1990388862905852
2026-01-14 12:00:00,1.585186851696294,1.7354735172085256,1.7023008556539332,1.4316110797104002,1.3976962418619878,1.3707939327291123,2.1823288907725256,3.245040174666083,4.494884420174149,6.172749591572917,2.2861167638964877,2.3365009163128625,4.679514582556895,5.4105976060983805,2.655198590427261,3.309453614736901,3.9267511959939343,1.9973203100760464,4.1851587967975785,3.355546916931754,3.01046312692056,1.3244173595868105,1.598714262546276,1.163744898483218,1.1975650538046443,2.222355611402425,2.4987886080902815,4.0762304238477505,2.348149970126169,1.847044053131617
2026-01-14 13:00:00,3.1455561259078304,7.809630827438365,3.251706567980417,3.6363062828324706,4.829039723295655,4.333820710832287,4.2742446605841184,1.5216174722530922,4.176041974271233,5.440870325986177,3.736387946581294,3.7833283242199527,1.4921623718549681,4.714989454619511,1.1997151862596014,1.2057292581468644,4.133655661645653,3.046164384594994,1.8180291593362639,4.009069555770547,2.4869770756408482,2.9525310506448132,1.796849639821078,1.163744898483218,2.002374744214853,4.034826312054173,3.223866079457044,3.4253181913488144,1.8254993398660793,5.0900341880717646
2026-01-14 14:00:00,1.0641284133061308,6.667122949834745,0.9559554971690077,1.7563975647978176,3.937199900419063,5.696444458047553,1.1475450531539615,1.607347098308647,4.59684496202997,4.209376082578159,2.956392214164907,1.5457757559961436,3.6699172868360543,3.1068523217726653,3.9760273771413037,3.0325699792054284,5.444494430005552,2.5795253506824967,2.141974416922226,4.724756330525444,4.401479034383375,0.8530398813046639,0.7292118448966157,3.511513466923168,2.9692570913338043,2.9105839043657653,3.5972325856934986,3.6211634598788462,2.254184450193762,2.658171447577997
2026-01-14 15:00:00,1.6991391713116177,3.211493131920915,4.094056562353728,3.3551572588977985,1.2375348189372717,3.444621811418326,2.910744336043924,2.6297150183650957,1.4842157983037818,2.658685658807745,2.6689701434431314,4.627271791215617,3.9131297055976924,3.1928699673732748,4.176596722208358,4.2516745120690524,1.9639774754189172,0.9226447185922988,6.342761992513642,6.162247988410994,1.4103692909648118,2.73717379212157,2.151841994575393,1.163744898483218,3.2434435383460194,4.875114346886227,2.9505792839120084,2.038248786877868,1.5086277455895079,2.8337898013799623
2026-01-14 16:00:00,1.3381188746795265,2.287706836671034,3.1092097770634375,2.155359869311906,3.9563787463790385,6.168572697281005,4.405339423224285,1.2834512286142077,3.522459577242617,5.968397445271611,3.3496669871628586,1.087086432329163,1.0398921294570878,2.603224264134696,2.5018261623889493,4.096585784267097,2.857730693013521,3.0594900155034193,8.181131217013187,5.066385934461474,3.1168521350454874,3.1657393739853457,3.2814533020347705,3.5203409341215774,2.855209022868113,1.8527979704198358,3.019870477875023,4.65638160019776,1.1070032520489137,3.6977337551146037
2026-01-14 17:00:00,2.1620516298668737,4.017257801585441,3.0376168059830224,2.1627366700178943,4.477351445035388,3.9731698939349873,0.9789643162720634,3.3580709659636923,2.1799763265865075,3.376923772509126,2.305903632780332,3.722419063983564,1.56711392510521,5.641917286741798,2.703406500044534,2.3550262167298603,5.444494430005552,3.1335987656212847,5.730652384184013,1.5585258246069418,6.287702489327385,2.9135656289638514,2.161203443692775,1.8778076351931612,3.0175993612062766,6.180016176163516,3.727482738169677,1.6192937844697304,0.521811104472482,2.03310069246149
2026-01-14 18:00:00,4.78857785987759,2.8738893612016527,4.018806752834874,3.2413124904894275,5.568906685217724,1.3707939327291123,4.405339423224285,1.7958716373854011,3.308673616876009,4.790298970875348,1.1179034998585646,4.488754036302376,2.2964561819901914,2.5695785407654457,2.0224273947615643,1.2057292581468644,0.0,1.8185884451800625,6.653883775258835,0.0,5.587059461963739,2.312136501869974,3.2814533020347705,3.5198109475475463,1.1975650538046443,3.904461654086357,2.0644697817130844,2.9693098719667406,0.7637593388145157,4.115855069394466
2026-01-14 19:00:00,1.0641284133061308,6.7019770780842824,3.482357333750877,0.0,4.942924922885465,1.3707939327291123,0.9789643162720634,0.0,6.0042932370723365,2.5584609538312746,1.1179034998585646,1.2515973206597009,1.0398921294570878,0.0,1.1997151862596014,2.665871843721792,0.0,1.5740723520309525,0.0,0.0,5.350691629950542,2.919621533784814,3.2814533020347705,1.6438559771840926,3.7224047681499175,3.458806175280243,3.5303160920631096,4.929718450473944,0.0,2.5149818041532876
2026-01-14 20:00:00,3.0399436941830795,0.0,0.9850662298383692,0.0,5.568906685217724,4.67099097578957,2.616671428638667,0.0,4.70423003824184,0.0,1.9811002026512832,4.8918889454812335,2.8170958617209663,0.0,2.028074510903329,1.916548046389886,0.0,0.0,0.0,0.0,6.3466618093416525,3.8386794658709875,1.9355566942446736,3.88922972018679,3.531560283239824,5.417685732360021,0.0,2.1641894373799757,0.0,3.2092004953549664
2026-01-14 21:00:00,1.0641284133061308,0.0,0.0,0.0,4.575906894862218,3.845793289262028,2.128231158937545,0.0,0.0,0.0,2.989123895058243,0.0,1.7114755634878884,0.0,0.0,0.0,0.0,0.0,0.0,0.0,0.0,2.3624411063189106,2.047004785206446,4.199754491021336,2.1253998272477452,0.0,0.0,4.656112941129304,0.0,0.0
2026-01-14 22:00:00,1.3576288667678038,0.0,0.0,0.0,0.0,5.86763869026678,0.0,0.0,0.0,0.0,0.0,0.0,0.0,0.0,0.0,0.0,0.0,0.0,0.0,0.0,0.0,0.0,0.0,0.0,0.0,0.0,0.0,0.0,0.0,0.0
2026-01-14 23:00:00,0.0,0.0,0.0,0.0,0.0,0.0,0.0,0.0,0.0,0.0,0.0,0.0,0.0,0.0,0.0,0.0,0.0,0.0,0.0,0.0,0.0,0.0,0.0,0.0,0.0,0.0,0.0,0.0,0.0,0.0
