date,Distance_km,Consumption_kWh,Consumption_km,Location,ChargingStation,ID,PowerRating_kW,consumption_factor,VehicleID,ScheduleType,VehicleType,CompanyType
2026-01-01 00:00:00,0.0,0.0,0.0,1,1,0,80,1.0,0,Typea,Renault,Mail
2026-01-01 01:00:00,0.0,0.0,0.0,1,1,0,80,1.0,0,Typea,Renault,Mail
2026-01-01 02:00:00,0.0,0.0,0.0,1,1,0,80,1.0,0,Typea,Renault,Mail
2026-01-01 03:00:00,0.0,0.0,0.0,1,1,0,80,1.0,0,Typea,Renault,Mail
2026-01-01 04:00:00,0.0,0.0,0.0,1,1,0,80,1.0,0,Typea,Renault,Mail
2026-01-01 05:00:00,0.0,0.0,0.0,1,1,0,80,1.0,0,Typea,Renault,Mail
2026-01-01 06:00:00,0.0,0.0,0.0,1,1,0,80,1.0,0,Typea,Renault,Mail
2026-01-01 07:00:00,0.0,0.0,0.0,1,1,0,80,1.0,0,Typea,Renault,Mail
2026-01-01 08:00:00,0.0,0.0,0.0,1,1,0,80,1.0,0,Typea,Renault,Mail
2026-01-01 09:00:00,12.562374935790768,2.277803424061295,0.18131949059820934,0,0,0,0,1.1329772784640002,0,Typea,Renault,Mail
2026-01-01 10:00:00,12.562374935790768,2.2778353203299058,0.18132202962994293,0,0,0,0,1.1329772784640002,0,Typea,Renault,Mail
2026-01-01 11:00:00,12.562374935790768,5.800791043817251,0.4617591079287514,0,0,0,0,1.1329772784640002,0,Typea,Renault,Mail
2026-01-01 12:00:00,12.562374935790768,4.223677626999802,0.33621649159398637,0,0,0,0,1.1329772784640002,0,Typea,Renault,Mail
2026-01-01 13:00:00,12.562374935790768,1.8206243867365215,0.14492676711546645,0,0,0,0,1.1329772784640002,0,Typea,Renault,Mail
2026-01-01 14:00:00,12.562374935790768,3.786793594686363,0.30143930698148635,0,0,0,0,1.1329772784640002,0,Typea,Renault,Mail
2026-01-01 15:00:00,12.562374935790768,1.8323912626174916,0.14586344317720742,0,0,0,0,1.1329772784640002,0,Typea,Renault,Mail
2026-01-01 16:00:00,12.562374935790768,1.8278994167511047,0.14550587974757365,0,0,0,0,1.1329772784640002,0,Typea,Renault,Mail
2026-01-01 17:00:00,12.562374935790768,3.202795594140376,0.25495144114951296,0,0,0,0,1.1329772784640002,0,Typea,Renault,Mail
2026-01-01 18:00:00,12.562374935790768,1.4232885365796593,0.11329772784640002,0,0,0,0,1.1329772784640002,0,Typea,Renault,Mail
2026-01-01 19:00:00,12.562374935790768,1.4232885365796593,0.11329772784640002,0,0,0,0,1.1329772784640002,0,Typea,Renault,Mail
2026-01-01 20:00:00,12.562374935790768,1.6403080465624822,0.13057308470305015,0,0,0,0,1.1329772784640002,0,Typea,Renault,Mail
2026-01-01 21:00:00,0.0,0.0,0.0,1,1,0,80,1.0,0,Typea,Renault,Mail
2026-01-01 22:00:00,0.0,0.0,0.0,1,1,0,80,1.0,0,Typea,Renault,Mail
2026-01-01 23:00:00,0.0,0.0,0.0,1,1,0,80,1.0,0,Typea,Renault,Mail
2026-01-02 00:00:00,0.0,0.0,0.0,1,1,0,80,1.0,0,Typea,Renault,Mail
2026-01-02 01:00:00,0.0,0.0,0.0,1,1,0,80,1.0,0,Typea,Renault,Mail
2026-01-02 02:00:00,0.0,0.0,0.0,1,1,0,80,1.0,0,Typea,Renault,Mail
2026-01-02 03:00:00,0.0,0.0,0.0,1,1,0,80,1.0,0,Typea,Renault,Mail
2026-01-02 04:00:00,0.0,0.0,0.0,1,1,0,80,1.0,0,Typea,Renault,Mail
2026-01-02 05:00:00,0.0,0.0,0.0,1,1,0,80,1.0,0,Typea,Renault,Mail
2026-01-02 06:00:00,0.0,0.0,0.0,1,1,0,80,1.0,0,Typea,Renault,Mail
2026-01-02 07:00:00,6.885924220714484,3.327626693622536,0.48325055387804733,0,0,0,0,1.23259004,0,Typea,Renault,Mail
2026-01-02 08:00:00,6.885924220714484,1.3680317614105277,0.198670754652682,0,0,0,0,1.23259004,0,Typea,Renault,Mail
2026-01-02 09:00:00,6.885924220714484,1.707838727932525,0.24801880955862732,0,0,0,0,1.23259004,0,Typea,Renault,Mail
2026-01-02 10:00:00,6.885924220714484,0.8487521610647436,0.123259004,0,0,0,0,1.23259004,0,Typea,Renault,Mail
2026-01-02 11:00:00,6.885924220714484,0.9989113402884683,0.14506568882699977,0,0,0,0,1.23259004,0,Typea,Renault,Mail
2026-01-02 12:00:00,6.885924220714484,1.7581131494918627,0.2553198515027284,0,0,0,0,1.23259004,0,Typea,Renault,Mail
2026-01-02 13:00:00,6.885924220714484,0.8487521610647436,0.123259004,0,0,0,0,1.23259004,0,Typea,Renault,Mail
2026-01-02 14:00:00,6.885924220714484,2.0648678485401386,0.2998679309203736,0,0,0,0,1.23259004,0,Typea,Renault,Mail
2026-01-02 15:00:00,6.885924220714484,0.9337361772346214,0.13560070475735456,0,0,0,0,1.23259004,0,Typea,Renault,Mail
2026-01-02 16:00:00,6.885924220714484,1.291663318053451,0.18758024001597676,0,0,0,0,1.23259004,0,Typea,Renault,Mail
2026-01-02 17:00:00,6.885924220714484,0.9324989393659854,0.13542102838727277,0,0,0,0,1.23259004,0,Typea,Renault,Mail
2026-01-02 18:00:00,6.885924220714484,3.7755549271175384,0.5483003887495275,0,0,0,0,1.23259004,0,Typea,Renault,Mail
2026-01-02 19:00:00,6.885924220714484,1.613966984066995,0.23438639931758204,0,0,0,0,1.23259004,0,Typea,Renault,Mail
2026-01-02 20:00:00,0.0,0.0,0.0,1,1,0,80,1.0,0,Typea,Renault,Mail
2026-01-02 21:00:00,0.0,0.0,0.0,1,1,0,80,1.0,0,Typea,Renault,Mail
2026-01-02 22:00:00,0.0,0.0,0.0,1,1,0,80,1.0,0,Typea,Renault,Mail
2026-01-02 23:00:00,0.0,0.0,0.0,1,1,0,80,1.0,0,Typea,Renault,Mail
2026-01-03 00:00:00,0.0,0.0,0.0,1,1,0,80,1.0,0,Typea,Renault,Mail
2026-01-03 01:00:00,0.0,0.0,0.0,1,1,0,80,1.0,0,Typea,Renault,Mail
2026-01-03 02:00:00,0.0,0.0,0.0,1,1,0,80,1.0,0,Typea,Renault,Mail
2026-01-03 03:00:00,0.0,0.0,0.0,1,1,0,80,1.0,0,Typea,Renault,Mail
2026-01-03 04:00:00,0.0,0.0,0.0,1,1,0,80,1.0,0,Typea,Renault,Mail
2026-01-03 05:00:00,0.0,0.0,0.0,1,1,0,80,1.0,0,Typea,Renault,Mail
2026-01-03 06:00:00,0.0,0.0,0.0,1,1,0,80,1.0,0,Typea,Renault,Mail
2026-01-03 07:00:00,5.907989437316106,0.7143048780301126,0.1209049010004,0,0,0,0,1.209049010004,0,Typea,Renault,Mail
2026-01-03 08:00:00,5.907989437316106,0.7143048780301126,0.1209049010004,0,0,0,0,1.209049010004,0,Typea,Renault,Mail
2026-01-03 09:00:00,5.907989437316106,1.5634102203870361,0.26462644135959484,0,0,0,0,1.209049010004,0,Typea,Renault,Mail
2026-01-03 10:00:00,5.907989437316106,2.091489598499574,0.35401038215967096,0,0,0,0,1.209049010004,0,Typea,Renault,Mail
2026-01-03 11:00:00,5.907989437316106,1.5385539227171239,0.260419206743887,0,0,0,0,1.209049010004,0,Typea,Renault,Mail
2026-01-03 12:00:00,5.907989437316106,1.258705265302403,0.21305137367920043,0,0,0,0,1.209049010004,0,Typea,Renault,Mail
2026-01-03 13:00:00,5.907989437316106,1.0778813861938952,0.18244470434997215,0,0,0,0,1.209049010004,0,Typea,Renault,Mail
2026-01-03 14:00:00,5.907989437316106,0.7143048780301126,0.1209049010004,0,0,0,0,1.209049010004,0,Typea,Renault,Mail
2026-01-03 15:00:00,5.907989437316106,0.7143048780301126,0.1209049010004,0,0,0,0,1.209049010004,0,Typea,Renault,Mail
2026-01-03 16:00:00,5.907989437316106,0.9223305145076184,0.15611580289598767,0,0,0,0,1.209049010004,0,Typea,Renault,Mail
2026-01-03 17:00:00,5.907989437316106,2.4021871891247515,0.4065997772358954,0,0,0,0,1.209049010004,0,Typea,Renault,Mail
2026-01-03 18:00:00,5.907989437316106,1.7065021866899093,0.2888465195809732,0,0,0,0,1.209049010004,0,Typea,Renault,Mail
2026-01-03 19:00:00,5.907989437316106,0.7143048780301126,0.1209049010004,0,0,0,0,1.209049010004,0,Typea,Renault,Mail
2026-01-03 20:00:00,0.0,0.0,0.0,1,1,0,80,1.0,0,Typea,Renault,Mail
2026-01-03 21:00:00,0.0,0.0,0.0,1,1,0,80,1.0,0,Typea,Renault,Mail
2026-01-03 22:00:00,0.0,0.0,0.0,1,1,0,80,1.0,0,Typea,Renault,Mail
2026-01-03 23:00:00,0.0,0.0,0.0,1,1,0,80,1.0,0,Typea,Renault,Mail
2026-01-04 00:00:00,0.0,0.0,0.0,1,1,0,80,1.0,0,Typea,Renault,Mail
2026-01-04 01:00:00,0.0,0.0,0.0,1,1,0,80,1.0,0,Typea,Renault,Mail
2026-01-04 02:00:00,0.0,0.0,0.0,1,1,0,80,1.0,0,Typea,Renault,Mail
2026-01-04 03:00:00,0.0,0.0,0.0,1,1,0,80,1.0,0,Typea,Renault,Mail
2026-01-04 04:00:00,0.0,0.0,0.0,1,1,0,80,1.0,0,Typea,Renault,Mail
2026-01-04 05:00:00,0.0,0.0,0.0,1,1,0,80,1.0,0,Typea,Renault,Mail
2026-01-04 06:00:00,0.0,0.0,0.0,1,1,0,80,1.0,0,Typea,Renault,Mail
2026-01-04 07:00:00,0.0,0.0,0.0,1,1,0,80,1.0,0,Typea,Renault,Mail
2026-01-04 08:00:00,0.0,0.0,0.0,1,1,0,80,1.0,0,Typea,Renault,Mail
2026-01-04 09:00:00,7.650538190519108,3.3220515422495605,0.4342245551255985,0,0,0,0,1.3050301525,0,Typea,Renault,Mail
2026-01-04 10:00:00,7.650538190519108,3.1861498525799608,0.4164608780763139,0,0,0,0,1.3050301525,0,Typea,Renault,Mail
2026-01-04 11:00:00,7.650538190519108,0.9984183021480226,0.13050301525000002,0,0,0,0,1.3050301525,0,Typea,Renault,Mail
2026-01-04 12:00:00,7.650538190519108,1.4955558420389858,0.19548374307736233,0,0,0,0,1.3050301525,0,Typea,Renault,Mail
2026-01-04 13:00:00,7.650538190519108,2.368422520422049,0.30957593589390936,0,0,0,0,1.3050301525,0,Typea,Renault,Mail
2026-01-04 14:00:00,7.650538190519108,3.2464760195784397,0.42434609680161056,0,0,0,0,1.3050301525,0,Typea,Renault,Mail
2026-01-04 15:00:00,7.650538190519108,1.2639248510629992,0.1652073121639092,0,0,0,0,1.3050301525,0,Typea,Renault,Mail
2026-01-04 16:00:00,7.650538190519108,1.6639394779703578,0.2174931274811995,0,0,0,0,1.3050301525,0,Typea,Renault,Mail
2026-01-04 17:00:00,7.650538190519108,0.9984183021480226,0.13050301525000002,0,0,0,0,1.3050301525,0,Typea,Renault,Mail
2026-01-04 18:00:00,7.650538190519108,0.9984183021480226,0.13050301525000002,0,0,0,0,1.3050301525,0,Typea,Renault,Mail
2026-01-04 19:00:00,7.650538190519108,3.0243066301673225,0.39530638954461783,0,0,0,0,1.3050301525,0,Typea,Renault,Mail
2026-01-04 20:00:00,0.0,0.0,0.0,1,1,0,80,1.0,0,Typea,Renault,Mail
2026-01-04 21:00:00,0.0,0.0,0.0,1,1,0,80,1.0,0,Typea,Renault,Mail
2026-01-04 22:00:00,0.0,0.0,0.0,1,1,0,80,1.0,0,Typea,Renault,Mail
2026-01-04 23:00:00,0.0,0.0,0.0,1,1,0,80,1.0,0,Typea,Renault,Mail
2026-01-05 00:00:00,0.0,0.0,0.0,1,1,0,80,1.0,0,Typea,Renault,Mail
2026-01-05 01:00:00,0.0,0.0,0.0,1,1,0,80,1.0,0,Typea,Renault,Mail
2026-01-05 02:00:00,0.0,0.0,0.0,1,1,0,80,1.0,0,Typea,Renault,Mail
2026-01-05 03:00:00,0.0,0.0,0.0,1,1,0,80,1.0,0,Typea,Renault,Mail
2026-01-05 04:00:00,0.0,0.0,0.0,1,1,0,80,1.0,0,Typea,Renault,Mail
2026-01-05 05:00:00,0.0,0.0,0.0,1,1,0,80,1.0,0,Typea,Renault,Mail
2026-01-05 06:00:00,0.0,0.0,0.0,1,1,0,80,1.0,0,Typea,Renault,Mail
2026-01-05 07:00:00,0.0,0.0,0.0,1,1,0,80,1.0,0,Typea,Renault,Mail
2026-01-05 08:00:00,0.0,0.0,0.0,1,1,0,80,1.0,0,Typea,Renault,Mail
2026-01-05 09:00:00,0.0,0.0,0.0,1,1,0,80,1.0,0,Typea,Renault,Mail
2026-01-05 10:00:00,10.638173761313926,1.355860680035222,0.12745239083853419,0,0,0,0,1.226197579604,0,Typea,Renault,Mail
2026-01-05 11:00:00,10.638173761313926,3.148036413320394,0.2959188751708807,0,0,0,0,1.226197579604,0,Typea,Renault,Mail
2026-01-05 12:00:00,10.638173761313926,5.243133478485503,0.49286029690099,0,0,0,0,1.226197579604,0,Typea,Renault,Mail
2026-01-05 13:00:00,10.638173761313926,2.4407536231796083,0.22943351725044106,0,0,0,0,1.226197579604,0,Typea,Renault,Mail
2026-01-05 14:00:00,10.638173761313926,5.2905093872421505,0.49731368427927586,0,0,0,0,1.226197579604,0,Typea,Renault,Mail
2026-01-05 15:00:00,10.638173761313926,1.3044502917529919,0.12261975796040002,0,0,0,0,1.226197579604,0,Typea,Renault,Mail
2026-01-05 16:00:00,10.638173761313926,3.968003322783563,0.3729966638835454,0,0,0,0,1.226197579604,0,Typea,Renault,Mail
2026-01-05 17:00:00,10.638173761313926,2.6595383630744958,0.24999952273255735,0,0,0,0,1.226197579604,0,Typea,Renault,Mail
2026-01-05 18:00:00,10.638173761313926,1.9721396522879606,0.18538329007744847,0,0,0,0,1.226197579604,0,Typea,Renault,Mail
2026-01-05 19:00:00,10.638173761313926,2.6679314725679357,0.2507884842293099,0,0,0,0,1.226197579604,0,Typea,Renault,Mail
2026-01-05 20:00:00,10.638173761313926,1.3044502917529919,0.12261975796040002,0,0,0,0,1.226197579604,0,Typea,Renault,Mail
2026-01-05 21:00:00,10.638173761313926,2.113402365750627,0.19866214005979912,0,0,0,0,1.226197579604,0,Typea,Renault,Mail
2026-01-05 22:00:00,0.0,0.0,0.0,1,1,0,80,1.0,0,Typea,Renault,Mail
2026-01-05 23:00:00,0.0,0.0,0.0,1,1,0,80,1.0,0,Typea,Renault,Mail
2026-01-06 00:00:00,0.0,0.0,0.0,1,1,0,80,1.0,0,Typea,Renault,Mail
2026-01-06 01:00:00,0.0,0.0,0.0,1,1,0,80,1.0,0,Typea,Renault,Mail
2026-01-06 02:00:00,0.0,0.0,0.0,1,1,0,80,1.0,0,Typea,Renault,Mail
2026-01-06 03:00:00,0.0,0.0,0.0,1,1,0,80,1.0,0,Typea,Renault,Mail
2026-01-06 04:00:00,0.0,0.0,0.0,1,1,0,80,1.0,0,Typea,Renault,Mail
2026-01-06 05:00:00,0.0,0.0,0.0,1,1,0,80,1.0,0,Typea,Renault,Mail
2026-01-06 06:00:00,0.0,0.0,0.0,1,1,0,80,1.0,0,Typea,Renault,Mail
2026-01-06 07:00:00,0.0,0.0,0.0,1,1,0,80,1.0,0,Typea,Renault,Mail
2026-01-06 08:00:00,0.0,0.0,0.0,1,1,0,80,1.0,0,Typea,Renault,Mail
2026-01-06 09:00:00,8.272371770676534,1.359534081172543,0.16434634695599,0,0,0,0,1.3306301459840002,0,Typea,Renault,Mail
2026-01-06 10:00:00,8.272371770676534,3.488843044627803,0.4217464037333125,0,0,0,0,1.3306301459840002,0,Typea,Renault,Mail
2026-01-06 11:00:00,8.272371770676534,2.607388594084199,0.31519238573473357,0,0,0,0,1.3306301459840002,0,Typea,Renault,Mail
2026-01-06 12:00:00,8.272371770676534,1.3174587930817254,0.1592601045508839,0,0,0,0,1.3306301459840002,0,Typea,Renault,Mail
2026-01-06 13:00:00,8.272371770676534,2.8846279276513713,0.3487062728341886,0,0,0,0,1.3306301459840002,0,Typea,Renault,Mail
2026-01-06 14:00:00,8.272371770676534,2.259294602919992,0.27311328184362066,0,0,0,0,1.3306301459840002,0,Typea,Renault,Mail
2026-01-06 15:00:00,8.272371770676534,3.5688414876085024,0.43141696076319286,0,0,0,0,1.3306301459840002,0,Typea,Renault,Mail
2026-01-06 16:00:00,8.272371770676534,1.100746725684924,0.13306301459840003,0,0,0,0,1.3306301459840002,0,Typea,Renault,Mail
2026-01-06 17:00:00,8.272371770676534,1.6211150205422555,0.1959673797892762,0,0,0,0,1.3306301459840002,0,Typea,Renault,Mail
2026-01-06 18:00:00,8.272371770676534,1.5242836531692452,0.18426198621445486,0,0,0,0,1.3306301459840002,0,Typea,Renault,Mail
2026-01-06 19:00:00,8.272371770676534,1.100746725684924,0.13306301459840003,0,0,0,0,1.3306301459840002,0,Typea,Renault,Mail
2026-01-06 20:00:00,8.272371770676534,2.558360138969325,0.30926561449257695,0,0,0,0,1.3306301459840002,0,Typea,Renault,Mail
2026-01-06 21:00:00,0.0,0.0,0.0,1,1,0,80,1.0,0,Typea,Renault,Mail
2026-01-06 22:00:00,0.0,0.0,0.0,1,1,0,80,1.0,0,Typea,Renault,Mail
2026-01-06 23:00:00,0.0,0.0,0.0,1,1,0,80,1.0,0,Typea,Renault,Mail
2026-01-07 00:00:00,0.0,0.0,0.0,1,1,0,80,1.0,0,Typea,Renault,Mail
2026-01-07 01:00:00,0.0,0.0,0.0,1,1,0,80,1.0,0,Typea,Renault,Mail
2026-01-07 02:00:00,0.0,0.0,0.0,1,1,0,80,1.0,0,Typea,Renault,Mail
2026-01-07 03:00:00,0.0,0.0,0.0,1,1,0,80,1.0,0,Typea,Renault,Mail
2026-01-07 04:00:00,0.0,0.0,0.0,1,1,0,80,1.0,0,Typea,Renault,Mail
2026-01-07 05:00:00,0.0,0.0,0.0,1,1,0,80,1.0,0,Typea,Renault,Mail
2026-01-07 06:00:00,0.0,0.0,0.0,1,1,0,80,1.0,0,Typea,Renault,Mail
2026-01-07 07:00:00,0.0,0.0,0.0,1,1,0,80,1.0,0,Typea,Renault,Mail
2026-01-07 08:00:00,0.0,0.0,0.0,1,1,0,80,1.0,0,Typea,Renault,Mail
2026-01-07 09:00:00,7.453872744403372,1.2868052698205297,0.17263579805366386,0,0,0,0,1.282756305344,0,Typea,Renault,Mail
2026-01-07 10:00:00,7.453872744403372,1.3885162765094672,0.18628118886950595,0,0,0,0,1.282756305344,0,Typea,Renault,Mail
2026-01-07 11:00:00,7.453872744403372,0.9561502262115212,0.12827563053440003,0,0,0,0,1.282756305344,0,Typea,Renault,Mail
2026-01-07 12:00:00,7.453872744403372,1.6253071846936185,0.21804868964444768,0,0,0,0,1.282756305344,0,Typea,Renault,Mail
2026-01-07 13:00:00,7.453872744403372,2.3631534135929266,0.3170369946773326,0,0,0,0,1.282756305344,0,Typea,Renault,Mail
2026-01-07 14:00:00,7.453872744403372,4.297554643229144,0.5765532617196741,0,0,0,0,1.282756305344,0,Typea,Renault,Mail
2026-01-07 15:00:00,7.453872744403372,2.0636578041159925,0.27685712848605565,0,0,0,0,1.282756305344,0,Typea,Renault,Mail
2026-01-07 16:00:00,7.453872744403372,2.1719490541644673,0.29138531453937716,0,0,0,0,1.282756305344,0,Typea,Renault,Mail
2026-01-07 17:00:00,7.453872744403372,1.7386457152176507,0.2332540110136823,0,0,0,0,1.282756305344,0,Typea,Renault,Mail
2026-01-07 18:00:00,7.453872744403372,0.9561502262115212,0.12827563053440003,0,0,0,0,1.282756305344,0,Typea,Renault,Mail
2026-01-07 19:00:00,7.453872744403372,1.8012039807945008,0.2416467308416162,0,0,0,0,1.282756305344,0,Typea,Renault,Mail
2026-01-07 20:00:00,7.453872744403372,1.9144175952198568,0.25683529366090513,0,0,0,0,1.282756305344,0,Typea,Renault,Mail
2026-01-07 21:00:00,0.0,0.0,0.0,1,1,0,80,1.0,0,Typea,Renault,Mail
2026-01-07 22:00:00,0.0,0.0,0.0,1,1,0,80,1.0,0,Typea,Renault,Mail
2026-01-07 23:00:00,0.0,0.0,0.0,1,1,0,80,1.0,0,Typea,Renault,Mail
2026-01-08 00:00:00,0.0,0.0,0.0,1,1,0,80,1.0,0,Typea,Renault,Mail
2026-01-08 01:00:00,0.0,0.0,0.0,1,1,0,80,1.0,0,Typea,Renault,Mail
2026-01-08 02:00:00,0.0,0.0,0.0,1,1,0,80,1.0,0,Typea,Renault,Mail
2026-01-08 03:00:00,0.0,0.0,0.0,1,1,0,80,1.0,0,Typea,Renault,Mail
2026-01-08 04:00:00,0.0,0.0,0.0,1,1,0,80,1.0,0,Typea,Renault,Mail
2026-01-08 05:00:00,0.0,0.0,0.0,1,1,0,80,1.0,0,Typea,Renault,Mail
2026-01-08 06:00:00,0.0,0.0,0.0,1,1,0,80,1.0,0,Typea,Renault,Mail
2026-01-08 07:00:00,0.0,0.0,0.0,1,1,0,80,1.0,0,Typea,Renault,Mail
2026-01-08 08:00:00,0.0,0.0,0.0,1,1,0,80,1.0,0,Typea,Renault,Mail
2026-01-08 09:00:00,0.0,0.0,0.0,1,1,0,80,1.0,0,Typea,Renault,Mail
2026-01-08 10:00:00,0.0,0.0,0.0,1,1,0,80,1.0,0,Typea,Renault,Mail
2026-01-08 11:00:00,11.824549199685796,1.3912589846864971,0.11765852221440001,0,0,0,0,1.176585222144,0,Typea,Renault,Mail
2026-01-08 12:00:00,11.824549199685796,4.8415160748353445,0.4094461440410763,0,0,0,0,1.176585222144,0,Typea,Renault,Mail
2026-01-08 13:00:00,11.824549199685796,4.099189597683049,0.34666772732375906,0,0,0,0,1.176585222144,0,Typea,Renault,Mail
2026-01-08 14:00:00,11.824549199685796,4.173441114872425,0.352947164783527,0,0,0,0,1.176585222144,0,Typea,Renault,Mail
2026-01-08 15:00:00,11.824549199685796,1.3912589846864971,0.11765852221440001,0,0,0,0,1.176585222144,0,Typea,Renault,Mail
2026-01-08 16:00:00,11.824549199685796,5.335219758251314,0.45119857578951783,0,0,0,0,1.176585222144,0,Typea,Renault,Mail
2026-01-08 17:00:00,11.824549199685796,1.3912589846864971,0.11765852221440001,0,0,0,0,1.176585222144,0,Typea,Renault,Mail
2026-01-08 18:00:00,11.824549199685796,3.785699079708678,0.3201558905779911,0,0,0,0,1.176585222144,0,Typea,Renault,Mail
2026-01-08 19:00:00,11.824549199685796,6.260665431089237,0.5294633499648,0,0,0,0,1.176585222144,0,Typea,Renault,Mail
2026-01-08 20:00:00,11.824549199685796,1.3912589846864971,0.11765852221440001,0,0,0,0,1.176585222144,0,Typea,Renault,Mail
2026-01-08 21:00:00,0.0,0.0,0.0,1,1,0,80,1.0,0,Typea,Renault,Mail
2026-01-08 22:00:00,0.0,0.0,0.0,1,1,0,80,1.0,0,Typea,Renault,Mail
2026-01-08 23:00:00,0.0,0.0,0.0,1,1,0,80,1.0,0,Typea,Renault,Mail
2026-01-09 00:00:00,0.0,0.0,0.0,1,1,0,80,1.0,0,Typea,Renault,Mail
2026-01-09 01:00:00,0.0,0.0,0.0,1,1,0,80,1.0,0,Typea,Renault,Mail
2026-01-09 02:00:00,0.0,0.0,0.0,1,1,0,80,1.0,0,Typea,Renault,Mail
2026-01-09 03:00:00,0.0,0.0,0.0,1,1,0,80,1.0,0,Typea,Renault,Mail
2026-01-09 04:00:00,0.0,0.0,0.0,1,1,0,80,1.0,0,Typea,Renault,Mail
2026-01-09 05:00:00,0.0,0.0,0.0,1,1,0,80,1.0,0,Typea,Renault,Mail
2026-01-09 06:00:00,0.0,0.0,0.0,1,1,0,80,1.0,0,Typea,Renault,Mail
2026-01-09 07:00:00,0.0,0.0,0.0,1,1,0,80,1.0,0,Typea,Renault,Mail
2026-01-09 08:00:00,6.906779286838316,1.5817488082541822,0.22901395028915886,0,0,0,0,1.137342385344,0,Typea,Renault,Mail
2026-01-09 09:00:00,6.906779286838316,0.785537282913722,0.1137342385344,0,0,0,0,1.137342385344,0,Typea,Renault,Mail
2026-01-09 10:00:00,6.906779286838316,2.0160450409409405,0.291893653642987,0,0,0,0,1.137342385344,0,Typea,Renault,Mail
2026-01-09 11:00:00,6.906779286838316,0.785537282913722,0.1137342385344,0,0,0,0,1.137342385344,0,Typea,Renault,Mail
2026-01-09 12:00:00,6.906779286838316,3.1701617547486913,0.45899276972550856,0,0,0,0,1.137342385344,0,Typea,Renault,Mail
2026-01-09 13:00:00,6.906779286838316,0.785537282913722,0.1137342385344,0,0,0,0,1.137342385344,0,Typea,Renault,Mail
2026-01-09 14:00:00,6.906779286838316,1.1628984199675492,0.16837057790214746,0,0,0,0,1.137342385344,0,Typea,Renault,Mail
2026-01-09 15:00:00,6.906779286838316,2.380532245886126,0.34466603709525095,0,0,0,0,1.137342385344,0,Typea,Renault,Mail
2026-01-09 16:00:00,6.906779286838316,0.785537282913722,0.1137342385344,0,0,0,0,1.137342385344,0,Typea,Renault,Mail
2026-01-09 17:00:00,6.906779286838316,1.7521274067302484,0.2536822640429721,0,0,0,0,1.137342385344,0,Typea,Renault,Mail
2026-01-09 18:00:00,6.906779286838316,2.909826369940197,0.4213000371222539,0,0,0,0,1.137342385344,0,Typea,Renault,Mail
2026-01-09 19:00:00,6.906779286838316,0.785537282913722,0.1137342385344,0,0,0,0,1.137342385344,0,Typea,Renault,Mail
2026-01-09 20:00:00,0.0,0.0,0.0,1,1,0,80,1.0,0,Typea,Renault,Mail
2026-01-09 21:00:00,0.0,0.0,0.0,1,1,0,80,1.0,0,Typea,Renault,Mail
2026-01-09 22:00:00,0.0,0.0,0.0,1,1,0,80,1.0,0,Typea,Renault,Mail
2026-01-09 23:00:00,0.0,0.0,0.0,1,1,0,80,1.0,0,Typea,Renault,Mail
2026-01-10 00:00:00,0.0,0.0,0.0,1,1,0,80,1.0,0,Typea,Renault,Mail
2026-01-10 01:00:00,0.0,0.0,0.0,1,1,0,80,1.0,0,Typea,Renault,Mail
2026-01-10 02:00:00,0.0,0.0,0.0,1,1,0,80,1.0,0,Typea,Renault,Mail
2026-01-10 03:00:00,0.0,0.0,0.0,1,1,0,80,1.0,0,Typea,Renault,Mail
2026-01-10 04:00:00,0.0,0.0,0.0,1,1,0,80,1.0,0,Typea,Renault,Mail
2026-01-10 05:00:00,0.0,0.0,0.0,1,1,0,80,1.0,0,Typea,Renault,Mail
2026-01-10 06:00:00,0.0,0.0,0.0,1,1,0,80,1.0,0,Typea,Renault,Mail
2026-01-10 07:00:00,0.0,0.0,0.0,1,1,0,80,1.0,0,Typea,Renault,Mail
2026-01-10 08:00:00,0.0,0.0,0.0,1,1,0,80,1.0,0,Typea,Renault,Mail
2026-01-10 09:00:00,3.3500102807541627,0.39852058640883714,0.11896100400000001,0,0,0,0,1.18961004,0,Typea,Renault,Mail
2026-01-10 10:00:00,3.3500102807541627,1.0490856121680492,0.31315892318153615,0,0,0,0,1.18961004,0,Typea,Renault,Mail
2026-01-10 11:00:00,3.3500102807541627,0.9267134267742274,0.2766300247190893,0,0,0,0,1.18961004,0,Typea,Renault,Mail
2026-01-10 12:00:00,3.3500102807541627,0.9014227770440638,0.26908060020673524,0,0,0,0,1.18961004,0,Typea,Renault,Mail
2026-01-10 13:00:00,3.3500102807541627,0.9536206309312883,0.2846620013108159,0,0,0,0,1.18961004,0,Typea,Renault,Mail
2026-01-10 14:00:00,3.3500102807541627,0.39852058640883714,0.11896100400000001,0,0,0,0,1.18961004,0,Typea,Renault,Mail
2026-01-10 15:00:00,3.3500102807541627,0.8915010315428925,0.26611889422088447,0,0,0,0,1.18961004,0,Typea,Renault,Mail
2026-01-10 16:00:00,3.3500102807541627,0.9245852659047827,0.275994754767331,0,0,0,0,1.18961004,0,Typea,Renault,Mail
2026-01-10 17:00:00,3.3500102807541627,0.39852058640883714,0.11896100400000001,0,0,0,0,1.18961004,0,Typea,Renault,Mail
2026-01-10 18:00:00,3.3500102807541627,1.7801046647781826,0.5313728960788267,0,0,0,0,1.18961004,0,Typea,Renault,Mail
2026-01-10 19:00:00,3.3500102807541627,1.0229154427346208,0.3053469562798892,0,0,0,0,1.18961004,0,Typea,Renault,Mail
2026-01-10 20:00:00,3.3500102807541627,0.39852058640883714,0.11896100400000001,0,0,0,0,1.18961004,0,Typea,Renault,Mail
2026-01-10 21:00:00,3.3500102807541627,1.1223119521559402,0.3350174650518632,0,0,0,0,1.18961004,0,Typea,Renault,Mail
2026-01-10 22:00:00,0.0,0.0,0.0,1,1,0,80,1.0,0,Typea,Renault,Mail
2026-01-10 23:00:00,0.0,0.0,0.0,1,1,0,80,1.0,0,Typea,Renault,Mail
2026-01-11 00:00:00,0.0,0.0,0.0,1,1,0,80,1.0,0,Typea,Renault,Mail
2026-01-11 01:00:00,0.0,0.0,0.0,1,1,0,80,1.0,0,Typea,Renault,Mail
2026-01-11 02:00:00,0.0,0.0,0.0,1,1,0,80,1.0,0,Typea,Renault,Mail
2026-01-11 03:00:00,0.0,0.0,0.0,1,1,0,80,1.0,0,Typea,Renault,Mail
2026-01-11 04:00:00,0.0,0.0,0.0,1,1,0,80,1.0,0,Typea,Renault,Mail
2026-01-11 05:00:00,0.0,0.0,0.0,1,1,0,80,1.0,0,Typea,Renault,Mail
2026-01-11 06:00:00,0.0,0.0,0.0,1,1,0,80,1.0,0,Typea,Renault,Mail
2026-01-11 07:00:00,3.541620445194044,1.2855743348511732,0.3629904318503947,0,0,0,0,1.122069513044,0,Typea,Renault,Mail
2026-01-11 08:00:00,3.541620445194044,0.9869076008381025,0.27865990049197104,0,0,0,0,1.122069513044,0,Typea,Renault,Mail
2026-01-11 09:00:00,3.541620445194044,1.2089184199016234,0.34134612633099004,0,0,0,0,1.122069513044,0,Typea,Renault,Mail
2026-01-11 10:00:00,3.541620445194044,1.7882749477464999,0.5049312808698,0,0,0,0,1.122069513044,0,Typea,Renault,Mail
2026-01-11 11:00:00,3.541620445194044,0.6298881468739709,0.17785309200163585,0,0,0,0,1.122069513044,0,Typea,Renault,Mail
2026-01-11 12:00:00,3.541620445194044,0.39739443283255554,0.1122069513044,0,0,0,0,1.122069513044,0,Typea,Renault,Mail
2026-01-11 13:00:00,3.541620445194044,0.39739443283255554,0.1122069513044,0,0,0,0,1.122069513044,0,Typea,Renault,Mail
2026-01-11 14:00:00,3.541620445194044,0.39739443283255554,0.1122069513044,0,0,0,0,1.122069513044,0,Typea,Renault,Mail
2026-01-11 15:00:00,3.541620445194044,0.7211739975751591,0.20362825682062785,0,0,0,0,1.122069513044,0,Typea,Renault,Mail
2026-01-11 16:00:00,3.541620445194044,0.9480529484532909,0.2676890319344617,0,0,0,0,1.122069513044,0,Typea,Renault,Mail
2026-01-11 17:00:00,3.541620445194044,0.9130864092017008,0.25781599788332854,0,0,0,0,1.122069513044,0,Typea,Renault,Mail
2026-01-11 18:00:00,3.541620445194044,1.2116974057439982,0.34213079139755465,0,0,0,0,1.122069513044,0,Typea,Renault,Mail
2026-01-11 19:00:00,3.541620445194044,0.7700501014858061,0.2174287486200728,0,0,0,0,1.122069513044,0,Typea,Renault,Mail
2026-01-11 20:00:00,3.541620445194044,1.5514572790543044,0.43806424292575513,0,0,0,0,1.122069513044,0,Typea,Renault,Mail
2026-01-11 21:00:00,3.541620445194044,0.6194359583676007,0.1749018473191195,0,0,0,0,1.122069513044,0,Typea,Renault,Mail
2026-01-11 22:00:00,0.0,0.0,0.0,1,1,0,80,1.0,0,Typea,Renault,Mail
2026-01-11 23:00:00,0.0,0.0,0.0,1,1,0,80,1.0,0,Typea,Renault,Mail
2026-01-12 00:00:00,0.0,0.0,0.0,1,1,0,80,1.0,0,Typea,Renault,Mail
2026-01-12 01:00:00,0.0,0.0,0.0,1,1,0,80,1.0,0,Typea,Renault,Mail
2026-01-12 02:00:00,0.0,0.0,0.0,1,1,0,80,1.0,0,Typea,Renault,Mail
2026-01-12 03:00:00,0.0,0.0,0.0,1,1,0,80,1.0,0,Typea,Renault,Mail
2026-01-12 04:00:00,0.0,0.0,0.0,1,1,0,80,1.0,0,Typea,Renault,Mail
2026-01-12 05:00:00,0.0,0.0,0.0,1,1,0,80,1.0,0,Typea,Renault,Mail
2026-01-12 06:00:00,0.0,0.0,0.0,1,1,0,80,1.0,0,Typea,Renault,Mail
2026-01-12 07:00:00,0.0,0.0,0.0,1,1,0,80,1.0,0,Typea,Renault,Mail
2026-01-12 08:00:00,0.0,0.0,0.0,1,1,0,80,1.0,0,Typea,Renault,Mail
2026-01-12 09:00:00,0.0,0.0,0.0,1,1,0,80,1.0,0,Typea,Renault,Mail
2026-01-12 10:00:00,0.0,0.0,0.0,1,1,0,80,1.0,0,Typea,Renault,Mail
2026-01-12 11:00:00,10.818830282732712,3.124173580678202,0.2887718449252789,0,0,0,0,1.119889326784,0,Typea,Renault,Mail
2026-01-12 12:00:00,10.818830282732712,1.9566842969303495,0.1808591359505192,0,0,0,0,1.119889326784,0,Typea,Renault,Mail
2026-01-12 13:00:00,10.818830282732712,3.507079194004948,0.3241643599495583,0,0,0,0,1.119889326784,0,Typea,Renault,Mail
2026-01-12 14:00:00,10.818830282732712,3.1089009053168244,0.28736016963670785,0,0,0,0,1.119889326784,0,Typea,Renault,Mail
2026-01-12 15:00:00,10.818830282732712,2.2058055080113546,0.20388576679420778,0,0,0,0,1.119889326784,0,Typea,Renault,Mail
2026-01-12 16:00:00,10.818830282732712,1.211589256191989,0.1119889326784,0,0,0,0,1.119889326784,0,Typea,Renault,Mail
2026-01-12 17:00:00,10.818830282732712,1.211589256191989,0.1119889326784,0,0,0,0,1.119889326784,0,Typea,Renault,Mail
2026-01-12 18:00:00,10.818830282732712,1.5877963109266136,0.14676229032456498,0,0,0,0,1.119889326784,0,Typea,Renault,Mail
2026-01-12 19:00:00,10.818830282732712,3.7425802561563146,0.3459320608929066,0,0,0,0,1.119889326784,0,Typea,Renault,Mail
2026-01-12 20:00:00,0.0,0.0,0.0,1,1,0,80,1.0,0,Typea,Renault,Mail
2026-01-12 21:00:00,0.0,0.0,0.0,1,1,0,80,1.0,0,Typea,Renault,Mail
2026-01-12 22:00:00,0.0,0.0,0.0,1,1,0,80,1.0,0,Typea,Renault,Mail
2026-01-12 23:00:00,0.0,0.0,0.0,1,1,0,80,1.0,0,Typea,Renault,Mail
2026-01-13 00:00:00,0.0,0.0,0.0,1,1,0,80,1.0,0,Typea,Renault,Mail
2026-01-13 01:00:00,0.0,0.0,0.0,1,1,0,80,1.0,0,Typea,Renault,Mail
2026-01-13 02:00:00,0.0,0.0,0.0,1,1,0,80,1.0,0,Typea,Renault,Mail
2026-01-13 03:00:00,0.0,0.0,0.0,1,1,0,80,1.0,0,Typea,Renault,Mail
2026-01-13 04:00:00,0.0,0.0,0.0,1,1,0,80,1.0,0,Typea,Renault,Mail
2026-01-13 05:00:00,0.0,0.0,0.0,1,1,0,80,1.0,0,Typea,Renault,Mail
2026-01-13 06:00:00,0.0,0.0,0.0,1,1,0,80,1.0,0,Typea,Renault,Mail
2026-01-13 07:00:00,0.0,0.0,0.0,1,1,0,80,1.0,0,Typea,Renault,Mail
2026-01-13 08:00:00,0.0,0.0,0.0,1,1,0,80,1.0,0,Typea,Renault,Mail
2026-01-13 09:00:00,11.379330411631587,1.2793214946316112,0.11242502400000001,0,0,0,0,1.12425024,0,Typea,Renault,Mail
2026-01-13 10:00:00,11.379330411631587,2.7247434007830607,0.23944672509007345,0,0,0,0,1.12425024,0,Typea,Renault,Mail
2026-01-13 11:00:00,11.379330411631587,2.557945631984889,0.22478876519573057,0,0,0,0,1.12425024,0,Typea,Renault,Mail
2026-01-13 12:00:00,11.379330411631587,1.2793214946316112,0.11242502400000001,0,0,0,0,1.12425024,0,Typea,Renault,Mail
2026-01-13 13:00:00,11.379330411631587,3.0810919774131467,0.2707621508435815,0,0,0,0,1.12425024,0,Typea,Renault,Mail
2026-01-13 14:00:00,11.379330411631587,3.4355806180628705,0.30191412796583617,0,0,0,0,1.12425024,0,Typea,Renault,Mail
2026-01-13 15:00:00,11.379330411631587,4.347601323215605,0.3820612607198422,0,0,0,0,1.12425024,0,Typea,Renault,Mail
2026-01-13 16:00:00,11.379330411631587,4.296524225880974,0.377572675233088,0,0,0,0,1.12425024,0,Typea,Renault,Mail
2026-01-13 17:00:00,11.379330411631587,1.2793214946316112,0.11242502400000001,0,0,0,0,1.12425024,0,Typea,Renault,Mail
2026-01-13 18:00:00,11.379330411631587,1.2793214946316112,0.11242502400000001,0,0,0,0,1.12425024,0,Typea,Renault,Mail
2026-01-13 19:00:00,11.379330411631587,3.355689883585249,0.2948934394378047,0,0,0,0,1.12425024,0,Typea,Renault,Mail
2026-01-13 20:00:00,0.0,0.0,0.0,1,1,0,80,1.0,0,Typea,Renault,Mail
2026-01-13 21:00:00,0.0,0.0,0.0,1,1,0,80,1.0,0,Typea,Renault,Mail
2026-01-13 22:00:00,0.0,0.0,0.0,1,1,0,80,1.0,0,Typea,Renault,Mail
2026-01-13 23:00:00,0.0,0.0,0.0,1,1,0,80,1.0,0,Typea,Renault,Mail
2026-01-14 00:00:00,0.0,0.0,0.0,1,1,0,80,1.0,0,Typea,Renault,Mail
2026-01-14 01:00:00,0.0,0.0,0.0,1,1,0,80,1.0,0,Typea,Renault,Mail
2026-01-14 02:00:00,0.0,0.0,0.0,1,1,0,80,1.0,0,Typea,Renault,Mail
2026-01-14 03:00:00,0.0,0.0,0.0,1,1,0,80,1.0,0,Typea,Renault,Mail
2026-01-14 04:00:00,0.0,0.0,0.0,1,1,0,80,1.0,0,Typea,Renault,Mail
2026-01-14 05:00:00,0.0,0.0,0.0,1,1,0,80,1.0,0,Typea,Renault,Mail
2026-01-14 06:00:00,0.0,0.0,0.0,1,1,0,80,1.0,0,Typea,Renault,Mail
2026-01-14 07:00:00,0.0,0.0,0.0,1,1,0,80,1.0,0,Typea,Renault,Mail
2026-01-14 08:00:00,0.0,0.0,0.0,1,1,0,80,1.0,0,Typea,Renault,Mail
2026-01-14 09:00:00,9.652177267567344,3.6925757133930874,0.3825640175300815,0,0,0,0,1.102475,0,Typea,Renault,Mail
2026-01-14 10:00:00,9.652177267567344,3.428847776175248,0.3552408623592785,0,0,0,0,1.102475,0,Typea,Renault,Mail
2026-01-14 11:00:00,9.652177267567344,2.989295329864445,0.3097016607754286,0,0,0,0,1.102475,0,Typea,Renault,Mail
2026-01-14 12:00:00,9.652177267567344,1.585186851696294,0.16423101314381594,0,0,0,0,1.102475,0,Typea,Renault,Mail
2026-01-14 13:00:00,9.652177267567344,3.1455561259078304,0.32589083672109254,0,0,0,0,1.102475,0,Typea,Renault,Mail
2026-01-14 14:00:00,9.652177267567344,1.0641284133061308,0.11024750000000001,0,0,0,0,1.102475,0,Typea,Renault,Mail
2026-01-14 15:00:00,9.652177267567344,1.6991391713116177,0.17603687999193315,0,0,0,0,1.102475,0,Typea,Renault,Mail
2026-01-14 16:00:00,9.652177267567344,1.3381188746795265,0.13863388928587042,0,0,0,0,1.102475,0,Typea,Renault,Mail
2026-01-14 17:00:00,9.652177267567344,2.1620516298668737,0.22399626218342128,0,0,0,0,1.102475,0,Typea,Renault,Mail
2026-01-14 18:00:00,9.652177267567344,4.78857785987759,0.4961137500000001,0,0,0,0,1.102475,0,Typea,Renault,Mail
2026-01-14 19:00:00,9.652177267567344,1.0641284133061308,0.11024750000000001,0,0,0,0,1.102475,0,Typea,Renault,Mail
2026-01-14 20:00:00,9.652177267567344,3.0399436941830795,0.31494901201179887,0,0,0,0,1.102475,0,Typea,Renault,Mail
2026-01-14 21:00:00,9.652177267567344,1.0641284133061308,0.11024750000000001,0,0,0,0,1.102475,0,Typea,Renault,Mail
2026-01-14 22:00:00,9.652177267567344,1.3576288667678038,0.14065519407000793,0,0,0,0,1.102475,0,Typea,Renault,Mail
2026-01-14 23:00:00,0.0,0.0,0.0,1,1,0,80,1.0,0,Typea,Renault,Mail
2026-01-01 00:00:00,0.0,0.0,0.0,1,1,1,80,1.0,1,Typea,Renault,Mail
2026-01-01 01:00:00,0.0,0.0,0.0,1,1,1,80,1.0,1,Typea,Renault,Mail
2026-01-01 02:00:00,0.0,0.0,0.0,1,1,1,80,1.0,1,Typea,Renault,Mail
2026-01-01 03:00:00,0.0,0.0,0.0,1,1,1,80,1.0,1,Typea,Renault,Mail
2026-01-01 04:00:00,0.0,0.0,0.0,1,1,1,80,1.0,1,Typea,Renault,Mail
2026-01-01 05:00:00,0.0,0.0,0.0,1,1,1,80,1.0,1,Typea,Renault,Mail
2026-01-01 06:00:00,0.0,0.0,0.0,1,1,1,80,1.0,1,Typea,Renault,Mail
2026-01-01 07:00:00,0.0,0.0,0.0,1,1,1,80,1.0,1,Typea,Renault,Mail
2026-01-01 08:00:00,10.429633703603528,2.039957044270785,0.19559239588308477,0,0,1,0,1.1329772784640002,1,Typea,Renault,Mail
2026-01-01 09:00:00,10.429633703603528,2.8983572018593904,0.2778963561163211,0,0,1,0,1.1329772784640002,1,Typea,Renault,Mail
2026-01-01 10:00:00,10.429633703603528,2.9957636343739797,0.2872357476311865,0,0,1,0,1.1329772784640002,1,Typea,Renault,Mail
2026-01-01 11:00:00,10.429633703603528,1.1816538008885138,0.11329772784640002,0,0,1,0,1.1329772784640002,1,Typea,Renault,Mail
2026-01-01 12:00:00,10.429633703603528,2.083634107587098,0.19978018085785545,0,0,1,0,1.1329772784640002,1,Typea,Renault,Mail
2026-01-01 13:00:00,10.429633703603528,2.7458372440842895,0.263272644286211,0,0,1,0,1.1329772784640002,1,Typea,Renault,Mail
2026-01-01 14:00:00,10.429633703603528,1.1816538008885138,0.11329772784640002,0,0,1,0,1.1329772784640002,1,Typea,Renault,Mail
2026-01-01 15:00:00,10.429633703603528,1.2894375534022429,0.12363210348957233,0,0,1,0,1.1329772784640002,1,Typea,Renault,Mail
2026-01-01 16:00:00,10.429633703603528,2.9410432281624677,0.28198911982367236,0,0,1,0,1.1329772784640002,1,Typea,Renault,Mail
2026-01-01 17:00:00,10.429633703603528,1.1816538008885138,0.11329772784640002,0,0,1,0,1.1329772784640002,1,Typea,Renault,Mail
2026-01-01 18:00:00,10.429633703603528,1.4444221855569959,0.13849212988735507,0,0,1,0,1.1329772784640002,1,Typea,Renault,Mail
2026-01-01 19:00:00,10.429633703603528,1.7106710963594876,0.16402024701677068,0,0,1,0,1.1329772784640002,1,Typea,Renault,Mail
2026-01-01 20:00:00,0.0,0.0,0.0,1,1,1,80,1.0,1,Typea,Renault,Mail
2026-01-01 21:00:00,0.0,0.0,0.0,1,1,1,80,1.0,1,Typea,Renault,Mail
2026-01-01 22:00:00,0.0,0.0,0.0,1,1,1,80,1.0,1,Typea,Renault,Mail
2026-01-01 23:00:00,0.0,0.0,0.0,1,1,1,80,1.0,1,Typea,Renault,Mail
2026-01-02 00:00:00,0.0,0.0,0.0,1,1,1,80,1.0,1,Typea,Renault,Mail
2026-01-02 01:00:00,0.0,0.0,0.0,1,1,1,80,1.0,1,Typea,Renault,Mail
2026-01-02 02:00:00,0.0,0.0,0.0,1,1,1,80,1.0,1,Typea,Renault,Mail
2026-01-02 03:00:00,0.0,0.0,0.0,1,1,1,80,1.0,1,Typea,Renault,Mail
2026-01-02 04:00:00,0.0,0.0,0.0,1,1,1,80,1.0,1,Typea,Renault,Mail
2026-01-02 05:00:00,0.0,0.0,0.0,1,1,1,80,1.0,1,Typea,Renault,Mail
2026-01-02 06:00:00,0.0,0.0,0.0,1,1,1,80,1.0,1,Typea,Renault,Mail
2026-01-02 07:00:00,0.0,0.0,0.0,1,1,1,80,1.0,1,Typea,Renault,Mail
2026-01-02 08:00:00,0.0,0.0,0.0,1,1,1,80,1.0,1,Typea,Renault,Mail
2026-01-02 09:00:00,0.0,0.0,0.0,1,1,1,80,1.0,1,Typea,Renault,Mail
2026-01-02 10:00:00,6.547146307988251,1.4871072759663884,0.2271382379452787,0,0,1,0,1.23259004,1,Typea,Renault,Mail
2026-01-02 11:00:00,6.547146307988251,3.025113914017196,0.46205075795025674,0,0,1,0,1.23259004,1,Typea,Renault,Mail
2026-01-02 12:00:00,6.547146307988251,0.8069947329649091,0.123259004,0,0,1,0,1.23259004,1,Typea,Renault,Mail
2026-01-02 13:00:00,6.547146307988251,1.4313479872115222,0.21862165894553443,0,0,1,0,1.23259004,1,Typea,Renault,Mail
2026-01-02 14:00:00,6.547146307988251,2.7192777678425317,0.4153378647617373,0,0,1,0,1.23259004,1,Typea,Renault,Mail
2026-01-02 15:00:00,6.547146307988251,0.9442514711074543,0.1442233649117268,0,0,1,0,1.23259004,1,Typea,Renault,Mail
2026-01-02 16:00:00,6.547146307988251,1.7428088984602073,0.26619366919199366,0,0,1,0,1.23259004,1,Typea,Renault,Mail
2026-01-02 17:00:00,6.547146307988251,2.0975649308120774,0.32037850265432644,0,0,1,0,1.23259004,1,Typea,Renault,Mail
2026-01-02 18:00:00,6.547146307988251,3.6314762983420907,0.5546655180000001,0,0,1,0,1.23259004,1,Typea,Renault,Mail
2026-01-02 19:00:00,6.547146307988251,2.3481014945935934,0.35864503161150485,0,0,1,0,1.23259004,1,Typea,Renault,Mail
2026-01-02 20:00:00,0.0,0.0,0.0,1,1,1,80,1.0,1,Typea,Renault,Mail
2026-01-02 21:00:00,0.0,0.0,0.0,1,1,1,80,1.0,1,Typea,Renault,Mail
2026-01-02 22:00:00,0.0,0.0,0.0,1,1,1,80,1.0,1,Typea,Renault,Mail
2026-01-02 23:00:00,0.0,0.0,0.0,1,1,1,80,1.0,1,Typea,Renault,Mail
2026-01-03 00:00:00,0.0,0.0,0.0,1,1,1,80,1.0,1,Typea,Renault,Mail
2026-01-03 01:00:00,0.0,0.0,0.0,1,1,1,80,1.0,1,Typea,Renault,Mail
2026-01-03 02:00:00,0.0,0.0,0.0,1,1,1,80,1.0,1,Typea,Renault,Mail
2026-01-03 03:00:00,0.0,0.0,0.0,1,1,1,80,1.0,1,Typea,Renault,Mail
2026-01-03 04:00:00,0.0,0.0,0.0,1,1,1,80,1.0,1,Typea,Renault,Mail
2026-01-03 05:00:00,0.0,0.0,0.0,1,1,1,80,1.0,1,Typea,Renault,Mail
2026-01-03 06:00:00,0.0,0.0,0.0,1,1,1,80,1.0,1,Typea,Renault,Mail
2026-01-03 07:00:00,0.0,0.0,0.0,1,1,1,80,1.0,1,Typea,Renault,Mail
2026-01-03 08:00:00,9.477813475888437,1.1459141000025486,0.1209049010004,0,0,1,0,1.209049010004,1,Typea,Renault,Mail
2026-01-03 09:00:00,9.477813475888437,4.126476851406602,0.4353827875917121,0,0,1,0,1.209049010004,1,Typea,Renault,Mail
2026-01-03 10:00:00,9.477813475888437,1.1459141000025486,0.1209049010004,0,0,1,0,1.209049010004,1,Typea,Renault,Mail
2026-01-03 11:00:00,9.477813475888437,1.8632895376815262,0.1965948731130588,0,0,1,0,1.209049010004,1,Typea,Renault,Mail
2026-01-03 12:00:00,9.477813475888437,2.4075297223829097,0.2540174195775921,0,0,1,0,1.209049010004,1,Typea,Renault,Mail
2026-01-03 13:00:00,9.477813475888437,3.9681855554388616,0.4186815414266094,0,0,1,0,1.209049010004,1,Typea,Renault,Mail
2026-01-03 14:00:00,9.477813475888437,2.6821535338876004,0.2829928591347573,0,0,1,0,1.209049010004,1,Typea,Renault,Mail
2026-01-03 15:00:00,9.477813475888437,2.2530880775420186,0.23772234843763024,0,0,1,0,1.209049010004,1,Typea,Renault,Mail
2026-01-03 16:00:00,9.477813475888437,5.156613450011468,0.5440720545018,0,0,1,0,1.209049010004,1,Typea,Renault,Mail
2026-01-03 17:00:00,9.477813475888437,2.9090501309620804,0.3069326209428689,0,0,1,0,1.209049010004,1,Typea,Renault,Mail
2026-01-03 18:00:00,9.477813475888437,4.033074615387473,0.4255279580725677,0,0,1,0,1.209049010004,1,Typea,Renault,Mail
2026-01-03 19:00:00,9.477813475888437,2.9223099879949928,0.3083316627225626,0,0,1,0,1.209049010004,1,Typea,Renault,Mail
2026-01-03 20:00:00,9.477813475888437,3.125756304412141,0.32979719556246456,0,0,1,0,1.209049010004,1,Typea,Renault,Mail
2026-01-03 21:00:00,9.477813475888437,5.156613450011468,0.5440720545018,0,0,1,0,1.209049010004,1,Typea,Renault,Mail
2026-01-03 22:00:00,0.0,0.0,0.0,1,1,1,80,1.0,1,Typea,Renault,Mail
2026-01-03 23:00:00,0.0,0.0,0.0,1,1,1,80,1.0,1,Typea,Renault,Mail
2026-01-04 00:00:00,0.0,0.0,0.0,1,1,1,80,1.0,1,Typea,Renault,Mail
2026-01-04 01:00:00,0.0,0.0,0.0,1,1,1,80,1.0,1,Typea,Renault,Mail
2026-01-04 02:00:00,0.0,0.0,0.0,1,1,1,80,1.0,1,Typea,Renault,Mail
2026-01-04 03:00:00,0.0,0.0,0.0,1,1,1,80,1.0,1,Typea,Renault,Mail
2026-01-04 04:00:00,0.0,0.0,0.0,1,1,1,80,1.0,1,Typea,Renault,Mail
2026-01-04 05:00:00,0.0,0.0,0.0,1,1,1,80,1.0,1,Typea,Renault,Mail
2026-01-04 06:00:00,0.0,0.0,0.0,1,1,1,80,1.0,1,Typea,Renault,Mail
2026-01-04 07:00:00,0.0,0.0,0.0,1,1,1,80,1.0,1,Typea,Renault,Mail
2026-01-04 08:00:00,0.0,0.0,0.0,1,1,1,80,1.0,1,Typea,Renault,Mail
2026-01-04 09:00:00,5.9314157714855344,0.7740676428802672,0.13050301525000002,0,0,1,0,1.3050301525,1,Typea,Renault,Mail
2026-01-04 10:00:00,5.9314157714855344,1.474010651576829,0.24850907580327322,0,0,1,0,1.3050301525,1,Typea,Renault,Mail
2026-01-04 11:00:00,5.9314157714855344,0.7740676428802672,0.13050301525000002,0,0,1,0,1.3050301525,1,Typea,Renault,Mail
2026-01-04 12:00:00,5.9314157714855344,0.8844583024293752,0.14911419743685594,0,0,1,0,1.3050301525,1,Typea,Renault,Mail
2026-01-04 13:00:00,5.9314157714855344,0.7740676428802672,0.13050301525000002,0,0,1,0,1.3050301525,1,Typea,Renault,Mail
2026-01-04 14:00:00,5.9314157714855344,0.7740676428802672,0.13050301525000002,0,0,1,0,1.3050301525,1,Typea,Renault,Mail
2026-01-04 15:00:00,5.9314157714855344,0.7740676428802672,0.13050301525000002,0,0,1,0,1.3050301525,1,Typea,Renault,Mail
2026-01-04 16:00:00,5.9314157714855344,1.5341089630044282,0.2586412792674973,0,0,1,0,1.3050301525,1,Typea,Renault,Mail
2026-01-04 17:00:00,5.9314157714855344,0.9071941151445936,0.15294731478879034,0,0,1,0,1.3050301525,1,Typea,Renault,Mail
2026-01-04 18:00:00,5.9314157714855344,2.4952550889867195,0.42068456926967,0,0,1,0,1.3050301525,1,Typea,Renault,Mail
2026-01-04 19:00:00,0.0,0.0,0.0,1,1,1,80,1.0,1,Typea,Renault,Mail
2026-01-04 20:00:00,0.0,0.0,0.0,1,1,1,80,1.0,1,Typea,Renault,Mail
2026-01-04 21:00:00,0.0,0.0,0.0,1,1,1,80,1.0,1,Typea,Renault,Mail
2026-01-04 22:00:00,0.0,0.0,0.0,1,1,1,80,1.0,1,Typea,Renault,Mail
2026-01-04 23:00:00,0.0,0.0,0.0,1,1,1,80,1.0,1,Typea,Renault,Mail
2026-01-05 00:00:00,0.0,0.0,0.0,1,1,1,80,1.0,1,Typea,Renault,Mail
2026-01-05 01:00:00,0.0,0.0,0.0,1,1,1,80,1.0,1,Typea,Renault,Mail
2026-01-05 02:00:00,0.0,0.0,0.0,1,1,1,80,1.0,1,Typea,Renault,Mail
2026-01-05 03:00:00,0.0,0.0,0.0,1,1,1,80,1.0,1,Typea,Renault,Mail
2026-01-05 04:00:00,0.0,0.0,0.0,1,1,1,80,1.0,1,Typea,Renault,Mail
2026-01-05 05:00:00,0.0,0.0,0.0,1,1,1,80,1.0,1,Typea,Renault,Mail
2026-01-05 06:00:00,0.0,0.0,0.0,1,1,1,80,1.0,1,Typea,Renault,Mail
2026-01-05 07:00:00,0.0,0.0,0.0,1,1,1,80,1.0,1,Typea,Renault,Mail
2026-01-05 08:00:00,0.0,0.0,0.0,1,1,1,80,1.0,1,Typea,Renault,Mail
2026-01-05 09:00:00,0.0,0.0,0.0,1,1,1,80,1.0,1,Typea,Renault,Mail
2026-01-05 10:00:00,14.947945191438587,2.6261193490896075,0.17568430412721295,0,0,1,0,1.226197579604,1,Typea,Renault,Mail
2026-01-05 11:00:00,14.947945191438587,4.045854249479196,0.27066290367430923,0,0,1,0,1.226197579604,1,Typea,Renault,Mail
2026-01-05 12:00:00,14.947945191438587,4.348220867824379,0.2908908757783522,0,0,1,0,1.226197579604,1,Typea,Renault,Mail
2026-01-05 13:00:00,14.947945191438587,3.005261186908414,0.20104844835995742,0,0,1,0,1.226197579604,1,Typea,Renault,Mail
2026-01-05 14:00:00,14.947945191438587,4.406769878818863,0.29480773593837056,0,0,1,0,1.226197579604,1,Typea,Renault,Mail
2026-01-05 15:00:00,14.947945191438587,4.958540840733057,0.33172056608643796,0,0,1,0,1.226197579604,1,Typea,Renault,Mail
2026-01-05 16:00:00,14.947945191438587,7.520445301286989,0.5031089694919615,0,0,1,0,1.226197579604,1,Typea,Renault,Mail
2026-01-05 17:00:00,14.947945191438587,5.091843256358996,0.34063834133372,0,0,1,0,1.226197579604,1,Typea,Renault,Mail
2026-01-05 18:00:00,14.947945191438587,7.637613614936079,0.5109473922416113,0,0,1,0,1.226197579604,1,Typea,Renault,Mail
2026-01-05 19:00:00,0.0,0.0,0.0,1,1,1,80,1.0,1,Typea,Renault,Mail
2026-01-05 20:00:00,0.0,0.0,0.0,1,1,1,80,1.0,1,Typea,Renault,Mail
2026-01-05 21:00:00,0.0,0.0,0.0,1,1,1,80,1.0,1,Typea,Renault,Mail
2026-01-05 22:00:00,0.0,0.0,0.0,1,1,1,80,1.0,1,Typea,Renault,Mail
2026-01-05 23:00:00,0.0,0.0,0.0,1,1,1,80,1.0,1,Typea,Renault,Mail
2026-01-06 00:00:00,0.0,0.0,0.0,1,1,1,80,1.0,1,Typea,Renault,Mail
2026-01-06 01:00:00,0.0,0.0,0.0,1,1,1,80,1.0,1,Typea,Renault,Mail
2026-01-06 02:00:00,0.0,0.0,0.0,1,1,1,80,1.0,1,Typea,Renault,Mail
2026-01-06 03:00:00,0.0,0.0,0.0,1,1,1,80,1.0,1,Typea,Renault,Mail
2026-01-06 04:00:00,0.0,0.0,0.0,1,1,1,80,1.0,1,Typea,Renault,Mail
2026-01-06 05:00:00,0.0,0.0,0.0,1,1,1,80,1.0,1,Typea,Renault,Mail
2026-01-06 06:00:00,0.0,0.0,0.0,1,1,1,80,1.0,1,Typea,Renault,Mail
2026-01-06 07:00:00,0.0,0.0,0.0,1,1,1,80,1.0,1,Typea,Renault,Mail
2026-01-06 08:00:00,0.0,0.0,0.0,1,1,1,80,1.0,1,Typea,Renault,Mail
2026-01-06 09:00:00,0.0,0.0,0.0,1,1,1,80,1.0,1,Typea,Renault,Mail
2026-01-06 10:00:00,8.362012083615898,2.2181642008684936,0.2652668016606496,0,0,1,0,1.3306301459840002,1,Typea,Renault,Mail
2026-01-06 11:00:00,8.362012083615898,1.1126745359541796,0.13306301459840003,0,0,1,0,1.3306301459840002,1,Typea,Renault,Mail
2026-01-06 12:00:00,8.362012083615898,1.6868659760601645,0.20172967453196153,0,0,1,0,1.3306301459840002,1,Typea,Renault,Mail
2026-01-06 13:00:00,8.362012083615898,2.6162889183247793,0.31287791648268515,0,0,1,0,1.3306301459840002,1,Typea,Renault,Mail
2026-01-06 14:00:00,8.362012083615898,2.2655759193249296,0.27093669522003966,0,0,1,0,1.3306301459840002,1,Typea,Renault,Mail
2026-01-06 15:00:00,8.362012083615898,1.3997777638586693,0.16739724241744672,0,0,1,0,1.3306301459840002,1,Typea,Renault,Mail
2026-01-06 16:00:00,8.362012083615898,1.1126745359541796,0.13306301459840003,0,0,1,0,1.3306301459840002,1,Typea,Renault,Mail
2026-01-06 17:00:00,8.362012083615898,1.1126745359541796,0.13306301459840003,0,0,1,0,1.3306301459840002,1,Typea,Renault,Mail
2026-01-06 18:00:00,8.362012083615898,1.2473231822839763,0.14916543647765326,0,0,1,0,1.3306301459840002,1,Typea,Renault,Mail
2026-01-06 19:00:00,8.362012083615898,2.287997775073791,0.2736180900236652,0,0,1,0,1.3306301459840002,1,Typea,Renault,Mail
2026-01-06 20:00:00,8.362012083615898,5.007035411793809,0.5987835656928001,0,0,1,0,1.3306301459840002,1,Typea,Renault,Mail
2026-01-06 21:00:00,0.0,0.0,0.0,1,1,1,80,1.0,1,Typea,Renault,Mail
2026-01-06 22:00:00,0.0,0.0,0.0,1,1,1,80,1.0,1,Typea,Renault,Mail
2026-01-06 23:00:00,0.0,0.0,0.0,1,1,1,80,1.0,1,Typea,Renault,Mail
2026-01-07 00:00:00,0.0,0.0,0.0,1,1,1,80,1.0,1,Typea,Renault,Mail
2026-01-07 01:00:00,0.0,0.0,0.0,1,1,1,80,1.0,1,Typea,Renault,Mail
2026-01-07 02:00:00,0.0,0.0,0.0,1,1,1,80,1.0,1,Typea,Renault,Mail
2026-01-07 03:00:00,0.0,0.0,0.0,1,1,1,80,1.0,1,Typea,Renault,Mail
2026-01-07 04:00:00,0.0,0.0,0.0,1,1,1,80,1.0,1,Typea,Renault,Mail
2026-01-07 05:00:00,0.0,0.0,0.0,1,1,1,80,1.0,1,Typea,Renault,Mail
2026-01-07 06:00:00,0.0,0.0,0.0,1,1,1,80,1.0,1,Typea,Renault,Mail
2026-01-07 07:00:00,0.0,0.0,0.0,1,1,1,80,1.0,1,Typea,Renault,Mail
2026-01-07 08:00:00,0.0,0.0,0.0,1,1,1,80,1.0,1,Typea,Renault,Mail
2026-01-07 09:00:00,13.591667136787171,4.9646221506383394,0.3652695508707027,0,0,1,0,1.282756305344,1,Typea,Renault,Mail
2026-01-07 10:00:00,13.591667136787171,5.784721631738266,0.42560795327906126,0,0,1,0,1.282756305344,1,Typea,Renault,Mail
2026-01-07 11:00:00,13.591667136787171,4.4415502082195335,0.3267847986210643,0,0,1,0,1.282756305344,1,Typea,Renault,Mail
2026-01-07 12:00:00,13.591667136787171,7.84565852393276,0.5772403374048001,0,0,1,0,1.282756305344,1,Typea,Renault,Mail
2026-01-07 13:00:00,13.591667136787171,3.550496461002523,0.26122597215412663,0,0,1,0,1.282756305344,1,Typea,Renault,Mail
2026-01-07 14:00:00,13.591667136787171,1.7654565968085036,0.12989257160588663,0,0,1,0,1.282756305344,1,Typea,Renault,Mail
2026-01-07 15:00:00,13.591667136787171,2.619586786567898,0.19273476610369092,0,0,1,0,1.282756305344,1,Typea,Renault,Mail
2026-01-07 16:00:00,13.591667136787171,5.626746885997255,0.4139850416707099,0,0,1,0,1.282756305344,1,Typea,Renault,Mail
2026-01-07 17:00:00,13.591667136787171,1.8904881600882983,0.13909170531196338,0,0,1,0,1.282756305344,1,Typea,Renault,Mail
2026-01-07 18:00:00,13.591667136787171,3.0013161763840466,0.2208203118998325,0,0,1,0,1.282756305344,1,Typea,Renault,Mail
2026-01-07 19:00:00,0.0,0.0,0.0,1,1,1,80,1.0,1,Typea,Renault,Mail
2026-01-07 20:00:00,0.0,0.0,0.0,1,1,1,80,1.0,1,Typea,Renault,Mail
2026-01-07 21:00:00,0.0,0.0,0.0,1,1,1,80,1.0,1,Typea,Renault,Mail
2026-01-07 22:00:00,0.0,0.0,0.0,1,1,1,80,1.0,1,Typea,Renault,Mail
2026-01-07 23:00:00,0.0,0.0,0.0,1,1,1,80,1.0,1,Typea,Renault,Mail
2026-01-08 00:00:00,0.0,0.0,0.0,1,1,1,80,1.0,1,Typea,Renault,Mail
2026-01-08 01:00:00,0.0,0.0,0.0,1,1,1,80,1.0,1,Typea,Renault,Mail
2026-01-08 02:00:00,0.0,0.0,0.0,1,1,1,80,1.0,1,Typea,Renault,Mail
2026-01-08 03:00:00,0.0,0.0,0.0,1,1,1,80,1.0,1,Typea,Renault,Mail
2026-01-08 04:00:00,0.0,0.0,0.0,1,1,1,80,1.0,1,Typea,Renault,Mail
2026-01-08 05:00:00,0.0,0.0,0.0,1,1,1,80,1.0,1,Typea,Renault,Mail
2026-01-08 06:00:00,0.0,0.0,0.0,1,1,1,80,1.0,1,Typea,Renault,Mail
2026-01-08 07:00:00,0.0,0.0,0.0,1,1,1,80,1.0,1,Typea,Renault,Mail
2026-01-08 08:00:00,8.514915909248279,1.0018524226620367,0.11765852221440001,0,0,1,0,1.176585222144,1,Typea,Renault,Mail
2026-01-08 09:00:00,8.514915909248279,1.0018524226620367,0.11765852221440001,0,0,1,0,1.176585222144,1,Typea,Renault,Mail
2026-01-08 10:00:00,8.514915909248279,3.2313032857613337,0.3794873983725111,0,0,1,0,1.176585222144,1,Typea,Renault,Mail
2026-01-08 11:00:00,8.514915909248279,4.3032666913050415,0.5053798225571609,0,0,1,0,1.176585222144,1,Typea,Renault,Mail
2026-01-08 12:00:00,8.514915909248279,1.0018524226620367,0.11765852221440001,0,0,1,0,1.176585222144,1,Typea,Renault,Mail
2026-01-08 13:00:00,8.514915909248279,1.0018524226620367,0.11765852221440001,0,0,1,0,1.176585222144,1,Typea,Renault,Mail
2026-01-08 14:00:00,8.514915909248279,1.184155913270956,0.1390684213316555,0,0,1,0,1.176585222144,1,Typea,Renault,Mail
2026-01-08 15:00:00,8.514915909248279,2.9352418421949737,0.3447176546989652,0,0,1,0,1.176585222144,1,Typea,Renault,Mail
2026-01-08 16:00:00,8.514915909248279,3.551064388996585,0.4170404531111903,0,0,1,0,1.176585222144,1,Typea,Renault,Mail
2026-01-08 17:00:00,8.514915909248279,1.3802504001607045,0.16209794845555403,0,0,1,0,1.176585222144,1,Typea,Renault,Mail
2026-01-08 18:00:00,8.514915909248279,1.0018524226620367,0.11765852221440001,0,0,1,0,1.176585222144,1,Typea,Renault,Mail
2026-01-08 19:00:00,8.514915909248279,1.0018524226620367,0.11765852221440001,0,0,1,0,1.176585222144,1,Typea,Renault,Mail
2026-01-08 20:00:00,8.514915909248279,1.7324144903989172,0.20345644148021416,0,0,1,0,1.176585222144,1,Typea,Renault,Mail
2026-01-08 21:00:00,8.514915909248279,1.0018524226620367,0.11765852221440001,0,0,1,0,1.176585222144,1,Typea,Renault,Mail
2026-01-08 22:00:00,0.0,0.0,0.0,1,1,1,80,1.0,1,Typea,Renault,Mail
2026-01-08 23:00:00,0.0,0.0,0.0,1,1,1,80,1.0,1,Typea,Renault,Mail
2026-01-09 00:00:00,0.0,0.0,0.0,1,1,1,80,1.0,1,Typea,Renault,Mail
2026-01-09 01:00:00,0.0,0.0,0.0,1,1,1,80,1.0,1,Typea,Renault,Mail
2026-01-09 02:00:00,0.0,0.0,0.0,1,1,1,80,1.0,1,Typea,Renault,Mail
2026-01-09 03:00:00,0.0,0.0,0.0,1,1,1,80,1.0,1,Typea,Renault,Mail
2026-01-09 04:00:00,0.0,0.0,0.0,1,1,1,80,1.0,1,Typea,Renault,Mail
2026-01-09 05:00:00,0.0,0.0,0.0,1,1,1,80,1.0,1,Typea,Renault,Mail
2026-01-09 06:00:00,0.0,0.0,0.0,1,1,1,80,1.0,1,Typea,Renault,Mail
2026-01-09 07:00:00,11.267096000756869,2.238749046992341,0.198697965016181,0,0,1,0,1.137342385344,1,Typea,Renault,Mail
2026-01-09 08:00:00,11.267096000756869,3.4886048840797534,0.30962768790160355,0,0,1,0,1.137342385344,1,Typea,Renault,Mail
2026-01-09 09:00:00,11.267096000756869,2.9689327772236056,0.26350470227857886,0,0,1,0,1.137342385344,1,Typea,Renault,Mail
2026-01-09 10:00:00,11.267096000756869,5.516469754700671,0.4896088357044353,0,0,1,0,1.137342385344,1,Typea,Renault,Mail
2026-01-09 11:00:00,11.267096000756869,2.4181503487540765,0.2146205507250171,0,0,1,0,1.137342385344,1,Typea,Renault,Mail
2026-01-09 12:00:00,11.267096000756869,3.5174349927618667,0.312186475780945,0,0,1,0,1.137342385344,1,Typea,Renault,Mail
2026-01-09 13:00:00,11.267096000756869,2.824379397541263,0.2506750095456305,0,0,1,0,1.137342385344,1,Typea,Renault,Mail
2026-01-09 14:00:00,11.267096000756869,3.2562188333139277,0.28900249301995745,0,0,1,0,1.137342385344,1,Typea,Renault,Mail
2026-01-09 15:00:00,11.267096000756869,3.037005857535338,0.26954646142460553,0,0,1,0,1.137342385344,1,Typea,Renault,Mail
2026-01-09 16:00:00,11.267096000756869,5.38586828237489,0.47801743075705516,0,0,1,0,1.137342385344,1,Typea,Renault,Mail
2026-01-09 17:00:00,11.267096000756869,1.281454584140066,0.1137342385344,0,0,1,0,1.137342385344,1,Typea,Renault,Mail
2026-01-09 18:00:00,11.267096000756869,1.281454584140066,0.1137342385344,0,0,1,0,1.137342385344,1,Typea,Renault,Mail
2026-01-09 19:00:00,11.267096000756869,5.19337578757551,0.4609329491136531,0,0,1,0,1.137342385344,1,Typea,Renault,Mail
2026-01-09 20:00:00,0.0,0.0,0.0,1,1,1,80,1.0,1,Typea,Renault,Mail
2026-01-09 21:00:00,0.0,0.0,0.0,1,1,1,80,1.0,1,Typea,Renault,Mail
2026-01-09 22:00:00,0.0,0.0,0.0,1,1,1,80,1.0,1,Typea,Renault,Mail
2026-01-09 23:00:00,0.0,0.0,0.0,1,1,1,80,1.0,1,Typea,Renault,Mail
2026-01-10 00:00:00,0.0,0.0,0.0,1,1,1,80,1.0,1,Typea,Renault,Mail
2026-01-10 01:00:00,0.0,0.0,0.0,1,1,1,80,1.0,1,Typea,Renault,Mail
2026-01-10 02:00:00,0.0,0.0,0.0,1,1,1,80,1.0,1,Typea,Renault,Mail
2026-01-10 03:00:00,0.0,0.0,0.0,1,1,1,80,1.0,1,Typea,Renault,Mail
2026-01-10 04:00:00,0.0,0.0,0.0,1,1,1,80,1.0,1,Typea,Renault,Mail
2026-01-10 05:00:00,0.0,0.0,0.0,1,1,1,80,1.0,1,Typea,Renault,Mail
2026-01-10 06:00:00,0.0,0.0,0.0,1,1,1,80,1.0,1,Typea,Renault,Mail
2026-01-10 07:00:00,6.898398161750048,2.2193195598946547,0.32171520226249706,0,0,1,0,1.18961004,1,Typea,Renault,Mail
2026-01-10 08:00:00,6.898398161750048,1.5800997746650702,0.22905314213759678,0,0,1,0,1.18961004,1,Typea,Renault,Mail
2026-01-10 09:00:00,6.898398161750048,2.3584305177529092,0.34188089212215045,0,0,1,0,1.18961004,1,Typea,Renault,Mail
2026-01-10 10:00:00,6.898398161750048,0.8206403713135403,0.11896100400000001,0,0,1,0,1.18961004,1,Typea,Renault,Mail
2026-01-10 11:00:00,6.898398161750048,3.1666636718585925,0.45904333116301954,0,0,1,0,1.18961004,1,Typea,Renault,Mail
2026-01-10 12:00:00,6.898398161750048,1.8229267311102955,0.2642536264749089,0,0,1,0,1.18961004,1,Typea,Renault,Mail
2026-01-10 13:00:00,6.898398161750048,3.6130517668672013,0.5237522801888561,0,0,1,0,1.18961004,1,Typea,Renault,Mail
2026-01-10 14:00:00,6.898398161750048,2.173309658057881,0.31504555218461555,0,0,1,0,1.18961004,1,Typea,Renault,Mail
2026-01-10 15:00:00,6.898398161750048,1.2152774749728565,0.1761680677858342,0,0,1,0,1.18961004,1,Typea,Renault,Mail
2026-01-10 16:00:00,6.898398161750048,0.8206403713135403,0.11896100400000001,0,0,1,0,1.18961004,1,Typea,Renault,Mail
2026-01-10 17:00:00,6.898398161750048,0.8206403713135403,0.11896100400000001,0,0,1,0,1.18961004,1,Typea,Renault,Mail
2026-01-10 18:00:00,6.898398161750048,0.8206403713135403,0.11896100400000001,0,0,1,0,1.18961004,1,Typea,Renault,Mail
2026-01-10 19:00:00,6.898398161750048,2.2137708948671806,0.32091086118252865,0,0,1,0,1.18961004,1,Typea,Renault,Mail
2026-01-10 20:00:00,0.0,0.0,0.0,1,1,1,80,1.0,1,Typea,Renault,Mail
2026-01-10 21:00:00,0.0,0.0,0.0,1,1,1,80,1.0,1,Typea,Renault,Mail
2026-01-10 22:00:00,0.0,0.0,0.0,1,1,1,80,1.0,1,Typea,Renault,Mail
2026-01-10 23:00:00,0.0,0.0,0.0,1,1,1,80,1.0,1,Typea,Renault,Mail
2026-01-11 00:00:00,0.0,0.0,0.0,1,1,1,80,1.0,1,Typea,Renault,Mail
2026-01-11 01:00:00,0.0,0.0,0.0,1,1,1,80,1.0,1,Typea,Renault,Mail
2026-01-11 02:00:00,0.0,0.0,0.0,1,1,1,80,1.0,1,Typea,Renault,Mail
2026-01-11 03:00:00,0.0,0.0,0.0,1,1,1,80,1.0,1,Typea,Renault,Mail
2026-01-11 04:00:00,0.0,0.0,0.0,1,1,1,80,1.0,1,Typea,Renault,Mail
2026-01-11 05:00:00,0.0,0.0,0.0,1,1,1,80,1.0,1,Typea,Renault,Mail
2026-01-11 06:00:00,0.0,0.0,0.0,1,1,1,80,1.0,1,Typea,Renault,Mail
2026-01-11 07:00:00,0.0,0.0,0.0,1,1,1,80,1.0,1,Typea,Renault,Mail
2026-01-11 08:00:00,3.9880488047290426,0.6741746799884849,0.16904875366345723,0,0,1,0,1.122069513044,1,Typea,Renault,Mail
2026-01-11 09:00:00,3.9880488047290426,0.5184027209636379,0.12998906140489408,0,0,1,0,1.122069513044,1,Typea,Renault,Mail
2026-01-11 10:00:00,3.9880488047290426,1.5177553537695858,0.3805759227344024,0,0,1,0,1.122069513044,1,Typea,Renault,Mail
2026-01-11 11:00:00,3.9880488047290426,0.8256643937882456,0.20703467640846568,0,0,1,0,1.122069513044,1,Typea,Renault,Mail
2026-01-11 12:00:00,3.9880488047290426,0.4474867980318023,0.1122069513044,0,0,1,0,1.122069513044,1,Typea,Renault,Mail
2026-01-11 13:00:00,3.9880488047290426,0.602567215034656,0.15109323996239205,0,0,1,0,1.122069513044,1,Typea,Renault,Mail
2026-01-11 14:00:00,3.9880488047290426,1.4311402143752745,0.35885724685169934,0,0,1,0,1.122069513044,1,Typea,Renault,Mail
2026-01-11 15:00:00,3.9880488047290426,0.9982767628141721,0.2503170878025394,0,0,1,0,1.122069513044,1,Typea,Renault,Mail
2026-01-11 16:00:00,3.9880488047290426,0.4474867980318023,0.1122069513044,0,0,1,0,1.122069513044,1,Typea,Renault,Mail
2026-01-11 17:00:00,3.9880488047290426,1.106862008288037,0.27754474994777295,0,0,1,0,1.122069513044,1,Typea,Renault,Mail
2026-01-11 18:00:00,3.9880488047290426,1.14887381965204,0.28807917753907664,0,0,1,0,1.122069513044,1,Typea,Renault,Mail
2026-01-11 19:00:00,0.0,0.0,0.0,1,1,1,80,1.0,1,Typea,Renault,Mail
2026-01-11 20:00:00,0.0,0.0,0.0,1,1,1,80,1.0,1,Typea,Renault,Mail
2026-01-11 21:00:00,0.0,0.0,0.0,1,1,1,80,1.0,1,Typea,Renault,Mail
2026-01-11 22:00:00,0.0,0.0,0.0,1,1,1,80,1.0,1,Typea,Renault,Mail
2026-01-11 23:00:00,0.0,0.0,0.0,1,1,1,80,1.0,1,Typea,Renault,Mail
2026-01-12 00:00:00,0.0,0.0,0.0,1,1,1,80,1.0,1,Typea,Renault,Mail
2026-01-12 01:00:00,0.0,0.0,0.0,1,1,1,80,1.0,1,Typea,Renault,Mail
2026-01-12 02:00:00,0.0,0.0,0.0,1,1,1,80,1.0,1,Typea,Renault,Mail
2026-01-12 03:00:00,0.0,0.0,0.0,1,1,1,80,1.0,1,Typea,Renault,Mail
2026-01-12 04:00:00,0.0,0.0,0.0,1,1,1,80,1.0,1,Typea,Renault,Mail
2026-01-12 05:00:00,0.0,0.0,0.0,1,1,1,80,1.0,1,Typea,Renault,Mail
2026-01-12 06:00:00,0.0,0.0,0.0,1,1,1,80,1.0,1,Typea,Renault,Mail
2026-01-12 07:00:00,0.0,0.0,0.0,1,1,1,80,1.0,1,Typea,Renault,Mail
2026-01-12 08:00:00,0.0,0.0,0.0,1,1,1,80,1.0,1,Typea,Renault,Mail
2026-01-12 09:00:00,9.278840893730173,2.1442728270378666,0.23109274656134884,0,0,1,0,1.119889326784,1,Typea,Renault,Mail
2026-01-12 10:00:00,9.278840893730173,2.0326671629265314,0.21906477179709266,0,0,1,0,1.119889326784,1,Typea,Renault,Mail
2026-01-12 11:00:00,9.278840893730173,1.0391274881815333,0.1119889326784,0,0,1,0,1.119889326784,1,Typea,Renault,Mail
2026-01-12 12:00:00,9.278840893730173,2.9022510281441947,0.31278163526925884,0,0,1,0,1.119889326784,1,Typea,Renault,Mail
2026-01-12 13:00:00,9.278840893730173,1.0893168367645458,0.1173979432604142,0,0,1,0,1.119889326784,1,Typea,Renault,Mail
2026-01-12 14:00:00,9.278840893730173,1.551535400369646,0.1672122001162923,0,0,1,0,1.119889326784,1,Typea,Renault,Mail
2026-01-12 15:00:00,9.278840893730173,1.0391274881815333,0.1119889326784,0,0,1,0,1.119889326784,1,Typea,Renault,Mail
2026-01-12 16:00:00,9.278840893730173,1.346081987807059,0.14507005812726273,0,0,1,0,1.119889326784,1,Typea,Renault,Mail
2026-01-12 17:00:00,9.278840893730173,4.6760736968169,0.5039501970528,0,0,1,0,1.119889326784,1,Typea,Renault,Mail
2026-01-12 18:00:00,9.278840893730173,3.9421825010708726,0.42485721505739515,0,0,1,0,1.119889326784,1,Typea,Renault,Mail
2026-01-12 19:00:00,0.0,0.0,0.0,1,1,1,80,1.0,1,Typea,Renault,Mail
2026-01-12 20:00:00,0.0,0.0,0.0,1,1,1,80,1.0,1,Typea,Renault,Mail
2026-01-12 21:00:00,0.0,0.0,0.0,1,1,1,80,1.0,1,Typea,Renault,Mail
2026-01-12 22:00:00,0.0,0.0,0.0,1,1,1,80,1.0,1,Typea,Renault,Mail
2026-01-12 23:00:00,0.0,0.0,0.0,1,1,1,80,1.0,1,Typea,Renault,Mail
2026-01-13 00:00:00,0.0,0.0,0.0,1,1,1,80,1.0,1,Typea,Renault,Mail
2026-01-13 01:00:00,0.0,0.0,0.0,1,1,1,80,1.0,1,Typea,Renault,Mail
2026-01-13 02:00:00,0.0,0.0,0.0,1,1,1,80,1.0,1,Typea,Renault,Mail
2026-01-13 03:00:00,0.0,0.0,0.0,1,1,1,80,1.0,1,Typea,Renault,Mail
2026-01-13 04:00:00,0.0,0.0,0.0,1,1,1,80,1.0,1,Typea,Renault,Mail
2026-01-13 05:00:00,0.0,0.0,0.0,1,1,1,80,1.0,1,Typea,Renault,Mail
2026-01-13 06:00:00,0.0,0.0,0.0,1,1,1,80,1.0,1,Typea,Renault,Mail
2026-01-13 07:00:00,9.586730017555185,1.0777883523051621,0.11242502400000001,0,0,1,0,1.12425024,1,Typea,Renault,Mail
2026-01-13 08:00:00,9.586730017555185,2.119233133686008,0.22105901906127282,0,0,1,0,1.12425024,1,Typea,Renault,Mail
2026-01-13 09:00:00,9.586730017555185,2.9883659796815385,0.3117190089018105,0,0,1,0,1.12425024,1,Typea,Renault,Mail
2026-01-13 10:00:00,9.586730017555185,1.5496171441928677,0.16164188845990388,0,0,1,0,1.12425024,1,Typea,Renault,Mail
2026-01-13 11:00:00,9.586730017555185,1.8331974319473507,0.1912223905951671,0,0,1,0,1.12425024,1,Typea,Renault,Mail
2026-01-13 12:00:00,9.586730017555185,2.6773479288103057,0.2792764502502476,0,0,1,0,1.12425024,1,Typea,Renault,Mail
2026-01-13 13:00:00,9.586730017555185,3.2410360840817063,0.3380752433986075,0,0,1,0,1.12425024,1,Typea,Renault,Mail
2026-01-13 14:00:00,9.586730017555185,1.204220404326164,0.1256132593826049,0,0,1,0,1.12425024,1,Typea,Renault,Mail
2026-01-13 15:00:00,9.586730017555185,1.620667536254067,0.16905321556842703,0,0,1,0,1.12425024,1,Typea,Renault,Mail
2026-01-13 16:00:00,9.586730017555185,1.6209275265683274,0.16908033538026948,0,0,1,0,1.12425024,1,Typea,Renault,Mail
2026-01-13 17:00:00,9.586730017555185,4.466133739860022,0.4658662267198152,0,0,1,0,1.12425024,1,Typea,Renault,Mail
2026-01-13 18:00:00,9.586730017555185,3.253234736036095,0.3393476952077281,0,0,1,0,1.12425024,1,Typea,Renault,Mail
2026-01-13 19:00:00,9.586730017555185,1.9817733558692,0.20672047217770645,0,0,1,0,1.12425024,1,Typea,Renault,Mail
2026-01-13 20:00:00,9.586730017555185,1.0777883523051621,0.11242502400000001,0,0,1,0,1.12425024,1,Typea,Renault,Mail
2026-01-13 21:00:00,0.0,0.0,0.0,1,1,1,80,1.0,1,Typea,Renault,Mail
2026-01-13 22:00:00,0.0,0.0,0.0,1,1,1,80,1.0,1,Typea,Renault,Mail
2026-01-13 23:00:00,0.0,0.0,0.0,1,1,1,80,1.0,1,Typea,Renault,Mail
2026-01-14 00:00:00,0.0,0.0,0.0,1,1,1,80,1.0,1,Typea,Renault,Mail
2026-01-14 01:00:00,0.0,0.0,0.0,1,1,1,80,1.0,1,Typea,Renault,Mail
2026-01-14 02:00:00,0.0,0.0,0.0,1,1,1,80,1.0,1,Typea,Renault,Mail
2026-01-14 03:00:00,0.0,0.0,0.0,1,1,1,80,1.0,1,Typea,Renault,Mail
2026-01-14 04:00:00,0.0,0.0,0.0,1,1,1,80,1.0,1,Typea,Renault,Mail
2026-01-14 05:00:00,0.0,0.0,0.0,1,1,1,80,1.0,1,Typea,Renault,Mail
2026-01-14 06:00:00,0.0,0.0,0.0,1,1,1,80,1.0,1,Typea,Renault,Mail
2026-01-14 07:00:00,0.0,0.0,0.0,1,1,1,80,1.0,1,Typea,Renault,Mail
2026-01-14 08:00:00,0.0,0.0,0.0,1,1,1,80,1.0,1,Typea,Renault,Mail
2026-01-14 09:00:00,0.0,0.0,0.0,1,1,1,80,1.0,1,Typea,Renault,Mail
2026-01-14 10:00:00,0.0,0.0,0.0,1,1,1,80,1.0,1,Typea,Renault,Mail
2026-01-14 11:00:00,15.741613344597614,1.7354735172085256,0.11024750000000001,0,0,1,0,1.102475,1,Typea,Renault,Mail
2026-01-14 12:00:00,15.741613344597614,1.7354735172085256,0.11024750000000001,0,0,1,0,1.102475,1,Typea,Renault,Mail
2026-01-14 13:00:00,15.741613344597614,7.809630827438365,0.4961137500000001,0,0,1,0,1.102475,1,Typea,Renault,Mail
2026-01-14 14:00:00,15.741613344597614,6.667122949834745,0.4235349200800212,0,0,1,0,1.102475,1,Typea,Renault,Mail
2026-01-14 15:00:00,15.741613344597614,3.211493131920915,0.2040129598928989,0,0,1,0,1.102475,1,Typea,Renault,Mail
2026-01-14 16:00:00,15.741613344597614,2.287706836671034,0.1453286131853921,0,0,1,0,1.102475,1,Typea,Renault,Mail
2026-01-14 17:00:00,15.741613344597614,4.017257801585441,0.2551998777789908,0,0,1,0,1.102475,1,Typea,Renault,Mail
2026-01-14 18:00:00,15.741613344597614,2.8738893612016527,0.18256637984237792,0,0,1,0,1.102475,1,Typea,Renault,Mail
2026-01-14 19:00:00,15.741613344597614,6.7019770780842824,0.4257490596022258,0,0,1,0,1.102475,1,Typea,Renault,Mail
2026-01-14 20:00:00,0.0,0.0,0.0,1,1,1,80,1.0,1,Typea,Renault,Mail
2026-01-14 21:00:00,0.0,0.0,0.0,1,1,1,80,1.0,1,Typea,Renault,Mail
2026-01-14 22:00:00,0.0,0.0,0.0,1,1,1,80,1.0,1,Typea,Renault,Mail
2026-01-14 23:00:00,0.0,0.0,0.0,1,1,1,80,1.0,1,Typea,Renault,Mail
2026-01-01 00:00:00,0.0,0.0,0.0,1,1,2,80,1.0,2,Typea,Renault,Mail
2026-01-01 01:00:00,0.0,0.0,0.0,1,1,2,80,1.0,2,Typea,Renault,Mail
2026-01-01 02:00:00,0.0,0.0,0.0,1,1,2,80,1.0,2,Typea,Renault,Mail
2026-01-01 03:00:00,0.0,0.0,0.0,1,1,2,80,1.0,2,Typea,Renault,Mail
2026-01-01 04:00:00,0.0,0.0,0.0,1,1,2,80,1.0,2,Typea,Renault,Mail
2026-01-01 05:00:00,0.0,0.0,0.0,1,1,2,80,1.0,2,Typea,Renault,Mail
2026-01-01 06:00:00,0.0,0.0,0.0,1,1,2,80,1.0,2,Typea,Renault,Mail
2026-01-01 07:00:00,0.0,0.0,0.0,1,1,2,80,1.0,2,Typea,Renault,Mail
2026-01-01 08:00:00,0.0,0.0,0.0,1,1,2,80,1.0,2,Typea,Renault,Mail
2026-01-01 09:00:00,9.836078536106914,1.757390471344876,0.17866779579826791,0,0,2,0,1.1329772784640002,2,Typea,Renault,Mail
2026-01-01 10:00:00,9.836078536106914,3.093689533200993,0.314524688049661,0,0,2,0,1.1329772784640002,2,Typea,Renault,Mail
2026-01-01 11:00:00,9.836078536106914,1.854448595728486,0.18853535877342337,0,0,2,0,1.1329772784640002,2,Typea,Renault,Mail
2026-01-01 12:00:00,9.836078536106914,3.220354370870055,0.3274022629087974,0,0,2,0,1.1329772784640002,2,Typea,Renault,Mail
2026-01-01 13:00:00,9.836078536106914,3.7262752353686386,0.378837483016223,0,0,2,0,1.1329772784640002,2,Typea,Renault,Mail
2026-01-01 14:00:00,9.836078536106914,5.01482407076846,0.5098397753088001,0,0,2,0,1.1329772784640002,2,Typea,Renault,Mail
2026-01-01 15:00:00,9.836078536106914,1.8415484886093934,0.18722384961133828,0,0,2,0,1.1329772784640002,2,Typea,Renault,Mail
2026-01-01 16:00:00,9.836078536106914,1.114405349059658,0.11329772784640002,0,0,2,0,1.1329772784640002,2,Typea,Renault,Mail
2026-01-01 17:00:00,9.836078536106914,1.114405349059658,0.11329772784640002,0,0,2,0,1.1329772784640002,2,Typea,Renault,Mail
2026-01-01 18:00:00,9.836078536106914,2.4068582599844954,0.24469693396095243,0,0,2,0,1.1329772784640002,2,Typea,Renault,Mail
2026-01-01 19:00:00,9.836078536106914,3.412701437540296,0.3469575222496172,0,0,2,0,1.1329772784640002,2,Typea,Renault,Mail
2026-01-01 20:00:00,9.836078536106914,2.4800174428133848,0.2521347744133576,0,0,2,0,1.1329772784640002,2,Typea,Renault,Mail
2026-01-01 21:00:00,9.836078536106914,1.114405349059658,0.11329772784640002,0,0,2,0,1.1329772784640002,2,Typea,Renault,Mail
2026-01-01 22:00:00,9.836078536106914,4.42241381441097,0.4496114786168987,0,0,2,0,1.1329772784640002,2,Typea,Renault,Mail
2026-01-01 23:00:00,0.0,0.0,0.0,1,1,2,80,1.0,2,Typea,Renault,Mail
2026-01-02 00:00:00,0.0,0.0,0.0,1,1,2,80,1.0,2,Typea,Renault,Mail
2026-01-02 01:00:00,0.0,0.0,0.0,1,1,2,80,1.0,2,Typea,Renault,Mail
2026-01-02 02:00:00,0.0,0.0,0.0,1,1,2,80,1.0,2,Typea,Renault,Mail
2026-01-02 03:00:00,0.0,0.0,0.0,1,1,2,80,1.0,2,Typea,Renault,Mail
2026-01-02 04:00:00,0.0,0.0,0.0,1,1,2,80,1.0,2,Typea,Renault,Mail
2026-01-02 05:00:00,0.0,0.0,0.0,1,1,2,80,1.0,2,Typea,Renault,Mail
2026-01-02 06:00:00,0.0,0.0,0.0,1,1,2,80,1.0,2,Typea,Renault,Mail
2026-01-02 07:00:00,0.0,0.0,0.0,1,1,2,80,1.0,2,Typea,Renault,Mail
2026-01-02 08:00:00,9.689834894852783,4.3759148612833565,0.4515984956160431,0,0,2,0,1.23259004,2,Typea,Renault,Mail
2026-01-02 09:00:00,9.689834894852783,1.1943593980639988,0.123259004,0,0,2,0,1.23259004,2,Typea,Renault,Mail
2026-01-02 10:00:00,9.689834894852783,1.1943593980639988,0.123259004,0,0,2,0,1.23259004,2,Typea,Renault,Mail
2026-01-02 11:00:00,9.689834894852783,3.655217764538242,0.3772218829528132,0,0,2,0,1.23259004,2,Typea,Renault,Mail
2026-01-02 12:00:00,9.689834894852783,1.1943593980639988,0.123259004,0,0,2,0,1.23259004,2,Typea,Renault,Mail
2026-01-02 13:00:00,9.689834894852783,5.374617291287994,0.5546655180000001,0,0,2,0,1.23259004,2,Typea,Renault,Mail
2026-01-02 14:00:00,9.689834894852783,1.3648564335337285,0.1408544571031584,0,0,2,0,1.23259004,2,Typea,Renault,Mail
2026-01-02 15:00:00,9.689834894852783,2.2756166068944785,0.234845756567357,0,0,2,0,1.23259004,2,Typea,Renault,Mail
2026-01-02 16:00:00,9.689834894852783,2.6168952530869376,0.27006603120524025,0,0,2,0,1.23259004,2,Typea,Renault,Mail
2026-01-02 17:00:00,9.689834894852783,2.0633758251977223,0.2129423099142569,0,0,2,0,1.23259004,2,Typea,Renault,Mail
2026-01-02 18:00:00,9.689834894852783,1.8624579586535788,0.19220739866712402,0,0,2,0,1.23259004,2,Typea,Renault,Mail
2026-01-02 19:00:00,9.689834894852783,4.2177041428405655,0.435271001890961,0,0,2,0,1.23259004,2,Typea,Renault,Mail
2026-01-02 20:00:00,9.689834894852783,2.8146513569047906,0.2904746455896711,0,0,2,0,1.23259004,2,Typea,Renault,Mail
2026-01-02 21:00:00,0.0,0.0,0.0,1,1,2,80,1.0,2,Typea,Renault,Mail
2026-01-02 22:00:00,0.0,0.0,0.0,1,1,2,80,1.0,2,Typea,Renault,Mail
2026-01-02 23:00:00,0.0,0.0,0.0,1,1,2,80,1.0,2,Typea,Renault,Mail
2026-01-03 00:00:00,0.0,0.0,0.0,1,1,2,80,1.0,2,Typea,Renault,Mail
2026-01-03 01:00:00,0.0,0.0,0.0,1,1,2,80,1.0,2,Typea,Renault,Mail
2026-01-03 02:00:00,0.0,0.0,0.0,1,1,2,80,1.0,2,Typea,Renault,Mail
2026-01-03 03:00:00,0.0,0.0,0.0,1,1,2,80,1.0,2,Typea,Renault,Mail
2026-01-03 04:00:00,0.0,0.0,0.0,1,1,2,80,1.0,2,Typea,Renault,Mail
2026-01-03 05:00:00,0.0,0.0,0.0,1,1,2,80,1.0,2,Typea,Renault,Mail
2026-01-03 06:00:00,0.0,0.0,0.0,1,1,2,80,1.0,2,Typea,Renault,Mail
2026-01-03 07:00:00,0.0,0.0,0.0,1,1,2,80,1.0,2,Typea,Renault,Mail
2026-01-03 08:00:00,0.0,0.0,0.0,1,1,2,80,1.0,2,Typea,Renault,Mail
2026-01-03 09:00:00,8.32144729941159,1.0061037619154043,0.1209049010004,0,0,2,0,1.209049010004,2,Typea,Renault,Mail
2026-01-03 10:00:00,8.32144729941159,1.7901712016134521,0.21512738556188837,0,0,2,0,1.209049010004,2,Typea,Renault,Mail
2026-01-03 11:00:00,8.32144729941159,3.4068389875897327,0.40940462217799906,0,0,2,0,1.209049010004,2,Typea,Renault,Mail
2026-01-03 12:00:00,8.32144729941159,3.0577140891461365,0.3674497931822927,0,0,2,0,1.209049010004,2,Typea,Renault,Mail
2026-01-03 13:00:00,8.32144729941159,1.28996372478569,0.15501675109772114,0,0,2,0,1.209049010004,2,Typea,Renault,Mail
2026-01-03 14:00:00,8.32144729941159,1.756441438233031,0.2110740325612864,0,0,2,0,1.209049010004,2,Typea,Renault,Mail
2026-01-03 15:00:00,8.32144729941159,1.453577668309815,0.17467846830113284,0,0,2,0,1.209049010004,2,Typea,Renault,Mail
2026-01-03 16:00:00,8.32144729941159,1.0061037619154043,0.1209049010004,0,0,2,0,1.209049010004,2,Typea,Renault,Mail
2026-01-03 17:00:00,8.32144729941159,2.2411111885192403,0.2693174766218503,0,0,2,0,1.209049010004,2,Typea,Renault,Mail
2026-01-03 18:00:00,8.32144729941159,2.6493797956241494,0.3183796880876103,0,0,2,0,1.209049010004,2,Typea,Renault,Mail
2026-01-03 19:00:00,8.32144729941159,2.464900008552622,0.29621049318270815,0,0,2,0,1.209049010004,2,Typea,Renault,Mail
2026-01-03 20:00:00,0.0,0.0,0.0,1,1,2,80,1.0,2,Typea,Renault,Mail
2026-01-03 21:00:00,0.0,0.0,0.0,1,1,2,80,1.0,2,Typea,Renault,Mail
2026-01-03 22:00:00,0.0,0.0,0.0,1,1,2,80,1.0,2,Typea,Renault,Mail
2026-01-03 23:00:00,0.0,0.0,0.0,1,1,2,80,1.0,2,Typea,Renault,Mail
2026-01-04 00:00:00,0.0,0.0,0.0,1,1,2,80,1.0,2,Typea,Renault,Mail
2026-01-04 01:00:00,0.0,0.0,0.0,1,1,2,80,1.0,2,Typea,Renault,Mail
2026-01-04 02:00:00,0.0,0.0,0.0,1,1,2,80,1.0,2,Typea,Renault,Mail
2026-01-04 03:00:00,0.0,0.0,0.0,1,1,2,80,1.0,2,Typea,Renault,Mail
2026-01-04 04:00:00,0.0,0.0,0.0,1,1,2,80,1.0,2,Typea,Renault,Mail
2026-01-04 05:00:00,0.0,0.0,0.0,1,1,2,80,1.0,2,Typea,Renault,Mail
2026-01-04 06:00:00,0.0,0.0,0.0,1,1,2,80,1.0,2,Typea,Renault,Mail
2026-01-04 07:00:00,0.0,0.0,0.0,1,1,2,80,1.0,2,Typea,Renault,Mail
2026-01-04 08:00:00,0.0,0.0,0.0,1,1,2,80,1.0,2,Typea,Renault,Mail
2026-01-04 09:00:00,2.8507035822621,0.3720254130691805,0.13050301525000002,0,0,2,0,1.3050301525,2,Typea,Renault,Mail
2026-01-04 10:00:00,2.8507035822621,0.3720254130691805,0.13050301525000002,0,0,2,0,1.3050301525,2,Typea,Renault,Mail
2026-01-04 11:00:00,2.8507035822621,0.5546978602068496,0.19458279130048448,0,0,2,0,1.3050301525,2,Typea,Renault,Mail
2026-01-04 12:00:00,2.8507035822621,0.9221332100029577,0.32347565553315905,0,0,2,0,1.3050301525,2,Typea,Renault,Mail
2026-01-04 13:00:00,2.8507035822621,0.3720254130691805,0.13050301525000002,0,0,2,0,1.3050301525,2,Typea,Renault,Mail
2026-01-04 14:00:00,2.8507035822621,1.6741143588113125,0.5872635686250001,0,0,2,0,1.3050301525,2,Typea,Renault,Mail
2026-01-04 15:00:00,2.8507035822621,0.9895844242497789,0.347136906975267,0,0,2,0,1.3050301525,2,Typea,Renault,Mail
2026-01-04 16:00:00,2.8507035822621,0.3720254130691805,0.13050301525000002,0,0,2,0,1.3050301525,2,Typea,Renault,Mail
2026-01-04 17:00:00,2.8507035822621,1.029765293221293,0.361231977827786,0,0,2,0,1.3050301525,2,Typea,Renault,Mail
2026-01-04 18:00:00,2.8507035822621,0.7945877150092253,0.27873389571380874,0,0,2,0,1.3050301525,2,Typea,Renault,Mail
2026-01-04 19:00:00,2.8507035822621,1.3163962121103092,0.4617794078280556,0,0,2,0,1.3050301525,2,Typea,Renault,Mail
2026-01-04 20:00:00,2.8507035822621,0.3921820129709647,0.13757376088178172,0,0,2,0,1.3050301525,2,Typea,Renault,Mail
2026-01-04 21:00:00,2.8507035822621,0.8680729187683062,0.30451181391488974,0,0,2,0,1.3050301525,2,Typea,Renault,Mail
2026-01-04 22:00:00,0.0,0.0,0.0,1,1,2,80,1.0,2,Typea,Renault,Mail
2026-01-04 23:00:00,0.0,0.0,0.0,1,1,2,80,1.0,2,Typea,Renault,Mail
2026-01-05 00:00:00,0.0,0.0,0.0,1,1,2,80,1.0,2,Typea,Renault,Mail
2026-01-05 01:00:00,0.0,0.0,0.0,1,1,2,80,1.0,2,Typea,Renault,Mail
2026-01-05 02:00:00,0.0,0.0,0.0,1,1,2,80,1.0,2,Typea,Renault,Mail
2026-01-05 03:00:00,0.0,0.0,0.0,1,1,2,80,1.0,2,Typea,Renault,Mail
2026-01-05 04:00:00,0.0,0.0,0.0,1,1,2,80,1.0,2,Typea,Renault,Mail
2026-01-05 05:00:00,0.0,0.0,0.0,1,1,2,80,1.0,2,Typea,Renault,Mail
2026-01-05 06:00:00,0.0,0.0,0.0,1,1,2,80,1.0,2,Typea,Renault,Mail
2026-01-05 07:00:00,0.0,0.0,0.0,1,1,2,80,1.0,2,Typea,Renault,Mail
2026-01-05 08:00:00,7.759126130399545,2.8998029012887576,0.3737280271714615,0,0,2,0,1.226197579604,2,Typea,Renault,Mail
2026-01-05 09:00:00,7.759126130399545,2.1486558066685477,0.27691981939181415,0,0,2,0,1.226197579604,2,Typea,Renault,Mail
2026-01-05 10:00:00,7.759126130399545,3.0684447473860956,0.3954626714165929,0,0,2,0,1.226197579604,2,Typea,Renault,Mail
2026-01-05 11:00:00,7.759126130399545,1.6959088214390325,0.21856956478573242,0,0,2,0,1.226197579604,2,Typea,Renault,Mail
2026-01-05 12:00:00,7.759126130399545,0.9514221680938073,0.12261975796040002,0,0,2,0,1.226197579604,2,Typea,Renault,Mail
2026-01-05 13:00:00,7.759126130399545,1.2500268795587748,0.161104080350142,0,0,2,0,1.226197579604,2,Typea,Renault,Mail
2026-01-05 14:00:00,7.759126130399545,2.121511649905429,0.2734214670893853,0,0,2,0,1.226197579604,2,Typea,Renault,Mail
2026-01-05 15:00:00,7.759126130399545,0.9514221680938073,0.12261975796040002,0,0,2,0,1.226197579604,2,Typea,Renault,Mail
2026-01-05 16:00:00,7.759126130399545,1.1769202708440454,0.1516820645862399,0,0,2,0,1.226197579604,2,Typea,Renault,Mail
2026-01-05 17:00:00,7.759126130399545,2.6764750244937057,0.3449454203363858,0,0,2,0,1.226197579604,2,Typea,Renault,Mail
2026-01-05 18:00:00,7.759126130399545,0.9514221680938073,0.12261975796040002,0,0,2,0,1.226197579604,2,Typea,Renault,Mail
2026-01-05 19:00:00,7.759126130399545,2.443121469213379,0.3148706991166767,0,0,2,0,1.226197579604,2,Typea,Renault,Mail
2026-01-05 20:00:00,7.759126130399545,2.6574111803498144,0.3424884627069434,0,0,2,0,1.226197579604,2,Typea,Renault,Mail
2026-01-05 21:00:00,0.0,0.0,0.0,1,1,2,80,1.0,2,Typea,Renault,Mail
2026-01-05 22:00:00,0.0,0.0,0.0,1,1,2,80,1.0,2,Typea,Renault,Mail
2026-01-05 23:00:00,0.0,0.0,0.0,1,1,2,80,1.0,2,Typea,Renault,Mail
2026-01-06 00:00:00,0.0,0.0,0.0,1,1,2,80,1.0,2,Typea,Renault,Mail
2026-01-06 01:00:00,0.0,0.0,0.0,1,1,2,80,1.0,2,Typea,Renault,Mail
2026-01-06 02:00:00,0.0,0.0,0.0,1,1,2,80,1.0,2,Typea,Renault,Mail
2026-01-06 03:00:00,0.0,0.0,0.0,1,1,2,80,1.0,2,Typea,Renault,Mail
2026-01-06 04:00:00,0.0,0.0,0.0,1,1,2,80,1.0,2,Typea,Renault,Mail
2026-01-06 05:00:00,0.0,0.0,0.0,1,1,2,80,1.0,2,Typea,Renault,Mail
2026-01-06 06:00:00,0.0,0.0,0.0,1,1,2,80,1.0,2,Typea,Renault,Mail
2026-01-06 07:00:00,0.0,0.0,0.0,1,1,2,80,1.0,2,Typea,Renault,Mail
2026-01-06 08:00:00,0.0,0.0,0.0,1,1,2,80,1.0,2,Typea,Renault,Mail
2026-01-06 09:00:00,13.291000231248345,4.649357096777117,0.34981243065860895,0,0,2,0,1.3306301459840002,2,Typea,Renault,Mail
2026-01-06 10:00:00,13.291000231248345,3.8364455619409727,0.28864987549403104,0,0,2,0,1.3306301459840002,2,Typea,Renault,Mail
2026-01-06 11:00:00,13.291000231248345,7.958432510090715,0.5987835656928001,0,0,2,0,1.3306301459840002,2,Typea,Renault,Mail
2026-01-06 12:00:00,13.291000231248345,2.033526398865862,0.15300025306484138,0,0,2,0,1.3306301459840002,2,Typea,Renault,Mail
2026-01-06 13:00:00,13.291000231248345,1.7685405577979367,0.13306301459840003,0,0,2,0,1.3306301459840002,2,Typea,Renault,Mail
2026-01-06 14:00:00,13.291000231248345,4.365873925943645,0.3284834737779238,0,0,2,0,1.3306301459840002,2,Typea,Renault,Mail
2026-01-06 15:00:00,13.291000231248345,1.7779521159706122,0.13377112971456323,0,0,2,0,1.3306301459840002,2,Typea,Renault,Mail
2026-01-06 16:00:00,13.291000231248345,1.7685405577979367,0.13306301459840003,0,0,2,0,1.3306301459840002,2,Typea,Renault,Mail
2026-01-06 17:00:00,13.291000231248345,1.7685405577979367,0.13306301459840003,0,0,2,0,1.3306301459840002,2,Typea,Renault,Mail
2026-01-06 18:00:00,13.291000231248345,3.231840302936858,0.2431600516670302,0,0,2,0,1.3306301459840002,2,Typea,Renault,Mail
2026-01-06 19:00:00,13.291000231248345,7.958432510090715,0.5987835656928001,0,0,2,0,1.3306301459840002,2,Typea,Renault,Mail
2026-01-06 20:00:00,0.0,0.0,0.0,1,1,2,80,1.0,2,Typea,Renault,Mail
2026-01-06 21:00:00,0.0,0.0,0.0,1,1,2,80,1.0,2,Typea,Renault,Mail
2026-01-06 22:00:00,0.0,0.0,0.0,1,1,2,80,1.0,2,Typea,Renault,Mail
2026-01-06 23:00:00,0.0,0.0,0.0,1,1,2,80,1.0,2,Typea,Renault,Mail
2026-01-07 00:00:00,0.0,0.0,0.0,1,1,2,80,1.0,2,Typea,Renault,Mail
2026-01-07 01:00:00,0.0,0.0,0.0,1,1,2,80,1.0,2,Typea,Renault,Mail
2026-01-07 02:00:00,0.0,0.0,0.0,1,1,2,80,1.0,2,Typea,Renault,Mail
2026-01-07 03:00:00,0.0,0.0,0.0,1,1,2,80,1.0,2,Typea,Renault,Mail
2026-01-07 04:00:00,0.0,0.0,0.0,1,1,2,80,1.0,2,Typea,Renault,Mail
2026-01-07 05:00:00,0.0,0.0,0.0,1,1,2,80,1.0,2,Typea,Renault,Mail
2026-01-07 06:00:00,0.0,0.0,0.0,1,1,2,80,1.0,2,Typea,Renault,Mail
2026-01-07 07:00:00,0.0,0.0,0.0,1,1,2,80,1.0,2,Typea,Renault,Mail
2026-01-07 08:00:00,0.0,0.0,0.0,1,1,2,80,1.0,2,Typea,Renault,Mail
2026-01-07 09:00:00,10.807448950775637,1.9335907740963398,0.1789127834795434,0,0,2,0,1.282756305344,2,Typea,Renault,Mail
2026-01-07 10:00:00,10.807448950775637,1.8846218932042396,0.1743817529731642,0,0,2,0,1.282756305344,2,Typea,Renault,Mail
2026-01-07 11:00:00,10.807448950775637,2.395172617599213,0.22162238549619193,0,0,2,0,1.282756305344,2,Typea,Renault,Mail
2026-01-07 12:00:00,10.807448950775637,1.3863323286290847,0.12827563053440003,0,0,2,0,1.282756305344,2,Typea,Renault,Mail
2026-01-07 13:00:00,10.807448950775637,1.3863323286290847,0.12827563053440003,0,0,2,0,1.282756305344,2,Typea,Renault,Mail
2026-01-07 14:00:00,10.807448950775637,5.401842165063739,0.49982583213368365,0,0,2,0,1.282756305344,2,Typea,Renault,Mail
2026-01-07 15:00:00,10.807448950775637,3.26389019818008,0.30200375806039176,0,0,2,0,1.282756305344,2,Typea,Renault,Mail
2026-01-07 16:00:00,10.807448950775637,4.682205394742769,0.4332387241493038,0,0,2,0,1.282756305344,2,Typea,Renault,Mail
2026-01-07 17:00:00,10.807448950775637,3.3069062433240104,0.30598397997398613,0,0,2,0,1.282756305344,2,Typea,Renault,Mail
2026-01-07 18:00:00,10.807448950775637,1.3863323286290847,0.12827563053440003,0,0,2,0,1.282756305344,2,Typea,Renault,Mail
2026-01-07 19:00:00,10.807448950775637,5.152882354023405,0.47678988607700895,0,0,2,0,1.282756305344,2,Typea,Renault,Mail
2026-01-07 20:00:00,10.807448950775637,3.0742756418835215,0.2844589556597336,0,0,2,0,1.282756305344,2,Typea,Renault,Mail
2026-01-07 21:00:00,0.0,0.0,0.0,1,1,2,80,1.0,2,Typea,Renault,Mail
2026-01-07 22:00:00,0.0,0.0,0.0,1,1,2,80,1.0,2,Typea,Renault,Mail
2026-01-07 23:00:00,0.0,0.0,0.0,1,1,2,80,1.0,2,Typea,Renault,Mail
2026-01-08 00:00:00,0.0,0.0,0.0,1,1,2,80,1.0,2,Typea,Renault,Mail
2026-01-08 01:00:00,0.0,0.0,0.0,1,1,2,80,1.0,2,Typea,Renault,Mail
2026-01-08 02:00:00,0.0,0.0,0.0,1,1,2,80,1.0,2,Typea,Renault,Mail
2026-01-08 03:00:00,0.0,0.0,0.0,1,1,2,80,1.0,2,Typea,Renault,Mail
2026-01-08 04:00:00,0.0,0.0,0.0,1,1,2,80,1.0,2,Typea,Renault,Mail
2026-01-08 05:00:00,0.0,0.0,0.0,1,1,2,80,1.0,2,Typea,Renault,Mail
2026-01-08 06:00:00,0.0,0.0,0.0,1,1,2,80,1.0,2,Typea,Renault,Mail
2026-01-08 07:00:00,0.0,0.0,0.0,1,1,2,80,1.0,2,Typea,Renault,Mail
2026-01-08 08:00:00,8.214771159668256,0.9665378349760402,0.11765852221440001,0,0,2,0,1.176585222144,2,Typea,Renault,Mail
2026-01-08 09:00:00,8.214771159668256,2.2477081801533494,0.2736178691366152,0,0,2,0,1.176585222144,2,Typea,Renault,Mail
2026-01-08 10:00:00,8.214771159668256,1.074283108356701,0.13077456297639395,0,0,2,0,1.176585222144,2,Typea,Renault,Mail
2026-01-08 11:00:00,8.214771159668256,2.283769131295369,0.2780076385460257,0,0,2,0,1.176585222144,2,Typea,Renault,Mail
2026-01-08 12:00:00,8.214771159668256,3.170583595041857,0.3859612804077061,0,0,2,0,1.176585222144,2,Typea,Renault,Mail
2026-01-08 13:00:00,8.214771159668256,2.53003488096154,0.3079860451114152,0,0,2,0,1.176585222144,2,Typea,Renault,Mail
2026-01-08 14:00:00,8.214771159668256,2.9551805708071686,0.3597398531703602,0,0,2,0,1.176585222144,2,Typea,Renault,Mail
2026-01-08 15:00:00,8.214771159668256,1.8593717656882218,0.2263449254456542,0,0,2,0,1.176585222144,2,Typea,Renault,Mail
2026-01-08 16:00:00,8.214771159668256,1.030337760548459,0.1254250106937937,0,0,2,0,1.176585222144,2,Typea,Renault,Mail
2026-01-08 17:00:00,8.214771159668256,0.9869241669857036,0.12014018988516284,0,0,2,0,1.176585222144,2,Typea,Renault,Mail
2026-01-08 18:00:00,8.214771159668256,2.889344130301692,0.35172545578474457,0,0,2,0,1.176585222144,2,Typea,Renault,Mail
2026-01-08 19:00:00,8.214771159668256,1.1455589593302058,0.1394511103309259,0,0,2,0,1.176585222144,2,Typea,Renault,Mail
2026-01-08 20:00:00,8.214771159668256,3.9626888626648493,0.4823857884344131,0,0,2,0,1.176585222144,2,Typea,Renault,Mail
2026-01-08 21:00:00,8.214771159668256,2.2510889093358917,0.2740294118463063,0,0,2,0,1.176585222144,2,Typea,Renault,Mail
2026-01-08 22:00:00,8.214771159668256,2.1705861214033657,0.26422965158910433,0,0,2,0,1.176585222144,2,Typea,Renault,Mail
2026-01-08 23:00:00,0.0,0.0,0.0,1,1,2,80,1.0,2,Typea,Renault,Mail
2026-01-09 00:00:00,0.0,0.0,0.0,1,1,2,80,1.0,2,Typea,Renault,Mail
2026-01-09 01:00:00,0.0,0.0,0.0,1,1,2,80,1.0,2,Typea,Renault,Mail
2026-01-09 02:00:00,0.0,0.0,0.0,1,1,2,80,1.0,2,Typea,Renault,Mail
2026-01-09 03:00:00,0.0,0.0,0.0,1,1,2,80,1.0,2,Typea,Renault,Mail
2026-01-09 04:00:00,0.0,0.0,0.0,1,1,2,80,1.0,2,Typea,Renault,Mail
2026-01-09 05:00:00,0.0,0.0,0.0,1,1,2,80,1.0,2,Typea,Renault,Mail
2026-01-09 06:00:00,0.0,0.0,0.0,1,1,2,80,1.0,2,Typea,Renault,Mail
2026-01-09 07:00:00,0.0,0.0,0.0,1,1,2,80,1.0,2,Typea,Renault,Mail
2026-01-09 08:00:00,0.0,0.0,0.0,1,1,2,80,1.0,2,Typea,Renault,Mail
2026-01-09 09:00:00,9.161114671542443,3.508112579854269,0.38293512368660415,0,0,2,0,1.137342385344,2,Typea,Renault,Mail
2026-01-09 10:00:00,9.161114671542443,1.0419324012941997,0.1137342385344,0,0,2,0,1.137342385344,2,Typea,Renault,Mail
2026-01-09 11:00:00,9.161114671542443,1.0419324012941997,0.1137342385344,0,0,2,0,1.137342385344,2,Typea,Renault,Mail
2026-01-09 12:00:00,9.161114671542443,4.688695805823898,0.5118040734047999,0,0,2,0,1.137342385344,2,Typea,Renault,Mail
2026-01-09 13:00:00,9.161114671542443,1.0419324012941997,0.1137342385344,0,0,2,0,1.137342385344,2,Typea,Renault,Mail
2026-01-09 14:00:00,9.161114671542443,1.0419324012941997,0.1137342385344,0,0,2,0,1.137342385344,2,Typea,Renault,Mail
2026-01-09 15:00:00,9.161114671542443,1.666854743181014,0.18194890064621014,0,0,2,0,1.137342385344,2,Typea,Renault,Mail
2026-01-09 16:00:00,9.161114671542443,3.449566369028724,0.3765443936363178,0,0,2,0,1.137342385344,2,Typea,Renault,Mail
2026-01-09 17:00:00,9.161114671542443,1.0419324012941997,0.1137342385344,0,0,2,0,1.137342385344,2,Typea,Renault,Mail
2026-01-09 18:00:00,9.161114671542443,1.1913619090813004,0.1300455186727526,0,0,2,0,1.137342385344,2,Typea,Renault,Mail
2026-01-09 19:00:00,9.161114671542443,1.0419324012941997,0.1137342385344,0,0,2,0,1.137342385344,2,Typea,Renault,Mail
2026-01-09 20:00:00,9.161114671542443,1.0419324012941997,0.1137342385344,0,0,2,0,1.137342385344,2,Typea,Renault,Mail
2026-01-09 21:00:00,9.161114671542443,2.0162252797385984,0.2200851481536067,0,0,2,0,1.137342385344,2,Typea,Renault,Mail
2026-01-09 22:00:00,0.0,0.0,0.0,1,1,2,80,1.0,2,Typea,Renault,Mail
2026-01-09 23:00:00,0.0,0.0,0.0,1,1,2,80,1.0,2,Typea,Renault,Mail
2026-01-10 00:00:00,0.0,0.0,0.0,1,1,2,80,1.0,2,Typea,Renault,Mail
2026-01-10 01:00:00,0.0,0.0,0.0,1,1,2,80,1.0,2,Typea,Renault,Mail
2026-01-10 02:00:00,0.0,0.0,0.0,1,1,2,80,1.0,2,Typea,Renault,Mail
2026-01-10 03:00:00,0.0,0.0,0.0,1,1,2,80,1.0,2,Typea,Renault,Mail
2026-01-10 04:00:00,0.0,0.0,0.0,1,1,2,80,1.0,2,Typea,Renault,Mail
2026-01-10 05:00:00,0.0,0.0,0.0,1,1,2,80,1.0,2,Typea,Renault,Mail
2026-01-10 06:00:00,0.0,0.0,0.0,1,1,2,80,1.0,2,Typea,Renault,Mail
2026-01-10 07:00:00,0.0,0.0,0.0,1,1,2,80,1.0,2,Typea,Renault,Mail
2026-01-10 08:00:00,0.0,0.0,0.0,1,1,2,80,1.0,2,Typea,Renault,Mail
2026-01-10 09:00:00,7.559098429896087,1.40085919373966,0.1853209356554069,0,0,2,0,1.18961004,2,Typea,Renault,Mail
2026-01-10 10:00:00,7.559098429896087,3.0614967439805048,0.4050081861445731,0,0,2,0,1.18961004,2,Typea,Renault,Mail
2026-01-10 11:00:00,7.559098429896087,3.788259286914626,0.5011522633350208,0,0,2,0,1.18961004,2,Typea,Renault,Mail
2026-01-10 12:00:00,7.559098429896087,1.0232967901987429,0.13537286221219502,0,0,2,0,1.18961004,2,Typea,Renault,Mail
2026-01-10 13:00:00,7.559098429896087,2.2684887147167414,0.3001004333724393,0,0,2,0,1.18961004,2,Typea,Renault,Mail
2026-01-10 14:00:00,7.559098429896087,0.8992379385552621,0.11896100400000001,0,0,2,0,1.18961004,2,Typea,Renault,Mail
2026-01-10 15:00:00,7.559098429896087,0.8992379385552621,0.11896100400000001,0,0,2,0,1.18961004,2,Typea,Renault,Mail
2026-01-10 16:00:00,7.559098429896087,2.238011845738111,0.296068620681908,0,0,2,0,1.18961004,2,Typea,Renault,Mail
2026-01-10 17:00:00,7.559098429896087,1.18234744245004,0.15641381752271924,0,0,2,0,1.18961004,2,Typea,Renault,Mail
2026-01-10 18:00:00,7.559098429896087,1.1713062669086989,0.15495317037759496,0,0,2,0,1.18961004,2,Typea,Renault,Mail
2026-01-10 19:00:00,7.559098429896087,2.3164856122685373,0.3064499865627998,0,0,2,0,1.18961004,2,Typea,Renault,Mail
2026-01-10 20:00:00,7.559098429896087,0.8992379385552621,0.11896100400000001,0,0,2,0,1.18961004,2,Typea,Renault,Mail
2026-01-10 21:00:00,0.0,0.0,0.0,1,1,2,80,1.0,2,Typea,Renault,Mail
2026-01-10 22:00:00,0.0,0.0,0.0,1,1,2,80,1.0,2,Typea,Renault,Mail
2026-01-10 23:00:00,0.0,0.0,0.0,1,1,2,80,1.0,2,Typea,Renault,Mail
2026-01-11 00:00:00,0.0,0.0,0.0,1,1,2,80,1.0,2,Typea,Renault,Mail
2026-01-11 01:00:00,0.0,0.0,0.0,1,1,2,80,1.0,2,Typea,Renault,Mail
2026-01-11 02:00:00,0.0,0.0,0.0,1,1,2,80,1.0,2,Typea,Renault,Mail
2026-01-11 03:00:00,0.0,0.0,0.0,1,1,2,80,1.0,2,Typea,Renault,Mail
2026-01-11 04:00:00,0.0,0.0,0.0,1,1,2,80,1.0,2,Typea,Renault,Mail
2026-01-11 05:00:00,0.0,0.0,0.0,1,1,2,80,1.0,2,Typea,Renault,Mail
2026-01-11 06:00:00,0.0,0.0,0.0,1,1,2,80,1.0,2,Typea,Renault,Mail
2026-01-11 07:00:00,0.0,0.0,0.0,1,1,2,80,1.0,2,Typea,Renault,Mail
2026-01-11 08:00:00,5.031565520359181,1.2531298204400847,0.2490536623978275,0,0,2,0,1.122069513044,2,Typea,Renault,Mail
2026-01-11 09:00:00,5.031565520359181,0.5645766273278406,0.1122069513044,0,0,2,0,1.122069513044,2,Typea,Renault,Mail
2026-01-11 10:00:00,5.031565520359181,0.9497508690375907,0.1887585216161097,0,0,2,0,1.122069513044,2,Typea,Renault,Mail
2026-01-11 11:00:00,5.031565520359181,0.5645766273278406,0.1122069513044,0,0,2,0,1.122069513044,2,Typea,Renault,Mail
2026-01-11 12:00:00,5.031565520359181,1.3546286818077453,0.26922608407393733,0,0,2,0,1.122069513044,2,Typea,Renault,Mail
2026-01-11 13:00:00,5.031565520359181,0.5645766273278406,0.1122069513044,0,0,2,0,1.122069513044,2,Typea,Renault,Mail
2026-01-11 14:00:00,5.031565520359181,0.5645766273278406,0.1122069513044,0,0,2,0,1.122069513044,2,Typea,Renault,Mail
2026-01-11 15:00:00,5.031565520359181,0.8709324004663057,0.1730937214157819,0,0,2,0,1.122069513044,2,Typea,Renault,Mail
2026-01-11 16:00:00,5.031565520359181,1.6858542390684068,0.33505560689748526,0,0,2,0,1.122069513044,2,Typea,Renault,Mail
2026-01-11 17:00:00,5.031565520359181,2.191153815933132,0.4354815230104994,0,0,2,0,1.122069513044,2,Typea,Renault,Mail
2026-01-11 18:00:00,5.031565520359181,1.23606593483875,0.24566229533080047,0,0,2,0,1.122069513044,2,Typea,Renault,Mail
2026-01-11 19:00:00,5.031565520359181,1.001065928609515,0.19895714853735091,0,0,2,0,1.122069513044,2,Typea,Renault,Mail
2026-01-11 20:00:00,0.0,0.0,0.0,1,1,2,80,1.0,2,Typea,Renault,Mail
2026-01-11 21:00:00,0.0,0.0,0.0,1,1,2,80,1.0,2,Typea,Renault,Mail
2026-01-11 22:00:00,0.0,0.0,0.0,1,1,2,80,1.0,2,Typea,Renault,Mail
2026-01-11 23:00:00,0.0,0.0,0.0,1,1,2,80,1.0,2,Typea,Renault,Mail
2026-01-12 00:00:00,0.0,0.0,0.0,1,1,2,80,1.0,2,Typea,Renault,Mail
2026-01-12 01:00:00,0.0,0.0,0.0,1,1,2,80,1.0,2,Typea,Renault,Mail
2026-01-12 02:00:00,0.0,0.0,0.0,1,1,2,80,1.0,2,Typea,Renault,Mail
2026-01-12 03:00:00,0.0,0.0,0.0,1,1,2,80,1.0,2,Typea,Renault,Mail
2026-01-12 04:00:00,0.0,0.0,0.0,1,1,2,80,1.0,2,Typea,Renault,Mail
2026-01-12 05:00:00,0.0,0.0,0.0,1,1,2,80,1.0,2,Typea,Renault,Mail
2026-01-12 06:00:00,0.0,0.0,0.0,1,1,2,80,1.0,2,Typea,Renault,Mail
2026-01-12 07:00:00,7.781331278971173,2.598348528560962,0.33392082092468234,0,0,2,0,1.119889326784,2,Typea,Renault,Mail
2026-01-12 08:00:00,7.781331278971173,0.8714229847490309,0.1119889326784,0,0,2,0,1.119889326784,2,Typea,Renault,Mail
2026-01-12 09:00:00,7.781331278971173,1.5020073897462207,0.19302704587393074,0,0,2,0,1.119889326784,2,Typea,Renault,Mail
2026-01-12 10:00:00,7.781331278971173,2.3261273480109015,0.2989369382456694,0,0,2,0,1.119889326784,2,Typea,Renault,Mail
2026-01-12 11:00:00,7.781331278971173,0.8714229847490309,0.1119889326784,0,0,2,0,1.119889326784,2,Typea,Renault,Mail
2026-01-12 12:00:00,7.781331278971173,1.6805911446719632,0.21597732886835358,0,0,2,0,1.119889326784,2,Typea,Renault,Mail
2026-01-12 13:00:00,7.781331278971173,1.1646165404791686,0.1496680322076136,0,0,2,0,1.119889326784,2,Typea,Renault,Mail
2026-01-12 14:00:00,7.781331278971173,2.575493427169968,0.33098364981968653,0,0,2,0,1.119889326784,2,Typea,Renault,Mail
2026-01-12 15:00:00,7.781331278971173,3.921403431370639,0.5039501970528,0,0,2,0,1.119889326784,2,Typea,Renault,Mail
2026-01-12 16:00:00,7.781331278971173,1.9254333466033025,0.24744266470272655,0,0,2,0,1.119889326784,2,Typea,Renault,Mail
2026-01-12 17:00:00,7.781331278971173,0.8714229847490309,0.1119889326784,0,0,2,0,1.119889326784,2,Typea,Renault,Mail
2026-01-12 18:00:00,7.781331278971173,1.2170816258990722,0.15641046271711892,0,0,2,0,1.119889326784,2,Typea,Renault,Mail
2026-01-12 19:00:00,7.781331278971173,3.921403431370639,0.5039501970528,0,0,2,0,1.119889326784,2,Typea,Renault,Mail
2026-01-12 20:00:00,7.781331278971173,3.921403431370639,0.5039501970528,0,0,2,0,1.119889326784,2,Typea,Renault,Mail
2026-01-12 21:00:00,7.781331278971173,0.8714229847490309,0.1119889326784,0,0,2,0,1.119889326784,2,Typea,Renault,Mail
2026-01-12 22:00:00,0.0,0.0,0.0,1,1,2,80,1.0,2,Typea,Renault,Mail
2026-01-12 23:00:00,0.0,0.0,0.0,1,1,2,80,1.0,2,Typea,Renault,Mail
2026-01-13 00:00:00,0.0,0.0,0.0,1,1,2,80,1.0,2,Typea,Renault,Mail
2026-01-13 01:00:00,0.0,0.0,0.0,1,1,2,80,1.0,2,Typea,Renault,Mail
2026-01-13 02:00:00,0.0,0.0,0.0,1,1,2,80,1.0,2,Typea,Renault,Mail
2026-01-13 03:00:00,0.0,0.0,0.0,1,1,2,80,1.0,2,Typea,Renault,Mail
2026-01-13 04:00:00,0.0,0.0,0.0,1,1,2,80,1.0,2,Typea,Renault,Mail
2026-01-13 05:00:00,0.0,0.0,0.0,1,1,2,80,1.0,2,Typea,Renault,Mail
2026-01-13 06:00:00,0.0,0.0,0.0,1,1,2,80,1.0,2,Typea,Renault,Mail
2026-01-13 07:00:00,0.0,0.0,0.0,1,1,2,80,1.0,2,Typea,Renault,Mail
2026-01-13 08:00:00,8.479630438754342,3.840572632136054,0.45291745434842734,0,0,2,0,1.12425024,2,Typea,Renault,Mail
2026-01-13 09:00:00,8.479630438754342,2.3800226460841754,0.280675279810166,0,0,2,0,1.12425024,2,Typea,Renault,Mail
2026-01-13 10:00:00,8.479630438754342,2.148803089376999,0.25340763431816,0,0,2,0,1.12425024,2,Typea,Renault,Mail
2026-01-13 11:00:00,8.479630438754342,2.996001673116726,0.35331748178837363,0,0,2,0,1.12425024,2,Typea,Renault,Mail
2026-01-13 12:00:00,8.479630438754342,2.2028566698534227,0.25978215510262526,0,0,2,0,1.12425024,2,Typea,Renault,Mail
2026-01-13 13:00:00,8.479630438754342,1.8183039046680598,0.21443197528490038,0,0,2,0,1.12425024,2,Typea,Renault,Mail
2026-01-13 14:00:00,8.479630438754342,2.1128953804638653,0.24917305013757765,0,0,2,0,1.12425024,2,Typea,Renault,Mail
2026-01-13 15:00:00,8.479630438754342,2.1619953442288122,0.25496339254926415,0,0,2,0,1.12425024,2,Typea,Renault,Mail
2026-01-13 16:00:00,8.479630438754342,2.4538455510201467,0.289381190459123,0,0,2,0,1.12425024,2,Typea,Renault,Mail
2026-01-13 17:00:00,8.479630438754342,1.6489562847239112,0.19446086673632715,0,0,2,0,1.12425024,2,Typea,Renault,Mail
2026-01-13 18:00:00,8.479630438754342,3.8123342474778306,0.44958731102883565,0,0,2,0,1.12425024,2,Typea,Renault,Mail
2026-01-13 19:00:00,8.479630438754342,3.620980489909383,0.42702102598250796,0,0,2,0,1.12425024,2,Typea,Renault,Mail
2026-01-13 20:00:00,8.479630438754342,0.9533226555880875,0.11242502400000001,0,0,2,0,1.12425024,2,Typea,Renault,Mail
2026-01-13 21:00:00,0.0,0.0,0.0,1,1,2,80,1.0,2,Typea,Renault,Mail
2026-01-13 22:00:00,0.0,0.0,0.0,1,1,2,80,1.0,2,Typea,Renault,Mail
2026-01-13 23:00:00,0.0,0.0,0.0,1,1,2,80,1.0,2,Typea,Renault,Mail
2026-01-14 00:00:00,0.0,0.0,0.0,1,1,2,80,1.0,2,Typea,Renault,Mail
2026-01-14 01:00:00,0.0,0.0,0.0,1,1,2,80,1.0,2,Typea,Renault,Mail
2026-01-14 02:00:00,0.0,0.0,0.0,1,1,2,80,1.0,2,Typea,Renault,Mail
2026-01-14 03:00:00,0.0,0.0,0.0,1,1,2,80,1.0,2,Typea,Renault,Mail
2026-01-14 04:00:00,0.0,0.0,0.0,1,1,2,80,1.0,2,Typea,Renault,Mail
2026-01-14 05:00:00,0.0,0.0,0.0,1,1,2,80,1.0,2,Typea,Renault,Mail
2026-01-14 06:00:00,0.0,0.0,0.0,1,1,2,80,1.0,2,Typea,Renault,Mail
2026-01-14 07:00:00,0.0,0.0,0.0,1,1,2,80,1.0,2,Typea,Renault,Mail
2026-01-14 08:00:00,0.0,0.0,0.0,1,1,2,80,1.0,2,Typea,Renault,Mail
2026-01-14 09:00:00,0.0,0.0,0.0,1,1,2,80,1.0,2,Typea,Renault,Mail
2026-01-14 10:00:00,9.432342043648044,2.252828616902893,0.23884085272543729,0,0,2,0,1.102475,2,Typea,Renault,Mail
2026-01-14 11:00:00,9.432342043648044,1.37506951928124,0.14578240620602212,0,0,2,0,1.102475,2,Typea,Renault,Mail
2026-01-14 12:00:00,9.432342043648044,4.679514582556895,0.4961137500000001,0,0,2,0,1.102475,2,Typea,Renault,Mail
2026-01-14 13:00:00,9.432342043648044,1.4921623718549681,0.15819638059667532,0,0,2,0,1.102475,2,Typea,Renault,Mail
2026-01-14 14:00:00,9.432342043648044,3.6699172868360543,0.3890780539820925,0,0,2,0,1.102475,2,Typea,Renault,Mail
2026-01-14 15:00:00,9.432342043648044,3.9131297055976924,0.41486299876422356,0,0,2,0,1.102475,2,Typea,Renault,Mail
2026-01-14 16:00:00,9.432342043648044,1.0398921294570878,0.11024750000000001,0,0,2,0,1.102475,2,Typea,Renault,Mail
2026-01-14 17:00:00,9.432342043648044,1.56711392510521,0.16614260995343574,0,0,2,0,1.102475,2,Typea,Renault,Mail
2026-01-14 18:00:00,9.432342043648044,2.2964561819901914,0.24346616899210918,0,0,2,0,1.102475,2,Typea,Renault,Mail
2026-01-14 19:00:00,9.432342043648044,1.0398921294570878,0.11024750000000001,0,0,2,0,1.102475,2,Typea,Renault,Mail
2026-01-14 20:00:00,9.432342043648044,2.8170958617209663,0.2986634548116354,0,0,2,0,1.102475,2,Typea,Renault,Mail
2026-01-14 21:00:00,9.432342043648044,1.7114755634878884,0.18144757214783527,0,0,2,0,1.102475,2,Typea,Renault,Mail
2026-01-14 22:00:00,0.0,0.0,0.0,1,1,2,80,1.0,2,Typea,Renault,Mail
2026-01-14 23:00:00,0.0,0.0,0.0,1,1,2,80,1.0,2,Typea,Renault,Mail
2026-01-01 00:00:00,0.0,0.0,0.0,1,1,3,80,1.0,3,Typea,Renault,Mail
2026-01-01 01:00:00,0.0,0.0,0.0,1,1,3,80,1.0,3,Typea,Renault,Mail
2026-01-01 02:00:00,0.0,0.0,0.0,1,1,3,80,1.0,3,Typea,Renault,Mail
2026-01-01 03:00:00,0.0,0.0,0.0,1,1,3,80,1.0,3,Typea,Renault,Mail
2026-01-01 04:00:00,0.0,0.0,0.0,1,1,3,80,1.0,3,Typea,Renault,Mail
2026-01-01 05:00:00,0.0,0.0,0.0,1,1,3,80,1.0,3,Typea,Renault,Mail
2026-01-01 06:00:00,0.0,0.0,0.0,1,1,3,80,1.0,3,Typea,Renault,Mail
2026-01-01 07:00:00,8.271994106797772,2.412427247051881,0.2916379310605882,0,0,3,0,1.1329772784640002,3,Typea,Renault,Mail
2026-01-01 08:00:00,8.271994106797772,2.2851920295309127,0.2762564866496924,0,0,3,0,1.1329772784640002,3,Typea,Renault,Mail
2026-01-01 09:00:00,8.271994106797772,3.376567364246386,0.4081926704313758,0,0,3,0,1.1329772784640002,3,Typea,Renault,Mail
2026-01-01 10:00:00,8.271994106797772,3.3331998808710135,0.40294998253587383,0,0,3,0,1.1329772784640002,3,Typea,Renault,Mail
2026-01-01 11:00:00,8.271994106797772,2.342235414350131,0.28315245200976696,0,0,3,0,1.1329772784640002,3,Typea,Renault,Mail
2026-01-01 12:00:00,8.271994106797772,0.9371981370589988,0.11329772784640002,0,0,3,0,1.1329772784640002,3,Typea,Renault,Mail
2026-01-01 13:00:00,8.271994106797772,0.9371981370589988,0.11329772784640002,0,0,3,0,1.1329772784640002,3,Typea,Renault,Mail
2026-01-01 14:00:00,8.271994106797772,2.7976339568353192,0.33820550652185255,0,0,3,0,1.1329772784640002,3,Typea,Renault,Mail
2026-01-01 15:00:00,8.271994106797772,3.1163614865522877,0.3767364248955787,0,0,3,0,1.1329772784640002,3,Typea,Renault,Mail
2026-01-01 16:00:00,8.271994106797772,2.690135949712756,0.3252100902129575,0,0,3,0,1.1329772784640002,3,Typea,Renault,Mail
2026-01-01 17:00:00,8.271994106797772,1.097989449477474,0.13273576302178053,0,0,3,0,1.1329772784640002,3,Typea,Renault,Mail
2026-01-01 18:00:00,8.271994106797772,2.393405912341865,0.28933844505220435,0,0,3,0,1.1329772784640002,3,Typea,Renault,Mail
2026-01-01 19:00:00,8.271994106797772,4.0509525657153445,0.4897189859439511,0,0,3,0,1.1329772784640002,3,Typea,Renault,Mail
2026-01-01 20:00:00,0.0,0.0,0.0,1,1,3,80,1.0,3,Typea,Renault,Mail
2026-01-01 21:00:00,0.0,0.0,0.0,1,1,3,80,1.0,3,Typea,Renault,Mail
2026-01-01 22:00:00,0.0,0.0,0.0,1,1,3,80,1.0,3,Typea,Renault,Mail
2026-01-01 23:00:00,0.0,0.0,0.0,1,1,3,80,1.0,3,Typea,Renault,Mail
2026-01-02 00:00:00,0.0,0.0,0.0,1,1,3,80,1.0,3,Typea,Renault,Mail
2026-01-02 01:00:00,0.0,0.0,0.0,1,1,3,80,1.0,3,Typea,Renault,Mail
2026-01-02 02:00:00,0.0,0.0,0.0,1,1,3,80,1.0,3,Typea,Renault,Mail
2026-01-02 03:00:00,0.0,0.0,0.0,1,1,3,80,1.0,3,Typea,Renault,Mail
2026-01-02 04:00:00,0.0,0.0,0.0,1,1,3,80,1.0,3,Typea,Renault,Mail
2026-01-02 05:00:00,0.0,0.0,0.0,1,1,3,80,1.0,3,Typea,Renault,Mail
2026-01-02 06:00:00,0.0,0.0,0.0,1,1,3,80,1.0,3,Typea,Renault,Mail
2026-01-02 07:00:00,0.0,0.0,0.0,1,1,3,80,1.0,3,Typea,Renault,Mail
2026-01-02 08:00:00,11.231553685087423,3.6880682372179416,0.328366701582412,0,0,3,0,1.23259004,3,Typea,Renault,Mail
2026-01-02 09:00:00,11.231553685087423,2.81908400113847,0.2509967970754998,0,0,3,0,1.23259004,3,Typea,Renault,Mail
2026-01-02 10:00:00,11.231553685087423,4.000861532781343,0.35621621415507676,0,0,3,0,1.23259004,3,Typea,Renault,Mail
2026-01-02 11:00:00,11.231553685087423,1.4101867382890383,0.12555580268127986,0,0,3,0,1.23259004,3,Typea,Renault,Mail
2026-01-02 12:00:00,11.231553685087423,5.2226112757050105,0.46499455214635865,0,0,3,0,1.23259004,3,Typea,Renault,Mail
2026-01-02 13:00:00,11.231553685087423,2.9904091884679267,0.266250714043099,0,0,3,0,1.23259004,3,Typea,Renault,Mail
2026-01-02 14:00:00,11.231553685087423,1.3843901205964055,0.123259004,0,0,3,0,1.23259004,3,Typea,Renault,Mail
2026-01-02 15:00:00,11.231553685087423,1.3843901205964055,0.123259004,0,0,3,0,1.23259004,3,Typea,Renault,Mail
2026-01-02 16:00:00,11.231553685087423,3.895236357720948,0.3468118896936589,0,0,3,0,1.23259004,3,Typea,Renault,Mail
2026-01-02 17:00:00,11.231553685087423,3.7045025341638693,0.3298299271883002,0,0,3,0,1.23259004,3,Typea,Renault,Mail
2026-01-02 18:00:00,11.231553685087423,4.8849394102350745,0.43492997916405823,0,0,3,0,1.23259004,3,Typea,Renault,Mail
2026-01-02 19:00:00,11.231553685087423,1.3843901205964055,0.123259004,0,0,3,0,1.23259004,3,Typea,Renault,Mail
2026-01-02 20:00:00,11.231553685087423,1.3843901205964055,0.123259004,0,0,3,0,1.23259004,3,Typea,Renault,Mail
2026-01-02 21:00:00,11.231553685087423,3.858876141366373,0.34357456230565453,0,0,3,0,1.23259004,3,Typea,Renault,Mail
2026-01-02 22:00:00,11.231553685087423,3.1018208738809636,0.276170239741575,0,0,3,0,1.23259004,3,Typea,Renault,Mail
2026-01-02 23:00:00,0.0,0.0,0.0,1,1,3,80,1.0,3,Typea,Renault,Mail
2026-01-03 00:00:00,0.0,0.0,0.0,1,1,3,80,1.0,3,Typea,Renault,Mail
2026-01-03 01:00:00,0.0,0.0,0.0,1,1,3,80,1.0,3,Typea,Renault,Mail
2026-01-03 02:00:00,0.0,0.0,0.0,1,1,3,80,1.0,3,Typea,Renault,Mail
2026-01-03 03:00:00,0.0,0.0,0.0,1,1,3,80,1.0,3,Typea,Renault,Mail
2026-01-03 04:00:00,0.0,0.0,0.0,1,1,3,80,1.0,3,Typea,Renault,Mail
2026-01-03 05:00:00,0.0,0.0,0.0,1,1,3,80,1.0,3,Typea,Renault,Mail
2026-01-03 06:00:00,0.0,0.0,0.0,1,1,3,80,1.0,3,Typea,Renault,Mail
2026-01-03 07:00:00,0.0,0.0,0.0,1,1,3,80,1.0,3,Typea,Renault,Mail
2026-01-03 08:00:00,0.0,0.0,0.0,1,1,3,80,1.0,3,Typea,Renault,Mail
2026-01-03 09:00:00,4.701955335053816,1.1394832575987737,0.2423424248851849,0,0,3,0,1.209049010004,3,Typea,Renault,Mail
2026-01-03 10:00:00,4.701955335053816,0.5684894442929841,0.1209049010004,0,0,3,0,1.209049010004,3,Typea,Renault,Mail
2026-01-03 11:00:00,4.701955335053816,1.0692249285254487,0.22740006068416024,0,0,3,0,1.209049010004,3,Typea,Renault,Mail
2026-01-03 12:00:00,4.701955335053816,0.5684894442929841,0.1209049010004,0,0,3,0,1.209049010004,3,Typea,Renault,Mail
2026-01-03 13:00:00,4.701955335053816,0.5684894442929841,0.1209049010004,0,0,3,0,1.209049010004,3,Typea,Renault,Mail
2026-01-03 14:00:00,4.701955335053816,1.1934315191134413,0.25381600505989965,0,0,3,0,1.209049010004,3,Typea,Renault,Mail
2026-01-03 15:00:00,4.701955335053816,2.5582024993184285,0.5440720545018,0,0,3,0,1.209049010004,3,Typea,Renault,Mail
2026-01-03 16:00:00,4.701955335053816,0.5684894442929841,0.1209049010004,0,0,3,0,1.209049010004,3,Typea,Renault,Mail
2026-01-03 17:00:00,4.701955335053816,1.3588762438472832,0.28900237178278737,0,0,3,0,1.209049010004,3,Typea,Renault,Mail
2026-01-03 18:00:00,4.701955335053816,0.6831345210723287,0.14528732673818773,0,0,3,0,1.209049010004,3,Typea,Renault,Mail
2026-01-03 19:00:00,4.701955335053816,0.5684894442929841,0.1209049010004,0,0,3,0,1.209049010004,3,Typea,Renault,Mail
2026-01-03 20:00:00,4.701955335053816,0.9694798279143565,0.20618652429271966,0,0,3,0,1.209049010004,3,Typea,Renault,Mail
2026-01-03 21:00:00,0.0,0.0,0.0,1,1,3,80,1.0,3,Typea,Renault,Mail
2026-01-03 22:00:00,0.0,0.0,0.0,1,1,3,80,1.0,3,Typea,Renault,Mail
2026-01-03 23:00:00,0.0,0.0,0.0,1,1,3,80,1.0,3,Typea,Renault,Mail
2026-01-04 00:00:00,0.0,0.0,0.0,1,1,3,80,1.0,3,Typea,Renault,Mail
2026-01-04 01:00:00,0.0,0.0,0.0,1,1,3,80,1.0,3,Typea,Renault,Mail
2026-01-04 02:00:00,0.0,0.0,0.0,1,1,3,80,1.0,3,Typea,Renault,Mail
2026-01-04 03:00:00,0.0,0.0,0.0,1,1,3,80,1.0,3,Typea,Renault,Mail
2026-01-04 04:00:00,0.0,0.0,0.0,1,1,3,80,1.0,3,Typea,Renault,Mail
2026-01-04 05:00:00,0.0,0.0,0.0,1,1,3,80,1.0,3,Typea,Renault,Mail
2026-01-04 06:00:00,0.0,0.0,0.0,1,1,3,80,1.0,3,Typea,Renault,Mail
2026-01-04 07:00:00,6.682524389407984,0.8720895822994071,0.13050301525000002,0,0,3,0,1.3050301525,3,Typea,Renault,Mail
2026-01-04 08:00:00,6.682524389407984,2.289102320435067,0.3425505373483362,0,0,3,0,1.3050301525,3,Typea,Renault,Mail
2026-01-04 09:00:00,6.682524389407984,2.300863219230239,0.3443104858513021,0,0,3,0,1.3050301525,3,Typea,Renault,Mail
2026-01-04 10:00:00,6.682524389407984,0.8720895822994071,0.13050301525000002,0,0,3,0,1.3050301525,3,Typea,Renault,Mail
2026-01-04 11:00:00,6.682524389407984,0.8720895822994071,0.13050301525000002,0,0,3,0,1.3050301525,3,Typea,Renault,Mail
2026-01-04 12:00:00,6.682524389407984,0.8720895822994071,0.13050301525000002,0,0,3,0,1.3050301525,3,Typea,Renault,Mail
2026-01-04 13:00:00,6.682524389407984,0.9331230745595871,0.13963631409091706,0,0,3,0,1.3050301525,3,Typea,Renault,Mail
2026-01-04 14:00:00,6.682524389407984,2.909282514823462,0.4353568120805916,0,0,3,0,1.3050301525,3,Typea,Renault,Mail
2026-01-04 15:00:00,6.682524389407984,2.0868199035376485,0.31228017765940747,0,0,3,0,1.3050301525,3,Typea,Renault,Mail
2026-01-04 16:00:00,6.682524389407984,1.4266689845063778,0.21349252189302806,0,0,3,0,1.3050301525,3,Typea,Renault,Mail
2026-01-04 17:00:00,6.682524389407984,1.0491149524038221,0.15699380821814926,0,0,3,0,1.3050301525,3,Typea,Renault,Mail
2026-01-04 18:00:00,6.682524389407984,0.8720895822994071,0.13050301525000002,0,0,3,0,1.3050301525,3,Typea,Renault,Mail
2026-01-04 19:00:00,6.682524389407984,0.8720895822994071,0.13050301525000002,0,0,3,0,1.3050301525,3,Typea,Renault,Mail
2026-01-04 20:00:00,6.682524389407984,1.196956627707195,0.17911743496281282,0,0,3,0,1.3050301525,3,Typea,Renault,Mail
2026-01-04 21:00:00,6.682524389407984,0.8720895822994071,0.13050301525000002,0,0,3,0,1.3050301525,3,Typea,Renault,Mail
2026-01-04 22:00:00,6.682524389407984,1.9816390652207583,0.2965404912493428,0,0,3,0,1.3050301525,3,Typea,Renault,Mail
2026-01-04 23:00:00,0.0,0.0,0.0,1,1,3,80,1.0,3,Typea,Renault,Mail
2026-01-05 00:00:00,0.0,0.0,0.0,1,1,3,80,1.0,3,Typea,Renault,Mail
2026-01-05 01:00:00,0.0,0.0,0.0,1,1,3,80,1.0,3,Typea,Renault,Mail
2026-01-05 02:00:00,0.0,0.0,0.0,1,1,3,80,1.0,3,Typea,Renault,Mail
2026-01-05 03:00:00,0.0,0.0,0.0,1,1,3,80,1.0,3,Typea,Renault,Mail
2026-01-05 04:00:00,0.0,0.0,0.0,1,1,3,80,1.0,3,Typea,Renault,Mail
2026-01-05 05:00:00,0.0,0.0,0.0,1,1,3,80,1.0,3,Typea,Renault,Mail
2026-01-05 06:00:00,0.0,0.0,0.0,1,1,3,80,1.0,3,Typea,Renault,Mail
2026-01-05 07:00:00,0.0,0.0,0.0,1,1,3,80,1.0,3,Typea,Renault,Mail
2026-01-05 08:00:00,0.0,0.0,0.0,1,1,3,80,1.0,3,Typea,Renault,Mail
2026-01-05 09:00:00,0.0,0.0,0.0,1,1,3,80,1.0,3,Typea,Renault,Mail
2026-01-05 10:00:00,12.987699658326447,1.592548588566359,0.12261975796040002,0,0,3,0,1.226197579604,3,Typea,Renault,Mail
2026-01-05 11:00:00,12.987699658326447,3.3035806244588017,0.25436225901180803,0,0,3,0,1.226197579604,3,Typea,Renault,Mail
2026-01-05 12:00:00,12.987699658326447,1.592548588566359,0.12261975796040002,0,0,3,0,1.226197579604,3,Typea,Renault,Mail
2026-01-05 13:00:00,12.987699658326447,1.592548588566359,0.12261975796040002,0,0,3,0,1.226197579604,3,Typea,Renault,Mail
2026-01-05 14:00:00,12.987699658326447,6.7724913596400835,0.5214542634806174,0,0,3,0,1.226197579604,3,Typea,Renault,Mail
2026-01-05 15:00:00,12.987699658326447,1.5975537167182112,0.12300513245192082,0,0,3,0,1.226197579604,3,Typea,Renault,Mail
2026-01-05 16:00:00,12.987699658326447,3.8128430466095216,0.2935733922800639,0,0,3,0,1.226197579604,3,Typea,Renault,Mail
2026-01-05 17:00:00,12.987699658326447,1.9273716243558716,0.14839976863187074,0,0,3,0,1.226197579604,3,Typea,Renault,Mail
2026-01-05 18:00:00,12.987699658326447,5.821904457397043,0.4482629419032342,0,0,3,0,1.226197579604,3,Typea,Renault,Mail
2026-01-05 19:00:00,12.987699658326447,3.2277551514370297,0.24852400627910332,0,0,3,0,1.226197579604,3,Typea,Renault,Mail
2026-01-05 20:00:00,12.987699658326447,3.2001402870533697,0.24639777414330274,0,0,3,0,1.226197579604,3,Typea,Renault,Mail
2026-01-05 21:00:00,0.0,0.0,0.0,1,1,3,80,1.0,3,Typea,Renault,Mail
2026-01-05 22:00:00,0.0,0.0,0.0,1,1,3,80,1.0,3,Typea,Renault,Mail
2026-01-05 23:00:00,0.0,0.0,0.0,1,1,3,80,1.0,3,Typea,Renault,Mail
2026-01-06 00:00:00,0.0,0.0,0.0,1,1,3,80,1.0,3,Typea,Renault,Mail
2026-01-06 01:00:00,0.0,0.0,0.0,1,1,3,80,1.0,3,Typea,Renault,Mail
2026-01-06 02:00:00,0.0,0.0,0.0,1,1,3,80,1.0,3,Typea,Renault,Mail
2026-01-06 03:00:00,0.0,0.0,0.0,1,1,3,80,1.0,3,Typea,Renault,Mail
2026-01-06 04:00:00,0.0,0.0,0.0,1,1,3,80,1.0,3,Typea,Renault,Mail
2026-01-06 05:00:00,0.0,0.0,0.0,1,1,3,80,1.0,3,Typea,Renault,Mail
2026-01-06 06:00:00,0.0,0.0,0.0,1,1,3,80,1.0,3,Typea,Renault,Mail
2026-01-06 07:00:00,0.0,0.0,0.0,1,1,3,80,1.0,3,Typea,Renault,Mail
2026-01-06 08:00:00,0.0,0.0,0.0,1,1,3,80,1.0,3,Typea,Renault,Mail
2026-01-06 09:00:00,8.517319153641841,2.970805746588485,0.3487958702731277,0,0,3,0,1.3306301459840002,3,Typea,Renault,Mail
2026-01-06 10:00:00,8.517319153641841,2.2052976158654785,0.25891921813479724,0,0,3,0,1.3306301459840002,3,Typea,Renault,Mail
2026-01-06 11:00:00,8.517319153641841,3.769974553316535,0.4426245494986022,0,0,3,0,1.3306301459840002,3,Typea,Renault,Mail
2026-01-06 12:00:00,8.517319153641841,1.1333401628802764,0.13306301459840003,0,0,3,0,1.3306301459840002,3,Typea,Renault,Mail
2026-01-06 13:00:00,8.517319153641841,1.1333401628802764,0.13306301459840003,0,0,3,0,1.3306301459840002,3,Typea,Renault,Mail
2026-01-06 14:00:00,8.517319153641841,1.3265037580544603,0.15574193406704417,0,0,3,0,1.3306301459840002,3,Typea,Renault,Mail
2026-01-06 15:00:00,8.517319153641841,1.1333401628802764,0.13306301459840003,0,0,3,0,1.3306301459840002,3,Typea,Renault,Mail
2026-01-06 16:00:00,8.517319153641841,1.1333401628802764,0.13306301459840003,0,0,3,0,1.3306301459840002,3,Typea,Renault,Mail
2026-01-06 17:00:00,8.517319153641841,1.9108971979693996,0.22435430250988503,0,0,3,0,1.3306301459840002,3,Typea,Renault,Mail
2026-01-06 18:00:00,8.517319153641841,5.100030732961244,0.5987835656928001,0,0,3,0,1.3306301459840002,3,Typea,Renault,Mail
2026-01-06 19:00:00,8.517319153641841,2.318057866818715,0.27215815504900487,0,0,3,0,1.3306301459840002,3,Typea,Renault,Mail
2026-01-06 20:00:00,8.517319153641841,2.374031986217034,0.2787299552115461,0,0,3,0,1.3306301459840002,3,Typea,Renault,Mail
2026-01-06 21:00:00,0.0,0.0,0.0,1,1,3,80,1.0,3,Typea,Renault,Mail
2026-01-06 22:00:00,0.0,0.0,0.0,1,1,3,80,1.0,3,Typea,Renault,Mail
2026-01-06 23:00:00,0.0,0.0,0.0,1,1,3,80,1.0,3,Typea,Renault,Mail
2026-01-07 00:00:00,0.0,0.0,0.0,1,1,3,80,1.0,3,Typea,Renault,Mail
2026-01-07 01:00:00,0.0,0.0,0.0,1,1,3,80,1.0,3,Typea,Renault,Mail
2026-01-07 02:00:00,0.0,0.0,0.0,1,1,3,80,1.0,3,Typea,Renault,Mail
2026-01-07 03:00:00,0.0,0.0,0.0,1,1,3,80,1.0,3,Typea,Renault,Mail
2026-01-07 04:00:00,0.0,0.0,0.0,1,1,3,80,1.0,3,Typea,Renault,Mail
2026-01-07 05:00:00,0.0,0.0,0.0,1,1,3,80,1.0,3,Typea,Renault,Mail
2026-01-07 06:00:00,0.0,0.0,0.0,1,1,3,80,1.0,3,Typea,Renault,Mail
2026-01-07 07:00:00,0.0,0.0,0.0,1,1,3,80,1.0,3,Typea,Renault,Mail
2026-01-07 08:00:00,0.0,0.0,0.0,1,1,3,80,1.0,3,Typea,Renault,Mail
2026-01-07 09:00:00,11.160323319351905,3.85820399995482,0.3457071887213811,0,0,3,0,1.282756305344,3,Typea,Renault,Mail
2026-01-07 10:00:00,11.160323319351905,5.352971387869328,0.47964303852983553,0,0,3,0,1.282756305344,3,Typea,Renault,Mail
2026-01-07 11:00:00,11.160323319351905,4.427437366475264,0.39671228510003154,0,0,3,0,1.282756305344,3,Typea,Renault,Mail
2026-01-07 12:00:00,11.160323319351905,2.1911617571249633,0.19633497116750262,0,0,3,0,1.282756305344,3,Typea,Renault,Mail
2026-01-07 13:00:00,11.160323319351905,5.273504178781113,0.47252252715984505,0,0,3,0,1.282756305344,3,Typea,Renault,Mail
2026-01-07 14:00:00,11.160323319351905,3.362248914944524,0.30126805637560816,0,0,3,0,1.282756305344,3,Typea,Renault,Mail
2026-01-07 15:00:00,11.160323319351905,4.463620505163079,0.39995440789992165,0,0,3,0,1.282756305344,3,Typea,Renault,Mail
2026-01-07 16:00:00,11.160323319351905,6.442188798409351,0.5772403374048001,0,0,3,0,1.282756305344,3,Typea,Renault,Mail
2026-01-07 17:00:00,11.160323319351905,3.0825664756583397,0.2762076319342107,0,0,3,0,1.282756305344,3,Typea,Renault,Mail
2026-01-07 18:00:00,11.160323319351905,1.4315975107576338,0.12827563053440003,0,0,3,0,1.282756305344,3,Typea,Renault,Mail
2026-01-07 19:00:00,11.160323319351905,2.0663930750996755,0.18515530562780091,0,0,3,0,1.282756305344,3,Typea,Renault,Mail
2026-01-07 20:00:00,11.160323319351905,2.0322610241804564,0.1820969667300349,0,0,3,0,1.282756305344,3,Typea,Renault,Mail
2026-01-07 21:00:00,0.0,0.0,0.0,1,1,3,80,1.0,3,Typea,Renault,Mail
2026-01-07 22:00:00,0.0,0.0,0.0,1,1,3,80,1.0,3,Typea,Renault,Mail
2026-01-07 23:00:00,0.0,0.0,0.0,1,1,3,80,1.0,3,Typea,Renault,Mail
2026-01-08 00:00:00,0.0,0.0,0.0,1,1,3,80,1.0,3,Typea,Renault,Mail
2026-01-08 01:00:00,0.0,0.0,0.0,1,1,3,80,1.0,3,Typea,Renault,Mail
2026-01-08 02:00:00,0.0,0.0,0.0,1,1,3,80,1.0,3,Typea,Renault,Mail
2026-01-08 03:00:00,0.0,0.0,0.0,1,1,3,80,1.0,3,Typea,Renault,Mail
2026-01-08 04:00:00,0.0,0.0,0.0,1,1,3,80,1.0,3,Typea,Renault,Mail
2026-01-08 05:00:00,0.0,0.0,0.0,1,1,3,80,1.0,3,Typea,Renault,Mail
2026-01-08 06:00:00,0.0,0.0,0.0,1,1,3,80,1.0,3,Typea,Renault,Mail
2026-01-08 07:00:00,0.0,0.0,0.0,1,1,3,80,1.0,3,Typea,Renault,Mail
2026-01-08 08:00:00,0.0,0.0,0.0,1,1,3,80,1.0,3,Typea,Renault,Mail
2026-01-08 09:00:00,8.28258694340294,2.9971217312844844,0.3618581672326041,0,0,3,0,1.176585222144,3,Typea,Renault,Mail
2026-01-08 10:00:00,8.28258694340294,0.9745169398730744,0.11765852221440001,0,0,3,0,1.176585222144,3,Typea,Renault,Mail
2026-01-08 11:00:00,8.28258694340294,2.357652940144788,0.28465175871442594,0,0,3,0,1.176585222144,3,Typea,Renault,Mail
2026-01-08 12:00:00,8.28258694340294,1.1652637932065146,0.1406883865112511,0,0,3,0,1.176585222144,3,Typea,Renault,Mail
2026-01-08 13:00:00,8.28258694340294,1.3865169571758142,0.16740143709329505,0,0,3,0,1.176585222144,3,Typea,Renault,Mail
2026-01-08 14:00:00,8.28258694340294,0.9745169398730744,0.11765852221440001,0,0,3,0,1.176585222144,3,Typea,Renault,Mail
2026-01-08 15:00:00,8.28258694340294,0.9745169398730744,0.11765852221440001,0,0,3,0,1.176585222144,3,Typea,Renault,Mail
2026-01-08 16:00:00,8.28258694340294,3.53754728589548,0.4271065682821631,0,0,3,0,1.176585222144,3,Typea,Renault,Mail
2026-01-08 17:00:00,8.28258694340294,0.9745169398730744,0.11765852221440001,0,0,3,0,1.176585222144,3,Typea,Renault,Mail
2026-01-08 18:00:00,8.28258694340294,0.9745169398730744,0.11765852221440001,0,0,3,0,1.176585222144,3,Typea,Renault,Mail
2026-01-08 19:00:00,8.28258694340294,2.2992385566500744,0.2775990849672169,0,0,3,0,1.176585222144,3,Typea,Renault,Mail
2026-01-08 20:00:00,8.28258694340294,0.9745169398730744,0.11765852221440001,0,0,3,0,1.176585222144,3,Typea,Renault,Mail
2026-01-08 21:00:00,8.28258694340294,1.6417105767152216,0.19821229622259987,0,0,3,0,1.176585222144,3,Typea,Renault,Mail
2026-01-08 22:00:00,0.0,0.0,0.0,1,1,3,80,1.0,3,Typea,Renault,Mail
2026-01-08 23:00:00,0.0,0.0,0.0,1,1,3,80,1.0,3,Typea,Renault,Mail
2026-01-09 00:00:00,0.0,0.0,0.0,1,1,3,80,1.0,3,Typea,Renault,Mail
2026-01-09 01:00:00,0.0,0.0,0.0,1,1,3,80,1.0,3,Typea,Renault,Mail
2026-01-09 02:00:00,0.0,0.0,0.0,1,1,3,80,1.0,3,Typea,Renault,Mail
2026-01-09 03:00:00,0.0,0.0,0.0,1,1,3,80,1.0,3,Typea,Renault,Mail
2026-01-09 04:00:00,0.0,0.0,0.0,1,1,3,80,1.0,3,Typea,Renault,Mail
2026-01-09 05:00:00,0.0,0.0,0.0,1,1,3,80,1.0,3,Typea,Renault,Mail
2026-01-09 06:00:00,0.0,0.0,0.0,1,1,3,80,1.0,3,Typea,Renault,Mail
2026-01-09 07:00:00,0.0,0.0,0.0,1,1,3,80,1.0,3,Typea,Renault,Mail
2026-01-09 08:00:00,0.0,0.0,0.0,1,1,3,80,1.0,3,Typea,Renault,Mail
2026-01-09 09:00:00,0.0,0.0,0.0,1,1,3,80,1.0,3,Typea,Renault,Mail
2026-01-09 10:00:00,17.43332557532893,3.5434862906854154,0.20325934230816184,0,0,3,0,1.137342385344,3,Typea,Renault,Mail
2026-01-09 11:00:00,17.43332557532893,2.5263401012498075,0.14491441064033136,0,0,3,0,1.137342385344,3,Typea,Renault,Mail
2026-01-09 12:00:00,17.43332557532893,6.50667565689758,0.37323203933652305,0,0,3,0,1.137342385344,3,Typea,Renault,Mail
2026-01-09 13:00:00,17.43332557532893,3.608160667592,0.20696915525389778,0,0,3,0,1.137342385344,3,Typea,Renault,Mail
2026-01-09 14:00:00,17.43332557532893,8.285257128344353,0.47525396646463014,0,0,3,0,1.137342385344,3,Typea,Renault,Mail
2026-01-09 15:00:00,17.43332557532893,1.9827660094323165,0.1137342385344,0,0,3,0,1.137342385344,3,Typea,Renault,Mail
2026-01-09 16:00:00,17.43332557532893,4.912535548994021,0.281789927444829,0,0,3,0,1.137342385344,3,Typea,Renault,Mail
2026-01-09 17:00:00,17.43332557532893,4.104481546008368,0.23543881678071196,0,0,3,0,1.137342385344,3,Typea,Renault,Mail
2026-01-09 18:00:00,17.43332557532893,1.9827660094323165,0.1137342385344,0,0,3,0,1.137342385344,3,Typea,Renault,Mail
2026-01-09 19:00:00,0.0,0.0,0.0,1,1,3,80,1.0,3,Typea,Renault,Mail
2026-01-09 20:00:00,0.0,0.0,0.0,1,1,3,80,1.0,3,Typea,Renault,Mail
2026-01-09 21:00:00,0.0,0.0,0.0,1,1,3,80,1.0,3,Typea,Renault,Mail
2026-01-09 22:00:00,0.0,0.0,0.0,1,1,3,80,1.0,3,Typea,Renault,Mail
2026-01-09 23:00:00,0.0,0.0,0.0,1,1,3,80,1.0,3,Typea,Renault,Mail
2026-01-10 00:00:00,0.0,0.0,0.0,1,1,3,80,1.0,3,Typea,Renault,Mail
2026-01-10 01:00:00,0.0,0.0,0.0,1,1,3,80,1.0,3,Typea,Renault,Mail
2026-01-10 02:00:00,0.0,0.0,0.0,1,1,3,80,1.0,3,Typea,Renault,Mail
2026-01-10 03:00:00,0.0,0.0,0.0,1,1,3,80,1.0,3,Typea,Renault,Mail
2026-01-10 04:00:00,0.0,0.0,0.0,1,1,3,80,1.0,3,Typea,Renault,Mail
2026-01-10 05:00:00,0.0,0.0,0.0,1,1,3,80,1.0,3,Typea,Renault,Mail
2026-01-10 06:00:00,0.0,0.0,0.0,1,1,3,80,1.0,3,Typea,Renault,Mail
2026-01-10 07:00:00,0.0,0.0,0.0,1,1,3,80,1.0,3,Typea,Renault,Mail
2026-01-10 08:00:00,3.9395640505839027,1.0812200097785782,0.2744516895513668,0,0,3,0,1.18961004,3,Typea,Renault,Mail
2026-01-10 09:00:00,3.9395640505839027,0.4686544947797679,0.11896100400000001,0,0,3,0,1.18961004,3,Typea,Renault,Mail
2026-01-10 10:00:00,3.9395640505839027,1.5394872359660676,0.39077603922644494,0,0,3,0,1.18961004,3,Typea,Renault,Mail
2026-01-10 11:00:00,3.9395640505839027,0.917228474237514,0.2328248665233827,0,0,3,0,1.18961004,3,Typea,Renault,Mail
2026-01-10 12:00:00,3.9395640505839027,1.3404377689492535,0.34025027940606284,0,0,3,0,1.18961004,3,Typea,Renault,Mail
2026-01-10 13:00:00,3.9395640505839027,0.5286997089606111,0.1342025925133137,0,0,3,0,1.18961004,3,Typea,Renault,Mail
2026-01-10 14:00:00,3.9395640505839027,0.8655991264794536,0.2197195210853746,0,0,3,0,1.18961004,3,Typea,Renault,Mail
2026-01-10 15:00:00,3.9395640505839027,0.569042091683886,0.14444290900652962,0,0,3,0,1.18961004,3,Typea,Renault,Mail
2026-01-10 16:00:00,3.9395640505839027,1.337187514182202,0.3394252503608898,0,0,3,0,1.18961004,3,Typea,Renault,Mail
2026-01-10 17:00:00,3.9395640505839027,0.4686544947797679,0.11896100400000001,0,0,3,0,1.18961004,3,Typea,Renault,Mail
2026-01-10 18:00:00,3.9395640505839027,0.7058548205848431,0.17917079441321046,0,0,3,0,1.18961004,3,Typea,Renault,Mail
2026-01-10 19:00:00,3.9395640505839027,1.4457082264186263,0.366971626265183,0,0,3,0,1.18961004,3,Typea,Renault,Mail
2026-01-10 20:00:00,3.9395640505839027,1.3530410379632212,0.3434494326250845,0,0,3,0,1.18961004,3,Typea,Renault,Mail
2026-01-10 21:00:00,0.0,0.0,0.0,1,1,3,80,1.0,3,Typea,Renault,Mail
2026-01-10 22:00:00,0.0,0.0,0.0,1,1,3,80,1.0,3,Typea,Renault,Mail
2026-01-10 23:00:00,0.0,0.0,0.0,1,1,3,80,1.0,3,Typea,Renault,Mail
2026-01-11 00:00:00,0.0,0.0,0.0,1,1,3,80,1.0,3,Typea,Renault,Mail
2026-01-11 01:00:00,0.0,0.0,0.0,1,1,3,80,1.0,3,Typea,Renault,Mail
2026-01-11 02:00:00,0.0,0.0,0.0,1,1,3,80,1.0,3,Typea,Renault,Mail
2026-01-11 03:00:00,0.0,0.0,0.0,1,1,3,80,1.0,3,Typea,Renault,Mail
2026-01-11 04:00:00,0.0,0.0,0.0,1,1,3,80,1.0,3,Typea,Renault,Mail
2026-01-11 05:00:00,0.0,0.0,0.0,1,1,3,80,1.0,3,Typea,Renault,Mail
2026-01-11 06:00:00,0.0,0.0,0.0,1,1,3,80,1.0,3,Typea,Renault,Mail
2026-01-11 07:00:00,0.0,0.0,0.0,1,1,3,80,1.0,3,Typea,Renault,Mail
2026-01-11 08:00:00,0.0,0.0,0.0,1,1,3,80,1.0,3,Typea,Renault,Mail
2026-01-11 09:00:00,2.608695652173913,0.9206973697376061,0.352933991732749,0,0,3,0,1.122069513044,3,Typea,Renault,Mail
2026-01-11 10:00:00,2.608695652173913,0.29271378601147824,0.1122069513044,0,0,3,0,1.122069513044,3,Typea,Renault,Mail
2026-01-11 11:00:00,2.608695652173913,0.29271378601147824,0.1122069513044,0,0,3,0,1.122069513044,3,Typea,Renault,Mail
2026-01-11 12:00:00,2.608695652173913,0.4629724370242115,0.17747276752594773,0,0,3,0,1.122069513044,3,Typea,Renault,Mail
2026-01-11 13:00:00,2.608695652173913,0.5225504711530627,0.20031101394200737,0,0,3,0,1.122069513044,3,Typea,Renault,Mail
2026-01-11 14:00:00,2.608695652173913,0.8007407142220174,0.30695060711844,0,0,3,0,1.122069513044,3,Typea,Renault,Mail
2026-01-11 15:00:00,2.608695652173913,0.4044824036662814,0.15505158807207453,0,0,3,0,1.122069513044,3,Typea,Renault,Mail
2026-01-11 16:00:00,2.608695652173913,0.29271378601147824,0.1122069513044,0,0,3,0,1.122069513044,3,Typea,Renault,Mail
2026-01-11 17:00:00,2.608695652173913,0.3493669874798617,0.1339240118672803,0,0,3,0,1.122069513044,3,Typea,Renault,Mail
2026-01-11 18:00:00,2.608695652173913,0.7673539268988442,0.2941523386445569,0,0,3,0,1.122069513044,3,Typea,Renault,Mail
2026-01-11 19:00:00,2.608695652173913,0.29271378601147824,0.1122069513044,0,0,3,0,1.122069513044,3,Typea,Renault,Mail
2026-01-11 20:00:00,0.0,0.0,0.0,1,1,3,80,1.0,3,Typea,Renault,Mail
2026-01-11 21:00:00,0.0,0.0,0.0,1,1,3,80,1.0,3,Typea,Renault,Mail
2026-01-11 22:00:00,0.0,0.0,0.0,1,1,3,80,1.0,3,Typea,Renault,Mail
2026-01-11 23:00:00,0.0,0.0,0.0,1,1,3,80,1.0,3,Typea,Renault,Mail
2026-01-12 00:00:00,0.0,0.0,0.0,1,1,3,80,1.0,3,Typea,Renault,Mail
2026-01-12 01:00:00,0.0,0.0,0.0,1,1,3,80,1.0,3,Typea,Renault,Mail
2026-01-12 02:00:00,0.0,0.0,0.0,1,1,3,80,1.0,3,Typea,Renault,Mail
2026-01-12 03:00:00,0.0,0.0,0.0,1,1,3,80,1.0,3,Typea,Renault,Mail
2026-01-12 04:00:00,0.0,0.0,0.0,1,1,3,80,1.0,3,Typea,Renault,Mail
2026-01-12 05:00:00,0.0,0.0,0.0,1,1,3,80,1.0,3,Typea,Renault,Mail
2026-01-12 06:00:00,0.0,0.0,0.0,1,1,3,80,1.0,3,Typea,Renault,Mail
2026-01-12 07:00:00,0.0,0.0,0.0,1,1,3,80,1.0,3,Typea,Renault,Mail
2026-01-12 08:00:00,0.0,0.0,0.0,1,1,3,80,1.0,3,Typea,Renault,Mail
2026-01-12 09:00:00,11.928525787340623,2.2021671862525025,0.1846135243794832,0,0,3,0,1.119889326784,3,Typea,Renault,Mail
2026-01-12 10:00:00,11.928525787340623,4.865553957029354,0.4078923115707237,0,0,3,0,1.119889326784,3,Typea,Renault,Mail
2026-01-12 11:00:00,11.928525787340623,3.1312422983616353,0.2625003587354211,0,0,3,0,1.119889326784,3,Typea,Renault,Mail
2026-01-12 12:00:00,11.928525787340623,1.3358628713510476,0.1119889326784,0,0,3,0,1.119889326784,3,Typea,Renault,Mail
2026-01-12 13:00:00,11.928525787340623,1.3358628713510476,0.1119889326784,0,0,3,0,1.119889326784,3,Typea,Renault,Mail
2026-01-12 14:00:00,11.928525787340623,4.296367177115203,0.3601758719987683,0,0,3,0,1.119889326784,3,Typea,Renault,Mail
2026-01-12 15:00:00,11.928525787340623,3.625569443722198,0.3039411163087649,0,0,3,0,1.119889326784,3,Typea,Renault,Mail
2026-01-12 16:00:00,11.928525787340623,1.917907626987158,0.16078329050707796,0,0,3,0,1.119889326784,3,Typea,Renault,Mail
2026-01-12 17:00:00,11.928525787340623,1.3358628713510476,0.1119889326784,0,0,3,0,1.119889326784,3,Typea,Renault,Mail
2026-01-12 18:00:00,11.928525787340623,5.332532978270314,0.44704040326002126,0,0,3,0,1.119889326784,3,Typea,Renault,Mail
2026-01-12 19:00:00,11.928525787340623,4.6183042873428235,0.38716471504333655,0,0,3,0,1.119889326784,3,Typea,Renault,Mail
2026-01-12 20:00:00,0.0,0.0,0.0,1,1,3,80,1.0,3,Typea,Renault,Mail
2026-01-12 21:00:00,0.0,0.0,0.0,1,1,3,80,1.0,3,Typea,Renault,Mail
2026-01-12 22:00:00,0.0,0.0,0.0,1,1,3,80,1.0,3,Typea,Renault,Mail
2026-01-12 23:00:00,0.0,0.0,0.0,1,1,3,80,1.0,3,Typea,Renault,Mail
2026-01-13 00:00:00,0.0,0.0,0.0,1,1,3,80,1.0,3,Typea,Renault,Mail
2026-01-13 01:00:00,0.0,0.0,0.0,1,1,3,80,1.0,3,Typea,Renault,Mail
2026-01-13 02:00:00,0.0,0.0,0.0,1,1,3,80,1.0,3,Typea,Renault,Mail
2026-01-13 03:00:00,0.0,0.0,0.0,1,1,3,80,1.0,3,Typea,Renault,Mail
2026-01-13 04:00:00,0.0,0.0,0.0,1,1,3,80,1.0,3,Typea,Renault,Mail
2026-01-13 05:00:00,0.0,0.0,0.0,1,1,3,80,1.0,3,Typea,Renault,Mail
2026-01-13 06:00:00,0.0,0.0,0.0,1,1,3,80,1.0,3,Typea,Renault,Mail
2026-01-13 07:00:00,0.0,0.0,0.0,1,1,3,80,1.0,3,Typea,Renault,Mail
2026-01-13 08:00:00,0.0,0.0,0.0,1,1,3,80,1.0,3,Typea,Renault,Mail
2026-01-13 09:00:00,10.782608941539369,4.676857014809024,0.43374076164366,0,0,3,0,1.12425024,3,Typea,Renault,Mail
2026-01-13 10:00:00,10.782608941539369,4.730921870016773,0.4387548408429405,0,0,3,0,1.12425024,3,Typea,Renault,Mail
2026-01-13 11:00:00,10.782608941539369,1.9848617184118829,0.18407991323559175,0,0,3,0,1.12425024,3,Typea,Renault,Mail
2026-01-13 12:00:00,10.782608941539369,3.6379988541567174,0.3373950473286238,0,0,3,0,1.12425024,3,Typea,Renault,Mail
2026-01-13 13:00:00,10.782608941539369,2.789327687621748,0.2586876425496641,0,0,3,0,1.12425024,3,Typea,Renault,Mail
2026-01-13 14:00:00,10.782608941539369,4.142471813353591,0.38418084489691184,0,0,3,0,1.12425024,3,Typea,Renault,Mail
2026-01-13 15:00:00,10.782608941539369,1.691118406906395,0.1568375906123666,0,0,3,0,1.12425024,3,Typea,Renault,Mail
2026-01-13 16:00:00,10.782608941539369,1.2122350690351782,0.11242502400000001,0,0,3,0,1.12425024,3,Typea,Renault,Mail
2026-01-13 17:00:00,10.782608941539369,4.314060254787606,0.40009428869927216,0,0,3,0,1.12425024,3,Typea,Renault,Mail
2026-01-13 18:00:00,10.782608941539369,2.168347134710465,0.2010967054881342,0,0,3,0,1.12425024,3,Typea,Renault,Mail
2026-01-13 19:00:00,10.782608941539369,4.85548828828388,0.4503073713058809,0,0,3,0,1.12425024,3,Typea,Renault,Mail
2026-01-13 20:00:00,0.0,0.0,0.0,1,1,3,80,1.0,3,Typea,Renault,Mail
2026-01-13 21:00:00,0.0,0.0,0.0,1,1,3,80,1.0,3,Typea,Renault,Mail
2026-01-13 22:00:00,0.0,0.0,0.0,1,1,3,80,1.0,3,Typea,Renault,Mail
2026-01-13 23:00:00,0.0,0.0,0.0,1,1,3,80,1.0,3,Typea,Renault,Mail
2026-01-14 00:00:00,0.0,0.0,0.0,1,1,3,80,1.0,3,Typea,Renault,Mail
2026-01-14 01:00:00,0.0,0.0,0.0,1,1,3,80,1.0,3,Typea,Renault,Mail
2026-01-14 02:00:00,0.0,0.0,0.0,1,1,3,80,1.0,3,Typea,Renault,Mail
2026-01-14 03:00:00,0.0,0.0,0.0,1,1,3,80,1.0,3,Typea,Renault,Mail
2026-01-14 04:00:00,0.0,0.0,0.0,1,1,3,80,1.0,3,Typea,Renault,Mail
2026-01-14 05:00:00,0.0,0.0,0.0,1,1,3,80,1.0,3,Typea,Renault,Mail
2026-01-14 06:00:00,0.0,0.0,0.0,1,1,3,80,1.0,3,Typea,Renault,Mail
2026-01-14 07:00:00,0.0,0.0,0.0,1,1,3,80,1.0,3,Typea,Renault,Mail
2026-01-14 08:00:00,0.0,0.0,0.0,1,1,3,80,1.0,3,Typea,Renault,Mail
2026-01-14 09:00:00,10.555748642674144,1.4333108182517127,0.13578485683689076,0,0,3,0,1.102475,3,Typea,Renault,Mail
2026-01-14 10:00:00,10.555748642674144,1.163744898483218,0.11024750000000001,0,0,3,0,1.102475,3,Typea,Renault,Mail
2026-01-14 11:00:00,10.555748642674144,1.163744898483218,0.11024750000000001,0,0,3,0,1.102475,3,Typea,Renault,Mail
2026-01-14 12:00:00,10.555748642674144,1.163744898483218,0.11024750000000001,0,0,3,0,1.102475,3,Typea,Renault,Mail
2026-01-14 13:00:00,10.555748642674144,1.163744898483218,0.11024750000000001,0,0,3,0,1.102475,3,Typea,Renault,Mail
2026-01-14 14:00:00,10.555748642674144,3.511513466923168,0.33266361162931,0,0,3,0,1.102475,3,Typea,Renault,Mail
2026-01-14 15:00:00,10.555748642674144,1.163744898483218,0.11024750000000001,0,0,3,0,1.102475,3,Typea,Renault,Mail
2026-01-14 16:00:00,10.555748642674144,3.5203409341215774,0.3334998826980168,0,0,3,0,1.102475,3,Typea,Renault,Mail
2026-01-14 17:00:00,10.555748642674144,1.8778076351931612,0.1778943113140904,0,0,3,0,1.102475,3,Typea,Renault,Mail
2026-01-14 18:00:00,10.555748642674144,3.5198109475475463,0.33344967436206907,0,0,3,0,1.102475,3,Typea,Renault,Mail
2026-01-14 19:00:00,10.555748642674144,1.6438559771840926,0.15573087545287037,0,0,3,0,1.102475,3,Typea,Renault,Mail
2026-01-14 20:00:00,10.555748642674144,3.88922972018679,0.3684466021162769,0,0,3,0,1.102475,3,Typea,Renault,Mail
2026-01-14 21:00:00,10.555748642674144,4.199754491021336,0.3978642001802526,0,0,3,0,1.102475,3,Typea,Renault,Mail
2026-01-14 22:00:00,0.0,0.0,0.0,1,1,3,80,1.0,3,Typea,Renault,Mail
2026-01-14 23:00:00,0.0,0.0,0.0,1,1,3,80,1.0,3,Typea,Renault,Mail
2026-01-01 00:00:00,0.0,0.0,0.0,1,1,4,80,1.0,4,Typea,Renault,Mail
2026-01-01 01:00:00,0.0,0.0,0.0,1,1,4,80,1.0,4,Typea,Renault,Mail
2026-01-01 02:00:00,0.0,0.0,0.0,1,1,4,80,1.0,4,Typea,Renault,Mail
2026-01-01 03:00:00,0.0,0.0,0.0,1,1,4,80,1.0,4,Typea,Renault,Mail
2026-01-01 04:00:00,0.0,0.0,0.0,1,1,4,80,1.0,4,Typea,Renault,Mail
2026-01-01 05:00:00,0.0,0.0,0.0,1,1,4,80,1.0,4,Typea,Renault,Mail
2026-01-01 06:00:00,0.0,0.0,0.0,1,1,4,80,1.0,4,Typea,Renault,Mail
2026-01-01 07:00:00,0.0,0.0,0.0,1,1,4,80,1.0,4,Typea,Renault,Mail
2026-01-01 08:00:00,0.0,0.0,0.0,1,1,4,80,1.0,4,Typea,Renault,Mail
2026-01-01 09:00:00,10.737641347542557,1.2165503671061286,0.11329772784640002,0,0,4,0,1.1329772784640002,4,Typea,Renault,Mail
2026-01-01 10:00:00,10.737641347542557,4.321653611606707,0.4024769939439048,0,0,4,0,1.1329772784640002,4,Typea,Renault,Mail
2026-01-01 11:00:00,10.737641347542557,2.5639086249709497,0.23877763672538124,0,0,4,0,1.1329772784640002,4,Typea,Renault,Mail
2026-01-01 12:00:00,10.737641347542557,3.015304308574442,0.2808162622478103,0,0,4,0,1.1329772784640002,4,Typea,Renault,Mail
2026-01-01 13:00:00,10.737641347542557,1.2165503671061286,0.11329772784640002,0,0,4,0,1.1329772784640002,4,Typea,Renault,Mail
2026-01-01 14:00:00,10.737641347542557,3.3037609925728053,0.3076803262132528,0,0,4,0,1.1329772784640002,4,Typea,Renault,Mail
2026-01-01 15:00:00,10.737641347542557,2.491377929530294,0.23202282967855664,0,0,4,0,1.1329772784640002,4,Typea,Renault,Mail
2026-01-01 16:00:00,10.737641347542557,3.232417886355743,0.3010361197336436,0,0,4,0,1.1329772784640002,4,Typea,Renault,Mail
2026-01-01 17:00:00,10.737641347542557,3.7151336343709604,0.3459915929508314,0,0,4,0,1.1329772784640002,4,Typea,Renault,Mail
2026-01-01 18:00:00,10.737641347542557,1.5832358531135111,0.14744726536017658,0,0,4,0,1.1329772784640002,4,Typea,Renault,Mail
2026-01-01 19:00:00,10.737641347542557,1.2165503671061286,0.11329772784640002,0,0,4,0,1.1329772784640002,4,Typea,Renault,Mail
2026-01-01 20:00:00,10.737641347542557,4.679614995586376,0.435814053023606,0,0,4,0,1.1329772784640002,4,Typea,Renault,Mail
2026-01-01 21:00:00,10.737641347542557,2.516673653822073,0.23437862863598485,0,0,4,0,1.1329772784640002,4,Typea,Renault,Mail
2026-01-01 22:00:00,0.0,0.0,0.0,1,1,4,80,1.0,4,Typea,Renault,Mail
2026-01-01 23:00:00,0.0,0.0,0.0,1,1,4,80,1.0,4,Typea,Renault,Mail
2026-01-02 00:00:00,0.0,0.0,0.0,1,1,4,80,1.0,4,Typea,Renault,Mail
2026-01-02 01:00:00,0.0,0.0,0.0,1,1,4,80,1.0,4,Typea,Renault,Mail
2026-01-02 02:00:00,0.0,0.0,0.0,1,1,4,80,1.0,4,Typea,Renault,Mail
2026-01-02 03:00:00,0.0,0.0,0.0,1,1,4,80,1.0,4,Typea,Renault,Mail
2026-01-02 04:00:00,0.0,0.0,0.0,1,1,4,80,1.0,4,Typea,Renault,Mail
2026-01-02 05:00:00,0.0,0.0,0.0,1,1,4,80,1.0,4,Typea,Renault,Mail
2026-01-02 06:00:00,0.0,0.0,0.0,1,1,4,80,1.0,4,Typea,Renault,Mail
2026-01-02 07:00:00,0.0,0.0,0.0,1,1,4,80,1.0,4,Typea,Renault,Mail
2026-01-02 08:00:00,0.0,0.0,0.0,1,1,4,80,1.0,4,Typea,Renault,Mail
2026-01-02 09:00:00,0.0,0.0,0.0,1,1,4,80,1.0,4,Typea,Renault,Mail
2026-01-02 10:00:00,10.966737113464484,1.5033890546879578,0.1370862672400674,0,0,4,0,1.23259004,4,Typea,Renault,Mail
2026-01-02 11:00:00,10.966737113464484,4.433364516744146,0.40425556579641664,0,0,4,0,1.23259004,4,Typea,Renault,Mail
2026-01-02 12:00:00,10.966737113464484,1.3517490937354675,0.123259004,0,0,4,0,1.23259004,4,Typea,Renault,Mail
2026-01-02 13:00:00,10.966737113464484,3.2644943702575415,0.2976723465222429,0,0,4,0,1.23259004,4,Typea,Renault,Mail
2026-01-02 14:00:00,10.966737113464484,4.464897499096768,0.4071308952609943,0,0,4,0,1.23259004,4,Typea,Renault,Mail
2026-01-02 15:00:00,10.966737113464484,2.6071936769759056,0.23773649810342462,0,0,4,0,1.23259004,4,Typea,Renault,Mail
2026-01-02 16:00:00,10.966737113464484,2.4938108035752906,0.22739770068104376,0,0,4,0,1.23259004,4,Typea,Renault,Mail
2026-01-02 17:00:00,10.966737113464484,4.262816246536863,0.38870415169368494,0,0,4,0,1.23259004,4,Typea,Renault,Mail
2026-01-02 18:00:00,10.966737113464484,1.3517490937354675,0.123259004,0,0,4,0,1.23259004,4,Typea,Renault,Mail
2026-01-02 19:00:00,10.966737113464484,1.5347863523866714,0.13994922432327908,0,0,4,0,1.23259004,4,Typea,Renault,Mail
2026-01-02 20:00:00,10.966737113464484,1.3517490937354675,0.123259004,0,0,4,0,1.23259004,4,Typea,Renault,Mail
2026-01-02 21:00:00,0.0,0.0,0.0,1,1,4,80,1.0,4,Typea,Renault,Mail
2026-01-02 22:00:00,0.0,0.0,0.0,1,1,4,80,1.0,4,Typea,Renault,Mail
2026-01-02 23:00:00,0.0,0.0,0.0,1,1,4,80,1.0,4,Typea,Renault,Mail
2026-01-03 00:00:00,0.0,0.0,0.0,1,1,4,80,1.0,4,Typea,Renault,Mail
2026-01-03 01:00:00,0.0,0.0,0.0,1,1,4,80,1.0,4,Typea,Renault,Mail
2026-01-03 02:00:00,0.0,0.0,0.0,1,1,4,80,1.0,4,Typea,Renault,Mail
2026-01-03 03:00:00,0.0,0.0,0.0,1,1,4,80,1.0,4,Typea,Renault,Mail
2026-01-03 04:00:00,0.0,0.0,0.0,1,1,4,80,1.0,4,Typea,Renault,Mail
2026-01-03 05:00:00,0.0,0.0,0.0,1,1,4,80,1.0,4,Typea,Renault,Mail
2026-01-03 06:00:00,0.0,0.0,0.0,1,1,4,80,1.0,4,Typea,Renault,Mail
2026-01-03 07:00:00,0.0,0.0,0.0,1,1,4,80,1.0,4,Typea,Renault,Mail
2026-01-03 08:00:00,5.726757825148845,2.4123199386365792,0.42123659010740166,0,0,4,0,1.209049010004,4,Typea,Renault,Mail
2026-01-03 09:00:00,5.726757825148845,1.2771126619676518,0.2230079743130151,0,0,4,0,1.209049010004,4,Typea,Renault,Mail
2026-01-03 10:00:00,5.726757825148845,0.6923930879028872,0.1209049010004,0,0,4,0,1.209049010004,4,Typea,Renault,Mail
2026-01-03 11:00:00,5.726757825148845,0.6923930879028872,0.1209049010004,0,0,4,0,1.209049010004,4,Typea,Renault,Mail
2026-01-03 12:00:00,5.726757825148845,1.7368508627705568,0.3032869410232855,0,0,4,0,1.209049010004,4,Typea,Renault,Mail
2026-01-03 13:00:00,5.726757825148845,0.6923930879028872,0.1209049010004,0,0,4,0,1.209049010004,4,Typea,Renault,Mail
2026-01-03 14:00:00,5.726757825148845,0.6923930879028872,0.1209049010004,0,0,4,0,1.209049010004,4,Typea,Renault,Mail
2026-01-03 15:00:00,5.726757825148845,1.0778207529826005,0.188207845676552,0,0,4,0,1.209049010004,4,Typea,Renault,Mail
2026-01-03 16:00:00,5.726757825148845,1.3884261503331705,0.24244541025219335,0,0,4,0,1.209049010004,4,Typea,Renault,Mail
2026-01-03 17:00:00,5.726757825148845,0.6923930879028872,0.1209049010004,0,0,4,0,1.209049010004,4,Typea,Renault,Mail
2026-01-03 18:00:00,5.726757825148845,2.1787341093285795,0.38044809573765265,0,0,4,0,1.209049010004,4,Typea,Renault,Mail
2026-01-03 19:00:00,5.726757825148845,0.7416013677913966,0.12949759539938666,0,0,4,0,1.209049010004,4,Typea,Renault,Mail
2026-01-03 20:00:00,5.726757825148845,0.6923930879028872,0.1209049010004,0,0,4,0,1.209049010004,4,Typea,Renault,Mail
2026-01-03 21:00:00,5.726757825148845,2.9864446492527836,0.5214896003001772,0,0,4,0,1.209049010004,4,Typea,Renault,Mail
2026-01-03 22:00:00,0.0,0.0,0.0,1,1,4,80,1.0,4,Typea,Renault,Mail
2026-01-03 23:00:00,0.0,0.0,0.0,1,1,4,80,1.0,4,Typea,Renault,Mail
2026-01-04 00:00:00,0.0,0.0,0.0,1,1,4,80,1.0,4,Typea,Renault,Mail
2026-01-04 01:00:00,0.0,0.0,0.0,1,1,4,80,1.0,4,Typea,Renault,Mail
2026-01-04 02:00:00,0.0,0.0,0.0,1,1,4,80,1.0,4,Typea,Renault,Mail
2026-01-04 03:00:00,0.0,0.0,0.0,1,1,4,80,1.0,4,Typea,Renault,Mail
2026-01-04 04:00:00,0.0,0.0,0.0,1,1,4,80,1.0,4,Typea,Renault,Mail
2026-01-04 05:00:00,0.0,0.0,0.0,1,1,4,80,1.0,4,Typea,Renault,Mail
2026-01-04 06:00:00,0.0,0.0,0.0,1,1,4,80,1.0,4,Typea,Renault,Mail
2026-01-04 07:00:00,0.0,0.0,0.0,1,1,4,80,1.0,4,Typea,Renault,Mail
2026-01-04 08:00:00,5.230150983258837,1.5933972248748254,0.30465606633061304,0,0,4,0,1.3050301525,4,Typea,Renault,Mail
2026-01-04 09:00:00,5.230150983258837,1.1748163202319535,0.22462378695995908,0,0,4,0,1.3050301525,4,Typea,Renault,Mail
2026-01-04 10:00:00,5.230150983258837,0.6825504735280307,0.13050301525000002,0,0,4,0,1.3050301525,4,Typea,Renault,Mail
2026-01-04 11:00:00,5.230150983258837,1.4965357271319346,0.2861362381166792,0,0,4,0,1.3050301525,4,Typea,Renault,Mail
2026-01-04 12:00:00,5.230150983258837,2.7402995968522044,0.5239427323653973,0,0,4,0,1.3050301525,4,Typea,Renault,Mail
2026-01-04 13:00:00,5.230150983258837,0.6825504735280307,0.13050301525000002,0,0,4,0,1.3050301525,4,Typea,Renault,Mail
2026-01-04 14:00:00,5.230150983258837,2.5813702253252897,0.4935555844540596,0,0,4,0,1.3050301525,4,Typea,Renault,Mail
2026-01-04 15:00:00,5.230150983258837,0.9564915558189473,0.18288029521147212,0,0,4,0,1.3050301525,4,Typea,Renault,Mail
2026-01-04 16:00:00,5.230150983258837,0.6864752472721574,0.13125342833686685,0,0,4,0,1.3050301525,4,Typea,Renault,Mail
2026-01-04 17:00:00,5.230150983258837,0.9110503340448324,0.17419197590299182,0,0,4,0,1.3050301525,4,Typea,Renault,Mail
2026-01-04 18:00:00,5.230150983258837,1.702132323750574,0.3254461160297132,0,0,4,0,1.3050301525,4,Typea,Renault,Mail
2026-01-04 19:00:00,5.230150983258837,2.569698578828135,0.49132397650726906,0,0,4,0,1.3050301525,4,Typea,Renault,Mail
2026-01-04 20:00:00,5.230150983258837,0.6825504735280307,0.13050301525000002,0,0,4,0,1.3050301525,4,Typea,Renault,Mail
2026-01-04 21:00:00,0.0,0.0,0.0,1,1,4,80,1.0,4,Typea,Renault,Mail
2026-01-04 22:00:00,0.0,0.0,0.0,1,1,4,80,1.0,4,Typea,Renault,Mail
2026-01-04 23:00:00,0.0,0.0,0.0,1,1,4,80,1.0,4,Typea,Renault,Mail
2026-01-05 00:00:00,0.0,0.0,0.0,1,1,4,80,1.0,4,Typea,Renault,Mail
2026-01-05 01:00:00,0.0,0.0,0.0,1,1,4,80,1.0,4,Typea,Renault,Mail
2026-01-05 02:00:00,0.0,0.0,0.0,1,1,4,80,1.0,4,Typea,Renault,Mail
2026-01-05 03:00:00,0.0,0.0,0.0,1,1,4,80,1.0,4,Typea,Renault,Mail
2026-01-05 04:00:00,0.0,0.0,0.0,1,1,4,80,1.0,4,Typea,Renault,Mail
2026-01-05 05:00:00,0.0,0.0,0.0,1,1,4,80,1.0,4,Typea,Renault,Mail
2026-01-05 06:00:00,0.0,0.0,0.0,1,1,4,80,1.0,4,Typea,Renault,Mail
2026-01-05 07:00:00,0.0,0.0,0.0,1,1,4,80,1.0,4,Typea,Renault,Mail
2026-01-05 08:00:00,0.0,0.0,0.0,1,1,4,80,1.0,4,Typea,Renault,Mail
2026-01-05 09:00:00,9.212322699006732,1.1296127796053044,0.12261975796040002,0,0,4,0,1.226197579604,4,Typea,Renault,Mail
2026-01-05 10:00:00,9.212322699006732,2.334042607498017,0.2533609257684462,0,0,4,0,1.226197579604,4,Typea,Renault,Mail
2026-01-05 11:00:00,9.212322699006732,5.083257508223871,0.5517889108218,0,0,4,0,1.226197579604,4,Typea,Renault,Mail
2026-01-05 12:00:00,9.212322699006732,1.4710115426827823,0.15967868156001375,0,0,4,0,1.226197579604,4,Typea,Renault,Mail
2026-01-05 13:00:00,9.212322699006732,2.2930048924386175,0.2489062712366609,0,0,4,0,1.226197579604,4,Typea,Renault,Mail
2026-01-05 14:00:00,9.212322699006732,2.871797578974316,0.3117343663269581,0,0,4,0,1.226197579604,4,Typea,Renault,Mail
2026-01-05 15:00:00,9.212322699006732,1.8401382165682887,0.1997474770143138,0,0,4,0,1.226197579604,4,Typea,Renault,Mail
2026-01-05 16:00:00,9.212322699006732,3.1004681603839073,0.3365566167930915,0,0,4,0,1.226197579604,4,Typea,Renault,Mail
2026-01-05 17:00:00,9.212322699006732,1.1296127796053044,0.12261975796040002,0,0,4,0,1.226197579604,4,Typea,Renault,Mail
2026-01-05 18:00:00,9.212322699006732,3.5876661518322965,0.3894420841574641,0,0,4,0,1.226197579604,4,Typea,Renault,Mail
2026-01-05 19:00:00,9.212322699006732,3.76658951209158,0.4088642609640337,0,0,4,0,1.226197579604,4,Typea,Renault,Mail
2026-01-05 20:00:00,9.212322699006732,1.1296127796053044,0.12261975796040002,0,0,4,0,1.226197579604,4,Typea,Renault,Mail
2026-01-05 21:00:00,0.0,0.0,0.0,1,1,4,80,1.0,4,Typea,Renault,Mail
2026-01-05 22:00:00,0.0,0.0,0.0,1,1,4,80,1.0,4,Typea,Renault,Mail
2026-01-05 23:00:00,0.0,0.0,0.0,1,1,4,80,1.0,4,Typea,Renault,Mail
2026-01-06 00:00:00,0.0,0.0,0.0,1,1,4,80,1.0,4,Typea,Renault,Mail
2026-01-06 01:00:00,0.0,0.0,0.0,1,1,4,80,1.0,4,Typea,Renault,Mail
2026-01-06 02:00:00,0.0,0.0,0.0,1,1,4,80,1.0,4,Typea,Renault,Mail
2026-01-06 03:00:00,0.0,0.0,0.0,1,1,4,80,1.0,4,Typea,Renault,Mail
2026-01-06 04:00:00,0.0,0.0,0.0,1,1,4,80,1.0,4,Typea,Renault,Mail
2026-01-06 05:00:00,0.0,0.0,0.0,1,1,4,80,1.0,4,Typea,Renault,Mail
2026-01-06 06:00:00,0.0,0.0,0.0,1,1,4,80,1.0,4,Typea,Renault,Mail
2026-01-06 07:00:00,0.0,0.0,0.0,1,1,4,80,1.0,4,Typea,Renault,Mail
2026-01-06 08:00:00,0.0,0.0,0.0,1,1,4,80,1.0,4,Typea,Renault,Mail
2026-01-06 09:00:00,13.54287805104408,8.027790025369946,0.5927683905232425,0,0,4,0,1.3306301459840002,4,Typea,Renault,Mail
2026-01-06 10:00:00,13.54287805104408,1.8020561798104298,0.13306301459840003,0,0,4,0,1.3306301459840002,4,Typea,Renault,Mail
2026-01-06 11:00:00,13.54287805104408,1.8020561798104298,0.13306301459840003,0,0,4,0,1.3306301459840002,4,Typea,Renault,Mail
2026-01-06 12:00:00,13.54287805104408,5.984315937928819,0.4418791866376927,0,0,4,0,1.3306301459840002,4,Typea,Renault,Mail
2026-01-06 13:00:00,13.54287805104408,4.494443076402649,0.3318676472949672,0,0,4,0,1.3306301459840002,4,Typea,Renault,Mail
2026-01-06 14:00:00,13.54287805104408,7.335668352417127,0.541662438720076,0,0,4,0,1.3306301459840002,4,Typea,Renault,Mail
2026-01-06 15:00:00,13.54287805104408,1.8020561798104298,0.13306301459840003,0,0,4,0,1.3306301459840002,4,Typea,Renault,Mail
2026-01-06 16:00:00,13.54287805104408,4.9990765260680625,0.36912955335093356,0,0,4,0,1.3306301459840002,4,Typea,Renault,Mail
2026-01-06 17:00:00,13.54287805104408,1.8020561798104298,0.13306301459840003,0,0,4,0,1.3306301459840002,4,Typea,Renault,Mail
2026-01-06 18:00:00,13.54287805104408,4.571138144936207,0.33753077652381275,0,0,4,0,1.3306301459840002,4,Typea,Renault,Mail
2026-01-06 19:00:00,0.0,0.0,0.0,1,1,4,80,1.0,4,Typea,Renault,Mail
2026-01-06 20:00:00,0.0,0.0,0.0,1,1,4,80,1.0,4,Typea,Renault,Mail
2026-01-06 21:00:00,0.0,0.0,0.0,1,1,4,80,1.0,4,Typea,Renault,Mail
2026-01-06 22:00:00,0.0,0.0,0.0,1,1,4,80,1.0,4,Typea,Renault,Mail
2026-01-06 23:00:00,0.0,0.0,0.0,1,1,4,80,1.0,4,Typea,Renault,Mail
2026-01-07 00:00:00,0.0,0.0,0.0,1,1,4,80,1.0,4,Typea,Renault,Mail
2026-01-07 01:00:00,0.0,0.0,0.0,1,1,4,80,1.0,4,Typea,Renault,Mail
2026-01-07 02:00:00,0.0,0.0,0.0,1,1,4,80,1.0,4,Typea,Renault,Mail
2026-01-07 03:00:00,0.0,0.0,0.0,1,1,4,80,1.0,4,Typea,Renault,Mail
2026-01-07 04:00:00,0.0,0.0,0.0,1,1,4,80,1.0,4,Typea,Renault,Mail
2026-01-07 05:00:00,0.0,0.0,0.0,1,1,4,80,1.0,4,Typea,Renault,Mail
2026-01-07 06:00:00,0.0,0.0,0.0,1,1,4,80,1.0,4,Typea,Renault,Mail
2026-01-07 07:00:00,0.0,0.0,0.0,1,1,4,80,1.0,4,Typea,Renault,Mail
2026-01-07 08:00:00,0.0,0.0,0.0,1,1,4,80,1.0,4,Typea,Renault,Mail
2026-01-07 09:00:00,10.217151782598851,3.887099666779444,0.38044846053864884,0,0,4,0,1.282756305344,4,Typea,Renault,Mail
2026-01-07 10:00:00,10.217151782598851,3.486481476942956,0.3412381014913463,0,0,4,0,1.282756305344,4,Typea,Renault,Mail
2026-01-07 11:00:00,10.217151782598851,1.3106115871785369,0.12827563053440003,0,0,4,0,1.282756305344,4,Typea,Renault,Mail
2026-01-07 12:00:00,10.217151782598851,3.5072816375266145,0.34327390961343796,0,0,4,0,1.282756305344,4,Typea,Renault,Mail
2026-01-07 13:00:00,10.217151782598851,2.2686066353123495,0.2220390460652727,0,0,4,0,1.282756305344,4,Typea,Renault,Mail
2026-01-07 14:00:00,10.217151782598851,5.597278977041498,0.5478316360704749,0,0,4,0,1.282756305344,4,Typea,Renault,Mail
2026-01-07 15:00:00,10.217151782598851,4.43749826625008,0.4343185224876195,0,0,4,0,1.282756305344,4,Typea,Renault,Mail
2026-01-07 16:00:00,10.217151782598851,2.2225146996079808,0.21752781468835716,0,0,4,0,1.282756305344,4,Typea,Renault,Mail
2026-01-07 17:00:00,10.217151782598851,1.3106115871785369,0.12827563053440003,0,0,4,0,1.282756305344,4,Typea,Renault,Mail
2026-01-07 18:00:00,10.217151782598851,1.4437911097288396,0.14131052767443517,0,0,4,0,1.282756305344,4,Typea,Renault,Mail
2026-01-07 19:00:00,10.217151782598851,1.9490616655504176,0.19076369882944533,0,0,4,0,1.282756305344,4,Typea,Renault,Mail
2026-01-07 20:00:00,10.217151782598851,1.3106115871785369,0.12827563053440003,0,0,4,0,1.282756305344,4,Typea,Renault,Mail
2026-01-07 21:00:00,10.217151782598851,3.674668551368626,0.35965684268555825,0,0,4,0,1.282756305344,4,Typea,Renault,Mail
2026-01-07 22:00:00,0.0,0.0,0.0,1,1,4,80,1.0,4,Typea,Renault,Mail
2026-01-07 23:00:00,0.0,0.0,0.0,1,1,4,80,1.0,4,Typea,Renault,Mail
2026-01-08 00:00:00,0.0,0.0,0.0,1,1,4,80,1.0,4,Typea,Renault,Mail
2026-01-08 01:00:00,0.0,0.0,0.0,1,1,4,80,1.0,4,Typea,Renault,Mail
2026-01-08 02:00:00,0.0,0.0,0.0,1,1,4,80,1.0,4,Typea,Renault,Mail
2026-01-08 03:00:00,0.0,0.0,0.0,1,1,4,80,1.0,4,Typea,Renault,Mail
2026-01-08 04:00:00,0.0,0.0,0.0,1,1,4,80,1.0,4,Typea,Renault,Mail
2026-01-08 05:00:00,0.0,0.0,0.0,1,1,4,80,1.0,4,Typea,Renault,Mail
2026-01-08 06:00:00,0.0,0.0,0.0,1,1,4,80,1.0,4,Typea,Renault,Mail
2026-01-08 07:00:00,9.581694634049583,1.2139373909401874,0.12669339164977458,0,0,4,0,1.176585222144,4,Typea,Renault,Mail
2026-01-08 08:00:00,9.581694634049583,2.9727891241008937,0.3102571348430128,0,0,4,0,1.176585222144,4,Typea,Renault,Mail
2026-01-08 09:00:00,9.581694634049583,4.4201750157710515,0.46131453616393536,0,0,4,0,1.176585222144,4,Typea,Renault,Mail
2026-01-08 10:00:00,9.581694634049583,4.7179830781036145,0.4923954747355185,0,0,4,0,1.176585222144,4,Typea,Renault,Mail
2026-01-08 11:00:00,9.581694634049583,5.073156139283641,0.5294633499648,0,0,4,0,1.176585222144,4,Typea,Renault,Mail
2026-01-08 12:00:00,9.581694634049583,1.1273680309519203,0.11765852221440001,0,0,4,0,1.176585222144,4,Typea,Renault,Mail
2026-01-08 13:00:00,9.581694634049583,1.1273680309519203,0.11765852221440001,0,0,4,0,1.176585222144,4,Typea,Renault,Mail
2026-01-08 14:00:00,9.581694634049583,1.4352165012549938,0.1497873347116279,0,0,4,0,1.176585222144,4,Typea,Renault,Mail
2026-01-08 15:00:00,9.581694634049583,1.2953224015426439,0.13518719297728155,0,0,4,0,1.176585222144,4,Typea,Renault,Mail
2026-01-08 16:00:00,9.581694634049583,1.5495634689921232,0.16172123284805828,0,0,4,0,1.176585222144,4,Typea,Renault,Mail
2026-01-08 17:00:00,9.581694634049583,2.294929518248735,0.23951186151283257,0,0,4,0,1.176585222144,4,Typea,Renault,Mail
2026-01-08 18:00:00,9.581694634049583,3.0448135966318635,0.31777401732380306,0,0,4,0,1.176585222144,4,Typea,Renault,Mail
2026-01-08 19:00:00,9.581694634049583,5.073156139283641,0.5294633499648,0,0,4,0,1.176585222144,4,Typea,Renault,Mail
2026-01-08 20:00:00,9.581694634049583,2.4198884427005676,0.25255328364371304,0,0,4,0,1.176585222144,4,Typea,Renault,Mail
2026-01-08 21:00:00,9.581694634049583,2.6493366424559355,0.2764997992151861,0,0,4,0,1.176585222144,4,Typea,Renault,Mail
2026-01-08 22:00:00,0.0,0.0,0.0,1,1,4,80,1.0,4,Typea,Renault,Mail
2026-01-08 23:00:00,0.0,0.0,0.0,1,1,4,80,1.0,4,Typea,Renault,Mail
2026-01-09 00:00:00,0.0,0.0,0.0,1,1,4,80,1.0,4,Typea,Renault,Mail
2026-01-09 01:00:00,0.0,0.0,0.0,1,1,4,80,1.0,4,Typea,Renault,Mail
2026-01-09 02:00:00,0.0,0.0,0.0,1,1,4,80,1.0,4,Typea,Renault,Mail
2026-01-09 03:00:00,0.0,0.0,0.0,1,1,4,80,1.0,4,Typea,Renault,Mail
2026-01-09 04:00:00,0.0,0.0,0.0,1,1,4,80,1.0,4,Typea,Renault,Mail
2026-01-09 05:00:00,0.0,0.0,0.0,1,1,4,80,1.0,4,Typea,Renault,Mail
2026-01-09 06:00:00,0.0,0.0,0.0,1,1,4,80,1.0,4,Typea,Renault,Mail
2026-01-09 07:00:00,7.678598994332037,0.8733196096313638,0.1137342385344,0,0,4,0,1.137342385344,4,Typea,Renault,Mail
2026-01-09 08:00:00,7.678598994332037,1.8708311854783122,0.24364225646622092,0,0,4,0,1.137342385344,4,Typea,Renault,Mail
2026-01-09 09:00:00,7.678598994332037,2.743460253974237,0.3572865643848993,0,0,4,0,1.137342385344,4,Typea,Renault,Mail
2026-01-09 10:00:00,7.678598994332037,3.806462293526383,0.4957235423201714,0,0,4,0,1.137342385344,4,Typea,Renault,Mail
2026-01-09 11:00:00,7.678598994332037,2.5776784515610607,0.33569645367127204,0,0,4,0,1.137342385344,4,Typea,Renault,Mail
2026-01-09 12:00:00,7.678598994332037,0.8733196096313638,0.1137342385344,0,0,4,0,1.137342385344,4,Typea,Renault,Mail
2026-01-09 13:00:00,7.678598994332037,0.8733196096313638,0.1137342385344,0,0,4,0,1.137342385344,4,Typea,Renault,Mail
2026-01-09 14:00:00,7.678598994332037,1.0586678455019216,0.13787252678299494,0,0,4,0,1.137342385344,4,Typea,Renault,Mail
2026-01-09 15:00:00,7.678598994332037,2.6841197302883453,0.3495585239272984,0,0,4,0,1.137342385344,4,Typea,Renault,Mail
2026-01-09 16:00:00,7.678598994332037,2.3634205776646877,0.30779320282375056,0,0,4,0,1.137342385344,4,Typea,Renault,Mail
2026-01-09 17:00:00,7.678598994332037,2.3644950382071244,0.3079331320664718,0,0,4,0,1.137342385344,4,Typea,Renault,Mail
2026-01-09 18:00:00,7.678598994332037,0.8733196096313638,0.1137342385344,0,0,4,0,1.137342385344,4,Typea,Renault,Mail
2026-01-09 19:00:00,7.678598994332037,0.8733196096313638,0.1137342385344,0,0,4,0,1.137342385344,4,Typea,Renault,Mail
2026-01-09 20:00:00,7.678598994332037,2.4512077548223887,0.319225910433889,0,0,4,0,1.137342385344,4,Typea,Renault,Mail
2026-01-09 21:00:00,0.0,0.0,0.0,1,1,4,80,1.0,4,Typea,Renault,Mail
2026-01-09 22:00:00,0.0,0.0,0.0,1,1,4,80,1.0,4,Typea,Renault,Mail
2026-01-09 23:00:00,0.0,0.0,0.0,1,1,4,80,1.0,4,Typea,Renault,Mail
2026-01-10 00:00:00,0.0,0.0,0.0,1,1,4,80,1.0,4,Typea,Renault,Mail
2026-01-10 01:00:00,0.0,0.0,0.0,1,1,4,80,1.0,4,Typea,Renault,Mail
2026-01-10 02:00:00,0.0,0.0,0.0,1,1,4,80,1.0,4,Typea,Renault,Mail
2026-01-10 03:00:00,0.0,0.0,0.0,1,1,4,80,1.0,4,Typea,Renault,Mail
2026-01-10 04:00:00,0.0,0.0,0.0,1,1,4,80,1.0,4,Typea,Renault,Mail
2026-01-10 05:00:00,0.0,0.0,0.0,1,1,4,80,1.0,4,Typea,Renault,Mail
2026-01-10 06:00:00,0.0,0.0,0.0,1,1,4,80,1.0,4,Typea,Renault,Mail
2026-01-10 07:00:00,0.0,0.0,0.0,1,1,4,80,1.0,4,Typea,Renault,Mail
2026-01-10 08:00:00,0.0,0.0,0.0,1,1,4,80,1.0,4,Typea,Renault,Mail
2026-01-10 09:00:00,3.1113526446730417,0.3701296344083604,0.11896100400000001,0,0,4,0,1.18961004,4,Typea,Renault,Mail
2026-01-10 10:00:00,3.1113526446730417,1.250582694295493,0.40194180381212014,0,0,4,0,1.18961004,4,Typea,Renault,Mail
2026-01-10 11:00:00,3.1113526446730417,0.45361258951417605,0.14579272789627618,0,0,4,0,1.18961004,4,Typea,Renault,Mail
2026-01-10 12:00:00,3.1113526446730417,0.6672409974361682,0.21445367132477058,0,0,4,0,1.18961004,4,Typea,Renault,Mail
2026-01-10 13:00:00,3.1113526446730417,0.6932650301401315,0.2228178896169398,0,0,4,0,1.18961004,4,Typea,Renault,Mail
2026-01-10 14:00:00,3.1113526446730417,0.8709251411212516,0.27991849223917636,0,0,4,0,1.18961004,4,Typea,Renault,Mail
2026-01-10 15:00:00,3.1113526446730417,1.2904606379476797,0.4147587192204271,0,0,4,0,1.18961004,4,Typea,Renault,Mail
2026-01-10 16:00:00,3.1113526446730417,0.3701296344083604,0.11896100400000001,0,0,4,0,1.18961004,4,Typea,Renault,Mail
2026-01-10 17:00:00,3.1113526446730417,1.0061208984570649,0.32337089792108525,0,0,4,0,1.18961004,4,Typea,Renault,Mail
2026-01-10 18:00:00,3.1113526446730417,0.3701296344083604,0.11896100400000001,0,0,4,0,1.18961004,4,Typea,Renault,Mail
2026-01-10 19:00:00,3.1113526446730417,0.5714177422068901,0.18365573030920057,0,0,4,0,1.18961004,4,Typea,Renault,Mail
2026-01-10 20:00:00,0.0,0.0,0.0,1,1,4,80,1.0,4,Typea,Renault,Mail
2026-01-10 21:00:00,0.0,0.0,0.0,1,1,4,80,1.0,4,Typea,Renault,Mail
2026-01-10 22:00:00,0.0,0.0,0.0,1,1,4,80,1.0,4,Typea,Renault,Mail
2026-01-10 23:00:00,0.0,0.0,0.0,1,1,4,80,1.0,4,Typea,Renault,Mail
2026-01-11 00:00:00,0.0,0.0,0.0,1,1,4,80,1.0,4,Typea,Renault,Mail
2026-01-11 01:00:00,0.0,0.0,0.0,1,1,4,80,1.0,4,Typea,Renault,Mail
2026-01-11 02:00:00,0.0,0.0,0.0,1,1,4,80,1.0,4,Typea,Renault,Mail
2026-01-11 03:00:00,0.0,0.0,0.0,1,1,4,80,1.0,4,Typea,Renault,Mail
2026-01-11 04:00:00,0.0,0.0,0.0,1,1,4,80,1.0,4,Typea,Renault,Mail
2026-01-11 05:00:00,0.0,0.0,0.0,1,1,4,80,1.0,4,Typea,Renault,Mail
2026-01-11 06:00:00,0.0,0.0,0.0,1,1,4,80,1.0,4,Typea,Renault,Mail
2026-01-11 07:00:00,6.430451964547645,1.664153502352985,0.2587926185480885,0,0,4,0,1.122069513044,4,Typea,Renault,Mail
2026-01-11 08:00:00,6.430451964547645,0.721541410451281,0.1122069513044,0,0,4,0,1.122069513044,4,Typea,Renault,Mail
2026-01-11 09:00:00,6.430451964547645,0.721541410451281,0.1122069513044,0,0,4,0,1.122069513044,4,Typea,Renault,Mail
2026-01-11 10:00:00,6.430451964547645,1.3342477178850596,0.20748894871480753,0,0,4,0,1.122069513044,4,Typea,Renault,Mail
2026-01-11 11:00:00,6.430451964547645,3.246936347030764,0.5049312808698,0,0,4,0,1.122069513044,4,Typea,Renault,Mail
2026-01-11 12:00:00,6.430451964547645,0.721541410451281,0.1122069513044,0,0,4,0,1.122069513044,4,Typea,Renault,Mail
2026-01-11 13:00:00,6.430451964547645,1.527683730155,0.2375701954664187,0,0,4,0,1.122069513044,4,Typea,Renault,Mail
2026-01-11 14:00:00,6.430451964547645,0.721541410451281,0.1122069513044,0,0,4,0,1.122069513044,4,Typea,Renault,Mail
2026-01-11 15:00:00,6.430451964547645,0.7757273267907367,0.12063340665127041,0,0,4,0,1.122069513044,4,Typea,Renault,Mail
2026-01-11 16:00:00,6.430451964547645,1.4176093712012283,0.2204525248018008,0,0,4,0,1.122069513044,4,Typea,Renault,Mail
2026-01-11 17:00:00,6.430451964547645,1.5704717703938853,0.24422416636532035,0,0,4,0,1.122069513044,4,Typea,Renault,Mail
2026-01-11 18:00:00,6.430451964547645,1.2446582693200987,0.19355688778675997,0,0,4,0,1.122069513044,4,Typea,Renault,Mail
2026-01-11 19:00:00,6.430451964547645,2.0809928302280905,0.32361532932693005,0,0,4,0,1.122069513044,4,Typea,Renault,Mail
2026-01-11 20:00:00,6.430451964547645,1.8375438534502548,0.2857565632370785,0,0,4,0,1.122069513044,4,Typea,Renault,Mail
2026-01-11 21:00:00,0.0,0.0,0.0,1,1,4,80,1.0,4,Typea,Renault,Mail
2026-01-11 22:00:00,0.0,0.0,0.0,1,1,4,80,1.0,4,Typea,Renault,Mail
2026-01-11 23:00:00,0.0,0.0,0.0,1,1,4,80,1.0,4,Typea,Renault,Mail
2026-01-12 00:00:00,0.0,0.0,0.0,1,1,4,80,1.0,4,Typea,Renault,Mail
2026-01-12 01:00:00,0.0,0.0,0.0,1,1,4,80,1.0,4,Typea,Renault,Mail
2026-01-12 02:00:00,0.0,0.0,0.0,1,1,4,80,1.0,4,Typea,Renault,Mail
2026-01-12 03:00:00,0.0,0.0,0.0,1,1,4,80,1.0,4,Typea,Renault,Mail
2026-01-12 04:00:00,0.0,0.0,0.0,1,1,4,80,1.0,4,Typea,Renault,Mail
2026-01-12 05:00:00,0.0,0.0,0.0,1,1,4,80,1.0,4,Typea,Renault,Mail
2026-01-12 06:00:00,0.0,0.0,0.0,1,1,4,80,1.0,4,Typea,Renault,Mail
2026-01-12 07:00:00,0.0,0.0,0.0,1,1,4,80,1.0,4,Typea,Renault,Mail
2026-01-12 08:00:00,9.223307424493857,1.0981827168319467,0.11906604282923065,0,0,4,0,1.119889326784,4,Typea,Renault,Mail
2026-01-12 09:00:00,9.223307424493857,1.3121122193969146,0.14226048845692885,0,0,4,0,1.119889326784,4,Typea,Renault,Mail
2026-01-12 10:00:00,9.223307424493857,2.371979227920948,0.2571723047658377,0,0,4,0,1.119889326784,4,Typea,Renault,Mail
2026-01-12 11:00:00,9.223307424493857,3.396136091536109,0.36821239228318114,0,0,4,0,1.119889326784,4,Typea,Renault,Mail
2026-01-12 12:00:00,9.223307424493857,1.0329083542338295,0.1119889326784,0,0,4,0,1.119889326784,4,Typea,Renault,Mail
2026-01-12 13:00:00,9.223307424493857,1.03320450573883,0.11202104171384361,0,0,4,0,1.119889326784,4,Typea,Renault,Mail
2026-01-12 14:00:00,9.223307424493857,1.0329083542338295,0.1119889326784,0,0,4,0,1.119889326784,4,Typea,Renault,Mail
2026-01-12 15:00:00,9.223307424493857,1.0329083542338295,0.1119889326784,0,0,4,0,1.119889326784,4,Typea,Renault,Mail
2026-01-12 16:00:00,9.223307424493857,1.3139514226829943,0.1424598966736815,0,0,4,0,1.119889326784,4,Typea,Renault,Mail
2026-01-12 17:00:00,9.223307424493857,1.0329083542338295,0.1119889326784,0,0,4,0,1.119889326784,4,Typea,Renault,Mail
2026-01-12 18:00:00,9.223307424493857,2.4370004023140237,0.26422196400417153,0,0,4,0,1.119889326784,4,Typea,Renault,Mail
2026-01-12 19:00:00,9.223307424493857,1.0329083542338295,0.1119889326784,0,0,4,0,1.119889326784,4,Typea,Renault,Mail
2026-01-12 20:00:00,9.223307424493857,2.1056711224708424,0.22829891985156228,0,0,4,0,1.119889326784,4,Typea,Renault,Mail
2026-01-12 21:00:00,0.0,0.0,0.0,1,1,4,80,1.0,4,Typea,Renault,Mail
2026-01-12 22:00:00,0.0,0.0,0.0,1,1,4,80,1.0,4,Typea,Renault,Mail
2026-01-12 23:00:00,0.0,0.0,0.0,1,1,4,80,1.0,4,Typea,Renault,Mail
2026-01-13 00:00:00,0.0,0.0,0.0,1,1,4,80,1.0,4,Typea,Renault,Mail
2026-01-13 01:00:00,0.0,0.0,0.0,1,1,4,80,1.0,4,Typea,Renault,Mail
2026-01-13 02:00:00,0.0,0.0,0.0,1,1,4,80,1.0,4,Typea,Renault,Mail
2026-01-13 03:00:00,0.0,0.0,0.0,1,1,4,80,1.0,4,Typea,Renault,Mail
2026-01-13 04:00:00,0.0,0.0,0.0,1,1,4,80,1.0,4,Typea,Renault,Mail
2026-01-13 05:00:00,0.0,0.0,0.0,1,1,4,80,1.0,4,Typea,Renault,Mail
2026-01-13 06:00:00,0.0,0.0,0.0,1,1,4,80,1.0,4,Typea,Renault,Mail
2026-01-13 07:00:00,0.0,0.0,0.0,1,1,4,80,1.0,4,Typea,Renault,Mail
2026-01-13 08:00:00,0.0,0.0,0.0,1,1,4,80,1.0,4,Typea,Renault,Mail
2026-01-13 09:00:00,10.5126138534154,5.3184638914783156,0.505912608,0,0,4,0,1.12425024,4,Typea,Renault,Mail
2026-01-13 10:00:00,10.5126138534154,1.1818808647729588,0.11242502400000001,0,0,4,0,1.12425024,4,Typea,Renault,Mail
2026-01-13 11:00:00,10.5126138534154,4.273736208925453,0.40653411877551043,0,0,4,0,1.12425024,4,Typea,Renault,Mail
2026-01-13 12:00:00,10.5126138534154,1.5872622109687138,0.15098644667263553,0,0,4,0,1.12425024,4,Typea,Renault,Mail
2026-01-13 13:00:00,10.5126138534154,2.0931615680506055,0.19910952663504963,0,0,4,0,1.12425024,4,Typea,Renault,Mail
2026-01-13 14:00:00,10.5126138534154,1.1818808647729588,0.11242502400000001,0,0,4,0,1.12425024,4,Typea,Renault,Mail
2026-01-13 15:00:00,10.5126138534154,3.2804153248142796,0.3120456406518269,0,0,4,0,1.12425024,4,Typea,Renault,Mail
2026-01-13 16:00:00,10.5126138534154,1.1818808647729588,0.11242502400000001,0,0,4,0,1.12425024,4,Typea,Renault,Mail
2026-01-13 17:00:00,10.5126138534154,4.303774027055046,0.4093914308149738,0,0,4,0,1.12425024,4,Typea,Renault,Mail
2026-01-13 18:00:00,10.5126138534154,1.1818808647729588,0.11242502400000001,0,0,4,0,1.12425024,4,Typea,Renault,Mail
2026-01-13 19:00:00,10.5126138534154,2.59601597064289,0.24694295889118775,0,0,4,0,1.12425024,4,Typea,Renault,Mail
2026-01-13 20:00:00,10.5126138534154,1.1818808647729588,0.11242502400000001,0,0,4,0,1.12425024,4,Typea,Renault,Mail
2026-01-13 21:00:00,0.0,0.0,0.0,1,1,4,80,1.0,4,Typea,Renault,Mail
2026-01-13 22:00:00,0.0,0.0,0.0,1,1,4,80,1.0,4,Typea,Renault,Mail
2026-01-13 23:00:00,0.0,0.0,0.0,1,1,4,80,1.0,4,Typea,Renault,Mail
2026-01-14 00:00:00,0.0,0.0,0.0,1,1,4,80,1.0,4,Typea,Renault,Mail
2026-01-14 01:00:00,0.0,0.0,0.0,1,1,4,80,1.0,4,Typea,Renault,Mail
2026-01-14 02:00:00,0.0,0.0,0.0,1,1,4,80,1.0,4,Typea,Renault,Mail
2026-01-14 03:00:00,0.0,0.0,0.0,1,1,4,80,1.0,4,Typea,Renault,Mail
2026-01-14 04:00:00,0.0,0.0,0.0,1,1,4,80,1.0,4,Typea,Renault,Mail
2026-01-14 05:00:00,0.0,0.0,0.0,1,1,4,80,1.0,4,Typea,Renault,Mail
2026-01-14 06:00:00,0.0,0.0,0.0,1,1,4,80,1.0,4,Typea,Renault,Mail
2026-01-14 07:00:00,0.0,0.0,0.0,1,1,4,80,1.0,4,Typea,Renault,Mail
2026-01-14 08:00:00,10.862514377238886,2.6039355786735134,0.23971757258427684,0,0,4,0,1.102475,4,Typea,Renault,Mail
2026-01-14 09:00:00,10.862514377238886,3.2778379928595367,0.3017568381523028,0,0,4,0,1.102475,4,Typea,Renault,Mail
2026-01-14 10:00:00,10.862514377238886,3.9027600339558135,0.3592869844327742,0,0,4,0,1.102475,4,Typea,Renault,Mail
2026-01-14 11:00:00,10.862514377238886,2.432828908933159,0.22396554098292973,0,0,4,0,1.102475,4,Typea,Renault,Mail
2026-01-14 12:00:00,10.862514377238886,1.1975650538046443,0.11024750000000001,0,0,4,0,1.102475,4,Typea,Renault,Mail
2026-01-14 13:00:00,10.862514377238886,2.002374744214853,0.18433805237676756,0,0,4,0,1.102475,4,Typea,Renault,Mail
2026-01-14 14:00:00,10.862514377238886,2.9692570913338043,0.2733489676713829,0,0,4,0,1.102475,4,Typea,Renault,Mail
2026-01-14 15:00:00,10.862514377238886,3.2434435383460194,0.2985904944017631,0,0,4,0,1.102475,4,Typea,Renault,Mail
2026-01-14 16:00:00,10.862514377238886,2.855209022868113,0.2628497347585441,0,0,4,0,1.102475,4,Typea,Renault,Mail
2026-01-14 17:00:00,10.862514377238886,3.0175993612062766,0.27779934335730766,0,0,4,0,1.102475,4,Typea,Renault,Mail
2026-01-14 18:00:00,10.862514377238886,1.1975650538046443,0.11024750000000001,0,0,4,0,1.102475,4,Typea,Renault,Mail
2026-01-14 19:00:00,10.862514377238886,3.7224047681499175,0.3426835296945407,0,0,4,0,1.102475,4,Typea,Renault,Mail
2026-01-14 20:00:00,10.862514377238886,3.531560283239824,0.3251144404135189,0,0,4,0,1.102475,4,Typea,Renault,Mail
2026-01-14 21:00:00,10.862514377238886,2.1253998272477452,0.1956637067106,0,0,4,0,1.102475,4,Typea,Renault,Mail
2026-01-14 22:00:00,0.0,0.0,0.0,1,1,4,80,1.0,4,Typea,Renault,Mail
2026-01-14 23:00:00,0.0,0.0,0.0,1,1,4,80,1.0,4,Typea,Renault,Mail
2026-01-01 00:00:00,0.0,0.0,0.0,1,1,5,80,1.0,5,Typea,Renault,Mail
2026-01-01 01:00:00,0.0,0.0,0.0,1,1,5,80,1.0,5,Typea,Renault,Mail
2026-01-01 02:00:00,0.0,0.0,0.0,1,1,5,80,1.0,5,Typea,Renault,Mail
2026-01-01 03:00:00,0.0,0.0,0.0,1,1,5,80,1.0,5,Typea,Renault,Mail
2026-01-01 04:00:00,0.0,0.0,0.0,1,1,5,80,1.0,5,Typea,Renault,Mail
2026-01-01 05:00:00,0.0,0.0,0.0,1,1,5,80,1.0,5,Typea,Renault,Mail
2026-01-01 06:00:00,0.0,0.0,0.0,1,1,5,80,1.0,5,Typea,Renault,Mail
2026-01-01 07:00:00,0.0,0.0,0.0,1,1,5,80,1.0,5,Typea,Renault,Mail
2026-01-01 08:00:00,0.0,0.0,0.0,1,1,5,80,1.0,5,Typea,Renault,Mail
2026-01-01 09:00:00,11.15602253129213,1.2639520045986425,0.11329772784640002,0,0,5,0,1.1329772784640002,5,Typea,Renault,Mail
2026-01-01 10:00:00,11.15602253129213,3.080373611969644,0.27611755025855655,0,0,5,0,1.1329772784640002,5,Typea,Renault,Mail
2026-01-01 11:00:00,11.15602253129213,1.2639520045986425,0.11329772784640002,0,0,5,0,1.1329772784640002,5,Typea,Renault,Mail
2026-01-01 12:00:00,11.15602253129213,1.3597508730401144,0.12188491635133183,0,0,5,0,1.1329772784640002,5,Typea,Renault,Mail
2026-01-01 13:00:00,11.15602253129213,3.126161309942794,0.28022185336880195,0,0,5,0,1.1329772784640002,5,Typea,Renault,Mail
2026-01-01 14:00:00,11.15602253129213,4.082422126846404,0.3659388563796279,0,0,5,0,1.1329772784640002,5,Typea,Renault,Mail
2026-01-01 15:00:00,11.15602253129213,3.7174379644650344,0.333222522098516,0,0,5,0,1.1329772784640002,5,Typea,Renault,Mail
2026-01-01 16:00:00,11.15602253129213,3.6045413792937047,0.32310273389849575,0,0,5,0,1.1329772784640002,5,Typea,Renault,Mail
2026-01-01 17:00:00,11.15602253129213,1.2639520045986425,0.11329772784640002,0,0,5,0,1.1329772784640002,5,Typea,Renault,Mail
2026-01-01 18:00:00,11.15602253129213,2.03881340212631,0.18275450738894905,0,0,5,0,1.1329772784640002,5,Typea,Renault,Mail
2026-01-01 19:00:00,11.15602253129213,1.5759114238539376,0.1412610470652581,0,0,5,0,1.1329772784640002,5,Typea,Renault,Mail
2026-01-01 20:00:00,11.15602253129213,3.988365851819491,0.3575078699090386,0,0,5,0,1.1329772784640002,5,Typea,Renault,Mail
2026-01-01 21:00:00,11.15602253129213,1.2639520045986425,0.11329772784640002,0,0,5,0,1.1329772784640002,5,Typea,Renault,Mail
2026-01-01 22:00:00,11.15602253129213,3.3767607311022325,0.30268500459106945,0,0,5,0,1.1329772784640002,5,Typea,Renault,Mail
2026-01-01 23:00:00,0.0,0.0,0.0,1,1,5,80,1.0,5,Typea,Renault,Mail
2026-01-02 00:00:00,0.0,0.0,0.0,1,1,5,80,1.0,5,Typea,Renault,Mail
2026-01-02 01:00:00,0.0,0.0,0.0,1,1,5,80,1.0,5,Typea,Renault,Mail
2026-01-02 02:00:00,0.0,0.0,0.0,1,1,5,80,1.0,5,Typea,Renault,Mail
2026-01-02 03:00:00,0.0,0.0,0.0,1,1,5,80,1.0,5,Typea,Renault,Mail
2026-01-02 04:00:00,0.0,0.0,0.0,1,1,5,80,1.0,5,Typea,Renault,Mail
2026-01-02 05:00:00,0.0,0.0,0.0,1,1,5,80,1.0,5,Typea,Renault,Mail
2026-01-02 06:00:00,0.0,0.0,0.0,1,1,5,80,1.0,5,Typea,Renault,Mail
2026-01-02 07:00:00,6.457387819561703,2.152098162185396,0.3332768949800308,0,0,5,0,1.23259004,5,Typea,Renault,Mail
2026-01-02 08:00:00,6.457387819561703,0.7959311910809073,0.123259004,0,0,5,0,1.23259004,5,Typea,Renault,Mail
2026-01-02 09:00:00,6.457387819561703,1.2233330694061961,0.18944704942458143,0,0,5,0,1.23259004,5,Typea,Renault,Mail
2026-01-02 10:00:00,6.457387819561703,0.7959311910809073,0.123259004,0,0,5,0,1.23259004,5,Typea,Renault,Mail
2026-01-02 11:00:00,6.457387819561703,0.7959311910809073,0.123259004,0,0,5,0,1.23259004,5,Typea,Renault,Mail
2026-01-02 12:00:00,6.457387819561703,0.7959311910809073,0.123259004,0,0,5,0,1.23259004,5,Typea,Renault,Mail
2026-01-02 13:00:00,6.457387819561703,1.8985832285514288,0.2940172220723605,0,0,5,0,1.23259004,5,Typea,Renault,Mail
2026-01-02 14:00:00,6.457387819561703,0.9804132582918128,0.15182815182972217,0,0,5,0,1.23259004,5,Typea,Renault,Mail
2026-01-02 15:00:00,6.457387819561703,2.1098977382873723,0.3267416790262695,0,0,5,0,1.23259004,5,Typea,Renault,Mail
2026-01-02 16:00:00,6.457387819561703,2.042635918398949,0.3163254206617551,0,0,5,0,1.23259004,5,Typea,Renault,Mail
2026-01-02 17:00:00,6.457387819561703,2.3971652664460175,0.3712283253584614,0,0,5,0,1.23259004,5,Typea,Renault,Mail
2026-01-02 18:00:00,6.457387819561703,0.7959311910809073,0.123259004,0,0,5,0,1.23259004,5,Typea,Renault,Mail
2026-01-02 19:00:00,6.457387819561703,1.2693733987136793,0.19657691843570244,0,0,5,0,1.23259004,5,Typea,Renault,Mail
2026-01-02 20:00:00,6.457387819561703,2.24146665719269,0.34711662359855444,0,0,5,0,1.23259004,5,Typea,Renault,Mail
2026-01-02 21:00:00,6.457387819561703,1.9415623314039043,0.30067302532491974,0,0,5,0,1.23259004,5,Typea,Renault,Mail
2026-01-02 22:00:00,0.0,0.0,0.0,1,1,5,80,1.0,5,Typea,Renault,Mail
2026-01-02 23:00:00,0.0,0.0,0.0,1,1,5,80,1.0,5,Typea,Renault,Mail
2026-01-03 00:00:00,0.0,0.0,0.0,1,1,5,80,1.0,5,Typea,Renault,Mail
2026-01-03 01:00:00,0.0,0.0,0.0,1,1,5,80,1.0,5,Typea,Renault,Mail
2026-01-03 02:00:00,0.0,0.0,0.0,1,1,5,80,1.0,5,Typea,Renault,Mail
2026-01-03 03:00:00,0.0,0.0,0.0,1,1,5,80,1.0,5,Typea,Renault,Mail
2026-01-03 04:00:00,0.0,0.0,0.0,1,1,5,80,1.0,5,Typea,Renault,Mail
2026-01-03 05:00:00,0.0,0.0,0.0,1,1,5,80,1.0,5,Typea,Renault,Mail
2026-01-03 06:00:00,0.0,0.0,0.0,1,1,5,80,1.0,5,Typea,Renault,Mail
2026-01-03 07:00:00,0.0,0.0,0.0,1,1,5,80,1.0,5,Typea,Renault,Mail
2026-01-03 08:00:00,6.776388509234959,2.5586088042359916,0.3775770531381256,0,0,5,0,1.209049010004,5,Typea,Renault,Mail
2026-01-03 09:00:00,6.776388509234959,0.8192985818493008,0.1209049010004,0,0,5,0,1.209049010004,5,Typea,Renault,Mail
2026-01-03 10:00:00,6.776388509234959,1.7035366542144619,0.25139300261383446,0,0,5,0,1.209049010004,5,Typea,Renault,Mail
2026-01-03 11:00:00,6.776388509234959,0.8192985818493008,0.1209049010004,0,0,5,0,1.209049010004,5,Typea,Renault,Mail
2026-01-03 12:00:00,6.776388509234959,1.0639991760645413,0.1570156691303204,0,0,5,0,1.209049010004,5,Typea,Renault,Mail
2026-01-03 13:00:00,6.776388509234959,2.5299030520783217,0.37334090993019864,0,0,5,0,1.209049010004,5,Typea,Renault,Mail
2026-01-03 14:00:00,6.776388509234959,0.8192985818493008,0.1209049010004,0,0,5,0,1.209049010004,5,Typea,Renault,Mail
2026-01-03 15:00:00,6.776388509234959,2.3702907785535596,0.3497867301031063,0,0,5,0,1.209049010004,5,Typea,Renault,Mail
2026-01-03 16:00:00,6.776388509234959,1.6988835140451843,0.2507063329869475,0,0,5,0,1.209049010004,5,Typea,Renault,Mail
2026-01-03 17:00:00,6.776388509234959,1.0529584302002613,0.15538637266226316,0,0,5,0,1.209049010004,5,Typea,Renault,Mail
2026-01-03 18:00:00,6.776388509234959,0.8192985818493008,0.1209049010004,0,0,5,0,1.209049010004,5,Typea,Renault,Mail
2026-01-03 19:00:00,6.776388509234959,1.0445803061509535,0.1541500025754699,0,0,5,0,1.209049010004,5,Typea,Renault,Mail
2026-01-03 20:00:00,6.776388509234959,0.8192985818493008,0.1209049010004,0,0,5,0,1.209049010004,5,Typea,Renault,Mail
2026-01-03 21:00:00,0.0,0.0,0.0,1,1,5,80,1.0,5,Typea,Renault,Mail
2026-01-03 22:00:00,0.0,0.0,0.0,1,1,5,80,1.0,5,Typea,Renault,Mail
2026-01-03 23:00:00,0.0,0.0,0.0,1,1,5,80,1.0,5,Typea,Renault,Mail
2026-01-04 00:00:00,0.0,0.0,0.0,1,1,5,80,1.0,5,Typea,Renault,Mail
2026-01-04 01:00:00,0.0,0.0,0.0,1,1,5,80,1.0,5,Typea,Renault,Mail
2026-01-04 02:00:00,0.0,0.0,0.0,1,1,5,80,1.0,5,Typea,Renault,Mail
2026-01-04 03:00:00,0.0,0.0,0.0,1,1,5,80,1.0,5,Typea,Renault,Mail
2026-01-04 04:00:00,0.0,0.0,0.0,1,1,5,80,1.0,5,Typea,Renault,Mail
2026-01-04 05:00:00,0.0,0.0,0.0,1,1,5,80,1.0,5,Typea,Renault,Mail
2026-01-04 06:00:00,0.0,0.0,0.0,1,1,5,80,1.0,5,Typea,Renault,Mail
2026-01-04 07:00:00,0.0,0.0,0.0,1,1,5,80,1.0,5,Typea,Renault,Mail
2026-01-04 08:00:00,7.813294888181978,1.2115440025868869,0.1550618554560652,0,0,5,0,1.3050301525,5,Typea,Renault,Mail
2026-01-04 09:00:00,7.813294888181978,1.0196585419451598,0.13050301525000002,0,0,5,0,1.3050301525,5,Typea,Renault,Mail
2026-01-04 10:00:00,7.813294888181978,1.0196585419451598,0.13050301525000002,0,0,5,0,1.3050301525,5,Typea,Renault,Mail
2026-01-04 11:00:00,7.813294888181978,2.477097086832053,0.31703617005148416,0,0,5,0,1.3050301525,5,Typea,Renault,Mail
2026-01-04 12:00:00,7.813294888181978,2.8672559349206463,0.3669714219103035,0,0,5,0,1.3050301525,5,Typea,Renault,Mail
2026-01-04 13:00:00,7.813294888181978,1.0196585419451598,0.13050301525000002,0,0,5,0,1.3050301525,5,Typea,Renault,Mail
2026-01-04 14:00:00,7.813294888181978,2.852442646237951,0.36507551385938625,0,0,5,0,1.3050301525,5,Typea,Renault,Mail
2026-01-04 15:00:00,7.813294888181978,1.7001974670035231,0.2176031355958626,0,0,5,0,1.3050301525,5,Typea,Renault,Mail
2026-01-04 16:00:00,7.813294888181978,1.0196585419451598,0.13050301525000002,0,0,5,0,1.3050301525,5,Typea,Renault,Mail
2026-01-04 17:00:00,7.813294888181978,4.540751496992843,0.5811570613904473,0,0,5,0,1.3050301525,5,Typea,Renault,Mail
2026-01-04 18:00:00,7.813294888181978,3.8819429194439667,0.4968381425505405,0,0,5,0,1.3050301525,5,Typea,Renault,Mail
2026-01-04 19:00:00,7.813294888181978,2.4603083730979347,0.3148874333182127,0,0,5,0,1.3050301525,5,Typea,Renault,Mail
2026-01-04 20:00:00,0.0,0.0,0.0,1,1,5,80,1.0,5,Typea,Renault,Mail
2026-01-04 21:00:00,0.0,0.0,0.0,1,1,5,80,1.0,5,Typea,Renault,Mail
2026-01-04 22:00:00,0.0,0.0,0.0,1,1,5,80,1.0,5,Typea,Renault,Mail
2026-01-04 23:00:00,0.0,0.0,0.0,1,1,5,80,1.0,5,Typea,Renault,Mail
2026-01-05 00:00:00,0.0,0.0,0.0,1,1,5,80,1.0,5,Typea,Renault,Mail
2026-01-05 01:00:00,0.0,0.0,0.0,1,1,5,80,1.0,5,Typea,Renault,Mail
2026-01-05 02:00:00,0.0,0.0,0.0,1,1,5,80,1.0,5,Typea,Renault,Mail
2026-01-05 03:00:00,0.0,0.0,0.0,1,1,5,80,1.0,5,Typea,Renault,Mail
2026-01-05 04:00:00,0.0,0.0,0.0,1,1,5,80,1.0,5,Typea,Renault,Mail
2026-01-05 05:00:00,0.0,0.0,0.0,1,1,5,80,1.0,5,Typea,Renault,Mail
2026-01-05 06:00:00,0.0,0.0,0.0,1,1,5,80,1.0,5,Typea,Renault,Mail
2026-01-05 07:00:00,0.0,0.0,0.0,1,1,5,80,1.0,5,Typea,Renault,Mail
2026-01-05 08:00:00,0.0,0.0,0.0,1,1,5,80,1.0,5,Typea,Renault,Mail
2026-01-05 09:00:00,8.456681953423654,2.4177471937982,0.28589785061260165,0,0,5,0,1.226197579604,5,Typea,Renault,Mail
2026-01-05 10:00:00,8.456681953423654,1.9399360505640275,0.2293968321439181,0,0,5,0,1.226197579604,5,Typea,Renault,Mail
2026-01-05 11:00:00,8.456681953423654,4.42743143698237,0.5235423847517336,0,0,5,0,1.226197579604,5,Typea,Renault,Mail
2026-01-05 12:00:00,8.456681953423654,1.8364279614966084,0.21715703293691183,0,0,5,0,1.226197579604,5,Typea,Renault,Mail
2026-01-05 13:00:00,8.456681953423654,3.0877473986967767,0.3651251656031258,0,0,5,0,1.226197579604,5,Typea,Renault,Mail
2026-01-05 14:00:00,8.456681953423654,1.0369562942768913,0.12261975796040002,0,0,5,0,1.226197579604,5,Typea,Renault,Mail
2026-01-05 15:00:00,8.456681953423654,1.0369562942768913,0.12261975796040002,0,0,5,0,1.226197579604,5,Typea,Renault,Mail
2026-01-05 16:00:00,8.456681953423654,3.0438134095837754,0.35992998511094526,0,0,5,0,1.226197579604,5,Typea,Renault,Mail
2026-01-05 17:00:00,8.456681953423654,2.8654446404088145,0.3388379338599521,0,0,5,0,1.226197579604,5,Typea,Renault,Mail
2026-01-05 18:00:00,8.456681953423654,1.0369562942768913,0.12261975796040002,0,0,5,0,1.226197579604,5,Typea,Renault,Mail
2026-01-05 19:00:00,8.456681953423654,3.9816560708049247,0.4708295869153465,0,0,5,0,1.226197579604,5,Typea,Renault,Mail
2026-01-05 20:00:00,8.456681953423654,1.0369562942768913,0.12261975796040002,0,0,5,0,1.226197579604,5,Typea,Renault,Mail
2026-01-05 21:00:00,0.0,0.0,0.0,1,1,5,80,1.0,5,Typea,Renault,Mail
2026-01-05 22:00:00,0.0,0.0,0.0,1,1,5,80,1.0,5,Typea,Renault,Mail
2026-01-05 23:00:00,0.0,0.0,0.0,1,1,5,80,1.0,5,Typea,Renault,Mail
2026-01-06 00:00:00,0.0,0.0,0.0,1,1,5,80,1.0,5,Typea,Renault,Mail
2026-01-06 01:00:00,0.0,0.0,0.0,1,1,5,80,1.0,5,Typea,Renault,Mail
2026-01-06 02:00:00,0.0,0.0,0.0,1,1,5,80,1.0,5,Typea,Renault,Mail
2026-01-06 03:00:00,0.0,0.0,0.0,1,1,5,80,1.0,5,Typea,Renault,Mail
2026-01-06 04:00:00,0.0,0.0,0.0,1,1,5,80,1.0,5,Typea,Renault,Mail
2026-01-06 05:00:00,0.0,0.0,0.0,1,1,5,80,1.0,5,Typea,Renault,Mail
2026-01-06 06:00:00,7.572578198796887,2.730857258303567,0.3606245041797573,0,0,5,0,1.3306301459840002,5,Typea,Renault,Mail
2026-01-06 07:00:00,7.572578198796887,1.007630083414036,0.13306301459840003,0,0,5,0,1.3306301459840002,5,Typea,Renault,Mail
2026-01-06 08:00:00,7.572578198796887,1.007630083414036,0.13306301459840003,0,0,5,0,1.3306301459840002,5,Typea,Renault,Mail
2026-01-06 09:00:00,7.572578198796887,4.166237078348948,0.5501741902131654,0,0,5,0,1.3306301459840002,5,Typea,Renault,Mail
2026-01-06 10:00:00,7.572578198796887,2.035620932855688,0.2688147787208196,0,0,5,0,1.3306301459840002,5,Typea,Renault,Mail
2026-01-06 11:00:00,7.572578198796887,1.7108031598824487,0.22592083105252803,0,0,5,0,1.3306301459840002,5,Typea,Renault,Mail
2026-01-06 12:00:00,7.572578198796887,1.8808616384009653,0.24837797498080535,0,0,5,0,1.3306301459840002,5,Typea,Renault,Mail
2026-01-06 13:00:00,7.572578198796887,1.6129898476260958,0.2130040529502044,0,0,5,0,1.3306301459840002,5,Typea,Renault,Mail
2026-01-06 14:00:00,7.572578198796887,3.306942899676323,0.4366997359237204,0,0,5,0,1.3306301459840002,5,Typea,Renault,Mail
2026-01-06 15:00:00,7.572578198796887,1.3329694572508222,0.17602584248817676,0,0,5,0,1.3306301459840002,5,Typea,Renault,Mail
2026-01-06 16:00:00,7.572578198796887,3.158640430883319,0.4171155910129995,0,0,5,0,1.3306301459840002,5,Typea,Renault,Mail
2026-01-06 17:00:00,7.572578198796887,2.736705715987461,0.3613968247197846,0,0,5,0,1.3306301459840002,5,Typea,Renault,Mail
2026-01-06 18:00:00,7.572578198796887,2.6831062879025014,0.35431872969351264,0,0,5,0,1.3306301459840002,5,Typea,Renault,Mail
2026-01-06 19:00:00,7.572578198796887,2.3835221710953385,0.3147570231066121,0,0,5,0,1.3306301459840002,5,Typea,Renault,Mail
2026-01-06 20:00:00,7.572578198796887,1.007630083414036,0.13306301459840003,0,0,5,0,1.3306301459840002,5,Typea,Renault,Mail
2026-01-06 21:00:00,7.572578198796887,1.007630083414036,0.13306301459840003,0,0,5,0,1.3306301459840002,5,Typea,Renault,Mail
2026-01-06 22:00:00,0.0,0.0,0.0,1,1,5,80,1.0,5,Typea,Renault,Mail
2026-01-06 23:00:00,0.0,0.0,0.0,1,1,5,80,1.0,5,Typea,Renault,Mail
2026-01-07 00:00:00,0.0,0.0,0.0,1,1,5,80,1.0,5,Typea,Renault,Mail
2026-01-07 01:00:00,0.0,0.0,0.0,1,1,5,80,1.0,5,Typea,Renault,Mail
2026-01-07 02:00:00,0.0,0.0,0.0,1,1,5,80,1.0,5,Typea,Renault,Mail
2026-01-07 03:00:00,0.0,0.0,0.0,1,1,5,80,1.0,5,Typea,Renault,Mail
2026-01-07 04:00:00,0.0,0.0,0.0,1,1,5,80,1.0,5,Typea,Renault,Mail
2026-01-07 05:00:00,0.0,0.0,0.0,1,1,5,80,1.0,5,Typea,Renault,Mail
2026-01-07 06:00:00,0.0,0.0,0.0,1,1,5,80,1.0,5,Typea,Renault,Mail
2026-01-07 07:00:00,6.883450015792416,1.8728796352254766,0.27208443889744327,0,0,5,0,1.282756305344,5,Typea,Renault,Mail
2026-01-07 08:00:00,6.883450015792416,0.8829788910277979,0.12827563053440003,0,0,5,0,1.282756305344,5,Typea,Renault,Mail
2026-01-07 09:00:00,6.883450015792416,0.8829788910277979,0.12827563053440003,0,0,5,0,1.282756305344,5,Typea,Renault,Mail
2026-01-07 10:00:00,6.883450015792416,1.853351276021466,0.2692474372254318,0,0,5,0,1.282756305344,5,Typea,Renault,Mail
2026-01-07 11:00:00,6.883450015792416,0.8829788910277979,0.12827563053440003,0,0,5,0,1.282756305344,5,Typea,Renault,Mail
2026-01-07 12:00:00,6.883450015792416,0.8829788910277979,0.12827563053440003,0,0,5,0,1.282756305344,5,Typea,Renault,Mail
2026-01-07 13:00:00,6.883450015792416,1.8180058687874638,0.2641125982779693,0,0,5,0,1.282756305344,5,Typea,Renault,Mail
2026-01-07 14:00:00,6.883450015792416,1.097972049991764,0.15950897405701095,0,0,5,0,1.282756305344,5,Typea,Renault,Mail
2026-01-07 15:00:00,6.883450015792416,3.686354754120651,0.5355388280096752,0,0,5,0,1.282756305344,5,Typea,Renault,Mail
2026-01-07 16:00:00,6.883450015792416,2.35985449806165,0.3428301930932211,0,0,5,0,1.282756305344,5,Typea,Renault,Mail
2026-01-07 17:00:00,6.883450015792416,0.8829788910277979,0.12827563053440003,0,0,5,0,1.282756305344,5,Typea,Renault,Mail
2026-01-07 18:00:00,6.883450015792416,0.8829788910277979,0.12827563053440003,0,0,5,0,1.282756305344,5,Typea,Renault,Mail
2026-01-07 19:00:00,6.883450015792416,0.8829788910277979,0.12827563053440003,0,0,5,0,1.282756305344,5,Typea,Renault,Mail
2026-01-07 20:00:00,6.883450015792416,1.082656004527953,0.15728392042421455,0,0,5,0,1.282756305344,5,Typea,Renault,Mail
2026-01-07 21:00:00,6.883450015792416,1.3178187050913754,0.19144741402464727,0,0,5,0,1.282756305344,5,Typea,Renault,Mail
2026-01-07 22:00:00,0.0,0.0,0.0,1,1,5,80,1.0,5,Typea,Renault,Mail
2026-01-07 23:00:00,0.0,0.0,0.0,1,1,5,80,1.0,5,Typea,Renault,Mail
2026-01-08 00:00:00,0.0,0.0,0.0,1,1,5,80,1.0,5,Typea,Renault,Mail
2026-01-08 01:00:00,0.0,0.0,0.0,1,1,5,80,1.0,5,Typea,Renault,Mail
2026-01-08 02:00:00,0.0,0.0,0.0,1,1,5,80,1.0,5,Typea,Renault,Mail
2026-01-08 03:00:00,0.0,0.0,0.0,1,1,5,80,1.0,5,Typea,Renault,Mail
2026-01-08 04:00:00,0.0,0.0,0.0,1,1,5,80,1.0,5,Typea,Renault,Mail
2026-01-08 05:00:00,0.0,0.0,0.0,1,1,5,80,1.0,5,Typea,Renault,Mail
2026-01-08 06:00:00,0.0,0.0,0.0,1,1,5,80,1.0,5,Typea,Renault,Mail
2026-01-08 07:00:00,0.0,0.0,0.0,1,1,5,80,1.0,5,Typea,Renault,Mail
2026-01-08 08:00:00,10.621825189430298,4.495821553928669,0.42326261953571104,0,0,5,0,1.176585222144,5,Typea,Renault,Mail
2026-01-08 09:00:00,10.621825189430298,4.14073431313575,0.38983265486765545,0,0,5,0,1.176585222144,5,Typea,Renault,Mail
2026-01-08 10:00:00,10.621825189430298,4.345125212780744,0.40907519520322616,0,0,5,0,1.176585222144,5,Typea,Renault,Mail
2026-01-08 11:00:00,10.621825189430298,4.856315880558308,0.4572016385084922,0,0,5,0,1.176585222144,5,Typea,Renault,Mail
2026-01-08 12:00:00,10.621825189430298,2.6317585647963115,0.2477689585227928,0,0,5,0,1.176585222144,5,Typea,Renault,Mail
2026-01-08 13:00:00,10.621825189430298,5.141455646765294,0.4840463437377523,0,0,5,0,1.176585222144,5,Typea,Renault,Mail
2026-01-08 14:00:00,10.621825189430298,4.163569211800058,0.3919824641760435,0,0,5,0,1.176585222144,5,Typea,Renault,Mail
2026-01-08 15:00:00,10.621825189430298,2.83349759916897,0.2667618369382094,0,0,5,0,1.176585222144,5,Typea,Renault,Mail
2026-01-08 16:00:00,10.621825189430298,1.564466165057196,0.14728788481794872,0,0,5,0,1.176585222144,5,Typea,Renault,Mail
2026-01-08 17:00:00,10.621825189430298,1.5941325817657284,0.15008085270995028,0,0,5,0,1.176585222144,5,Typea,Renault,Mail
2026-01-08 18:00:00,10.621825189430298,2.252740478380942,0.21208600576693992,0,0,5,0,1.176585222144,5,Typea,Renault,Mail
2026-01-08 19:00:00,10.621825189430298,1.2497482550080583,0.11765852221440001,0,0,5,0,1.176585222144,5,Typea,Renault,Mail
2026-01-08 20:00:00,10.621825189430298,1.8726712512291719,0.1763040925482989,0,0,5,0,1.176585222144,5,Typea,Renault,Mail
2026-01-08 21:00:00,10.621825189430298,4.644130152786494,0.43722524801178564,0,0,5,0,1.176585222144,5,Typea,Renault,Mail
2026-01-08 22:00:00,0.0,0.0,0.0,1,1,5,80,1.0,5,Typea,Renault,Mail
2026-01-08 23:00:00,0.0,0.0,0.0,1,1,5,80,1.0,5,Typea,Renault,Mail
2026-01-09 00:00:00,0.0,0.0,0.0,1,1,5,80,1.0,5,Typea,Renault,Mail
2026-01-09 01:00:00,0.0,0.0,0.0,1,1,5,80,1.0,5,Typea,Renault,Mail
2026-01-09 02:00:00,0.0,0.0,0.0,1,1,5,80,1.0,5,Typea,Renault,Mail
2026-01-09 03:00:00,0.0,0.0,0.0,1,1,5,80,1.0,5,Typea,Renault,Mail
2026-01-09 04:00:00,0.0,0.0,0.0,1,1,5,80,1.0,5,Typea,Renault,Mail
2026-01-09 05:00:00,0.0,0.0,0.0,1,1,5,80,1.0,5,Typea,Renault,Mail
2026-01-09 06:00:00,0.0,0.0,0.0,1,1,5,80,1.0,5,Typea,Renault,Mail
2026-01-09 07:00:00,0.0,0.0,0.0,1,1,5,80,1.0,5,Typea,Renault,Mail
2026-01-09 08:00:00,9.112920831864447,1.0364511116363737,0.1137342385344,0,0,5,0,1.137342385344,5,Typea,Renault,Mail
2026-01-09 09:00:00,9.112920831864447,1.0364511116363737,0.1137342385344,0,0,5,0,1.137342385344,5,Typea,Renault,Mail
2026-01-09 10:00:00,9.112920831864447,3.81687784450022,0.4188424232935326,0,0,5,0,1.137342385344,5,Typea,Renault,Mail
2026-01-09 11:00:00,9.112920831864447,1.2616279423269234,0.13844386071208767,0,0,5,0,1.137342385344,5,Typea,Renault,Mail
2026-01-09 12:00:00,9.112920831864447,4.225671193899365,0.4637010758530664,0,0,5,0,1.137342385344,5,Typea,Renault,Mail
2026-01-09 13:00:00,9.112920831864447,1.0364511116363737,0.1137342385344,0,0,5,0,1.137342385344,5,Typea,Renault,Mail
2026-01-09 14:00:00,9.112920831864447,4.664030002363682,0.5118040734047999,0,0,5,0,1.137342385344,5,Typea,Renault,Mail
2026-01-09 15:00:00,9.112920831864447,2.244198924013543,0.24626560083419421,0,0,5,0,1.137342385344,5,Typea,Renault,Mail
2026-01-09 16:00:00,9.112920831864447,1.0364511116363737,0.1137342385344,0,0,5,0,1.137342385344,5,Typea,Renault,Mail
2026-01-09 17:00:00,9.112920831864447,1.0364511116363737,0.1137342385344,0,0,5,0,1.137342385344,5,Typea,Renault,Mail
2026-01-09 18:00:00,9.112920831864447,3.6249126228998367,0.39777725383335766,0,0,5,0,1.137342385344,5,Typea,Renault,Mail
2026-01-09 19:00:00,9.112920831864447,1.0364511116363737,0.1137342385344,0,0,5,0,1.137342385344,5,Typea,Renault,Mail
2026-01-09 20:00:00,9.112920831864447,3.109166215769098,0.3411821822151155,0,0,5,0,1.137342385344,5,Typea,Renault,Mail
2026-01-09 21:00:00,0.0,0.0,0.0,1,1,5,80,1.0,5,Typea,Renault,Mail
2026-01-09 22:00:00,0.0,0.0,0.0,1,1,5,80,1.0,5,Typea,Renault,Mail
2026-01-09 23:00:00,0.0,0.0,0.0,1,1,5,80,1.0,5,Typea,Renault,Mail
2026-01-10 00:00:00,0.0,0.0,0.0,1,1,5,80,1.0,5,Typea,Renault,Mail
2026-01-10 01:00:00,0.0,0.0,0.0,1,1,5,80,1.0,5,Typea,Renault,Mail
2026-01-10 02:00:00,0.0,0.0,0.0,1,1,5,80,1.0,5,Typea,Renault,Mail
2026-01-10 03:00:00,0.0,0.0,0.0,1,1,5,80,1.0,5,Typea,Renault,Mail
2026-01-10 04:00:00,0.0,0.0,0.0,1,1,5,80,1.0,5,Typea,Renault,Mail
2026-01-10 05:00:00,0.0,0.0,0.0,1,1,5,80,1.0,5,Typea,Renault,Mail
2026-01-10 06:00:00,0.0,0.0,0.0,1,1,5,80,1.0,5,Typea,Renault,Mail
2026-01-10 07:00:00,0.0,0.0,0.0,1,1,5,80,1.0,5,Typea,Renault,Mail
2026-01-10 08:00:00,0.0,0.0,0.0,1,1,5,80,1.0,5,Typea,Renault,Mail
2026-01-10 09:00:00,5.0756350053575865,0.6038026361748839,0.11896100400000001,0,0,5,0,1.18961004,5,Typea,Renault,Mail
2026-01-10 10:00:00,5.0756350053575865,1.5852073609013775,0.3123170518029984,0,0,5,0,1.18961004,5,Typea,Renault,Mail
2026-01-10 11:00:00,5.0756350053575865,0.6038026361748839,0.11896100400000001,0,0,5,0,1.18961004,5,Typea,Renault,Mail
2026-01-10 12:00:00,5.0756350053575865,1.4647082388520998,0.28857635296983075,0,0,5,0,1.18961004,5,Typea,Renault,Mail
2026-01-10 13:00:00,5.0756350053575865,1.1020437285633635,0.21712430610162106,0,0,5,0,1.18961004,5,Typea,Renault,Mail
2026-01-10 14:00:00,5.0756350053575865,0.6038026361748839,0.11896100400000001,0,0,5,0,1.18961004,5,Typea,Renault,Mail
2026-01-10 15:00:00,5.0756350053575865,1.8148273258322187,0.35755670451413035,0,0,5,0,1.18961004,5,Typea,Renault,Mail
2026-01-10 16:00:00,5.0756350053575865,0.6038026361748839,0.11896100400000001,0,0,5,0,1.18961004,5,Typea,Renault,Mail
2026-01-10 17:00:00,5.0756350053575865,0.6038026361748839,0.11896100400000001,0,0,5,0,1.18961004,5,Typea,Renault,Mail
2026-01-10 18:00:00,5.0756350053575865,0.6038026361748839,0.11896100400000001,0,0,5,0,1.18961004,5,Typea,Renault,Mail
2026-01-10 19:00:00,5.0756350053575865,1.153832671383934,0.22732774720128732,0,0,5,0,1.18961004,5,Typea,Renault,Mail
2026-01-10 20:00:00,5.0756350053575865,2.3843081888648263,0.4697556436481485,0,0,5,0,1.18961004,5,Typea,Renault,Mail
2026-01-10 21:00:00,5.0756350053575865,0.9884349492089001,0.19474114040224672,0,0,5,0,1.18961004,5,Typea,Renault,Mail
2026-01-10 22:00:00,0.0,0.0,0.0,1,1,5,80,1.0,5,Typea,Renault,Mail
2026-01-10 23:00:00,0.0,0.0,0.0,1,1,5,80,1.0,5,Typea,Renault,Mail
2026-01-11 00:00:00,0.0,0.0,0.0,1,1,5,80,1.0,5,Typea,Renault,Mail
2026-01-11 01:00:00,0.0,0.0,0.0,1,1,5,80,1.0,5,Typea,Renault,Mail
2026-01-11 02:00:00,0.0,0.0,0.0,1,1,5,80,1.0,5,Typea,Renault,Mail
2026-01-11 03:00:00,0.0,0.0,0.0,1,1,5,80,1.0,5,Typea,Renault,Mail
2026-01-11 04:00:00,0.0,0.0,0.0,1,1,5,80,1.0,5,Typea,Renault,Mail
2026-01-11 05:00:00,0.0,0.0,0.0,1,1,5,80,1.0,5,Typea,Renault,Mail
2026-01-11 06:00:00,0.0,0.0,0.0,1,1,5,80,1.0,5,Typea,Renault,Mail
2026-01-11 07:00:00,0.0,0.0,0.0,1,1,5,80,1.0,5,Typea,Renault,Mail
2026-01-11 08:00:00,4.550507858762443,0.510598613718447,0.1122069513044,0,0,5,0,1.122069513044,5,Typea,Renault,Mail
2026-01-11 09:00:00,4.550507858762443,0.510598613718447,0.1122069513044,0,0,5,0,1.122069513044,5,Typea,Renault,Mail
2026-01-11 10:00:00,4.550507858762443,1.237546297724517,0.27195784209920704,0,0,5,0,1.122069513044,5,Typea,Renault,Mail
2026-01-11 11:00:00,4.550507858762443,0.510598613718447,0.1122069513044,0,0,5,0,1.122069513044,5,Typea,Renault,Mail
2026-01-11 12:00:00,4.550507858762443,1.5415464815569628,0.338763612634701,0,0,5,0,1.122069513044,5,Typea,Renault,Mail
2026-01-11 13:00:00,4.550507858762443,1.3354893554739844,0.29348138645719957,0,0,5,0,1.122069513044,5,Typea,Renault,Mail
2026-01-11 14:00:00,4.550507858762443,2.1935422581835096,0.48204339521348855,0,0,5,0,1.122069513044,5,Typea,Renault,Mail
2026-01-11 15:00:00,4.550507858762443,0.510598613718447,0.1122069513044,0,0,5,0,1.122069513044,5,Typea,Renault,Mail
2026-01-11 16:00:00,4.550507858762443,1.4094650352515234,0.30973796310173646,0,0,5,0,1.122069513044,5,Typea,Renault,Mail
2026-01-11 17:00:00,4.550507858762443,1.2383132514252537,0.27212638453986226,0,0,5,0,1.122069513044,5,Typea,Renault,Mail
2026-01-11 18:00:00,4.550507858762443,1.156899846290713,0.2542353254182367,0,0,5,0,1.122069513044,5,Typea,Renault,Mail
2026-01-11 19:00:00,4.550507858762443,0.510598613718447,0.1122069513044,0,0,5,0,1.122069513044,5,Typea,Renault,Mail
2026-01-11 20:00:00,4.550507858762443,0.6777252552174033,0.14893398193179203,0,0,5,0,1.122069513044,5,Typea,Renault,Mail
2026-01-11 21:00:00,0.0,0.0,0.0,1,1,5,80,1.0,5,Typea,Renault,Mail
2026-01-11 22:00:00,0.0,0.0,0.0,1,1,5,80,1.0,5,Typea,Renault,Mail
2026-01-11 23:00:00,0.0,0.0,0.0,1,1,5,80,1.0,5,Typea,Renault,Mail
2026-01-12 00:00:00,0.0,0.0,0.0,1,1,5,80,1.0,5,Typea,Renault,Mail
2026-01-12 01:00:00,0.0,0.0,0.0,1,1,5,80,1.0,5,Typea,Renault,Mail
2026-01-12 02:00:00,0.0,0.0,0.0,1,1,5,80,1.0,5,Typea,Renault,Mail
2026-01-12 03:00:00,0.0,0.0,0.0,1,1,5,80,1.0,5,Typea,Renault,Mail
2026-01-12 04:00:00,0.0,0.0,0.0,1,1,5,80,1.0,5,Typea,Renault,Mail
2026-01-12 05:00:00,0.0,0.0,0.0,1,1,5,80,1.0,5,Typea,Renault,Mail
2026-01-12 06:00:00,0.0,0.0,0.0,1,1,5,80,1.0,5,Typea,Renault,Mail
2026-01-12 07:00:00,0.0,0.0,0.0,1,1,5,80,1.0,5,Typea,Renault,Mail
2026-01-12 08:00:00,11.49083557029969,1.2868464111008562,0.1119889326784,0,0,5,0,1.119889326784,5,Typea,Renault,Mail
2026-01-12 09:00:00,11.49083557029969,2.0008726929531555,0.17412769338765946,0,0,5,0,1.119889326784,5,Typea,Renault,Mail
2026-01-12 10:00:00,11.49083557029969,5.731093003749173,0.4987533733893384,0,0,5,0,1.119889326784,5,Typea,Renault,Mail
2026-01-12 11:00:00,11.49083557029969,4.368796978509374,0.3801983721533169,0,0,5,0,1.119889326784,5,Typea,Renault,Mail
2026-01-12 12:00:00,11.49083557029969,2.8267756328497633,0.24600261796070924,0,0,5,0,1.119889326784,5,Typea,Renault,Mail
2026-01-12 13:00:00,11.49083557029969,5.590137657817205,0.48648661131885024,0,0,5,0,1.119889326784,5,Typea,Renault,Mail
2026-01-12 14:00:00,11.49083557029969,1.2868464111008562,0.1119889326784,0,0,5,0,1.119889326784,5,Typea,Renault,Mail
2026-01-12 15:00:00,11.49083557029969,1.2868464111008562,0.1119889326784,0,0,5,0,1.119889326784,5,Typea,Renault,Mail
2026-01-12 16:00:00,11.49083557029969,1.8404090821622878,0.16016320753202534,0,0,5,0,1.119889326784,5,Typea,Renault,Mail
2026-01-12 17:00:00,11.49083557029969,3.1950160404676384,0.27804906100351673,0,0,5,0,1.119889326784,5,Typea,Renault,Mail
2026-01-12 18:00:00,11.49083557029969,1.2868464111008562,0.1119889326784,0,0,5,0,1.119889326784,5,Typea,Renault,Mail
2026-01-12 19:00:00,11.49083557029969,1.6447793956453873,0.1431383632271826,0,0,5,0,1.119889326784,5,Typea,Renault,Mail
2026-01-12 20:00:00,11.49083557029969,2.6703342065365625,0.23238816622165953,0,0,5,0,1.119889326784,5,Typea,Renault,Mail
2026-01-12 21:00:00,0.0,0.0,0.0,1,1,5,80,1.0,5,Typea,Renault,Mail
2026-01-12 22:00:00,0.0,0.0,0.0,1,1,5,80,1.0,5,Typea,Renault,Mail
2026-01-12 23:00:00,0.0,0.0,0.0,1,1,5,80,1.0,5,Typea,Renault,Mail
2026-01-13 00:00:00,0.0,0.0,0.0,1,1,5,80,1.0,5,Typea,Renault,Mail
2026-01-13 01:00:00,0.0,0.0,0.0,1,1,5,80,1.0,5,Typea,Renault,Mail
2026-01-13 02:00:00,0.0,0.0,0.0,1,1,5,80,1.0,5,Typea,Renault,Mail
2026-01-13 03:00:00,0.0,0.0,0.0,1,1,5,80,1.0,5,Typea,Renault,Mail
2026-01-13 04:00:00,0.0,0.0,0.0,1,1,5,80,1.0,5,Typea,Renault,Mail
2026-01-13 05:00:00,0.0,0.0,0.0,1,1,5,80,1.0,5,Typea,Renault,Mail
2026-01-13 06:00:00,0.0,0.0,0.0,1,1,5,80,1.0,5,Typea,Renault,Mail
2026-01-13 07:00:00,0.0,0.0,0.0,1,1,5,80,1.0,5,Typea,Renault,Mail
2026-01-13 08:00:00,0.0,0.0,0.0,1,1,5,80,1.0,5,Typea,Renault,Mail
2026-01-13 09:00:00,12.655557093621958,4.47153162701294,0.3533255465511245,0,0,5,0,1.12425024,5,Typea,Renault,Mail
2026-01-13 10:00:00,12.655557093621958,3.998013254784986,0.31590970079064096,0,0,5,0,1.12425024,5,Typea,Renault,Mail
2026-01-13 11:00:00,12.655557093621958,6.257269251737201,0.4944285901796205,0,0,5,0,1.12425024,5,Typea,Renault,Mail
2026-01-13 12:00:00,12.655557093621958,5.090491728776433,0.4022337137052541,0,0,5,0,1.12425024,5,Typea,Renault,Mail
2026-01-13 13:00:00,12.655557093621958,5.334630235360406,0.4215247259284151,0,0,5,0,1.12425024,5,Typea,Renault,Mail
2026-01-13 14:00:00,12.655557093621958,4.612952449158262,0.36450014922559665,0,0,5,0,1.12425024,5,Typea,Renault,Mail
2026-01-13 15:00:00,12.655557093621958,1.422801309983819,0.11242502400000001,0,0,5,0,1.12425024,5,Typea,Renault,Mail
2026-01-13 16:00:00,12.655557093621958,3.8833994968157386,0.3068533031053103,0,0,5,0,1.12425024,5,Typea,Renault,Mail
2026-01-13 17:00:00,12.655557093621958,1.422801309983819,0.11242502400000001,0,0,5,0,1.12425024,5,Typea,Renault,Mail
2026-01-13 18:00:00,12.655557093621958,1.422801309983819,0.11242502400000001,0,0,5,0,1.12425024,5,Typea,Renault,Mail
2026-01-13 19:00:00,12.655557093621958,1.9208210872869094,0.1517768892414028,0,0,5,0,1.12425024,5,Typea,Renault,Mail
2026-01-13 20:00:00,12.655557093621958,2.2907402454997277,0.1810066699200619,0,0,5,0,1.12425024,5,Typea,Renault,Mail
2026-01-13 21:00:00,0.0,0.0,0.0,1,1,5,80,1.0,5,Typea,Renault,Mail
2026-01-13 22:00:00,0.0,0.0,0.0,1,1,5,80,1.0,5,Typea,Renault,Mail
2026-01-13 23:00:00,0.0,0.0,0.0,1,1,5,80,1.0,5,Typea,Renault,Mail
2026-01-14 00:00:00,0.0,0.0,0.0,1,1,5,80,1.0,5,Typea,Renault,Mail
2026-01-14 01:00:00,0.0,0.0,0.0,1,1,5,80,1.0,5,Typea,Renault,Mail
2026-01-14 02:00:00,0.0,0.0,0.0,1,1,5,80,1.0,5,Typea,Renault,Mail
2026-01-14 03:00:00,0.0,0.0,0.0,1,1,5,80,1.0,5,Typea,Renault,Mail
2026-01-14 04:00:00,0.0,0.0,0.0,1,1,5,80,1.0,5,Typea,Renault,Mail
2026-01-14 05:00:00,0.0,0.0,0.0,1,1,5,80,1.0,5,Typea,Renault,Mail
2026-01-14 06:00:00,0.0,0.0,0.0,1,1,5,80,1.0,5,Typea,Renault,Mail
2026-01-14 07:00:00,0.0,0.0,0.0,1,1,5,80,1.0,5,Typea,Renault,Mail
2026-01-14 08:00:00,0.0,0.0,0.0,1,1,5,80,1.0,5,Typea,Renault,Mail
2026-01-14 09:00:00,0.0,0.0,0.0,1,1,5,80,1.0,5,Typea,Renault,Mail
2026-01-14 10:00:00,12.456853244167322,1.373336928036337,0.11024750000000001,0,0,5,0,1.102475,5,Typea,Renault,Mail
2026-01-14 11:00:00,12.456853244167322,2.087944009592558,0.16761408107382153,0,0,5,0,1.102475,5,Typea,Renault,Mail
2026-01-14 12:00:00,12.456853244167322,2.222355611402425,0.1784042540954715,0,0,5,0,1.102475,5,Typea,Renault,Mail
2026-01-14 13:00:00,12.456853244167322,4.034826312054173,0.32390413798471956,0,0,5,0,1.102475,5,Typea,Renault,Mail
2026-01-14 14:00:00,12.456853244167322,2.9105839043657653,0.2336532226329783,0,0,5,0,1.102475,5,Typea,Renault,Mail
2026-01-14 15:00:00,12.456853244167322,4.875114346886227,0.3913600209723033,0,0,5,0,1.102475,5,Typea,Renault,Mail
2026-01-14 16:00:00,12.456853244167322,1.8527979704198358,0.14873723998373123,0,0,5,0,1.102475,5,Typea,Renault,Mail
2026-01-14 17:00:00,12.456853244167322,6.180016176163516,0.4961137500000001,0,0,5,0,1.102475,5,Typea,Renault,Mail
2026-01-14 18:00:00,12.456853244167322,3.904461654086357,0.3134388418611695,0,0,5,0,1.102475,5,Typea,Renault,Mail
2026-01-14 19:00:00,12.456853244167322,3.458806175280243,0.27766291433992457,0,0,5,0,1.102475,5,Typea,Renault,Mail
2026-01-14 20:00:00,12.456853244167322,5.417685732360021,0.4349160760079394,0,0,5,0,1.102475,5,Typea,Renault,Mail
2026-01-14 21:00:00,0.0,0.0,0.0,1,1,5,80,1.0,5,Typea,Renault,Mail
2026-01-14 22:00:00,0.0,0.0,0.0,1,1,5,80,1.0,5,Typea,Renault,Mail
2026-01-14 23:00:00,0.0,0.0,0.0,1,1,5,80,1.0,5,Typea,Renault,Mail
2026-01-01 00:00:00,0.0,0.0,0.0,1,1,6,80,1.0,6,Typea,Renault,Mail
2026-01-01 01:00:00,0.0,0.0,0.0,1,1,6,80,1.0,6,Typea,Renault,Mail
2026-01-01 02:00:00,0.0,0.0,0.0,1,1,6,80,1.0,6,Typea,Renault,Mail
2026-01-01 03:00:00,0.0,0.0,0.0,1,1,6,80,1.0,6,Typea,Renault,Mail
2026-01-01 04:00:00,0.0,0.0,0.0,1,1,6,80,1.0,6,Typea,Renault,Mail
2026-01-01 05:00:00,0.0,0.0,0.0,1,1,6,80,1.0,6,Typea,Renault,Mail
2026-01-01 06:00:00,0.0,0.0,0.0,1,1,6,80,1.0,6,Typea,Renault,Mail
2026-01-01 07:00:00,0.0,0.0,0.0,1,1,6,80,1.0,6,Typea,Renault,Mail
2026-01-01 08:00:00,10.839787405132135,1.2463049112798308,0.11497503269204,0,0,6,0,1.1329772784640002,6,Typea,Renault,Mail
2026-01-01 09:00:00,10.839787405132135,1.2281232833394953,0.11329772784640002,0,0,6,0,1.1329772784640002,6,Typea,Renault,Mail
2026-01-01 10:00:00,10.839787405132135,3.298346991216676,0.3042815202865567,0,0,6,0,1.1329772784640002,6,Typea,Renault,Mail
2026-01-01 11:00:00,10.839787405132135,4.328685585754049,0.3993330702873949,0,0,6,0,1.1329772784640002,6,Typea,Renault,Mail
2026-01-01 12:00:00,10.839787405132135,1.7829213731342637,0.16447936721435452,0,0,6,0,1.1329772784640002,6,Typea,Renault,Mail
2026-01-01 13:00:00,10.839787405132135,1.2281232833394953,0.11329772784640002,0,0,6,0,1.1329772784640002,6,Typea,Renault,Mail
2026-01-01 14:00:00,10.839787405132135,3.3348533221867696,0.30764932904568515,0,0,6,0,1.1329772784640002,6,Typea,Renault,Mail
2026-01-01 15:00:00,10.839787405132135,2.59974120616046,0.2398332281802504,0,0,6,0,1.1329772784640002,6,Typea,Renault,Mail
2026-01-01 16:00:00,10.839787405132135,2.464542799498823,0.22736080583388346,0,0,6,0,1.1329772784640002,6,Typea,Renault,Mail
2026-01-01 17:00:00,10.839787405132135,3.948820290791998,0.3642894591200576,0,0,6,0,1.1329772784640002,6,Typea,Renault,Mail
2026-01-01 18:00:00,10.839787405132135,5.526554775027729,0.5098397753088001,0,0,6,0,1.1329772784640002,6,Typea,Renault,Mail
2026-01-01 19:00:00,0.0,0.0,0.0,1,1,6,80,1.0,6,Typea,Renault,Mail
2026-01-01 20:00:00,0.0,0.0,0.0,1,1,6,80,1.0,6,Typea,Renault,Mail
2026-01-01 21:00:00,0.0,0.0,0.0,1,1,6,80,1.0,6,Typea,Renault,Mail
2026-01-01 22:00:00,0.0,0.0,0.0,1,1,6,80,1.0,6,Typea,Renault,Mail
2026-01-01 23:00:00,0.0,0.0,0.0,1,1,6,80,1.0,6,Typea,Renault,Mail
2026-01-02 00:00:00,0.0,0.0,0.0,1,1,6,80,1.0,6,Typea,Renault,Mail
2026-01-02 01:00:00,0.0,0.0,0.0,1,1,6,80,1.0,6,Typea,Renault,Mail
2026-01-02 02:00:00,0.0,0.0,0.0,1,1,6,80,1.0,6,Typea,Renault,Mail
2026-01-02 03:00:00,0.0,0.0,0.0,1,1,6,80,1.0,6,Typea,Renault,Mail
2026-01-02 04:00:00,0.0,0.0,0.0,1,1,6,80,1.0,6,Typea,Renault,Mail
2026-01-02 05:00:00,0.0,0.0,0.0,1,1,6,80,1.0,6,Typea,Renault,Mail
2026-01-02 06:00:00,0.0,0.0,0.0,1,1,6,80,1.0,6,Typea,Renault,Mail
2026-01-02 07:00:00,8.628978345431554,4.786196743779576,0.5546655180000001,0,0,6,0,1.23259004,6,Typea,Renault,Mail
2026-01-02 08:00:00,8.628978345431554,1.0635992763954614,0.123259004,0,0,6,0,1.23259004,6,Typea,Renault,Mail
2026-01-02 09:00:00,8.628978345431554,1.0635992763954614,0.123259004,0,0,6,0,1.23259004,6,Typea,Renault,Mail
2026-01-02 10:00:00,8.628978345431554,1.0635992763954614,0.123259004,0,0,6,0,1.23259004,6,Typea,Renault,Mail
2026-01-02 11:00:00,8.628978345431554,1.0635992763954614,0.123259004,0,0,6,0,1.23259004,6,Typea,Renault,Mail
2026-01-02 12:00:00,8.628978345431554,1.0635992763954614,0.123259004,0,0,6,0,1.23259004,6,Typea,Renault,Mail
2026-01-02 13:00:00,8.628978345431554,2.0765838536874206,0.24065234267123034,0,0,6,0,1.23259004,6,Typea,Renault,Mail
2026-01-02 14:00:00,8.628978345431554,1.8386537474243367,0.21307896182145092,0,0,6,0,1.23259004,6,Typea,Renault,Mail
2026-01-02 15:00:00,8.628978345431554,1.4405316276469573,0.16694115687630842,0,0,6,0,1.23259004,6,Typea,Renault,Mail
2026-01-02 16:00:00,8.628978345431554,1.0635992763954614,0.123259004,0,0,6,0,1.23259004,6,Typea,Renault,Mail
2026-01-02 17:00:00,8.628978345431554,3.812142240385333,0.4417837300986621,0,0,6,0,1.23259004,6,Typea,Renault,Mail
2026-01-02 18:00:00,8.628978345431554,1.0635992763954614,0.123259004,0,0,6,0,1.23259004,6,Typea,Renault,Mail
2026-01-02 19:00:00,8.628978345431554,1.0635992763954614,0.123259004,0,0,6,0,1.23259004,6,Typea,Renault,Mail
2026-01-02 20:00:00,0.0,0.0,0.0,1,1,6,80,1.0,6,Typea,Renault,Mail
2026-01-02 21:00:00,0.0,0.0,0.0,1,1,6,80,1.0,6,Typea,Renault,Mail
2026-01-02 22:00:00,0.0,0.0,0.0,1,1,6,80,1.0,6,Typea,Renault,Mail
2026-01-02 23:00:00,0.0,0.0,0.0,1,1,6,80,1.0,6,Typea,Renault,Mail
2026-01-03 00:00:00,0.0,0.0,0.0,1,1,6,80,1.0,6,Typea,Renault,Mail
2026-01-03 01:00:00,0.0,0.0,0.0,1,1,6,80,1.0,6,Typea,Renault,Mail
2026-01-03 02:00:00,0.0,0.0,0.0,1,1,6,80,1.0,6,Typea,Renault,Mail
2026-01-03 03:00:00,0.0,0.0,0.0,1,1,6,80,1.0,6,Typea,Renault,Mail
2026-01-03 04:00:00,0.0,0.0,0.0,1,1,6,80,1.0,6,Typea,Renault,Mail
2026-01-03 05:00:00,0.0,0.0,0.0,1,1,6,80,1.0,6,Typea,Renault,Mail
2026-01-03 06:00:00,0.0,0.0,0.0,1,1,6,80,1.0,6,Typea,Renault,Mail
2026-01-03 07:00:00,0.0,0.0,0.0,1,1,6,80,1.0,6,Typea,Renault,Mail
2026-01-03 08:00:00,6.8401443613369715,0.8270069768358908,0.1209049010004,0,0,6,0,1.209049010004,6,Typea,Renault,Mail
2026-01-03 09:00:00,6.8401443613369715,1.6961005801572215,0.24796268770937205,0,0,6,0,1.209049010004,6,Typea,Renault,Mail
2026-01-03 10:00:00,6.8401443613369715,2.7039321679939907,0.3953033774078829,0,0,6,0,1.209049010004,6,Typea,Renault,Mail
2026-01-03 11:00:00,6.8401443613369715,2.7280719146859584,0.3988325056567565,0,0,6,0,1.209049010004,6,Typea,Renault,Mail
2026-01-03 12:00:00,6.8401443613369715,2.935434239314397,0.4291479951660901,0,0,6,0,1.209049010004,6,Typea,Renault,Mail
2026-01-03 13:00:00,6.8401443613369715,0.8270069768358908,0.1209049010004,0,0,6,0,1.209049010004,6,Typea,Renault,Mail
2026-01-03 14:00:00,6.8401443613369715,0.8270069768358908,0.1209049010004,0,0,6,0,1.209049010004,6,Typea,Renault,Mail
2026-01-03 15:00:00,6.8401443613369715,1.0824475730902983,0.15824922924268864,0,0,6,0,1.209049010004,6,Typea,Renault,Mail
2026-01-03 16:00:00,6.8401443613369715,2.2480911156325516,0.3286613552105121,0,0,6,0,1.209049010004,6,Typea,Renault,Mail
2026-01-03 17:00:00,6.8401443613369715,1.5519570282788182,0.22688951377269959,0,0,6,0,1.209049010004,6,Typea,Renault,Mail
2026-01-03 18:00:00,6.8401443613369715,2.505345320384087,0.36627082529796107,0,0,6,0,1.209049010004,6,Typea,Renault,Mail
2026-01-03 19:00:00,6.8401443613369715,3.625748536194491,0.5300690080005569,0,0,6,0,1.209049010004,6,Typea,Renault,Mail
2026-01-03 20:00:00,6.8401443613369715,1.5554937654910619,0.22740656970389228,0,0,6,0,1.209049010004,6,Typea,Renault,Mail
2026-01-03 21:00:00,0.0,0.0,0.0,1,1,6,80,1.0,6,Typea,Renault,Mail
2026-01-03 22:00:00,0.0,0.0,0.0,1,1,6,80,1.0,6,Typea,Renault,Mail
2026-01-03 23:00:00,0.0,0.0,0.0,1,1,6,80,1.0,6,Typea,Renault,Mail
2026-01-04 00:00:00,0.0,0.0,0.0,1,1,6,80,1.0,6,Typea,Renault,Mail
2026-01-04 01:00:00,0.0,0.0,0.0,1,1,6,80,1.0,6,Typea,Renault,Mail
2026-01-04 02:00:00,0.0,0.0,0.0,1,1,6,80,1.0,6,Typea,Renault,Mail
2026-01-04 03:00:00,0.0,0.0,0.0,1,1,6,80,1.0,6,Typea,Renault,Mail
2026-01-04 04:00:00,0.0,0.0,0.0,1,1,6,80,1.0,6,Typea,Renault,Mail
2026-01-04 05:00:00,0.0,0.0,0.0,1,1,6,80,1.0,6,Typea,Renault,Mail
2026-01-04 06:00:00,0.0,0.0,0.0,1,1,6,80,1.0,6,Typea,Renault,Mail
2026-01-04 07:00:00,0.0,0.0,0.0,1,1,6,80,1.0,6,Typea,Renault,Mail
2026-01-04 08:00:00,6.060171356343383,0.9482801678962552,0.1564774512363679,0,0,6,0,1.3050301525,6,Typea,Renault,Mail
2026-01-04 09:00:00,6.060171356343383,2.522804439375028,0.4162925915839533,0,0,6,0,1.3050301525,6,Typea,Renault,Mail
2026-01-04 10:00:00,6.060171356343383,1.188251005999382,0.1960754797396282,0,0,6,0,1.3050301525,6,Typea,Renault,Mail
2026-01-04 11:00:00,6.060171356343383,0.7908706349344938,0.13050301525000002,0,0,6,0,1.3050301525,6,Typea,Renault,Mail
2026-01-04 12:00:00,6.060171356343383,0.7908706349344938,0.13050301525000002,0,0,6,0,1.3050301525,6,Typea,Renault,Mail
2026-01-04 13:00:00,6.060171356343383,3.1420783608205483,0.5184801181457733,0,0,6,0,1.3050301525,6,Typea,Renault,Mail
2026-01-04 14:00:00,6.060171356343383,3.29552919200407,0.543801321484834,0,0,6,0,1.3050301525,6,Typea,Renault,Mail
2026-01-04 15:00:00,6.060171356343383,2.833058360470224,0.46748816062845616,0,0,6,0,1.3050301525,6,Typea,Renault,Mail
2026-01-04 16:00:00,6.060171356343383,1.667283454956785,0.2751215034887725,0,0,6,0,1.3050301525,6,Typea,Renault,Mail
2026-01-04 17:00:00,6.060171356343383,0.7908706349344938,0.13050301525000002,0,0,6,0,1.3050301525,6,Typea,Renault,Mail
2026-01-04 18:00:00,6.060171356343383,0.7908706349344938,0.13050301525000002,0,0,6,0,1.3050301525,6,Typea,Renault,Mail
2026-01-04 19:00:00,6.060171356343383,2.387634009223305,0.39398787077597885,0,0,6,0,1.3050301525,6,Typea,Renault,Mail
2026-01-04 20:00:00,6.060171356343383,1.245875269096437,0.20558416517254713,0,0,6,0,1.3050301525,6,Typea,Renault,Mail
2026-01-04 21:00:00,0.0,0.0,0.0,1,1,6,80,1.0,6,Typea,Renault,Mail
2026-01-04 22:00:00,0.0,0.0,0.0,1,1,6,80,1.0,6,Typea,Renault,Mail
2026-01-04 23:00:00,0.0,0.0,0.0,1,1,6,80,1.0,6,Typea,Renault,Mail
2026-01-05 00:00:00,0.0,0.0,0.0,1,1,6,80,1.0,6,Typea,Renault,Mail
2026-01-05 01:00:00,0.0,0.0,0.0,1,1,6,80,1.0,6,Typea,Renault,Mail
2026-01-05 02:00:00,0.0,0.0,0.0,1,1,6,80,1.0,6,Typea,Renault,Mail
2026-01-05 03:00:00,0.0,0.0,0.0,1,1,6,80,1.0,6,Typea,Renault,Mail
2026-01-05 04:00:00,0.0,0.0,0.0,1,1,6,80,1.0,6,Typea,Renault,Mail
2026-01-05 05:00:00,0.0,0.0,0.0,1,1,6,80,1.0,6,Typea,Renault,Mail
2026-01-05 06:00:00,8.617873802886256,2.5557044985721515,0.2965585893954733,0,0,6,0,1.226197579604,6,Typea,Renault,Mail
2026-01-05 07:00:00,8.617873802886256,1.8679476580554069,0.21675272819959404,0,0,6,0,1.226197579604,6,Typea,Renault,Mail
2026-01-05 08:00:00,8.617873802886256,3.692387206453805,0.42845686661333665,0,0,6,0,1.226197579604,6,Typea,Renault,Mail
2026-01-05 09:00:00,8.617873802886256,2.968229873812257,0.34442716866173545,0,0,6,0,1.226197579604,6,Typea,Renault,Mail
2026-01-05 10:00:00,8.617873802886256,1.0567215998431847,0.12261975796040002,0,0,6,0,1.226197579604,6,Typea,Renault,Mail
2026-01-05 11:00:00,8.617873802886256,1.8426112614309493,0.213812745878668,0,0,6,0,1.226197579604,6,Typea,Renault,Mail
2026-01-05 12:00:00,8.617873802886256,1.0567215998431847,0.12261975796040002,0,0,6,0,1.226197579604,6,Typea,Renault,Mail
2026-01-05 13:00:00,8.617873802886256,2.168330500493658,0.25160852317974897,0,0,6,0,1.226197579604,6,Typea,Renault,Mail
2026-01-05 14:00:00,8.617873802886256,2.4739812920212447,0.2870755999226481,0,0,6,0,1.226197579604,6,Typea,Renault,Mail
2026-01-05 15:00:00,8.617873802886256,1.0567215998431847,0.12261975796040002,0,0,6,0,1.226197579604,6,Typea,Renault,Mail
2026-01-05 16:00:00,8.617873802886256,1.5397296461642191,0.1786669985407004,0,0,6,0,1.226197579604,6,Typea,Renault,Mail
2026-01-05 17:00:00,8.617873802886256,2.51577880338576,0.2919256954706378,0,0,6,0,1.226197579604,6,Typea,Renault,Mail
2026-01-05 18:00:00,8.617873802886256,2.6391571253965753,0.3062422571693591,0,0,6,0,1.226197579604,6,Typea,Renault,Mail
2026-01-05 19:00:00,8.617873802886256,2.129138139104017,0.24706072377051244,0,0,6,0,1.226197579604,6,Typea,Renault,Mail
2026-01-05 20:00:00,8.617873802886256,1.8539937068489354,0.21513354097016424,0,0,6,0,1.226197579604,6,Typea,Renault,Mail
2026-01-05 21:00:00,8.617873802886256,2.4592299299270577,0.285363882806386,0,0,6,0,1.226197579604,6,Typea,Renault,Mail
2026-01-05 22:00:00,8.617873802886256,1.9603540660968362,0.22747537396524464,0,0,6,0,1.226197579604,6,Typea,Renault,Mail
2026-01-05 23:00:00,0.0,0.0,0.0,1,1,6,80,1.0,6,Typea,Renault,Mail
2026-01-06 00:00:00,0.0,0.0,0.0,1,1,6,80,1.0,6,Typea,Renault,Mail
2026-01-06 01:00:00,0.0,0.0,0.0,1,1,6,80,1.0,6,Typea,Renault,Mail
2026-01-06 02:00:00,0.0,0.0,0.0,1,1,6,80,1.0,6,Typea,Renault,Mail
2026-01-06 03:00:00,0.0,0.0,0.0,1,1,6,80,1.0,6,Typea,Renault,Mail
2026-01-06 04:00:00,0.0,0.0,0.0,1,1,6,80,1.0,6,Typea,Renault,Mail
2026-01-06 05:00:00,0.0,0.0,0.0,1,1,6,80,1.0,6,Typea,Renault,Mail
2026-01-06 06:00:00,0.0,0.0,0.0,1,1,6,80,1.0,6,Typea,Renault,Mail
2026-01-06 07:00:00,0.0,0.0,0.0,1,1,6,80,1.0,6,Typea,Renault,Mail
2026-01-06 08:00:00,0.0,0.0,0.0,1,1,6,80,1.0,6,Typea,Renault,Mail
2026-01-06 09:00:00,8.17042170768473,2.5503405904616527,0.31214307923211815,0,0,6,0,1.3306301459840002,6,Typea,Renault,Mail
2026-01-06 10:00:00,8.17042170768473,1.0871809429647377,0.13306301459840003,0,0,6,0,1.3306301459840002,6,Typea,Renault,Mail
2026-01-06 11:00:00,8.17042170768473,3.752417421240007,0.4592685121394227,0,0,6,0,1.3306301459840002,6,Typea,Renault,Mail
2026-01-06 12:00:00,8.17042170768473,1.6834951909262605,0.20604752742968468,0,0,6,0,1.3306301459840002,6,Typea,Renault,Mail
2026-01-06 13:00:00,8.17042170768473,2.0679534349545827,0.2531024112267742,0,0,6,0,1.3306301459840002,6,Typea,Renault,Mail
2026-01-06 14:00:00,8.17042170768473,3.942197667704694,0.4824962295393934,0,0,6,0,1.3306301459840002,6,Typea,Renault,Mail
2026-01-06 15:00:00,8.17042170768473,1.2442840969998865,0.1522912943195538,0,0,6,0,1.3306301459840002,6,Typea,Renault,Mail
2026-01-06 16:00:00,8.17042170768473,1.0871809429647377,0.13306301459840003,0,0,6,0,1.3306301459840002,6,Typea,Renault,Mail
2026-01-06 17:00:00,8.17042170768473,1.0871809429647377,0.13306301459840003,0,0,6,0,1.3306301459840002,6,Typea,Renault,Mail
2026-01-06 18:00:00,8.17042170768473,1.7898355398374148,0.21906281020402854,0,0,6,0,1.3306301459840002,6,Typea,Renault,Mail
2026-01-06 19:00:00,8.17042170768473,2.496634593795092,0.3055698571160495,0,0,6,0,1.3306301459840002,6,Typea,Renault,Mail
2026-01-06 20:00:00,8.17042170768473,4.413640212784249,0.5401973570878206,0,0,6,0,1.3306301459840002,6,Typea,Renault,Mail
2026-01-06 21:00:00,0.0,0.0,0.0,1,1,6,80,1.0,6,Typea,Renault,Mail
2026-01-06 22:00:00,0.0,0.0,0.0,1,1,6,80,1.0,6,Typea,Renault,Mail
2026-01-06 23:00:00,0.0,0.0,0.0,1,1,6,80,1.0,6,Typea,Renault,Mail
2026-01-07 00:00:00,0.0,0.0,0.0,1,1,6,80,1.0,6,Typea,Renault,Mail
2026-01-07 01:00:00,0.0,0.0,0.0,1,1,6,80,1.0,6,Typea,Renault,Mail
2026-01-07 02:00:00,0.0,0.0,0.0,1,1,6,80,1.0,6,Typea,Renault,Mail
2026-01-07 03:00:00,0.0,0.0,0.0,1,1,6,80,1.0,6,Typea,Renault,Mail
2026-01-07 04:00:00,0.0,0.0,0.0,1,1,6,80,1.0,6,Typea,Renault,Mail
2026-01-07 05:00:00,0.0,0.0,0.0,1,1,6,80,1.0,6,Typea,Renault,Mail
2026-01-07 06:00:00,0.0,0.0,0.0,1,1,6,80,1.0,6,Typea,Renault,Mail
2026-01-07 07:00:00,0.0,0.0,0.0,1,1,6,80,1.0,6,Typea,Renault,Mail
2026-01-07 08:00:00,9.05827001433347,3.9447372327867263,0.43548461533435423,0,0,6,0,1.282756305344,6,Typea,Renault,Mail
2026-01-07 09:00:00,9.05827001433347,1.1619552976394745,0.12827563053440003,0,0,6,0,1.282756305344,6,Typea,Renault,Mail
2026-01-07 10:00:00,9.05827001433347,3.075487730668515,0.33952263796530435,0,0,6,0,1.282756305344,6,Typea,Renault,Mail
2026-01-07 11:00:00,9.05827001433347,1.8429967572860066,0.20346012587058201,0,0,6,0,1.282756305344,6,Typea,Renault,Mail
2026-01-07 12:00:00,9.05827001433347,1.1619552976394745,0.12827563053440003,0,0,6,0,1.282756305344,6,Typea,Renault,Mail
2026-01-07 13:00:00,9.05827001433347,1.3438131202060748,0.14835207143082232,0,0,6,0,1.282756305344,6,Typea,Renault,Mail
2026-01-07 14:00:00,9.05827001433347,2.8259061561061944,0.3119697416432261,0,0,6,0,1.282756305344,6,Typea,Renault,Mail
2026-01-07 15:00:00,9.05827001433347,2.0552942594393153,0.2268969964669958,0,0,6,0,1.282756305344,6,Typea,Renault,Mail
2026-01-07 16:00:00,9.05827001433347,1.1619552976394745,0.12827563053440003,0,0,6,0,1.282756305344,6,Typea,Renault,Mail
2026-01-07 17:00:00,9.05827001433347,1.1619552976394745,0.12827563053440003,0,0,6,0,1.282756305344,6,Typea,Renault,Mail
2026-01-07 18:00:00,9.05827001433347,1.1619552976394745,0.12827563053440003,0,0,6,0,1.282756305344,6,Typea,Renault,Mail
2026-01-07 19:00:00,9.05827001433347,2.566770194140554,0.2833620757693237,0,0,6,0,1.282756305344,6,Typea,Renault,Mail
2026-01-07 20:00:00,9.05827001433347,2.4951378597235023,0.27545412708776496,0,0,6,0,1.282756305344,6,Typea,Renault,Mail
2026-01-07 21:00:00,9.05827001433347,2.0563763340840104,0.22701645356454123,0,0,6,0,1.282756305344,6,Typea,Renault,Mail
2026-01-07 22:00:00,0.0,0.0,0.0,1,1,6,80,1.0,6,Typea,Renault,Mail
2026-01-07 23:00:00,0.0,0.0,0.0,1,1,6,80,1.0,6,Typea,Renault,Mail
2026-01-08 00:00:00,0.0,0.0,0.0,1,1,6,80,1.0,6,Typea,Renault,Mail
2026-01-08 01:00:00,0.0,0.0,0.0,1,1,6,80,1.0,6,Typea,Renault,Mail
2026-01-08 02:00:00,0.0,0.0,0.0,1,1,6,80,1.0,6,Typea,Renault,Mail
2026-01-08 03:00:00,0.0,0.0,0.0,1,1,6,80,1.0,6,Typea,Renault,Mail
2026-01-08 04:00:00,0.0,0.0,0.0,1,1,6,80,1.0,6,Typea,Renault,Mail
2026-01-08 05:00:00,0.0,0.0,0.0,1,1,6,80,1.0,6,Typea,Renault,Mail
2026-01-08 06:00:00,0.0,0.0,0.0,1,1,6,80,1.0,6,Typea,Renault,Mail
2026-01-08 07:00:00,0.0,0.0,0.0,1,1,6,80,1.0,6,Typea,Renault,Mail
2026-01-08 08:00:00,10.423720298874859,2.835020717539083,0.27197781945905597,0,0,6,0,1.176585222144,6,Typea,Renault,Mail
2026-01-08 09:00:00,10.423720298874859,1.22643952634186,0.11765852221440001,0,0,6,0,1.176585222144,6,Typea,Renault,Mail
2026-01-08 10:00:00,10.423720298874859,2.599168262330407,0.24935130527350802,0,0,6,0,1.176585222144,6,Typea,Renault,Mail
2026-01-08 11:00:00,10.423720298874859,1.22643952634186,0.11765852221440001,0,0,6,0,1.176585222144,6,Typea,Renault,Mail
2026-01-08 12:00:00,10.423720298874859,3.210675637029507,0.3080162883280808,0,0,6,0,1.176585222144,6,Typea,Renault,Mail
2026-01-08 13:00:00,10.423720298874859,1.22643952634186,0.11765852221440001,0,0,6,0,1.176585222144,6,Typea,Renault,Mail
2026-01-08 14:00:00,10.423720298874859,1.5680389537912782,0.15042987617007844,0,0,6,0,1.176585222144,6,Typea,Renault,Mail
2026-01-08 15:00:00,10.423720298874859,2.662451585336015,0.2554223932527623,0,0,6,0,1.176585222144,6,Typea,Renault,Mail
2026-01-08 16:00:00,10.423720298874859,4.320294014826519,0.41446756925095674,0,0,6,0,1.176585222144,6,Typea,Renault,Mail
2026-01-08 17:00:00,10.423720298874859,1.855335841815387,0.17799171395798605,0,0,6,0,1.176585222144,6,Typea,Renault,Mail
2026-01-08 18:00:00,10.423720298874859,3.3758888045687576,0.32386601978692314,0,0,6,0,1.176585222144,6,Typea,Renault,Mail
2026-01-08 19:00:00,10.423720298874859,3.322091643259519,0.3187049870877778,0,0,6,0,1.176585222144,6,Typea,Renault,Mail
2026-01-08 20:00:00,0.0,0.0,0.0,1,1,6,80,1.0,6,Typea,Renault,Mail
2026-01-08 21:00:00,0.0,0.0,0.0,1,1,6,80,1.0,6,Typea,Renault,Mail
2026-01-08 22:00:00,0.0,0.0,0.0,1,1,6,80,1.0,6,Typea,Renault,Mail
2026-01-08 23:00:00,0.0,0.0,0.0,1,1,6,80,1.0,6,Typea,Renault,Mail
2026-01-09 00:00:00,0.0,0.0,0.0,1,1,6,80,1.0,6,Typea,Renault,Mail
2026-01-09 01:00:00,0.0,0.0,0.0,1,1,6,80,1.0,6,Typea,Renault,Mail
2026-01-09 02:00:00,0.0,0.0,0.0,1,1,6,80,1.0,6,Typea,Renault,Mail
2026-01-09 03:00:00,0.0,0.0,0.0,1,1,6,80,1.0,6,Typea,Renault,Mail
2026-01-09 04:00:00,0.0,0.0,0.0,1,1,6,80,1.0,6,Typea,Renault,Mail
2026-01-09 05:00:00,0.0,0.0,0.0,1,1,6,80,1.0,6,Typea,Renault,Mail
2026-01-09 06:00:00,0.0,0.0,0.0,1,1,6,80,1.0,6,Typea,Renault,Mail
2026-01-09 07:00:00,0.0,0.0,0.0,1,1,6,80,1.0,6,Typea,Renault,Mail
2026-01-09 08:00:00,0.0,0.0,0.0,1,1,6,80,1.0,6,Typea,Renault,Mail
2026-01-09 09:00:00,12.601524926907343,3.2143745182079897,0.25507821766431715,0,0,6,0,1.137342385344,6,Typea,Renault,Mail
2026-01-09 10:00:00,12.601524926907343,4.976178870190315,0.3948870393903641,0,0,6,0,1.137342385344,6,Typea,Renault,Mail
2026-01-09 11:00:00,12.601524926907343,1.7435468849912164,0.13835999175530864,0,0,6,0,1.137342385344,6,Typea,Renault,Mail
2026-01-09 12:00:00,12.601524926907343,3.4090276395830212,0.27052500862843293,0,0,6,0,1.137342385344,6,Typea,Renault,Mail
2026-01-09 13:00:00,12.601524926907343,2.9508701064670424,0.23416769982863042,0,0,6,0,1.137342385344,6,Typea,Renault,Mail
2026-01-09 14:00:00,12.601524926907343,1.4332248419340672,0.1137342385344,0,0,6,0,1.137342385344,6,Typea,Renault,Mail
2026-01-09 15:00:00,12.601524926907343,4.844334412657931,0.3844244597980432,0,0,6,0,1.137342385344,6,Typea,Renault,Mail
2026-01-09 16:00:00,12.601524926907343,3.3639747289144517,0.26694981348896446,0,0,6,0,1.137342385344,6,Typea,Renault,Mail
2026-01-09 17:00:00,12.601524926907343,3.0015398564431126,0.2381886219209938,0,0,6,0,1.137342385344,6,Typea,Renault,Mail
2026-01-09 18:00:00,12.601524926907343,1.4332248419340672,0.1137342385344,0,0,6,0,1.137342385344,6,Typea,Renault,Mail
2026-01-09 19:00:00,12.601524926907343,1.4332248419340672,0.1137342385344,0,0,6,0,1.137342385344,6,Typea,Renault,Mail
2026-01-09 20:00:00,0.0,0.0,0.0,1,1,6,80,1.0,6,Typea,Renault,Mail
2026-01-09 21:00:00,0.0,0.0,0.0,1,1,6,80,1.0,6,Typea,Renault,Mail
2026-01-09 22:00:00,0.0,0.0,0.0,1,1,6,80,1.0,6,Typea,Renault,Mail
2026-01-09 23:00:00,0.0,0.0,0.0,1,1,6,80,1.0,6,Typea,Renault,Mail
2026-01-10 00:00:00,0.0,0.0,0.0,1,1,6,80,1.0,6,Typea,Renault,Mail
2026-01-10 01:00:00,0.0,0.0,0.0,1,1,6,80,1.0,6,Typea,Renault,Mail
2026-01-10 02:00:00,0.0,0.0,0.0,1,1,6,80,1.0,6,Typea,Renault,Mail
2026-01-10 03:00:00,0.0,0.0,0.0,1,1,6,80,1.0,6,Typea,Renault,Mail
2026-01-10 04:00:00,0.0,0.0,0.0,1,1,6,80,1.0,6,Typea,Renault,Mail
2026-01-10 05:00:00,0.0,0.0,0.0,1,1,6,80,1.0,6,Typea,Renault,Mail
2026-01-10 06:00:00,0.0,0.0,0.0,1,1,6,80,1.0,6,Typea,Renault,Mail
2026-01-10 07:00:00,8.284238223770979,0.9855012964749723,0.11896100400000001,0,0,6,0,1.18961004,6,Typea,Renault,Mail
2026-01-10 08:00:00,8.284238223770979,0.9855012964749723,0.11896100400000001,0,0,6,0,1.18961004,6,Typea,Renault,Mail
2026-01-10 09:00:00,8.284238223770979,2.4535575304751607,0.29617177393992217,0,0,6,0,1.18961004,6,Typea,Renault,Mail
2026-01-10 10:00:00,8.284238223770979,0.9855012964749723,0.11896100400000001,0,0,6,0,1.18961004,6,Typea,Renault,Mail
2026-01-10 11:00:00,8.284238223770979,1.7258356619166286,0.2083276235302453,0,0,6,0,1.18961004,6,Typea,Renault,Mail
2026-01-10 12:00:00,8.284238223770979,2.808001185638716,0.3389570784651477,0,0,6,0,1.18961004,6,Typea,Renault,Mail
2026-01-10 13:00:00,8.284238223770979,2.6679352571360737,0.32204955785562034,0,0,6,0,1.18961004,6,Typea,Renault,Mail
2026-01-10 14:00:00,8.284238223770979,0.9855012964749723,0.11896100400000001,0,0,6,0,1.18961004,6,Typea,Renault,Mail
2026-01-10 15:00:00,8.284238223770979,3.068918025047987,0.37045265263400623,0,0,6,0,1.18961004,6,Typea,Renault,Mail
2026-01-10 16:00:00,8.284238223770979,3.521329406471041,0.4250637549710798,0,0,6,0,1.18961004,6,Typea,Renault,Mail
2026-01-10 17:00:00,8.284238223770979,1.078495458949118,0.13018643716141082,0,0,6,0,1.18961004,6,Typea,Renault,Mail
2026-01-10 18:00:00,8.284238223770979,0.9855012964749723,0.11896100400000001,0,0,6,0,1.18961004,6,Typea,Renault,Mail
2026-01-10 19:00:00,8.284238223770979,3.671829885858742,0.44323084231483245,0,0,6,0,1.18961004,6,Typea,Renault,Mail
2026-01-10 20:00:00,0.0,0.0,0.0,1,1,6,80,1.0,6,Typea,Renault,Mail
2026-01-10 21:00:00,0.0,0.0,0.0,1,1,6,80,1.0,6,Typea,Renault,Mail
2026-01-10 22:00:00,0.0,0.0,0.0,1,1,6,80,1.0,6,Typea,Renault,Mail
2026-01-10 23:00:00,0.0,0.0,0.0,1,1,6,80,1.0,6,Typea,Renault,Mail
2026-01-11 00:00:00,0.0,0.0,0.0,1,1,6,80,1.0,6,Typea,Renault,Mail
2026-01-11 01:00:00,0.0,0.0,0.0,1,1,6,80,1.0,6,Typea,Renault,Mail
2026-01-11 02:00:00,0.0,0.0,0.0,1,1,6,80,1.0,6,Typea,Renault,Mail
2026-01-11 03:00:00,0.0,0.0,0.0,1,1,6,80,1.0,6,Typea,Renault,Mail
2026-01-11 04:00:00,0.0,0.0,0.0,1,1,6,80,1.0,6,Typea,Renault,Mail
2026-01-11 05:00:00,0.0,0.0,0.0,1,1,6,80,1.0,6,Typea,Renault,Mail
2026-01-11 06:00:00,0.0,0.0,0.0,1,1,6,80,1.0,6,Typea,Renault,Mail
2026-01-11 07:00:00,0.0,0.0,0.0,1,1,6,80,1.0,6,Typea,Renault,Mail
2026-01-11 08:00:00,4.499143947984682,1.3197583530992243,0.29333543633125775,0,0,6,0,1.122069513044,6,Typea,Renault,Mail
2026-01-11 09:00:00,4.499143947984682,0.5048352258830032,0.1122069513044,0,0,6,0,1.122069513044,6,Typea,Renault,Mail
2026-01-11 10:00:00,4.499143947984682,1.1681299094338862,0.2596338154410754,0,0,6,0,1.122069513044,6,Typea,Renault,Mail
2026-01-11 11:00:00,4.499143947984682,1.585457365750837,0.35239089570828624,0,0,6,0,1.122069513044,6,Typea,Renault,Mail
2026-01-11 12:00:00,4.499143947984682,0.5048352258830032,0.1122069513044,0,0,6,0,1.122069513044,6,Typea,Renault,Mail
2026-01-11 13:00:00,4.499143947984682,0.5712462865563295,0.12696777279424676,0,0,6,0,1.122069513044,6,Typea,Renault,Mail
2026-01-11 14:00:00,4.499143947984682,0.8571330749037331,0.1905102581320324,0,0,6,0,1.122069513044,6,Typea,Renault,Mail
2026-01-11 15:00:00,4.499143947984682,0.5048352258830032,0.1122069513044,0,0,6,0,1.122069513044,6,Typea,Renault,Mail
2026-01-11 16:00:00,4.499143947984682,1.3415746702840297,0.2981844292590296,0,0,6,0,1.122069513044,6,Typea,Renault,Mail
2026-01-11 17:00:00,4.499143947984682,0.6813954948209561,0.15145003198356788,0,0,6,0,1.122069513044,6,Typea,Renault,Mail
2026-01-11 18:00:00,4.499143947984682,0.9492034986457719,0.21097424523857525,0,0,6,0,1.122069513044,6,Typea,Renault,Mail
2026-01-11 19:00:00,4.499143947984682,1.6480093859877885,0.3662939894879308,0,0,6,0,1.122069513044,6,Typea,Renault,Mail
2026-01-11 20:00:00,0.0,0.0,0.0,1,1,6,80,1.0,6,Typea,Renault,Mail
2026-01-11 21:00:00,0.0,0.0,0.0,1,1,6,80,1.0,6,Typea,Renault,Mail
2026-01-11 22:00:00,0.0,0.0,0.0,1,1,6,80,1.0,6,Typea,Renault,Mail
2026-01-11 23:00:00,0.0,0.0,0.0,1,1,6,80,1.0,6,Typea,Renault,Mail
2026-01-12 00:00:00,0.0,0.0,0.0,1,1,6,80,1.0,6,Typea,Renault,Mail
2026-01-12 01:00:00,0.0,0.0,0.0,1,1,6,80,1.0,6,Typea,Renault,Mail
2026-01-12 02:00:00,0.0,0.0,0.0,1,1,6,80,1.0,6,Typea,Renault,Mail
2026-01-12 03:00:00,0.0,0.0,0.0,1,1,6,80,1.0,6,Typea,Renault,Mail
2026-01-12 04:00:00,0.0,0.0,0.0,1,1,6,80,1.0,6,Typea,Renault,Mail
2026-01-12 05:00:00,0.0,0.0,0.0,1,1,6,80,1.0,6,Typea,Renault,Mail
2026-01-12 06:00:00,0.0,0.0,0.0,1,1,6,80,1.0,6,Typea,Renault,Mail
2026-01-12 07:00:00,0.0,0.0,0.0,1,1,6,80,1.0,6,Typea,Renault,Mail
2026-01-12 08:00:00,0.0,0.0,0.0,1,1,6,80,1.0,6,Typea,Renault,Mail
2026-01-12 09:00:00,0.0,0.0,0.0,1,1,6,80,1.0,6,Typea,Renault,Mail
2026-01-12 10:00:00,14.983041182193604,2.3868237999124537,0.15930169121800472,0,0,6,0,1.119889326784,6,Typea,Renault,Mail
2026-01-12 11:00:00,14.983041182193604,3.6733498916285283,0.24516717580634245,0,0,6,0,1.119889326784,6,Typea,Renault,Mail
2026-01-12 12:00:00,14.983041182193604,4.356396669062887,0.29075516886653086,0,0,6,0,1.119889326784,6,Typea,Renault,Mail
2026-01-12 13:00:00,14.983041182193604,4.590791659521723,0.3063991885023708,0,0,6,0,1.119889326784,6,Typea,Renault,Mail
2026-01-12 14:00:00,14.983041182193604,5.522957196347211,0.36861389681761647,0,0,6,0,1.119889326784,6,Typea,Renault,Mail
2026-01-12 15:00:00,14.983041182193604,3.1335274049172415,0.20913827618929862,0,0,6,0,1.119889326784,6,Typea,Renault,Mail
2026-01-12 16:00:00,14.983041182193604,1.6779347902703745,0.1119889326784,0,0,6,0,1.119889326784,6,Typea,Renault,Mail
2026-01-12 17:00:00,14.983041182193604,4.074621755897212,0.27194891253049763,0,0,6,0,1.119889326784,6,Typea,Renault,Mail
2026-01-12 18:00:00,14.983041182193604,7.550706556216684,0.5039501970528,0,0,6,0,1.119889326784,6,Typea,Renault,Mail
2026-01-12 19:00:00,0.0,0.0,0.0,1,1,6,80,1.0,6,Typea,Renault,Mail
2026-01-12 20:00:00,0.0,0.0,0.0,1,1,6,80,1.0,6,Typea,Renault,Mail
2026-01-12 21:00:00,0.0,0.0,0.0,1,1,6,80,1.0,6,Typea,Renault,Mail
2026-01-12 22:00:00,0.0,0.0,0.0,1,1,6,80,1.0,6,Typea,Renault,Mail
2026-01-12 23:00:00,0.0,0.0,0.0,1,1,6,80,1.0,6,Typea,Renault,Mail
2026-01-13 00:00:00,0.0,0.0,0.0,1,1,6,80,1.0,6,Typea,Renault,Mail
2026-01-13 01:00:00,0.0,0.0,0.0,1,1,6,80,1.0,6,Typea,Renault,Mail
2026-01-13 02:00:00,0.0,0.0,0.0,1,1,6,80,1.0,6,Typea,Renault,Mail
2026-01-13 03:00:00,0.0,0.0,0.0,1,1,6,80,1.0,6,Typea,Renault,Mail
2026-01-13 04:00:00,0.0,0.0,0.0,1,1,6,80,1.0,6,Typea,Renault,Mail
2026-01-13 05:00:00,0.0,0.0,0.0,1,1,6,80,1.0,6,Typea,Renault,Mail
2026-01-13 06:00:00,0.0,0.0,0.0,1,1,6,80,1.0,6,Typea,Renault,Mail
2026-01-13 07:00:00,0.0,0.0,0.0,1,1,6,80,1.0,6,Typea,Renault,Mail
2026-01-13 08:00:00,7.096849623520015,1.1919093105996872,0.16794907231083528,0,0,6,0,1.12425024,6,Typea,Renault,Mail
2026-01-13 09:00:00,7.096849623520015,0.7978634892486287,0.11242502400000001,0,0,6,0,1.12425024,6,Typea,Renault,Mail
2026-01-13 10:00:00,7.096849623520015,1.2603076305044358,0.17758691494992215,0,0,6,0,1.12425024,6,Typea,Renault,Mail
2026-01-13 11:00:00,7.096849623520015,1.7419650281388337,0.245456099614356,0,0,6,0,1.12425024,6,Typea,Renault,Mail
2026-01-13 12:00:00,7.096849623520015,2.987788139316201,0.421002035806737,0,0,6,0,1.12425024,6,Typea,Renault,Mail
2026-01-13 13:00:00,7.096849623520015,1.4483391689829477,0.20408198648917913,0,0,6,0,1.12425024,6,Typea,Renault,Mail
2026-01-13 14:00:00,7.096849623520015,2.14293125407534,0.30195528547953826,0,0,6,0,1.12425024,6,Typea,Renault,Mail
2026-01-13 15:00:00,7.096849623520015,2.107550765763393,0.29696990602402734,0,0,6,0,1.12425024,6,Typea,Renault,Mail
2026-01-13 16:00:00,7.096849623520015,1.488313033703902,0.20971460755930513,0,0,6,0,1.12425024,6,Typea,Renault,Mail
2026-01-13 17:00:00,7.096849623520015,2.530623881942028,0.35658412058713546,0,0,6,0,1.12425024,6,Typea,Renault,Mail
2026-01-13 18:00:00,7.096849623520015,3.331619592255576,0.4694504983188728,0,0,6,0,1.12425024,6,Typea,Renault,Mail
2026-01-13 19:00:00,7.096849623520015,2.8050539327398964,0.3952533985563863,0,0,6,0,1.12425024,6,Typea,Renault,Mail
2026-01-13 20:00:00,0.0,0.0,0.0,1,1,6,80,1.0,6,Typea,Renault,Mail
2026-01-13 21:00:00,0.0,0.0,0.0,1,1,6,80,1.0,6,Typea,Renault,Mail
2026-01-13 22:00:00,0.0,0.0,0.0,1,1,6,80,1.0,6,Typea,Renault,Mail
2026-01-13 23:00:00,0.0,0.0,0.0,1,1,6,80,1.0,6,Typea,Renault,Mail
2026-01-14 00:00:00,0.0,0.0,0.0,1,1,6,80,1.0,6,Typea,Renault,Mail
2026-01-14 01:00:00,0.0,0.0,0.0,1,1,6,80,1.0,6,Typea,Renault,Mail
2026-01-14 02:00:00,0.0,0.0,0.0,1,1,6,80,1.0,6,Typea,Renault,Mail
2026-01-14 03:00:00,0.0,0.0,0.0,1,1,6,80,1.0,6,Typea,Renault,Mail
2026-01-14 04:00:00,0.0,0.0,0.0,1,1,6,80,1.0,6,Typea,Renault,Mail
2026-01-14 05:00:00,0.0,0.0,0.0,1,1,6,80,1.0,6,Typea,Renault,Mail
2026-01-14 06:00:00,0.0,0.0,0.0,1,1,6,80,1.0,6,Typea,Renault,Mail
2026-01-14 07:00:00,0.0,0.0,0.0,1,1,6,80,1.0,6,Typea,Renault,Mail
2026-01-14 08:00:00,0.0,0.0,0.0,1,1,6,80,1.0,6,Typea,Renault,Mail
2026-01-14 09:00:00,0.0,0.0,0.0,1,1,6,80,1.0,6,Typea,Renault,Mail
2026-01-14 10:00:00,10.870248512418575,4.812691913528546,0.44273982402797396,0,0,6,0,1.102475,6,Typea,Renault,Mail
2026-01-14 11:00:00,10.870248512418575,5.392879752927902,0.4961137500000001,0,0,6,0,1.102475,6,Typea,Renault,Mail
2026-01-14 12:00:00,10.870248512418575,1.5760069614781733,0.14498352633591444,0,0,6,0,1.102475,6,Typea,Renault,Mail
2026-01-14 13:00:00,10.870248512418575,2.301084432844937,0.21168646054559773,0,0,6,0,1.102475,6,Typea,Renault,Mail
2026-01-14 14:00:00,10.870248512418575,2.674450939081391,0.24603401992383148,0,0,6,0,1.102475,6,Typea,Renault,Mail
2026-01-14 15:00:00,10.870248512418575,2.0277976372999005,0.1865456557854468,0,0,6,0,1.102475,6,Typea,Renault,Mail
2026-01-14 16:00:00,10.870248512418575,2.0970888312629152,0.1929200449159118,0,0,6,0,1.102475,6,Typea,Renault,Mail
2026-01-14 17:00:00,10.870248512418575,2.8047010915575696,0.25801628070907257,0,0,6,0,1.102475,6,Typea,Renault,Mail
2026-01-14 18:00:00,10.870248512418575,1.1984177228728672,0.11024750000000001,0,0,6,0,1.102475,6,Typea,Renault,Mail
2026-01-14 19:00:00,10.870248512418575,2.607534445451001,0.23987808949096767,0,0,6,0,1.102475,6,Typea,Renault,Mail
2026-01-14 20:00:00,0.0,0.0,0.0,1,1,6,80,1.0,6,Typea,Renault,Mail
2026-01-14 21:00:00,0.0,0.0,0.0,1,1,6,80,1.0,6,Typea,Renault,Mail
2026-01-14 22:00:00,0.0,0.0,0.0,1,1,6,80,1.0,6,Typea,Renault,Mail
2026-01-14 23:00:00,0.0,0.0,0.0,1,1,6,80,1.0,6,Typea,Renault,Mail
2026-01-01 00:00:00,0.0,0.0,0.0,1,1,7,80,1.0,7,Typea,Renault,Mail
2026-01-01 01:00:00,0.0,0.0,0.0,1,1,7,80,1.0,7,Typea,Renault,Mail
2026-01-01 02:00:00,0.0,0.0,0.0,1,1,7,80,1.0,7,Typea,Renault,Mail
2026-01-01 03:00:00,0.0,0.0,0.0,1,1,7,80,1.0,7,Typea,Renault,Mail
2026-01-01 04:00:00,0.0,0.0,0.0,1,1,7,80,1.0,7,Typea,Renault,Mail
2026-01-01 05:00:00,0.0,0.0,0.0,1,1,7,80,1.0,7,Typea,Renault,Mail
2026-01-01 06:00:00,0.0,0.0,0.0,1,1,7,80,1.0,7,Typea,Renault,Mail
2026-01-01 07:00:00,0.0,0.0,0.0,1,1,7,80,1.0,7,Typea,Renault,Mail
2026-01-01 08:00:00,0.0,0.0,0.0,1,1,7,80,1.0,7,Typea,Renault,Mail
2026-01-01 09:00:00,0.0,0.0,0.0,1,1,7,80,1.0,7,Typea,Renault,Mail
2026-01-01 10:00:00,9.158333304004644,1.7974887143924403,0.19626810411087095,0,0,7,0,1.1329772784640002,7,Typea,Renault,Mail
2026-01-01 11:00:00,9.158333304004644,2.6167715456658347,0.2857257383853462,0,0,7,0,1.1329772784640002,7,Typea,Renault,Mail
2026-01-01 12:00:00,9.158333304004644,1.0376183542037396,0.11329772784640002,0,0,7,0,1.1329772784640002,7,Typea,Renault,Mail
2026-01-01 13:00:00,9.158333304004644,3.8279046018558733,0.4179695666002955,0,0,7,0,1.1329772784640002,7,Typea,Renault,Mail
2026-01-01 14:00:00,9.158333304004644,2.867789281089037,0.3131344084010401,0,0,7,0,1.1329772784640002,7,Typea,Renault,Mail
2026-01-01 15:00:00,9.158333304004644,1.4007241099928824,0.1529453082233195,0,0,7,0,1.1329772784640002,7,Typea,Renault,Mail
2026-01-01 16:00:00,9.158333304004644,4.669282593916829,0.5098397753088001,0,0,7,0,1.1329772784640002,7,Typea,Renault,Mail
2026-01-01 17:00:00,9.158333304004644,1.944995885347518,0.21237443766072958,0,0,7,0,1.1329772784640002,7,Typea,Renault,Mail
2026-01-01 18:00:00,9.158333304004644,2.955468386016191,0.3227081050570479,0,0,7,0,1.1329772784640002,7,Typea,Renault,Mail
2026-01-01 19:00:00,9.158333304004644,2.253791189752317,0.24609185044256982,0,0,7,0,1.1329772784640002,7,Typea,Renault,Mail
2026-01-01 20:00:00,9.158333304004644,1.0376183542037396,0.11329772784640002,0,0,7,0,1.1329772784640002,7,Typea,Renault,Mail
2026-01-01 21:00:00,0.0,0.0,0.0,1,1,7,80,1.0,7,Typea,Renault,Mail
2026-01-01 22:00:00,0.0,0.0,0.0,1,1,7,80,1.0,7,Typea,Renault,Mail
2026-01-01 23:00:00,0.0,0.0,0.0,1,1,7,80,1.0,7,Typea,Renault,Mail
2026-01-02 00:00:00,0.0,0.0,0.0,1,1,7,80,1.0,7,Typea,Renault,Mail
2026-01-02 01:00:00,0.0,0.0,0.0,1,1,7,80,1.0,7,Typea,Renault,Mail
2026-01-02 02:00:00,0.0,0.0,0.0,1,1,7,80,1.0,7,Typea,Renault,Mail
2026-01-02 03:00:00,0.0,0.0,0.0,1,1,7,80,1.0,7,Typea,Renault,Mail
2026-01-02 04:00:00,0.0,0.0,0.0,1,1,7,80,1.0,7,Typea,Renault,Mail
2026-01-02 05:00:00,0.0,0.0,0.0,1,1,7,80,1.0,7,Typea,Renault,Mail
2026-01-02 06:00:00,0.0,0.0,0.0,1,1,7,80,1.0,7,Typea,Renault,Mail
2026-01-02 07:00:00,10.023173915235626,1.345830086016273,0.1342718481588509,0,0,7,0,1.23259004,7,Typea,Renault,Mail
2026-01-02 08:00:00,10.023173915235626,1.2354464337107238,0.123259004,0,0,7,0,1.23259004,7,Typea,Renault,Mail
2026-01-02 09:00:00,10.023173915235626,1.3696092983676655,0.13664427156010978,0,0,7,0,1.23259004,7,Typea,Renault,Mail
2026-01-02 10:00:00,10.023173915235626,3.3245173946170317,0.3316830998575842,0,0,7,0,1.23259004,7,Typea,Renault,Mail
2026-01-02 11:00:00,10.023173915235626,4.823033757317022,0.4811882741040558,0,0,7,0,1.23259004,7,Typea,Renault,Mail
2026-01-02 12:00:00,10.023173915235626,2.664462547444267,0.26583022204116175,0,0,7,0,1.23259004,7,Typea,Renault,Mail
2026-01-02 13:00:00,10.023173915235626,2.715522136925034,0.27092437584040435,0,0,7,0,1.23259004,7,Typea,Renault,Mail
2026-01-02 14:00:00,10.023173915235626,4.295835024393124,0.4285902909320254,0,0,7,0,1.23259004,7,Typea,Renault,Mail
2026-01-02 15:00:00,10.023173915235626,1.8099950789519572,0.18058103094476813,0,0,7,0,1.23259004,7,Typea,Renault,Mail
2026-01-02 16:00:00,10.023173915235626,4.23299015161051,0.4223203335997388,0,0,7,0,1.23259004,7,Typea,Renault,Mail
2026-01-02 17:00:00,10.023173915235626,1.2354464337107238,0.123259004,0,0,7,0,1.23259004,7,Typea,Renault,Mail
2026-01-02 18:00:00,10.023173915235626,1.2354464337107238,0.123259004,0,0,7,0,1.23259004,7,Typea,Renault,Mail
2026-01-02 19:00:00,10.023173915235626,1.2354464337107238,0.123259004,0,0,7,0,1.23259004,7,Typea,Renault,Mail
2026-01-02 20:00:00,10.023173915235626,2.91306215893222,0.2906327061235811,0,0,7,0,1.23259004,7,Typea,Renault,Mail
2026-01-02 21:00:00,0.0,0.0,0.0,1,1,7,80,1.0,7,Typea,Renault,Mail
2026-01-02 22:00:00,0.0,0.0,0.0,1,1,7,80,1.0,7,Typea,Renault,Mail
2026-01-02 23:00:00,0.0,0.0,0.0,1,1,7,80,1.0,7,Typea,Renault,Mail
2026-01-03 00:00:00,0.0,0.0,0.0,1,1,7,80,1.0,7,Typea,Renault,Mail
2026-01-03 01:00:00,0.0,0.0,0.0,1,1,7,80,1.0,7,Typea,Renault,Mail
2026-01-03 02:00:00,0.0,0.0,0.0,1,1,7,80,1.0,7,Typea,Renault,Mail
2026-01-03 03:00:00,0.0,0.0,0.0,1,1,7,80,1.0,7,Typea,Renault,Mail
2026-01-03 04:00:00,0.0,0.0,0.0,1,1,7,80,1.0,7,Typea,Renault,Mail
2026-01-03 05:00:00,0.0,0.0,0.0,1,1,7,80,1.0,7,Typea,Renault,Mail
2026-01-03 06:00:00,0.0,0.0,0.0,1,1,7,80,1.0,7,Typea,Renault,Mail
2026-01-03 07:00:00,0.0,0.0,0.0,1,1,7,80,1.0,7,Typea,Renault,Mail
2026-01-03 08:00:00,6.7996723818679055,0.8221137161648931,0.1209049010004,0,0,7,0,1.209049010004,7,Typea,Renault,Mail
2026-01-03 09:00:00,6.7996723818679055,1.7112551252671782,0.25166729059335763,0,0,7,0,1.209049010004,7,Typea,Renault,Mail
2026-01-03 10:00:00,6.7996723818679055,1.0426123397335016,0.15333273151714563,0,0,7,0,1.209049010004,7,Typea,Renault,Mail
2026-01-03 11:00:00,6.7996723818679055,2.757497743157507,0.40553391226769786,0,0,7,0,1.209049010004,7,Typea,Renault,Mail
2026-01-03 12:00:00,6.7996723818679055,3.699511722742019,0.5440720545018,0,0,7,0,1.209049010004,7,Typea,Renault,Mail
2026-01-03 13:00:00,6.7996723818679055,1.814972823900721,0.26692062822622914,0,0,7,0,1.209049010004,7,Typea,Renault,Mail
2026-01-03 14:00:00,6.7996723818679055,2.0334588810353695,0.299052478830865,0,0,7,0,1.209049010004,7,Typea,Renault,Mail
2026-01-03 15:00:00,6.7996723818679055,0.8221137161648931,0.1209049010004,0,0,7,0,1.209049010004,7,Typea,Renault,Mail
2026-01-03 16:00:00,6.7996723818679055,1.9589106328761763,0.28808897294814273,0,0,7,0,1.209049010004,7,Typea,Renault,Mail
2026-01-03 17:00:00,6.7996723818679055,2.458768699205967,0.36160105386291125,0,0,7,0,1.209049010004,7,Typea,Renault,Mail
2026-01-03 18:00:00,6.7996723818679055,1.224967864942628,0.18015101260012809,0,0,7,0,1.209049010004,7,Typea,Renault,Mail
2026-01-03 19:00:00,6.7996723818679055,2.1110719518944934,0.31046671564999295,0,0,7,0,1.209049010004,7,Typea,Renault,Mail
2026-01-03 20:00:00,0.0,0.0,0.0,1,1,7,80,1.0,7,Typea,Renault,Mail
2026-01-03 21:00:00,0.0,0.0,0.0,1,1,7,80,1.0,7,Typea,Renault,Mail
2026-01-03 22:00:00,0.0,0.0,0.0,1,1,7,80,1.0,7,Typea,Renault,Mail
2026-01-03 23:00:00,0.0,0.0,0.0,1,1,7,80,1.0,7,Typea,Renault,Mail
2026-01-04 00:00:00,0.0,0.0,0.0,1,1,7,80,1.0,7,Typea,Renault,Mail
2026-01-04 01:00:00,0.0,0.0,0.0,1,1,7,80,1.0,7,Typea,Renault,Mail
2026-01-04 02:00:00,0.0,0.0,0.0,1,1,7,80,1.0,7,Typea,Renault,Mail
2026-01-04 03:00:00,0.0,0.0,0.0,1,1,7,80,1.0,7,Typea,Renault,Mail
2026-01-04 04:00:00,0.0,0.0,0.0,1,1,7,80,1.0,7,Typea,Renault,Mail
2026-01-04 05:00:00,0.0,0.0,0.0,1,1,7,80,1.0,7,Typea,Renault,Mail
2026-01-04 06:00:00,0.0,0.0,0.0,1,1,7,80,1.0,7,Typea,Renault,Mail
2026-01-04 07:00:00,7.875063702482112,4.624738013068851,0.5872635686250001,0,0,7,0,1.3050301525,7,Typea,Renault,Mail
2026-01-04 08:00:00,7.875063702482112,2.8814530259059734,0.3658958371343433,0,0,7,0,1.3050301525,7,Typea,Renault,Mail
2026-01-04 09:00:00,7.875063702482112,2.526531212657228,0.32082676510424923,0,0,7,0,1.3050301525,7,Typea,Renault,Mail
2026-01-04 10:00:00,7.875063702482112,3.504170390647425,0.44497041840346746,0,0,7,0,1.3050301525,7,Typea,Renault,Mail
2026-01-04 11:00:00,7.875063702482112,2.857007501352094,0.36279166865045226,0,0,7,0,1.3050301525,7,Typea,Renault,Mail
2026-01-04 12:00:00,7.875063702482112,1.0277195584597447,0.13050301525000002,0,0,7,0,1.3050301525,7,Typea,Renault,Mail
2026-01-04 13:00:00,7.875063702482112,1.0277195584597447,0.13050301525000002,0,0,7,0,1.3050301525,7,Typea,Renault,Mail
2026-01-04 14:00:00,7.875063702482112,1.0277195584597447,0.13050301525000002,0,0,7,0,1.3050301525,7,Typea,Renault,Mail
2026-01-04 15:00:00,7.875063702482112,4.0319189630761745,0.5119855680412297,0,0,7,0,1.3050301525,7,Typea,Renault,Mail
2026-01-04 16:00:00,7.875063702482112,2.7204055149299067,0.34544552497682934,0,0,7,0,1.3050301525,7,Typea,Renault,Mail
2026-01-04 17:00:00,7.875063702482112,1.5909311349615858,0.20202136707289697,0,0,7,0,1.3050301525,7,Typea,Renault,Mail
2026-01-04 18:00:00,7.875063702482112,1.0277195584597447,0.13050301525000002,0,0,7,0,1.3050301525,7,Typea,Renault,Mail
2026-01-04 19:00:00,0.0,0.0,0.0,1,1,7,80,1.0,7,Typea,Renault,Mail
2026-01-04 20:00:00,0.0,0.0,0.0,1,1,7,80,1.0,7,Typea,Renault,Mail
2026-01-04 21:00:00,0.0,0.0,0.0,1,1,7,80,1.0,7,Typea,Renault,Mail
2026-01-04 22:00:00,0.0,0.0,0.0,1,1,7,80,1.0,7,Typea,Renault,Mail
2026-01-04 23:00:00,0.0,0.0,0.0,1,1,7,80,1.0,7,Typea,Renault,Mail
2026-01-05 00:00:00,0.0,0.0,0.0,1,1,7,80,1.0,7,Typea,Renault,Mail
2026-01-05 01:00:00,0.0,0.0,0.0,1,1,7,80,1.0,7,Typea,Renault,Mail
2026-01-05 02:00:00,0.0,0.0,0.0,1,1,7,80,1.0,7,Typea,Renault,Mail
2026-01-05 03:00:00,0.0,0.0,0.0,1,1,7,80,1.0,7,Typea,Renault,Mail
2026-01-05 04:00:00,0.0,0.0,0.0,1,1,7,80,1.0,7,Typea,Renault,Mail
2026-01-05 05:00:00,0.0,0.0,0.0,1,1,7,80,1.0,7,Typea,Renault,Mail
2026-01-05 06:00:00,0.0,0.0,0.0,1,1,7,80,1.0,7,Typea,Renault,Mail
2026-01-05 07:00:00,0.0,0.0,0.0,1,1,7,80,1.0,7,Typea,Renault,Mail
2026-01-05 08:00:00,6.282705264630445,0.8546974034076568,0.13603971018970457,0,0,7,0,1.226197579604,7,Typea,Renault,Mail
2026-01-05 09:00:00,6.282705264630445,1.645429733475401,0.2618982849217242,0,0,7,0,1.226197579604,7,Typea,Renault,Mail
2026-01-05 10:00:00,6.282705264630445,2.9897664464645315,0.47587246584619036,0,0,7,0,1.226197579604,7,Typea,Renault,Mail
2026-01-05 11:00:00,6.282705264630445,2.1226231912330533,0.33785178546934563,0,0,7,0,1.226197579604,7,Typea,Renault,Mail
2026-01-05 12:00:00,6.282705264630445,1.345346096822909,0.21413484162575044,0,0,7,0,1.226197579604,7,Typea,Renault,Mail
2026-01-05 13:00:00,6.282705264630445,1.0097398485329596,0.16071736712168586,0,0,7,0,1.226197579604,7,Typea,Renault,Mail
2026-01-05 14:00:00,6.282705264630445,0.770383798885516,0.12261975796040002,0,0,7,0,1.226197579604,7,Typea,Renault,Mail
2026-01-05 15:00:00,6.282705264630445,1.0946057872955282,0.17422523279228092,0,0,7,0,1.226197579604,7,Typea,Renault,Mail
2026-01-05 16:00:00,6.282705264630445,2.8680506293972794,0.45649931177632297,0,0,7,0,1.226197579604,7,Typea,Renault,Mail
2026-01-05 17:00:00,6.282705264630445,2.711002034099188,0.4315023417318706,0,0,7,0,1.226197579604,7,Typea,Renault,Mail
2026-01-05 18:00:00,6.282705264630445,2.0442909577487813,0.3253838707439396,0,0,7,0,1.226197579604,7,Typea,Renault,Mail
2026-01-05 19:00:00,6.282705264630445,0.770383798885516,0.12261975796040002,0,0,7,0,1.226197579604,7,Typea,Renault,Mail
2026-01-05 20:00:00,6.282705264630445,0.770383798885516,0.12261975796040002,0,0,7,0,1.226197579604,7,Typea,Renault,Mail
2026-01-05 21:00:00,6.282705264630445,2.3563541441836398,0.3750540642816933,0,0,7,0,1.226197579604,7,Typea,Renault,Mail
2026-01-05 22:00:00,6.282705264630445,1.935657716791273,0.30809303242162045,0,0,7,0,1.226197579604,7,Typea,Renault,Mail
2026-01-05 23:00:00,0.0,0.0,0.0,1,1,7,80,1.0,7,Typea,Renault,Mail
2026-01-06 00:00:00,0.0,0.0,0.0,1,1,7,80,1.0,7,Typea,Renault,Mail
2026-01-06 01:00:00,0.0,0.0,0.0,1,1,7,80,1.0,7,Typea,Renault,Mail
2026-01-06 02:00:00,0.0,0.0,0.0,1,1,7,80,1.0,7,Typea,Renault,Mail
2026-01-06 03:00:00,0.0,0.0,0.0,1,1,7,80,1.0,7,Typea,Renault,Mail
2026-01-06 04:00:00,0.0,0.0,0.0,1,1,7,80,1.0,7,Typea,Renault,Mail
2026-01-06 05:00:00,0.0,0.0,0.0,1,1,7,80,1.0,7,Typea,Renault,Mail
2026-01-06 06:00:00,0.0,0.0,0.0,1,1,7,80,1.0,7,Typea,Renault,Mail
2026-01-06 07:00:00,0.0,0.0,0.0,1,1,7,80,1.0,7,Typea,Renault,Mail
2026-01-06 08:00:00,9.495272454895714,2.579883652562304,0.2717019090096914,0,0,7,0,1.3306301459840002,7,Typea,Renault,Mail
2026-01-06 09:00:00,9.495272454895714,3.7213643317403267,0.39191759366753187,0,0,7,0,1.3306301459840002,7,Typea,Renault,Mail
2026-01-06 10:00:00,9.495272454895714,3.4365651141952327,0.3619238026628038,0,0,7,0,1.3306301459840002,7,Typea,Renault,Mail
2026-01-06 11:00:00,9.495272454895714,3.895761047593074,0.4102842826362965,0,0,7,0,1.3306301459840002,7,Typea,Renault,Mail
2026-01-06 12:00:00,9.495272454895714,4.188732569938756,0.44113874455272395,0,0,7,0,1.3306301459840002,7,Typea,Renault,Mail
2026-01-06 13:00:00,9.495272454895714,2.9360518989775044,0.30921196973802384,0,0,7,0,1.3306301459840002,7,Typea,Renault,Mail
2026-01-06 14:00:00,9.495272454895714,1.263469577281574,0.13306301459840003,0,0,7,0,1.3306301459840002,7,Typea,Renault,Mail
2026-01-06 15:00:00,9.495272454895714,2.9247488113223072,0.30802157865563107,0,0,7,0,1.3306301459840002,7,Typea,Renault,Mail
2026-01-06 16:00:00,9.495272454895714,3.7731194668530152,0.39736821505396763,0,0,7,0,1.3306301459840002,7,Typea,Renault,Mail
2026-01-06 17:00:00,9.495272454895714,3.7036453441738444,0.39005150844979325,0,0,7,0,1.3306301459840002,7,Typea,Renault,Mail
2026-01-06 18:00:00,9.495272454895714,3.9449798636587556,0.41546779014484675,0,0,7,0,1.3306301459840002,7,Typea,Renault,Mail
2026-01-06 19:00:00,9.495272454895714,2.856833208743962,0.3008690084791609,0,0,7,0,1.3306301459840002,7,Typea,Renault,Mail
2026-01-06 20:00:00,0.0,0.0,0.0,1,1,7,80,1.0,7,Typea,Renault,Mail
2026-01-06 21:00:00,0.0,0.0,0.0,1,1,7,80,1.0,7,Typea,Renault,Mail
2026-01-06 22:00:00,0.0,0.0,0.0,1,1,7,80,1.0,7,Typea,Renault,Mail
2026-01-06 23:00:00,0.0,0.0,0.0,1,1,7,80,1.0,7,Typea,Renault,Mail
2026-01-07 00:00:00,0.0,0.0,0.0,1,1,7,80,1.0,7,Typea,Renault,Mail
2026-01-07 01:00:00,0.0,0.0,0.0,1,1,7,80,1.0,7,Typea,Renault,Mail
2026-01-07 02:00:00,0.0,0.0,0.0,1,1,7,80,1.0,7,Typea,Renault,Mail
2026-01-07 03:00:00,0.0,0.0,0.0,1,1,7,80,1.0,7,Typea,Renault,Mail
2026-01-07 04:00:00,0.0,0.0,0.0,1,1,7,80,1.0,7,Typea,Renault,Mail
2026-01-07 05:00:00,0.0,0.0,0.0,1,1,7,80,1.0,7,Typea,Renault,Mail
2026-01-07 06:00:00,0.0,0.0,0.0,1,1,7,80,1.0,7,Typea,Renault,Mail
2026-01-07 07:00:00,9.441478498027532,1.2111116075114616,0.12827563053440003,0,0,7,0,1.282756305344,7,Typea,Renault,Mail
2026-01-07 08:00:00,9.441478498027532,1.2111116075114616,0.12827563053440003,0,0,7,0,1.282756305344,7,Typea,Renault,Mail
2026-01-07 09:00:00,9.441478498027532,2.9804887485270273,0.3156802982869364,0,0,7,0,1.282756305344,7,Typea,Renault,Mail
2026-01-07 10:00:00,9.441478498027532,2.0919214316390327,0.2215671446030478,0,0,7,0,1.282756305344,7,Typea,Renault,Mail
2026-01-07 11:00:00,9.441478498027532,1.2111116075114616,0.12827563053440003,0,0,7,0,1.282756305344,7,Typea,Renault,Mail
2026-01-07 12:00:00,9.441478498027532,4.126496817220274,0.4370604474799537,0,0,7,0,1.282756305344,7,Typea,Renault,Mail
2026-01-07 13:00:00,9.441478498027532,5.450002233801577,0.5772403374048001,0,0,7,0,1.282756305344,7,Typea,Renault,Mail
2026-01-07 14:00:00,9.441478498027532,1.2111116075114616,0.12827563053440003,0,0,7,0,1.282756305344,7,Typea,Renault,Mail
2026-01-07 15:00:00,9.441478498027532,2.4999171037214962,0.2647802570586552,0,0,7,0,1.282756305344,7,Typea,Renault,Mail
2026-01-07 16:00:00,9.441478498027532,1.2111116075114616,0.12827563053440003,0,0,7,0,1.282756305344,7,Typea,Renault,Mail
2026-01-07 17:00:00,9.441478498027532,3.207648906994087,0.33974010613530636,0,0,7,0,1.282756305344,7,Typea,Renault,Mail
2026-01-07 18:00:00,9.441478498027532,1.2111116075114616,0.12827563053440003,0,0,7,0,1.282756305344,7,Typea,Renault,Mail
2026-01-07 19:00:00,9.441478498027532,1.2111116075114616,0.12827563053440003,0,0,7,0,1.282756305344,7,Typea,Renault,Mail
2026-01-07 20:00:00,0.0,0.0,0.0,1,1,7,80,1.0,7,Typea,Renault,Mail
2026-01-07 21:00:00,0.0,0.0,0.0,1,1,7,80,1.0,7,Typea,Renault,Mail
2026-01-07 22:00:00,0.0,0.0,0.0,1,1,7,80,1.0,7,Typea,Renault,Mail
2026-01-07 23:00:00,0.0,0.0,0.0,1,1,7,80,1.0,7,Typea,Renault,Mail
2026-01-08 00:00:00,0.0,0.0,0.0,1,1,7,80,1.0,7,Typea,Renault,Mail
2026-01-08 01:00:00,0.0,0.0,0.0,1,1,7,80,1.0,7,Typea,Renault,Mail
2026-01-08 02:00:00,0.0,0.0,0.0,1,1,7,80,1.0,7,Typea,Renault,Mail
2026-01-08 03:00:00,0.0,0.0,0.0,1,1,7,80,1.0,7,Typea,Renault,Mail
2026-01-08 04:00:00,0.0,0.0,0.0,1,1,7,80,1.0,7,Typea,Renault,Mail
2026-01-08 05:00:00,0.0,0.0,0.0,1,1,7,80,1.0,7,Typea,Renault,Mail
2026-01-08 06:00:00,0.0,0.0,0.0,1,1,7,80,1.0,7,Typea,Renault,Mail
2026-01-08 07:00:00,0.0,0.0,0.0,1,1,7,80,1.0,7,Typea,Renault,Mail
2026-01-08 08:00:00,10.705543837255233,2.868636734771832,0.26795805784186244,0,0,7,0,1.176585222144,7,Typea,Renault,Mail
2026-01-08 09:00:00,10.705543837255233,5.197055132810417,0.4854545655798161,0,0,7,0,1.176585222144,7,Typea,Renault,Mail
2026-01-08 10:00:00,10.705543837255233,3.90118786999793,0.36440819161580734,0,0,7,0,1.176585222144,7,Typea,Renault,Mail
2026-01-08 11:00:00,10.705543837255233,3.4523749366543997,0.322484778833949,0,0,7,0,1.176585222144,7,Typea,Renault,Mail
2026-01-08 12:00:00,10.705543837255233,4.611113857198393,0.4307220564687001,0,0,7,0,1.176585222144,7,Typea,Renault,Mail
2026-01-08 13:00:00,10.705543837255233,4.463306955827956,0.4169154807713432,0,0,7,0,1.176585222144,7,Typea,Renault,Mail
2026-01-08 14:00:00,10.705543837255233,1.259598467392928,0.11765852221440001,0,0,7,0,1.176585222144,7,Typea,Renault,Mail
2026-01-08 15:00:00,10.705543837255233,1.6278480219138833,0.15205654627735785,0,0,7,0,1.176585222144,7,Typea,Renault,Mail
2026-01-08 16:00:00,10.705543837255233,2.9450210546194735,0.2750930825551166,0,0,7,0,1.176585222144,7,Typea,Renault,Mail
2026-01-08 17:00:00,10.705543837255233,1.5589504705294375,0.1456208572145862,0,0,7,0,1.176585222144,7,Typea,Renault,Mail
2026-01-08 18:00:00,10.705543837255233,2.8990448534961915,0.27079846643638333,0,0,7,0,1.176585222144,7,Typea,Renault,Mail
2026-01-08 19:00:00,10.705543837255233,1.259598467392928,0.11765852221440001,0,0,7,0,1.176585222144,7,Typea,Renault,Mail
2026-01-08 20:00:00,10.705543837255233,1.259598467392928,0.11765852221440001,0,0,7,0,1.176585222144,7,Typea,Renault,Mail
2026-01-08 21:00:00,10.705543837255233,3.461099065375112,0.3232996957455357,0,0,7,0,1.176585222144,7,Typea,Renault,Mail
2026-01-08 22:00:00,0.0,0.0,0.0,1,1,7,80,1.0,7,Typea,Renault,Mail
2026-01-08 23:00:00,0.0,0.0,0.0,1,1,7,80,1.0,7,Typea,Renault,Mail
2026-01-09 00:00:00,0.0,0.0,0.0,1,1,7,80,1.0,7,Typea,Renault,Mail
2026-01-09 01:00:00,0.0,0.0,0.0,1,1,7,80,1.0,7,Typea,Renault,Mail
2026-01-09 02:00:00,0.0,0.0,0.0,1,1,7,80,1.0,7,Typea,Renault,Mail
2026-01-09 03:00:00,0.0,0.0,0.0,1,1,7,80,1.0,7,Typea,Renault,Mail
2026-01-09 04:00:00,0.0,0.0,0.0,1,1,7,80,1.0,7,Typea,Renault,Mail
2026-01-09 05:00:00,0.0,0.0,0.0,1,1,7,80,1.0,7,Typea,Renault,Mail
2026-01-09 06:00:00,0.0,0.0,0.0,1,1,7,80,1.0,7,Typea,Renault,Mail
2026-01-09 07:00:00,11.900539803202678,2.877907720122965,0.2418300150845646,0,0,7,0,1.137342385344,7,Typea,Renault,Mail
2026-01-09 08:00:00,11.900539803202678,1.353498832665575,0.1137342385344,0,0,7,0,1.137342385344,7,Typea,Renault,Mail
2026-01-09 09:00:00,11.900539803202678,3.1481833741234784,0.264541224699424,0,0,7,0,1.137342385344,7,Typea,Renault,Mail
2026-01-09 10:00:00,11.900539803202678,3.3112190006635975,0.27824107607055615,0,0,7,0,1.137342385344,7,Typea,Renault,Mail
2026-01-09 11:00:00,11.900539803202678,4.848573082506257,0.4074246347381156,0,0,7,0,1.137342385344,7,Typea,Renault,Mail
2026-01-09 12:00:00,11.900539803202678,2.509040380617766,0.21083416568570545,0,0,7,0,1.137342385344,7,Typea,Renault,Mail
2026-01-09 13:00:00,11.900539803202678,2.234667567385683,0.1877786725930103,0,0,7,0,1.137342385344,7,Typea,Renault,Mail
2026-01-09 14:00:00,11.900539803202678,6.090744746995087,0.5118040734047999,0,0,7,0,1.137342385344,7,Typea,Renault,Mail
2026-01-09 15:00:00,11.900539803202678,4.548562094111429,0.38221477087008426,0,0,7,0,1.137342385344,7,Typea,Renault,Mail
2026-01-09 16:00:00,11.900539803202678,1.7642538870431892,0.1482499043084073,0,0,7,0,1.137342385344,7,Typea,Renault,Mail
2026-01-09 17:00:00,11.900539803202678,1.353498832665575,0.1137342385344,0,0,7,0,1.137342385344,7,Typea,Renault,Mail
2026-01-09 18:00:00,11.900539803202678,4.3826864004027914,0.3682762692179158,0,0,7,0,1.137342385344,7,Typea,Renault,Mail
2026-01-09 19:00:00,11.900539803202678,3.4189734973143606,0.28729566505834003,0,0,7,0,1.137342385344,7,Typea,Renault,Mail
2026-01-09 20:00:00,11.900539803202678,3.439221885798769,0.2889971331277934,0,0,7,0,1.137342385344,7,Typea,Renault,Mail
2026-01-09 21:00:00,0.0,0.0,0.0,1,1,7,80,1.0,7,Typea,Renault,Mail
2026-01-09 22:00:00,0.0,0.0,0.0,1,1,7,80,1.0,7,Typea,Renault,Mail
2026-01-09 23:00:00,0.0,0.0,0.0,1,1,7,80,1.0,7,Typea,Renault,Mail
2026-01-10 00:00:00,0.0,0.0,0.0,1,1,7,80,1.0,7,Typea,Renault,Mail
2026-01-10 01:00:00,0.0,0.0,0.0,1,1,7,80,1.0,7,Typea,Renault,Mail
2026-01-10 02:00:00,0.0,0.0,0.0,1,1,7,80,1.0,7,Typea,Renault,Mail
2026-01-10 03:00:00,0.0,0.0,0.0,1,1,7,80,1.0,7,Typea,Renault,Mail
2026-01-10 04:00:00,0.0,0.0,0.0,1,1,7,80,1.0,7,Typea,Renault,Mail
2026-01-10 05:00:00,0.0,0.0,0.0,1,1,7,80,1.0,7,Typea,Renault,Mail
2026-01-10 06:00:00,6.379844107471457,1.662447608338603,0.2605780925574192,0,0,7,0,1.18961004,7,Typea,Renault,Mail
2026-01-10 07:00:00,6.379844107471457,0.7589526603882885,0.11896100400000001,0,0,7,0,1.18961004,7,Typea,Renault,Mail
2026-01-10 08:00:00,6.379844107471457,1.603998263710484,0.2514165294151994,0,0,7,0,1.18961004,7,Typea,Renault,Mail
2026-01-10 09:00:00,6.379844107471457,1.8200841251713904,0.28528661429828417,0,0,7,0,1.18961004,7,Typea,Renault,Mail
2026-01-10 10:00:00,6.379844107471457,0.7589526603882885,0.11896100400000001,0,0,7,0,1.18961004,7,Typea,Renault,Mail
2026-01-10 11:00:00,6.379844107471457,2.420313708834353,0.37936878520274747,0,0,7,0,1.18961004,7,Typea,Renault,Mail
2026-01-10 12:00:00,6.379844107471457,2.1909038623979695,0.34341025039031825,0,0,7,0,1.18961004,7,Typea,Renault,Mail
2026-01-10 13:00:00,6.379844107471457,1.3408276898237625,0.2101662152298541,0,0,7,0,1.18961004,7,Typea,Renault,Mail
2026-01-10 14:00:00,6.379844107471457,2.651192987732166,0.41555764421067043,0,0,7,0,1.18961004,7,Typea,Renault,Mail
2026-01-10 15:00:00,6.379844107471457,1.8148206046824296,0.28446159092776063,0,0,7,0,1.18961004,7,Typea,Renault,Mail
2026-01-10 16:00:00,6.379844107471457,2.7068687104579454,0.4242844597547332,0,0,7,0,1.18961004,7,Typea,Renault,Mail
2026-01-10 17:00:00,6.379844107471457,1.5427560140621706,0.2418171961687032,0,0,7,0,1.18961004,7,Typea,Renault,Mail
2026-01-10 18:00:00,6.379844107471457,1.7337062521035398,0.27174743189621053,0,0,7,0,1.18961004,7,Typea,Renault,Mail
2026-01-10 19:00:00,6.379844107471457,1.7238196301197997,0.2701977667606374,0,0,7,0,1.18961004,7,Typea,Renault,Mail
2026-01-10 20:00:00,6.379844107471457,0.7589526603882885,0.11896100400000001,0,0,7,0,1.18961004,7,Typea,Renault,Mail
2026-01-10 21:00:00,0.0,0.0,0.0,1,1,7,80,1.0,7,Typea,Renault,Mail
2026-01-10 22:00:00,0.0,0.0,0.0,1,1,7,80,1.0,7,Typea,Renault,Mail
2026-01-10 23:00:00,0.0,0.0,0.0,1,1,7,80,1.0,7,Typea,Renault,Mail
2026-01-11 00:00:00,0.0,0.0,0.0,1,1,7,80,1.0,7,Typea,Renault,Mail
2026-01-11 01:00:00,0.0,0.0,0.0,1,1,7,80,1.0,7,Typea,Renault,Mail
2026-01-11 02:00:00,0.0,0.0,0.0,1,1,7,80,1.0,7,Typea,Renault,Mail
2026-01-11 03:00:00,0.0,0.0,0.0,1,1,7,80,1.0,7,Typea,Renault,Mail
2026-01-11 04:00:00,0.0,0.0,0.0,1,1,7,80,1.0,7,Typea,Renault,Mail
2026-01-11 05:00:00,0.0,0.0,0.0,1,1,7,80,1.0,7,Typea,Renault,Mail
2026-01-11 06:00:00,0.0,0.0,0.0,1,1,7,80,1.0,7,Typea,Renault,Mail
2026-01-11 07:00:00,0.0,0.0,0.0,1,1,7,80,1.0,7,Typea,Renault,Mail
2026-01-11 08:00:00,0.0,0.0,0.0,1,1,7,80,1.0,7,Typea,Renault,Mail
2026-01-11 09:00:00,0.0,0.0,0.0,1,1,7,80,1.0,7,Typea,Renault,Mail
2026-01-11 10:00:00,3.7256110649973064,1.075027960250245,0.28855077502595466,0,0,7,0,1.122069513044,7,Typea,Renault,Mail
2026-01-11 11:00:00,3.7256110649973064,0.4180394593492866,0.1122069513044,0,0,7,0,1.122069513044,7,Typea,Renault,Mail
2026-01-11 12:00:00,3.7256110649973064,1.612488197318479,0.43281173723904126,0,0,7,0,1.122069513044,7,Typea,Renault,Mail
2026-01-11 13:00:00,3.7256110649973064,0.4180394593492866,0.1122069513044,0,0,7,0,1.122069513044,7,Typea,Renault,Mail
2026-01-11 14:00:00,3.7256110649973064,0.5276828796091104,0.1416365987761774,0,0,7,0,1.122069513044,7,Typea,Renault,Mail
2026-01-11 15:00:00,3.7256110649973064,0.4180394593492866,0.1122069513044,0,0,7,0,1.122069513044,7,Typea,Renault,Mail
2026-01-11 16:00:00,3.7256110649973064,1.1894311829138349,0.3192580122194518,0,0,7,0,1.122069513044,7,Typea,Renault,Mail
2026-01-11 17:00:00,3.7256110649973064,0.4180394593492866,0.1122069513044,0,0,7,0,1.122069513044,7,Typea,Renault,Mail
2026-01-11 18:00:00,3.7256110649973064,0.4180394593492866,0.1122069513044,0,0,7,0,1.122069513044,7,Typea,Renault,Mail
2026-01-11 19:00:00,3.7256110649973064,0.7883544804532637,0.2116040742577711,0,0,7,0,1.122069513044,7,Typea,Renault,Mail
2026-01-11 20:00:00,3.7256110649973064,1.0580534794738345,0.28399461484705446,0,0,7,0,1.122069513044,7,Typea,Renault,Mail
2026-01-11 21:00:00,0.0,0.0,0.0,1,1,7,80,1.0,7,Typea,Renault,Mail
2026-01-11 22:00:00,0.0,0.0,0.0,1,1,7,80,1.0,7,Typea,Renault,Mail
2026-01-11 23:00:00,0.0,0.0,0.0,1,1,7,80,1.0,7,Typea,Renault,Mail
2026-01-12 00:00:00,0.0,0.0,0.0,1,1,7,80,1.0,7,Typea,Renault,Mail
2026-01-12 01:00:00,0.0,0.0,0.0,1,1,7,80,1.0,7,Typea,Renault,Mail
2026-01-12 02:00:00,0.0,0.0,0.0,1,1,7,80,1.0,7,Typea,Renault,Mail
2026-01-12 03:00:00,0.0,0.0,0.0,1,1,7,80,1.0,7,Typea,Renault,Mail
2026-01-12 04:00:00,0.0,0.0,0.0,1,1,7,80,1.0,7,Typea,Renault,Mail
2026-01-12 05:00:00,0.0,0.0,0.0,1,1,7,80,1.0,7,Typea,Renault,Mail
2026-01-12 06:00:00,0.0,0.0,0.0,1,1,7,80,1.0,7,Typea,Renault,Mail
2026-01-12 07:00:00,0.0,0.0,0.0,1,1,7,80,1.0,7,Typea,Renault,Mail
2026-01-12 08:00:00,0.0,0.0,0.0,1,1,7,80,1.0,7,Typea,Renault,Mail
2026-01-12 09:00:00,7.625866040040085,1.673802259428121,0.219490120943604,0,0,7,0,1.119889326784,7,Typea,Renault,Mail
2026-01-12 10:00:00,7.625866040040085,0.9587561972478379,0.12572423803589372,0,0,7,0,1.119889326784,7,Typea,Renault,Mail
2026-01-12 11:00:00,7.625866040040085,0.8832524307042326,0.11582322926558908,0,0,7,0,1.119889326784,7,Typea,Renault,Mail
2026-01-12 12:00:00,7.625866040040085,1.7293439676489144,0.22677345216515554,0,0,7,0,1.119889326784,7,Typea,Renault,Mail
2026-01-12 13:00:00,7.625866040040085,0.854012598572546,0.1119889326784,0,0,7,0,1.119889326784,7,Typea,Renault,Mail
2026-01-12 14:00:00,7.625866040040085,0.854012598572546,0.1119889326784,0,0,7,0,1.119889326784,7,Typea,Renault,Mail
2026-01-12 15:00:00,7.625866040040085,1.2901656849290828,0.1691828414182714,0,0,7,0,1.119889326784,7,Typea,Renault,Mail
2026-01-12 16:00:00,7.625866040040085,2.557818353315846,0.3354134913839112,0,0,7,0,1.119889326784,7,Typea,Renault,Mail
2026-01-12 17:00:00,7.625866040040085,1.2367745739147646,0.16218152370117736,0,0,7,0,1.119889326784,7,Typea,Renault,Mail
2026-01-12 18:00:00,7.625866040040085,1.8127264888749806,0.2377076228925537,0,0,7,0,1.119889326784,7,Typea,Renault,Mail
2026-01-12 19:00:00,7.625866040040085,0.854012598572546,0.1119889326784,0,0,7,0,1.119889326784,7,Typea,Renault,Mail
2026-01-12 20:00:00,7.625866040040085,0.854012598572546,0.1119889326784,0,0,7,0,1.119889326784,7,Typea,Renault,Mail
2026-01-12 21:00:00,7.625866040040085,0.854012598572546,0.1119889326784,0,0,7,0,1.119889326784,7,Typea,Renault,Mail
2026-01-12 22:00:00,7.625866040040085,0.854012598572546,0.1119889326784,0,0,7,0,1.119889326784,7,Typea,Renault,Mail
2026-01-12 23:00:00,0.0,0.0,0.0,1,1,7,80,1.0,7,Typea,Renault,Mail
2026-01-13 00:00:00,0.0,0.0,0.0,1,1,7,80,1.0,7,Typea,Renault,Mail
2026-01-13 01:00:00,0.0,0.0,0.0,1,1,7,80,1.0,7,Typea,Renault,Mail
2026-01-13 02:00:00,0.0,0.0,0.0,1,1,7,80,1.0,7,Typea,Renault,Mail
2026-01-13 03:00:00,0.0,0.0,0.0,1,1,7,80,1.0,7,Typea,Renault,Mail
2026-01-13 04:00:00,0.0,0.0,0.0,1,1,7,80,1.0,7,Typea,Renault,Mail
2026-01-13 05:00:00,0.0,0.0,0.0,1,1,7,80,1.0,7,Typea,Renault,Mail
2026-01-13 06:00:00,0.0,0.0,0.0,1,1,7,80,1.0,7,Typea,Renault,Mail
2026-01-13 07:00:00,0.0,0.0,0.0,1,1,7,80,1.0,7,Typea,Renault,Mail
2026-01-13 08:00:00,0.0,0.0,0.0,1,1,7,80,1.0,7,Typea,Renault,Mail
2026-01-13 09:00:00,10.798682951335062,1.2140421899722351,0.11242502400000001,0,0,7,0,1.12425024,7,Typea,Renault,Mail
2026-01-13 10:00:00,10.798682951335062,2.56598354072009,0.23762004610042306,0,0,7,0,1.12425024,7,Typea,Renault,Mail
2026-01-13 11:00:00,10.798682951335062,2.040220782461976,0.18893237181389233,0,0,7,0,1.12425024,7,Typea,Renault,Mail
2026-01-13 12:00:00,10.798682951335062,3.77283577703761,0.3493792524551494,0,0,7,0,1.12425024,7,Typea,Renault,Mail
2026-01-13 13:00:00,10.798682951335062,2.8746051482063035,0.26619960611501337,0,0,7,0,1.12425024,7,Typea,Renault,Mail
2026-01-13 14:00:00,10.798682951335062,1.2140421899722351,0.11242502400000001,0,0,7,0,1.12425024,7,Typea,Renault,Mail
2026-01-13 15:00:00,10.798682951335062,2.021884776486574,0.18723438641529935,0,0,7,0,1.12425024,7,Typea,Renault,Mail
2026-01-13 16:00:00,10.798682951335062,1.2140421899722351,0.11242502400000001,0,0,7,0,1.12425024,7,Typea,Renault,Mail
2026-01-13 17:00:00,10.798682951335062,1.2718153028063104,0.11777503872813244,0,0,7,0,1.12425024,7,Typea,Renault,Mail
2026-01-13 18:00:00,10.798682951335062,4.456923493572285,0.41272843305592805,0,0,7,0,1.12425024,7,Typea,Renault,Mail
2026-01-13 19:00:00,10.798682951335062,1.2140421899722351,0.11242502400000001,0,0,7,0,1.12425024,7,Typea,Renault,Mail
2026-01-13 20:00:00,10.798682951335062,1.641282483073082,0.15198913520006319,0,0,7,0,1.12425024,7,Typea,Renault,Mail
2026-01-13 21:00:00,0.0,0.0,0.0,1,1,7,80,1.0,7,Typea,Renault,Mail
2026-01-13 22:00:00,0.0,0.0,0.0,1,1,7,80,1.0,7,Typea,Renault,Mail
2026-01-13 23:00:00,0.0,0.0,0.0,1,1,7,80,1.0,7,Typea,Renault,Mail
2026-01-14 00:00:00,0.0,0.0,0.0,1,1,7,80,1.0,7,Typea,Renault,Mail
2026-01-14 01:00:00,0.0,0.0,0.0,1,1,7,80,1.0,7,Typea,Renault,Mail
2026-01-14 02:00:00,0.0,0.0,0.0,1,1,7,80,1.0,7,Typea,Renault,Mail
2026-01-14 03:00:00,0.0,0.0,0.0,1,1,7,80,1.0,7,Typea,Renault,Mail
2026-01-14 04:00:00,0.0,0.0,0.0,1,1,7,80,1.0,7,Typea,Renault,Mail
2026-01-14 05:00:00,0.0,0.0,0.0,1,1,7,80,1.0,7,Typea,Renault,Mail
2026-01-14 06:00:00,0.0,0.0,0.0,1,1,7,80,1.0,7,Typea,Renault,Mail
2026-01-14 07:00:00,0.0,0.0,0.0,1,1,7,80,1.0,7,Typea,Renault,Mail
2026-01-14 08:00:00,0.0,0.0,0.0,1,1,7,80,1.0,7,Typea,Renault,Mail
2026-01-14 09:00:00,0.0,0.0,0.0,1,1,7,80,1.0,7,Typea,Renault,Mail
2026-01-14 10:00:00,9.936669665926297,1.9802542680961863,0.19928752133993644,0,0,7,0,1.102475,7,Typea,Renault,Mail
2026-01-14 11:00:00,9.936669665926297,1.369759715668799,0.13784897372263707,0,0,7,0,1.102475,7,Typea,Renault,Mail
2026-01-14 12:00:00,9.936669665926297,3.2327008223222093,0.3253304105909267,0,0,7,0,1.102475,7,Typea,Renault,Mail
2026-01-14 13:00:00,9.936669665926297,2.5817885898232733,0.25982433517705134,0,0,7,0,1.102475,7,Typea,Renault,Mail
2026-01-14 14:00:00,9.936669665926297,2.7776338583533047,0.27953368198180645,0,0,7,0,1.102475,7,Typea,Renault,Mail
2026-01-14 15:00:00,9.936669665926297,1.1947191853523267,0.12023336042347492,0,0,7,0,1.102475,7,Typea,Renault,Mail
2026-01-14 16:00:00,9.936669665926297,3.8128519986722185,0.38371528156428697,0,0,7,0,1.102475,7,Typea,Renault,Mail
2026-01-14 17:00:00,9.936669665926297,1.0954929889942095,0.11024750000000001,0,0,7,0,1.102475,7,Typea,Renault,Mail
2026-01-14 18:00:00,9.936669665926297,2.1257802704411985,0.21393287106349965,0,0,7,0,1.102475,7,Typea,Renault,Mail
2026-01-14 19:00:00,9.936669665926297,4.262640615956773,0.42898081140542865,0,0,7,0,1.102475,7,Typea,Renault,Mail
2026-01-14 20:00:00,9.936669665926297,1.320659835854434,0.13290769244177364,0,0,7,0,1.102475,7,Typea,Renault,Mail
2026-01-14 21:00:00,9.936669665926297,3.812583339603761,0.3836882444303689,0,0,7,0,1.102475,7,Typea,Renault,Mail
2026-01-14 22:00:00,0.0,0.0,0.0,1,1,7,80,1.0,7,Typea,Renault,Mail
2026-01-14 23:00:00,0.0,0.0,0.0,1,1,7,80,1.0,7,Typea,Renault,Mail
2026-01-01 00:00:00,0.0,0.0,0.0,1,1,8,80,1.0,8,Typea,Renault,Mail
2026-01-01 01:00:00,0.0,0.0,0.0,1,1,8,80,1.0,8,Typea,Renault,Mail
2026-01-01 02:00:00,0.0,0.0,0.0,1,1,8,80,1.0,8,Typea,Renault,Mail
2026-01-01 03:00:00,0.0,0.0,0.0,1,1,8,80,1.0,8,Typea,Renault,Mail
2026-01-01 04:00:00,0.0,0.0,0.0,1,1,8,80,1.0,8,Typea,Renault,Mail
2026-01-01 05:00:00,0.0,0.0,0.0,1,1,8,80,1.0,8,Typea,Renault,Mail
2026-01-01 06:00:00,0.0,0.0,0.0,1,1,8,80,1.0,8,Typea,Renault,Mail
2026-01-01 07:00:00,0.0,0.0,0.0,1,1,8,80,1.0,8,Typea,Renault,Mail
2026-01-01 08:00:00,11.944531086608226,5.219093850429982,0.43694422263938354,0,0,8,0,1.1329772784640002,8,Typea,Renault,Mail
2026-01-01 09:00:00,11.944531086608226,3.509585166206164,0.293823603518516,0,0,8,0,1.1329772784640002,8,Typea,Renault,Mail
2026-01-01 10:00:00,11.944531086608226,1.3532882323034034,0.11329772784640002,0,0,8,0,1.1329772784640002,8,Typea,Renault,Mail
2026-01-01 11:00:00,11.944531086608226,1.3532882323034034,0.11329772784640002,0,0,8,0,1.1329772784640002,8,Typea,Renault,Mail
2026-01-01 12:00:00,11.944531086608226,1.3532882323034034,0.11329772784640002,0,0,8,0,1.1329772784640002,8,Typea,Renault,Mail
2026-01-01 13:00:00,11.944531086608226,1.9587274784155468,0.16398529705461615,0,0,8,0,1.1329772784640002,8,Typea,Renault,Mail
2026-01-01 14:00:00,11.944531086608226,3.741844119857847,0.31326839812515256,0,0,8,0,1.1329772784640002,8,Typea,Renault,Mail
2026-01-01 15:00:00,11.944531086608226,2.8574447202682207,0.23922619477895485,0,0,8,0,1.1329772784640002,8,Typea,Renault,Mail
2026-01-01 16:00:00,11.944531086608226,1.5739019707218984,0.1317675812729476,0,0,8,0,1.1329772784640002,8,Typea,Renault,Mail
2026-01-01 17:00:00,11.944531086608226,3.160109779468251,0.264565411279414,0,0,8,0,1.1329772784640002,8,Typea,Renault,Mail
2026-01-01 18:00:00,11.944531086608226,1.8053689848981038,0.15114607445094416,0,0,8,0,1.1329772784640002,8,Typea,Renault,Mail
2026-01-01 19:00:00,11.944531086608226,2.3593067977862767,0.19752192703750804,0,0,8,0,1.1329772784640002,8,Typea,Renault,Mail
2026-01-01 20:00:00,11.944531086608226,3.3556198738968654,0.2809335795240271,0,0,8,0,1.1329772784640002,8,Typea,Renault,Mail
2026-01-01 21:00:00,0.0,0.0,0.0,1,1,8,80,1.0,8,Typea,Renault,Mail
2026-01-01 22:00:00,0.0,0.0,0.0,1,1,8,80,1.0,8,Typea,Renault,Mail
2026-01-01 23:00:00,0.0,0.0,0.0,1,1,8,80,1.0,8,Typea,Renault,Mail
2026-01-02 00:00:00,0.0,0.0,0.0,1,1,8,80,1.0,8,Typea,Renault,Mail
2026-01-02 01:00:00,0.0,0.0,0.0,1,1,8,80,1.0,8,Typea,Renault,Mail
2026-01-02 02:00:00,0.0,0.0,0.0,1,1,8,80,1.0,8,Typea,Renault,Mail
2026-01-02 03:00:00,0.0,0.0,0.0,1,1,8,80,1.0,8,Typea,Renault,Mail
2026-01-02 04:00:00,0.0,0.0,0.0,1,1,8,80,1.0,8,Typea,Renault,Mail
2026-01-02 05:00:00,0.0,0.0,0.0,1,1,8,80,1.0,8,Typea,Renault,Mail
2026-01-02 06:00:00,0.0,0.0,0.0,1,1,8,80,1.0,8,Typea,Renault,Mail
2026-01-02 07:00:00,10.731590986434044,2.7776732853448163,0.258831452750679,0,0,8,0,1.23259004,8,Typea,Renault,Mail
2026-01-02 08:00:00,10.731590986434044,5.526163198824598,0.5149435163723906,0,0,8,0,1.23259004,8,Typea,Renault,Mail
2026-01-02 09:00:00,10.731590986434044,5.188413925759926,0.48347108386060117,0,0,8,0,1.23259004,8,Typea,Renault,Mail
2026-01-02 10:00:00,10.731590986434044,2.699674516770854,0.25156330689303674,0,0,8,0,1.23259004,8,Typea,Renault,Mail
2026-01-02 11:00:00,10.731590986434044,2.7457187446134914,0.2558538382691246,0,0,8,0,1.23259004,8,Typea,Renault,Mail
2026-01-02 12:00:00,10.731590986434044,2.7429220386242874,0.2555932332951986,0,0,8,0,1.23259004,8,Typea,Renault,Mail
2026-01-02 13:00:00,10.731590986434044,1.322765216323238,0.123259004,0,0,8,0,1.23259004,8,Typea,Renault,Mail
2026-01-02 14:00:00,10.731590986434044,3.5305461534986584,0.32898627593631474,0,0,8,0,1.23259004,8,Typea,Renault,Mail
2026-01-02 15:00:00,10.731590986434044,5.208273052004964,0.4853216134111722,0,0,8,0,1.23259004,8,Typea,Renault,Mail
2026-01-02 16:00:00,10.731590986434044,1.4321675939249208,0.1334534269648689,0,0,8,0,1.23259004,8,Typea,Renault,Mail
2026-01-02 17:00:00,10.731590986434044,2.5284809207894137,0.23561100343702088,0,0,8,0,1.23259004,8,Typea,Renault,Mail
2026-01-02 18:00:00,10.731590986434044,2.2931877741470132,0.21368572255929844,0,0,8,0,1.23259004,8,Typea,Renault,Mail
2026-01-02 19:00:00,10.731590986434044,2.35987618492663,0.21989993728886822,0,0,8,0,1.23259004,8,Typea,Renault,Mail
2026-01-02 20:00:00,10.731590986434044,3.859397967414088,0.35962961804012167,0,0,8,0,1.23259004,8,Typea,Renault,Mail
2026-01-02 21:00:00,10.731590986434044,3.0208208235073983,0.28148862804462643,0,0,8,0,1.23259004,8,Typea,Renault,Mail
2026-01-02 22:00:00,0.0,0.0,0.0,1,1,8,80,1.0,8,Typea,Renault,Mail
2026-01-02 23:00:00,0.0,0.0,0.0,1,1,8,80,1.0,8,Typea,Renault,Mail
2026-01-03 00:00:00,0.0,0.0,0.0,1,1,8,80,1.0,8,Typea,Renault,Mail
2026-01-03 01:00:00,0.0,0.0,0.0,1,1,8,80,1.0,8,Typea,Renault,Mail
2026-01-03 02:00:00,0.0,0.0,0.0,1,1,8,80,1.0,8,Typea,Renault,Mail
2026-01-03 03:00:00,0.0,0.0,0.0,1,1,8,80,1.0,8,Typea,Renault,Mail
2026-01-03 04:00:00,0.0,0.0,0.0,1,1,8,80,1.0,8,Typea,Renault,Mail
2026-01-03 05:00:00,0.0,0.0,0.0,1,1,8,80,1.0,8,Typea,Renault,Mail
2026-01-03 06:00:00,0.0,0.0,0.0,1,1,8,80,1.0,8,Typea,Renault,Mail
2026-01-03 07:00:00,0.0,0.0,0.0,1,1,8,80,1.0,8,Typea,Renault,Mail
2026-01-03 08:00:00,0.0,0.0,0.0,1,1,8,80,1.0,8,Typea,Renault,Mail
2026-01-03 09:00:00,0.0,0.0,0.0,1,1,8,80,1.0,8,Typea,Renault,Mail
2026-01-03 10:00:00,5.159094676248152,0.6493972980054682,0.12587427422009037,0,0,8,0,1.209049010004,8,Typea,Renault,Mail
2026-01-03 11:00:00,5.159094676248152,0.647412718807292,0.12548959835683998,0,0,8,0,1.209049010004,8,Typea,Renault,Mail
2026-01-03 12:00:00,5.159094676248152,0.6237598310834735,0.1209049010004,0,0,8,0,1.209049010004,8,Typea,Renault,Mail
2026-01-03 13:00:00,5.159094676248152,0.7063611457667648,0.13691571682504025,0,0,8,0,1.209049010004,8,Typea,Renault,Mail
2026-01-03 14:00:00,5.159094676248152,1.6250608440178032,0.3149895371177014,0,0,8,0,1.209049010004,8,Typea,Renault,Mail
2026-01-03 15:00:00,5.159094676248152,2.2166309247823963,0.4296550197048131,0,0,8,0,1.209049010004,8,Typea,Renault,Mail
2026-01-03 16:00:00,5.159094676248152,1.067775273928973,0.20696950549189977,0,0,8,0,1.209049010004,8,Typea,Renault,Mail
2026-01-03 17:00:00,5.159094676248152,0.6237598310834735,0.1209049010004,0,0,8,0,1.209049010004,8,Typea,Renault,Mail
2026-01-03 18:00:00,5.159094676248152,0.6237598310834735,0.1209049010004,0,0,8,0,1.209049010004,8,Typea,Renault,Mail
2026-01-03 19:00:00,5.159094676248152,1.3627036380339932,0.2641361951172782,0,0,8,0,1.209049010004,8,Typea,Renault,Mail
2026-01-03 20:00:00,5.159094676248152,2.4781604967665625,0.48034793937310627,0,0,8,0,1.209049010004,8,Typea,Renault,Mail
2026-01-03 21:00:00,5.159094676248152,0.6237598310834735,0.1209049010004,0,0,8,0,1.209049010004,8,Typea,Renault,Mail
2026-01-03 22:00:00,5.159094676248152,1.0017654296336493,0.1941746551474731,0,0,8,0,1.209049010004,8,Typea,Renault,Mail
2026-01-03 23:00:00,0.0,0.0,0.0,1,1,8,80,1.0,8,Typea,Renault,Mail
2026-01-04 00:00:00,0.0,0.0,0.0,1,1,8,80,1.0,8,Typea,Renault,Mail
2026-01-04 01:00:00,0.0,0.0,0.0,1,1,8,80,1.0,8,Typea,Renault,Mail
2026-01-04 02:00:00,0.0,0.0,0.0,1,1,8,80,1.0,8,Typea,Renault,Mail
2026-01-04 03:00:00,0.0,0.0,0.0,1,1,8,80,1.0,8,Typea,Renault,Mail
2026-01-04 04:00:00,0.0,0.0,0.0,1,1,8,80,1.0,8,Typea,Renault,Mail
2026-01-04 05:00:00,0.0,0.0,0.0,1,1,8,80,1.0,8,Typea,Renault,Mail
2026-01-04 06:00:00,0.0,0.0,0.0,1,1,8,80,1.0,8,Typea,Renault,Mail
2026-01-04 07:00:00,0.0,0.0,0.0,1,1,8,80,1.0,8,Typea,Renault,Mail
2026-01-04 08:00:00,0.0,0.0,0.0,1,1,8,80,1.0,8,Typea,Renault,Mail
2026-01-04 09:00:00,9.789416657302441,1.2775483913165446,0.13050301525000002,0,0,8,0,1.3050301525,8,Typea,Renault,Mail
2026-01-04 10:00:00,9.789416657302441,1.2775483913165446,0.13050301525000002,0,0,8,0,1.3050301525,8,Typea,Renault,Mail
2026-01-04 11:00:00,9.789416657302441,1.2775483913165446,0.13050301525000002,0,0,8,0,1.3050301525,8,Typea,Renault,Mail
2026-01-04 12:00:00,9.789416657302441,2.8841920073871328,0.29462348047425907,0,0,8,0,1.3050301525,8,Typea,Renault,Mail
2026-01-04 13:00:00,9.789416657302441,4.970214904863187,0.5077130822862302,0,0,8,0,1.3050301525,8,Typea,Renault,Mail
2026-01-04 14:00:00,9.789416657302441,2.3111529542325564,0.2360868921141022,0,0,8,0,1.3050301525,8,Typea,Renault,Mail
2026-01-04 15:00:00,9.789416657302441,2.6453008345612528,0.27022047657844694,0,0,8,0,1.3050301525,8,Typea,Renault,Mail
2026-01-04 16:00:00,9.789416657302441,1.2775483913165446,0.13050301525000002,0,0,8,0,1.3050301525,8,Typea,Renault,Mail
2026-01-04 17:00:00,9.789416657302441,4.959605438946862,0.5066293133255525,0,0,8,0,1.3050301525,8,Typea,Renault,Mail
2026-01-04 18:00:00,9.789416657302441,2.3671578556094097,0.24180785622640977,0,0,8,0,1.3050301525,8,Typea,Renault,Mail
2026-01-04 19:00:00,0.0,0.0,0.0,1,1,8,80,1.0,8,Typea,Renault,Mail
2026-01-04 20:00:00,0.0,0.0,0.0,1,1,8,80,1.0,8,Typea,Renault,Mail
2026-01-04 21:00:00,0.0,0.0,0.0,1,1,8,80,1.0,8,Typea,Renault,Mail
2026-01-04 22:00:00,0.0,0.0,0.0,1,1,8,80,1.0,8,Typea,Renault,Mail
2026-01-04 23:00:00,0.0,0.0,0.0,1,1,8,80,1.0,8,Typea,Renault,Mail
2026-01-05 00:00:00,0.0,0.0,0.0,1,1,8,80,1.0,8,Typea,Renault,Mail
2026-01-05 01:00:00,0.0,0.0,0.0,1,1,8,80,1.0,8,Typea,Renault,Mail
2026-01-05 02:00:00,0.0,0.0,0.0,1,1,8,80,1.0,8,Typea,Renault,Mail
2026-01-05 03:00:00,0.0,0.0,0.0,1,1,8,80,1.0,8,Typea,Renault,Mail
2026-01-05 04:00:00,0.0,0.0,0.0,1,1,8,80,1.0,8,Typea,Renault,Mail
2026-01-05 05:00:00,0.0,0.0,0.0,1,1,8,80,1.0,8,Typea,Renault,Mail
2026-01-05 06:00:00,0.0,0.0,0.0,1,1,8,80,1.0,8,Typea,Renault,Mail
2026-01-05 07:00:00,0.0,0.0,0.0,1,1,8,80,1.0,8,Typea,Renault,Mail
2026-01-05 08:00:00,10.846778763960597,2.231004491243774,0.20568359877095388,0,0,8,0,1.226197579604,8,Typea,Renault,Mail
2026-01-05 09:00:00,10.846778763960597,3.1813692195140297,0.29330083048106564,0,0,8,0,1.226197579604,8,Typea,Renault,Mail
2026-01-05 10:00:00,10.846778763960597,3.6972720700559183,0.3408636011218777,0,0,8,0,1.226197579604,8,Typea,Renault,Mail
2026-01-05 11:00:00,10.846778763960597,2.684163848487537,0.2474618416119921,0,0,8,0,1.226197579604,8,Typea,Renault,Mail
2026-01-05 12:00:00,10.846778763960597,3.257488786575226,0.30031854225685206,0,0,8,0,1.226197579604,8,Typea,Renault,Mail
2026-01-05 13:00:00,10.846778763960597,3.4770368353101277,0.3205593947267457,0,0,8,0,1.226197579604,8,Typea,Renault,Mail
2026-01-05 14:00:00,10.846778763960597,1.330029386686855,0.12261975796040002,0,0,8,0,1.226197579604,8,Typea,Renault,Mail
2026-01-05 15:00:00,10.846778763960597,4.635963306862718,0.42740461548511754,0,0,8,0,1.226197579604,8,Typea,Renault,Mail
2026-01-05 16:00:00,10.846778763960597,1.330029386686855,0.12261975796040002,0,0,8,0,1.226197579604,8,Typea,Renault,Mail
2026-01-05 17:00:00,10.846778763960597,2.6512589214846938,0.24442822880224507,0,0,8,0,1.226197579604,8,Typea,Renault,Mail
2026-01-05 18:00:00,10.846778763960597,1.4493756322858622,0.13362267856900925,0,0,8,0,1.226197579604,8,Typea,Renault,Mail
2026-01-05 19:00:00,10.846778763960597,2.0364409167431714,0.18774614667254305,0,0,8,0,1.226197579604,8,Typea,Renault,Mail
2026-01-05 20:00:00,10.846778763960597,1.330029386686855,0.12261975796040002,0,0,8,0,1.226197579604,8,Typea,Renault,Mail
2026-01-05 21:00:00,10.846778763960597,4.051340487120323,0.3735063261897872,0,0,8,0,1.226197579604,8,Typea,Renault,Mail
2026-01-05 22:00:00,0.0,0.0,0.0,1,1,8,80,1.0,8,Typea,Renault,Mail
2026-01-05 23:00:00,0.0,0.0,0.0,1,1,8,80,1.0,8,Typea,Renault,Mail
2026-01-06 00:00:00,0.0,0.0,0.0,1,1,8,80,1.0,8,Typea,Renault,Mail
2026-01-06 01:00:00,0.0,0.0,0.0,1,1,8,80,1.0,8,Typea,Renault,Mail
2026-01-06 02:00:00,0.0,0.0,0.0,1,1,8,80,1.0,8,Typea,Renault,Mail
2026-01-06 03:00:00,0.0,0.0,0.0,1,1,8,80,1.0,8,Typea,Renault,Mail
2026-01-06 04:00:00,0.0,0.0,0.0,1,1,8,80,1.0,8,Typea,Renault,Mail
2026-01-06 05:00:00,0.0,0.0,0.0,1,1,8,80,1.0,8,Typea,Renault,Mail
2026-01-06 06:00:00,0.0,0.0,0.0,1,1,8,80,1.0,8,Typea,Renault,Mail
2026-01-06 07:00:00,0.0,0.0,0.0,1,1,8,80,1.0,8,Typea,Renault,Mail
2026-01-06 08:00:00,0.0,0.0,0.0,1,1,8,80,1.0,8,Typea,Renault,Mail
2026-01-06 09:00:00,0.0,0.0,0.0,1,1,8,80,1.0,8,Typea,Renault,Mail
2026-01-06 10:00:00,11.987155660824135,3.3492435496067405,0.27940269104476406,0,0,8,0,1.3306301459840002,8,Typea,Renault,Mail
2026-01-06 11:00:00,11.987155660824135,4.492046902353261,0.37473834739912154,0,0,8,0,1.3306301459840002,8,Typea,Renault,Mail
2026-01-06 12:00:00,11.987155660824135,4.349272498500063,0.3628277317457512,0,0,8,0,1.3306301459840002,8,Typea,Renault,Mail
2026-01-06 13:00:00,11.987155660824135,1.5950470686895355,0.13306301459840003,0,0,8,0,1.3306301459840002,8,Typea,Renault,Mail
2026-01-06 14:00:00,11.987155660824135,2.784318532236953,0.23227516276747232,0,0,8,0,1.3306301459840002,8,Typea,Renault,Mail
2026-01-06 15:00:00,11.987155660824135,1.5950470686895355,0.13306301459840003,0,0,8,0,1.3306301459840002,8,Typea,Renault,Mail
2026-01-06 16:00:00,11.987155660824135,2.4081949922694665,0.20089794947268577,0,0,8,0,1.3306301459840002,8,Typea,Renault,Mail
2026-01-06 17:00:00,11.987155660824135,7.177711809102909,0.5987835656928001,0,0,8,0,1.3306301459840002,8,Typea,Renault,Mail
2026-01-06 18:00:00,11.987155660824135,4.460010585480617,0.37206579372758264,0,0,8,0,1.3306301459840002,8,Typea,Renault,Mail
2026-01-06 19:00:00,11.987155660824135,5.557109109770584,0.46358863328454725,0,0,8,0,1.3306301459840002,8,Typea,Renault,Mail
2026-01-06 20:00:00,11.987155660824135,4.216738237892614,0.35177137572957046,0,0,8,0,1.3306301459840002,8,Typea,Renault,Mail
2026-01-06 21:00:00,11.987155660824135,1.6214601025972717,0.1352664592399056,0,0,8,0,1.3306301459840002,8,Typea,Renault,Mail
2026-01-06 22:00:00,0.0,0.0,0.0,1,1,8,80,1.0,8,Typea,Renault,Mail
2026-01-06 23:00:00,0.0,0.0,0.0,1,1,8,80,1.0,8,Typea,Renault,Mail
2026-01-07 00:00:00,0.0,0.0,0.0,1,1,8,80,1.0,8,Typea,Renault,Mail
2026-01-07 01:00:00,0.0,0.0,0.0,1,1,8,80,1.0,8,Typea,Renault,Mail
2026-01-07 02:00:00,0.0,0.0,0.0,1,1,8,80,1.0,8,Typea,Renault,Mail
2026-01-07 03:00:00,0.0,0.0,0.0,1,1,8,80,1.0,8,Typea,Renault,Mail
2026-01-07 04:00:00,0.0,0.0,0.0,1,1,8,80,1.0,8,Typea,Renault,Mail
2026-01-07 05:00:00,0.0,0.0,0.0,1,1,8,80,1.0,8,Typea,Renault,Mail
2026-01-07 06:00:00,0.0,0.0,0.0,1,1,8,80,1.0,8,Typea,Renault,Mail
2026-01-07 07:00:00,0.0,0.0,0.0,1,1,8,80,1.0,8,Typea,Renault,Mail
2026-01-07 08:00:00,0.0,0.0,0.0,1,1,8,80,1.0,8,Typea,Renault,Mail
2026-01-07 09:00:00,7.586130878413588,1.3335310537156289,0.1757854003692719,0,0,8,0,1.282756305344,8,Typea,Renault,Mail
2026-01-07 10:00:00,7.586130878413588,0.9968497710611055,0.13140424111290402,0,0,8,0,1.282756305344,8,Typea,Renault,Mail
2026-01-07 11:00:00,7.586130878413588,2.1325038776197607,0.2811056007071829,0,0,8,0,1.282756305344,8,Typea,Renault,Mail
2026-01-07 12:00:00,7.586130878413588,3.109255442429493,0.40986050626636444,0,0,8,0,1.282756305344,8,Typea,Renault,Mail
2026-01-07 13:00:00,7.586130878413588,2.6614286412249486,0.3508282000246094,0,0,8,0,1.282756305344,8,Typea,Renault,Mail
2026-01-07 14:00:00,7.586130878413588,4.379020747852432,0.5772403374048001,0,0,8,0,1.282756305344,8,Typea,Renault,Mail
2026-01-07 15:00:00,7.586130878413588,2.96989837409247,0.39149052681695035,0,0,8,0,1.282756305344,8,Typea,Renault,Mail
2026-01-07 16:00:00,7.586130878413588,0.9731157217449848,0.12827563053440003,0,0,8,0,1.282756305344,8,Typea,Renault,Mail
2026-01-07 17:00:00,7.586130878413588,1.6645966486148693,0.21942630245827893,0,0,8,0,1.282756305344,8,Typea,Renault,Mail
2026-01-07 18:00:00,7.586130878413588,1.3333716566750122,0.17576438873064198,0,0,8,0,1.282756305344,8,Typea,Renault,Mail
2026-01-07 19:00:00,7.586130878413588,1.0355115781496715,0.1365006212977725,0,0,8,0,1.282756305344,8,Typea,Renault,Mail
2026-01-07 20:00:00,7.586130878413588,1.9175000808006046,0.25276390712647345,0,0,8,0,1.282756305344,8,Typea,Renault,Mail
2026-01-07 21:00:00,7.586130878413588,1.6950716143190259,0.22344349728296534,0,0,8,0,1.282756305344,8,Typea,Renault,Mail
2026-01-07 22:00:00,0.0,0.0,0.0,1,1,8,80,1.0,8,Typea,Renault,Mail
2026-01-07 23:00:00,0.0,0.0,0.0,1,1,8,80,1.0,8,Typea,Renault,Mail
2026-01-08 00:00:00,0.0,0.0,0.0,1,1,8,80,1.0,8,Typea,Renault,Mail
2026-01-08 01:00:00,0.0,0.0,0.0,1,1,8,80,1.0,8,Typea,Renault,Mail
2026-01-08 02:00:00,0.0,0.0,0.0,1,1,8,80,1.0,8,Typea,Renault,Mail
2026-01-08 03:00:00,0.0,0.0,0.0,1,1,8,80,1.0,8,Typea,Renault,Mail
2026-01-08 04:00:00,0.0,0.0,0.0,1,1,8,80,1.0,8,Typea,Renault,Mail
2026-01-08 05:00:00,0.0,0.0,0.0,1,1,8,80,1.0,8,Typea,Renault,Mail
2026-01-08 06:00:00,0.0,0.0,0.0,1,1,8,80,1.0,8,Typea,Renault,Mail
2026-01-08 07:00:00,0.0,0.0,0.0,1,1,8,80,1.0,8,Typea,Renault,Mail
2026-01-08 08:00:00,0.0,0.0,0.0,1,1,8,80,1.0,8,Typea,Renault,Mail
2026-01-08 09:00:00,8.368506546617848,0.984626113416588,0.11765852221440001,0,0,8,0,1.176585222144,8,Typea,Renault,Mail
2026-01-08 10:00:00,8.368506546617848,3.811876744391143,0.4555026303865081,0,0,8,0,1.176585222144,8,Typea,Renault,Mail
2026-01-08 11:00:00,8.368506546617848,0.984626113416588,0.11765852221440001,0,0,8,0,1.176585222144,8,Typea,Renault,Mail
2026-01-08 12:00:00,8.368506546617848,1.0367889386834939,0.12389175211944056,0,0,8,0,1.176585222144,8,Typea,Renault,Mail
2026-01-08 13:00:00,8.368506546617848,3.864419948155422,0.4617813138614604,0,0,8,0,1.176585222144,8,Typea,Renault,Mail
2026-01-08 14:00:00,8.368506546617848,2.112443273028941,0.25242774935543194,0,0,8,0,1.176585222144,8,Typea,Renault,Mail
2026-01-08 15:00:00,8.368506546617848,1.5775335483824453,0.18850837238336265,0,0,8,0,1.176585222144,8,Typea,Renault,Mail
2026-01-08 16:00:00,8.368506546617848,1.9084029098601534,0.2280458166853486,0,0,8,0,1.176585222144,8,Typea,Renault,Mail
2026-01-08 17:00:00,8.368506546617848,0.984626113416588,0.11765852221440001,0,0,8,0,1.176585222144,8,Typea,Renault,Mail
2026-01-08 18:00:00,8.368506546617848,2.0480186090826225,0.24472928325668028,0,0,8,0,1.176585222144,8,Typea,Renault,Mail
2026-01-08 19:00:00,8.368506546617848,3.749796301124292,0.448084288425368,0,0,8,0,1.176585222144,8,Typea,Renault,Mail
2026-01-08 20:00:00,0.0,0.0,0.0,1,1,8,80,1.0,8,Typea,Renault,Mail
2026-01-08 21:00:00,0.0,0.0,0.0,1,1,8,80,1.0,8,Typea,Renault,Mail
2026-01-08 22:00:00,0.0,0.0,0.0,1,1,8,80,1.0,8,Typea,Renault,Mail
2026-01-08 23:00:00,0.0,0.0,0.0,1,1,8,80,1.0,8,Typea,Renault,Mail
2026-01-09 00:00:00,0.0,0.0,0.0,1,1,8,80,1.0,8,Typea,Renault,Mail
2026-01-09 01:00:00,0.0,0.0,0.0,1,1,8,80,1.0,8,Typea,Renault,Mail
2026-01-09 02:00:00,0.0,0.0,0.0,1,1,8,80,1.0,8,Typea,Renault,Mail
2026-01-09 03:00:00,0.0,0.0,0.0,1,1,8,80,1.0,8,Typea,Renault,Mail
2026-01-09 04:00:00,0.0,0.0,0.0,1,1,8,80,1.0,8,Typea,Renault,Mail
2026-01-09 05:00:00,0.0,0.0,0.0,1,1,8,80,1.0,8,Typea,Renault,Mail
2026-01-09 06:00:00,0.0,0.0,0.0,1,1,8,80,1.0,8,Typea,Renault,Mail
2026-01-09 07:00:00,0.0,0.0,0.0,1,1,8,80,1.0,8,Typea,Renault,Mail
2026-01-09 08:00:00,0.0,0.0,0.0,1,1,8,80,1.0,8,Typea,Renault,Mail
2026-01-09 09:00:00,0.0,0.0,0.0,1,1,8,80,1.0,8,Typea,Renault,Mail
2026-01-09 10:00:00,7.5126559200079,1.7332144541330803,0.23070595440383987,0,0,8,0,1.137342385344,8,Typea,Renault,Mail
2026-01-09 11:00:00,7.5126559200079,0.8544462004330508,0.1137342385344,0,0,8,0,1.137342385344,8,Typea,Renault,Mail
2026-01-09 12:00:00,7.5126559200079,0.8544462004330508,0.1137342385344,0,0,8,0,1.137342385344,8,Typea,Renault,Mail
2026-01-09 13:00:00,7.5126559200079,3.239636933683267,0.4312239197665611,0,0,8,0,1.137342385344,8,Typea,Renault,Mail
2026-01-09 14:00:00,7.5126559200079,0.8544462004330508,0.1137342385344,0,0,8,0,1.137342385344,8,Typea,Renault,Mail
2026-01-09 15:00:00,7.5126559200079,1.767665440378749,0.23529168102469017,0,0,8,0,1.137342385344,8,Typea,Renault,Mail
2026-01-09 16:00:00,7.5126559200079,0.8544462004330508,0.1137342385344,0,0,8,0,1.137342385344,8,Typea,Renault,Mail
2026-01-09 17:00:00,7.5126559200079,1.1504562072577857,0.15313575112549224,0,0,8,0,1.137342385344,8,Typea,Renault,Mail
2026-01-09 18:00:00,7.5126559200079,1.073919044847077,0.14294798754019708,0,0,8,0,1.137342385344,8,Typea,Renault,Mail
2026-01-09 19:00:00,7.5126559200079,0.8544462004330508,0.1137342385344,0,0,8,0,1.137342385344,8,Typea,Renault,Mail
2026-01-09 20:00:00,7.5126559200079,2.0883404969621977,0.2779763267741938,0,0,8,0,1.137342385344,8,Typea,Renault,Mail
2026-01-09 21:00:00,0.0,0.0,0.0,1,1,8,80,1.0,8,Typea,Renault,Mail
2026-01-09 22:00:00,0.0,0.0,0.0,1,1,8,80,1.0,8,Typea,Renault,Mail
2026-01-09 23:00:00,0.0,0.0,0.0,1,1,8,80,1.0,8,Typea,Renault,Mail
2026-01-10 00:00:00,0.0,0.0,0.0,1,1,8,80,1.0,8,Typea,Renault,Mail
2026-01-10 01:00:00,0.0,0.0,0.0,1,1,8,80,1.0,8,Typea,Renault,Mail
2026-01-10 02:00:00,0.0,0.0,0.0,1,1,8,80,1.0,8,Typea,Renault,Mail
2026-01-10 03:00:00,0.0,0.0,0.0,1,1,8,80,1.0,8,Typea,Renault,Mail
2026-01-10 04:00:00,0.0,0.0,0.0,1,1,8,80,1.0,8,Typea,Renault,Mail
2026-01-10 05:00:00,0.0,0.0,0.0,1,1,8,80,1.0,8,Typea,Renault,Mail
2026-01-10 06:00:00,0.0,0.0,0.0,1,1,8,80,1.0,8,Typea,Renault,Mail
2026-01-10 07:00:00,0.0,0.0,0.0,1,1,8,80,1.0,8,Typea,Renault,Mail
2026-01-10 08:00:00,4.3035962957911496,1.6959630570762367,0.39408042495409296,0,0,8,0,1.18961004,8,Typea,Renault,Mail
2026-01-10 09:00:00,4.3035962957911496,1.3465913397037972,0.31289908419633655,0,0,8,0,1.18961004,8,Typea,Renault,Mail
2026-01-10 10:00:00,4.3035962957911496,1.4936616204728586,0.3470728938803197,0,0,8,0,1.18961004,8,Typea,Renault,Mail
2026-01-10 11:00:00,4.3035962957911496,1.006889683628728,0.23396471565268578,0,0,8,0,1.18961004,8,Typea,Renault,Mail
2026-01-10 12:00:00,4.3035962957911496,2.303820612710983,0.535324518,0,0,8,0,1.18961004,8,Typea,Renault,Mail
2026-01-10 13:00:00,4.3035962957911496,0.9469683458523576,0.22004116575211247,0,0,8,0,1.18961004,8,Typea,Renault,Mail
2026-01-10 14:00:00,4.3035962957911496,0.551132660043222,0.12806328060608782,0,0,8,0,1.18961004,8,Typea,Renault,Mail
2026-01-10 15:00:00,4.3035962957911496,0.5119601361579962,0.11896100400000001,0,0,8,0,1.18961004,8,Typea,Renault,Mail
2026-01-10 16:00:00,4.3035962957911496,0.5119601361579962,0.11896100400000001,0,0,8,0,1.18961004,8,Typea,Renault,Mail
2026-01-10 17:00:00,4.3035962957911496,0.8383522430319119,0.19480271508082841,0,0,8,0,1.18961004,8,Typea,Renault,Mail
2026-01-10 18:00:00,4.3035962957911496,0.9328785159997038,0.21676719931003857,0,0,8,0,1.18961004,8,Typea,Renault,Mail
2026-01-10 19:00:00,4.3035962957911496,2.1075092546626157,0.48970886435693955,0,0,8,0,1.18961004,8,Typea,Renault,Mail
2026-01-10 20:00:00,0.0,0.0,0.0,1,1,8,80,1.0,8,Typea,Renault,Mail
2026-01-10 21:00:00,0.0,0.0,0.0,1,1,8,80,1.0,8,Typea,Renault,Mail
2026-01-10 22:00:00,0.0,0.0,0.0,1,1,8,80,1.0,8,Typea,Renault,Mail
2026-01-10 23:00:00,0.0,0.0,0.0,1,1,8,80,1.0,8,Typea,Renault,Mail
2026-01-11 00:00:00,0.0,0.0,0.0,1,1,8,80,1.0,8,Typea,Renault,Mail
2026-01-11 01:00:00,0.0,0.0,0.0,1,1,8,80,1.0,8,Typea,Renault,Mail
2026-01-11 02:00:00,0.0,0.0,0.0,1,1,8,80,1.0,8,Typea,Renault,Mail
2026-01-11 03:00:00,0.0,0.0,0.0,1,1,8,80,1.0,8,Typea,Renault,Mail
2026-01-11 04:00:00,0.0,0.0,0.0,1,1,8,80,1.0,8,Typea,Renault,Mail
2026-01-11 05:00:00,0.0,0.0,0.0,1,1,8,80,1.0,8,Typea,Renault,Mail
2026-01-11 06:00:00,0.0,0.0,0.0,1,1,8,80,1.0,8,Typea,Renault,Mail
2026-01-11 07:00:00,0.0,0.0,0.0,1,1,8,80,1.0,8,Typea,Renault,Mail
2026-01-11 08:00:00,0.0,0.0,0.0,1,1,8,80,1.0,8,Typea,Renault,Mail
2026-01-11 09:00:00,4.541037592364093,1.6780398328883648,0.3695278444094022,0,0,8,0,1.122069513044,8,Typea,Renault,Mail
2026-01-11 10:00:00,4.541037592364093,0.5095359839978476,0.1122069513044,0,0,8,0,1.122069513044,8,Typea,Renault,Mail
2026-01-11 11:00:00,4.541037592364093,1.132935339720182,0.2494882098367234,0,0,8,0,1.122069513044,8,Typea,Renault,Mail
2026-01-11 12:00:00,4.541037592364093,1.1600749171605398,0.25546472443021495,0,0,8,0,1.122069513044,8,Typea,Renault,Mail
2026-01-11 13:00:00,4.541037592364093,0.5326559686406532,0.11729829533592326,0,0,8,0,1.122069513044,8,Typea,Renault,Mail
2026-01-11 14:00:00,4.541037592364093,0.5095359839978476,0.1122069513044,0,0,8,0,1.122069513044,8,Typea,Renault,Mail
2026-01-11 15:00:00,4.541037592364093,0.6842067907722679,0.15067190633320995,0,0,8,0,1.122069513044,8,Typea,Renault,Mail
2026-01-11 16:00:00,4.541037592364093,0.8507113694915117,0.18733854371124592,0,0,8,0,1.122069513044,8,Typea,Renault,Mail
2026-01-11 17:00:00,4.541037592364093,1.513721253024234,0.3333425945580383,0,0,8,0,1.122069513044,8,Typea,Renault,Mail
2026-01-11 18:00:00,4.541037592364093,1.5870417642191343,0.34948879676481825,0,0,8,0,1.122069513044,8,Typea,Renault,Mail
2026-01-11 19:00:00,4.541037592364093,1.0931353733152342,0.2407237004937766,0,0,8,0,1.122069513044,8,Typea,Renault,Mail
2026-01-11 20:00:00,4.541037592364093,0.6398733906958964,0.14090907148002144,0,0,8,0,1.122069513044,8,Typea,Renault,Mail
2026-01-11 21:00:00,4.541037592364093,0.5095359839978476,0.1122069513044,0,0,8,0,1.122069513044,8,Typea,Renault,Mail
2026-01-11 22:00:00,4.541037592364093,1.1800562283337173,0.25986488865849106,0,0,8,0,1.122069513044,8,Typea,Renault,Mail
2026-01-11 23:00:00,0.0,0.0,0.0,1,1,8,80,1.0,8,Typea,Renault,Mail
2026-01-12 00:00:00,0.0,0.0,0.0,1,1,8,80,1.0,8,Typea,Renault,Mail
2026-01-12 01:00:00,0.0,0.0,0.0,1,1,8,80,1.0,8,Typea,Renault,Mail
2026-01-12 02:00:00,0.0,0.0,0.0,1,1,8,80,1.0,8,Typea,Renault,Mail
2026-01-12 03:00:00,0.0,0.0,0.0,1,1,8,80,1.0,8,Typea,Renault,Mail
2026-01-12 04:00:00,0.0,0.0,0.0,1,1,8,80,1.0,8,Typea,Renault,Mail
2026-01-12 05:00:00,0.0,0.0,0.0,1,1,8,80,1.0,8,Typea,Renault,Mail
2026-01-12 06:00:00,0.0,0.0,0.0,1,1,8,80,1.0,8,Typea,Renault,Mail
2026-01-12 07:00:00,9.793681501130376,1.5372832322358296,0.1569668394932384,0,0,8,0,1.119889326784,8,Typea,Renault,Mail
2026-01-12 08:00:00,9.793681501130376,1.0967839383037812,0.1119889326784,0,0,8,0,1.119889326784,8,Typea,Renault,Mail
2026-01-12 09:00:00,9.793681501130376,1.0967839383037812,0.1119889326784,0,0,8,0,1.119889326784,8,Typea,Renault,Mail
2026-01-12 10:00:00,9.793681501130376,1.0967839383037812,0.1119889326784,0,0,8,0,1.119889326784,8,Typea,Renault,Mail
2026-01-12 11:00:00,9.793681501130376,1.0967839383037812,0.1119889326784,0,0,8,0,1.119889326784,8,Typea,Renault,Mail
2026-01-12 12:00:00,9.793681501130376,2.9584067794524853,0.3020730027937941,0,0,8,0,1.119889326784,8,Typea,Renault,Mail
2026-01-12 13:00:00,9.793681501130376,3.4849155547193083,0.35583304953475187,0,0,8,0,1.119889326784,8,Typea,Renault,Mail
2026-01-12 14:00:00,9.793681501130376,1.0967839383037812,0.1119889326784,0,0,8,0,1.119889326784,8,Typea,Renault,Mail
2026-01-12 15:00:00,9.793681501130376,3.3243680887186056,0.3394400857670234,0,0,8,0,1.119889326784,8,Typea,Renault,Mail
2026-01-12 16:00:00,9.793681501130376,1.9253212721851143,0.1965881034586326,0,0,8,0,1.119889326784,8,Typea,Renault,Mail
2026-01-12 17:00:00,9.793681501130376,1.0967839383037812,0.1119889326784,0,0,8,0,1.119889326784,8,Typea,Renault,Mail
2026-01-12 18:00:00,9.793681501130376,1.0967839383037812,0.1119889326784,0,0,8,0,1.119889326784,8,Typea,Renault,Mail
2026-01-12 19:00:00,9.793681501130376,1.0967839383037812,0.1119889326784,0,0,8,0,1.119889326784,8,Typea,Renault,Mail
2026-01-12 20:00:00,0.0,0.0,0.0,1,1,8,80,1.0,8,Typea,Renault,Mail
2026-01-12 21:00:00,0.0,0.0,0.0,1,1,8,80,1.0,8,Typea,Renault,Mail
2026-01-12 22:00:00,0.0,0.0,0.0,1,1,8,80,1.0,8,Typea,Renault,Mail
2026-01-12 23:00:00,0.0,0.0,0.0,1,1,8,80,1.0,8,Typea,Renault,Mail
2026-01-13 00:00:00,0.0,0.0,0.0,1,1,8,80,1.0,8,Typea,Renault,Mail
2026-01-13 01:00:00,0.0,0.0,0.0,1,1,8,80,1.0,8,Typea,Renault,Mail
2026-01-13 02:00:00,0.0,0.0,0.0,1,1,8,80,1.0,8,Typea,Renault,Mail
2026-01-13 03:00:00,0.0,0.0,0.0,1,1,8,80,1.0,8,Typea,Renault,Mail
2026-01-13 04:00:00,0.0,0.0,0.0,1,1,8,80,1.0,8,Typea,Renault,Mail
2026-01-13 05:00:00,0.0,0.0,0.0,1,1,8,80,1.0,8,Typea,Renault,Mail
2026-01-13 06:00:00,0.0,0.0,0.0,1,1,8,80,1.0,8,Typea,Renault,Mail
2026-01-13 07:00:00,0.0,0.0,0.0,1,1,8,80,1.0,8,Typea,Renault,Mail
2026-01-13 08:00:00,8.080880611004348,1.7363065588265196,0.21486600810090664,0,0,8,0,1.12425024,8,Typea,Renault,Mail
2026-01-13 09:00:00,8.080880611004348,0.9084931966332986,0.11242502400000001,0,0,8,0,1.12425024,8,Typea,Renault,Mail
2026-01-13 10:00:00,8.080880611004348,2.560807341222847,0.31689706413130286,0,0,8,0,1.12425024,8,Typea,Renault,Mail
2026-01-13 11:00:00,8.080880611004348,1.292365117463436,0.159928747827746,0,0,8,0,1.12425024,8,Typea,Renault,Mail
2026-01-13 12:00:00,8.080880611004348,1.213409642448526,0.1501580954922331,0,0,8,0,1.12425024,8,Typea,Renault,Mail
2026-01-13 13:00:00,8.080880611004348,0.9084931966332986,0.11242502400000001,0,0,8,0,1.12425024,8,Typea,Renault,Mail
2026-01-13 14:00:00,8.080880611004348,0.9084931966332986,0.11242502400000001,0,0,8,0,1.12425024,8,Typea,Renault,Mail
2026-01-13 15:00:00,8.080880611004348,1.1705045304692727,0.14484863554045188,0,0,8,0,1.12425024,8,Typea,Renault,Mail
2026-01-13 16:00:00,8.080880611004348,1.5974896670514458,0.19768757193071546,0,0,8,0,1.12425024,8,Typea,Renault,Mail
2026-01-13 17:00:00,8.080880611004348,1.5960090912765867,0.19750435232308472,0,0,8,0,1.12425024,8,Typea,Renault,Mail
2026-01-13 18:00:00,8.080880611004348,0.9828943617854748,0.12163208554857166,0,0,8,0,1.12425024,8,Typea,Renault,Mail
2026-01-13 19:00:00,8.080880611004348,1.2302520041926137,0.15224231905088242,0,0,8,0,1.12425024,8,Typea,Renault,Mail
2026-01-13 20:00:00,8.080880611004348,1.938348237661843,0.23986844144464245,0,0,8,0,1.12425024,8,Typea,Renault,Mail
2026-01-13 21:00:00,8.080880611004348,2.5959844839400876,0.3212501964705355,0,0,8,0,1.12425024,8,Typea,Renault,Mail
2026-01-13 22:00:00,8.080880611004348,0.9084931966332986,0.11242502400000001,0,0,8,0,1.12425024,8,Typea,Renault,Mail
2026-01-13 23:00:00,0.0,0.0,0.0,1,1,8,80,1.0,8,Typea,Renault,Mail
2026-01-14 00:00:00,0.0,0.0,0.0,1,1,8,80,1.0,8,Typea,Renault,Mail
2026-01-14 01:00:00,0.0,0.0,0.0,1,1,8,80,1.0,8,Typea,Renault,Mail
2026-01-14 02:00:00,0.0,0.0,0.0,1,1,8,80,1.0,8,Typea,Renault,Mail
2026-01-14 03:00:00,0.0,0.0,0.0,1,1,8,80,1.0,8,Typea,Renault,Mail
2026-01-14 04:00:00,0.0,0.0,0.0,1,1,8,80,1.0,8,Typea,Renault,Mail
2026-01-14 05:00:00,0.0,0.0,0.0,1,1,8,80,1.0,8,Typea,Renault,Mail
2026-01-14 06:00:00,0.0,0.0,0.0,1,1,8,80,1.0,8,Typea,Renault,Mail
2026-01-14 07:00:00,0.0,0.0,0.0,1,1,8,80,1.0,8,Typea,Renault,Mail
2026-01-14 08:00:00,0.0,0.0,0.0,1,1,8,80,1.0,8,Typea,Renault,Mail
2026-01-14 09:00:00,4.7330878656884,0.521811104472482,0.11024750000000001,0,0,8,0,1.102475,8,Typea,Renault,Mail
2026-01-14 10:00:00,4.7330878656884,0.780778660672277,0.1649617929834728,0,0,8,0,1.102475,8,Typea,Renault,Mail
2026-01-14 11:00:00,4.7330878656884,1.261077500159267,0.26643864131515554,0,0,8,0,1.102475,8,Typea,Renault,Mail
2026-01-14 12:00:00,4.7330878656884,1.9940666769941595,0.4213035408553807,0,0,8,0,1.102475,8,Typea,Renault,Mail
2026-01-14 13:00:00,4.7330878656884,1.4237047894222679,0.30079830119849216,0,0,8,0,1.102475,8,Typea,Renault,Mail
2026-01-14 14:00:00,4.7330878656884,1.8523898997499506,0.3913702750330267,0,0,8,0,1.102475,8,Typea,Renault,Mail
2026-01-14 15:00:00,4.7330878656884,1.106833195145697,0.2338501262927039,0,0,8,0,1.102475,8,Typea,Renault,Mail
2026-01-14 16:00:00,4.7330878656884,0.7052087016051025,0.1489954806707426,0,0,8,0,1.102475,8,Typea,Renault,Mail
2026-01-14 17:00:00,4.7330878656884,0.521811104472482,0.11024750000000001,0,0,8,0,1.102475,8,Typea,Renault,Mail
2026-01-14 18:00:00,4.7330878656884,0.521811104472482,0.11024750000000001,0,0,8,0,1.102475,8,Typea,Renault,Mail
2026-01-14 19:00:00,0.0,0.0,0.0,1,1,8,80,1.0,8,Typea,Renault,Mail
2026-01-14 20:00:00,0.0,0.0,0.0,1,1,8,80,1.0,8,Typea,Renault,Mail
2026-01-14 21:00:00,0.0,0.0,0.0,1,1,8,80,1.0,8,Typea,Renault,Mail
2026-01-14 22:00:00,0.0,0.0,0.0,1,1,8,80,1.0,8,Typea,Renault,Mail
2026-01-14 23:00:00,0.0,0.0,0.0,1,1,8,80,1.0,8,Typea,Renault,Mail
2026-01-01 00:00:00,0.0,0.0,0.0,1,1,9,80,1.0,9,Typea,Renault,Mail
2026-01-01 01:00:00,0.0,0.0,0.0,1,1,9,80,1.0,9,Typea,Renault,Mail
2026-01-01 02:00:00,0.0,0.0,0.0,1,1,9,80,1.0,9,Typea,Renault,Mail
2026-01-01 03:00:00,0.0,0.0,0.0,1,1,9,80,1.0,9,Typea,Renault,Mail
2026-01-01 04:00:00,0.0,0.0,0.0,1,1,9,80,1.0,9,Typea,Renault,Mail
2026-01-01 05:00:00,0.0,0.0,0.0,1,1,9,80,1.0,9,Typea,Renault,Mail
2026-01-01 06:00:00,0.0,0.0,0.0,1,1,9,80,1.0,9,Typea,Renault,Mail
2026-01-01 07:00:00,0.0,0.0,0.0,1,1,9,80,1.0,9,Typea,Renault,Mail
2026-01-01 08:00:00,0.0,0.0,0.0,1,1,9,80,1.0,9,Typea,Renault,Mail
2026-01-01 09:00:00,10.339729348424171,2.3599427536966817,0.22824028310338215,0,0,9,0,1.1329772784640002,9,Typea,Renault,Mail
2026-01-01 10:00:00,10.339729348424171,2.342501702443349,0.22655348351070317,0,0,9,0,1.1329772784640002,9,Typea,Renault,Mail
2026-01-01 11:00:00,10.339729348424171,1.1714678417231967,0.11329772784640002,0,0,9,0,1.1329772784640002,9,Typea,Renault,Mail
2026-01-01 12:00:00,10.339729348424171,4.052205869394321,0.39190637712503545,0,0,9,0,1.1329772784640002,9,Typea,Renault,Mail
2026-01-01 13:00:00,10.339729348424171,1.5355460265182306,0.14850930568625142,0,0,9,0,1.1329772784640002,9,Typea,Renault,Mail
2026-01-01 14:00:00,10.339729348424171,2.903636342147241,0.28082324442948503,0,0,9,0,1.1329772784640002,9,Typea,Renault,Mail
2026-01-01 15:00:00,10.339729348424171,1.1714678417231967,0.11329772784640002,0,0,9,0,1.1329772784640002,9,Typea,Renault,Mail
2026-01-01 16:00:00,10.339729348424171,3.2277299453937016,0.31216774024028243,0,0,9,0,1.1329772784640002,9,Typea,Renault,Mail
2026-01-01 17:00:00,10.339729348424171,1.295872862656613,0.1253294761389582,0,0,9,0,1.1329772784640002,9,Typea,Renault,Mail
2026-01-01 18:00:00,10.339729348424171,4.517751946882776,0.43693135425941354,0,0,9,0,1.1329772784640002,9,Typea,Renault,Mail
2026-01-01 19:00:00,10.339729348424171,2.1639251762084037,0.20928257435850553,0,0,9,0,1.1329772784640002,9,Typea,Renault,Mail
2026-01-01 20:00:00,10.339729348424171,2.509552666804589,0.24270970566430333,0,0,9,0,1.1329772784640002,9,Typea,Renault,Mail
2026-01-01 21:00:00,0.0,0.0,0.0,1,1,9,80,1.0,9,Typea,Renault,Mail
2026-01-01 22:00:00,0.0,0.0,0.0,1,1,9,80,1.0,9,Typea,Renault,Mail
2026-01-01 23:00:00,0.0,0.0,0.0,1,1,9,80,1.0,9,Typea,Renault,Mail
2026-01-02 00:00:00,0.0,0.0,0.0,1,1,9,80,1.0,9,Typea,Renault,Mail
2026-01-02 01:00:00,0.0,0.0,0.0,1,1,9,80,1.0,9,Typea,Renault,Mail
2026-01-02 02:00:00,0.0,0.0,0.0,1,1,9,80,1.0,9,Typea,Renault,Mail
2026-01-02 03:00:00,0.0,0.0,0.0,1,1,9,80,1.0,9,Typea,Renault,Mail
2026-01-02 04:00:00,0.0,0.0,0.0,1,1,9,80,1.0,9,Typea,Renault,Mail
2026-01-02 05:00:00,0.0,0.0,0.0,1,1,9,80,1.0,9,Typea,Renault,Mail
2026-01-02 06:00:00,0.0,0.0,0.0,1,1,9,80,1.0,9,Typea,Renault,Mail
2026-01-02 07:00:00,0.0,0.0,0.0,1,1,9,80,1.0,9,Typea,Renault,Mail
2026-01-02 08:00:00,9.685803750425812,1.1938625232169502,0.123259004,0,0,9,0,1.23259004,9,Typea,Renault,Mail
2026-01-02 09:00:00,9.685803750425812,1.583612211186892,0.16349827561984956,0,0,9,0,1.23259004,9,Typea,Renault,Mail
2026-01-02 10:00:00,9.685803750425812,4.775272473472923,0.4930176778837781,0,0,9,0,1.23259004,9,Typea,Renault,Mail
2026-01-02 11:00:00,9.685803750425812,1.1938625232169502,0.123259004,0,0,9,0,1.23259004,9,Typea,Renault,Mail
2026-01-02 12:00:00,9.685803750425812,4.2867090011848425,0.44257648736651184,0,0,9,0,1.23259004,9,Typea,Renault,Mail
2026-01-02 13:00:00,9.685803750425812,2.9918687016461556,0.3088921455294431,0,0,9,0,1.23259004,9,Typea,Renault,Mail
2026-01-02 14:00:00,9.685803750425812,5.372381354476276,0.5546655180000001,0,0,9,0,1.23259004,9,Typea,Renault,Mail
2026-01-02 15:00:00,9.685803750425812,1.1938625232169502,0.123259004,0,0,9,0,1.23259004,9,Typea,Renault,Mail
2026-01-02 16:00:00,9.685803750425812,2.490363871303681,0.2571148389408776,0,0,9,0,1.23259004,9,Typea,Renault,Mail
2026-01-02 17:00:00,9.685803750425812,1.1938625232169502,0.123259004,0,0,9,0,1.23259004,9,Typea,Renault,Mail
2026-01-02 18:00:00,9.685803750425812,3.0219406220726768,0.31199688739716874,0,0,9,0,1.23259004,9,Typea,Renault,Mail
2026-01-02 19:00:00,9.685803750425812,1.1938625232169502,0.123259004,0,0,9,0,1.23259004,9,Typea,Renault,Mail
2026-01-02 20:00:00,9.685803750425812,2.5555029730923047,0.26384005281750195,0,0,9,0,1.23259004,9,Typea,Renault,Mail
2026-01-02 21:00:00,0.0,0.0,0.0,1,1,9,80,1.0,9,Typea,Renault,Mail
2026-01-02 22:00:00,0.0,0.0,0.0,1,1,9,80,1.0,9,Typea,Renault,Mail
2026-01-02 23:00:00,0.0,0.0,0.0,1,1,9,80,1.0,9,Typea,Renault,Mail
2026-01-03 00:00:00,0.0,0.0,0.0,1,1,9,80,1.0,9,Typea,Renault,Mail
2026-01-03 01:00:00,0.0,0.0,0.0,1,1,9,80,1.0,9,Typea,Renault,Mail
2026-01-03 02:00:00,0.0,0.0,0.0,1,1,9,80,1.0,9,Typea,Renault,Mail
2026-01-03 03:00:00,0.0,0.0,0.0,1,1,9,80,1.0,9,Typea,Renault,Mail
2026-01-03 04:00:00,0.0,0.0,0.0,1,1,9,80,1.0,9,Typea,Renault,Mail
2026-01-03 05:00:00,0.0,0.0,0.0,1,1,9,80,1.0,9,Typea,Renault,Mail
2026-01-03 06:00:00,0.0,0.0,0.0,1,1,9,80,1.0,9,Typea,Renault,Mail
2026-01-03 07:00:00,0.0,0.0,0.0,1,1,9,80,1.0,9,Typea,Renault,Mail
2026-01-03 08:00:00,5.528599830385045,2.424606052089736,0.43855698123857006,0,0,9,0,1.209049010004,9,Typea,Renault,Mail
2026-01-03 09:00:00,5.528599830385045,2.7563585870361536,0.49856359143363504,0,0,9,0,1.209049010004,9,Typea,Renault,Mail
2026-01-03 10:00:00,5.528599830385045,0.9102980772576609,0.1646525531210788,0,0,9,0,1.209049010004,9,Typea,Renault,Mail
2026-01-03 11:00:00,5.528599830385045,1.9969290680732386,0.36119978463591573,0,0,9,0,1.209049010004,9,Typea,Renault,Mail
2026-01-03 12:00:00,5.528599830385045,1.9278558022051906,0.3487059764408601,0,0,9,0,1.209049010004,9,Typea,Renault,Mail
2026-01-03 13:00:00,5.528599830385045,1.7325581990029084,0.3133810100490204,0,0,9,0,1.209049010004,9,Typea,Renault,Mail
2026-01-03 14:00:00,5.528599830385045,0.668434815163532,0.1209049010004,0,0,9,0,1.209049010004,9,Typea,Renault,Mail
2026-01-03 15:00:00,5.528599830385045,1.226717710914277,0.2218857845656087,0,0,9,0,1.209049010004,9,Typea,Renault,Mail
2026-01-03 16:00:00,5.528599830385045,1.4057165178351252,0.25426266341603215,0,0,9,0,1.209049010004,9,Typea,Renault,Mail
2026-01-03 17:00:00,5.528599830385045,2.1133185726422146,0.382252041652114,0,0,9,0,1.209049010004,9,Typea,Renault,Mail
2026-01-03 18:00:00,5.528599830385045,1.7947988421516021,0.32463894968260015,0,0,9,0,1.209049010004,9,Typea,Renault,Mail
2026-01-03 19:00:00,5.528599830385045,0.668434815163532,0.1209049010004,0,0,9,0,1.209049010004,9,Typea,Renault,Mail
2026-01-03 20:00:00,0.0,0.0,0.0,1,1,9,80,1.0,9,Typea,Renault,Mail
2026-01-03 21:00:00,0.0,0.0,0.0,1,1,9,80,1.0,9,Typea,Renault,Mail
2026-01-03 22:00:00,0.0,0.0,0.0,1,1,9,80,1.0,9,Typea,Renault,Mail
2026-01-03 23:00:00,0.0,0.0,0.0,1,1,9,80,1.0,9,Typea,Renault,Mail
2026-01-04 00:00:00,0.0,0.0,0.0,1,1,9,80,1.0,9,Typea,Renault,Mail
2026-01-04 01:00:00,0.0,0.0,0.0,1,1,9,80,1.0,9,Typea,Renault,Mail
2026-01-04 02:00:00,0.0,0.0,0.0,1,1,9,80,1.0,9,Typea,Renault,Mail
2026-01-04 03:00:00,0.0,0.0,0.0,1,1,9,80,1.0,9,Typea,Renault,Mail
2026-01-04 04:00:00,0.0,0.0,0.0,1,1,9,80,1.0,9,Typea,Renault,Mail
2026-01-04 05:00:00,0.0,0.0,0.0,1,1,9,80,1.0,9,Typea,Renault,Mail
2026-01-04 06:00:00,0.0,0.0,0.0,1,1,9,80,1.0,9,Typea,Renault,Mail
2026-01-04 07:00:00,0.0,0.0,0.0,1,1,9,80,1.0,9,Typea,Renault,Mail
2026-01-04 08:00:00,12.367735549430398,3.0305265148104055,0.24503487341706442,0,0,9,0,1.3050301525,9,Typea,Renault,Mail
2026-01-04 09:00:00,12.367735549430398,7.2631205145687705,0.5872635686250001,0,0,9,0,1.3050301525,9,Typea,Renault,Mail
2026-01-04 10:00:00,12.367735549430398,5.518800719108186,0.4462256406640549,0,0,9,0,1.3050301525,9,Typea,Renault,Mail
2026-01-04 11:00:00,12.367735549430398,7.2631205145687705,0.5872635686250001,0,0,9,0,1.3050301525,9,Typea,Renault,Mail
2026-01-04 12:00:00,12.367735549430398,5.903860441028266,0.47735985439146716,0,0,9,0,1.3050301525,9,Typea,Renault,Mail
2026-01-04 13:00:00,12.367735549430398,1.6140267810152826,0.13050301525000002,0,0,9,0,1.3050301525,9,Typea,Renault,Mail
2026-01-04 14:00:00,12.367735549430398,1.8753099922414758,0.15162921172969648,0,0,9,0,1.3050301525,9,Typea,Renault,Mail
2026-01-04 15:00:00,12.367735549430398,1.6140267810152826,0.13050301525000002,0,0,9,0,1.3050301525,9,Typea,Renault,Mail
2026-01-04 16:00:00,12.367735549430398,6.531842205685423,0.5281356623109758,0,0,9,0,1.3050301525,9,Typea,Renault,Mail
2026-01-04 17:00:00,12.367735549430398,7.2631205145687705,0.5872635686250001,0,0,9,0,1.3050301525,9,Typea,Renault,Mail
2026-01-04 18:00:00,12.367735549430398,4.938406637988092,0.3992975608388985,0,0,9,0,1.3050301525,9,Typea,Renault,Mail
2026-01-04 19:00:00,12.367735549430398,5.026064432729415,0.4063851796185028,0,0,9,0,1.3050301525,9,Typea,Renault,Mail
2026-01-04 20:00:00,0.0,0.0,0.0,1,1,9,80,1.0,9,Typea,Renault,Mail
2026-01-04 21:00:00,0.0,0.0,0.0,1,1,9,80,1.0,9,Typea,Renault,Mail
2026-01-04 22:00:00,0.0,0.0,0.0,1,1,9,80,1.0,9,Typea,Renault,Mail
2026-01-04 23:00:00,0.0,0.0,0.0,1,1,9,80,1.0,9,Typea,Renault,Mail
2026-01-05 00:00:00,0.0,0.0,0.0,1,1,9,80,1.0,9,Typea,Renault,Mail
2026-01-05 01:00:00,0.0,0.0,0.0,1,1,9,80,1.0,9,Typea,Renault,Mail
2026-01-05 02:00:00,0.0,0.0,0.0,1,1,9,80,1.0,9,Typea,Renault,Mail
2026-01-05 03:00:00,0.0,0.0,0.0,1,1,9,80,1.0,9,Typea,Renault,Mail
2026-01-05 04:00:00,0.0,0.0,0.0,1,1,9,80,1.0,9,Typea,Renault,Mail
2026-01-05 05:00:00,0.0,0.0,0.0,1,1,9,80,1.0,9,Typea,Renault,Mail
2026-01-05 06:00:00,0.0,0.0,0.0,1,1,9,80,1.0,9,Typea,Renault,Mail
2026-01-05 07:00:00,0.0,0.0,0.0,1,1,9,80,1.0,9,Typea,Renault,Mail
2026-01-05 08:00:00,10.568085177381889,1.2958560465554583,0.12261975796040002,0,0,9,0,1.226197579604,9,Typea,Renault,Mail
2026-01-05 09:00:00,10.568085177381889,3.261203557503846,0.3085898251921327,0,0,9,0,1.226197579604,9,Typea,Renault,Mail
2026-01-05 10:00:00,10.568085177381889,1.2958560465554583,0.12261975796040002,0,0,9,0,1.226197579604,9,Typea,Renault,Mail
2026-01-05 11:00:00,10.568085177381889,2.265219967515942,0.2143453548580427,0,0,9,0,1.226197579604,9,Typea,Renault,Mail
2026-01-05 12:00:00,10.568085177381889,2.1766642301677086,0.20596581061120384,0,0,9,0,1.226197579604,9,Typea,Renault,Mail
2026-01-05 13:00:00,10.568085177381889,2.540516217759908,0.2403951307278628,0,0,9,0,1.226197579604,9,Typea,Renault,Mail
2026-01-05 14:00:00,10.568085177381889,4.544331066207411,0.4300051513526135,0,0,9,0,1.226197579604,9,Typea,Renault,Mail
2026-01-05 15:00:00,10.568085177381889,2.2399277340806756,0.21195208937893795,0,0,9,0,1.226197579604,9,Typea,Renault,Mail
2026-01-05 16:00:00,10.568085177381889,1.7734924479835958,0.16781587375727003,0,0,9,0,1.226197579604,9,Typea,Renault,Mail
2026-01-05 17:00:00,10.568085177381889,1.605560442997565,0.1519253881898899,0,0,9,0,1.226197579604,9,Typea,Renault,Mail
2026-01-05 18:00:00,10.568085177381889,2.7130051894623888,0.2567168170889499,0,0,9,0,1.226197579604,9,Typea,Renault,Mail
2026-01-05 19:00:00,10.568085177381889,1.5680124326652978,0.14837242568986878,0,0,9,0,1.226197579604,9,Typea,Renault,Mail
2026-01-05 20:00:00,10.568085177381889,1.7641765933174296,0.16693436546983645,0,0,9,0,1.226197579604,9,Typea,Renault,Mail
2026-01-05 21:00:00,10.568085177381889,1.2958560465554583,0.12261975796040002,0,0,9,0,1.226197579604,9,Typea,Renault,Mail
2026-01-05 22:00:00,0.0,0.0,0.0,1,1,9,80,1.0,9,Typea,Renault,Mail
2026-01-05 23:00:00,0.0,0.0,0.0,1,1,9,80,1.0,9,Typea,Renault,Mail
2026-01-06 00:00:00,0.0,0.0,0.0,1,1,9,80,1.0,9,Typea,Renault,Mail
2026-01-06 01:00:00,0.0,0.0,0.0,1,1,9,80,1.0,9,Typea,Renault,Mail
2026-01-06 02:00:00,0.0,0.0,0.0,1,1,9,80,1.0,9,Typea,Renault,Mail
2026-01-06 03:00:00,0.0,0.0,0.0,1,1,9,80,1.0,9,Typea,Renault,Mail
2026-01-06 04:00:00,0.0,0.0,0.0,1,1,9,80,1.0,9,Typea,Renault,Mail
2026-01-06 05:00:00,0.0,0.0,0.0,1,1,9,80,1.0,9,Typea,Renault,Mail
2026-01-06 06:00:00,0.0,0.0,0.0,1,1,9,80,1.0,9,Typea,Renault,Mail
2026-01-06 07:00:00,0.0,0.0,0.0,1,1,9,80,1.0,9,Typea,Renault,Mail
2026-01-06 08:00:00,0.0,0.0,0.0,1,1,9,80,1.0,9,Typea,Renault,Mail
2026-01-06 09:00:00,10.680634639973745,3.1128010593293887,0.2914434548373467,0,0,9,0,1.3306301459840002,9,Typea,Renault,Mail
2026-01-06 10:00:00,10.680634639973745,2.6941335095949785,0.2522447027175532,0,0,9,0,1.3306301459840002,9,Typea,Renault,Mail
2026-01-06 11:00:00,10.680634639973745,2.920780874935008,0.27346510515429334,0,0,9,0,1.3306301459840002,9,Typea,Renault,Mail
2026-01-06 12:00:00,10.680634639973745,2.839242921549255,0.26583091897208033,0,0,9,0,1.3306301459840002,9,Typea,Renault,Mail
2026-01-06 13:00:00,10.680634639973745,4.673028474636045,0.4375234835902534,0,0,9,0,1.3306301459840002,9,Typea,Renault,Mail
2026-01-06 14:00:00,10.680634639973745,4.017327081734226,0.3761318701698518,0,0,9,0,1.3306301459840002,9,Typea,Renault,Mail
2026-01-06 15:00:00,10.680634639973745,1.9765400530489046,0.1850582965970422,0,0,9,0,1.3306301459840002,9,Typea,Renault,Mail
2026-01-06 16:00:00,10.680634639973745,5.060015771307251,0.4737560961377188,0,0,9,0,1.3306301459840002,9,Typea,Renault,Mail
2026-01-06 17:00:00,10.680634639973745,2.1919489504048606,0.20522647055084067,0,0,9,0,1.3306301459840002,9,Typea,Renault,Mail
2026-01-06 18:00:00,10.680634639973745,2.9257859985265644,0.2739337218386263,0,0,9,0,1.3306301459840002,9,Typea,Renault,Mail
2026-01-06 19:00:00,10.680634639973745,1.4211974430190033,0.13306301459840003,0,0,9,0,1.3306301459840002,9,Typea,Renault,Mail
2026-01-06 20:00:00,0.0,0.0,0.0,1,1,9,80,1.0,9,Typea,Renault,Mail
2026-01-06 21:00:00,0.0,0.0,0.0,1,1,9,80,1.0,9,Typea,Renault,Mail
2026-01-06 22:00:00,0.0,0.0,0.0,1,1,9,80,1.0,9,Typea,Renault,Mail
2026-01-06 23:00:00,0.0,0.0,0.0,1,1,9,80,1.0,9,Typea,Renault,Mail
2026-01-07 00:00:00,0.0,0.0,0.0,1,1,9,80,1.0,9,Typea,Renault,Mail
2026-01-07 01:00:00,0.0,0.0,0.0,1,1,9,80,1.0,9,Typea,Renault,Mail
2026-01-07 02:00:00,0.0,0.0,0.0,1,1,9,80,1.0,9,Typea,Renault,Mail
2026-01-07 03:00:00,0.0,0.0,0.0,1,1,9,80,1.0,9,Typea,Renault,Mail
2026-01-07 04:00:00,0.0,0.0,0.0,1,1,9,80,1.0,9,Typea,Renault,Mail
2026-01-07 05:00:00,0.0,0.0,0.0,1,1,9,80,1.0,9,Typea,Renault,Mail
2026-01-07 06:00:00,0.0,0.0,0.0,1,1,9,80,1.0,9,Typea,Renault,Mail
2026-01-07 07:00:00,0.0,0.0,0.0,1,1,9,80,1.0,9,Typea,Renault,Mail
2026-01-07 08:00:00,0.0,0.0,0.0,1,1,9,80,1.0,9,Typea,Renault,Mail
2026-01-07 09:00:00,0.0,0.0,0.0,1,1,9,80,1.0,9,Typea,Renault,Mail
2026-01-07 10:00:00,15.42565825304329,1.9787360388172994,0.12827563053440003,0,0,9,0,1.282756305344,9,Typea,Renault,Mail
2026-01-07 11:00:00,15.42565825304329,1.9787360388172994,0.12827563053440003,0,0,9,0,1.282756305344,9,Typea,Renault,Mail
2026-01-07 12:00:00,15.42565825304329,1.9787360388172994,0.12827563053440003,0,0,9,0,1.282756305344,9,Typea,Renault,Mail
2026-01-07 13:00:00,15.42565825304329,4.737985981556762,0.30714967904996965,0,0,9,0,1.282756305344,9,Typea,Renault,Mail
2026-01-07 14:00:00,15.42565825304329,6.800715619223224,0.44087036725849466,0,0,9,0,1.282756305344,9,Typea,Renault,Mail
2026-01-07 15:00:00,15.42565825304329,2.1051785372714344,0.13647252536896498,0,0,9,0,1.282756305344,9,Typea,Renault,Mail
2026-01-07 16:00:00,15.42565825304329,3.1873981001560727,0.2066296327761079,0,0,9,0,1.282756305344,9,Typea,Renault,Mail
2026-01-07 17:00:00,15.42565825304329,3.6972925810693926,0.23968459046731203,0,0,9,0,1.282756305344,9,Typea,Renault,Mail
2026-01-07 18:00:00,15.42565825304329,3.2107526922877816,0.20814364221081721,0,0,9,0,1.282756305344,9,Typea,Renault,Mail
2026-01-07 19:00:00,0.0,0.0,0.0,1,1,9,80,1.0,9,Typea,Renault,Mail
2026-01-07 20:00:00,0.0,0.0,0.0,1,1,9,80,1.0,9,Typea,Renault,Mail
2026-01-07 21:00:00,0.0,0.0,0.0,1,1,9,80,1.0,9,Typea,Renault,Mail
2026-01-07 22:00:00,0.0,0.0,0.0,1,1,9,80,1.0,9,Typea,Renault,Mail
2026-01-07 23:00:00,0.0,0.0,0.0,1,1,9,80,1.0,9,Typea,Renault,Mail
2026-01-08 00:00:00,0.0,0.0,0.0,1,1,9,80,1.0,9,Typea,Renault,Mail
2026-01-08 01:00:00,0.0,0.0,0.0,1,1,9,80,1.0,9,Typea,Renault,Mail
2026-01-08 02:00:00,0.0,0.0,0.0,1,1,9,80,1.0,9,Typea,Renault,Mail
2026-01-08 03:00:00,0.0,0.0,0.0,1,1,9,80,1.0,9,Typea,Renault,Mail
2026-01-08 04:00:00,0.0,0.0,0.0,1,1,9,80,1.0,9,Typea,Renault,Mail
2026-01-08 05:00:00,0.0,0.0,0.0,1,1,9,80,1.0,9,Typea,Renault,Mail
2026-01-08 06:00:00,0.0,0.0,0.0,1,1,9,80,1.0,9,Typea,Renault,Mail
2026-01-08 07:00:00,6.938202560130444,0.8163386600491149,0.11765852221440001,0,0,9,0,1.176585222144,9,Typea,Renault,Mail
2026-01-08 08:00:00,6.938202560130444,3.6735239702210167,0.5294633499648,0,0,9,0,1.176585222144,9,Typea,Renault,Mail
2026-01-08 09:00:00,6.938202560130444,2.296992891130182,0.3310645475140173,0,0,9,0,1.176585222144,9,Typea,Renault,Mail
2026-01-08 10:00:00,6.938202560130444,1.2495740619315627,0.18010054493250044,0,0,9,0,1.176585222144,9,Typea,Renault,Mail
2026-01-08 11:00:00,6.938202560130444,0.8163386600491149,0.11765852221440001,0,0,9,0,1.176585222144,9,Typea,Renault,Mail
2026-01-08 12:00:00,6.938202560130444,1.8814817795900722,0.27117711875432743,0,0,9,0,1.176585222144,9,Typea,Renault,Mail
2026-01-08 13:00:00,6.938202560130444,1.3022808423284993,0.1876971493758198,0,0,9,0,1.176585222144,9,Typea,Renault,Mail
2026-01-08 14:00:00,6.938202560130444,0.8163386600491149,0.11765852221440001,0,0,9,0,1.176585222144,9,Typea,Renault,Mail
2026-01-08 15:00:00,6.938202560130444,0.8163386600491149,0.11765852221440001,0,0,9,0,1.176585222144,9,Typea,Renault,Mail
2026-01-08 16:00:00,6.938202560130444,1.4636788898796869,0.2109593770424841,0,0,9,0,1.176585222144,9,Typea,Renault,Mail
2026-01-08 17:00:00,6.938202560130444,0.8163386600491149,0.11765852221440001,0,0,9,0,1.176585222144,9,Typea,Renault,Mail
2026-01-08 18:00:00,6.938202560130444,1.9371575955377067,0.27920164895002525,0,0,9,0,1.176585222144,9,Typea,Renault,Mail
2026-01-08 19:00:00,6.938202560130444,0.8163386600491149,0.11765852221440001,0,0,9,0,1.176585222144,9,Typea,Renault,Mail
2026-01-08 20:00:00,6.938202560130444,0.8820477770561598,0.1271291475582945,0,0,9,0,1.176585222144,9,Typea,Renault,Mail
2026-01-08 21:00:00,0.0,0.0,0.0,1,1,9,80,1.0,9,Typea,Renault,Mail
2026-01-08 22:00:00,0.0,0.0,0.0,1,1,9,80,1.0,9,Typea,Renault,Mail
2026-01-08 23:00:00,0.0,0.0,0.0,1,1,9,80,1.0,9,Typea,Renault,Mail
2026-01-09 00:00:00,0.0,0.0,0.0,1,1,9,80,1.0,9,Typea,Renault,Mail
2026-01-09 01:00:00,0.0,0.0,0.0,1,1,9,80,1.0,9,Typea,Renault,Mail
2026-01-09 02:00:00,0.0,0.0,0.0,1,1,9,80,1.0,9,Typea,Renault,Mail
2026-01-09 03:00:00,0.0,0.0,0.0,1,1,9,80,1.0,9,Typea,Renault,Mail
2026-01-09 04:00:00,0.0,0.0,0.0,1,1,9,80,1.0,9,Typea,Renault,Mail
2026-01-09 05:00:00,0.0,0.0,0.0,1,1,9,80,1.0,9,Typea,Renault,Mail
2026-01-09 06:00:00,0.0,0.0,0.0,1,1,9,80,1.0,9,Typea,Renault,Mail
2026-01-09 07:00:00,0.0,0.0,0.0,1,1,9,80,1.0,9,Typea,Renault,Mail
2026-01-09 08:00:00,0.0,0.0,0.0,1,1,9,80,1.0,9,Typea,Renault,Mail
2026-01-09 09:00:00,10.071951120713747,1.3480823326990212,0.1338452020410013,0,0,9,0,1.137342385344,9,Typea,Renault,Mail
2026-01-09 10:00:00,10.071951120713747,1.2927872970275467,0.128355199656284,0,0,9,0,1.137342385344,9,Typea,Renault,Mail
2026-01-09 11:00:00,10.071951120713747,2.0116873981822216,0.19973164822504258,0,0,9,0,1.137342385344,9,Typea,Renault,Mail
2026-01-09 12:00:00,10.071951120713747,2.107859875951745,0.2092801931511331,0,0,9,0,1.137342385344,9,Typea,Renault,Mail
2026-01-09 13:00:00,10.071951120713747,2.8309421226563365,0.28107186867043915,0,0,9,0,1.137342385344,9,Typea,Renault,Mail
2026-01-09 14:00:00,10.071951120713747,3.0768279602408337,0.30548479866161177,0,0,9,0,1.137342385344,9,Typea,Renault,Mail
2026-01-09 15:00:00,10.071951120713747,2.2900672967260443,0.22737077148997914,0,0,9,0,1.137342385344,9,Typea,Renault,Mail
2026-01-09 16:00:00,10.071951120713747,2.3704029048637145,0.23534694285686095,0,0,9,0,1.137342385344,9,Typea,Renault,Mail
2026-01-09 17:00:00,10.071951120713747,5.154865610715336,0.5118040734047999,0,0,9,0,1.137342385344,9,Typea,Renault,Mail
2026-01-09 18:00:00,10.071951120713747,3.3706817994392932,0.33466026185405384,0,0,9,0,1.137342385344,9,Typea,Renault,Mail
2026-01-09 19:00:00,10.071951120713747,3.1170509167599807,0.30947836019076025,0,0,9,0,1.137342385344,9,Typea,Renault,Mail
2026-01-09 20:00:00,0.0,0.0,0.0,1,1,9,80,1.0,9,Typea,Renault,Mail
2026-01-09 21:00:00,0.0,0.0,0.0,1,1,9,80,1.0,9,Typea,Renault,Mail
2026-01-09 22:00:00,0.0,0.0,0.0,1,1,9,80,1.0,9,Typea,Renault,Mail
2026-01-09 23:00:00,0.0,0.0,0.0,1,1,9,80,1.0,9,Typea,Renault,Mail
2026-01-10 00:00:00,0.0,0.0,0.0,1,1,9,80,1.0,9,Typea,Renault,Mail
2026-01-10 01:00:00,0.0,0.0,0.0,1,1,9,80,1.0,9,Typea,Renault,Mail
2026-01-10 02:00:00,0.0,0.0,0.0,1,1,9,80,1.0,9,Typea,Renault,Mail
2026-01-10 03:00:00,0.0,0.0,0.0,1,1,9,80,1.0,9,Typea,Renault,Mail
2026-01-10 04:00:00,0.0,0.0,0.0,1,1,9,80,1.0,9,Typea,Renault,Mail
2026-01-10 05:00:00,0.0,0.0,0.0,1,1,9,80,1.0,9,Typea,Renault,Mail
2026-01-10 06:00:00,0.0,0.0,0.0,1,1,9,80,1.0,9,Typea,Renault,Mail
2026-01-10 07:00:00,3.677693448178314,0.6757629450814965,0.18374640371840256,0,0,9,0,1.18961004,9,Typea,Renault,Mail
2026-01-10 08:00:00,3.677693448178314,0.9280212927278574,0.2523378595319133,0,0,9,0,1.18961004,9,Typea,Renault,Mail
2026-01-10 09:00:00,3.677693448178314,0.43750210499951425,0.11896100400000001,0,0,9,0,1.18961004,9,Typea,Renault,Mail
2026-01-10 10:00:00,3.677693448178314,1.3386763273600149,0.36399888849439216,0,0,9,0,1.18961004,9,Typea,Renault,Mail
2026-01-10 11:00:00,3.677693448178314,0.47917283885771866,0.13029167482544504,0,0,9,0,1.18961004,9,Typea,Renault,Mail
2026-01-10 12:00:00,3.677693448178314,1.6421314491387253,0.446511236533901,0,0,9,0,1.18961004,9,Typea,Renault,Mail
2026-01-10 13:00:00,3.677693448178314,1.139045484996984,0.30971735438177744,0,0,9,0,1.18961004,9,Typea,Renault,Mail
2026-01-10 14:00:00,3.677693448178314,0.43750210499951425,0.11896100400000001,0,0,9,0,1.18961004,9,Typea,Renault,Mail
2026-01-10 15:00:00,3.677693448178314,1.4421387864555526,0.39213132001795653,0,0,9,0,1.18961004,9,Typea,Renault,Mail
2026-01-10 16:00:00,3.677693448178314,0.43750210499951425,0.11896100400000001,0,0,9,0,1.18961004,9,Typea,Renault,Mail
2026-01-10 17:00:00,3.677693448178314,0.5898752634465042,0.1603927221663049,0,0,9,0,1.18961004,9,Typea,Renault,Mail
2026-01-10 18:00:00,3.677693448178314,0.6134031253408666,0.16679017269498247,0,0,9,0,1.18961004,9,Typea,Renault,Mail
2026-01-10 19:00:00,3.677693448178314,1.5590687743696012,0.42392570135008417,0,0,9,0,1.18961004,9,Typea,Renault,Mail
2026-01-10 20:00:00,3.677693448178314,0.43750210499951425,0.11896100400000001,0,0,9,0,1.18961004,9,Typea,Renault,Mail
2026-01-10 21:00:00,3.677693448178314,0.8072380074721797,0.21949572982273222,0,0,9,0,1.18961004,9,Typea,Renault,Mail
2026-01-10 22:00:00,3.677693448178314,0.43750210499951425,0.11896100400000001,0,0,9,0,1.18961004,9,Typea,Renault,Mail
2026-01-10 23:00:00,0.0,0.0,0.0,1,1,9,80,1.0,9,Typea,Renault,Mail
2026-01-11 00:00:00,0.0,0.0,0.0,1,1,9,80,1.0,9,Typea,Renault,Mail
2026-01-11 01:00:00,0.0,0.0,0.0,1,1,9,80,1.0,9,Typea,Renault,Mail
2026-01-11 02:00:00,0.0,0.0,0.0,1,1,9,80,1.0,9,Typea,Renault,Mail
2026-01-11 03:00:00,0.0,0.0,0.0,1,1,9,80,1.0,9,Typea,Renault,Mail
2026-01-11 04:00:00,0.0,0.0,0.0,1,1,9,80,1.0,9,Typea,Renault,Mail
2026-01-11 05:00:00,0.0,0.0,0.0,1,1,9,80,1.0,9,Typea,Renault,Mail
2026-01-11 06:00:00,0.0,0.0,0.0,1,1,9,80,1.0,9,Typea,Renault,Mail
2026-01-11 07:00:00,0.0,0.0,0.0,1,1,9,80,1.0,9,Typea,Renault,Mail
2026-01-11 08:00:00,3.292866522260529,0.36948251351517614,0.1122069513044,0,0,9,0,1.122069513044,9,Typea,Renault,Mail
2026-01-11 09:00:00,3.292866522260529,0.7822890631826982,0.23757083923513012,0,0,9,0,1.122069513044,9,Typea,Renault,Mail
2026-01-11 10:00:00,3.292866522260529,0.44375139932567464,0.13476142938859317,0,0,9,0,1.122069513044,9,Typea,Renault,Mail
2026-01-11 11:00:00,3.292866522260529,0.9418994179128155,0.28604239240958007,0,0,9,0,1.122069513044,9,Typea,Renault,Mail
2026-01-11 12:00:00,3.292866522260529,1.1382443940689677,0.34566976413230716,0,0,9,0,1.122069513044,9,Typea,Renault,Mail
2026-01-11 13:00:00,3.292866522260529,0.979980618716548,0.2976071493003604,0,0,9,0,1.122069513044,9,Typea,Renault,Mail
2026-01-11 14:00:00,3.292866522260529,0.593096217558007,0.1801154749360599,0,0,9,0,1.122069513044,9,Typea,Renault,Mail
2026-01-11 15:00:00,3.292866522260529,0.36948251351517614,0.1122069513044,0,0,9,0,1.122069513044,9,Typea,Renault,Mail
2026-01-11 16:00:00,3.292866522260529,0.36948251351517614,0.1122069513044,0,0,9,0,1.122069513044,9,Typea,Renault,Mail
2026-01-11 17:00:00,3.292866522260529,0.7858491390329657,0.23865198717301359,0,0,9,0,1.122069513044,9,Typea,Renault,Mail
2026-01-11 18:00:00,3.292866522260529,1.0125047362996205,0.3074842935341768,0,0,9,0,1.122069513044,9,Typea,Renault,Mail
2026-01-11 19:00:00,3.292866522260529,0.36948251351517614,0.1122069513044,0,0,9,0,1.122069513044,9,Typea,Renault,Mail
2026-01-11 20:00:00,3.292866522260529,1.3339648030468862,0.4051074630656845,0,0,9,0,1.122069513044,9,Typea,Renault,Mail
2026-01-11 21:00:00,3.292866522260529,1.3941056871810087,0.4233714539464433,0,0,9,0,1.122069513044,9,Typea,Renault,Mail
2026-01-11 22:00:00,0.0,0.0,0.0,1,1,9,80,1.0,9,Typea,Renault,Mail
2026-01-11 23:00:00,0.0,0.0,0.0,1,1,9,80,1.0,9,Typea,Renault,Mail
2026-01-12 00:00:00,0.0,0.0,0.0,1,1,9,80,1.0,9,Typea,Renault,Mail
2026-01-12 01:00:00,0.0,0.0,0.0,1,1,9,80,1.0,9,Typea,Renault,Mail
2026-01-12 02:00:00,0.0,0.0,0.0,1,1,9,80,1.0,9,Typea,Renault,Mail
2026-01-12 03:00:00,0.0,0.0,0.0,1,1,9,80,1.0,9,Typea,Renault,Mail
2026-01-12 04:00:00,0.0,0.0,0.0,1,1,9,80,1.0,9,Typea,Renault,Mail
2026-01-12 05:00:00,0.0,0.0,0.0,1,1,9,80,1.0,9,Typea,Renault,Mail
2026-01-12 06:00:00,0.0,0.0,0.0,1,1,9,80,1.0,9,Typea,Renault,Mail
2026-01-12 07:00:00,0.0,0.0,0.0,1,1,9,80,1.0,9,Typea,Renault,Mail
2026-01-12 08:00:00,0.0,0.0,0.0,1,1,9,80,1.0,9,Typea,Renault,Mail
2026-01-12 09:00:00,12.326692627957309,3.822489329235707,0.31009853531726644,0,0,9,0,1.119889326784,9,Typea,Renault,Mail
2026-01-12 10:00:00,12.326692627957309,3.2561807022912395,0.2641568829992665,0,0,9,0,1.119889326784,9,Typea,Renault,Mail
2026-01-12 11:00:00,12.326692627957309,1.3804531508596407,0.1119889326784,0,0,9,0,1.119889326784,9,Typea,Renault,Mail
2026-01-12 12:00:00,12.326692627957309,3.2199768599840906,0.26121985492532573,0,0,9,0,1.119889326784,9,Typea,Renault,Mail
2026-01-12 13:00:00,12.326692627957309,2.380473666731733,0.19311535856201584,0,0,9,0,1.119889326784,9,Typea,Renault,Mail
2026-01-12 14:00:00,12.326692627957309,1.3804531508596407,0.1119889326784,0,0,9,0,1.119889326784,9,Typea,Renault,Mail
2026-01-12 15:00:00,12.326692627957309,3.598538305148131,0.29193056189188477,0,0,9,0,1.119889326784,9,Typea,Renault,Mail
2026-01-12 16:00:00,12.326692627957309,5.404994796597885,0.43847891399021294,0,0,9,0,1.119889326784,9,Typea,Renault,Mail
2026-01-12 17:00:00,12.326692627957309,1.3804531508596407,0.1119889326784,0,0,9,0,1.119889326784,9,Typea,Renault,Mail
2026-01-12 18:00:00,12.326692627957309,1.3804531508596407,0.1119889326784,0,0,9,0,1.119889326784,9,Typea,Renault,Mail
2026-01-12 19:00:00,12.326692627957309,5.75230787405958,0.4666546045784554,0,0,9,0,1.119889326784,9,Typea,Renault,Mail
2026-01-12 20:00:00,12.326692627957309,3.124944894425336,0.2535104093808478,0,0,9,0,1.119889326784,9,Typea,Renault,Mail
2026-01-12 21:00:00,0.0,0.0,0.0,1,1,9,80,1.0,9,Typea,Renault,Mail
2026-01-12 22:00:00,0.0,0.0,0.0,1,1,9,80,1.0,9,Typea,Renault,Mail
2026-01-12 23:00:00,0.0,0.0,0.0,1,1,9,80,1.0,9,Typea,Renault,Mail
2026-01-13 00:00:00,0.0,0.0,0.0,1,1,9,80,1.0,9,Typea,Renault,Mail
2026-01-13 01:00:00,0.0,0.0,0.0,1,1,9,80,1.0,9,Typea,Renault,Mail
2026-01-13 02:00:00,0.0,0.0,0.0,1,1,9,80,1.0,9,Typea,Renault,Mail
2026-01-13 03:00:00,0.0,0.0,0.0,1,1,9,80,1.0,9,Typea,Renault,Mail
2026-01-13 04:00:00,0.0,0.0,0.0,1,1,9,80,1.0,9,Typea,Renault,Mail
2026-01-13 05:00:00,0.0,0.0,0.0,1,1,9,80,1.0,9,Typea,Renault,Mail
2026-01-13 06:00:00,0.0,0.0,0.0,1,1,9,80,1.0,9,Typea,Renault,Mail
2026-01-13 07:00:00,0.0,0.0,0.0,1,1,9,80,1.0,9,Typea,Renault,Mail
2026-01-13 08:00:00,0.0,0.0,0.0,1,1,9,80,1.0,9,Typea,Renault,Mail
2026-01-13 09:00:00,12.390763779229669,2.2063262118447997,0.1780621639759778,0,0,9,0,1.12425024,9,Typea,Renault,Mail
2026-01-13 10:00:00,12.390763779229669,2.4873096966482677,0.20073901342689493,0,0,9,0,1.12425024,9,Typea,Renault,Mail
2026-01-13 11:00:00,12.390763779229669,3.6391621118840933,0.29369957951941034,0,0,9,0,1.12425024,9,Typea,Renault,Mail
2026-01-13 12:00:00,12.390763779229669,3.4519899155367333,0.27859379591460043,0,0,9,0,1.12425024,9,Typea,Renault,Mail
2026-01-13 13:00:00,12.390763779229669,1.3930319152582264,0.11242502400000001,0,0,9,0,1.12425024,9,Typea,Renault,Mail
2026-01-13 14:00:00,12.390763779229669,6.082979864354297,0.4909285636250322,0,0,9,0,1.12425024,9,Typea,Renault,Mail
2026-01-13 15:00:00,12.390763779229669,4.728140431184756,0.38158587440028685,0,0,9,0,1.12425024,9,Typea,Renault,Mail
2026-01-13 16:00:00,12.390763779229669,5.793010745922764,0.467526526139853,0,0,9,0,1.12425024,9,Typea,Renault,Mail
2026-01-13 17:00:00,12.390763779229669,5.10357282899679,0.41188524936225346,0,0,9,0,1.12425024,9,Typea,Renault,Mail
2026-01-13 18:00:00,12.390763779229669,2.7315305191788437,0.22044892210419187,0,0,9,0,1.12425024,9,Typea,Renault,Mail
2026-01-13 19:00:00,12.390763779229669,1.3930319152582264,0.11242502400000001,0,0,9,0,1.12425024,9,Typea,Renault,Mail
2026-01-13 20:00:00,0.0,0.0,0.0,1,1,9,80,1.0,9,Typea,Renault,Mail
2026-01-13 21:00:00,0.0,0.0,0.0,1,1,9,80,1.0,9,Typea,Renault,Mail
2026-01-13 22:00:00,0.0,0.0,0.0,1,1,9,80,1.0,9,Typea,Renault,Mail
2026-01-13 23:00:00,0.0,0.0,0.0,1,1,9,80,1.0,9,Typea,Renault,Mail
2026-01-14 00:00:00,0.0,0.0,0.0,1,1,9,80,1.0,9,Typea,Renault,Mail
2026-01-14 01:00:00,0.0,0.0,0.0,1,1,9,80,1.0,9,Typea,Renault,Mail
2026-01-14 02:00:00,0.0,0.0,0.0,1,1,9,80,1.0,9,Typea,Renault,Mail
2026-01-14 03:00:00,0.0,0.0,0.0,1,1,9,80,1.0,9,Typea,Renault,Mail
2026-01-14 04:00:00,0.0,0.0,0.0,1,1,9,80,1.0,9,Typea,Renault,Mail
2026-01-14 05:00:00,0.0,0.0,0.0,1,1,9,80,1.0,9,Typea,Renault,Mail
2026-01-14 06:00:00,0.0,0.0,0.0,1,1,9,80,1.0,9,Typea,Renault,Mail
2026-01-14 07:00:00,0.0,0.0,0.0,1,1,9,80,1.0,9,Typea,Renault,Mail
2026-01-14 08:00:00,10.875882775487744,2.4621277219205866,0.22638417246182288,0,0,9,0,1.102475,9,Typea,Renault,Mail
2026-01-14 09:00:00,10.875882775487744,1.511257606188593,0.13895493702770426,0,0,9,0,1.102475,9,Typea,Renault,Mail
2026-01-14 10:00:00,10.875882775487744,2.5817962414285267,0.23738728108098264,0,0,9,0,1.102475,9,Typea,Renault,Mail
2026-01-14 11:00:00,10.875882775487744,1.1990388862905852,0.11024750000000001,0,0,9,0,1.102475,9,Typea,Renault,Mail
2026-01-14 12:00:00,10.875882775487744,1.1990388862905852,0.11024750000000001,0,0,9,0,1.102475,9,Typea,Renault,Mail
2026-01-14 13:00:00,10.875882775487744,4.166774245628014,0.3831205550522449,0,0,9,0,1.102475,9,Typea,Renault,Mail
2026-01-14 14:00:00,10.875882775487744,1.7349115051342467,0.15951914349834853,0,0,9,0,1.102475,9,Typea,Renault,Mail
2026-01-14 15:00:00,10.875882775487744,1.9105298589362116,0.17566664687138753,0,0,9,0,1.102475,9,Typea,Renault,Mail
2026-01-14 16:00:00,10.875882775487744,2.7744738126708532,0.2551033208011409,0,0,9,0,1.102475,9,Typea,Renault,Mail
2026-01-14 17:00:00,10.875882775487744,1.1990388862905852,0.11024750000000001,0,0,9,0,1.102475,9,Typea,Renault,Mail
2026-01-14 18:00:00,10.875882775487744,3.1925951269507156,0.293548136997784,0,0,9,0,1.102475,9,Typea,Renault,Mail
2026-01-14 19:00:00,10.875882775487744,1.5917218617095372,0.14635334846537587,0,0,9,0,1.102475,9,Typea,Renault,Mail
2026-01-14 20:00:00,10.875882775487744,2.285940552911216,0.21018436848761457,0,0,9,0,1.102475,9,Typea,Renault,Mail
2026-01-14 21:00:00,0.0,0.0,0.0,1,1,9,80,1.0,9,Typea,Renault,Mail
2026-01-14 22:00:00,0.0,0.0,0.0,1,1,9,80,1.0,9,Typea,Renault,Mail
2026-01-14 23:00:00,0.0,0.0,0.0,1,1,9,80,1.0,9,Typea,Renault,Mail
2026-01-01 00:00:00,0.0,0.0,0.0,1,1,10,80,1.0,10,Typea,Renault,Mail
2026-01-01 01:00:00,0.0,0.0,0.0,1,1,10,80,1.0,10,Typea,Renault,Mail
2026-01-01 02:00:00,0.0,0.0,0.0,1,1,10,80,1.0,10,Typea,Renault,Mail
2026-01-01 03:00:00,0.0,0.0,0.0,1,1,10,80,1.0,10,Typea,Renault,Mail
2026-01-01 04:00:00,0.0,0.0,0.0,1,1,10,80,1.0,10,Typea,Renault,Mail
2026-01-01 05:00:00,0.0,0.0,0.0,1,1,10,80,1.0,10,Typea,Renault,Mail
2026-01-01 06:00:00,0.0,0.0,0.0,1,1,10,80,1.0,10,Typea,Renault,Mail
2026-01-01 07:00:00,8.324382985279513,3.120697712585651,0.374886369128398,0,0,10,0,1.1329772784640002,10,Typea,Renault,Mail
2026-01-01 08:00:00,8.324382985279513,2.404352379182904,0.28883250367440555,0,0,10,0,1.1329772784640002,10,Typea,Renault,Mail
2026-01-01 09:00:00,8.324382985279513,1.6040369753060695,0.1926913956436868,0,0,10,0,1.1329772784640002,10,Typea,Renault,Mail
2026-01-01 10:00:00,8.324382985279513,2.5077241322153356,0.3012504514328436,0,0,10,0,1.1329772784640002,10,Typea,Renault,Mail
2026-01-01 11:00:00,8.324382985279513,0.9461992939755176,0.11366599730559449,0,0,10,0,1.1329772784640002,10,Typea,Renault,Mail
2026-01-01 12:00:00,8.324382985279513,2.6393129660570342,0.31705808955742226,0,0,10,0,1.1329772784640002,10,Typea,Renault,Mail
2026-01-01 13:00:00,8.324382985279513,2.5946519345844954,0.31169300345416207,0,0,10,0,1.1329772784640002,10,Typea,Renault,Mail
2026-01-01 14:00:00,8.324382985279513,1.8626195623833546,0.22375466934632057,0,0,10,0,1.1329772784640002,10,Typea,Renault,Mail
2026-01-01 15:00:00,8.324382985279513,1.8105152144677936,0.21749542490649845,0,0,10,0,1.1329772784640002,10,Typea,Renault,Mail
2026-01-01 16:00:00,8.324382985279513,3.0609316571452796,0.36770673124459824,0,0,10,0,1.1329772784640002,10,Typea,Renault,Mail
2026-01-01 17:00:00,8.324382985279513,1.6189431328776172,0.19448205779821615,0,0,10,0,1.1329772784640002,10,Typea,Renault,Mail
2026-01-01 18:00:00,8.324382985279513,1.8021969624464638,0.21649616141321137,0,0,10,0,1.1329772784640002,10,Typea,Renault,Mail
2026-01-01 19:00:00,8.324382985279513,1.7652350405765977,0.21205596182902264,0,0,10,0,1.1329772784640002,10,Typea,Renault,Mail
2026-01-01 20:00:00,8.324382985279513,1.7805835755783983,0.2138997663523059,0,0,10,0,1.1329772784640002,10,Typea,Renault,Mail
2026-01-01 21:00:00,8.324382985279513,0.9431336779554013,0.11329772784640002,0,0,10,0,1.1329772784640002,10,Typea,Renault,Mail
2026-01-01 22:00:00,0.0,0.0,0.0,1,1,10,80,1.0,10,Typea,Renault,Mail
2026-01-01 23:00:00,0.0,0.0,0.0,1,1,10,80,1.0,10,Typea,Renault,Mail
2026-01-02 00:00:00,0.0,0.0,0.0,1,1,10,80,1.0,10,Typea,Renault,Mail
2026-01-02 01:00:00,0.0,0.0,0.0,1,1,10,80,1.0,10,Typea,Renault,Mail
2026-01-02 02:00:00,0.0,0.0,0.0,1,1,10,80,1.0,10,Typea,Renault,Mail
2026-01-02 03:00:00,0.0,0.0,0.0,1,1,10,80,1.0,10,Typea,Renault,Mail
2026-01-02 04:00:00,0.0,0.0,0.0,1,1,10,80,1.0,10,Typea,Renault,Mail
2026-01-02 05:00:00,0.0,0.0,0.0,1,1,10,80,1.0,10,Typea,Renault,Mail
2026-01-02 06:00:00,0.0,0.0,0.0,1,1,10,80,1.0,10,Typea,Renault,Mail
2026-01-02 07:00:00,0.0,0.0,0.0,1,1,10,80,1.0,10,Typea,Renault,Mail
2026-01-02 08:00:00,11.298284465087924,6.266768805339347,0.5546655180000001,0,0,10,0,1.23259004,10,Typea,Renault,Mail
2026-01-02 09:00:00,11.298284465087924,4.426764313273789,0.3918085375662684,0,0,10,0,1.23259004,10,Typea,Renault,Mail
2026-01-02 10:00:00,11.298284465087924,1.3926152900754103,0.123259004,0,0,10,0,1.23259004,10,Typea,Renault,Mail
2026-01-02 11:00:00,11.298284465087924,1.9582106927573057,0.17331929451840605,0,0,10,0,1.23259004,10,Typea,Renault,Mail
2026-01-02 12:00:00,11.298284465087924,1.3926152900754103,0.123259004,0,0,10,0,1.23259004,10,Typea,Renault,Mail
2026-01-02 13:00:00,11.298284465087924,4.834468404841598,0.42789402406889876,0,0,10,0,1.23259004,10,Typea,Renault,Mail
2026-01-02 14:00:00,11.298284465087924,6.266768805339347,0.5546655180000001,0,0,10,0,1.23259004,10,Typea,Renault,Mail
2026-01-02 15:00:00,11.298284465087924,6.14583614358517,0.5439618875392993,0,0,10,0,1.23259004,10,Typea,Renault,Mail
2026-01-02 16:00:00,11.298284465087924,2.01125423921721,0.17801412643061454,0,0,10,0,1.23259004,10,Typea,Renault,Mail
2026-01-02 17:00:00,11.298284465087924,2.1415542691450313,0.18954685339730162,0,0,10,0,1.23259004,10,Typea,Renault,Mail
2026-01-02 18:00:00,11.298284465087924,2.0942434260669547,0.18535941739989256,0,0,10,0,1.23259004,10,Typea,Renault,Mail
2026-01-02 19:00:00,11.298284465087924,2.327018546218725,0.20596211339954223,0,0,10,0,1.23259004,10,Typea,Renault,Mail
2026-01-02 20:00:00,0.0,0.0,0.0,1,1,10,80,1.0,10,Typea,Renault,Mail
2026-01-02 21:00:00,0.0,0.0,0.0,1,1,10,80,1.0,10,Typea,Renault,Mail
2026-01-02 22:00:00,0.0,0.0,0.0,1,1,10,80,1.0,10,Typea,Renault,Mail
2026-01-02 23:00:00,0.0,0.0,0.0,1,1,10,80,1.0,10,Typea,Renault,Mail
2026-01-03 00:00:00,0.0,0.0,0.0,1,1,10,80,1.0,10,Typea,Renault,Mail
2026-01-03 01:00:00,0.0,0.0,0.0,1,1,10,80,1.0,10,Typea,Renault,Mail
2026-01-03 02:00:00,0.0,0.0,0.0,1,1,10,80,1.0,10,Typea,Renault,Mail
2026-01-03 03:00:00,0.0,0.0,0.0,1,1,10,80,1.0,10,Typea,Renault,Mail
2026-01-03 04:00:00,0.0,0.0,0.0,1,1,10,80,1.0,10,Typea,Renault,Mail
2026-01-03 05:00:00,0.0,0.0,0.0,1,1,10,80,1.0,10,Typea,Renault,Mail
2026-01-03 06:00:00,0.0,0.0,0.0,1,1,10,80,1.0,10,Typea,Renault,Mail
2026-01-03 07:00:00,4.5450333364715885,1.0628966911297026,0.23385894281577552,0,0,10,0,1.209049010004,10,Typea,Renault,Mail
2026-01-03 08:00:00,4.5450333364715885,1.286611415713996,0.28308074341052497,0,0,10,0,1.209049010004,10,Typea,Renault,Mail
2026-01-03 09:00:00,4.5450333364715885,1.1784145075134507,0.2592752176441197,0,0,10,0,1.209049010004,10,Typea,Renault,Mail
2026-01-03 10:00:00,4.5450333364715885,0.5495168055896151,0.1209049010004,0,0,10,0,1.209049010004,10,Typea,Renault,Mail
2026-01-03 11:00:00,4.5450333364715885,1.08274925326777,0.23822691124820938,0,0,10,0,1.209049010004,10,Typea,Renault,Mail
2026-01-03 12:00:00,4.5450333364715885,1.610135349904053,0.35426260506903945,0,0,10,0,1.209049010004,10,Typea,Renault,Mail
2026-01-03 13:00:00,4.5450333364715885,1.28461312848069,0.28264107947731004,0,0,10,0,1.209049010004,10,Typea,Renault,Mail
2026-01-03 14:00:00,4.5450333364715885,2.4728256251532676,0.5440720545018,0,0,10,0,1.209049010004,10,Typea,Renault,Mail
2026-01-03 15:00:00,4.5450333364715885,1.503585294344651,0.3308194204603828,0,0,10,0,1.209049010004,10,Typea,Renault,Mail
2026-01-03 16:00:00,4.5450333364715885,0.5495168055896151,0.1209049010004,0,0,10,0,1.209049010004,10,Typea,Renault,Mail
2026-01-03 17:00:00,4.5450333364715885,0.5504113493646141,0.12110171886921973,0,0,10,0,1.209049010004,10,Typea,Renault,Mail
2026-01-03 18:00:00,4.5450333364715885,0.8841755865513459,0.1945366559704381,0,0,10,0,1.209049010004,10,Typea,Renault,Mail
2026-01-03 19:00:00,4.5450333364715885,0.5495168055896151,0.1209049010004,0,0,10,0,1.209049010004,10,Typea,Renault,Mail
2026-01-03 20:00:00,4.5450333364715885,0.8111800616137685,0.17847615222191218,0,0,10,0,1.209049010004,10,Typea,Renault,Mail
2026-01-03 21:00:00,0.0,0.0,0.0,1,1,10,80,1.0,10,Typea,Renault,Mail
2026-01-03 22:00:00,0.0,0.0,0.0,1,1,10,80,1.0,10,Typea,Renault,Mail
2026-01-03 23:00:00,0.0,0.0,0.0,1,1,10,80,1.0,10,Typea,Renault,Mail
2026-01-04 00:00:00,0.0,0.0,0.0,1,1,10,80,1.0,10,Typea,Renault,Mail
2026-01-04 01:00:00,0.0,0.0,0.0,1,1,10,80,1.0,10,Typea,Renault,Mail
2026-01-04 02:00:00,0.0,0.0,0.0,1,1,10,80,1.0,10,Typea,Renault,Mail
2026-01-04 03:00:00,0.0,0.0,0.0,1,1,10,80,1.0,10,Typea,Renault,Mail
2026-01-04 04:00:00,0.0,0.0,0.0,1,1,10,80,1.0,10,Typea,Renault,Mail
2026-01-04 05:00:00,0.0,0.0,0.0,1,1,10,80,1.0,10,Typea,Renault,Mail
2026-01-04 06:00:00,0.0,0.0,0.0,1,1,10,80,1.0,10,Typea,Renault,Mail
2026-01-04 07:00:00,0.0,0.0,0.0,1,1,10,80,1.0,10,Typea,Renault,Mail
2026-01-04 08:00:00,2.93602147156851,1.1617223350312256,0.3956791005382529,0,0,10,0,1.3050301525,10,Typea,Renault,Mail
2026-01-04 09:00:00,2.93602147156851,0.38315965487843273,0.13050301525000002,0,0,10,0,1.3050301525,10,Typea,Renault,Mail
2026-01-04 10:00:00,2.93602147156851,1.5585952496755857,0.5308528104336164,0,0,10,0,1.3050301525,10,Typea,Renault,Mail
2026-01-04 11:00:00,2.93602147156851,1.3895957260909677,0.47329208575188125,0,0,10,0,1.3050301525,10,Typea,Renault,Mail
2026-01-04 12:00:00,2.93602147156851,0.5311913444699689,0.18092215932814368,0,0,10,0,1.3050301525,10,Typea,Renault,Mail
2026-01-04 13:00:00,2.93602147156851,0.7657922475856407,0.26082651472454377,0,0,10,0,1.3050301525,10,Typea,Renault,Mail
2026-01-04 14:00:00,2.93602147156851,1.237829869832382,0.42160109584317734,0,0,10,0,1.3050301525,10,Typea,Renault,Mail
2026-01-04 15:00:00,2.93602147156851,0.809486079614634,0.2757085012672549,0,0,10,0,1.3050301525,10,Typea,Renault,Mail
2026-01-04 16:00:00,2.93602147156851,0.38315965487843273,0.13050301525000002,0,0,10,0,1.3050301525,10,Typea,Renault,Mail
2026-01-04 17:00:00,2.93602147156851,0.38315965487843273,0.13050301525000002,0,0,10,0,1.3050301525,10,Typea,Renault,Mail
2026-01-04 18:00:00,2.93602147156851,0.45264956693988323,0.15417106833965505,0,0,10,0,1.3050301525,10,Typea,Renault,Mail
2026-01-04 19:00:00,2.93602147156851,0.3839162844608545,0.1307607209887859,0,0,10,0,1.3050301525,10,Typea,Renault,Mail
2026-01-04 20:00:00,2.93602147156851,0.38315965487843273,0.13050301525000002,0,0,10,0,1.3050301525,10,Typea,Renault,Mail
2026-01-04 21:00:00,2.93602147156851,1.0578488820674485,0.36030011779931376,0,0,10,0,1.3050301525,10,Typea,Renault,Mail
2026-01-04 22:00:00,0.0,0.0,0.0,1,1,10,80,1.0,10,Typea,Renault,Mail
2026-01-04 23:00:00,0.0,0.0,0.0,1,1,10,80,1.0,10,Typea,Renault,Mail
2026-01-05 00:00:00,0.0,0.0,0.0,1,1,10,80,1.0,10,Typea,Renault,Mail
2026-01-05 01:00:00,0.0,0.0,0.0,1,1,10,80,1.0,10,Typea,Renault,Mail
2026-01-05 02:00:00,0.0,0.0,0.0,1,1,10,80,1.0,10,Typea,Renault,Mail
2026-01-05 03:00:00,0.0,0.0,0.0,1,1,10,80,1.0,10,Typea,Renault,Mail
2026-01-05 04:00:00,0.0,0.0,0.0,1,1,10,80,1.0,10,Typea,Renault,Mail
2026-01-05 05:00:00,0.0,0.0,0.0,1,1,10,80,1.0,10,Typea,Renault,Mail
2026-01-05 06:00:00,0.0,0.0,0.0,1,1,10,80,1.0,10,Typea,Renault,Mail
2026-01-05 07:00:00,0.0,0.0,0.0,1,1,10,80,1.0,10,Typea,Renault,Mail
2026-01-05 08:00:00,0.0,0.0,0.0,1,1,10,80,1.0,10,Typea,Renault,Mail
2026-01-05 09:00:00,12.802336470449186,7.064187297003365,0.5517889108218,0,0,10,0,1.226197579604,10,Typea,Renault,Mail
2026-01-05 10:00:00,12.802336470449186,3.1167444548373044,0.24345122173842926,0,0,10,0,1.226197579604,10,Typea,Renault,Mail
2026-01-05 11:00:00,12.802336470449186,2.6566804742524632,0.20751528288486315,0,0,10,0,1.226197579604,10,Typea,Renault,Mail
2026-01-05 12:00:00,12.802336470449186,2.832223894393214,0.2212271096710085,0,0,10,0,1.226197579604,10,Typea,Renault,Mail
2026-01-05 13:00:00,12.802336470449186,2.158584288539858,0.16860862027196208,0,0,10,0,1.226197579604,10,Typea,Renault,Mail
2026-01-05 14:00:00,12.802336470449186,5.2556157480687995,0.4105200453214147,0,0,10,0,1.226197579604,10,Typea,Renault,Mail
2026-01-05 15:00:00,12.802336470449186,5.61179717051064,0.4383416404860154,0,0,10,0,1.226197579604,10,Typea,Renault,Mail
2026-01-05 16:00:00,12.802336470449186,5.147141551273532,0.402047045330698,0,0,10,0,1.226197579604,10,Typea,Renault,Mail
2026-01-05 17:00:00,12.802336470449186,2.2311607980187236,0.17427762527322802,0,0,10,0,1.226197579604,10,Typea,Renault,Mail
2026-01-05 18:00:00,12.802336470449186,1.569819399334081,0.12261975796040002,0,0,10,0,1.226197579604,10,Typea,Renault,Mail
2026-01-05 19:00:00,12.802336470449186,5.648056500306019,0.4411738836378084,0,0,10,0,1.226197579604,10,Typea,Renault,Mail
2026-01-05 20:00:00,12.802336470449186,3.8958115745754496,0.30430473246566375,0,0,10,0,1.226197579604,10,Typea,Renault,Mail
2026-01-05 21:00:00,12.802336470449186,1.569819399334081,0.12261975796040002,0,0,10,0,1.226197579604,10,Typea,Renault,Mail
2026-01-05 22:00:00,0.0,0.0,0.0,1,1,10,80,1.0,10,Typea,Renault,Mail
2026-01-05 23:00:00,0.0,0.0,0.0,1,1,10,80,1.0,10,Typea,Renault,Mail
2026-01-06 00:00:00,0.0,0.0,0.0,1,1,10,80,1.0,10,Typea,Renault,Mail
2026-01-06 01:00:00,0.0,0.0,0.0,1,1,10,80,1.0,10,Typea,Renault,Mail
2026-01-06 02:00:00,0.0,0.0,0.0,1,1,10,80,1.0,10,Typea,Renault,Mail
2026-01-06 03:00:00,0.0,0.0,0.0,1,1,10,80,1.0,10,Typea,Renault,Mail
2026-01-06 04:00:00,0.0,0.0,0.0,1,1,10,80,1.0,10,Typea,Renault,Mail
2026-01-06 05:00:00,0.0,0.0,0.0,1,1,10,80,1.0,10,Typea,Renault,Mail
2026-01-06 06:00:00,0.0,0.0,0.0,1,1,10,80,1.0,10,Typea,Renault,Mail
2026-01-06 07:00:00,7.130103500762742,2.682941594532336,0.3762836814704483,0,0,10,0,1.3306301459840002,10,Typea,Renault,Mail
2026-01-06 08:00:00,7.130103500762742,0.9487530662100958,0.13306301459840003,0,0,10,0,1.3306301459840002,10,Typea,Renault,Mail
2026-01-06 09:00:00,7.130103500762742,4.269388797945431,0.5987835656928001,0,0,10,0,1.3306301459840002,10,Typea,Renault,Mail
2026-01-06 10:00:00,7.130103500762742,3.324362794406453,0.46624327319383646,0,0,10,0,1.3306301459840002,10,Typea,Renault,Mail
2026-01-06 11:00:00,7.130103500762742,0.9487530662100958,0.13306301459840003,0,0,10,0,1.3306301459840002,10,Typea,Renault,Mail
2026-01-06 12:00:00,7.130103500762742,0.9487530662100958,0.13306301459840003,0,0,10,0,1.3306301459840002,10,Typea,Renault,Mail
2026-01-06 13:00:00,7.130103500762742,2.3633322670109576,0.33145833952594667,0,0,10,0,1.3306301459840002,10,Typea,Renault,Mail
2026-01-06 14:00:00,7.130103500762742,2.682400392036,0.37620777759383867,0,0,10,0,1.3306301459840002,10,Typea,Renault,Mail
2026-01-06 15:00:00,7.130103500762742,2.5076525274840984,0.3516993164567447,0,0,10,0,1.3306301459840002,10,Typea,Renault,Mail
2026-01-06 16:00:00,7.130103500762742,1.3944315207867997,0.19556960437357332,0,0,10,0,1.3306301459840002,10,Typea,Renault,Mail
2026-01-06 17:00:00,7.130103500762742,1.5633499433926121,0.21926048383804989,0,0,10,0,1.3306301459840002,10,Typea,Renault,Mail
2026-01-06 18:00:00,7.130103500762742,2.059159249099832,0.28879794646452944,0,0,10,0,1.3306301459840002,10,Typea,Renault,Mail
2026-01-06 19:00:00,7.130103500762742,0.9487530662100958,0.13306301459840003,0,0,10,0,1.3306301459840002,10,Typea,Renault,Mail
2026-01-06 20:00:00,7.130103500762742,1.0968368984259473,0.1538318340412048,0,0,10,0,1.3306301459840002,10,Typea,Renault,Mail
2026-01-06 21:00:00,0.0,0.0,0.0,1,1,10,80,1.0,10,Typea,Renault,Mail
2026-01-06 22:00:00,0.0,0.0,0.0,1,1,10,80,1.0,10,Typea,Renault,Mail
2026-01-06 23:00:00,0.0,0.0,0.0,1,1,10,80,1.0,10,Typea,Renault,Mail
2026-01-07 00:00:00,0.0,0.0,0.0,1,1,10,80,1.0,10,Typea,Renault,Mail
2026-01-07 01:00:00,0.0,0.0,0.0,1,1,10,80,1.0,10,Typea,Renault,Mail
2026-01-07 02:00:00,0.0,0.0,0.0,1,1,10,80,1.0,10,Typea,Renault,Mail
2026-01-07 03:00:00,0.0,0.0,0.0,1,1,10,80,1.0,10,Typea,Renault,Mail
2026-01-07 04:00:00,0.0,0.0,0.0,1,1,10,80,1.0,10,Typea,Renault,Mail
2026-01-07 05:00:00,0.0,0.0,0.0,1,1,10,80,1.0,10,Typea,Renault,Mail
2026-01-07 06:00:00,0.0,0.0,0.0,1,1,10,80,1.0,10,Typea,Renault,Mail
2026-01-07 07:00:00,0.0,0.0,0.0,1,1,10,80,1.0,10,Typea,Renault,Mail
2026-01-07 08:00:00,13.125998310988896,2.451455189885802,0.18676333272368922,0,0,10,0,1.282756305344,10,Typea,Renault,Mail
2026-01-07 09:00:00,13.125998310988896,1.6837457097355704,0.12827563053440003,0,0,10,0,1.282756305344,10,Typea,Renault,Mail
2026-01-07 10:00:00,13.125998310988896,4.056087544741847,0.30901173751836836,0,0,10,0,1.282756305344,10,Typea,Renault,Mail
2026-01-07 11:00:00,13.125998310988896,1.6837457097355704,0.12827563053440003,0,0,10,0,1.282756305344,10,Typea,Renault,Mail
2026-01-07 12:00:00,13.125998310988896,7.303192798211983,0.5563914168797245,0,0,10,0,1.282756305344,10,Typea,Renault,Mail
2026-01-07 13:00:00,13.125998310988896,2.3177567839692297,0.17657756225892834,0,0,10,0,1.282756305344,10,Typea,Renault,Mail
2026-01-07 14:00:00,13.125998310988896,3.458665796055172,0.2634973519050073,0,0,10,0,1.282756305344,10,Typea,Renault,Mail
2026-01-07 15:00:00,13.125998310988896,4.767699945030625,0.36322570154829104,0,0,10,0,1.282756305344,10,Typea,Renault,Mail
2026-01-07 16:00:00,13.125998310988896,1.6837457097355704,0.12827563053440003,0,0,10,0,1.282756305344,10,Typea,Renault,Mail
2026-01-07 17:00:00,13.125998310988896,1.6837457097355704,0.12827563053440003,0,0,10,0,1.282756305344,10,Typea,Renault,Mail
2026-01-07 18:00:00,13.125998310988896,4.618581361645886,0.3518651497752576,0,0,10,0,1.282756305344,10,Typea,Renault,Mail
2026-01-07 19:00:00,13.125998310988896,1.6837457097355704,0.12827563053440003,0,0,10,0,1.282756305344,10,Typea,Renault,Mail
2026-01-07 20:00:00,0.0,0.0,0.0,1,1,10,80,1.0,10,Typea,Renault,Mail
2026-01-07 21:00:00,0.0,0.0,0.0,1,1,10,80,1.0,10,Typea,Renault,Mail
2026-01-07 22:00:00,0.0,0.0,0.0,1,1,10,80,1.0,10,Typea,Renault,Mail
2026-01-07 23:00:00,0.0,0.0,0.0,1,1,10,80,1.0,10,Typea,Renault,Mail
2026-01-08 00:00:00,0.0,0.0,0.0,1,1,10,80,1.0,10,Typea,Renault,Mail
2026-01-08 01:00:00,0.0,0.0,0.0,1,1,10,80,1.0,10,Typea,Renault,Mail
2026-01-08 02:00:00,0.0,0.0,0.0,1,1,10,80,1.0,10,Typea,Renault,Mail
2026-01-08 03:00:00,0.0,0.0,0.0,1,1,10,80,1.0,10,Typea,Renault,Mail
2026-01-08 04:00:00,0.0,0.0,0.0,1,1,10,80,1.0,10,Typea,Renault,Mail
2026-01-08 05:00:00,0.0,0.0,0.0,1,1,10,80,1.0,10,Typea,Renault,Mail
2026-01-08 06:00:00,0.0,0.0,0.0,1,1,10,80,1.0,10,Typea,Renault,Mail
2026-01-08 07:00:00,0.0,0.0,0.0,1,1,10,80,1.0,10,Typea,Renault,Mail
2026-01-08 08:00:00,8.694334272246442,1.0229625221105274,0.11765852221440001,0,0,10,0,1.176585222144,10,Typea,Renault,Mail
2026-01-08 09:00:00,8.694334272246442,1.0717376021724394,0.12326850666342322,0,0,10,0,1.176585222144,10,Typea,Renault,Mail
2026-01-08 10:00:00,8.694334272246442,2.025435886698445,0.23296043414892917,0,0,10,0,1.176585222144,10,Typea,Renault,Mail
2026-01-08 11:00:00,8.694334272246442,3.441156256706725,0.3957929553837593,0,0,10,0,1.176585222144,10,Typea,Renault,Mail
2026-01-08 12:00:00,8.694334272246442,1.299336358589809,0.1494463311282471,0,0,10,0,1.176585222144,10,Typea,Renault,Mail
2026-01-08 13:00:00,8.694334272246442,1.0229625221105274,0.11765852221440001,0,0,10,0,1.176585222144,10,Typea,Renault,Mail
2026-01-08 14:00:00,8.694334272246442,3.020864389186235,0.3474520641366719,0,0,10,0,1.176585222144,10,Typea,Renault,Mail
2026-01-08 15:00:00,8.694334272246442,1.1230868850687268,0.1291745693116241,0,0,10,0,1.176585222144,10,Typea,Renault,Mail
2026-01-08 16:00:00,8.694334272246442,2.6750602139965416,0.3076785559689965,0,0,10,0,1.176585222144,10,Typea,Renault,Mail
2026-01-08 17:00:00,8.694334272246442,2.4002227697048895,0.27606745893894874,0,0,10,0,1.176585222144,10,Typea,Renault,Mail
2026-01-08 18:00:00,8.694334272246442,2.5886704973268606,0.29774223261581595,0,0,10,0,1.176585222144,10,Typea,Renault,Mail
2026-01-08 19:00:00,8.694334272246442,3.607429925638123,0.4149173257754254,0,0,10,0,1.176585222144,10,Typea,Renault,Mail
2026-01-08 20:00:00,8.694334272246442,4.204228949278564,0.4835596168299008,0,0,10,0,1.176585222144,10,Typea,Renault,Mail
2026-01-08 21:00:00,0.0,0.0,0.0,1,1,10,80,1.0,10,Typea,Renault,Mail
2026-01-08 22:00:00,0.0,0.0,0.0,1,1,10,80,1.0,10,Typea,Renault,Mail
2026-01-08 23:00:00,0.0,0.0,0.0,1,1,10,80,1.0,10,Typea,Renault,Mail
2026-01-09 00:00:00,0.0,0.0,0.0,1,1,10,80,1.0,10,Typea,Renault,Mail
2026-01-09 01:00:00,0.0,0.0,0.0,1,1,10,80,1.0,10,Typea,Renault,Mail
2026-01-09 02:00:00,0.0,0.0,0.0,1,1,10,80,1.0,10,Typea,Renault,Mail
2026-01-09 03:00:00,0.0,0.0,0.0,1,1,10,80,1.0,10,Typea,Renault,Mail
2026-01-09 04:00:00,0.0,0.0,0.0,1,1,10,80,1.0,10,Typea,Renault,Mail
2026-01-09 05:00:00,0.0,0.0,0.0,1,1,10,80,1.0,10,Typea,Renault,Mail
2026-01-09 06:00:00,0.0,0.0,0.0,1,1,10,80,1.0,10,Typea,Renault,Mail
2026-01-09 07:00:00,0.0,0.0,0.0,1,1,10,80,1.0,10,Typea,Renault,Mail
2026-01-09 08:00:00,5.361694695462438,2.2172257303906346,0.4135307689688218,0,0,10,0,1.137342385344,10,Typea,Renault,Mail
2026-01-09 09:00:00,5.361694695462438,0.8683138392404606,0.16194764688398017,0,0,10,0,1.137342385344,10,Typea,Renault,Mail
2026-01-09 10:00:00,5.361694695462438,1.0585018798334926,0.19741927505295945,0,0,10,0,1.137342385344,10,Typea,Renault,Mail
2026-01-09 11:00:00,5.361694695462438,2.4944101484314634,0.46522793447050687,0,0,10,0,1.137342385344,10,Typea,Renault,Mail
2026-01-09 12:00:00,5.361694695462438,2.2332571909592556,0.41652076774331154,0,0,10,0,1.137342385344,10,Typea,Renault,Mail
2026-01-09 13:00:00,5.361694695462438,0.9124985671554411,0.17018846073568528,0,0,10,0,1.137342385344,10,Typea,Renault,Mail
2026-01-09 14:00:00,5.361694695462438,1.519993920155988,0.28349132251829773,0,0,10,0,1.137342385344,10,Typea,Renault,Mail
2026-01-09 15:00:00,5.361694695462438,1.0029237468699685,0.18705349779030414,0,0,10,0,1.137342385344,10,Typea,Renault,Mail
2026-01-09 16:00:00,5.361694695462438,0.7943442774438286,0.14815171742547673,0,0,10,0,1.137342385344,10,Typea,Renault,Mail
2026-01-09 17:00:00,5.361694695462438,2.0112467102505125,0.37511399370661963,0,0,10,0,1.137342385344,10,Typea,Renault,Mail
2026-01-09 18:00:00,5.361694695462438,0.7184628660525305,0.13399921234988635,0,0,10,0,1.137342385344,10,Typea,Renault,Mail
2026-01-09 19:00:00,5.361694695462438,1.5771332560653195,0.2941482769244649,0,0,10,0,1.137342385344,10,Typea,Renault,Mail
2026-01-09 20:00:00,0.0,0.0,0.0,1,1,10,80,1.0,10,Typea,Renault,Mail
2026-01-09 21:00:00,0.0,0.0,0.0,1,1,10,80,1.0,10,Typea,Renault,Mail
2026-01-09 22:00:00,0.0,0.0,0.0,1,1,10,80,1.0,10,Typea,Renault,Mail
2026-01-09 23:00:00,0.0,0.0,0.0,1,1,10,80,1.0,10,Typea,Renault,Mail
2026-01-10 00:00:00,0.0,0.0,0.0,1,1,10,80,1.0,10,Typea,Renault,Mail
2026-01-10 01:00:00,0.0,0.0,0.0,1,1,10,80,1.0,10,Typea,Renault,Mail
2026-01-10 02:00:00,0.0,0.0,0.0,1,1,10,80,1.0,10,Typea,Renault,Mail
2026-01-10 03:00:00,0.0,0.0,0.0,1,1,10,80,1.0,10,Typea,Renault,Mail
2026-01-10 04:00:00,0.0,0.0,0.0,1,1,10,80,1.0,10,Typea,Renault,Mail
2026-01-10 05:00:00,0.0,0.0,0.0,1,1,10,80,1.0,10,Typea,Renault,Mail
2026-01-10 06:00:00,0.0,0.0,0.0,1,1,10,80,1.0,10,Typea,Renault,Mail
2026-01-10 07:00:00,0.0,0.0,0.0,1,1,10,80,1.0,10,Typea,Renault,Mail
2026-01-10 08:00:00,6.033883637963964,2.114823894128238,0.3504913288055802,0,0,10,0,1.18961004,10,Typea,Renault,Mail
2026-01-10 09:00:00,6.033883637963964,2.3483665901838195,0.3891965326292301,0,0,10,0,1.18961004,10,Typea,Renault,Mail
2026-01-10 10:00:00,6.033883637963964,2.4106806955455133,0.3995238954191962,0,0,10,0,1.18961004,10,Typea,Renault,Mail
2026-01-10 11:00:00,6.033883637963964,1.0818205896050654,0.17929092679190417,0,0,10,0,1.18961004,10,Typea,Renault,Mail
2026-01-10 12:00:00,6.033883637963964,0.8528810127549149,0.1413486013201782,0,0,10,0,1.18961004,10,Typea,Renault,Mail
2026-01-10 13:00:00,6.033883637963964,2.627390665159633,0.4354393990345832,0,0,10,0,1.18961004,10,Typea,Renault,Mail
2026-01-10 14:00:00,6.033883637963964,1.7445957111143802,0.28913313808999236,0,0,10,0,1.18961004,10,Typea,Renault,Mail
2026-01-10 15:00:00,6.033883637963964,0.7177968555913656,0.11896100400000001,0,0,10,0,1.18961004,10,Typea,Renault,Mail
2026-01-10 16:00:00,6.033883637963964,0.7177968555913656,0.11896100400000001,0,0,10,0,1.18961004,10,Typea,Renault,Mail
2026-01-10 17:00:00,6.033883637963964,0.7177968555913656,0.11896100400000001,0,0,10,0,1.18961004,10,Typea,Renault,Mail
2026-01-10 18:00:00,6.033883637963964,0.7259148419859093,0.12030640389194801,0,0,10,0,1.18961004,10,Typea,Renault,Mail
2026-01-10 19:00:00,6.033883637963964,1.2588945794792958,0.2086375301569603,0,0,10,0,1.18961004,10,Typea,Renault,Mail
2026-01-10 20:00:00,0.0,0.0,0.0,1,1,10,80,1.0,10,Typea,Renault,Mail
2026-01-10 21:00:00,0.0,0.0,0.0,1,1,10,80,1.0,10,Typea,Renault,Mail
2026-01-10 22:00:00,0.0,0.0,0.0,1,1,10,80,1.0,10,Typea,Renault,Mail
2026-01-10 23:00:00,0.0,0.0,0.0,1,1,10,80,1.0,10,Typea,Renault,Mail
2026-01-11 00:00:00,0.0,0.0,0.0,1,1,10,80,1.0,10,Typea,Renault,Mail
2026-01-11 01:00:00,0.0,0.0,0.0,1,1,10,80,1.0,10,Typea,Renault,Mail
2026-01-11 02:00:00,0.0,0.0,0.0,1,1,10,80,1.0,10,Typea,Renault,Mail
2026-01-11 03:00:00,0.0,0.0,0.0,1,1,10,80,1.0,10,Typea,Renault,Mail
2026-01-11 04:00:00,0.0,0.0,0.0,1,1,10,80,1.0,10,Typea,Renault,Mail
2026-01-11 05:00:00,0.0,0.0,0.0,1,1,10,80,1.0,10,Typea,Renault,Mail
2026-01-11 06:00:00,0.0,0.0,0.0,1,1,10,80,1.0,10,Typea,Renault,Mail
2026-01-11 07:00:00,0.0,0.0,0.0,1,1,10,80,1.0,10,Typea,Renault,Mail
2026-01-11 08:00:00,0.0,0.0,0.0,1,1,10,80,1.0,10,Typea,Renault,Mail
2026-01-11 09:00:00,11.935648044629163,4.057442093120522,0.33994317509607713,0,0,10,0,1.122069513044,10,Typea,Renault,Mail
2026-01-11 10:00:00,11.935648044629163,3.51110763877801,0.2941698369162241,0,0,10,0,1.122069513044,10,Typea,Renault,Mail
2026-01-11 11:00:00,11.935648044629163,4.484454620941162,0.37571940829464134,0,0,10,0,1.122069513044,10,Typea,Renault,Mail
2026-01-11 12:00:00,11.935648044629163,1.3392626789301616,0.1122069513044,0,0,10,0,1.122069513044,10,Typea,Renault,Mail
2026-01-11 13:00:00,11.935648044629163,1.3509040928359257,0.11318229959401403,0,0,10,0,1.122069513044,10,Typea,Renault,Mail
2026-01-11 14:00:00,11.935648044629163,2.076791417328055,0.1739990497007471,0,0,10,0,1.122069513044,10,Typea,Renault,Mail
2026-01-11 15:00:00,11.935648044629163,1.3392626789301616,0.1122069513044,0,0,10,0,1.122069513044,10,Typea,Renault,Mail
2026-01-11 16:00:00,11.935648044629163,2.983233248531604,0.24994313148116057,0,0,10,0,1.122069513044,10,Typea,Renault,Mail
2026-01-11 17:00:00,11.935648044629163,1.7136892216584865,0.1435773923000031,0,0,10,0,1.122069513044,10,Typea,Renault,Mail
2026-01-11 18:00:00,11.935648044629163,3.1033169428843004,0.26000405937579063,0,0,10,0,1.122069513044,10,Typea,Renault,Mail
2026-01-11 19:00:00,0.0,0.0,0.0,1,1,10,80,1.0,10,Typea,Renault,Mail
2026-01-11 20:00:00,0.0,0.0,0.0,1,1,10,80,1.0,10,Typea,Renault,Mail
2026-01-11 21:00:00,0.0,0.0,0.0,1,1,10,80,1.0,10,Typea,Renault,Mail
2026-01-11 22:00:00,0.0,0.0,0.0,1,1,10,80,1.0,10,Typea,Renault,Mail
2026-01-11 23:00:00,0.0,0.0,0.0,1,1,10,80,1.0,10,Typea,Renault,Mail
2026-01-12 00:00:00,0.0,0.0,0.0,1,1,10,80,1.0,10,Typea,Renault,Mail
2026-01-12 01:00:00,0.0,0.0,0.0,1,1,10,80,1.0,10,Typea,Renault,Mail
2026-01-12 02:00:00,0.0,0.0,0.0,1,1,10,80,1.0,10,Typea,Renault,Mail
2026-01-12 03:00:00,0.0,0.0,0.0,1,1,10,80,1.0,10,Typea,Renault,Mail
2026-01-12 04:00:00,0.0,0.0,0.0,1,1,10,80,1.0,10,Typea,Renault,Mail
2026-01-12 05:00:00,0.0,0.0,0.0,1,1,10,80,1.0,10,Typea,Renault,Mail
2026-01-12 06:00:00,0.0,0.0,0.0,1,1,10,80,1.0,10,Typea,Renault,Mail
2026-01-12 07:00:00,0.0,0.0,0.0,1,1,10,80,1.0,10,Typea,Renault,Mail
2026-01-12 08:00:00,0.0,0.0,0.0,1,1,10,80,1.0,10,Typea,Renault,Mail
2026-01-12 09:00:00,10.507440686214904,3.072203275113592,0.2923835943365474,0,0,10,0,1.119889326784,10,Typea,Renault,Mail
2026-01-12 10:00:00,10.507440686214904,1.1767170676308019,0.1119889326784,0,0,10,0,1.119889326784,10,Typea,Renault,Mail
2026-01-12 11:00:00,10.507440686214904,1.1767170676308019,0.1119889326784,0,0,10,0,1.119889326784,10,Typea,Renault,Mail
2026-01-12 12:00:00,10.507440686214904,2.592806087729626,0.2467590505774849,0,0,10,0,1.119889326784,10,Typea,Renault,Mail
2026-01-12 13:00:00,10.507440686214904,1.1767170676308019,0.1119889326784,0,0,10,0,1.119889326784,10,Typea,Renault,Mail
2026-01-12 14:00:00,10.507440686214904,3.8226475387436794,0.363803865555839,0,0,10,0,1.119889326784,10,Typea,Renault,Mail
2026-01-12 15:00:00,10.507440686214904,2.934191071972911,0.2792488827295864,0,0,10,0,1.119889326784,10,Typea,Renault,Mail
2026-01-12 16:00:00,10.507440686214904,5.25671519906843,0.5002850223998796,0,0,10,0,1.119889326784,10,Typea,Renault,Mail
2026-01-12 17:00:00,10.507440686214904,1.8147519343543517,0.1727111280994611,0,0,10,0,1.119889326784,10,Typea,Renault,Mail
2026-01-12 18:00:00,10.507440686214904,3.9409628464356117,0.37506401074487195,0,0,10,0,1.119889326784,10,Typea,Renault,Mail
2026-01-12 19:00:00,0.0,0.0,0.0,1,1,10,80,1.0,10,Typea,Renault,Mail
2026-01-12 20:00:00,0.0,0.0,0.0,1,1,10,80,1.0,10,Typea,Renault,Mail
2026-01-12 21:00:00,0.0,0.0,0.0,1,1,10,80,1.0,10,Typea,Renault,Mail
2026-01-12 22:00:00,0.0,0.0,0.0,1,1,10,80,1.0,10,Typea,Renault,Mail
2026-01-12 23:00:00,0.0,0.0,0.0,1,1,10,80,1.0,10,Typea,Renault,Mail
2026-01-13 00:00:00,0.0,0.0,0.0,1,1,10,80,1.0,10,Typea,Renault,Mail
2026-01-13 01:00:00,0.0,0.0,0.0,1,1,10,80,1.0,10,Typea,Renault,Mail
2026-01-13 02:00:00,0.0,0.0,0.0,1,1,10,80,1.0,10,Typea,Renault,Mail
2026-01-13 03:00:00,0.0,0.0,0.0,1,1,10,80,1.0,10,Typea,Renault,Mail
2026-01-13 04:00:00,0.0,0.0,0.0,1,1,10,80,1.0,10,Typea,Renault,Mail
2026-01-13 05:00:00,0.0,0.0,0.0,1,1,10,80,1.0,10,Typea,Renault,Mail
2026-01-13 06:00:00,0.0,0.0,0.0,1,1,10,80,1.0,10,Typea,Renault,Mail
2026-01-13 07:00:00,0.0,0.0,0.0,1,1,10,80,1.0,10,Typea,Renault,Mail
2026-01-13 08:00:00,0.0,0.0,0.0,1,1,10,80,1.0,10,Typea,Renault,Mail
2026-01-13 09:00:00,7.440041648516813,0.8364468608955024,0.11242502400000001,0,0,10,0,1.12425024,10,Typea,Renault,Mail
2026-01-13 10:00:00,7.440041648516813,1.4986734033731295,0.20143346961933914,0,0,10,0,1.12425024,10,Typea,Renault,Mail
2026-01-13 11:00:00,7.440041648516813,0.8364468608955024,0.11242502400000001,0,0,10,0,1.12425024,10,Typea,Renault,Mail
2026-01-13 12:00:00,7.440041648516813,0.9840490742611829,0.1322639201162745,0,0,10,0,1.12425024,10,Typea,Renault,Mail
2026-01-13 13:00:00,7.440041648516813,0.8364468608955024,0.11242502400000001,0,0,10,0,1.12425024,10,Typea,Renault,Mail
2026-01-13 14:00:00,7.440041648516813,0.8364468608955024,0.11242502400000001,0,0,10,0,1.12425024,10,Typea,Renault,Mail
2026-01-13 15:00:00,7.440041648516813,1.7426955849968786,0.23423196634178634,0,0,10,0,1.12425024,10,Typea,Renault,Mail
2026-01-13 16:00:00,7.440041648516813,1.420370683647575,0.19090896943174082,0,0,10,0,1.12425024,10,Typea,Renault,Mail
2026-01-13 17:00:00,7.440041648516813,3.403277978868143,0.4574272752285726,0,0,10,0,1.12425024,10,Typea,Renault,Mail
2026-01-13 18:00:00,7.440041648516813,3.6993426478378786,0.4972206907706424,0,0,10,0,1.12425024,10,Typea,Renault,Mail
2026-01-13 19:00:00,7.440041648516813,1.294429391733939,0.173981471191359,0,0,10,0,1.12425024,10,Typea,Renault,Mail
2026-01-13 20:00:00,7.440041648516813,1.337471564965795,0.17976667714386016,0,0,10,0,1.12425024,10,Typea,Renault,Mail
2026-01-13 21:00:00,0.0,0.0,0.0,1,1,10,80,1.0,10,Typea,Renault,Mail
2026-01-13 22:00:00,0.0,0.0,0.0,1,1,10,80,1.0,10,Typea,Renault,Mail
2026-01-13 23:00:00,0.0,0.0,0.0,1,1,10,80,1.0,10,Typea,Renault,Mail
2026-01-14 00:00:00,0.0,0.0,0.0,1,1,10,80,1.0,10,Typea,Renault,Mail
2026-01-14 01:00:00,0.0,0.0,0.0,1,1,10,80,1.0,10,Typea,Renault,Mail
2026-01-14 02:00:00,0.0,0.0,0.0,1,1,10,80,1.0,10,Typea,Renault,Mail
2026-01-14 03:00:00,0.0,0.0,0.0,1,1,10,80,1.0,10,Typea,Renault,Mail
2026-01-14 04:00:00,0.0,0.0,0.0,1,1,10,80,1.0,10,Typea,Renault,Mail
2026-01-14 05:00:00,0.0,0.0,0.0,1,1,10,80,1.0,10,Typea,Renault,Mail
2026-01-14 06:00:00,8.670994781459965,1.3451953124915799,0.15513736847908524,0,0,10,0,1.102475,10,Typea,Renault,Mail
2026-01-14 07:00:00,8.670994781459965,2.565706916598658,0.2958953362634432,0,0,10,0,1.102475,10,Typea,Renault,Mail
2026-01-14 08:00:00,8.670994781459965,2.778822801638087,0.32047335648035147,0,0,10,0,1.102475,10,Typea,Renault,Mail
2026-01-14 09:00:00,8.670994781459965,0.9559554971690077,0.11024750000000001,0,0,10,0,1.102475,10,Typea,Renault,Mail
2026-01-14 10:00:00,8.670994781459965,1.2851573192243255,0.1482133655497298,0,0,10,0,1.102475,10,Typea,Renault,Mail
2026-01-14 11:00:00,8.670994781459965,4.301799737260534,0.4961137500000001,0,0,10,0,1.102475,10,Typea,Renault,Mail
2026-01-14 12:00:00,8.670994781459965,0.9662151228337973,0.11143071206774643,0,0,10,0,1.102475,10,Typea,Renault,Mail
2026-01-14 13:00:00,8.670994781459965,2.5156208351602807,0.29011905768172047,0,0,10,0,1.102475,10,Typea,Renault,Mail
2026-01-14 14:00:00,8.670994781459965,0.9559554971690077,0.11024750000000001,0,0,10,0,1.102475,10,Typea,Renault,Mail
2026-01-14 15:00:00,8.670994781459965,3.3579708295335924,0.3872647734390862,0,0,10,0,1.102475,10,Typea,Renault,Mail
2026-01-14 16:00:00,8.670994781459965,2.3731240442433013,0.2736853272380508,0,0,10,0,1.102475,10,Typea,Renault,Mail
2026-01-14 17:00:00,8.670994781459965,2.3015310731628866,0.2654287231361209,0,0,10,0,1.102475,10,Typea,Renault,Mail
2026-01-14 18:00:00,8.670994781459965,3.2827210200147374,0.37858643705261397,0,0,10,0,1.102475,10,Typea,Renault,Mail
2026-01-14 19:00:00,8.670994781459965,2.7462716009307413,0.3167193234624853,0,0,10,0,1.102475,10,Typea,Renault,Mail
2026-01-14 20:00:00,8.670994781459965,0.9559554971690077,0.11024750000000001,0,0,10,0,1.102475,10,Typea,Renault,Mail
2026-01-14 21:00:00,0.0,0.0,0.0,1,1,10,80,1.0,10,Typea,Renault,Mail
2026-01-14 22:00:00,0.0,0.0,0.0,1,1,10,80,1.0,10,Typea,Renault,Mail
2026-01-14 23:00:00,0.0,0.0,0.0,1,1,10,80,1.0,10,Typea,Renault,Mail
2026-01-01 00:00:00,0.0,0.0,0.0,1,1,11,100,1.0,11,Typea,Toyota,Mail
2026-01-01 01:00:00,0.0,0.0,0.0,1,1,11,100,1.0,11,Typea,Toyota,Mail
2026-01-01 02:00:00,0.0,0.0,0.0,1,1,11,100,1.0,11,Typea,Toyota,Mail
2026-01-01 03:00:00,0.0,0.0,0.0,1,1,11,100,1.0,11,Typea,Toyota,Mail
2026-01-01 04:00:00,0.0,0.0,0.0,1,1,11,100,1.0,11,Typea,Toyota,Mail
2026-01-01 05:00:00,0.0,0.0,0.0,1,1,11,100,1.0,11,Typea,Toyota,Mail
2026-01-01 06:00:00,0.0,0.0,0.0,1,1,11,100,1.0,11,Typea,Toyota,Mail
2026-01-01 07:00:00,0.0,0.0,0.0,1,1,11,100,1.0,11,Typea,Toyota,Mail
2026-01-01 08:00:00,9.474397890131108,2.243669905382406,0.23681398347429525,0,0,11,0,1.1329772784640002,11,Typea,Toyota,Mail
2026-01-01 09:00:00,9.474397890131108,4.8304248914906145,0.5098397753088001,0,0,11,0,1.1329772784640002,11,Typea,Toyota,Mail
2026-01-01 10:00:00,9.474397890131108,3.0662458485653707,0.3236349036764952,0,0,11,0,1.1329772784640002,11,Typea,Toyota,Mail
2026-01-01 11:00:00,9.474397890131108,2.8427055259863536,0.30004075815175796,0,0,11,0,1.1329772784640002,11,Typea,Toyota,Mail
2026-01-01 12:00:00,9.474397890131108,4.8304248914906145,0.5098397753088001,0,0,11,0,1.1329772784640002,11,Typea,Toyota,Mail
2026-01-01 13:00:00,9.474397890131108,1.0734277536645809,0.11329772784640002,0,0,11,0,1.1329772784640002,11,Typea,Toyota,Mail
2026-01-01 14:00:00,9.474397890131108,2.539292842181685,0.2680162762455552,0,0,11,0,1.1329772784640002,11,Typea,Toyota,Mail
2026-01-01 15:00:00,9.474397890131108,2.3509670322511353,0.24813893816935761,0,0,11,0,1.1329772784640002,11,Typea,Toyota,Mail
2026-01-01 16:00:00,9.474397890131108,4.538009859068135,0.478976069159508,0,0,11,0,1.1329772784640002,11,Typea,Toyota,Mail
2026-01-01 17:00:00,9.474397890131108,2.953936755312798,0.31178094793651534,0,0,11,0,1.1329772784640002,11,Typea,Toyota,Mail
2026-01-01 18:00:00,9.474397890131108,4.8304248914906145,0.5098397753088001,0,0,11,0,1.1329772784640002,11,Typea,Toyota,Mail
2026-01-01 19:00:00,9.474397890131108,4.065249995778644,0.42907739815457424,0,0,11,0,1.1329772784640002,11,Typea,Toyota,Mail
2026-01-01 20:00:00,9.474397890131108,2.1544944333532747,0.22740172603448267,0,0,11,0,1.1329772784640002,11,Typea,Toyota,Mail
2026-01-01 21:00:00,0.0,0.0,0.0,1,1,11,100,1.0,11,Typea,Toyota,Mail
2026-01-01 22:00:00,0.0,0.0,0.0,1,1,11,100,1.0,11,Typea,Toyota,Mail
2026-01-01 23:00:00,0.0,0.0,0.0,1,1,11,100,1.0,11,Typea,Toyota,Mail
2026-01-02 00:00:00,0.0,0.0,0.0,1,1,11,100,1.0,11,Typea,Toyota,Mail
2026-01-02 01:00:00,0.0,0.0,0.0,1,1,11,100,1.0,11,Typea,Toyota,Mail
2026-01-02 02:00:00,0.0,0.0,0.0,1,1,11,100,1.0,11,Typea,Toyota,Mail
2026-01-02 03:00:00,0.0,0.0,0.0,1,1,11,100,1.0,11,Typea,Toyota,Mail
2026-01-02 04:00:00,0.0,0.0,0.0,1,1,11,100,1.0,11,Typea,Toyota,Mail
2026-01-02 05:00:00,0.0,0.0,0.0,1,1,11,100,1.0,11,Typea,Toyota,Mail
2026-01-02 06:00:00,0.0,0.0,0.0,1,1,11,100,1.0,11,Typea,Toyota,Mail
2026-01-02 07:00:00,0.0,0.0,0.0,1,1,11,100,1.0,11,Typea,Toyota,Mail
2026-01-02 08:00:00,0.0,0.0,0.0,1,1,11,100,1.0,11,Typea,Toyota,Mail
2026-01-02 09:00:00,10.995906222903194,1.35534444911245,0.123259004,0,0,11,0,1.23259004,11,Typea,Toyota,Mail
2026-01-02 10:00:00,10.995906222903194,5.692165408497373,0.5176622365732125,0,0,11,0,1.23259004,11,Typea,Toyota,Mail
2026-01-02 11:00:00,10.995906222903194,3.131779751957974,0.28481324671856884,0,0,11,0,1.23259004,11,Typea,Toyota,Mail
2026-01-02 12:00:00,10.995906222903194,5.190526690923104,0.4720417385983013,0,0,11,0,1.23259004,11,Typea,Toyota,Mail
2026-01-02 13:00:00,10.995906222903194,3.0615726847315647,0.27842840987081763,0,0,11,0,1.23259004,11,Typea,Toyota,Mail
2026-01-02 14:00:00,10.995906222903194,5.310545520901443,0.48295660341666014,0,0,11,0,1.23259004,11,Typea,Toyota,Mail
2026-01-02 15:00:00,10.995906222903194,1.35534444911245,0.123259004,0,0,11,0,1.23259004,11,Typea,Toyota,Mail
2026-01-02 16:00:00,10.995906222903194,4.709031157048653,0.42825312089696516,0,0,11,0,1.23259004,11,Typea,Toyota,Mail
2026-01-02 17:00:00,10.995906222903194,3.00005408049101,0.2728337273595737,0,0,11,0,1.23259004,11,Typea,Toyota,Mail
2026-01-02 18:00:00,10.995906222903194,2.0000340441605746,0.1818889688232095,0,0,11,0,1.23259004,11,Typea,Toyota,Mail
2026-01-02 19:00:00,0.0,0.0,0.0,1,1,11,100,1.0,11,Typea,Toyota,Mail
2026-01-02 20:00:00,0.0,0.0,0.0,1,1,11,100,1.0,11,Typea,Toyota,Mail
2026-01-02 21:00:00,0.0,0.0,0.0,1,1,11,100,1.0,11,Typea,Toyota,Mail
2026-01-02 22:00:00,0.0,0.0,0.0,1,1,11,100,1.0,11,Typea,Toyota,Mail
2026-01-02 23:00:00,0.0,0.0,0.0,1,1,11,100,1.0,11,Typea,Toyota,Mail
2026-01-03 00:00:00,0.0,0.0,0.0,1,1,11,100,1.0,11,Typea,Toyota,Mail
2026-01-03 01:00:00,0.0,0.0,0.0,1,1,11,100,1.0,11,Typea,Toyota,Mail
2026-01-03 02:00:00,0.0,0.0,0.0,1,1,11,100,1.0,11,Typea,Toyota,Mail
2026-01-03 03:00:00,0.0,0.0,0.0,1,1,11,100,1.0,11,Typea,Toyota,Mail
2026-01-03 04:00:00,0.0,0.0,0.0,1,1,11,100,1.0,11,Typea,Toyota,Mail
2026-01-03 05:00:00,0.0,0.0,0.0,1,1,11,100,1.0,11,Typea,Toyota,Mail
2026-01-03 06:00:00,0.0,0.0,0.0,1,1,11,100,1.0,11,Typea,Toyota,Mail
2026-01-03 07:00:00,0.0,0.0,0.0,1,1,11,100,1.0,11,Typea,Toyota,Mail
2026-01-03 08:00:00,3.5848857497359896,1.2300457023488975,0.3431199174030818,0,0,11,0,1.209049010004,11,Typea,Toyota,Mail
2026-01-03 09:00:00,3.5848857497359896,0.4334302566695745,0.1209049010004,0,0,11,0,1.209049010004,11,Typea,Toyota,Mail
2026-01-03 10:00:00,3.5848857497359896,0.6944448871626705,0.19371464968271673,0,0,11,0,1.209049010004,11,Typea,Toyota,Mail
2026-01-03 11:00:00,3.5848857497359896,0.4334302566695745,0.1209049010004,0,0,11,0,1.209049010004,11,Typea,Toyota,Mail
2026-01-03 12:00:00,3.5848857497359896,1.4876348782213675,0.4149741392263129,0,0,11,0,1.209049010004,11,Typea,Toyota,Mail
2026-01-03 13:00:00,3.5848857497359896,1.5631068134055637,0.4360269538633635,0,0,11,0,1.209049010004,11,Typea,Toyota,Mail
2026-01-03 14:00:00,3.5848857497359896,1.4169471660314694,0.3952558784156011,0,0,11,0,1.209049010004,11,Typea,Toyota,Mail
2026-01-03 15:00:00,3.5848857497359896,0.5203900605901384,0.1451622441882458,0,0,11,0,1.209049010004,11,Typea,Toyota,Mail
2026-01-03 16:00:00,3.5848857497359896,1.8187798266649984,0.5073466641995336,0,0,11,0,1.209049010004,11,Typea,Toyota,Mail
2026-01-03 17:00:00,3.5848857497359896,1.5884895187028016,0.4431074320345597,0,0,11,0,1.209049010004,11,Typea,Toyota,Mail
2026-01-03 18:00:00,3.5848857497359896,1.518555652698197,0.4235994558013547,0,0,11,0,1.209049010004,11,Typea,Toyota,Mail
2026-01-03 19:00:00,0.0,0.0,0.0,1,1,11,100,1.0,11,Typea,Toyota,Mail
2026-01-03 20:00:00,0.0,0.0,0.0,1,1,11,100,1.0,11,Typea,Toyota,Mail
2026-01-03 21:00:00,0.0,0.0,0.0,1,1,11,100,1.0,11,Typea,Toyota,Mail
2026-01-03 22:00:00,0.0,0.0,0.0,1,1,11,100,1.0,11,Typea,Toyota,Mail
2026-01-03 23:00:00,0.0,0.0,0.0,1,1,11,100,1.0,11,Typea,Toyota,Mail
2026-01-04 00:00:00,0.0,0.0,0.0,1,1,11,100,1.0,11,Typea,Toyota,Mail
2026-01-04 01:00:00,0.0,0.0,0.0,1,1,11,100,1.0,11,Typea,Toyota,Mail
2026-01-04 02:00:00,0.0,0.0,0.0,1,1,11,100,1.0,11,Typea,Toyota,Mail
2026-01-04 03:00:00,0.0,0.0,0.0,1,1,11,100,1.0,11,Typea,Toyota,Mail
2026-01-04 04:00:00,0.0,0.0,0.0,1,1,11,100,1.0,11,Typea,Toyota,Mail
2026-01-04 05:00:00,0.0,0.0,0.0,1,1,11,100,1.0,11,Typea,Toyota,Mail
2026-01-04 06:00:00,0.0,0.0,0.0,1,1,11,100,1.0,11,Typea,Toyota,Mail
2026-01-04 07:00:00,0.0,0.0,0.0,1,1,11,100,1.0,11,Typea,Toyota,Mail
2026-01-04 08:00:00,3.291755797542757,1.9331282567069927,0.5872635686250001,0,0,11,0,1.3050301525,11,Typea,Toyota,Mail
2026-01-04 09:00:00,3.291755797542757,1.9331282567069927,0.5872635686250001,0,0,11,0,1.3050301525,11,Typea,Toyota,Mail
2026-01-04 10:00:00,3.291755797542757,0.5054886029408137,0.15356199974437737,0,0,11,0,1.3050301525,11,Typea,Toyota,Mail
2026-01-04 11:00:00,3.291755797542757,0.8934333966813787,0.2714154547394775,0,0,11,0,1.3050301525,11,Typea,Toyota,Mail
2026-01-04 12:00:00,3.291755797542757,0.7451485205775578,0.22636810456407466,0,0,11,0,1.3050301525,11,Typea,Toyota,Mail
2026-01-04 13:00:00,3.291755797542757,0.7875769559057023,0.23925740678990098,0,0,11,0,1.3050301525,11,Typea,Toyota,Mail
2026-01-04 14:00:00,3.291755797542757,1.0346846065674464,0.31432605278308373,0,0,11,0,1.3050301525,11,Typea,Toyota,Mail
2026-01-04 15:00:00,3.291755797542757,0.42958405704599834,0.13050301525000002,0,0,11,0,1.3050301525,11,Typea,Toyota,Mail
2026-01-04 16:00:00,3.291755797542757,1.8566676648881972,0.5640356633606205,0,0,11,0,1.3050301525,11,Typea,Toyota,Mail
2026-01-04 17:00:00,3.291755797542757,1.4917413105805728,0.4531749626427738,0,0,11,0,1.3050301525,11,Typea,Toyota,Mail
2026-01-04 18:00:00,3.291755797542757,1.7353088372777739,0.5271681570586597,0,0,11,0,1.3050301525,11,Typea,Toyota,Mail
2026-01-04 19:00:00,3.291755797542757,1.1511535009889766,0.34970804998605737,0,0,11,0,1.3050301525,11,Typea,Toyota,Mail
2026-01-04 20:00:00,3.291755797542757,0.42958405704599834,0.13050301525000002,0,0,11,0,1.3050301525,11,Typea,Toyota,Mail
2026-01-04 21:00:00,3.291755797542757,1.1036319628048146,0.3352715179019835,0,0,11,0,1.3050301525,11,Typea,Toyota,Mail
2026-01-04 22:00:00,0.0,0.0,0.0,1,1,11,100,1.0,11,Typea,Toyota,Mail
2026-01-04 23:00:00,0.0,0.0,0.0,1,1,11,100,1.0,11,Typea,Toyota,Mail
2026-01-05 00:00:00,0.0,0.0,0.0,1,1,11,100,1.0,11,Typea,Toyota,Mail
2026-01-05 01:00:00,0.0,0.0,0.0,1,1,11,100,1.0,11,Typea,Toyota,Mail
2026-01-05 02:00:00,0.0,0.0,0.0,1,1,11,100,1.0,11,Typea,Toyota,Mail
2026-01-05 03:00:00,0.0,0.0,0.0,1,1,11,100,1.0,11,Typea,Toyota,Mail
2026-01-05 04:00:00,0.0,0.0,0.0,1,1,11,100,1.0,11,Typea,Toyota,Mail
2026-01-05 05:00:00,0.0,0.0,0.0,1,1,11,100,1.0,11,Typea,Toyota,Mail
2026-01-05 06:00:00,0.0,0.0,0.0,1,1,11,100,1.0,11,Typea,Toyota,Mail
2026-01-05 07:00:00,0.0,0.0,0.0,1,1,11,100,1.0,11,Typea,Toyota,Mail
2026-01-05 08:00:00,0.0,0.0,0.0,1,1,11,100,1.0,11,Typea,Toyota,Mail
2026-01-05 09:00:00,9.338522674986566,3.355946365816744,0.35936587430533506,0,0,11,0,1.226197579604,11,Typea,Toyota,Mail
2026-01-05 10:00:00,9.338522674986566,1.6071953888378445,0.17210381607175962,0,0,11,0,1.226197579604,11,Typea,Toyota,Mail
2026-01-05 11:00:00,9.338522674986566,1.454857244352577,0.15579094199229643,0,0,11,0,1.226197579604,11,Typea,Toyota,Mail
2026-01-05 12:00:00,9.338522674986566,2.290595819930888,0.24528460224937915,0,0,11,0,1.226197579604,11,Typea,Toyota,Mail
2026-01-05 13:00:00,9.338522674986566,1.4422633559540714,0.15444234662696754,0,0,11,0,1.226197579604,11,Typea,Toyota,Mail
2026-01-05 14:00:00,9.338522674986566,2.244182183107502,0.24031447598436448,0,0,11,0,1.226197579604,11,Typea,Toyota,Mail
2026-01-05 15:00:00,9.338522674986566,5.015336294059462,0.5370588548757448,0,0,11,0,1.226197579604,11,Typea,Toyota,Mail
2026-01-05 16:00:00,9.338522674986566,2.3276714770501132,0.24925478665751186,0,0,11,0,1.226197579604,11,Typea,Toyota,Mail
2026-01-05 17:00:00,9.338522674986566,3.4095873902665184,0.3651099332230752,0,0,11,0,1.226197579604,11,Typea,Toyota,Mail
2026-01-05 18:00:00,9.338522674986566,3.3565931840412753,0.3594351377474279,0,0,11,0,1.226197579604,11,Typea,Toyota,Mail
2026-01-05 19:00:00,9.338522674986566,2.9523443404968717,0.3161468299910851,0,0,11,0,1.226197579604,11,Typea,Toyota,Mail
2026-01-05 20:00:00,0.0,0.0,0.0,1,1,11,100,1.0,11,Typea,Toyota,Mail
2026-01-05 21:00:00,0.0,0.0,0.0,1,1,11,100,1.0,11,Typea,Toyota,Mail
2026-01-05 22:00:00,0.0,0.0,0.0,1,1,11,100,1.0,11,Typea,Toyota,Mail
2026-01-05 23:00:00,0.0,0.0,0.0,1,1,11,100,1.0,11,Typea,Toyota,Mail
2026-01-06 00:00:00,0.0,0.0,0.0,1,1,11,100,1.0,11,Typea,Toyota,Mail
2026-01-06 01:00:00,0.0,0.0,0.0,1,1,11,100,1.0,11,Typea,Toyota,Mail
2026-01-06 02:00:00,0.0,0.0,0.0,1,1,11,100,1.0,11,Typea,Toyota,Mail
2026-01-06 03:00:00,0.0,0.0,0.0,1,1,11,100,1.0,11,Typea,Toyota,Mail
2026-01-06 04:00:00,0.0,0.0,0.0,1,1,11,100,1.0,11,Typea,Toyota,Mail
2026-01-06 05:00:00,0.0,0.0,0.0,1,1,11,100,1.0,11,Typea,Toyota,Mail
2026-01-06 06:00:00,0.0,0.0,0.0,1,1,11,100,1.0,11,Typea,Toyota,Mail
2026-01-06 07:00:00,0.0,0.0,0.0,1,1,11,100,1.0,11,Typea,Toyota,Mail
2026-01-06 08:00:00,12.710670513387395,1.6913201360783199,0.13306301459840003,0,0,11,0,1.3306301459840002,11,Typea,Toyota,Mail
2026-01-06 09:00:00,12.710670513387395,4.102254224487669,0.3227409773675596,0,0,11,0,1.3306301459840002,11,Typea,Toyota,Mail
2026-01-06 10:00:00,12.710670513387395,4.338148515172103,0.3412997379330216,0,0,11,0,1.3306301459840002,11,Typea,Toyota,Mail
2026-01-06 11:00:00,12.710670513387395,6.173730682394357,0.48571243160555005,0,0,11,0,1.3306301459840002,11,Typea,Toyota,Mail
2026-01-06 12:00:00,12.710670513387395,4.062066441855739,0.31957924151817213,0,0,11,0,1.3306301459840002,11,Typea,Toyota,Mail
2026-01-06 13:00:00,12.710670513387395,5.1872284763690155,0.40810030209701487,0,0,11,0,1.3306301459840002,11,Typea,Toyota,Mail
2026-01-06 14:00:00,12.710670513387395,7.605549546707362,0.5983594286939377,0,0,11,0,1.3306301459840002,11,Typea,Toyota,Mail
2026-01-06 15:00:00,12.710670513387395,4.924291296656302,0.38741396777375664,0,0,11,0,1.3306301459840002,11,Typea,Toyota,Mail
2026-01-06 16:00:00,12.710670513387395,6.270588713982476,0.4933326457780521,0,0,11,0,1.3306301459840002,11,Typea,Toyota,Mail
2026-01-06 17:00:00,12.710670513387395,3.2804109792920193,0.25808323611543205,0,0,11,0,1.3306301459840002,11,Typea,Toyota,Mail
2026-01-06 18:00:00,12.710670513387395,4.295792254059149,0.337967399086826,0,0,11,0,1.3306301459840002,11,Typea,Toyota,Mail
2026-01-06 19:00:00,12.710670513387395,4.985945604205759,0.39226456220026773,0,0,11,0,1.3306301459840002,11,Typea,Toyota,Mail
2026-01-06 20:00:00,0.0,0.0,0.0,1,1,11,100,1.0,11,Typea,Toyota,Mail
2026-01-06 21:00:00,0.0,0.0,0.0,1,1,11,100,1.0,11,Typea,Toyota,Mail
2026-01-06 22:00:00,0.0,0.0,0.0,1,1,11,100,1.0,11,Typea,Toyota,Mail
2026-01-06 23:00:00,0.0,0.0,0.0,1,1,11,100,1.0,11,Typea,Toyota,Mail
2026-01-07 00:00:00,0.0,0.0,0.0,1,1,11,100,1.0,11,Typea,Toyota,Mail
2026-01-07 01:00:00,0.0,0.0,0.0,1,1,11,100,1.0,11,Typea,Toyota,Mail
2026-01-07 02:00:00,0.0,0.0,0.0,1,1,11,100,1.0,11,Typea,Toyota,Mail
2026-01-07 03:00:00,0.0,0.0,0.0,1,1,11,100,1.0,11,Typea,Toyota,Mail
2026-01-07 04:00:00,0.0,0.0,0.0,1,1,11,100,1.0,11,Typea,Toyota,Mail
2026-01-07 05:00:00,0.0,0.0,0.0,1,1,11,100,1.0,11,Typea,Toyota,Mail
2026-01-07 06:00:00,0.0,0.0,0.0,1,1,11,100,1.0,11,Typea,Toyota,Mail
2026-01-07 07:00:00,0.0,0.0,0.0,1,1,11,100,1.0,11,Typea,Toyota,Mail
2026-01-07 08:00:00,0.0,0.0,0.0,1,1,11,100,1.0,11,Typea,Toyota,Mail
2026-01-07 09:00:00,0.0,0.0,0.0,1,1,11,100,1.0,11,Typea,Toyota,Mail
2026-01-07 10:00:00,10.356157471277688,2.1594162224520645,0.2085151976919145,0,0,11,0,1.282756305344,11,Typea,Toyota,Mail
2026-01-07 11:00:00,10.356157471277688,1.5874908288085636,0.15328956065137037,0,0,11,0,1.282756305344,11,Typea,Toyota,Mail
2026-01-07 12:00:00,10.356157471277688,1.3284426295416831,0.12827563053440003,0,0,11,0,1.282756305344,11,Typea,Toyota,Mail
2026-01-07 13:00:00,10.356157471277688,5.977991832937573,0.5772403374048001,0,0,11,0,1.282756305344,11,Typea,Toyota,Mail
2026-01-07 14:00:00,10.356157471277688,4.543211514528741,0.4386966427585832,0,0,11,0,1.282756305344,11,Typea,Toyota,Mail
2026-01-07 15:00:00,10.356157471277688,1.3284426295416831,0.12827563053440003,0,0,11,0,1.282756305344,11,Typea,Toyota,Mail
2026-01-07 16:00:00,10.356157471277688,3.120609804326444,0.3013289256156356,0,0,11,0,1.282756305344,11,Typea,Toyota,Mail
2026-01-07 17:00:00,10.356157471277688,5.977991832937573,0.5772403374048001,0,0,11,0,1.282756305344,11,Typea,Toyota,Mail
2026-01-07 18:00:00,10.356157471277688,1.3284426295416831,0.12827563053440003,0,0,11,0,1.282756305344,11,Typea,Toyota,Mail
2026-01-07 19:00:00,10.356157471277688,5.682920193771893,0.5487479511134513,0,0,11,0,1.282756305344,11,Typea,Toyota,Mail
2026-01-07 20:00:00,10.356157471277688,3.427125426137746,0.33092635329683967,0,0,11,0,1.282756305344,11,Typea,Toyota,Mail
2026-01-07 21:00:00,10.356157471277688,5.04336164766857,0.48699159525684066,0,0,11,0,1.282756305344,11,Typea,Toyota,Mail
2026-01-07 22:00:00,0.0,0.0,0.0,1,1,11,100,1.0,11,Typea,Toyota,Mail
2026-01-07 23:00:00,0.0,0.0,0.0,1,1,11,100,1.0,11,Typea,Toyota,Mail
2026-01-08 00:00:00,0.0,0.0,0.0,1,1,11,100,1.0,11,Typea,Toyota,Mail
2026-01-08 01:00:00,0.0,0.0,0.0,1,1,11,100,1.0,11,Typea,Toyota,Mail
2026-01-08 02:00:00,0.0,0.0,0.0,1,1,11,100,1.0,11,Typea,Toyota,Mail
2026-01-08 03:00:00,0.0,0.0,0.0,1,1,11,100,1.0,11,Typea,Toyota,Mail
2026-01-08 04:00:00,0.0,0.0,0.0,1,1,11,100,1.0,11,Typea,Toyota,Mail
2026-01-08 05:00:00,0.0,0.0,0.0,1,1,11,100,1.0,11,Typea,Toyota,Mail
2026-01-08 06:00:00,0.0,0.0,0.0,1,1,11,100,1.0,11,Typea,Toyota,Mail
2026-01-08 07:00:00,0.0,0.0,0.0,1,1,11,100,1.0,11,Typea,Toyota,Mail
2026-01-08 08:00:00,6.593476748771999,2.1530615929910355,0.32654420043143884,0,0,11,0,1.176585222144,11,Typea,Toyota,Mail
2026-01-08 09:00:00,6.593476748771999,0.9429637576258579,0.14301464819777823,0,0,11,0,1.176585222144,11,Typea,Toyota,Mail
2026-01-08 10:00:00,6.593476748771999,1.416729739217752,0.21486839086550363,0,0,11,0,1.176585222144,11,Typea,Toyota,Mail
2026-01-08 11:00:00,6.593476748771999,3.4491817623491228,0.523120334502054,0,0,11,0,1.176585222144,11,Typea,Toyota,Mail
2026-01-08 12:00:00,6.593476748771999,2.3264725407702165,0.35284458100250526,0,0,11,0,1.176585222144,11,Typea,Toyota,Mail
2026-01-08 13:00:00,6.593476748771999,0.7757787305155202,0.11765852221440001,0,0,11,0,1.176585222144,11,Typea,Toyota,Mail
2026-01-08 14:00:00,6.593476748771999,3.491004287319841,0.5294633499648,0,0,11,0,1.176585222144,11,Typea,Toyota,Mail
2026-01-08 15:00:00,6.593476748771999,1.6192731133407872,0.24558714241956922,0,0,11,0,1.176585222144,11,Typea,Toyota,Mail
2026-01-08 16:00:00,6.593476748771999,3.491004287319841,0.5294633499648,0,0,11,0,1.176585222144,11,Typea,Toyota,Mail
2026-01-08 17:00:00,6.593476748771999,1.919304462571413,0.29109141287695806,0,0,11,0,1.176585222144,11,Typea,Toyota,Mail
2026-01-08 18:00:00,6.593476748771999,3.2200971551301203,0.48837620542604426,0,0,11,0,1.176585222144,11,Typea,Toyota,Mail
2026-01-08 19:00:00,6.593476748771999,1.6437389229992636,0.24929775073604402,0,0,11,0,1.176585222144,11,Typea,Toyota,Mail
2026-01-08 20:00:00,6.593476748771999,1.7599588154715295,0.26692424687769056,0,0,11,0,1.176585222144,11,Typea,Toyota,Mail
2026-01-08 21:00:00,6.593476748771999,0.7757787305155202,0.11765852221440001,0,0,11,0,1.176585222144,11,Typea,Toyota,Mail
2026-01-08 22:00:00,0.0,0.0,0.0,1,1,11,100,1.0,11,Typea,Toyota,Mail
2026-01-08 23:00:00,0.0,0.0,0.0,1,1,11,100,1.0,11,Typea,Toyota,Mail
2026-01-09 00:00:00,0.0,0.0,0.0,1,1,11,100,1.0,11,Typea,Toyota,Mail
2026-01-09 01:00:00,0.0,0.0,0.0,1,1,11,100,1.0,11,Typea,Toyota,Mail
2026-01-09 02:00:00,0.0,0.0,0.0,1,1,11,100,1.0,11,Typea,Toyota,Mail
2026-01-09 03:00:00,0.0,0.0,0.0,1,1,11,100,1.0,11,Typea,Toyota,Mail
2026-01-09 04:00:00,0.0,0.0,0.0,1,1,11,100,1.0,11,Typea,Toyota,Mail
2026-01-09 05:00:00,0.0,0.0,0.0,1,1,11,100,1.0,11,Typea,Toyota,Mail
2026-01-09 06:00:00,0.0,0.0,0.0,1,1,11,100,1.0,11,Typea,Toyota,Mail
2026-01-09 07:00:00,0.0,0.0,0.0,1,1,11,100,1.0,11,Typea,Toyota,Mail
2026-01-09 08:00:00,0.0,0.0,0.0,1,1,11,100,1.0,11,Typea,Toyota,Mail
2026-01-09 09:00:00,0.0,0.0,0.0,1,1,11,100,1.0,11,Typea,Toyota,Mail
2026-01-09 10:00:00,5.571521484993576,1.7447495792951153,0.31315495847847874,0,0,11,0,1.137342385344,11,Typea,Toyota,Mail
2026-01-09 11:00:00,5.571521484993576,2.0773039669761366,0.37284321214073757,0,0,11,0,1.137342385344,11,Typea,Toyota,Mail
2026-01-09 12:00:00,5.571521484993576,0.6336727535737938,0.1137342385344,0,0,11,0,1.137342385344,11,Typea,Toyota,Mail
2026-01-09 13:00:00,5.571521484993576,2.361487828845831,0.423849721338471,0,0,11,0,1.137342385344,11,Typea,Toyota,Mail
2026-01-09 14:00:00,5.571521484993576,1.3106469654712036,0.2352404040801639,0,0,11,0,1.137342385344,11,Typea,Toyota,Mail
2026-01-09 15:00:00,5.571521484993576,2.2361163694086605,0.4013475269603558,0,0,11,0,1.137342385344,11,Typea,Toyota,Mail
2026-01-09 16:00:00,5.571521484993576,2.628435150143638,0.4717625440776109,0,0,11,0,1.137342385344,11,Typea,Toyota,Mail
2026-01-09 17:00:00,5.571521484993576,2.2977019479895646,0.4124011644176966,0,0,11,0,1.137342385344,11,Typea,Toyota,Mail
2026-01-09 18:00:00,5.571521484993576,1.753389825816302,0.31470574609447527,0,0,11,0,1.137342385344,11,Typea,Toyota,Mail
2026-01-09 19:00:00,5.571521484993576,2.7816818257550042,0.4992678989477524,0,0,11,0,1.137342385344,11,Typea,Toyota,Mail
2026-01-09 20:00:00,5.571521484993576,2.585001379491637,0.46396686909565377,0,0,11,0,1.137342385344,11,Typea,Toyota,Mail
2026-01-09 21:00:00,5.571521484993576,2.8515273910820724,0.5118040734047999,0,0,11,0,1.137342385344,11,Typea,Toyota,Mail
2026-01-09 22:00:00,0.0,0.0,0.0,1,1,11,100,1.0,11,Typea,Toyota,Mail
2026-01-09 23:00:00,0.0,0.0,0.0,1,1,11,100,1.0,11,Typea,Toyota,Mail
2026-01-10 00:00:00,0.0,0.0,0.0,1,1,11,100,1.0,11,Typea,Toyota,Mail
2026-01-10 01:00:00,0.0,0.0,0.0,1,1,11,100,1.0,11,Typea,Toyota,Mail
2026-01-10 02:00:00,0.0,0.0,0.0,1,1,11,100,1.0,11,Typea,Toyota,Mail
2026-01-10 03:00:00,0.0,0.0,0.0,1,1,11,100,1.0,11,Typea,Toyota,Mail
2026-01-10 04:00:00,0.0,0.0,0.0,1,1,11,100,1.0,11,Typea,Toyota,Mail
2026-01-10 05:00:00,0.0,0.0,0.0,1,1,11,100,1.0,11,Typea,Toyota,Mail
2026-01-10 06:00:00,0.0,0.0,0.0,1,1,11,100,1.0,11,Typea,Toyota,Mail
2026-01-10 07:00:00,0.0,0.0,0.0,1,1,11,100,1.0,11,Typea,Toyota,Mail
2026-01-10 08:00:00,7.464212739133446,1.9490212040486115,0.26111544139548226,0,0,11,0,1.18961004,11,Typea,Toyota,Mail
2026-01-10 09:00:00,7.464212739133446,2.0402582713397566,0.27333870866823917,0,0,11,0,1.18961004,11,Typea,Toyota,Mail
2026-01-10 10:00:00,7.464212739133446,2.18375844550988,0.29256380034036955,0,0,11,0,1.18961004,11,Typea,Toyota,Mail
2026-01-10 11:00:00,7.464212739133446,2.9642484623965437,0.3971280784717662,0,0,11,0,1.18961004,11,Typea,Toyota,Mail
2026-01-10 12:00:00,7.464212739133446,3.7750948975073175,0.5057592849297038,0,0,11,0,1.18961004,11,Typea,Toyota,Mail
2026-01-10 13:00:00,7.464212739133446,0.8879502415169049,0.11896100400000001,0,0,11,0,1.18961004,11,Typea,Toyota,Mail
2026-01-10 14:00:00,7.464212739133446,2.8313335341492114,0.37932111973511534,0,0,11,0,1.18961004,11,Typea,Toyota,Mail
2026-01-10 15:00:00,7.464212739133446,1.6087565450329295,0.21552929977444577,0,0,11,0,1.18961004,11,Typea,Toyota,Mail
2026-01-10 16:00:00,7.464212739133446,0.8879502415169049,0.11896100400000001,0,0,11,0,1.18961004,11,Typea,Toyota,Mail
2026-01-10 17:00:00,7.464212739133446,1.9823456953822365,0.2655800101984199,0,0,11,0,1.18961004,11,Typea,Toyota,Mail
2026-01-10 18:00:00,7.464212739133446,0.8879502415169049,0.11896100400000001,0,0,11,0,1.18961004,11,Typea,Toyota,Mail
2026-01-10 19:00:00,0.0,0.0,0.0,1,1,11,100,1.0,11,Typea,Toyota,Mail
2026-01-10 20:00:00,0.0,0.0,0.0,1,1,11,100,1.0,11,Typea,Toyota,Mail
2026-01-10 21:00:00,0.0,0.0,0.0,1,1,11,100,1.0,11,Typea,Toyota,Mail
2026-01-10 22:00:00,0.0,0.0,0.0,1,1,11,100,1.0,11,Typea,Toyota,Mail
2026-01-10 23:00:00,0.0,0.0,0.0,1,1,11,100,1.0,11,Typea,Toyota,Mail
2026-01-11 00:00:00,0.0,0.0,0.0,1,1,11,100,1.0,11,Typea,Toyota,Mail
2026-01-11 01:00:00,0.0,0.0,0.0,1,1,11,100,1.0,11,Typea,Toyota,Mail
2026-01-11 02:00:00,0.0,0.0,0.0,1,1,11,100,1.0,11,Typea,Toyota,Mail
2026-01-11 03:00:00,0.0,0.0,0.0,1,1,11,100,1.0,11,Typea,Toyota,Mail
2026-01-11 04:00:00,0.0,0.0,0.0,1,1,11,100,1.0,11,Typea,Toyota,Mail
2026-01-11 05:00:00,0.0,0.0,0.0,1,1,11,100,1.0,11,Typea,Toyota,Mail
2026-01-11 06:00:00,0.0,0.0,0.0,1,1,11,100,1.0,11,Typea,Toyota,Mail
2026-01-11 07:00:00,2.2222222222222223,0.27211633417630704,0.12245235037933816,0,0,11,0,1.122069513044,11,Typea,Toyota,Mail
2026-01-11 08:00:00,2.2222222222222223,1.122069513044,0.5049312808698,0,0,11,0,1.122069513044,11,Typea,Toyota,Mail
2026-01-11 09:00:00,2.2222222222222223,0.24934878067644445,0.1122069513044,0,0,11,0,1.122069513044,11,Typea,Toyota,Mail
2026-01-11 10:00:00,2.2222222222222223,0.8690804524646125,0.3910862036090756,0,0,11,0,1.122069513044,11,Typea,Toyota,Mail
2026-01-11 11:00:00,2.2222222222222223,1.0829295012712434,0.4873182755720596,0,0,11,0,1.122069513044,11,Typea,Toyota,Mail
2026-01-11 12:00:00,2.2222222222222223,0.638637967347652,0.28738708530644336,0,0,11,0,1.122069513044,11,Typea,Toyota,Mail
2026-01-11 13:00:00,2.2222222222222223,0.5395854601926904,0.24281345708671068,0,0,11,0,1.122069513044,11,Typea,Toyota,Mail
2026-01-11 14:00:00,2.2222222222222223,0.48237537763388677,0.21706891993524904,0,0,11,0,1.122069513044,11,Typea,Toyota,Mail
2026-01-11 15:00:00,2.2222222222222223,0.9240576289507775,0.41582593302784987,0,0,11,0,1.122069513044,11,Typea,Toyota,Mail
2026-01-11 16:00:00,2.2222222222222223,1.122069513044,0.5049312808698,0,0,11,0,1.122069513044,11,Typea,Toyota,Mail
2026-01-11 17:00:00,2.2222222222222223,1.122069513044,0.5049312808698,0,0,11,0,1.122069513044,11,Typea,Toyota,Mail
2026-01-11 18:00:00,2.2222222222222223,1.032197085989862,0.46448868869543786,0,0,11,0,1.122069513044,11,Typea,Toyota,Mail
2026-01-11 19:00:00,2.2222222222222223,1.122069513044,0.5049312808698,0,0,11,0,1.122069513044,11,Typea,Toyota,Mail
2026-01-11 20:00:00,2.2222222222222223,0.3221396098906518,0.14496282445079334,0,0,11,0,1.122069513044,11,Typea,Toyota,Mail
2026-01-11 21:00:00,0.0,0.0,0.0,1,1,11,100,1.0,11,Typea,Toyota,Mail
2026-01-11 22:00:00,0.0,0.0,0.0,1,1,11,100,1.0,11,Typea,Toyota,Mail
2026-01-11 23:00:00,0.0,0.0,0.0,1,1,11,100,1.0,11,Typea,Toyota,Mail
2026-01-12 00:00:00,0.0,0.0,0.0,1,1,11,100,1.0,11,Typea,Toyota,Mail
2026-01-12 01:00:00,0.0,0.0,0.0,1,1,11,100,1.0,11,Typea,Toyota,Mail
2026-01-12 02:00:00,0.0,0.0,0.0,1,1,11,100,1.0,11,Typea,Toyota,Mail
2026-01-12 03:00:00,0.0,0.0,0.0,1,1,11,100,1.0,11,Typea,Toyota,Mail
2026-01-12 04:00:00,0.0,0.0,0.0,1,1,11,100,1.0,11,Typea,Toyota,Mail
2026-01-12 05:00:00,0.0,0.0,0.0,1,1,11,100,1.0,11,Typea,Toyota,Mail
2026-01-12 06:00:00,0.0,0.0,0.0,1,1,11,100,1.0,11,Typea,Toyota,Mail
2026-01-12 07:00:00,8.953034091259468,1.6553792017071471,0.18489588946424715,0,0,11,0,1.119889326784,11,Typea,Toyota,Mail
2026-01-12 08:00:00,8.953034091259468,3.311491149344814,0.3698736222369248,0,0,11,0,1.119889326784,11,Typea,Toyota,Mail
2026-01-12 09:00:00,8.953034091259468,1.0026407321134767,0.1119889326784,0,0,11,0,1.119889326784,11,Typea,Toyota,Mail
2026-01-12 10:00:00,8.953034091259468,1.0026407321134767,0.1119889326784,0,0,11,0,1.119889326784,11,Typea,Toyota,Mail
2026-01-12 11:00:00,8.953034091259468,2.963133357868542,0.3309641544603683,0,0,11,0,1.119889326784,11,Typea,Toyota,Mail
2026-01-12 12:00:00,8.953034091259468,1.0092295564963598,0.11272486468934986,0,0,11,0,1.119889326784,11,Typea,Toyota,Mail
2026-01-12 13:00:00,8.953034091259468,2.6193434413202388,0.2925648908091852,0,0,11,0,1.119889326784,11,Typea,Toyota,Mail
2026-01-12 14:00:00,8.953034091259468,1.0026407321134767,0.1119889326784,0,0,11,0,1.119889326784,11,Typea,Toyota,Mail
2026-01-12 15:00:00,8.953034091259468,4.310288972353581,0.48143332510724646,0,0,11,0,1.119889326784,11,Typea,Toyota,Mail
2026-01-12 16:00:00,8.953034091259468,3.7949486077326133,0.42387290934561367,0,0,11,0,1.119889326784,11,Typea,Toyota,Mail
2026-01-12 17:00:00,8.953034091259468,2.523033350807924,0.2818076336011132,0,0,11,0,1.119889326784,11,Typea,Toyota,Mail
2026-01-12 18:00:00,8.953034091259468,2.559213743405462,0.2858487656049397,0,0,11,0,1.119889326784,11,Typea,Toyota,Mail
2026-01-12 19:00:00,8.953034091259468,2.396019882741229,0.2676209939913418,0,0,11,0,1.119889326784,11,Typea,Toyota,Mail
2026-01-12 20:00:00,8.953034091259468,4.2465954792907805,0.47431914544328413,0,0,11,0,1.119889326784,11,Typea,Toyota,Mail
2026-01-12 21:00:00,8.953034091259468,2.8608236416023813,0.3195367751805282,0,0,11,0,1.119889326784,11,Typea,Toyota,Mail
2026-01-12 22:00:00,0.0,0.0,0.0,1,1,11,100,1.0,11,Typea,Toyota,Mail
2026-01-12 23:00:00,0.0,0.0,0.0,1,1,11,100,1.0,11,Typea,Toyota,Mail
2026-01-13 00:00:00,0.0,0.0,0.0,1,1,11,100,1.0,11,Typea,Toyota,Mail
2026-01-13 01:00:00,0.0,0.0,0.0,1,1,11,100,1.0,11,Typea,Toyota,Mail
2026-01-13 02:00:00,0.0,0.0,0.0,1,1,11,100,1.0,11,Typea,Toyota,Mail
2026-01-13 03:00:00,0.0,0.0,0.0,1,1,11,100,1.0,11,Typea,Toyota,Mail
2026-01-13 04:00:00,0.0,0.0,0.0,1,1,11,100,1.0,11,Typea,Toyota,Mail
2026-01-13 05:00:00,0.0,0.0,0.0,1,1,11,100,1.0,11,Typea,Toyota,Mail
2026-01-13 06:00:00,0.0,0.0,0.0,1,1,11,100,1.0,11,Typea,Toyota,Mail
2026-01-13 07:00:00,0.0,0.0,0.0,1,1,11,100,1.0,11,Typea,Toyota,Mail
2026-01-13 08:00:00,9.179636816000004,3.836089920497015,0.41789125184242076,0,0,11,0,1.12425024,11,Typea,Toyota,Mail
2026-01-13 09:00:00,9.179636816000004,4.130398517250572,0.4499522802526712,0,0,11,0,1.12425024,11,Typea,Toyota,Mail
2026-01-13 10:00:00,9.179636816000004,1.0320208893500842,0.11242502400000001,0,0,11,0,1.12425024,11,Typea,Toyota,Mail
2026-01-13 11:00:00,9.179636816000004,3.0845291846033116,0.3360186515469776,0,0,11,0,1.12425024,11,Typea,Toyota,Mail
2026-01-13 12:00:00,9.179636816000004,2.5414200966685545,0.27685410083314926,0,0,11,0,1.12425024,11,Typea,Toyota,Mail
2026-01-13 13:00:00,9.179636816000004,1.4100626242132301,0.15360767015918392,0,0,11,0,1.12425024,11,Typea,Toyota,Mail
2026-01-13 14:00:00,9.179636816000004,2.486773686515066,0.2709010973267098,0,0,11,0,1.12425024,11,Typea,Toyota,Mail
2026-01-13 15:00:00,9.179636816000004,3.8114258075539125,0.41520442300185995,0,0,11,0,1.12425024,11,Typea,Toyota,Mail
2026-01-13 16:00:00,9.179636816000004,1.6981409344503602,0.1849899912696458,0,0,11,0,1.12425024,11,Typea,Toyota,Mail
2026-01-13 17:00:00,9.179636816000004,1.594481555367208,0.1736976731571825,0,0,11,0,1.12425024,11,Typea,Toyota,Mail
2026-01-13 18:00:00,9.179636816000004,2.113977608412059,0.23028989608035688,0,0,11,0,1.12425024,11,Typea,Toyota,Mail
2026-01-13 19:00:00,9.179636816000004,2.5444587972625574,0.27718512706598525,0,0,11,0,1.12425024,11,Typea,Toyota,Mail
2026-01-13 20:00:00,9.179636816000004,3.292060066633162,0.35862639586079686,0,0,11,0,1.12425024,11,Typea,Toyota,Mail
2026-01-13 21:00:00,0.0,0.0,0.0,1,1,11,100,1.0,11,Typea,Toyota,Mail
2026-01-13 22:00:00,0.0,0.0,0.0,1,1,11,100,1.0,11,Typea,Toyota,Mail
2026-01-13 23:00:00,0.0,0.0,0.0,1,1,11,100,1.0,11,Typea,Toyota,Mail
2026-01-14 00:00:00,0.0,0.0,0.0,1,1,11,100,1.0,11,Typea,Toyota,Mail
2026-01-14 01:00:00,0.0,0.0,0.0,1,1,11,100,1.0,11,Typea,Toyota,Mail
2026-01-14 02:00:00,0.0,0.0,0.0,1,1,11,100,1.0,11,Typea,Toyota,Mail
2026-01-14 03:00:00,0.0,0.0,0.0,1,1,11,100,1.0,11,Typea,Toyota,Mail
2026-01-14 04:00:00,0.0,0.0,0.0,1,1,11,100,1.0,11,Typea,Toyota,Mail
2026-01-14 05:00:00,0.0,0.0,0.0,1,1,11,100,1.0,11,Typea,Toyota,Mail
2026-01-14 06:00:00,0.0,0.0,0.0,1,1,11,100,1.0,11,Typea,Toyota,Mail
2026-01-14 07:00:00,0.0,0.0,0.0,1,1,11,100,1.0,11,Typea,Toyota,Mail
2026-01-14 08:00:00,9.939848597549453,2.3759772446221956,0.23903555686028896,0,0,11,0,1.102475,11,Typea,Toyota,Mail
2026-01-14 09:00:00,9.939848597549453,1.0958434582583334,0.11024750000000001,0,0,11,0,1.102475,11,Typea,Toyota,Mail
2026-01-14 10:00:00,9.939848597549453,4.9312955621625,0.4961137500000001,0,0,11,0,1.102475,11,Typea,Toyota,Mail
2026-01-14 11:00:00,9.939848597549453,3.6729927982464243,0.3695220065174791,0,0,11,0,1.102475,11,Typea,Toyota,Mail
2026-01-14 12:00:00,9.939848597549453,1.4316110797104002,0.14402745330178834,0,0,11,0,1.102475,11,Typea,Toyota,Mail
2026-01-14 13:00:00,9.939848597549453,3.6363062828324706,0.36583115398044963,0,0,11,0,1.102475,11,Typea,Toyota,Mail
2026-01-14 14:00:00,9.939848597549453,1.7563975647978176,0.17670264768729332,0,0,11,0,1.102475,11,Typea,Toyota,Mail
2026-01-14 15:00:00,9.939848597549453,3.3551572588977985,0.3375461130992449,0,0,11,0,1.102475,11,Typea,Toyota,Mail
2026-01-14 16:00:00,9.939848597549453,2.155359869311906,0.2168403118175546,0,0,11,0,1.102475,11,Typea,Toyota,Mail
2026-01-14 17:00:00,9.939848597549453,2.1627366700178943,0.2175824559894293,0,0,11,0,1.102475,11,Typea,Toyota,Mail
2026-01-14 18:00:00,9.939848597549453,3.2413124904894275,0.32609274262874915,0,0,11,0,1.102475,11,Typea,Toyota,Mail
2026-01-14 19:00:00,0.0,0.0,0.0,1,1,11,100,1.0,11,Typea,Toyota,Mail
2026-01-14 20:00:00,0.0,0.0,0.0,1,1,11,100,1.0,11,Typea,Toyota,Mail
2026-01-14 21:00:00,0.0,0.0,0.0,1,1,11,100,1.0,11,Typea,Toyota,Mail
2026-01-14 22:00:00,0.0,0.0,0.0,1,1,11,100,1.0,11,Typea,Toyota,Mail
2026-01-14 23:00:00,0.0,0.0,0.0,1,1,11,100,1.0,11,Typea,Toyota,Mail
2026-01-01 00:00:00,0.0,0.0,0.0,1,1,12,100,1.0,12,Typea,Toyota,Mail
2026-01-01 01:00:00,0.0,0.0,0.0,1,1,12,100,1.0,12,Typea,Toyota,Mail
2026-01-01 02:00:00,0.0,0.0,0.0,1,1,12,100,1.0,12,Typea,Toyota,Mail
2026-01-01 03:00:00,0.0,0.0,0.0,1,1,12,100,1.0,12,Typea,Toyota,Mail
2026-01-01 04:00:00,0.0,0.0,0.0,1,1,12,100,1.0,12,Typea,Toyota,Mail
2026-01-01 05:00:00,0.0,0.0,0.0,1,1,12,100,1.0,12,Typea,Toyota,Mail
2026-01-01 06:00:00,0.0,0.0,0.0,1,1,12,100,1.0,12,Typea,Toyota,Mail
2026-01-01 07:00:00,0.0,0.0,0.0,1,1,12,100,1.0,12,Typea,Toyota,Mail
2026-01-01 08:00:00,7.997622252544647,3.6081880458777174,0.451157598088567,0,0,12,0,1.1329772784640002,12,Typea,Toyota,Mail
2026-01-01 09:00:00,7.997622252544647,2.815234632822928,0.35200895265179466,0,0,12,0,1.1329772784640002,12,Typea,Toyota,Mail
2026-01-01 10:00:00,7.997622252544647,3.1929195102715737,0.3992335983680231,0,0,12,0,1.1329772784640002,12,Typea,Toyota,Mail
2026-01-01 11:00:00,7.997622252544647,4.077505932242023,0.5098397753088001,0,0,12,0,1.1329772784640002,12,Typea,Toyota,Mail
2026-01-01 12:00:00,7.997622252544647,2.5345845226853743,0.3169172589864358,0,0,12,0,1.1329772784640002,12,Typea,Toyota,Mail
2026-01-01 13:00:00,7.997622252544647,4.077505932242023,0.5098397753088001,0,0,12,0,1.1329772784640002,12,Typea,Toyota,Mail
2026-01-01 14:00:00,7.997622252544647,3.399758833713086,0.42509620064030484,0,0,12,0,1.1329772784640002,12,Typea,Toyota,Mail
2026-01-01 15:00:00,7.997622252544647,3.565353187970626,0.4458016489633801,0,0,12,0,1.1329772784640002,12,Typea,Toyota,Mail
2026-01-01 16:00:00,7.997622252544647,2.126279998005348,0.26586401943762944,0,0,12,0,1.1329772784640002,12,Typea,Toyota,Mail
2026-01-01 17:00:00,7.997622252544647,2.5998166117584587,0.3250736943635042,0,0,12,0,1.1329772784640002,12,Typea,Toyota,Mail
2026-01-01 18:00:00,7.997622252544647,1.558190152444202,0.1948316766209387,0,0,12,0,1.1329772784640002,12,Typea,Toyota,Mail
2026-01-01 19:00:00,7.997622252544647,2.044192630822317,0.2556000478982244,0,0,12,0,1.1329772784640002,12,Typea,Toyota,Mail
2026-01-01 20:00:00,7.997622252544647,2.0936844211841845,0.26178836097416647,0,0,12,0,1.1329772784640002,12,Typea,Toyota,Mail
2026-01-01 21:00:00,0.0,0.0,0.0,1,1,12,100,1.0,12,Typea,Toyota,Mail
2026-01-01 22:00:00,0.0,0.0,0.0,1,1,12,100,1.0,12,Typea,Toyota,Mail
2026-01-01 23:00:00,0.0,0.0,0.0,1,1,12,100,1.0,12,Typea,Toyota,Mail
2026-01-02 00:00:00,0.0,0.0,0.0,1,1,12,100,1.0,12,Typea,Toyota,Mail
2026-01-02 01:00:00,0.0,0.0,0.0,1,1,12,100,1.0,12,Typea,Toyota,Mail
2026-01-02 02:00:00,0.0,0.0,0.0,1,1,12,100,1.0,12,Typea,Toyota,Mail
2026-01-02 03:00:00,0.0,0.0,0.0,1,1,12,100,1.0,12,Typea,Toyota,Mail
2026-01-02 04:00:00,0.0,0.0,0.0,1,1,12,100,1.0,12,Typea,Toyota,Mail
2026-01-02 05:00:00,0.0,0.0,0.0,1,1,12,100,1.0,12,Typea,Toyota,Mail
2026-01-02 06:00:00,0.0,0.0,0.0,1,1,12,100,1.0,12,Typea,Toyota,Mail
2026-01-02 07:00:00,0.0,0.0,0.0,1,1,12,100,1.0,12,Typea,Toyota,Mail
2026-01-02 08:00:00,0.0,0.0,0.0,1,1,12,100,1.0,12,Typea,Toyota,Mail
2026-01-02 09:00:00,0.0,0.0,0.0,1,1,12,100,1.0,12,Typea,Toyota,Mail
2026-01-02 10:00:00,9.007105764968875,1.1102068855127218,0.123259004,0,0,12,0,1.23259004,12,Typea,Toyota,Mail
2026-01-02 11:00:00,9.007105764968875,2.3188021366702807,0.25744142426846406,0,0,12,0,1.23259004,12,Typea,Toyota,Mail
2026-01-02 12:00:00,9.007105764968875,3.903483194007196,0.433378190049563,0,0,12,0,1.23259004,12,Typea,Toyota,Mail
2026-01-02 13:00:00,9.007105764968875,1.6508078733083311,0.18327839334681506,0,0,12,0,1.23259004,12,Typea,Toyota,Mail
2026-01-02 14:00:00,9.007105764968875,4.629609920918124,0.5139952879119015,0,0,12,0,1.23259004,12,Typea,Toyota,Mail
2026-01-02 15:00:00,9.007105764968875,3.2229176528636407,0.35781945243703683,0,0,12,0,1.23259004,12,Typea,Toyota,Mail
2026-01-02 16:00:00,9.007105764968875,1.1102068855127218,0.123259004,0,0,12,0,1.23259004,12,Typea,Toyota,Mail
2026-01-02 17:00:00,9.007105764968875,3.5465854773273118,0.3937541725246486,0,0,12,0,1.23259004,12,Typea,Toyota,Mail
2026-01-02 18:00:00,9.007105764968875,2.6283674622807487,0.29181043621172925,0,0,12,0,1.23259004,12,Typea,Toyota,Mail
2026-01-02 19:00:00,9.007105764968875,2.560433894379356,0.2842682168047356,0,0,12,0,1.23259004,12,Typea,Toyota,Mail
2026-01-02 20:00:00,0.0,0.0,0.0,1,1,12,100,1.0,12,Typea,Toyota,Mail
2026-01-02 21:00:00,0.0,0.0,0.0,1,1,12,100,1.0,12,Typea,Toyota,Mail
2026-01-02 22:00:00,0.0,0.0,0.0,1,1,12,100,1.0,12,Typea,Toyota,Mail
2026-01-02 23:00:00,0.0,0.0,0.0,1,1,12,100,1.0,12,Typea,Toyota,Mail
2026-01-03 00:00:00,0.0,0.0,0.0,1,1,12,100,1.0,12,Typea,Toyota,Mail
2026-01-03 01:00:00,0.0,0.0,0.0,1,1,12,100,1.0,12,Typea,Toyota,Mail
2026-01-03 02:00:00,0.0,0.0,0.0,1,1,12,100,1.0,12,Typea,Toyota,Mail
2026-01-03 03:00:00,0.0,0.0,0.0,1,1,12,100,1.0,12,Typea,Toyota,Mail
2026-01-03 04:00:00,0.0,0.0,0.0,1,1,12,100,1.0,12,Typea,Toyota,Mail
2026-01-03 05:00:00,0.0,0.0,0.0,1,1,12,100,1.0,12,Typea,Toyota,Mail
2026-01-03 06:00:00,0.0,0.0,0.0,1,1,12,100,1.0,12,Typea,Toyota,Mail
2026-01-03 07:00:00,0.0,0.0,0.0,1,1,12,100,1.0,12,Typea,Toyota,Mail
2026-01-03 08:00:00,0.0,0.0,0.0,1,1,12,100,1.0,12,Typea,Toyota,Mail
2026-01-03 09:00:00,5.5318757827109994,2.2860031975989945,0.41324196120663714,0,0,12,0,1.209049010004,12,Typea,Toyota,Mail
2026-01-03 10:00:00,5.5318757827109994,2.095917471522588,0.378880067783345,0,0,12,0,1.209049010004,12,Typea,Toyota,Mail
2026-01-03 11:00:00,5.5318757827109994,1.1078932942462585,0.2002744345252298,0,0,12,0,1.209049010004,12,Typea,Toyota,Mail
2026-01-03 12:00:00,5.5318757827109994,1.9456452631844827,0.35171528421973763,0,0,12,0,1.209049010004,12,Typea,Toyota,Mail
2026-01-03 13:00:00,5.5318757827109994,0.8463226059367742,0.15299016810569416,0,0,12,0,1.209049010004,12,Typea,Toyota,Mail
2026-01-03 14:00:00,5.5318757827109994,2.5049306835789147,0.4528175942431098,0,0,12,0,1.209049010004,12,Typea,Toyota,Mail
2026-01-03 15:00:00,5.5318757827109994,2.6807879962236996,0.48460741013058856,0,0,12,0,1.209049010004,12,Typea,Toyota,Mail
2026-01-03 16:00:00,5.5318757827109994,2.2326001199596575,0.40358825968892775,0,0,12,0,1.209049010004,12,Typea,Toyota,Mail
2026-01-03 17:00:00,5.5318757827109994,2.3264032035956874,0.42054509084721164,0,0,12,0,1.209049010004,12,Typea,Toyota,Mail
2026-01-03 18:00:00,5.5318757827109994,1.931271532629328,0.349116937633562,0,0,12,0,1.209049010004,12,Typea,Toyota,Mail
2026-01-03 19:00:00,5.5318757827109994,0.9020419957382372,0.16306259055154967,0,0,12,0,1.209049010004,12,Typea,Toyota,Mail
2026-01-03 20:00:00,0.0,0.0,0.0,1,1,12,100,1.0,12,Typea,Toyota,Mail
2026-01-03 21:00:00,0.0,0.0,0.0,1,1,12,100,1.0,12,Typea,Toyota,Mail
2026-01-03 22:00:00,0.0,0.0,0.0,1,1,12,100,1.0,12,Typea,Toyota,Mail
2026-01-03 23:00:00,0.0,0.0,0.0,1,1,12,100,1.0,12,Typea,Toyota,Mail
2026-01-04 00:00:00,0.0,0.0,0.0,1,1,12,100,1.0,12,Typea,Toyota,Mail
2026-01-04 01:00:00,0.0,0.0,0.0,1,1,12,100,1.0,12,Typea,Toyota,Mail
2026-01-04 02:00:00,0.0,0.0,0.0,1,1,12,100,1.0,12,Typea,Toyota,Mail
2026-01-04 03:00:00,0.0,0.0,0.0,1,1,12,100,1.0,12,Typea,Toyota,Mail
2026-01-04 04:00:00,0.0,0.0,0.0,1,1,12,100,1.0,12,Typea,Toyota,Mail
2026-01-04 05:00:00,0.0,0.0,0.0,1,1,12,100,1.0,12,Typea,Toyota,Mail
2026-01-04 06:00:00,0.0,0.0,0.0,1,1,12,100,1.0,12,Typea,Toyota,Mail
2026-01-04 07:00:00,0.0,0.0,0.0,1,1,12,100,1.0,12,Typea,Toyota,Mail
2026-01-04 08:00:00,3.4923551628886336,0.9321404630520145,0.26690883932922005,0,0,12,0,1.3050301525,12,Typea,Toyota,Mail
2026-01-04 09:00:00,3.4923551628886336,1.0680181338582435,0.30581601356227844,0,0,12,0,1.3050301525,12,Typea,Toyota,Mail
2026-01-04 10:00:00,3.4923551628886336,1.692886051079621,0.48474051810909846,0,0,12,0,1.3050301525,12,Typea,Toyota,Mail
2026-01-04 11:00:00,3.4923551628886336,1.8703637867952518,0.535559443286466,0,0,12,0,1.3050301525,12,Typea,Toyota,Mail
2026-01-04 12:00:00,3.4923551628886336,0.45576287908087165,0.13050301525000002,0,0,12,0,1.3050301525,12,Typea,Toyota,Mail
2026-01-04 13:00:00,3.4923551628886336,0.464525011622108,0.13301196182975997,0,0,12,0,1.3050301525,12,Typea,Toyota,Mail
2026-01-04 14:00:00,3.4923551628886336,1.7084121654702236,0.48918626135869403,0,0,12,0,1.3050301525,12,Typea,Toyota,Mail
2026-01-04 15:00:00,3.4923551628886336,1.5120938228126426,0.4329725220621444,0,0,12,0,1.3050301525,12,Typea,Toyota,Mail
2026-01-04 16:00:00,3.4923551628886336,0.8976131542525042,0.2570222993900944,0,0,12,0,1.3050301525,12,Typea,Toyota,Mail
2026-01-04 17:00:00,3.4923551628886336,0.6200377151380315,0.17754142583401494,0,0,12,0,1.3050301525,12,Typea,Toyota,Mail
2026-01-04 18:00:00,3.4923551628886336,1.6066030591099933,0.46003427033495725,0,0,12,0,1.3050301525,12,Typea,Toyota,Mail
2026-01-04 19:00:00,3.4923551628886336,1.853945329461723,0.5308581868083165,0,0,12,0,1.3050301525,12,Typea,Toyota,Mail
2026-01-04 20:00:00,3.4923551628886336,0.5278505732067508,0.15114458541214043,0,0,12,0,1.3050301525,12,Typea,Toyota,Mail
2026-01-04 21:00:00,3.4923551628886336,1.712797519514001,0.49044196240834054,0,0,12,0,1.3050301525,12,Typea,Toyota,Mail
2026-01-04 22:00:00,0.0,0.0,0.0,1,1,12,100,1.0,12,Typea,Toyota,Mail
2026-01-04 23:00:00,0.0,0.0,0.0,1,1,12,100,1.0,12,Typea,Toyota,Mail
2026-01-05 00:00:00,0.0,0.0,0.0,1,1,12,100,1.0,12,Typea,Toyota,Mail
2026-01-05 01:00:00,0.0,0.0,0.0,1,1,12,100,1.0,12,Typea,Toyota,Mail
2026-01-05 02:00:00,0.0,0.0,0.0,1,1,12,100,1.0,12,Typea,Toyota,Mail
2026-01-05 03:00:00,0.0,0.0,0.0,1,1,12,100,1.0,12,Typea,Toyota,Mail
2026-01-05 04:00:00,0.0,0.0,0.0,1,1,12,100,1.0,12,Typea,Toyota,Mail
2026-01-05 05:00:00,0.0,0.0,0.0,1,1,12,100,1.0,12,Typea,Toyota,Mail
2026-01-05 06:00:00,0.0,0.0,0.0,1,1,12,100,1.0,12,Typea,Toyota,Mail
2026-01-05 07:00:00,11.214049550462477,4.127793203387701,0.36809122207039535,0,0,12,0,1.226197579604,12,Typea,Toyota,Mail
2026-01-05 08:00:00,11.214049550462477,1.4836196390355656,0.13230007878593508,0,0,12,0,1.226197579604,12,Typea,Toyota,Mail
2026-01-05 09:00:00,11.214049550462477,6.1047754694314555,0.5443863469623861,0,0,12,0,1.226197579604,12,Typea,Toyota,Mail
2026-01-05 10:00:00,11.214049550462477,5.724648372124269,0.510488949274188,0,0,12,0,1.226197579604,12,Typea,Toyota,Mail
2026-01-05 11:00:00,11.214049550462477,4.408807162045882,0.39315031935667333,0,0,12,0,1.226197579604,12,Typea,Toyota,Mail
2026-01-05 12:00:00,11.214049550462477,1.3750640416336415,0.12261975796040002,0,0,12,0,1.226197579604,12,Typea,Toyota,Mail
2026-01-05 13:00:00,11.214049550462477,6.187788187351387,0.5517889108218,0,0,12,0,1.226197579604,12,Typea,Toyota,Mail
2026-01-05 14:00:00,11.214049550462477,3.785355897389707,0.3375547682713419,0,0,12,0,1.226197579604,12,Typea,Toyota,Mail
2026-01-05 15:00:00,11.214049550462477,4.583658735889559,0.4087425078035726,0,0,12,0,1.226197579604,12,Typea,Toyota,Mail
2026-01-05 16:00:00,11.214049550462477,1.3750640416336415,0.12261975796040002,0,0,12,0,1.226197579604,12,Typea,Toyota,Mail
2026-01-05 17:00:00,11.214049550462477,2.0869019464317407,0.18609708625245686,0,0,12,0,1.226197579604,12,Typea,Toyota,Mail
2026-01-05 18:00:00,11.214049550462477,2.947372585837828,0.2628285680899525,0,0,12,0,1.226197579604,12,Typea,Toyota,Mail
2026-01-05 19:00:00,11.214049550462477,2.220399255535599,0.19800155559719526,0,0,12,0,1.226197579604,12,Typea,Toyota,Mail
2026-01-05 20:00:00,11.214049550462477,3.9395575004734393,0.3513055192725601,0,0,12,0,1.226197579604,12,Typea,Toyota,Mail
2026-01-05 21:00:00,0.0,0.0,0.0,1,1,12,100,1.0,12,Typea,Toyota,Mail
2026-01-05 22:00:00,0.0,0.0,0.0,1,1,12,100,1.0,12,Typea,Toyota,Mail
2026-01-05 23:00:00,0.0,0.0,0.0,1,1,12,100,1.0,12,Typea,Toyota,Mail
2026-01-06 00:00:00,0.0,0.0,0.0,1,1,12,100,1.0,12,Typea,Toyota,Mail
2026-01-06 01:00:00,0.0,0.0,0.0,1,1,12,100,1.0,12,Typea,Toyota,Mail
2026-01-06 02:00:00,0.0,0.0,0.0,1,1,12,100,1.0,12,Typea,Toyota,Mail
2026-01-06 03:00:00,0.0,0.0,0.0,1,1,12,100,1.0,12,Typea,Toyota,Mail
2026-01-06 04:00:00,0.0,0.0,0.0,1,1,12,100,1.0,12,Typea,Toyota,Mail
2026-01-06 05:00:00,0.0,0.0,0.0,1,1,12,100,1.0,12,Typea,Toyota,Mail
2026-01-06 06:00:00,0.0,0.0,0.0,1,1,12,100,1.0,12,Typea,Toyota,Mail
2026-01-06 07:00:00,0.0,0.0,0.0,1,1,12,100,1.0,12,Typea,Toyota,Mail
2026-01-06 08:00:00,0.0,0.0,0.0,1,1,12,100,1.0,12,Typea,Toyota,Mail
2026-01-06 09:00:00,0.0,0.0,0.0,1,1,12,100,1.0,12,Typea,Toyota,Mail
2026-01-06 10:00:00,8.11524177219401,4.859273404813488,0.5987835656928001,0,0,12,0,1.3306301459840002,12,Typea,Toyota,Mail
2026-01-06 11:00:00,8.11524177219401,2.8301158774381974,0.3487407962551751,0,0,12,0,1.3306301459840002,12,Typea,Toyota,Mail
2026-01-06 12:00:00,8.11524177219401,2.8605122032677595,0.35248638100579976,0,0,12,0,1.3306301459840002,12,Typea,Toyota,Mail
2026-01-06 13:00:00,8.11524177219401,1.079838534402997,0.13306301459840003,0,0,12,0,1.3306301459840002,12,Typea,Toyota,Mail
2026-01-06 14:00:00,8.11524177219401,4.547649546439489,0.5603837413718854,0,0,12,0,1.3306301459840002,12,Typea,Toyota,Mail
2026-01-06 15:00:00,8.11524177219401,4.219585843821933,0.5199581185960328,0,0,12,0,1.3306301459840002,12,Typea,Toyota,Mail
2026-01-06 16:00:00,8.11524177219401,2.0250743441285346,0.24953961951783507,0,0,12,0,1.3306301459840002,12,Typea,Toyota,Mail
2026-01-06 17:00:00,8.11524177219401,2.8206837686125326,0.34757852542080725,0,0,12,0,1.3306301459840002,12,Typea,Toyota,Mail
2026-01-06 18:00:00,8.11524177219401,1.862682630835414,0.22952891400200703,0,0,12,0,1.3306301459840002,12,Typea,Toyota,Mail
2026-01-06 19:00:00,8.11524177219401,2.84243695654106,0.3502590602143685,0,0,12,0,1.3306301459840002,12,Typea,Toyota,Mail
2026-01-06 20:00:00,8.11524177219401,3.1875910714848437,0.39279064764364463,0,0,12,0,1.3306301459840002,12,Typea,Toyota,Mail
2026-01-06 21:00:00,8.11524177219401,2.4204351452235207,0.2982579217192121,0,0,12,0,1.3306301459840002,12,Typea,Toyota,Mail
2026-01-06 22:00:00,0.0,0.0,0.0,1,1,12,100,1.0,12,Typea,Toyota,Mail
2026-01-06 23:00:00,0.0,0.0,0.0,1,1,12,100,1.0,12,Typea,Toyota,Mail
2026-01-07 00:00:00,0.0,0.0,0.0,1,1,12,100,1.0,12,Typea,Toyota,Mail
2026-01-07 01:00:00,0.0,0.0,0.0,1,1,12,100,1.0,12,Typea,Toyota,Mail
2026-01-07 02:00:00,0.0,0.0,0.0,1,1,12,100,1.0,12,Typea,Toyota,Mail
2026-01-07 03:00:00,0.0,0.0,0.0,1,1,12,100,1.0,12,Typea,Toyota,Mail
2026-01-07 04:00:00,0.0,0.0,0.0,1,1,12,100,1.0,12,Typea,Toyota,Mail
2026-01-07 05:00:00,0.0,0.0,0.0,1,1,12,100,1.0,12,Typea,Toyota,Mail
2026-01-07 06:00:00,0.0,0.0,0.0,1,1,12,100,1.0,12,Typea,Toyota,Mail
2026-01-07 07:00:00,0.0,0.0,0.0,1,1,12,100,1.0,12,Typea,Toyota,Mail
2026-01-07 08:00:00,0.0,0.0,0.0,1,1,12,100,1.0,12,Typea,Toyota,Mail
2026-01-07 09:00:00,0.0,0.0,0.0,1,1,12,100,1.0,12,Typea,Toyota,Mail
2026-01-07 10:00:00,10.831852277759914,3.7371635820135696,0.3450161141586797,0,0,12,0,1.282756305344,12,Typea,Toyota,Mail
2026-01-07 11:00:00,10.831852277759914,2.443737118447515,0.22560657732242384,0,0,12,0,1.282756305344,12,Typea,Toyota,Mail
2026-01-07 12:00:00,10.831852277759914,5.738029760017656,0.5297367073403545,0,0,12,0,1.282756305344,12,Typea,Toyota,Mail
2026-01-07 13:00:00,10.831852277759914,3.8700109431143486,0.3572806242068404,0,0,12,0,1.282756305344,12,Typea,Toyota,Mail
2026-01-07 14:00:00,10.831852277759914,4.761821887039297,0.4396128902917487,0,0,12,0,1.282756305344,12,Typea,Toyota,Mail
2026-01-07 15:00:00,10.831852277759914,3.0018467368125052,0.2771314323567661,0,0,12,0,1.282756305344,12,Typea,Toyota,Mail
2026-01-07 16:00:00,10.831852277759914,4.9894924471934115,0.4606315078204949,0,0,12,0,1.282756305344,12,Typea,Toyota,Mail
2026-01-07 17:00:00,10.831852277759914,3.6533082956418848,0.3372745678172606,0,0,12,0,1.282756305344,12,Typea,Toyota,Mail
2026-01-07 18:00:00,10.831852277759914,3.8714604918632425,0.3574144470020303,0,0,12,0,1.282756305344,12,Typea,Toyota,Mail
2026-01-07 19:00:00,10.831852277759914,1.8273044332503252,0.16869731846345135,0,0,12,0,1.282756305344,12,Typea,Toyota,Mail
2026-01-07 20:00:00,10.831852277759914,3.7546252546616383,0.3466281812548976,0,0,12,0,1.282756305344,12,Typea,Toyota,Mail
2026-01-07 21:00:00,10.831852277759914,3.657191802784105,0.3376330944148024,0,0,12,0,1.282756305344,12,Typea,Toyota,Mail
2026-01-07 22:00:00,0.0,0.0,0.0,1,1,12,100,1.0,12,Typea,Toyota,Mail
2026-01-07 23:00:00,0.0,0.0,0.0,1,1,12,100,1.0,12,Typea,Toyota,Mail
2026-01-08 00:00:00,0.0,0.0,0.0,1,1,12,100,1.0,12,Typea,Toyota,Mail
2026-01-08 01:00:00,0.0,0.0,0.0,1,1,12,100,1.0,12,Typea,Toyota,Mail
2026-01-08 02:00:00,0.0,0.0,0.0,1,1,12,100,1.0,12,Typea,Toyota,Mail
2026-01-08 03:00:00,0.0,0.0,0.0,1,1,12,100,1.0,12,Typea,Toyota,Mail
2026-01-08 04:00:00,0.0,0.0,0.0,1,1,12,100,1.0,12,Typea,Toyota,Mail
2026-01-08 05:00:00,0.0,0.0,0.0,1,1,12,100,1.0,12,Typea,Toyota,Mail
2026-01-08 06:00:00,0.0,0.0,0.0,1,1,12,100,1.0,12,Typea,Toyota,Mail
2026-01-08 07:00:00,7.161188560358459,1.9834523154268628,0.2769725023589631,0,0,12,0,1.176585222144,12,Typea,Toyota,Mail
2026-01-08 08:00:00,7.161188560358459,2.7584677289802064,0.3851969132959305,0,0,12,0,1.176585222144,12,Typea,Toyota,Mail
2026-01-08 09:00:00,7.161188560358459,1.7210301519966535,0.24032744529638608,0,0,12,0,1.176585222144,12,Typea,Toyota,Mail
2026-01-08 10:00:00,7.161188560358459,3.0422915135445194,0.42483052748889427,0,0,12,0,1.176585222144,12,Typea,Toyota,Mail
2026-01-08 11:00:00,7.161188560358459,0.8425748633104431,0.11765852221440001,0,0,12,0,1.176585222144,12,Typea,Toyota,Mail
2026-01-08 12:00:00,7.161188560358459,1.268675663612486,0.1771599299361252,0,0,12,0,1.176585222144,12,Typea,Toyota,Mail
2026-01-08 13:00:00,7.161188560358459,2.083106502779604,0.29088837491458713,0,0,12,0,1.176585222144,12,Typea,Toyota,Mail
2026-01-08 14:00:00,7.161188560358459,0.95822520392474,0.13380812358846408,0,0,12,0,1.176585222144,12,Typea,Toyota,Mail
2026-01-08 15:00:00,7.161188560358459,1.6331204511424722,0.22805159190791158,0,0,12,0,1.176585222144,12,Typea,Toyota,Mail
2026-01-08 16:00:00,7.161188560358459,1.2387802634246574,0.17298528770518076,0,0,12,0,1.176585222144,12,Typea,Toyota,Mail
2026-01-08 17:00:00,7.161188560358459,1.0173939561379597,0.14207054423477342,0,0,12,0,1.176585222144,12,Typea,Toyota,Mail
2026-01-08 18:00:00,7.161188560358459,1.8169575127929531,0.2537228977394786,0,0,12,0,1.176585222144,12,Typea,Toyota,Mail
2026-01-08 19:00:00,7.161188560358459,2.7637116832690043,0.38592918758875194,0,0,12,0,1.176585222144,12,Typea,Toyota,Mail
2026-01-08 20:00:00,7.161188560358459,2.0383472031450145,0.2846381136266273,0,0,12,0,1.176585222144,12,Typea,Toyota,Mail
2026-01-08 21:00:00,0.0,0.0,0.0,1,1,12,100,1.0,12,Typea,Toyota,Mail
2026-01-08 22:00:00,0.0,0.0,0.0,1,1,12,100,1.0,12,Typea,Toyota,Mail
2026-01-08 23:00:00,0.0,0.0,0.0,1,1,12,100,1.0,12,Typea,Toyota,Mail
2026-01-09 00:00:00,0.0,0.0,0.0,1,1,12,100,1.0,12,Typea,Toyota,Mail
2026-01-09 01:00:00,0.0,0.0,0.0,1,1,12,100,1.0,12,Typea,Toyota,Mail
2026-01-09 02:00:00,0.0,0.0,0.0,1,1,12,100,1.0,12,Typea,Toyota,Mail
2026-01-09 03:00:00,0.0,0.0,0.0,1,1,12,100,1.0,12,Typea,Toyota,Mail
2026-01-09 04:00:00,0.0,0.0,0.0,1,1,12,100,1.0,12,Typea,Toyota,Mail
2026-01-09 05:00:00,0.0,0.0,0.0,1,1,12,100,1.0,12,Typea,Toyota,Mail
2026-01-09 06:00:00,0.0,0.0,0.0,1,1,12,100,1.0,12,Typea,Toyota,Mail
2026-01-09 07:00:00,0.0,0.0,0.0,1,1,12,100,1.0,12,Typea,Toyota,Mail
2026-01-09 08:00:00,0.0,0.0,0.0,1,1,12,100,1.0,12,Typea,Toyota,Mail
2026-01-09 09:00:00,0.0,0.0,0.0,1,1,12,100,1.0,12,Typea,Toyota,Mail
2026-01-09 10:00:00,8.81547451528239,3.2223188644305694,0.36552982585842664,0,0,12,0,1.137342385344,12,Typea,Toyota,Mail
2026-01-09 11:00:00,8.81547451528239,1.5758792550015976,0.17876283939902207,0,0,12,0,1.137342385344,12,Typea,Toyota,Mail
2026-01-09 12:00:00,8.81547451528239,2.7205987598549783,0.3086162582783927,0,0,12,0,1.137342385344,12,Typea,Toyota,Mail
2026-01-09 13:00:00,8.81547451528239,4.511795765917731,0.5118040734047999,0,0,12,0,1.137342385344,12,Typea,Toyota,Mail
2026-01-09 14:00:00,8.81547451528239,3.46117997716423,0.3926254872796665,0,0,12,0,1.137342385344,12,Typea,Toyota,Mail
2026-01-09 15:00:00,8.81547451528239,1.0026212813150515,0.1137342385344,0,0,12,0,1.137342385344,12,Typea,Toyota,Mail
2026-01-09 16:00:00,8.81547451528239,4.511795765917731,0.5118040734047999,0,0,12,0,1.137342385344,12,Typea,Toyota,Mail
2026-01-09 17:00:00,8.81547451528239,4.511795765917731,0.5118040734047999,0,0,12,0,1.137342385344,12,Typea,Toyota,Mail
2026-01-09 18:00:00,8.81547451528239,2.6295304677973763,0.298285754582905,0,0,12,0,1.137342385344,12,Typea,Toyota,Mail
2026-01-09 19:00:00,8.81547451528239,2.7857484216567827,0.31600663320249484,0,0,12,0,1.137342385344,12,Typea,Toyota,Mail
2026-01-09 20:00:00,8.81547451528239,1.0026212813150515,0.1137342385344,0,0,12,0,1.137342385344,12,Typea,Toyota,Mail
2026-01-09 21:00:00,8.81547451528239,2.893828240843404,0.32826687160477885,0,0,12,0,1.137342385344,12,Typea,Toyota,Mail
2026-01-09 22:00:00,0.0,0.0,0.0,1,1,12,100,1.0,12,Typea,Toyota,Mail
2026-01-09 23:00:00,0.0,0.0,0.0,1,1,12,100,1.0,12,Typea,Toyota,Mail
2026-01-10 00:00:00,0.0,0.0,0.0,1,1,12,100,1.0,12,Typea,Toyota,Mail
2026-01-10 01:00:00,0.0,0.0,0.0,1,1,12,100,1.0,12,Typea,Toyota,Mail
2026-01-10 02:00:00,0.0,0.0,0.0,1,1,12,100,1.0,12,Typea,Toyota,Mail
2026-01-10 03:00:00,0.0,0.0,0.0,1,1,12,100,1.0,12,Typea,Toyota,Mail
2026-01-10 04:00:00,0.0,0.0,0.0,1,1,12,100,1.0,12,Typea,Toyota,Mail
2026-01-10 05:00:00,0.0,0.0,0.0,1,1,12,100,1.0,12,Typea,Toyota,Mail
2026-01-10 06:00:00,0.0,0.0,0.0,1,1,12,100,1.0,12,Typea,Toyota,Mail
2026-01-10 07:00:00,4.649359512491983,1.7119074519269388,0.3682028561842454,0,0,12,0,1.18961004,12,Typea,Toyota,Mail
2026-01-10 08:00:00,4.649359512491983,2.4711402997608993,0.5315012300342434,0,0,12,0,1.18961004,12,Typea,Toyota,Mail
2026-01-10 09:00:00,4.649359512491983,1.5667903720647176,0.3369905828652392,0,0,12,0,1.18961004,12,Typea,Toyota,Mail
2026-01-10 10:00:00,4.649359512491983,0.5530924755629968,0.11896100400000001,0,0,12,0,1.18961004,12,Typea,Toyota,Mail
2026-01-10 11:00:00,4.649359512491983,2.405076885047118,0.5172920869175882,0,0,12,0,1.18961004,12,Typea,Toyota,Mail
2026-01-10 12:00:00,4.649359512491983,2.24494348061435,0.4828500516216471,0,0,12,0,1.18961004,12,Typea,Toyota,Mail
2026-01-10 13:00:00,4.649359512491983,0.6571379563143336,0.1413394585961192,0,0,12,0,1.18961004,12,Typea,Toyota,Mail
2026-01-10 14:00:00,4.649359512491983,1.3490120913294148,0.2901500922234267,0,0,12,0,1.18961004,12,Typea,Toyota,Mail
2026-01-10 15:00:00,4.649359512491983,1.472845475679978,0.3167845961842078,0,0,12,0,1.18961004,12,Typea,Toyota,Mail
2026-01-10 16:00:00,4.649359512491983,1.2382307329839095,0.26632286224737167,0,0,12,0,1.18961004,12,Typea,Toyota,Mail
2026-01-10 17:00:00,4.649359512491983,1.5554627094359312,0.33455419079911675,0,0,12,0,1.18961004,12,Typea,Toyota,Mail
2026-01-10 18:00:00,4.649359512491983,2.2798575999901156,0.4903594987362352,0,0,12,0,1.18961004,12,Typea,Toyota,Mail
2026-01-10 19:00:00,0.0,0.0,0.0,1,1,12,100,1.0,12,Typea,Toyota,Mail
2026-01-10 20:00:00,0.0,0.0,0.0,1,1,12,100,1.0,12,Typea,Toyota,Mail
2026-01-10 21:00:00,0.0,0.0,0.0,1,1,12,100,1.0,12,Typea,Toyota,Mail
2026-01-10 22:00:00,0.0,0.0,0.0,1,1,12,100,1.0,12,Typea,Toyota,Mail
2026-01-10 23:00:00,0.0,0.0,0.0,1,1,12,100,1.0,12,Typea,Toyota,Mail
2026-01-11 00:00:00,0.0,0.0,0.0,1,1,12,100,1.0,12,Typea,Toyota,Mail
2026-01-11 01:00:00,0.0,0.0,0.0,1,1,12,100,1.0,12,Typea,Toyota,Mail
2026-01-11 02:00:00,0.0,0.0,0.0,1,1,12,100,1.0,12,Typea,Toyota,Mail
2026-01-11 03:00:00,0.0,0.0,0.0,1,1,12,100,1.0,12,Typea,Toyota,Mail
2026-01-11 04:00:00,0.0,0.0,0.0,1,1,12,100,1.0,12,Typea,Toyota,Mail
2026-01-11 05:00:00,0.0,0.0,0.0,1,1,12,100,1.0,12,Typea,Toyota,Mail
2026-01-11 06:00:00,0.0,0.0,0.0,1,1,12,100,1.0,12,Typea,Toyota,Mail
2026-01-11 07:00:00,7.613177572887498,1.0308641677955612,0.13540524412128993,0,0,12,0,1.122069513044,12,Typea,Toyota,Mail
2026-01-11 08:00:00,7.613177572887498,2.3194451334467088,0.304661898562153,0,0,12,0,1.122069513044,12,Typea,Toyota,Mail
2026-01-11 09:00:00,7.613177572887498,2.9601750239656877,0.38882253771508485,0,0,12,0,1.122069513044,12,Typea,Toyota,Mail
2026-01-11 10:00:00,7.613177572887498,0.8542514451927377,0.1122069513044,0,0,12,0,1.122069513044,12,Typea,Toyota,Mail
2026-01-11 11:00:00,7.613177572887498,2.4287189685468316,0.3190151477874535,0,0,12,0,1.122069513044,12,Typea,Toyota,Mail
2026-01-11 12:00:00,7.613177572887498,2.3533118052254505,0.3091103264957598,0,0,12,0,1.122069513044,12,Typea,Toyota,Mail
2026-01-11 13:00:00,7.613177572887498,2.8087861511361387,0.3689374278013632,0,0,12,0,1.122069513044,12,Typea,Toyota,Mail
2026-01-11 14:00:00,7.613177572887498,3.6155235378519603,0.47490335057043437,0,0,12,0,1.122069513044,12,Typea,Toyota,Mail
2026-01-11 15:00:00,7.613177572887498,3.0583992810194043,0.4017244116190273,0,0,12,0,1.122069513044,12,Typea,Toyota,Mail
2026-01-11 16:00:00,7.613177572887498,0.8568869900349735,0.11255313327861557,0,0,12,0,1.122069513044,12,Typea,Toyota,Mail
2026-01-11 17:00:00,7.613177572887498,2.4423012623728435,0.32079919836239107,0,0,12,0,1.122069513044,12,Typea,Toyota,Mail
2026-01-11 18:00:00,7.613177572887498,3.4131538139278703,0.44832184475546677,0,0,12,0,1.122069513044,12,Typea,Toyota,Mail
2026-01-11 19:00:00,7.613177572887498,1.6995700640971492,0.2232405651681841,0,0,12,0,1.122069513044,12,Typea,Toyota,Mail
2026-01-11 20:00:00,7.613177572887498,2.799371889369697,0.36770085323360735,0,0,12,0,1.122069513044,12,Typea,Toyota,Mail
2026-01-11 21:00:00,7.613177572887498,1.4700442851108377,0.19309207896923974,0,0,12,0,1.122069513044,12,Typea,Toyota,Mail
2026-01-11 22:00:00,7.613177572887498,3.844131503367319,0.5049312808698,0,0,12,0,1.122069513044,12,Typea,Toyota,Mail
2026-01-11 23:00:00,0.0,0.0,0.0,1,1,12,100,1.0,12,Typea,Toyota,Mail
2026-01-12 00:00:00,0.0,0.0,0.0,1,1,12,100,1.0,12,Typea,Toyota,Mail
2026-01-12 01:00:00,0.0,0.0,0.0,1,1,12,100,1.0,12,Typea,Toyota,Mail
2026-01-12 02:00:00,0.0,0.0,0.0,1,1,12,100,1.0,12,Typea,Toyota,Mail
2026-01-12 03:00:00,0.0,0.0,0.0,1,1,12,100,1.0,12,Typea,Toyota,Mail
2026-01-12 04:00:00,0.0,0.0,0.0,1,1,12,100,1.0,12,Typea,Toyota,Mail
2026-01-12 05:00:00,0.0,0.0,0.0,1,1,12,100,1.0,12,Typea,Toyota,Mail
2026-01-12 06:00:00,0.0,0.0,0.0,1,1,12,100,1.0,12,Typea,Toyota,Mail
2026-01-12 07:00:00,0.0,0.0,0.0,1,1,12,100,1.0,12,Typea,Toyota,Mail
2026-01-12 08:00:00,8.791218223127837,2.7593632586828845,0.313877233922323,0,0,12,0,1.119889326784,12,Typea,Toyota,Mail
2026-01-12 09:00:00,8.791218223127837,3.2366109109599983,0.368164096125513,0,0,12,0,1.119889326784,12,Typea,Toyota,Mail
2026-01-12 10:00:00,8.791218223127837,4.399702564358932,0.5004656297558676,0,0,12,0,1.119889326784,12,Typea,Toyota,Mail
2026-01-12 11:00:00,8.791218223127837,0.9845191457509865,0.1119889326784,0,0,12,0,1.119889326784,12,Typea,Toyota,Mail
2026-01-12 12:00:00,8.791218223127837,4.198398332750354,0.47756729797757214,0,0,12,0,1.119889326784,12,Typea,Toyota,Mail
2026-01-12 13:00:00,8.791218223127837,4.43033615587944,0.5039501970528,0,0,12,0,1.119889326784,12,Typea,Toyota,Mail
2026-01-12 14:00:00,8.791218223127837,4.361763407325058,0.4961500552733613,0,0,12,0,1.119889326784,12,Typea,Toyota,Mail
2026-01-12 15:00:00,8.791218223127837,3.052871705159542,0.34726378388925455,0,0,12,0,1.119889326784,12,Typea,Toyota,Mail
2026-01-12 16:00:00,8.791218223127837,1.5554395387785211,0.17693105771012355,0,0,12,0,1.119889326784,12,Typea,Toyota,Mail
2026-01-12 17:00:00,8.791218223127837,4.43033615587944,0.5039501970528,0,0,12,0,1.119889326784,12,Typea,Toyota,Mail
2026-01-12 18:00:00,8.791218223127837,2.5690847748364503,0.29223307960638845,0,0,12,0,1.119889326784,12,Typea,Toyota,Mail
2026-01-12 19:00:00,8.791218223127837,1.3690043871274364,0.15572408196236961,0,0,12,0,1.119889326784,12,Typea,Toyota,Mail
2026-01-12 20:00:00,8.791218223127837,2.7534097605396792,0.31320002423509863,0,0,12,0,1.119889326784,12,Typea,Toyota,Mail
2026-01-12 21:00:00,0.0,0.0,0.0,1,1,12,100,1.0,12,Typea,Toyota,Mail
2026-01-12 22:00:00,0.0,0.0,0.0,1,1,12,100,1.0,12,Typea,Toyota,Mail
2026-01-12 23:00:00,0.0,0.0,0.0,1,1,12,100,1.0,12,Typea,Toyota,Mail
2026-01-13 00:00:00,0.0,0.0,0.0,1,1,12,100,1.0,12,Typea,Toyota,Mail
2026-01-13 01:00:00,0.0,0.0,0.0,1,1,12,100,1.0,12,Typea,Toyota,Mail
2026-01-13 02:00:00,0.0,0.0,0.0,1,1,12,100,1.0,12,Typea,Toyota,Mail
2026-01-13 03:00:00,0.0,0.0,0.0,1,1,12,100,1.0,12,Typea,Toyota,Mail
2026-01-13 04:00:00,0.0,0.0,0.0,1,1,12,100,1.0,12,Typea,Toyota,Mail
2026-01-13 05:00:00,0.0,0.0,0.0,1,1,12,100,1.0,12,Typea,Toyota,Mail
2026-01-13 06:00:00,0.0,0.0,0.0,1,1,12,100,1.0,12,Typea,Toyota,Mail
2026-01-13 07:00:00,0.0,0.0,0.0,1,1,12,100,1.0,12,Typea,Toyota,Mail
2026-01-13 08:00:00,8.64625362905004,3.8071412500190718,0.44032264300317087,0,0,12,0,1.12425024,12,Typea,Toyota,Mail
2026-01-13 09:00:00,8.64625362905004,1.093661366234274,0.12648962350118267,0,0,12,0,1.12425024,12,Typea,Toyota,Mail
2026-01-13 10:00:00,8.64625362905004,3.946838974764499,0.4564796666967698,0,0,12,0,1.12425024,12,Typea,Toyota,Mail
2026-01-13 11:00:00,8.64625362905004,1.347634288279815,0.15586337691413277,0,0,12,0,1.12425024,12,Typea,Toyota,Mail
2026-01-13 12:00:00,8.64625362905004,3.7364247849041137,0.43214378680152515,0,0,12,0,1.12425024,12,Typea,Toyota,Mail
2026-01-13 13:00:00,8.64625362905004,4.374248722902171,0.505912608,0,0,12,0,1.12425024,12,Typea,Toyota,Mail
2026-01-13 14:00:00,8.64625362905004,3.6636009206432902,0.4237211950773885,0,0,12,0,1.12425024,12,Typea,Toyota,Mail
2026-01-13 15:00:00,8.64625362905004,1.6392120293157182,0.18958639193837964,0,0,12,0,1.12425024,12,Typea,Toyota,Mail
2026-01-13 16:00:00,8.64625362905004,0.9720552717560379,0.11242502400000001,0,0,12,0,1.12425024,12,Typea,Toyota,Mail
2026-01-13 17:00:00,8.64625362905004,2.2618119428891514,0.26159444771430507,0,0,12,0,1.12425024,12,Typea,Toyota,Mail
2026-01-13 18:00:00,8.64625362905004,1.724277047540633,0.1994247591520258,0,0,12,0,1.12425024,12,Typea,Toyota,Mail
2026-01-13 19:00:00,8.64625362905004,4.27240196543745,0.4941333146974613,0,0,12,0,1.12425024,12,Typea,Toyota,Mail
2026-01-13 20:00:00,0.0,0.0,0.0,1,1,12,100,1.0,12,Typea,Toyota,Mail
2026-01-13 21:00:00,0.0,0.0,0.0,1,1,12,100,1.0,12,Typea,Toyota,Mail
2026-01-13 22:00:00,0.0,0.0,0.0,1,1,12,100,1.0,12,Typea,Toyota,Mail
2026-01-13 23:00:00,0.0,0.0,0.0,1,1,12,100,1.0,12,Typea,Toyota,Mail
2026-01-14 00:00:00,0.0,0.0,0.0,1,1,12,100,1.0,12,Typea,Toyota,Mail
2026-01-14 01:00:00,0.0,0.0,0.0,1,1,12,100,1.0,12,Typea,Toyota,Mail
2026-01-14 02:00:00,0.0,0.0,0.0,1,1,12,100,1.0,12,Typea,Toyota,Mail
2026-01-14 03:00:00,0.0,0.0,0.0,1,1,12,100,1.0,12,Typea,Toyota,Mail
2026-01-14 04:00:00,0.0,0.0,0.0,1,1,12,100,1.0,12,Typea,Toyota,Mail
2026-01-14 05:00:00,0.0,0.0,0.0,1,1,12,100,1.0,12,Typea,Toyota,Mail
2026-01-14 06:00:00,0.0,0.0,0.0,1,1,12,100,1.0,12,Typea,Toyota,Mail
2026-01-14 07:00:00,11.225060150454855,1.2375348189372717,0.11024750000000001,0,0,12,0,1.102475,12,Typea,Toyota,Mail
2026-01-14 08:00:00,11.225060150454855,3.656986540674358,0.3257877010597731,0,0,12,0,1.102475,12,Typea,Toyota,Mail
2026-01-14 09:00:00,11.225060150454855,1.254657092833677,0.11177286143832706,0,0,12,0,1.102475,12,Typea,Toyota,Mail
2026-01-14 10:00:00,11.225060150454855,3.557075261985582,0.31688696668956773,0,0,12,0,1.102475,12,Typea,Toyota,Mail
2026-01-14 11:00:00,11.225060150454855,3.6646290129239825,0.32646854126438574,0,0,12,0,1.102475,12,Typea,Toyota,Mail
2026-01-14 12:00:00,11.225060150454855,1.3976962418619878,0.12451570175375419,0,0,12,0,1.102475,12,Typea,Toyota,Mail
2026-01-14 13:00:00,11.225060150454855,4.829039723295655,0.43020167897273814,0,0,12,0,1.102475,12,Typea,Toyota,Mail
2026-01-14 14:00:00,11.225060150454855,3.937199900419063,0.3507508955539559,0,0,12,0,1.102475,12,Typea,Toyota,Mail
2026-01-14 15:00:00,11.225060150454855,1.2375348189372717,0.11024750000000001,0,0,12,0,1.102475,12,Typea,Toyota,Mail
2026-01-14 16:00:00,11.225060150454855,3.9563787463790385,0.3524594695573832,0,0,12,0,1.102475,12,Typea,Toyota,Mail
2026-01-14 17:00:00,11.225060150454855,4.477351445035388,0.3988710425622048,0,0,12,0,1.102475,12,Typea,Toyota,Mail
2026-01-14 18:00:00,11.225060150454855,5.568906685217724,0.4961137500000001,0,0,12,0,1.102475,12,Typea,Toyota,Mail
2026-01-14 19:00:00,11.225060150454855,4.942924922885465,0.4403472994026825,0,0,12,0,1.102475,12,Typea,Toyota,Mail
2026-01-14 20:00:00,11.225060150454855,5.568906685217724,0.4961137500000001,0,0,12,0,1.102475,12,Typea,Toyota,Mail
2026-01-14 21:00:00,11.225060150454855,4.575906894862218,0.4076509910440699,0,0,12,0,1.102475,12,Typea,Toyota,Mail
2026-01-14 22:00:00,0.0,0.0,0.0,1,1,12,100,1.0,12,Typea,Toyota,Mail
2026-01-14 23:00:00,0.0,0.0,0.0,1,1,12,100,1.0,12,Typea,Toyota,Mail
2026-01-01 00:00:00,0.0,0.0,0.0,1,1,13,100,1.0,13,Typea,Toyota,Mail
2026-01-01 01:00:00,0.0,0.0,0.0,1,1,13,100,1.0,13,Typea,Toyota,Mail
2026-01-01 02:00:00,0.0,0.0,0.0,1,1,13,100,1.0,13,Typea,Toyota,Mail
2026-01-01 03:00:00,0.0,0.0,0.0,1,1,13,100,1.0,13,Typea,Toyota,Mail
2026-01-01 04:00:00,0.0,0.0,0.0,1,1,13,100,1.0,13,Typea,Toyota,Mail
2026-01-01 05:00:00,0.0,0.0,0.0,1,1,13,100,1.0,13,Typea,Toyota,Mail
2026-01-01 06:00:00,0.0,0.0,0.0,1,1,13,100,1.0,13,Typea,Toyota,Mail
2026-01-01 07:00:00,0.0,0.0,0.0,1,1,13,100,1.0,13,Typea,Toyota,Mail
2026-01-01 08:00:00,10.129313479026724,5.164326908179385,0.5098397753088001,0,0,13,0,1.1329772784640002,13,Typea,Toyota,Mail
2026-01-01 09:00:00,10.129313479026724,1.7297202934264162,0.17076382293902673,0,0,13,0,1.1329772784640002,13,Typea,Toyota,Mail
2026-01-01 10:00:00,10.129313479026724,1.2646121005133548,0.1248467729952085,0,0,13,0,1.1329772784640002,13,Typea,Toyota,Mail
2026-01-01 11:00:00,10.129313479026724,2.6296022371453067,0.2596032043622736,0,0,13,0,1.1329772784640002,13,Typea,Toyota,Mail
2026-01-01 12:00:00,10.129313479026724,1.505060892425785,0.14858468893692475,0,0,13,0,1.1329772784640002,13,Typea,Toyota,Mail
2026-01-01 13:00:00,10.129313479026724,1.1476282018176411,0.11329772784640002,0,0,13,0,1.1329772784640002,13,Typea,Toyota,Mail
2026-01-01 14:00:00,10.129313479026724,1.8496616616659056,0.1826048394588367,0,0,13,0,1.1329772784640002,13,Typea,Toyota,Mail
2026-01-01 15:00:00,10.129313479026724,3.742570165073385,0.369479153036637,0,0,13,0,1.1329772784640002,13,Typea,Toyota,Mail
2026-01-01 16:00:00,10.129313479026724,5.164326908179385,0.5098397753088001,0,0,13,0,1.1329772784640002,13,Typea,Toyota,Mail
2026-01-01 17:00:00,10.129313479026724,3.346003936435539,0.3303287970466721,0,0,13,0,1.1329772784640002,13,Typea,Toyota,Mail
2026-01-01 18:00:00,10.129313479026724,3.7693922405948355,0.3721271188219774,0,0,13,0,1.1329772784640002,13,Typea,Toyota,Mail
2026-01-01 19:00:00,0.0,0.0,0.0,1,1,13,100,1.0,13,Typea,Toyota,Mail
2026-01-01 20:00:00,0.0,0.0,0.0,1,1,13,100,1.0,13,Typea,Toyota,Mail
2026-01-01 21:00:00,0.0,0.0,0.0,1,1,13,100,1.0,13,Typea,Toyota,Mail
2026-01-01 22:00:00,0.0,0.0,0.0,1,1,13,100,1.0,13,Typea,Toyota,Mail
2026-01-01 23:00:00,0.0,0.0,0.0,1,1,13,100,1.0,13,Typea,Toyota,Mail
2026-01-02 00:00:00,0.0,0.0,0.0,1,1,13,100,1.0,13,Typea,Toyota,Mail
2026-01-02 01:00:00,0.0,0.0,0.0,1,1,13,100,1.0,13,Typea,Toyota,Mail
2026-01-02 02:00:00,0.0,0.0,0.0,1,1,13,100,1.0,13,Typea,Toyota,Mail
2026-01-02 03:00:00,0.0,0.0,0.0,1,1,13,100,1.0,13,Typea,Toyota,Mail
2026-01-02 04:00:00,0.0,0.0,0.0,1,1,13,100,1.0,13,Typea,Toyota,Mail
2026-01-02 05:00:00,0.0,0.0,0.0,1,1,13,100,1.0,13,Typea,Toyota,Mail
2026-01-02 06:00:00,0.0,0.0,0.0,1,1,13,100,1.0,13,Typea,Toyota,Mail
2026-01-02 07:00:00,0.0,0.0,0.0,1,1,13,100,1.0,13,Typea,Toyota,Mail
2026-01-02 08:00:00,0.0,0.0,0.0,1,1,13,100,1.0,13,Typea,Toyota,Mail
2026-01-02 09:00:00,10.486310931114003,3.828390816654119,0.365084617631819,0,0,13,0,1.23259004,13,Typea,Toyota,Mail
2026-01-02 10:00:00,10.486310931114003,1.2925322410034248,0.123259004,0,0,13,0,1.23259004,13,Typea,Toyota,Mail
2026-01-02 11:00:00,10.486310931114003,1.8591322422910272,0.17729135198297274,0,0,13,0,1.23259004,13,Typea,Toyota,Mail
2026-01-02 12:00:00,10.486310931114003,2.2628226353826237,0.21578824528925494,0,0,13,0,1.23259004,13,Typea,Toyota,Mail
2026-01-02 13:00:00,10.486310931114003,3.485738778011464,0.33240848959274183,0,0,13,0,1.23259004,13,Typea,Toyota,Mail
2026-01-02 14:00:00,10.486310931114003,5.8163950845154115,0.5546655180000001,0,0,13,0,1.23259004,13,Typea,Toyota,Mail
2026-01-02 15:00:00,10.486310931114003,3.1052479720557993,0.2961239650869208,0,0,13,0,1.23259004,13,Typea,Toyota,Mail
2026-01-02 16:00:00,10.486310931114003,2.7483653661712757,0.2620907757004022,0,0,13,0,1.23259004,13,Typea,Toyota,Mail
2026-01-02 17:00:00,10.486310931114003,2.7000708720743773,0.2574852958119885,0,0,13,0,1.23259004,13,Typea,Toyota,Mail
2026-01-02 18:00:00,10.486310931114003,5.023313718387407,0.4790353587058629,0,0,13,0,1.23259004,13,Typea,Toyota,Mail
2026-01-02 19:00:00,10.486310931114003,1.9933694850496864,0.19009254046960847,0,0,13,0,1.23259004,13,Typea,Toyota,Mail
2026-01-02 20:00:00,10.486310931114003,5.8163950845154115,0.5546655180000001,0,0,13,0,1.23259004,13,Typea,Toyota,Mail
2026-01-02 21:00:00,0.0,0.0,0.0,1,1,13,100,1.0,13,Typea,Toyota,Mail
2026-01-02 22:00:00,0.0,0.0,0.0,1,1,13,100,1.0,13,Typea,Toyota,Mail
2026-01-02 23:00:00,0.0,0.0,0.0,1,1,13,100,1.0,13,Typea,Toyota,Mail
2026-01-03 00:00:00,0.0,0.0,0.0,1,1,13,100,1.0,13,Typea,Toyota,Mail
2026-01-03 01:00:00,0.0,0.0,0.0,1,1,13,100,1.0,13,Typea,Toyota,Mail
2026-01-03 02:00:00,0.0,0.0,0.0,1,1,13,100,1.0,13,Typea,Toyota,Mail
2026-01-03 03:00:00,0.0,0.0,0.0,1,1,13,100,1.0,13,Typea,Toyota,Mail
2026-01-03 04:00:00,0.0,0.0,0.0,1,1,13,100,1.0,13,Typea,Toyota,Mail
2026-01-03 05:00:00,0.0,0.0,0.0,1,1,13,100,1.0,13,Typea,Toyota,Mail
2026-01-03 06:00:00,0.0,0.0,0.0,1,1,13,100,1.0,13,Typea,Toyota,Mail
2026-01-03 07:00:00,10.499788573792737,4.677735732077964,0.4455076118154892,0,0,13,0,1.209049010004,13,Typea,Toyota,Mail
2026-01-03 08:00:00,10.499788573792737,2.239280276919865,0.2132690826279173,0,0,13,0,1.209049010004,13,Typea,Toyota,Mail
2026-01-03 09:00:00,10.499788573792737,2.5763046857801895,0.24536729170057717,0,0,13,0,1.209049010004,13,Typea,Toyota,Mail
2026-01-03 10:00:00,10.499788573792737,3.8080261640713227,0.3626764612742851,0,0,13,0,1.209049010004,13,Typea,Toyota,Mail
2026-01-03 11:00:00,10.499788573792737,2.11822731092639,0.20173999657606853,0,0,13,0,1.209049010004,13,Typea,Toyota,Mail
2026-01-03 12:00:00,10.499788573792737,4.856542479243794,0.46253716873553313,0,0,13,0,1.209049010004,13,Typea,Toyota,Mail
2026-01-03 13:00:00,10.499788573792737,4.584349429859383,0.43661349918052905,0,0,13,0,1.209049010004,13,Typea,Toyota,Mail
2026-01-03 14:00:00,10.499788573792737,1.3043271029994075,0.12422413021296275,0,0,13,0,1.209049010004,13,Typea,Toyota,Mail
2026-01-03 15:00:00,10.499788573792737,3.779010150575635,0.3599129757724807,0,0,13,0,1.209049010004,13,Typea,Toyota,Mail
2026-01-03 16:00:00,10.499788573792737,2.948814651182291,0.28084514563869156,0,0,13,0,1.209049010004,13,Typea,Toyota,Mail
2026-01-03 17:00:00,10.499788573792737,2.280279323619419,0.2171738323675346,0,0,13,0,1.209049010004,13,Typea,Toyota,Mail
2026-01-03 18:00:00,10.499788573792737,3.6410497777878965,0.34677362807817713,0,0,13,0,1.209049010004,13,Typea,Toyota,Mail
2026-01-03 19:00:00,10.499788573792737,3.202561194875777,0.3050119697523535,0,0,13,0,1.209049010004,13,Typea,Toyota,Mail
2026-01-03 20:00:00,10.499788573792737,2.749995440012522,0.2619096013872561,0,0,13,0,1.209049010004,13,Typea,Toyota,Mail
2026-01-03 21:00:00,10.499788573792737,1.3075707840281823,0.12453305843622918,0,0,13,0,1.209049010004,13,Typea,Toyota,Mail
2026-01-03 22:00:00,0.0,0.0,0.0,1,1,13,100,1.0,13,Typea,Toyota,Mail
2026-01-03 23:00:00,0.0,0.0,0.0,1,1,13,100,1.0,13,Typea,Toyota,Mail
2026-01-04 00:00:00,0.0,0.0,0.0,1,1,13,100,1.0,13,Typea,Toyota,Mail
2026-01-04 01:00:00,0.0,0.0,0.0,1,1,13,100,1.0,13,Typea,Toyota,Mail
2026-01-04 02:00:00,0.0,0.0,0.0,1,1,13,100,1.0,13,Typea,Toyota,Mail
2026-01-04 03:00:00,0.0,0.0,0.0,1,1,13,100,1.0,13,Typea,Toyota,Mail
2026-01-04 04:00:00,0.0,0.0,0.0,1,1,13,100,1.0,13,Typea,Toyota,Mail
2026-01-04 05:00:00,0.0,0.0,0.0,1,1,13,100,1.0,13,Typea,Toyota,Mail
2026-01-04 06:00:00,0.0,0.0,0.0,1,1,13,100,1.0,13,Typea,Toyota,Mail
2026-01-04 07:00:00,4.941607425210181,1.935058407706937,0.3915848106094007,0,0,13,0,1.3050301525,13,Typea,Toyota,Mail
2026-01-04 08:00:00,4.941607425210181,0.8827565409146226,0.17863752924021,0,0,13,0,1.3050301525,13,Typea,Toyota,Mail
2026-01-04 09:00:00,4.941607425210181,0.7834874236685919,0.15854910280236756,0,0,13,0,1.3050301525,13,Typea,Toyota,Mail
2026-01-04 10:00:00,4.941607425210181,2.3560970609293235,0.47678758310695063,0,0,13,0,1.3050301525,13,Typea,Toyota,Mail
2026-01-04 11:00:00,4.941607425210181,1.0328382455912266,0.2090085586973346,0,0,13,0,1.3050301525,13,Typea,Toyota,Mail
2026-01-04 12:00:00,4.941607425210181,1.4452711491349062,0.2924698432663203,0,0,13,0,1.3050301525,13,Typea,Toyota,Mail
2026-01-04 13:00:00,4.941607425210181,2.348928617918361,0.4753369533028929,0,0,13,0,1.3050301525,13,Typea,Toyota,Mail
2026-01-04 14:00:00,4.941607425210181,1.3950369423347753,0.28230428326172435,0,0,13,0,1.3050301525,13,Typea,Toyota,Mail
2026-01-04 15:00:00,4.941607425210181,2.902026011272729,0.5872635686250001,0,0,13,0,1.3050301525,13,Typea,Toyota,Mail
2026-01-04 16:00:00,4.941607425210181,1.8502086593419553,0.3744143352834752,0,0,13,0,1.3050301525,13,Typea,Toyota,Mail
2026-01-04 17:00:00,4.941607425210181,1.4079672341247553,0.28492089981528035,0,0,13,0,1.3050301525,13,Typea,Toyota,Mail
2026-01-04 18:00:00,4.941607425210181,0.944307627777034,0.19109321047227257,0,0,13,0,1.3050301525,13,Typea,Toyota,Mail
2026-01-04 19:00:00,4.941607425210181,1.5807032051524614,0.31987632143507017,0,0,13,0,1.3050301525,13,Typea,Toyota,Mail
2026-01-04 20:00:00,4.941607425210181,1.5309878991731583,0.3098157679144334,0,0,13,0,1.3050301525,13,Typea,Toyota,Mail
2026-01-04 21:00:00,4.941607425210181,0.9511962571452774,0.19248721626340445,0,0,13,0,1.3050301525,13,Typea,Toyota,Mail
2026-01-04 22:00:00,0.0,0.0,0.0,1,1,13,100,1.0,13,Typea,Toyota,Mail
2026-01-04 23:00:00,0.0,0.0,0.0,1,1,13,100,1.0,13,Typea,Toyota,Mail
2026-01-05 00:00:00,0.0,0.0,0.0,1,1,13,100,1.0,13,Typea,Toyota,Mail
2026-01-05 01:00:00,0.0,0.0,0.0,1,1,13,100,1.0,13,Typea,Toyota,Mail
2026-01-05 02:00:00,0.0,0.0,0.0,1,1,13,100,1.0,13,Typea,Toyota,Mail
2026-01-05 03:00:00,0.0,0.0,0.0,1,1,13,100,1.0,13,Typea,Toyota,Mail
2026-01-05 04:00:00,0.0,0.0,0.0,1,1,13,100,1.0,13,Typea,Toyota,Mail
2026-01-05 05:00:00,0.0,0.0,0.0,1,1,13,100,1.0,13,Typea,Toyota,Mail
2026-01-05 06:00:00,0.0,0.0,0.0,1,1,13,100,1.0,13,Typea,Toyota,Mail
2026-01-05 07:00:00,0.0,0.0,0.0,1,1,13,100,1.0,13,Typea,Toyota,Mail
2026-01-05 08:00:00,0.0,0.0,0.0,1,1,13,100,1.0,13,Typea,Toyota,Mail
2026-01-05 09:00:00,10.807450930850736,4.529840426914746,0.41914050370415773,0,0,13,0,1.226197579604,13,Typea,Toyota,Mail
2026-01-05 10:00:00,10.807450930850736,4.985791076162368,0.46132905049145556,0,0,13,0,1.226197579604,13,Typea,Toyota,Mail
2026-01-05 11:00:00,10.807450930850736,1.576402482078127,0.1458625620569009,0,0,13,0,1.226197579604,13,Typea,Toyota,Mail
2026-01-05 12:00:00,10.807450930850736,5.963431577894177,0.5517889108218,0,0,13,0,1.226197579604,13,Typea,Toyota,Mail
2026-01-05 13:00:00,10.807450930850736,3.0440269407363023,0.28166002882760105,0,0,13,0,1.226197579604,13,Typea,Toyota,Mail
2026-01-05 14:00:00,10.807450930850736,1.3252070173098172,0.12261975796040002,0,0,13,0,1.226197579604,13,Typea,Toyota,Mail
2026-01-05 15:00:00,10.807450930850736,4.366411530595112,0.40401863108449,0,0,13,0,1.226197579604,13,Typea,Toyota,Mail
2026-01-05 16:00:00,10.807450930850736,1.4301231231448586,0.13232751481317925,0,0,13,0,1.226197579604,13,Typea,Toyota,Mail
2026-01-05 17:00:00,10.807450930850736,1.3252070173098172,0.12261975796040002,0,0,13,0,1.226197579604,13,Typea,Toyota,Mail
2026-01-05 18:00:00,10.807450930850736,1.3252070173098172,0.12261975796040002,0,0,13,0,1.226197579604,13,Typea,Toyota,Mail
2026-01-05 19:00:00,10.807450930850736,1.4662259228168315,0.1356680619878062,0,0,13,0,1.226197579604,13,Typea,Toyota,Mail
2026-01-05 20:00:00,10.807450930850736,5.963431577894177,0.5517889108218,0,0,13,0,1.226197579604,13,Typea,Toyota,Mail
2026-01-05 21:00:00,10.807450930850736,3.3563173096733077,0.31055586846038136,0,0,13,0,1.226197579604,13,Typea,Toyota,Mail
2026-01-05 22:00:00,0.0,0.0,0.0,1,1,13,100,1.0,13,Typea,Toyota,Mail
2026-01-05 23:00:00,0.0,0.0,0.0,1,1,13,100,1.0,13,Typea,Toyota,Mail
2026-01-06 00:00:00,0.0,0.0,0.0,1,1,13,100,1.0,13,Typea,Toyota,Mail
2026-01-06 01:00:00,0.0,0.0,0.0,1,1,13,100,1.0,13,Typea,Toyota,Mail
2026-01-06 02:00:00,0.0,0.0,0.0,1,1,13,100,1.0,13,Typea,Toyota,Mail
2026-01-06 03:00:00,0.0,0.0,0.0,1,1,13,100,1.0,13,Typea,Toyota,Mail
2026-01-06 04:00:00,0.0,0.0,0.0,1,1,13,100,1.0,13,Typea,Toyota,Mail
2026-01-06 05:00:00,0.0,0.0,0.0,1,1,13,100,1.0,13,Typea,Toyota,Mail
2026-01-06 06:00:00,0.0,0.0,0.0,1,1,13,100,1.0,13,Typea,Toyota,Mail
2026-01-06 07:00:00,0.0,0.0,0.0,1,1,13,100,1.0,13,Typea,Toyota,Mail
2026-01-06 08:00:00,0.0,0.0,0.0,1,1,13,100,1.0,13,Typea,Toyota,Mail
2026-01-06 09:00:00,0.0,0.0,0.0,1,1,13,100,1.0,13,Typea,Toyota,Mail
2026-01-06 10:00:00,10.72857036269561,4.552418182303544,0.42432663704502427,0,0,13,0,1.3306301459840002,13,Typea,Toyota,Mail
2026-01-06 11:00:00,10.72857036269561,4.84417689618848,0.45152119363752347,0,0,13,0,1.3306301459840002,13,Typea,Toyota,Mail
2026-01-06 12:00:00,10.72857036269561,6.214478052482808,0.5792456816139469,0,0,13,0,1.3306301459840002,13,Typea,Toyota,Mail
2026-01-06 13:00:00,10.72857036269561,6.424091616560975,0.5987835656928001,0,0,13,0,1.3306301459840002,13,Typea,Toyota,Mail
2026-01-06 14:00:00,10.72857036269561,4.950978310912512,0.4614760535222469,0,0,13,0,1.3306301459840002,13,Typea,Toyota,Mail
2026-01-06 15:00:00,10.72857036269561,3.3190322873025577,0.3093638924010965,0,0,13,0,1.3306301459840002,13,Typea,Toyota,Mail
2026-01-06 16:00:00,10.72857036269561,3.621910237047965,0.33759486255892357,0,0,13,0,1.3306301459840002,13,Typea,Toyota,Mail
2026-01-06 17:00:00,10.72857036269561,1.4275759147913278,0.13306301459840003,0,0,13,0,1.3306301459840002,13,Typea,Toyota,Mail
2026-01-06 18:00:00,10.72857036269561,3.975271708132092,0.37053135448079255,0,0,13,0,1.3306301459840002,13,Typea,Toyota,Mail
2026-01-06 19:00:00,10.72857036269561,1.890981936934306,0.17625665610671232,0,0,13,0,1.3306301459840002,13,Typea,Toyota,Mail
2026-01-06 20:00:00,10.72857036269561,5.489392960109914,0.5116611789392855,0,0,13,0,1.3306301459840002,13,Typea,Toyota,Mail
2026-01-06 21:00:00,0.0,0.0,0.0,1,1,13,100,1.0,13,Typea,Toyota,Mail
2026-01-06 22:00:00,0.0,0.0,0.0,1,1,13,100,1.0,13,Typea,Toyota,Mail
2026-01-06 23:00:00,0.0,0.0,0.0,1,1,13,100,1.0,13,Typea,Toyota,Mail
2026-01-07 00:00:00,0.0,0.0,0.0,1,1,13,100,1.0,13,Typea,Toyota,Mail
2026-01-07 01:00:00,0.0,0.0,0.0,1,1,13,100,1.0,13,Typea,Toyota,Mail
2026-01-07 02:00:00,0.0,0.0,0.0,1,1,13,100,1.0,13,Typea,Toyota,Mail
2026-01-07 03:00:00,0.0,0.0,0.0,1,1,13,100,1.0,13,Typea,Toyota,Mail
2026-01-07 04:00:00,0.0,0.0,0.0,1,1,13,100,1.0,13,Typea,Toyota,Mail
2026-01-07 05:00:00,0.0,0.0,0.0,1,1,13,100,1.0,13,Typea,Toyota,Mail
2026-01-07 06:00:00,0.0,0.0,0.0,1,1,13,100,1.0,13,Typea,Toyota,Mail
2026-01-07 07:00:00,0.0,0.0,0.0,1,1,13,100,1.0,13,Typea,Toyota,Mail
2026-01-07 08:00:00,7.4615705616390455,2.5072409869493084,0.33602054235597223,0,0,13,0,1.282756305344,13,Typea,Toyota,Mail
2026-01-07 09:00:00,7.4615705616390455,2.431932318059738,0.32592767138900147,0,0,13,0,1.282756305344,13,Typea,Toyota,Mail
2026-01-07 10:00:00,7.4615705616390455,3.392757377507673,0.45469748620354844,0,0,13,0,1.282756305344,13,Typea,Toyota,Mail
2026-01-07 11:00:00,7.4615705616390455,3.6809256914821846,0.4933178157432869,0,0,13,0,1.282756305344,13,Typea,Toyota,Mail
2026-01-07 12:00:00,7.4615705616390455,2.26176350106213,0.3031216393891878,0,0,13,0,1.282756305344,13,Typea,Toyota,Mail
2026-01-07 13:00:00,7.4615705616390455,2.4376751784215736,0.3266973297758511,0,0,13,0,1.282756305344,13,Typea,Toyota,Mail
2026-01-07 14:00:00,7.4615705616390455,0.9571376685711658,0.12827563053440003,0,0,13,0,1.282756305344,13,Typea,Toyota,Mail
2026-01-07 15:00:00,7.4615705616390455,0.9571376685711658,0.12827563053440003,0,0,13,0,1.282756305344,13,Typea,Toyota,Mail
2026-01-07 16:00:00,7.4615705616390455,4.307119508570246,0.5772403374048001,0,0,13,0,1.282756305344,13,Typea,Toyota,Mail
2026-01-07 17:00:00,7.4615705616390455,1.951785238056358,0.261578339564428,0,0,13,0,1.282756305344,13,Typea,Toyota,Mail
2026-01-07 18:00:00,7.4615705616390455,4.307119508570246,0.5772403374048001,0,0,13,0,1.282756305344,13,Typea,Toyota,Mail
2026-01-07 19:00:00,7.4615705616390455,0.9571376685711658,0.12827563053440003,0,0,13,0,1.282756305344,13,Typea,Toyota,Mail
2026-01-07 20:00:00,0.0,0.0,0.0,1,1,13,100,1.0,13,Typea,Toyota,Mail
2026-01-07 21:00:00,0.0,0.0,0.0,1,1,13,100,1.0,13,Typea,Toyota,Mail
2026-01-07 22:00:00,0.0,0.0,0.0,1,1,13,100,1.0,13,Typea,Toyota,Mail
2026-01-07 23:00:00,0.0,0.0,0.0,1,1,13,100,1.0,13,Typea,Toyota,Mail
2026-01-08 00:00:00,0.0,0.0,0.0,1,1,13,100,1.0,13,Typea,Toyota,Mail
2026-01-08 01:00:00,0.0,0.0,0.0,1,1,13,100,1.0,13,Typea,Toyota,Mail
2026-01-08 02:00:00,0.0,0.0,0.0,1,1,13,100,1.0,13,Typea,Toyota,Mail
2026-01-08 03:00:00,0.0,0.0,0.0,1,1,13,100,1.0,13,Typea,Toyota,Mail
2026-01-08 04:00:00,0.0,0.0,0.0,1,1,13,100,1.0,13,Typea,Toyota,Mail
2026-01-08 05:00:00,0.0,0.0,0.0,1,1,13,100,1.0,13,Typea,Toyota,Mail
2026-01-08 06:00:00,0.0,0.0,0.0,1,1,13,100,1.0,13,Typea,Toyota,Mail
2026-01-08 07:00:00,0.0,0.0,0.0,1,1,13,100,1.0,13,Typea,Toyota,Mail
2026-01-08 08:00:00,0.0,0.0,0.0,1,1,13,100,1.0,13,Typea,Toyota,Mail
2026-01-08 09:00:00,9.176705360236893,3.1351973621945777,0.3416473820527724,0,0,13,0,1.176585222144,13,Typea,Toyota,Mail
2026-01-08 10:00:00,9.176705360236893,1.0797175914824362,0.11765852221440001,0,0,13,0,1.176585222144,13,Typea,Toyota,Mail
2026-01-08 11:00:00,9.176705360236893,3.6570499047108656,0.39851447345765717,0,0,13,0,1.176585222144,13,Typea,Toyota,Mail
2026-01-08 12:00:00,9.176705360236893,2.429996400563345,0.26480052537075416,0,0,13,0,1.176585222144,13,Typea,Toyota,Mail
2026-01-08 13:00:00,9.176705360236893,2.938668649194971,0.3202313394443679,0,0,13,0,1.176585222144,13,Typea,Toyota,Mail
2026-01-08 14:00:00,9.176705360236893,2.4786462950404333,0.2701019808024487,0,0,13,0,1.176585222144,13,Typea,Toyota,Mail
2026-01-08 15:00:00,9.176705360236893,4.665367075992519,0.5083923797104546,0,0,13,0,1.176585222144,13,Typea,Toyota,Mail
2026-01-08 16:00:00,9.176705360236893,2.515168554418842,0.27408186878454094,0,0,13,0,1.176585222144,13,Typea,Toyota,Mail
2026-01-08 17:00:00,9.176705360236893,1.7227376229868612,0.1877294252522879,0,0,13,0,1.176585222144,13,Typea,Toyota,Mail
2026-01-08 18:00:00,9.176705360236893,2.2255604309208272,0.2425228165834209,0,0,13,0,1.176585222144,13,Typea,Toyota,Mail
2026-01-08 19:00:00,9.176705360236893,4.013636464253003,0.4373722710597513,0,0,13,0,1.176585222144,13,Typea,Toyota,Mail
2026-01-08 20:00:00,9.176705360236893,1.2802232373301212,0.13950793744314713,0,0,13,0,1.176585222144,13,Typea,Toyota,Mail
2026-01-08 21:00:00,0.0,0.0,0.0,1,1,13,100,1.0,13,Typea,Toyota,Mail
2026-01-08 22:00:00,0.0,0.0,0.0,1,1,13,100,1.0,13,Typea,Toyota,Mail
2026-01-08 23:00:00,0.0,0.0,0.0,1,1,13,100,1.0,13,Typea,Toyota,Mail
2026-01-09 00:00:00,0.0,0.0,0.0,1,1,13,100,1.0,13,Typea,Toyota,Mail
2026-01-09 01:00:00,0.0,0.0,0.0,1,1,13,100,1.0,13,Typea,Toyota,Mail
2026-01-09 02:00:00,0.0,0.0,0.0,1,1,13,100,1.0,13,Typea,Toyota,Mail
2026-01-09 03:00:00,0.0,0.0,0.0,1,1,13,100,1.0,13,Typea,Toyota,Mail
2026-01-09 04:00:00,0.0,0.0,0.0,1,1,13,100,1.0,13,Typea,Toyota,Mail
2026-01-09 05:00:00,0.0,0.0,0.0,1,1,13,100,1.0,13,Typea,Toyota,Mail
2026-01-09 06:00:00,0.0,0.0,0.0,1,1,13,100,1.0,13,Typea,Toyota,Mail
2026-01-09 07:00:00,0.0,0.0,0.0,1,1,13,100,1.0,13,Typea,Toyota,Mail
2026-01-09 08:00:00,0.0,0.0,0.0,1,1,13,100,1.0,13,Typea,Toyota,Mail
2026-01-09 09:00:00,10.790147471090737,3.924556651783381,0.36371668341866153,0,0,13,0,1.137342385344,13,Typea,Toyota,Mail
2026-01-09 10:00:00,10.790147471090737,1.2272092062983868,0.1137342385344,0,0,13,0,1.137342385344,13,Typea,Toyota,Mail
2026-01-09 11:00:00,10.790147471090737,5.52244142834274,0.5118040734047999,0,0,13,0,1.137342385344,13,Typea,Toyota,Mail
2026-01-09 12:00:00,10.790147471090737,3.7994975663291006,0.3521265651381337,0,0,13,0,1.137342385344,13,Typea,Toyota,Mail
2026-01-09 13:00:00,10.790147471090737,3.4044709309987327,0.31551662663741026,0,0,13,0,1.137342385344,13,Typea,Toyota,Mail
2026-01-09 14:00:00,10.790147471090737,3.2375271078594023,0.3000447506888553,0,0,13,0,1.137342385344,13,Typea,Toyota,Mail
2026-01-09 15:00:00,10.790147471090737,4.16684393834,0.38617117601996864,0,0,13,0,1.137342385344,13,Typea,Toyota,Mail
2026-01-09 16:00:00,10.790147471090737,2.358712759454308,0.21859875092289854,0,0,13,0,1.137342385344,13,Typea,Toyota,Mail
2026-01-09 17:00:00,10.790147471090737,4.860959090044367,0.4504997826089016,0,0,13,0,1.137342385344,13,Typea,Toyota,Mail
2026-01-09 18:00:00,10.790147471090737,3.585378821180121,0.33228265237209853,0,0,13,0,1.137342385344,13,Typea,Toyota,Mail
2026-01-09 19:00:00,10.790147471090737,2.0532205105913146,0.19028660322691232,0,0,13,0,1.137342385344,13,Typea,Toyota,Mail
2026-01-09 20:00:00,0.0,0.0,0.0,1,1,13,100,1.0,13,Typea,Toyota,Mail
2026-01-09 21:00:00,0.0,0.0,0.0,1,1,13,100,1.0,13,Typea,Toyota,Mail
2026-01-09 22:00:00,0.0,0.0,0.0,1,1,13,100,1.0,13,Typea,Toyota,Mail
2026-01-09 23:00:00,0.0,0.0,0.0,1,1,13,100,1.0,13,Typea,Toyota,Mail
2026-01-10 00:00:00,0.0,0.0,0.0,1,1,13,100,1.0,13,Typea,Toyota,Mail
2026-01-10 01:00:00,0.0,0.0,0.0,1,1,13,100,1.0,13,Typea,Toyota,Mail
2026-01-10 02:00:00,0.0,0.0,0.0,1,1,13,100,1.0,13,Typea,Toyota,Mail
2026-01-10 03:00:00,0.0,0.0,0.0,1,1,13,100,1.0,13,Typea,Toyota,Mail
2026-01-10 04:00:00,0.0,0.0,0.0,1,1,13,100,1.0,13,Typea,Toyota,Mail
2026-01-10 05:00:00,0.0,0.0,0.0,1,1,13,100,1.0,13,Typea,Toyota,Mail
2026-01-10 06:00:00,0.0,0.0,0.0,1,1,13,100,1.0,13,Typea,Toyota,Mail
2026-01-10 07:00:00,0.0,0.0,0.0,1,1,13,100,1.0,13,Typea,Toyota,Mail
2026-01-10 08:00:00,0.0,0.0,0.0,1,1,13,100,1.0,13,Typea,Toyota,Mail
2026-01-10 09:00:00,4.385150201507697,1.666067588974726,0.37993398456497585,0,0,13,0,1.18961004,13,Typea,Toyota,Mail
2026-01-10 10:00:00,4.385150201507697,1.0003786085765418,0.2281286985865599,0,0,13,0,1.18961004,13,Typea,Toyota,Mail
2026-01-10 11:00:00,4.385150201507697,2.347478417979711,0.535324518,0,0,13,0,1.18961004,13,Typea,Toyota,Mail
2026-01-10 12:00:00,4.385150201507697,1.3411633244267442,0.30584204937053855,0,0,13,0,1.18961004,13,Typea,Toyota,Mail
2026-01-10 13:00:00,4.385150201507697,0.7265374886790666,0.16568132339669217,0,0,13,0,1.18961004,13,Typea,Toyota,Mail
2026-01-10 14:00:00,4.385150201507697,2.067243086855625,0.471418991792999,0,0,13,0,1.18961004,13,Typea,Toyota,Mail
2026-01-10 15:00:00,4.385150201507697,1.9136412491657024,0.43639126625759744,0,0,13,0,1.18961004,13,Typea,Toyota,Mail
2026-01-10 16:00:00,4.385150201507697,1.3477431163957116,0.3073425206580911,0,0,13,0,1.18961004,13,Typea,Toyota,Mail
2026-01-10 17:00:00,4.385150201507697,0.521661870662158,0.11896100400000001,0,0,13,0,1.18961004,13,Typea,Toyota,Mail
2026-01-10 18:00:00,4.385150201507697,1.1122160782508497,0.2536323790844038,0,0,13,0,1.18961004,13,Typea,Toyota,Mail
2026-01-10 19:00:00,4.385150201507697,1.936937965702284,0.4417039044720357,0,0,13,0,1.18961004,13,Typea,Toyota,Mail
2026-01-10 20:00:00,4.385150201507697,1.1683203353363045,0.2664265262646224,0,0,13,0,1.18961004,13,Typea,Toyota,Mail
2026-01-10 21:00:00,0.0,0.0,0.0,1,1,13,100,1.0,13,Typea,Toyota,Mail
2026-01-10 22:00:00,0.0,0.0,0.0,1,1,13,100,1.0,13,Typea,Toyota,Mail
2026-01-10 23:00:00,0.0,0.0,0.0,1,1,13,100,1.0,13,Typea,Toyota,Mail
2026-01-11 00:00:00,0.0,0.0,0.0,1,1,13,100,1.0,13,Typea,Toyota,Mail
2026-01-11 01:00:00,0.0,0.0,0.0,1,1,13,100,1.0,13,Typea,Toyota,Mail
2026-01-11 02:00:00,0.0,0.0,0.0,1,1,13,100,1.0,13,Typea,Toyota,Mail
2026-01-11 03:00:00,0.0,0.0,0.0,1,1,13,100,1.0,13,Typea,Toyota,Mail
2026-01-11 04:00:00,0.0,0.0,0.0,1,1,13,100,1.0,13,Typea,Toyota,Mail
2026-01-11 05:00:00,0.0,0.0,0.0,1,1,13,100,1.0,13,Typea,Toyota,Mail
2026-01-11 06:00:00,0.0,0.0,0.0,1,1,13,100,1.0,13,Typea,Toyota,Mail
2026-01-11 07:00:00,0.0,0.0,0.0,1,1,13,100,1.0,13,Typea,Toyota,Mail
2026-01-11 08:00:00,0.0,0.0,0.0,1,1,13,100,1.0,13,Typea,Toyota,Mail
2026-01-11 09:00:00,0.0,0.0,0.0,1,1,13,100,1.0,13,Typea,Toyota,Mail
2026-01-11 10:00:00,9.616780757779484,4.164008627148426,0.4329940270063821,0,0,13,0,1.122069513044,13,Typea,Toyota,Mail
2026-01-11 11:00:00,9.616780757779484,3.6694426592620575,0.38156663354248416,0,0,13,0,1.122069513044,13,Typea,Toyota,Mail
2026-01-11 12:00:00,9.616780757779484,3.5475629697244506,0.36889298602909854,0,0,13,0,1.122069513044,13,Typea,Toyota,Mail
2026-01-11 13:00:00,9.616780757779484,1.6844168317049233,0.17515391835696328,0,0,13,0,1.122069513044,13,Typea,Toyota,Mail
2026-01-11 14:00:00,9.616780757779484,1.0790696501932535,0.1122069513044,0,0,13,0,1.122069513044,13,Typea,Toyota,Mail
2026-01-11 15:00:00,9.616780757779484,1.603239806253441,0.1667127333600178,0,0,13,0,1.122069513044,13,Typea,Toyota,Mail
2026-01-11 16:00:00,9.616780757779484,2.9572703519860912,0.3075114663078713,0,0,13,0,1.122069513044,13,Typea,Toyota,Mail
2026-01-11 17:00:00,9.616780757779484,2.9097071081069985,0.30256560707731583,0,0,13,0,1.122069513044,13,Typea,Toyota,Mail
2026-01-11 18:00:00,9.616780757779484,4.228182756422105,0.43966716751878965,0,0,13,0,1.122069513044,13,Typea,Toyota,Mail
2026-01-11 19:00:00,9.616780757779484,4.586775043316443,0.4769553511559444,0,0,13,0,1.122069513044,13,Typea,Toyota,Mail
2026-01-11 20:00:00,0.0,0.0,0.0,1,1,13,100,1.0,13,Typea,Toyota,Mail
2026-01-11 21:00:00,0.0,0.0,0.0,1,1,13,100,1.0,13,Typea,Toyota,Mail
2026-01-11 22:00:00,0.0,0.0,0.0,1,1,13,100,1.0,13,Typea,Toyota,Mail
2026-01-11 23:00:00,0.0,0.0,0.0,1,1,13,100,1.0,13,Typea,Toyota,Mail
2026-01-12 00:00:00,0.0,0.0,0.0,1,1,13,100,1.0,13,Typea,Toyota,Mail
2026-01-12 01:00:00,0.0,0.0,0.0,1,1,13,100,1.0,13,Typea,Toyota,Mail
2026-01-12 02:00:00,0.0,0.0,0.0,1,1,13,100,1.0,13,Typea,Toyota,Mail
2026-01-12 03:00:00,0.0,0.0,0.0,1,1,13,100,1.0,13,Typea,Toyota,Mail
2026-01-12 04:00:00,0.0,0.0,0.0,1,1,13,100,1.0,13,Typea,Toyota,Mail
2026-01-12 05:00:00,0.0,0.0,0.0,1,1,13,100,1.0,13,Typea,Toyota,Mail
2026-01-12 06:00:00,0.0,0.0,0.0,1,1,13,100,1.0,13,Typea,Toyota,Mail
2026-01-12 07:00:00,0.0,0.0,0.0,1,1,13,100,1.0,13,Typea,Toyota,Mail
2026-01-12 08:00:00,0.0,0.0,0.0,1,1,13,100,1.0,13,Typea,Toyota,Mail
2026-01-12 09:00:00,9.64091017152483,2.583982346242737,0.26802265556572946,0,0,13,0,1.119889326784,13,Typea,Toyota,Mail
2026-01-12 10:00:00,9.64091017152483,2.6625194631817495,0.27616889026159647,0,0,13,0,1.119889326784,13,Typea,Toyota,Mail
2026-01-12 11:00:00,9.64091017152483,4.205814026567982,0.4362465733774989,0,0,13,0,1.119889326784,13,Typea,Toyota,Mail
2026-01-12 12:00:00,9.64091017152483,3.2596866310259167,0.33810984367986874,0,0,13,0,1.119889326784,13,Typea,Toyota,Mail
2026-01-12 13:00:00,9.64091017152483,3.4121978565515843,0.3539290166430316,0,0,13,0,1.119889326784,13,Typea,Toyota,Mail
2026-01-12 14:00:00,9.64091017152483,2.2931140348291326,0.23785244277060283,0,0,13,0,1.119889326784,13,Typea,Toyota,Mail
2026-01-12 15:00:00,9.64091017152483,2.6424037292736084,0.27408239287180075,0,0,13,0,1.119889326784,13,Typea,Toyota,Mail
2026-01-12 16:00:00,9.64091017152483,2.0550578805098745,0.21316015230384017,0,0,13,0,1.119889326784,13,Typea,Toyota,Mail
2026-01-12 17:00:00,9.64091017152483,1.079675240157396,0.1119889326784,0,0,13,0,1.119889326784,13,Typea,Toyota,Mail
2026-01-12 18:00:00,9.64091017152483,2.327202591747894,0.24138826628853632,0,0,13,0,1.119889326784,13,Typea,Toyota,Mail
2026-01-12 19:00:00,9.64091017152483,2.8803356113051635,0.298761793239445,0,0,13,0,1.119889326784,13,Typea,Toyota,Mail
2026-01-12 20:00:00,9.64091017152483,2.4525495101054346,0.25438983109180174,0,0,13,0,1.119889326784,13,Typea,Toyota,Mail
2026-01-12 21:00:00,0.0,0.0,0.0,1,1,13,100,1.0,13,Typea,Toyota,Mail
2026-01-12 22:00:00,0.0,0.0,0.0,1,1,13,100,1.0,13,Typea,Toyota,Mail
2026-01-12 23:00:00,0.0,0.0,0.0,1,1,13,100,1.0,13,Typea,Toyota,Mail
2026-01-13 00:00:00,0.0,0.0,0.0,1,1,13,100,1.0,13,Typea,Toyota,Mail
2026-01-13 01:00:00,0.0,0.0,0.0,1,1,13,100,1.0,13,Typea,Toyota,Mail
2026-01-13 02:00:00,0.0,0.0,0.0,1,1,13,100,1.0,13,Typea,Toyota,Mail
2026-01-13 03:00:00,0.0,0.0,0.0,1,1,13,100,1.0,13,Typea,Toyota,Mail
2026-01-13 04:00:00,0.0,0.0,0.0,1,1,13,100,1.0,13,Typea,Toyota,Mail
2026-01-13 05:00:00,0.0,0.0,0.0,1,1,13,100,1.0,13,Typea,Toyota,Mail
2026-01-13 06:00:00,0.0,0.0,0.0,1,1,13,100,1.0,13,Typea,Toyota,Mail
2026-01-13 07:00:00,9.107789903225916,1.6020994059947404,0.17590429983758057,0,0,13,0,1.12425024,13,Typea,Toyota,Mail
2026-01-13 08:00:00,9.107789903225916,4.45817878564896,0.48949073628388207,0,0,13,0,1.12425024,13,Typea,Toyota,Mail
2026-01-13 09:00:00,9.107789903225916,1.2149996716844176,0.13340225066611092,0,0,13,0,1.12425024,13,Typea,Toyota,Mail
2026-01-13 10:00:00,9.107789903225916,4.607745743057092,0.505912608,0,0,13,0,1.12425024,13,Typea,Toyota,Mail
2026-01-13 11:00:00,9.107789903225916,3.5649387291195125,0.3914164431764984,0,0,13,0,1.12425024,13,Typea,Toyota,Mail
2026-01-13 12:00:00,9.107789903225916,1.485523531849489,0.16310472108313862,0,0,13,0,1.12425024,13,Typea,Toyota,Mail
2026-01-13 13:00:00,9.107789903225916,4.569885375775125,0.5017556865421878,0,0,13,0,1.12425024,13,Typea,Toyota,Mail
2026-01-13 14:00:00,9.107789903225916,2.7205284329138233,0.29870346832992173,0,0,13,0,1.12425024,13,Typea,Toyota,Mail
2026-01-13 15:00:00,9.107789903225916,1.1306444157610647,0.12414037080067011,0,0,13,0,1.12425024,13,Typea,Toyota,Mail
2026-01-13 16:00:00,9.107789903225916,2.516092423927589,0.2762571876011772,0,0,13,0,1.12425024,13,Typea,Toyota,Mail
2026-01-13 17:00:00,9.107789903225916,3.416407824451875,0.37510832603218125,0,0,13,0,1.12425024,13,Typea,Toyota,Mail
2026-01-13 18:00:00,9.107789903225916,3.182695705703114,0.3494476420207964,0,0,13,0,1.12425024,13,Typea,Toyota,Mail
2026-01-13 19:00:00,9.107789903225916,1.5228309010436178,0.16720092549612303,0,0,13,0,1.12425024,13,Typea,Toyota,Mail
2026-01-13 20:00:00,9.107789903225916,1.5711758201480759,0.17250901007187006,0,0,13,0,1.12425024,13,Typea,Toyota,Mail
2026-01-13 21:00:00,0.0,0.0,0.0,1,1,13,100,1.0,13,Typea,Toyota,Mail
2026-01-13 22:00:00,0.0,0.0,0.0,1,1,13,100,1.0,13,Typea,Toyota,Mail
2026-01-13 23:00:00,0.0,0.0,0.0,1,1,13,100,1.0,13,Typea,Toyota,Mail
2026-01-14 00:00:00,0.0,0.0,0.0,1,1,13,100,1.0,13,Typea,Toyota,Mail
2026-01-14 01:00:00,0.0,0.0,0.0,1,1,13,100,1.0,13,Typea,Toyota,Mail
2026-01-14 02:00:00,0.0,0.0,0.0,1,1,13,100,1.0,13,Typea,Toyota,Mail
2026-01-14 03:00:00,0.0,0.0,0.0,1,1,13,100,1.0,13,Typea,Toyota,Mail
2026-01-14 04:00:00,0.0,0.0,0.0,1,1,13,100,1.0,13,Typea,Toyota,Mail
2026-01-14 05:00:00,0.0,0.0,0.0,1,1,13,100,1.0,13,Typea,Toyota,Mail
2026-01-14 06:00:00,0.0,0.0,0.0,1,1,13,100,1.0,13,Typea,Toyota,Mail
2026-01-14 07:00:00,0.0,0.0,0.0,1,1,13,100,1.0,13,Typea,Toyota,Mail
2026-01-14 08:00:00,0.0,0.0,0.0,1,1,13,100,1.0,13,Typea,Toyota,Mail
2026-01-14 09:00:00,12.433787004050995,1.3707939327291123,0.11024750000000001,0,0,13,0,1.102475,13,Typea,Toyota,Mail
2026-01-14 10:00:00,12.433787004050995,5.005284742671245,0.40255512990857056,0,0,13,0,1.102475,13,Typea,Toyota,Mail
2026-01-14 11:00:00,12.433787004050995,4.797513267868928,0.3858448971585144,0,0,13,0,1.102475,13,Typea,Toyota,Mail
2026-01-14 12:00:00,12.433787004050995,1.3707939327291123,0.11024750000000001,0,0,13,0,1.102475,13,Typea,Toyota,Mail
2026-01-14 13:00:00,12.433787004050995,4.333820710832287,0.34855195037684855,0,0,13,0,1.102475,13,Typea,Toyota,Mail
2026-01-14 14:00:00,12.433787004050995,5.696444458047553,0.45814235487479565,0,0,13,0,1.102475,13,Typea,Toyota,Mail
2026-01-14 15:00:00,12.433787004050995,3.444621811418326,0.2770372220704802,0,0,13,0,1.102475,13,Typea,Toyota,Mail
2026-01-14 16:00:00,12.433787004050995,6.168572697281005,0.4961137500000001,0,0,13,0,1.102475,13,Typea,Toyota,Mail
2026-01-14 17:00:00,12.433787004050995,3.9731698939349873,0.31954624062970577,0,0,13,0,1.102475,13,Typea,Toyota,Mail
2026-01-14 18:00:00,12.433787004050995,1.3707939327291123,0.11024750000000001,0,0,13,0,1.102475,13,Typea,Toyota,Mail
2026-01-14 19:00:00,12.433787004050995,1.3707939327291123,0.11024750000000001,0,0,13,0,1.102475,13,Typea,Toyota,Mail
2026-01-14 20:00:00,12.433787004050995,4.67099097578957,0.3756692127883271,0,0,13,0,1.102475,13,Typea,Toyota,Mail
2026-01-14 21:00:00,12.433787004050995,3.845793289262028,0.3093018472979349,0,0,13,0,1.102475,13,Typea,Toyota,Mail
2026-01-14 22:00:00,12.433787004050995,5.86763869026678,0.47191082558797826,0,0,13,0,1.102475,13,Typea,Toyota,Mail
2026-01-14 23:00:00,0.0,0.0,0.0,1,1,13,100,1.0,13,Typea,Toyota,Mail
2026-01-01 00:00:00,0.0,0.0,0.0,1,1,14,100,1.0,14,Typea,Toyota,Mail
2026-01-01 01:00:00,0.0,0.0,0.0,1,1,14,100,1.0,14,Typea,Toyota,Mail
2026-01-01 02:00:00,0.0,0.0,0.0,1,1,14,100,1.0,14,Typea,Toyota,Mail
2026-01-01 03:00:00,0.0,0.0,0.0,1,1,14,100,1.0,14,Typea,Toyota,Mail
2026-01-01 04:00:00,0.0,0.0,0.0,1,1,14,100,1.0,14,Typea,Toyota,Mail
2026-01-01 05:00:00,0.0,0.0,0.0,1,1,14,100,1.0,14,Typea,Toyota,Mail
2026-01-01 06:00:00,0.0,0.0,0.0,1,1,14,100,1.0,14,Typea,Toyota,Mail
2026-01-01 07:00:00,0.0,0.0,0.0,1,1,14,100,1.0,14,Typea,Toyota,Mail
2026-01-01 08:00:00,0.0,0.0,0.0,1,1,14,100,1.0,14,Typea,Toyota,Mail
2026-01-01 09:00:00,7.277775938710078,2.496946492368325,0.34309197114563644,0,0,14,0,1.1329772784640002,14,Typea,Toyota,Mail
2026-01-01 10:00:00,7.277775938710078,2.527375684732117,0.3472730826033196,0,0,14,0,1.1329772784640002,14,Typea,Toyota,Mail
2026-01-01 11:00:00,7.277775938710078,3.7104996493397375,0.5098397753088001,0,0,14,0,1.1329772784640002,14,Typea,Toyota,Mail
2026-01-01 12:00:00,7.277775938710078,2.9863568114065426,0.4103392075485973,0,0,14,0,1.1329772784640002,14,Typea,Toyota,Mail
2026-01-01 13:00:00,7.277775938710078,1.7469538160275657,0.24003951629447914,0,0,14,0,1.1329772784640002,14,Typea,Toyota,Mail
2026-01-01 14:00:00,7.277775938710078,2.6479700386353002,0.36384330335740317,0,0,14,0,1.1329772784640002,14,Typea,Toyota,Mail
2026-01-01 15:00:00,7.277775938710078,0.8245554776310529,0.11329772784640002,0,0,14,0,1.1329772784640002,14,Typea,Toyota,Mail
2026-01-01 16:00:00,7.277775938710078,2.5855952605069765,0.3552727209908101,0,0,14,0,1.1329772784640002,14,Typea,Toyota,Mail
2026-01-01 17:00:00,7.277775938710078,1.6427657325840157,0.22572359281442533,0,0,14,0,1.1329772784640002,14,Typea,Toyota,Mail
2026-01-01 18:00:00,7.277775938710078,1.8778006245252385,0.25801847162363484,0,0,14,0,1.1329772784640002,14,Typea,Toyota,Mail
2026-01-01 19:00:00,7.277775938710078,3.7104996493397375,0.5098397753088001,0,0,14,0,1.1329772784640002,14,Typea,Toyota,Mail
2026-01-01 20:00:00,7.277775938710078,2.375223734626469,0.3263667024966774,0,0,14,0,1.1329772784640002,14,Typea,Toyota,Mail
2026-01-01 21:00:00,0.0,0.0,0.0,1,1,14,100,1.0,14,Typea,Toyota,Mail
2026-01-01 22:00:00,0.0,0.0,0.0,1,1,14,100,1.0,14,Typea,Toyota,Mail
2026-01-01 23:00:00,0.0,0.0,0.0,1,1,14,100,1.0,14,Typea,Toyota,Mail
2026-01-02 00:00:00,0.0,0.0,0.0,1,1,14,100,1.0,14,Typea,Toyota,Mail
2026-01-02 01:00:00,0.0,0.0,0.0,1,1,14,100,1.0,14,Typea,Toyota,Mail
2026-01-02 02:00:00,0.0,0.0,0.0,1,1,14,100,1.0,14,Typea,Toyota,Mail
2026-01-02 03:00:00,0.0,0.0,0.0,1,1,14,100,1.0,14,Typea,Toyota,Mail
2026-01-02 04:00:00,0.0,0.0,0.0,1,1,14,100,1.0,14,Typea,Toyota,Mail
2026-01-02 05:00:00,0.0,0.0,0.0,1,1,14,100,1.0,14,Typea,Toyota,Mail
2026-01-02 06:00:00,0.0,0.0,0.0,1,1,14,100,1.0,14,Typea,Toyota,Mail
2026-01-02 07:00:00,7.261972047014753,3.4656535379079023,0.47723311456872947,0,0,14,0,1.23259004,14,Typea,Toyota,Mail
2026-01-02 08:00:00,7.261972047014753,1.7386918623105971,0.23942420200107178,0,0,14,0,1.23259004,14,Typea,Toyota,Mail
2026-01-02 09:00:00,7.261972047014753,2.706468086712055,0.3726905128786096,0,0,14,0,1.23259004,14,Typea,Toyota,Mail
2026-01-02 10:00:00,7.261972047014753,4.0279654871589585,0.5546655180000001,0,0,14,0,1.23259004,14,Typea,Toyota,Mail
2026-01-02 11:00:00,7.261972047014753,1.0013727535326293,0.13789267530219607,0,0,14,0,1.23259004,14,Typea,Toyota,Mail
2026-01-02 12:00:00,7.261972047014753,2.895415481673727,0.3987092573378842,0,0,14,0,1.23259004,14,Typea,Toyota,Mail
2026-01-02 13:00:00,7.261972047014753,0.8951034415908796,0.123259004,0,0,14,0,1.23259004,14,Typea,Toyota,Mail
2026-01-02 14:00:00,7.261972047014753,1.8234442005393896,0.2510949076551417,0,0,14,0,1.23259004,14,Typea,Toyota,Mail
2026-01-02 15:00:00,7.261972047014753,1.7459973361253907,0.24043019235293453,0,0,14,0,1.23259004,14,Typea,Toyota,Mail
2026-01-02 16:00:00,7.261972047014753,4.0279654871589585,0.5546655180000001,0,0,14,0,1.23259004,14,Typea,Toyota,Mail
2026-01-02 17:00:00,7.261972047014753,1.6924938542090688,0.23306256802583233,0,0,14,0,1.23259004,14,Typea,Toyota,Mail
2026-01-02 18:00:00,7.261972047014753,4.0279654871589585,0.5546655180000001,0,0,14,0,1.23259004,14,Typea,Toyota,Mail
2026-01-02 19:00:00,7.261972047014753,2.277472514101312,0.31361626006775034,0,0,14,0,1.23259004,14,Typea,Toyota,Mail
2026-01-02 20:00:00,7.261972047014753,2.4068581870474093,0.33143313847329103,0,0,14,0,1.23259004,14,Typea,Toyota,Mail
2026-01-02 21:00:00,0.0,0.0,0.0,1,1,14,100,1.0,14,Typea,Toyota,Mail
2026-01-02 22:00:00,0.0,0.0,0.0,1,1,14,100,1.0,14,Typea,Toyota,Mail
2026-01-02 23:00:00,0.0,0.0,0.0,1,1,14,100,1.0,14,Typea,Toyota,Mail
2026-01-03 00:00:00,0.0,0.0,0.0,1,1,14,100,1.0,14,Typea,Toyota,Mail
2026-01-03 01:00:00,0.0,0.0,0.0,1,1,14,100,1.0,14,Typea,Toyota,Mail
2026-01-03 02:00:00,0.0,0.0,0.0,1,1,14,100,1.0,14,Typea,Toyota,Mail
2026-01-03 03:00:00,0.0,0.0,0.0,1,1,14,100,1.0,14,Typea,Toyota,Mail
2026-01-03 04:00:00,0.0,0.0,0.0,1,1,14,100,1.0,14,Typea,Toyota,Mail
2026-01-03 05:00:00,0.0,0.0,0.0,1,1,14,100,1.0,14,Typea,Toyota,Mail
2026-01-03 06:00:00,0.0,0.0,0.0,1,1,14,100,1.0,14,Typea,Toyota,Mail
2026-01-03 07:00:00,0.0,0.0,0.0,1,1,14,100,1.0,14,Typea,Toyota,Mail
2026-01-03 08:00:00,7.80732455063238,0.9439438018722003,0.1209049010004,0,0,14,0,1.209049010004,14,Typea,Toyota,Mail
2026-01-03 09:00:00,7.80732455063238,1.3306040343177115,0.17043021917283238,0,0,14,0,1.209049010004,14,Typea,Toyota,Mail
2026-01-03 10:00:00,7.80732455063238,3.9926161918118446,0.5113936491199728,0,0,14,0,1.209049010004,14,Typea,Toyota,Mail
2026-01-03 11:00:00,7.80732455063238,2.6481559324238795,0.33918865742674725,0,0,14,0,1.209049010004,14,Typea,Toyota,Mail
2026-01-03 12:00:00,7.80732455063238,4.2477471084249006,0.5440720545018,0,0,14,0,1.209049010004,14,Typea,Toyota,Mail
2026-01-03 13:00:00,7.80732455063238,1.0048235218530521,0.12870267084921724,0,0,14,0,1.209049010004,14,Typea,Toyota,Mail
2026-01-03 14:00:00,7.80732455063238,2.016726464643936,0.2583121082728122,0,0,14,0,1.209049010004,14,Typea,Toyota,Mail
2026-01-03 15:00:00,7.80732455063238,4.2477471084249006,0.5440720545018,0,0,14,0,1.209049010004,14,Typea,Toyota,Mail
2026-01-03 16:00:00,7.80732455063238,2.8952984199739378,0.3708438660641338,0,0,14,0,1.209049010004,14,Typea,Toyota,Mail
2026-01-03 17:00:00,7.80732455063238,0.9439438018722003,0.1209049010004,0,0,14,0,1.209049010004,14,Typea,Toyota,Mail
2026-01-03 18:00:00,7.80732455063238,2.123580508828319,0.2719984925766039,0,0,14,0,1.209049010004,14,Typea,Toyota,Mail
2026-01-03 19:00:00,7.80732455063238,2.4185989527203153,0.30978588593763695,0,0,14,0,1.209049010004,14,Typea,Toyota,Mail
2026-01-03 20:00:00,7.80732455063238,4.2477471084249006,0.5440720545018,0,0,14,0,1.209049010004,14,Typea,Toyota,Mail
2026-01-03 21:00:00,0.0,0.0,0.0,1,1,14,100,1.0,14,Typea,Toyota,Mail
2026-01-03 22:00:00,0.0,0.0,0.0,1,1,14,100,1.0,14,Typea,Toyota,Mail
2026-01-03 23:00:00,0.0,0.0,0.0,1,1,14,100,1.0,14,Typea,Toyota,Mail
2026-01-04 00:00:00,0.0,0.0,0.0,1,1,14,100,1.0,14,Typea,Toyota,Mail
2026-01-04 01:00:00,0.0,0.0,0.0,1,1,14,100,1.0,14,Typea,Toyota,Mail
2026-01-04 02:00:00,0.0,0.0,0.0,1,1,14,100,1.0,14,Typea,Toyota,Mail
2026-01-04 03:00:00,0.0,0.0,0.0,1,1,14,100,1.0,14,Typea,Toyota,Mail
2026-01-04 04:00:00,0.0,0.0,0.0,1,1,14,100,1.0,14,Typea,Toyota,Mail
2026-01-04 05:00:00,0.0,0.0,0.0,1,1,14,100,1.0,14,Typea,Toyota,Mail
2026-01-04 06:00:00,0.0,0.0,0.0,1,1,14,100,1.0,14,Typea,Toyota,Mail
2026-01-04 07:00:00,4.099173560820454,1.5501460195648273,0.3781606210532262,0,0,14,0,1.3050301525,14,Typea,Toyota,Mail
2026-01-04 08:00:00,4.099173560820454,1.3068075472434235,0.31879780835185345,0,0,14,0,1.3050301525,14,Typea,Toyota,Mail
2026-01-04 09:00:00,4.099173560820454,1.8592146873754298,0.45355842093285414,0,0,14,0,1.3050301525,14,Typea,Toyota,Mail
2026-01-04 10:00:00,4.099173560820454,1.717572332920694,0.41900454016807237,0,0,14,0,1.3050301525,14,Typea,Toyota,Mail
2026-01-04 11:00:00,4.099173560820454,1.4404639030257407,0.35140349186323067,0,0,14,0,1.3050301525,14,Typea,Toyota,Mail
2026-01-04 12:00:00,4.099173560820454,0.6623118802162975,0.161572051143825,0,0,14,0,1.3050301525,14,Typea,Toyota,Mail
2026-01-04 13:00:00,4.099173560820454,0.5349545097201486,0.13050301525000002,0,0,14,0,1.3050301525,14,Typea,Toyota,Mail
2026-01-04 14:00:00,4.099173560820454,1.4383898245227762,0.35089751706802114,0,0,14,0,1.3050301525,14,Typea,Toyota,Mail
2026-01-04 15:00:00,4.099173560820454,2.0256976755572316,0.49417221435039366,0,0,14,0,1.3050301525,14,Typea,Toyota,Mail
2026-01-04 16:00:00,4.099173560820454,0.5349545097201486,0.13050301525000002,0,0,14,0,1.3050301525,14,Typea,Toyota,Mail
2026-01-04 17:00:00,4.099173560820454,0.5349545097201486,0.13050301525000002,0,0,14,0,1.3050301525,14,Typea,Toyota,Mail
2026-01-04 18:00:00,4.099173560820454,1.4914988296706853,0.36385354451109414,0,0,14,0,1.3050301525,14,Typea,Toyota,Mail
2026-01-04 19:00:00,4.099173560820454,2.353824723083175,0.5742193366928466,0,0,14,0,1.3050301525,14,Typea,Toyota,Mail
2026-01-04 20:00:00,0.0,0.0,0.0,1,1,14,100,1.0,14,Typea,Toyota,Mail
2026-01-04 21:00:00,0.0,0.0,0.0,1,1,14,100,1.0,14,Typea,Toyota,Mail
2026-01-04 22:00:00,0.0,0.0,0.0,1,1,14,100,1.0,14,Typea,Toyota,Mail
2026-01-04 23:00:00,0.0,0.0,0.0,1,1,14,100,1.0,14,Typea,Toyota,Mail
2026-01-05 00:00:00,0.0,0.0,0.0,1,1,14,100,1.0,14,Typea,Toyota,Mail
2026-01-05 01:00:00,0.0,0.0,0.0,1,1,14,100,1.0,14,Typea,Toyota,Mail
2026-01-05 02:00:00,0.0,0.0,0.0,1,1,14,100,1.0,14,Typea,Toyota,Mail
2026-01-05 03:00:00,0.0,0.0,0.0,1,1,14,100,1.0,14,Typea,Toyota,Mail
2026-01-05 04:00:00,0.0,0.0,0.0,1,1,14,100,1.0,14,Typea,Toyota,Mail
2026-01-05 05:00:00,0.0,0.0,0.0,1,1,14,100,1.0,14,Typea,Toyota,Mail
2026-01-05 06:00:00,0.0,0.0,0.0,1,1,14,100,1.0,14,Typea,Toyota,Mail
2026-01-05 07:00:00,0.0,0.0,0.0,1,1,14,100,1.0,14,Typea,Toyota,Mail
2026-01-05 08:00:00,8.848685134383059,4.882606332506281,0.5517889108218,0,0,14,0,1.226197579604,14,Typea,Toyota,Mail
2026-01-05 09:00:00,8.848685134383059,2.9126814357354145,0.32916545130730207,0,0,14,0,1.226197579604,14,Typea,Toyota,Mail
2026-01-05 10:00:00,8.848685134383059,1.0850236294458404,0.12261975796040002,0,0,14,0,1.226197579604,14,Typea,Toyota,Mail
2026-01-05 11:00:00,8.848685134383059,2.8869829417601536,0.32626123519101097,0,0,14,0,1.226197579604,14,Typea,Toyota,Mail
2026-01-05 12:00:00,8.848685134383059,4.381253787075619,0.4951304878112928,0,0,14,0,1.226197579604,14,Typea,Toyota,Mail
2026-01-05 13:00:00,8.848685134383059,1.9293438263700282,0.21803734646102813,0,0,14,0,1.226197579604,14,Typea,Toyota,Mail
2026-01-05 14:00:00,8.848685134383059,2.194238388479851,0.2479733830683801,0,0,14,0,1.226197579604,14,Typea,Toyota,Mail
2026-01-05 15:00:00,8.848685134383059,4.882606332506281,0.5517889108218,0,0,14,0,1.226197579604,14,Typea,Toyota,Mail
2026-01-05 16:00:00,8.848685134383059,1.899672743544799,0.2146841835475985,0,0,14,0,1.226197579604,14,Typea,Toyota,Mail
2026-01-05 17:00:00,8.848685134383059,3.035141524727061,0.3430048056443444,0,0,14,0,1.226197579604,14,Typea,Toyota,Mail
2026-01-05 18:00:00,8.848685134383059,3.844264911188137,0.43444476244844527,0,0,14,0,1.226197579604,14,Typea,Toyota,Mail
2026-01-05 19:00:00,8.848685134383059,2.720318914801655,0.3074263434045582,0,0,14,0,1.226197579604,14,Typea,Toyota,Mail
2026-01-05 20:00:00,0.0,0.0,0.0,1,1,14,100,1.0,14,Typea,Toyota,Mail
2026-01-05 21:00:00,0.0,0.0,0.0,1,1,14,100,1.0,14,Typea,Toyota,Mail
2026-01-05 22:00:00,0.0,0.0,0.0,1,1,14,100,1.0,14,Typea,Toyota,Mail
2026-01-05 23:00:00,0.0,0.0,0.0,1,1,14,100,1.0,14,Typea,Toyota,Mail
2026-01-06 00:00:00,0.0,0.0,0.0,1,1,14,100,1.0,14,Typea,Toyota,Mail
2026-01-06 01:00:00,0.0,0.0,0.0,1,1,14,100,1.0,14,Typea,Toyota,Mail
2026-01-06 02:00:00,0.0,0.0,0.0,1,1,14,100,1.0,14,Typea,Toyota,Mail
2026-01-06 03:00:00,0.0,0.0,0.0,1,1,14,100,1.0,14,Typea,Toyota,Mail
2026-01-06 04:00:00,0.0,0.0,0.0,1,1,14,100,1.0,14,Typea,Toyota,Mail
2026-01-06 05:00:00,0.0,0.0,0.0,1,1,14,100,1.0,14,Typea,Toyota,Mail
2026-01-06 06:00:00,0.0,0.0,0.0,1,1,14,100,1.0,14,Typea,Toyota,Mail
2026-01-06 07:00:00,0.0,0.0,0.0,1,1,14,100,1.0,14,Typea,Toyota,Mail
2026-01-06 08:00:00,9.93210620421884,3.2667426147959877,0.3289073382449717,0,0,14,0,1.3306301459840002,14,Typea,Toyota,Mail
2026-01-06 09:00:00,9.93210620421884,1.3215959928448309,0.13306301459840003,0,0,14,0,1.3306301459840002,14,Typea,Toyota,Mail
2026-01-06 10:00:00,9.93210620421884,1.807875017980728,0.18202332725890513,0,0,14,0,1.3306301459840002,14,Typea,Toyota,Mail
2026-01-06 11:00:00,9.93210620421884,5.947181967801739,0.5987835656928001,0,0,14,0,1.3306301459840002,14,Typea,Toyota,Mail
2026-01-06 12:00:00,9.93210620421884,2.0042647812906784,0.20179655151485704,0,0,14,0,1.3306301459840002,14,Typea,Toyota,Mail
2026-01-06 13:00:00,9.93210620421884,3.160046940248148,0.3181648358639038,0,0,14,0,1.3306301459840002,14,Typea,Toyota,Mail
2026-01-06 14:00:00,9.93210620421884,2.959153965893596,0.2979382122028299,0,0,14,0,1.3306301459840002,14,Typea,Toyota,Mail
2026-01-06 15:00:00,9.93210620421884,1.3215959928448309,0.13306301459840003,0,0,14,0,1.3306301459840002,14,Typea,Toyota,Mail
2026-01-06 16:00:00,9.93210620421884,2.7398128278445233,0.2758541613943615,0,0,14,0,1.3306301459840002,14,Typea,Toyota,Mail
2026-01-06 17:00:00,9.93210620421884,3.5564615674434754,0.3580772793118951,0,0,14,0,1.3306301459840002,14,Typea,Toyota,Mail
2026-01-06 18:00:00,9.93210620421884,1.3215959928448309,0.13306301459840003,0,0,14,0,1.3306301459840002,14,Typea,Toyota,Mail
2026-01-06 19:00:00,9.93210620421884,2.1757085869285318,0.21905812746991776,0,0,14,0,1.3306301459840002,14,Typea,Toyota,Mail
2026-01-06 20:00:00,9.93210620421884,3.267694363064835,0.32900316366702,0,0,14,0,1.3306301459840002,14,Typea,Toyota,Mail
2026-01-06 21:00:00,9.93210620421884,1.8337038996309183,0.18462387150592688,0,0,14,0,1.3306301459840002,14,Typea,Toyota,Mail
2026-01-06 22:00:00,0.0,0.0,0.0,1,1,14,100,1.0,14,Typea,Toyota,Mail
2026-01-06 23:00:00,0.0,0.0,0.0,1,1,14,100,1.0,14,Typea,Toyota,Mail
2026-01-07 00:00:00,0.0,0.0,0.0,1,1,14,100,1.0,14,Typea,Toyota,Mail
2026-01-07 01:00:00,0.0,0.0,0.0,1,1,14,100,1.0,14,Typea,Toyota,Mail
2026-01-07 02:00:00,0.0,0.0,0.0,1,1,14,100,1.0,14,Typea,Toyota,Mail
2026-01-07 03:00:00,0.0,0.0,0.0,1,1,14,100,1.0,14,Typea,Toyota,Mail
2026-01-07 04:00:00,0.0,0.0,0.0,1,1,14,100,1.0,14,Typea,Toyota,Mail
2026-01-07 05:00:00,0.0,0.0,0.0,1,1,14,100,1.0,14,Typea,Toyota,Mail
2026-01-07 06:00:00,0.0,0.0,0.0,1,1,14,100,1.0,14,Typea,Toyota,Mail
2026-01-07 07:00:00,8.291939892865155,3.08253244318684,0.3717504568308825,0,0,14,0,1.282756305344,14,Typea,Toyota,Mail
2026-01-07 08:00:00,8.291939892865155,4.380636689888718,0.5283005842406142,0,0,14,0,1.282756305344,14,Typea,Toyota,Mail
2026-01-07 09:00:00,8.291939892865155,1.063653818110623,0.12827563053440003,0,0,14,0,1.282756305344,14,Typea,Toyota,Mail
2026-01-07 10:00:00,8.291939892865155,3.018315746767848,0.3640059848196649,0,0,14,0,1.282756305344,14,Typea,Toyota,Mail
2026-01-07 11:00:00,8.291939892865155,3.5429918306195067,0.4272814174241776,0,0,14,0,1.282756305344,14,Typea,Toyota,Mail
2026-01-07 12:00:00,8.291939892865155,1.752317619146042,0.21132782458467084,0,0,14,0,1.282756305344,14,Typea,Toyota,Mail
2026-01-07 13:00:00,8.291939892865155,2.4481461647775538,0.2952440799630101,0,0,14,0,1.282756305344,14,Typea,Toyota,Mail
2026-01-07 14:00:00,8.291939892865155,1.8995775733020863,0.22908723384941418,0,0,14,0,1.282756305344,14,Typea,Toyota,Mail
2026-01-07 15:00:00,8.291939892865155,4.786442181497804,0.5772403374048001,0,0,14,0,1.282756305344,14,Typea,Toyota,Mail
2026-01-07 16:00:00,8.291939892865155,4.786442181497804,0.5772403374048001,0,0,14,0,1.282756305344,14,Typea,Toyota,Mail
2026-01-07 17:00:00,8.291939892865155,3.276960164412921,0.3951982535754509,0,0,14,0,1.282756305344,14,Typea,Toyota,Mail
2026-01-07 18:00:00,8.291939892865155,4.043594314940733,0.4876535970093157,0,0,14,0,1.282756305344,14,Typea,Toyota,Mail
2026-01-07 19:00:00,8.291939892865155,1.6985541801628932,0.2048440053966652,0,0,14,0,1.282756305344,14,Typea,Toyota,Mail
2026-01-07 20:00:00,8.291939892865155,1.063653818110623,0.12827563053440003,0,0,14,0,1.282756305344,14,Typea,Toyota,Mail
2026-01-07 21:00:00,0.0,0.0,0.0,1,1,14,100,1.0,14,Typea,Toyota,Mail
2026-01-07 22:00:00,0.0,0.0,0.0,1,1,14,100,1.0,14,Typea,Toyota,Mail
2026-01-07 23:00:00,0.0,0.0,0.0,1,1,14,100,1.0,14,Typea,Toyota,Mail
2026-01-08 00:00:00,0.0,0.0,0.0,1,1,14,100,1.0,14,Typea,Toyota,Mail
2026-01-08 01:00:00,0.0,0.0,0.0,1,1,14,100,1.0,14,Typea,Toyota,Mail
2026-01-08 02:00:00,0.0,0.0,0.0,1,1,14,100,1.0,14,Typea,Toyota,Mail
2026-01-08 03:00:00,0.0,0.0,0.0,1,1,14,100,1.0,14,Typea,Toyota,Mail
2026-01-08 04:00:00,0.0,0.0,0.0,1,1,14,100,1.0,14,Typea,Toyota,Mail
2026-01-08 05:00:00,0.0,0.0,0.0,1,1,14,100,1.0,14,Typea,Toyota,Mail
2026-01-08 06:00:00,0.0,0.0,0.0,1,1,14,100,1.0,14,Typea,Toyota,Mail
2026-01-08 07:00:00,10.101422468291736,3.7478620821212076,0.371023199345014,0,0,14,0,1.176585222144,14,Typea,Toyota,Mail
2026-01-08 08:00:00,10.101422468291736,3.3986855841773638,0.33645613722679196,0,0,14,0,1.176585222144,14,Typea,Toyota,Mail
2026-01-08 09:00:00,10.101422468291736,5.065579774630899,0.5014719254176037,0,0,14,0,1.176585222144,14,Typea,Toyota,Mail
2026-01-08 10:00:00,10.101422468291736,3.0383997946077805,0.30078930013523214,0,0,14,0,1.176585222144,14,Typea,Toyota,Mail
2026-01-08 11:00:00,10.101422468291736,1.5863455290181796,0.15704179624183645,0,0,14,0,1.176585222144,14,Typea,Toyota,Mail
2026-01-08 12:00:00,10.101422468291736,2.3616974670304725,0.2337985045614929,0,0,14,0,1.176585222144,14,Typea,Toyota,Mail
2026-01-08 13:00:00,10.101422468291736,3.8406514558022673,0.3802089723361273,0,0,14,0,1.176585222144,14,Typea,Toyota,Mail
2026-01-08 14:00:00,10.101422468291736,1.5465912253922258,0.15310628084776776,0,0,14,0,1.176585222144,14,Typea,Toyota,Mail
2026-01-08 15:00:00,10.101422468291736,2.6858311635118755,0.26588643054408156,0,0,14,0,1.176585222144,14,Typea,Toyota,Mail
2026-01-08 16:00:00,10.101422468291736,2.7366532513711075,0.27091761184738433,0,0,14,0,1.176585222144,14,Typea,Toyota,Mail
2026-01-08 17:00:00,10.101422468291736,1.7389121228634983,0.17214527244276004,0,0,14,0,1.176585222144,14,Typea,Toyota,Mail
2026-01-08 18:00:00,10.101422468291736,2.6995641557160055,0.2672459412711339,0,0,14,0,1.176585222144,14,Typea,Toyota,Mail
2026-01-08 19:00:00,10.101422468291736,5.348332979471441,0.5294633499648,0,0,14,0,1.176585222144,14,Typea,Toyota,Mail
2026-01-08 20:00:00,0.0,0.0,0.0,1,1,14,100,1.0,14,Typea,Toyota,Mail
2026-01-08 21:00:00,0.0,0.0,0.0,1,1,14,100,1.0,14,Typea,Toyota,Mail
2026-01-08 22:00:00,0.0,0.0,0.0,1,1,14,100,1.0,14,Typea,Toyota,Mail
2026-01-08 23:00:00,0.0,0.0,0.0,1,1,14,100,1.0,14,Typea,Toyota,Mail
2026-01-09 00:00:00,0.0,0.0,0.0,1,1,14,100,1.0,14,Typea,Toyota,Mail
2026-01-09 01:00:00,0.0,0.0,0.0,1,1,14,100,1.0,14,Typea,Toyota,Mail
2026-01-09 02:00:00,0.0,0.0,0.0,1,1,14,100,1.0,14,Typea,Toyota,Mail
2026-01-09 03:00:00,0.0,0.0,0.0,1,1,14,100,1.0,14,Typea,Toyota,Mail
2026-01-09 04:00:00,0.0,0.0,0.0,1,1,14,100,1.0,14,Typea,Toyota,Mail
2026-01-09 05:00:00,0.0,0.0,0.0,1,1,14,100,1.0,14,Typea,Toyota,Mail
2026-01-09 06:00:00,0.0,0.0,0.0,1,1,14,100,1.0,14,Typea,Toyota,Mail
2026-01-09 07:00:00,11.605425632048483,2.5243806950697505,0.2175172867506601,0,0,14,0,1.137342385344,14,Typea,Toyota,Mail
2026-01-09 08:00:00,11.605425632048483,3.8210662215445086,0.32924826220872083,0,0,14,0,1.137342385344,14,Typea,Toyota,Mail
2026-01-09 09:00:00,11.605425632048483,1.319934247128642,0.1137342385344,0,0,14,0,1.137342385344,14,Typea,Toyota,Mail
2026-01-09 10:00:00,11.605425632048483,3.193551320284319,0.27517744040901865,0,0,14,0,1.137342385344,14,Typea,Toyota,Mail
2026-01-09 11:00:00,11.605425632048483,2.141858358848799,0.18455663986455081,0,0,14,0,1.137342385344,14,Typea,Toyota,Mail
2026-01-09 12:00:00,11.605425632048483,5.206450296467927,0.4486220894897874,0,0,14,0,1.137342385344,14,Typea,Toyota,Mail
2026-01-09 13:00:00,11.605425632048483,4.091437896330168,0.3525452685709025,0,0,14,0,1.137342385344,14,Typea,Toyota,Mail
2026-01-09 14:00:00,11.605425632048483,3.426016263634039,0.29520815282923063,0,0,14,0,1.137342385344,14,Typea,Toyota,Mail
2026-01-09 15:00:00,11.605425632048483,3.759149597626218,0.32391311760641456,0,0,14,0,1.137342385344,14,Typea,Toyota,Mail
2026-01-09 16:00:00,11.605425632048483,2.623516068032612,0.22605944419545884,0,0,14,0,1.137342385344,14,Typea,Toyota,Mail
2026-01-09 17:00:00,11.605425632048483,3.276107099803001,0.2822909907548762,0,0,14,0,1.137342385344,14,Typea,Toyota,Mail
2026-01-09 18:00:00,11.605425632048483,2.683815782574323,0.2312552652237883,0,0,14,0,1.137342385344,14,Typea,Toyota,Mail
2026-01-09 19:00:00,11.605425632048483,3.094002421394953,0.26659965084355364,0,0,14,0,1.137342385344,14,Typea,Toyota,Mail
2026-01-09 20:00:00,0.0,0.0,0.0,1,1,14,100,1.0,14,Typea,Toyota,Mail
2026-01-09 21:00:00,0.0,0.0,0.0,1,1,14,100,1.0,14,Typea,Toyota,Mail
2026-01-09 22:00:00,0.0,0.0,0.0,1,1,14,100,1.0,14,Typea,Toyota,Mail
2026-01-09 23:00:00,0.0,0.0,0.0,1,1,14,100,1.0,14,Typea,Toyota,Mail
2026-01-10 00:00:00,0.0,0.0,0.0,1,1,14,100,1.0,14,Typea,Toyota,Mail
2026-01-10 01:00:00,0.0,0.0,0.0,1,1,14,100,1.0,14,Typea,Toyota,Mail
2026-01-10 02:00:00,0.0,0.0,0.0,1,1,14,100,1.0,14,Typea,Toyota,Mail
2026-01-10 03:00:00,0.0,0.0,0.0,1,1,14,100,1.0,14,Typea,Toyota,Mail
2026-01-10 04:00:00,0.0,0.0,0.0,1,1,14,100,1.0,14,Typea,Toyota,Mail
2026-01-10 05:00:00,0.0,0.0,0.0,1,1,14,100,1.0,14,Typea,Toyota,Mail
2026-01-10 06:00:00,0.0,0.0,0.0,1,1,14,100,1.0,14,Typea,Toyota,Mail
2026-01-10 07:00:00,0.0,0.0,0.0,1,1,14,100,1.0,14,Typea,Toyota,Mail
2026-01-10 08:00:00,5.0030190638697745,1.933593220979963,0.38648527944731675,0,0,14,0,1.18961004,14,Typea,Toyota,Mail
2026-01-10 09:00:00,5.0030190638697745,1.5425056739112115,0.3083149702647949,0,0,14,0,1.18961004,14,Typea,Toyota,Mail
2026-01-10 10:00:00,5.0030190638697745,2.349200126401671,0.46955650106689645,0,0,14,0,1.18961004,14,Typea,Toyota,Mail
2026-01-10 11:00:00,5.0030190638697745,1.5635677702899973,0.3125248475628627,0,0,14,0,1.18961004,14,Typea,Toyota,Mail
2026-01-10 12:00:00,5.0030190638697745,1.7357587374396597,0.3469422593199298,0,0,14,0,1.18961004,14,Typea,Toyota,Mail
2026-01-10 13:00:00,5.0030190638697745,0.5951641708690886,0.11896100400000001,0,0,14,0,1.18961004,14,Typea,Toyota,Mail
2026-01-10 14:00:00,5.0030190638697745,2.1890065391065345,0.43753711732078926,0,0,14,0,1.18961004,14,Typea,Toyota,Mail
2026-01-10 15:00:00,5.0030190638697745,0.6720498596180103,0.13432886244054965,0,0,14,0,1.18961004,14,Typea,Toyota,Mail
2026-01-10 16:00:00,5.0030190638697745,1.4320479541669675,0.2862367574228861,0,0,14,0,1.18961004,14,Typea,Toyota,Mail
2026-01-10 17:00:00,5.0030190638697745,2.6782387689108984,0.535324518,0,0,14,0,1.18961004,14,Typea,Toyota,Mail
2026-01-10 18:00:00,5.0030190638697745,1.0083645712167466,0.20155121504509899,0,0,14,0,1.18961004,14,Typea,Toyota,Mail
2026-01-10 19:00:00,5.0030190638697745,1.2343148475934587,0.24671400045370426,0,0,14,0,1.18961004,14,Typea,Toyota,Mail
2026-01-10 20:00:00,0.0,0.0,0.0,1,1,14,100,1.0,14,Typea,Toyota,Mail
2026-01-10 21:00:00,0.0,0.0,0.0,1,1,14,100,1.0,14,Typea,Toyota,Mail
2026-01-10 22:00:00,0.0,0.0,0.0,1,1,14,100,1.0,14,Typea,Toyota,Mail
2026-01-10 23:00:00,0.0,0.0,0.0,1,1,14,100,1.0,14,Typea,Toyota,Mail
2026-01-11 00:00:00,0.0,0.0,0.0,1,1,14,100,1.0,14,Typea,Toyota,Mail
2026-01-11 01:00:00,0.0,0.0,0.0,1,1,14,100,1.0,14,Typea,Toyota,Mail
2026-01-11 02:00:00,0.0,0.0,0.0,1,1,14,100,1.0,14,Typea,Toyota,Mail
2026-01-11 03:00:00,0.0,0.0,0.0,1,1,14,100,1.0,14,Typea,Toyota,Mail
2026-01-11 04:00:00,0.0,0.0,0.0,1,1,14,100,1.0,14,Typea,Toyota,Mail
2026-01-11 05:00:00,0.0,0.0,0.0,1,1,14,100,1.0,14,Typea,Toyota,Mail
2026-01-11 06:00:00,0.0,0.0,0.0,1,1,14,100,1.0,14,Typea,Toyota,Mail
2026-01-11 07:00:00,0.0,0.0,0.0,1,1,14,100,1.0,14,Typea,Toyota,Mail
2026-01-11 08:00:00,0.0,0.0,0.0,1,1,14,100,1.0,14,Typea,Toyota,Mail
2026-01-11 09:00:00,7.0552822484416815,3.5624327026036204,0.5049312808698,0,0,14,0,1.122069513044,14,Typea,Toyota,Mail
2026-01-11 10:00:00,7.0552822484416815,1.7113550634889712,0.24256365701981128,0,0,14,0,1.122069513044,14,Typea,Toyota,Mail
2026-01-11 11:00:00,7.0552822484416815,3.0177865055823765,0.42773434135096766,0,0,14,0,1.122069513044,14,Typea,Toyota,Mail
2026-01-11 12:00:00,7.0552822484416815,1.5592559957682601,0.22100547375162163,0,0,14,0,1.122069513044,14,Typea,Toyota,Mail
2026-01-11 13:00:00,7.0552822484416815,3.5624327026036204,0.5049312808698,0,0,14,0,1.122069513044,14,Typea,Toyota,Mail
2026-01-11 14:00:00,7.0552822484416815,2.1035973192704893,0.29815920117655337,0,0,14,0,1.122069513044,14,Typea,Toyota,Mail
2026-01-11 15:00:00,7.0552822484416815,1.3930147817494891,0.19744281414923803,0,0,14,0,1.122069513044,14,Typea,Toyota,Mail
2026-01-11 16:00:00,7.0552822484416815,2.4952993664132754,0.35367817736341,0,0,14,0,1.122069513044,14,Typea,Toyota,Mail
2026-01-11 17:00:00,7.0552822484416815,2.418319233043765,0.34276718462651234,0,0,14,0,1.122069513044,14,Typea,Toyota,Mail
2026-01-11 18:00:00,7.0552822484416815,0.9590916549043963,0.13593951611450178,0,0,14,0,1.122069513044,14,Typea,Toyota,Mail
2026-01-11 19:00:00,7.0552822484416815,3.5624327026036204,0.5049312808698,0,0,14,0,1.122069513044,14,Typea,Toyota,Mail
2026-01-11 20:00:00,7.0552822484416815,3.5624327026036204,0.5049312808698,0,0,14,0,1.122069513044,14,Typea,Toyota,Mail
2026-01-11 21:00:00,7.0552822484416815,3.044484612555694,0.4315184716002166,0,0,14,0,1.122069513044,14,Typea,Toyota,Mail
2026-01-11 22:00:00,0.0,0.0,0.0,1,1,14,100,1.0,14,Typea,Toyota,Mail
2026-01-11 23:00:00,0.0,0.0,0.0,1,1,14,100,1.0,14,Typea,Toyota,Mail
2026-01-12 00:00:00,0.0,0.0,0.0,1,1,14,100,1.0,14,Typea,Toyota,Mail
2026-01-12 01:00:00,0.0,0.0,0.0,1,1,14,100,1.0,14,Typea,Toyota,Mail
2026-01-12 02:00:00,0.0,0.0,0.0,1,1,14,100,1.0,14,Typea,Toyota,Mail
2026-01-12 03:00:00,0.0,0.0,0.0,1,1,14,100,1.0,14,Typea,Toyota,Mail
2026-01-12 04:00:00,0.0,0.0,0.0,1,1,14,100,1.0,14,Typea,Toyota,Mail
2026-01-12 05:00:00,0.0,0.0,0.0,1,1,14,100,1.0,14,Typea,Toyota,Mail
2026-01-12 06:00:00,0.0,0.0,0.0,1,1,14,100,1.0,14,Typea,Toyota,Mail
2026-01-12 07:00:00,0.0,0.0,0.0,1,1,14,100,1.0,14,Typea,Toyota,Mail
2026-01-12 08:00:00,0.0,0.0,0.0,1,1,14,100,1.0,14,Typea,Toyota,Mail
2026-01-12 09:00:00,11.58564400545554,3.3171580044135074,0.2863162378242847,0,0,14,0,1.119889326784,14,Typea,Toyota,Mail
2026-01-12 10:00:00,11.58564400545554,1.297463906562869,0.1119889326784,0,0,14,0,1.119889326784,14,Typea,Toyota,Mail
2026-01-12 11:00:00,11.58564400545554,1.297463906562869,0.1119889326784,0,0,14,0,1.119889326784,14,Typea,Toyota,Mail
2026-01-12 12:00:00,11.58564400545554,2.605369188324348,0.2248790992626315,0,0,14,0,1.119889326784,14,Typea,Toyota,Mail
2026-01-12 13:00:00,11.58564400545554,4.0179250582331,0.34680204711461077,0,0,14,0,1.119889326784,14,Typea,Toyota,Mail
2026-01-12 14:00:00,11.58564400545554,1.297463906562869,0.1119889326784,0,0,14,0,1.119889326784,14,Typea,Toyota,Mail
2026-01-12 15:00:00,11.58564400545554,1.297463906562869,0.1119889326784,0,0,14,0,1.119889326784,14,Typea,Toyota,Mail
2026-01-12 16:00:00,11.58564400545554,2.09471887091615,0.18080297218952804,0,0,14,0,1.119889326784,14,Typea,Toyota,Mail
2026-01-12 17:00:00,11.58564400545554,2.64450327155379,0.22825690745447774,0,0,14,0,1.119889326784,14,Typea,Toyota,Mail
2026-01-12 18:00:00,11.58564400545554,2.6611719942290186,0.22969564686916885,0,0,14,0,1.119889326784,14,Typea,Toyota,Mail
2026-01-12 19:00:00,11.58564400545554,4.315089756065613,0.3724514367983074,0,0,14,0,1.119889326784,14,Typea,Toyota,Mail
2026-01-12 20:00:00,11.58564400545554,3.4656509903873074,0.29913321941839177,0,0,14,0,1.119889326784,14,Typea,Toyota,Mail
2026-01-12 21:00:00,0.0,0.0,0.0,1,1,14,100,1.0,14,Typea,Toyota,Mail
2026-01-12 22:00:00,0.0,0.0,0.0,1,1,14,100,1.0,14,Typea,Toyota,Mail
2026-01-12 23:00:00,0.0,0.0,0.0,1,1,14,100,1.0,14,Typea,Toyota,Mail
2026-01-13 00:00:00,0.0,0.0,0.0,1,1,14,100,1.0,14,Typea,Toyota,Mail
2026-01-13 01:00:00,0.0,0.0,0.0,1,1,14,100,1.0,14,Typea,Toyota,Mail
2026-01-13 02:00:00,0.0,0.0,0.0,1,1,14,100,1.0,14,Typea,Toyota,Mail
2026-01-13 03:00:00,0.0,0.0,0.0,1,1,14,100,1.0,14,Typea,Toyota,Mail
2026-01-13 04:00:00,0.0,0.0,0.0,1,1,14,100,1.0,14,Typea,Toyota,Mail
2026-01-13 05:00:00,0.0,0.0,0.0,1,1,14,100,1.0,14,Typea,Toyota,Mail
2026-01-13 06:00:00,0.0,0.0,0.0,1,1,14,100,1.0,14,Typea,Toyota,Mail
2026-01-13 07:00:00,0.0,0.0,0.0,1,1,14,100,1.0,14,Typea,Toyota,Mail
2026-01-13 08:00:00,0.0,0.0,0.0,1,1,14,100,1.0,14,Typea,Toyota,Mail
2026-01-13 09:00:00,8.220205334599022,4.158705519122504,0.505912608,0,0,14,0,1.12425024,14,Typea,Toyota,Mail
2026-01-13 10:00:00,8.220205334599022,0.9241567820272232,0.11242502400000001,0,0,14,0,1.12425024,14,Typea,Toyota,Mail
2026-01-13 11:00:00,8.220205334599022,2.2442567257919044,0.27301711264386297,0,0,14,0,1.12425024,14,Typea,Toyota,Mail
2026-01-13 12:00:00,8.220205334599022,0.9241567820272232,0.11242502400000001,0,0,14,0,1.12425024,14,Typea,Toyota,Mail
2026-01-13 13:00:00,8.220205334599022,2.114155667008655,0.25719012858597684,0,0,14,0,1.12425024,14,Typea,Toyota,Mail
2026-01-13 14:00:00,8.220205334599022,3.0743773644529835,0.3740025022870003,0,0,14,0,1.12425024,14,Typea,Toyota,Mail
2026-01-13 15:00:00,8.220205334599022,1.7900914387241758,0.2177672413108274,0,0,14,0,1.12425024,14,Typea,Toyota,Mail
2026-01-13 16:00:00,8.220205334599022,0.9241567820272232,0.11242502400000001,0,0,14,0,1.12425024,14,Typea,Toyota,Mail
2026-01-13 17:00:00,8.220205334599022,1.9592005253737172,0.23833960900312307,0,0,14,0,1.12425024,14,Typea,Toyota,Mail
2026-01-13 18:00:00,8.220205334599022,0.9241567820272232,0.11242502400000001,0,0,14,0,1.12425024,14,Typea,Toyota,Mail
2026-01-13 19:00:00,8.220205334599022,0.9241567820272232,0.11242502400000001,0,0,14,0,1.12425024,14,Typea,Toyota,Mail
2026-01-13 20:00:00,8.220205334599022,1.6978332625168306,0.20654389925889244,0,0,14,0,1.12425024,14,Typea,Toyota,Mail
2026-01-13 21:00:00,8.220205334599022,3.0561819486343467,0.37178900334409054,0,0,14,0,1.12425024,14,Typea,Toyota,Mail
2026-01-13 22:00:00,0.0,0.0,0.0,1,1,14,100,1.0,14,Typea,Toyota,Mail
2026-01-13 23:00:00,0.0,0.0,0.0,1,1,14,100,1.0,14,Typea,Toyota,Mail
2026-01-14 00:00:00,0.0,0.0,0.0,1,1,14,100,1.0,14,Typea,Toyota,Mail
2026-01-14 01:00:00,0.0,0.0,0.0,1,1,14,100,1.0,14,Typea,Toyota,Mail
2026-01-14 02:00:00,0.0,0.0,0.0,1,1,14,100,1.0,14,Typea,Toyota,Mail
2026-01-14 03:00:00,0.0,0.0,0.0,1,1,14,100,1.0,14,Typea,Toyota,Mail
2026-01-14 04:00:00,0.0,0.0,0.0,1,1,14,100,1.0,14,Typea,Toyota,Mail
2026-01-14 05:00:00,0.0,0.0,0.0,1,1,14,100,1.0,14,Typea,Toyota,Mail
2026-01-14 06:00:00,0.0,0.0,0.0,1,1,14,100,1.0,14,Typea,Toyota,Mail
2026-01-14 07:00:00,0.0,0.0,0.0,1,1,14,100,1.0,14,Typea,Toyota,Mail
2026-01-14 08:00:00,8.879696285830184,2.042505166831169,0.23001971025636384,0,0,14,0,1.102475,14,Typea,Toyota,Mail
2026-01-14 09:00:00,8.879696285830184,2.531184587903465,0.2850530588464624,0,0,14,0,1.102475,14,Typea,Toyota,Mail
2026-01-14 10:00:00,8.879696285830184,3.755254748192591,0.42290351238533413,0,0,14,0,1.102475,14,Typea,Toyota,Mail
2026-01-14 11:00:00,8.879696285830184,2.0275937219908027,0.2283404360604478,0,0,14,0,1.102475,14,Typea,Toyota,Mail
2026-01-14 12:00:00,8.879696285830184,2.1823288907725256,0.24576616367555126,0,0,14,0,1.102475,14,Typea,Toyota,Mail
2026-01-14 13:00:00,8.879696285830184,4.2742446605841184,0.4813503213397922,0,0,14,0,1.102475,14,Typea,Toyota,Mail
2026-01-14 14:00:00,8.879696285830184,1.1475450531539615,0.1292324665411318,0,0,14,0,1.102475,14,Typea,Toyota,Mail
2026-01-14 15:00:00,8.879696285830184,2.910744336043924,0.3277977356825546,0,0,14,0,1.102475,14,Typea,Toyota,Mail
2026-01-14 16:00:00,8.879696285830184,4.405339423224285,0.4961137500000001,0,0,14,0,1.102475,14,Typea,Toyota,Mail
2026-01-14 17:00:00,8.879696285830184,0.9789643162720634,0.11024750000000001,0,0,14,0,1.102475,14,Typea,Toyota,Mail
2026-01-14 18:00:00,8.879696285830184,4.405339423224285,0.4961137500000001,0,0,14,0,1.102475,14,Typea,Toyota,Mail
2026-01-14 19:00:00,8.879696285830184,0.9789643162720634,0.11024750000000001,0,0,14,0,1.102475,14,Typea,Toyota,Mail
2026-01-14 20:00:00,8.879696285830184,2.616671428638667,0.2946802845964712,0,0,14,0,1.102475,14,Typea,Toyota,Mail
2026-01-14 21:00:00,8.879696285830184,2.128231158937545,0.239673868388233,0,0,14,0,1.102475,14,Typea,Toyota,Mail
2026-01-14 22:00:00,0.0,0.0,0.0,1,1,14,100,1.0,14,Typea,Toyota,Mail
2026-01-14 23:00:00,0.0,0.0,0.0,1,1,14,100,1.0,14,Typea,Toyota,Mail
