date,Distance_km_Vehicle_0,Distance_km_Vehicle_1,Distance_km_Vehicle_10,Distance_km_Vehicle_11,Distance_km_Vehicle_12,Distance_km_Vehicle_13,Distance_km_Vehicle_14,Distance_km_Vehicle_15,Distance_km_Vehicle_16,Distance_km_Vehicle_17,Distance_km_Vehicle_18,Distance_km_Vehicle_19,Distance_km_Vehicle_2,Distance_km_Vehicle_20,Distance_km_Vehicle_21,Distance_km_Vehicle_22,Distance_km_Vehicle_23,Distance_km_Vehicle_24,Distance_km_Vehicle_25,Distance_km_Vehicle_26,Distance_km_Vehicle_27,Distance_km_Vehicle_28,Distance_km_Vehicle_29,Distance_km_Vehicle_3,Distance_km_Vehicle_4,Distance_km_Vehicle_5,Distance_km_Vehicle_6,Distance_km_Vehicle_7,Distance_km_Vehicle_8,Distance_km_Vehicle_9
2026-01-01 00:00:00,0.0,0.0,0.0,0.0,0.0,0.0,0.0,0.0,0.0,0.0,0.0,0.0,0.0,0.0,0.0,0.0,0.0,0.0,0.0,0.0,0.0,0.0,0.0,0.0,0.0,0.0,0.0,0.0,0.0,0.0
2026-01-01 01:00:00,0.0,0.0,0.0,0.0,0.0,0.0,0.0,0.0,0.0,0.0,0.0,0.0,0.0,0.0,0.0,0.0,0.0,0.0,0.0,0.0,0.0,0.0,0.0,0.0,0.0,0.0,0.0,0.0,0.0,0.0
2026-01-01 02:00:00,0.0,0.0,0.0,0.0,0.0,0.0,0.0,0.0,0.0,0.0,0.0,0.0,0.0,0.0,0.0,0.0,0.0,0.0,0.0,0.0,0.0,0.0,0.0,0.0,0.0,0.0,0.0,0.0,0.0,0.0
2026-01-01 03:00:00,0.0,0.0,0.0,0.0,0.0,0.0,0.0,0.0,0.0,0.0,0.0,0.0,0.0,0.0,0.0,0.0,0.0,0.0,0.0,0.0,0.0,0.0,0.0,0.0,0.0,0.0,0.0,0.0,0.0,0.0
2026-01-01 04:00:00,0.0,0.0,0.0,0.0,0.0,0.0,0.0,0.0,0.0,0.0,0.0,0.0,0.0,0.0,0.0,0.0,0.0,0.0,0.0,0.0,0.0,0.0,0.0,0.0,0.0,0.0,0.0,0.0,0.0,0.0
2026-01-01 05:00:00,0.0,0.0,0.0,0.0,0.0,0.0,0.0,0.0,0.0,0.0,0.0,0.0,0.0,0.0,0.0,0.0,0.0,0.0,0.0,0.0,0.0,0.0,0.0,0.0,0.0,0.0,0.0,0.0,0.0,0.0
2026-01-01 06:00:00,0.0,0.0,0.0,0.0,0.0,0.0,0.0,0.0,0.0,0.0,0.0,0.0,0.0,0.0,0.0,0.0,0.0,0.0,0.0,0.0,0.0,0.0,0.0,0.0,0.0,0.0,0.0,0.0,0.0,0.0
2026-01-01 07:00:00,0.0,0.0,8.324382985279513,0.0,0.0,0.0,0.0,0.0,7.135857793328414,0.0,0.0,0.0,0.0,0.0,0.0,0.0,0.0,6.433445124079917,0.0,0.0,0.0,0.0,0.0,8.271994106797772,0.0,0.0,0.0,0.0,0.0,0.0
2026-01-01 08:00:00,0.0,10.429633703603528,8.324382985279513,9.474397890131108,7.997622252544647,10.129313479026724,0.0,0.0,7.135857793328414,10.71997192298239,9.970920016260816,8.465676984103393,0.0,0.0,0.0,0.0,0.0,6.433445124079917,15.212858979357232,9.78300869705936,6.04953606757948,12.550022368278677,8.249151050388102,8.271994106797772,0.0,0.0,10.839787405132135,0.0,11.944531086608226,0.0
2026-01-01 09:00:00,12.562374935790768,10.429633703603528,8.324382985279513,9.474397890131108,7.997622252544647,10.129313479026724,7.277775938710078,11.898948103862464,7.135857793328414,10.71997192298239,9.970920016260816,8.465676984103393,9.836078536106914,9.357292805321645,12.840879960556482,9.839544429003125,8.928684046391686,6.433445124079917,15.212858979357232,9.78300869705936,6.04953606757948,12.550022368278677,8.249151050388102,8.271994106797772,10.737641347542557,11.15602253129213,10.839787405132135,0.0,11.944531086608226,10.339729348424171
2026-01-01 10:00:00,12.562374935790768,10.429633703603528,8.324382985279513,9.474397890131108,7.997622252544647,10.129313479026724,7.277775938710078,11.898948103862464,7.135857793328414,10.71997192298239,9.970920016260816,8.465676984103393,9.836078536106914,9.357292805321645,12.840879960556482,9.839544429003125,8.928684046391686,6.433445124079917,15.212858979357232,9.78300869705936,6.04953606757948,12.550022368278677,8.249151050388102,8.271994106797772,10.737641347542557,11.15602253129213,10.839787405132135,9.158333304004644,11.944531086608226,10.339729348424171
2026-01-01 11:00:00,12.562374935790768,10.429633703603528,8.324382985279513,9.474397890131108,7.997622252544647,10.129313479026724,7.277775938710078,11.898948103862464,7.135857793328414,10.71997192298239,9.970920016260816,8.465676984103393,9.836078536106914,9.357292805321645,12.840879960556482,9.839544429003125,8.928684046391686,6.433445124079917,15.212858979357232,9.78300869705936,6.04953606757948,12.550022368278677,8.249151050388102,8.271994106797772,10.737641347542557,11.15602253129213,10.839787405132135,9.158333304004644,11.944531086608226,10.339729348424171
2026-01-01 12:00:00,12.562374935790768,10.429633703603528,8.324382985279513,9.474397890131108,7.997622252544647,10.129313479026724,7.277775938710078,11.898948103862464,7.135857793328414,10.71997192298239,9.970920016260816,8.465676984103393,9.836078536106914,9.357292805321645,12.840879960556482,9.839544429003125,8.928684046391686,6.433445124079917,15.212858979357232,9.78300869705936,6.04953606757948,12.550022368278677,8.249151050388102,8.271994106797772,10.737641347542557,11.15602253129213,10.839787405132135,9.158333304004644,11.944531086608226,10.339729348424171
2026-01-01 13:00:00,12.562374935790768,10.429633703603528,8.324382985279513,9.474397890131108,7.997622252544647,10.129313479026724,7.277775938710078,11.898948103862464,7.135857793328414,10.71997192298239,9.970920016260816,8.465676984103393,9.836078536106914,9.357292805321645,12.840879960556482,9.839544429003125,8.928684046391686,6.433445124079917,15.212858979357232,9.78300869705936,6.04953606757948,12.550022368278677,8.249151050388102,8.271994106797772,10.737641347542557,11.15602253129213,10.839787405132135,9.158333304004644,11.944531086608226,10.339729348424171
2026-01-01 14:00:00,12.562374935790768,10.429633703603528,8.324382985279513,9.474397890131108,7.997622252544647,10.129313479026724,7.277775938710078,11.898948103862464,7.135857793328414,10.71997192298239,9.970920016260816,8.465676984103393,9.836078536106914,9.357292805321645,12.840879960556482,9.839544429003125,8.928684046391686,6.433445124079917,15.212858979357232,9.78300869705936,6.04953606757948,12.550022368278677,8.249151050388102,8.271994106797772,10.737641347542557,11.15602253129213,10.839787405132135,9.158333304004644,11.944531086608226,10.339729348424171
2026-01-01 15:00:00,12.562374935790768,10.429633703603528,8.324382985279513,9.474397890131108,7.997622252544647,10.129313479026724,7.277775938710078,11.898948103862464,7.135857793328414,10.71997192298239,9.970920016260816,8.465676984103393,9.836078536106914,9.357292805321645,12.840879960556482,9.839544429003125,8.928684046391686,6.433445124079917,15.212858979357232,9.78300869705936,6.04953606757948,12.550022368278677,8.249151050388102,8.271994106797772,10.737641347542557,11.15602253129213,10.839787405132135,9.158333304004644,11.944531086608226,10.339729348424171
2026-01-01 16:00:00,12.562374935790768,10.429633703603528,8.324382985279513,9.474397890131108,7.997622252544647,10.129313479026724,7.277775938710078,11.898948103862464,7.135857793328414,10.71997192298239,9.970920016260816,8.465676984103393,9.836078536106914,9.357292805321645,12.840879960556482,9.839544429003125,8.928684046391686,6.433445124079917,15.212858979357232,9.78300869705936,6.04953606757948,12.550022368278677,8.249151050388102,8.271994106797772,10.737641347542557,11.15602253129213,10.839787405132135,9.158333304004644,11.944531086608226,10.339729348424171
2026-01-01 17:00:00,12.562374935790768,10.429633703603528,8.324382985279513,9.474397890131108,7.997622252544647,10.129313479026724,7.277775938710078,11.898948103862464,7.135857793328414,10.71997192298239,9.970920016260816,8.465676984103393,9.836078536106914,9.357292805321645,12.840879960556482,9.839544429003125,8.928684046391686,6.433445124079917,15.212858979357232,9.78300869705936,6.04953606757948,12.550022368278677,8.249151050388102,8.271994106797772,10.737641347542557,11.15602253129213,10.839787405132135,9.158333304004644,11.944531086608226,10.339729348424171
2026-01-01 18:00:00,12.562374935790768,10.429633703603528,8.324382985279513,9.474397890131108,7.997622252544647,10.129313479026724,7.277775938710078,11.898948103862464,7.135857793328414,10.71997192298239,9.970920016260816,8.465676984103393,9.836078536106914,9.357292805321645,12.840879960556482,9.839544429003125,8.928684046391686,6.433445124079917,15.212858979357232,9.78300869705936,6.04953606757948,12.550022368278677,8.249151050388102,8.271994106797772,10.737641347542557,11.15602253129213,10.839787405132135,9.158333304004644,11.944531086608226,10.339729348424171
2026-01-01 19:00:00,12.562374935790768,10.429633703603528,8.324382985279513,9.474397890131108,7.997622252544647,0.0,7.277775938710078,11.898948103862464,7.135857793328414,10.71997192298239,9.970920016260816,8.465676984103393,9.836078536106914,9.357292805321645,12.840879960556482,9.839544429003125,8.928684046391686,6.433445124079917,0.0,9.78300869705936,6.04953606757948,12.550022368278677,8.249151050388102,8.271994106797772,10.737641347542557,11.15602253129213,0.0,9.158333304004644,11.944531086608226,10.339729348424171
2026-01-01 20:00:00,12.562374935790768,0.0,8.324382985279513,9.474397890131108,7.997622252544647,0.0,7.277775938710078,0.0,7.135857793328414,0.0,9.970920016260816,8.465676984103393,9.836078536106914,9.357292805321645,12.840879960556482,9.839544429003125,8.928684046391686,6.433445124079917,0.0,9.78300869705936,6.04953606757948,12.550022368278677,8.249151050388102,0.0,10.737641347542557,11.15602253129213,0.0,9.158333304004644,11.944531086608226,10.339729348424171
2026-01-01 21:00:00,0.0,0.0,8.324382985279513,0.0,0.0,0.0,0.0,0.0,7.135857793328414,0.0,9.970920016260816,0.0,9.836078536106914,0.0,12.840879960556482,9.839544429003125,0.0,0.0,0.0,0.0,6.04953606757948,0.0,8.249151050388102,0.0,10.737641347542557,11.15602253129213,0.0,0.0,0.0,0.0
2026-01-01 22:00:00,0.0,0.0,0.0,0.0,0.0,0.0,0.0,0.0,0.0,0.0,9.970920016260816,0.0,9.836078536106914,0.0,0.0,0.0,0.0,0.0,0.0,0.0,0.0,0.0,8.249151050388102,0.0,0.0,11.15602253129213,0.0,0.0,0.0,0.0
2026-01-01 23:00:00,0.0,0.0,0.0,0.0,0.0,0.0,0.0,0.0,0.0,0.0,0.0,0.0,0.0,0.0,0.0,0.0,0.0,0.0,0.0,0.0,0.0,0.0,0.0,0.0,0.0,0.0,0.0,0.0,0.0,0.0
2026-01-02 00:00:00,0.0,0.0,0.0,0.0,0.0,0.0,0.0,0.0,0.0,0.0,0.0,0.0,0.0,0.0,0.0,0.0,0.0,0.0,0.0,0.0,0.0,0.0,0.0,0.0,0.0,0.0,0.0,0.0,0.0,0.0
2026-01-02 01:00:00,0.0,0.0,0.0,0.0,0.0,0.0,0.0,0.0,0.0,0.0,0.0,0.0,0.0,0.0,0.0,0.0,0.0,0.0,0.0,0.0,0.0,0.0,0.0,0.0,0.0,0.0,0.0,0.0,0.0,0.0
2026-01-02 02:00:00,0.0,0.0,0.0,0.0,0.0,0.0,0.0,0.0,0.0,0.0,0.0,0.0,0.0,0.0,0.0,0.0,0.0,0.0,0.0,0.0,0.0,0.0,0.0,0.0,0.0,0.0,0.0,0.0,0.0,0.0
2026-01-02 03:00:00,0.0,0.0,0.0,0.0,0.0,0.0,0.0,0.0,0.0,0.0,0.0,0.0,0.0,0.0,0.0,0.0,0.0,0.0,0.0,0.0,0.0,0.0,0.0,0.0,0.0,0.0,0.0,0.0,0.0,0.0
2026-01-02 04:00:00,0.0,0.0,0.0,0.0,0.0,0.0,0.0,0.0,0.0,0.0,0.0,0.0,0.0,0.0,0.0,0.0,0.0,0.0,0.0,0.0,0.0,0.0,0.0,0.0,0.0,0.0,0.0,0.0,0.0,0.0
2026-01-02 05:00:00,0.0,0.0,0.0,0.0,0.0,0.0,0.0,0.0,0.0,0.0,0.0,0.0,0.0,0.0,0.0,0.0,0.0,0.0,0.0,0.0,0.0,0.0,0.0,0.0,0.0,0.0,0.0,0.0,0.0,0.0
2026-01-02 06:00:00,0.0,0.0,0.0,0.0,0.0,0.0,0.0,0.0,0.0,0.0,0.0,0.0,0.0,0.0,0.0,0.0,0.0,0.0,0.0,0.0,0.0,0.0,0.0,0.0,0.0,0.0,0.0,0.0,0.0,0.0
2026-01-02 07:00:00,6.885924220714484,0.0,0.0,0.0,0.0,0.0,7.261972047014753,0.0,0.0,0.0,0.0,0.0,0.0,7.27353982050845,0.0,0.0,0.0,8.30773003364974,0.0,0.0,0.0,6.102027898346296,0.0,0.0,0.0,6.457387819561703,8.628978345431554,10.023173915235626,10.731590986434044,0.0
2026-01-02 08:00:00,6.885924220714484,0.0,11.298284465087924,0.0,0.0,0.0,7.261972047014753,11.100690211374198,9.11573429081456,7.67348426110721,8.560323986576453,0.0,9.689834894852783,7.27353982050845,0.0,0.0,10.950309152414693,8.30773003364974,10.906141935989083,0.0,0.0,6.102027898346296,8.1857772072056,11.231553685087423,0.0,6.457387819561703,8.628978345431554,10.023173915235626,10.731590986434044,9.685803750425812
2026-01-02 09:00:00,6.885924220714484,0.0,11.298284465087924,10.995906222903194,0.0,10.486310931114003,7.261972047014753,11.100690211374198,9.11573429081456,7.67348426110721,8.560323986576453,13.904235449491768,9.689834894852783,7.27353982050845,11.314337544260061,9.325021491200436,10.950309152414693,8.30773003364974,10.906141935989083,12.178181707985946,0.0,6.102027898346296,8.1857772072056,11.231553685087423,0.0,6.457387819561703,8.628978345431554,10.023173915235626,10.731590986434044,9.685803750425812
2026-01-02 10:00:00,6.885924220714484,6.547146307988251,11.298284465087924,10.995906222903194,9.007105764968875,10.486310931114003,7.261972047014753,11.100690211374198,9.11573429081456,7.67348426110721,8.560323986576453,13.904235449491768,9.689834894852783,7.27353982050845,11.314337544260061,9.325021491200436,10.950309152414693,8.30773003364974,10.906141935989083,12.178181707985946,0.0,6.102027898346296,8.1857772072056,11.231553685087423,10.966737113464484,6.457387819561703,8.628978345431554,10.023173915235626,10.731590986434044,9.685803750425812
2026-01-02 11:00:00,6.885924220714484,6.547146307988251,11.298284465087924,10.995906222903194,9.007105764968875,10.486310931114003,7.261972047014753,11.100690211374198,9.11573429081456,7.67348426110721,8.560323986576453,13.904235449491768,9.689834894852783,7.27353982050845,11.314337544260061,9.325021491200436,10.950309152414693,8.30773003364974,10.906141935989083,12.178181707985946,9.218480828443276,6.102027898346296,8.1857772072056,11.231553685087423,10.966737113464484,6.457387819561703,8.628978345431554,10.023173915235626,10.731590986434044,9.685803750425812
2026-01-02 12:00:00,6.885924220714484,6.547146307988251,11.298284465087924,10.995906222903194,9.007105764968875,10.486310931114003,7.261972047014753,11.100690211374198,9.11573429081456,7.67348426110721,8.560323986576453,13.904235449491768,9.689834894852783,7.27353982050845,11.314337544260061,9.325021491200436,10.950309152414693,8.30773003364974,10.906141935989083,12.178181707985946,9.218480828443276,6.102027898346296,8.1857772072056,11.231553685087423,10.966737113464484,6.457387819561703,8.628978345431554,10.023173915235626,10.731590986434044,9.685803750425812
2026-01-02 13:00:00,6.885924220714484,6.547146307988251,11.298284465087924,10.995906222903194,9.007105764968875,10.486310931114003,7.261972047014753,11.100690211374198,9.11573429081456,7.67348426110721,8.560323986576453,13.904235449491768,9.689834894852783,7.27353982050845,11.314337544260061,9.325021491200436,10.950309152414693,8.30773003364974,10.906141935989083,12.178181707985946,9.218480828443276,6.102027898346296,8.1857772072056,11.231553685087423,10.966737113464484,6.457387819561703,8.628978345431554,10.023173915235626,10.731590986434044,9.685803750425812
2026-01-02 14:00:00,6.885924220714484,6.547146307988251,11.298284465087924,10.995906222903194,9.007105764968875,10.486310931114003,7.261972047014753,11.100690211374198,9.11573429081456,7.67348426110721,8.560323986576453,13.904235449491768,9.689834894852783,7.27353982050845,11.314337544260061,9.325021491200436,10.950309152414693,8.30773003364974,10.906141935989083,12.178181707985946,9.218480828443276,6.102027898346296,8.1857772072056,11.231553685087423,10.966737113464484,6.457387819561703,8.628978345431554,10.023173915235626,10.731590986434044,9.685803750425812
2026-01-02 15:00:00,6.885924220714484,6.547146307988251,11.298284465087924,10.995906222903194,9.007105764968875,10.486310931114003,7.261972047014753,11.100690211374198,9.11573429081456,7.67348426110721,8.560323986576453,13.904235449491768,9.689834894852783,7.27353982050845,11.314337544260061,9.325021491200436,10.950309152414693,8.30773003364974,10.906141935989083,12.178181707985946,9.218480828443276,6.102027898346296,8.1857772072056,11.231553685087423,10.966737113464484,6.457387819561703,8.628978345431554,10.023173915235626,10.731590986434044,9.685803750425812
2026-01-02 16:00:00,6.885924220714484,6.547146307988251,11.298284465087924,10.995906222903194,9.007105764968875,10.486310931114003,7.261972047014753,11.100690211374198,9.11573429081456,7.67348426110721,8.560323986576453,13.904235449491768,9.689834894852783,7.27353982050845,11.314337544260061,9.325021491200436,10.950309152414693,8.30773003364974,10.906141935989083,12.178181707985946,9.218480828443276,6.102027898346296,8.1857772072056,11.231553685087423,10.966737113464484,6.457387819561703,8.628978345431554,10.023173915235626,10.731590986434044,9.685803750425812
2026-01-02 17:00:00,6.885924220714484,6.547146307988251,11.298284465087924,10.995906222903194,9.007105764968875,10.486310931114003,7.261972047014753,11.100690211374198,9.11573429081456,7.67348426110721,8.560323986576453,13.904235449491768,9.689834894852783,7.27353982050845,11.314337544260061,9.325021491200436,10.950309152414693,8.30773003364974,10.906141935989083,12.178181707985946,9.218480828443276,6.102027898346296,8.1857772072056,11.231553685087423,10.966737113464484,6.457387819561703,8.628978345431554,10.023173915235626,10.731590986434044,9.685803750425812
2026-01-02 18:00:00,6.885924220714484,6.547146307988251,11.298284465087924,10.995906222903194,9.007105764968875,10.486310931114003,7.261972047014753,11.100690211374198,9.11573429081456,7.67348426110721,8.560323986576453,13.904235449491768,9.689834894852783,7.27353982050845,11.314337544260061,9.325021491200436,10.950309152414693,8.30773003364974,10.906141935989083,12.178181707985946,9.218480828443276,6.102027898346296,8.1857772072056,11.231553685087423,10.966737113464484,6.457387819561703,8.628978345431554,10.023173915235626,10.731590986434044,9.685803750425812
2026-01-02 19:00:00,6.885924220714484,6.547146307988251,11.298284465087924,0.0,9.007105764968875,10.486310931114003,7.261972047014753,11.100690211374198,9.11573429081456,7.67348426110721,0.0,0.0,9.689834894852783,7.27353982050845,11.314337544260061,9.325021491200436,0.0,8.30773003364974,10.906141935989083,12.178181707985946,9.218480828443276,6.102027898346296,8.1857772072056,11.231553685087423,10.966737113464484,6.457387819561703,8.628978345431554,10.023173915235626,10.731590986434044,9.685803750425812
2026-01-02 20:00:00,0.0,0.0,0.0,0.0,0.0,10.486310931114003,7.261972047014753,0.0,9.11573429081456,7.67348426110721,0.0,0.0,9.689834894852783,0.0,11.314337544260061,0.0,0.0,0.0,10.906141935989083,12.178181707985946,9.218480828443276,6.102027898346296,0.0,11.231553685087423,10.966737113464484,6.457387819561703,0.0,10.023173915235626,10.731590986434044,9.685803750425812
2026-01-02 21:00:00,0.0,0.0,0.0,0.0,0.0,0.0,0.0,0.0,0.0,0.0,0.0,0.0,0.0,0.0,0.0,0.0,0.0,0.0,10.906141935989083,0.0,9.218480828443276,0.0,0.0,11.231553685087423,0.0,6.457387819561703,0.0,0.0,10.731590986434044,0.0
2026-01-02 22:00:00,0.0,0.0,0.0,0.0,0.0,0.0,0.0,0.0,0.0,0.0,0.0,0.0,0.0,0.0,0.0,0.0,0.0,0.0,0.0,0.0,0.0,0.0,0.0,11.231553685087423,0.0,0.0,0.0,0.0,0.0,0.0
2026-01-02 23:00:00,0.0,0.0,0.0,0.0,0.0,0.0,0.0,0.0,0.0,0.0,0.0,0.0,0.0,0.0,0.0,0.0,0.0,0.0,0.0,0.0,0.0,0.0,0.0,0.0,0.0,0.0,0.0,0.0,0.0,0.0
2026-01-03 00:00:00,0.0,0.0,0.0,0.0,0.0,0.0,0.0,0.0,0.0,0.0,0.0,0.0,0.0,0.0,0.0,0.0,0.0,0.0,0.0,0.0,0.0,0.0,0.0,0.0,0.0,0.0,0.0,0.0,0.0,0.0
2026-01-03 01:00:00,0.0,0.0,0.0,0.0,0.0,0.0,0.0,0.0,0.0,0.0,0.0,0.0,0.0,0.0,0.0,0.0,0.0,0.0,0.0,0.0,0.0,0.0,0.0,0.0,0.0,0.0,0.0,0.0,0.0,0.0
2026-01-03 02:00:00,0.0,0.0,0.0,0.0,0.0,0.0,0.0,0.0,0.0,0.0,0.0,0.0,0.0,0.0,0.0,0.0,0.0,0.0,0.0,0.0,0.0,0.0,0.0,0.0,0.0,0.0,0.0,0.0,0.0,0.0
2026-01-03 03:00:00,0.0,0.0,0.0,0.0,0.0,0.0,0.0,0.0,0.0,0.0,0.0,0.0,0.0,0.0,0.0,0.0,0.0,0.0,0.0,0.0,0.0,0.0,0.0,0.0,0.0,0.0,0.0,0.0,0.0,0.0
2026-01-03 04:00:00,0.0,0.0,0.0,0.0,0.0,0.0,0.0,0.0,0.0,0.0,0.0,0.0,0.0,0.0,0.0,0.0,0.0,0.0,0.0,0.0,0.0,0.0,0.0,0.0,0.0,0.0,0.0,0.0,0.0,0.0
2026-01-03 05:00:00,0.0,0.0,0.0,0.0,0.0,0.0,0.0,0.0,0.0,0.0,0.0,0.0,0.0,0.0,0.0,0.0,0.0,0.0,0.0,0.0,0.0,0.0,0.0,0.0,0.0,0.0,0.0,0.0,0.0,0.0
2026-01-03 06:00:00,0.0,0.0,0.0,0.0,0.0,0.0,0.0,0.0,0.0,0.0,0.0,0.0,0.0,0.0,0.0,0.0,0.0,0.0,0.0,0.0,0.0,0.0,0.0,0.0,0.0,0.0,0.0,0.0,0.0,0.0
2026-01-03 07:00:00,5.907989437316106,0.0,4.5450333364715885,0.0,0.0,10.499788573792737,0.0,0.0,0.0,0.0,0.0,0.0,0.0,0.0,0.0,0.0,0.0,0.0,0.0,0.0,0.0,0.0,0.0,0.0,0.0,0.0,0.0,0.0,0.0,0.0
2026-01-03 08:00:00,5.907989437316106,9.477813475888437,4.5450333364715885,3.5848857497359896,0.0,10.499788573792737,7.80732455063238,0.0,0.0,0.0,0.0,0.0,0.0,0.0,0.0,5.6895938216731805,0.0,0.0,0.0,6.567722459324716,6.994005170107483,0.0,0.0,0.0,5.726757825148845,6.776388509234959,6.8401443613369715,6.7996723818679055,0.0,5.528599830385045
2026-01-03 09:00:00,5.907989437316106,9.477813475888437,4.5450333364715885,3.5848857497359896,5.5318757827109994,10.499788573792737,7.80732455063238,6.38543263434295,0.0,2.893769176707486,0.0,6.33319167355553,8.32144729941159,3.9255677304718626,0.0,5.6895938216731805,4.567146251730501,7.27054428518885,8.464632151608766,6.567722459324716,6.994005170107483,5.81624805351066,10.291828641177995,4.701955335053816,5.726757825148845,6.776388509234959,6.8401443613369715,6.7996723818679055,0.0,5.528599830385045
2026-01-03 10:00:00,5.907989437316106,9.477813475888437,4.5450333364715885,3.5848857497359896,5.5318757827109994,10.499788573792737,7.80732455063238,6.38543263434295,0.0,2.893769176707486,6.991419515611974,6.33319167355553,8.32144729941159,3.9255677304718626,13.608020077027717,5.6895938216731805,4.567146251730501,7.27054428518885,8.464632151608766,6.567722459324716,6.994005170107483,5.81624805351066,10.291828641177995,4.701955335053816,5.726757825148845,6.776388509234959,6.8401443613369715,6.7996723818679055,5.159094676248152,5.528599830385045
2026-01-03 11:00:00,5.907989437316106,9.477813475888437,4.5450333364715885,3.5848857497359896,5.5318757827109994,10.499788573792737,7.80732455063238,6.38543263434295,4.768207208867067,2.893769176707486,6.991419515611974,6.33319167355553,8.32144729941159,3.9255677304718626,13.608020077027717,5.6895938216731805,4.567146251730501,7.27054428518885,8.464632151608766,6.567722459324716,6.994005170107483,5.81624805351066,10.291828641177995,4.701955335053816,5.726757825148845,6.776388509234959,6.8401443613369715,6.7996723818679055,5.159094676248152,5.528599830385045
2026-01-03 12:00:00,5.907989437316106,9.477813475888437,4.5450333364715885,3.5848857497359896,5.5318757827109994,10.499788573792737,7.80732455063238,6.38543263434295,4.768207208867067,2.893769176707486,6.991419515611974,6.33319167355553,8.32144729941159,3.9255677304718626,13.608020077027717,5.6895938216731805,4.567146251730501,7.27054428518885,8.464632151608766,6.567722459324716,6.994005170107483,5.81624805351066,10.291828641177995,4.701955335053816,5.726757825148845,6.776388509234959,6.8401443613369715,6.7996723818679055,5.159094676248152,5.528599830385045
2026-01-03 13:00:00,5.907989437316106,9.477813475888437,4.5450333364715885,3.5848857497359896,5.5318757827109994,10.499788573792737,7.80732455063238,6.38543263434295,4.768207208867067,2.893769176707486,6.991419515611974,6.33319167355553,8.32144729941159,3.9255677304718626,13.608020077027717,5.6895938216731805,4.567146251730501,7.27054428518885,8.464632151608766,6.567722459324716,6.994005170107483,5.81624805351066,10.291828641177995,4.701955335053816,5.726757825148845,6.776388509234959,6.8401443613369715,6.7996723818679055,5.159094676248152,5.528599830385045
2026-01-03 14:00:00,5.907989437316106,9.477813475888437,4.5450333364715885,3.5848857497359896,5.5318757827109994,10.499788573792737,7.80732455063238,6.38543263434295,4.768207208867067,2.893769176707486,6.991419515611974,6.33319167355553,8.32144729941159,3.9255677304718626,13.608020077027717,5.6895938216731805,4.567146251730501,7.27054428518885,8.464632151608766,6.567722459324716,6.994005170107483,5.81624805351066,10.291828641177995,4.701955335053816,5.726757825148845,6.776388509234959,6.8401443613369715,6.7996723818679055,5.159094676248152,5.528599830385045
2026-01-03 15:00:00,5.907989437316106,9.477813475888437,4.5450333364715885,3.5848857497359896,5.5318757827109994,10.499788573792737,7.80732455063238,6.38543263434295,4.768207208867067,2.893769176707486,6.991419515611974,6.33319167355553,8.32144729941159,3.9255677304718626,13.608020077027717,5.6895938216731805,4.567146251730501,7.27054428518885,8.464632151608766,6.567722459324716,6.994005170107483,5.81624805351066,10.291828641177995,4.701955335053816,5.726757825148845,6.776388509234959,6.8401443613369715,6.7996723818679055,5.159094676248152,5.528599830385045
2026-01-03 16:00:00,5.907989437316106,9.477813475888437,4.5450333364715885,3.5848857497359896,5.5318757827109994,10.499788573792737,7.80732455063238,6.38543263434295,4.768207208867067,2.893769176707486,6.991419515611974,6.33319167355553,8.32144729941159,3.9255677304718626,13.608020077027717,5.6895938216731805,4.567146251730501,7.27054428518885,8.464632151608766,6.567722459324716,6.994005170107483,5.81624805351066,10.291828641177995,4.701955335053816,5.726757825148845,6.776388509234959,6.8401443613369715,6.7996723818679055,5.159094676248152,5.528599830385045
2026-01-03 17:00:00,5.907989437316106,9.477813475888437,4.5450333364715885,3.5848857497359896,5.5318757827109994,10.499788573792737,7.80732455063238,6.38543263434295,4.768207208867067,2.893769176707486,6.991419515611974,6.33319167355553,8.32144729941159,3.9255677304718626,13.608020077027717,5.6895938216731805,4.567146251730501,7.27054428518885,8.464632151608766,6.567722459324716,6.994005170107483,5.81624805351066,10.291828641177995,4.701955335053816,5.726757825148845,6.776388509234959,6.8401443613369715,6.7996723818679055,5.159094676248152,5.528599830385045
2026-01-03 18:00:00,5.907989437316106,9.477813475888437,4.5450333364715885,3.5848857497359896,5.5318757827109994,10.499788573792737,7.80732455063238,6.38543263434295,4.768207208867067,2.893769176707486,6.991419515611974,6.33319167355553,8.32144729941159,3.9255677304718626,13.608020077027717,5.6895938216731805,4.567146251730501,7.27054428518885,8.464632151608766,6.567722459324716,6.994005170107483,5.81624805351066,10.291828641177995,4.701955335053816,5.726757825148845,6.776388509234959,6.8401443613369715,6.7996723818679055,5.159094676248152,5.528599830385045
2026-01-03 19:00:00,5.907989437316106,9.477813475888437,4.5450333364715885,0.0,5.5318757827109994,10.499788573792737,7.80732455063238,6.38543263434295,4.768207208867067,2.893769176707486,6.991419515611974,6.33319167355553,8.32144729941159,3.9255677304718626,13.608020077027717,5.6895938216731805,4.567146251730501,7.27054428518885,8.464632151608766,6.567722459324716,6.994005170107483,5.81624805351066,0.0,4.701955335053816,5.726757825148845,6.776388509234959,6.8401443613369715,6.7996723818679055,5.159094676248152,5.528599830385045
2026-01-03 20:00:00,0.0,9.477813475888437,4.5450333364715885,0.0,0.0,10.499788573792737,7.80732455063238,6.38543263434295,4.768207208867067,0.0,6.991419515611974,6.33319167355553,0.0,3.9255677304718626,0.0,5.6895938216731805,4.567146251730501,7.27054428518885,8.464632151608766,6.567722459324716,0.0,5.81624805351066,0.0,4.701955335053816,5.726757825148845,6.776388509234959,6.8401443613369715,0.0,5.159094676248152,0.0
2026-01-03 21:00:00,0.0,9.477813475888437,0.0,0.0,0.0,10.499788573792737,0.0,0.0,0.0,0.0,0.0,6.33319167355553,0.0,3.9255677304718626,0.0,0.0,4.567146251730501,0.0,8.464632151608766,0.0,0.0,0.0,0.0,0.0,5.726757825148845,0.0,0.0,0.0,5.159094676248152,0.0
2026-01-03 22:00:00,0.0,0.0,0.0,0.0,0.0,0.0,0.0,0.0,0.0,0.0,0.0,0.0,0.0,0.0,0.0,0.0,0.0,0.0,0.0,0.0,0.0,0.0,0.0,0.0,0.0,0.0,0.0,0.0,5.159094676248152,0.0
2026-01-03 23:00:00,0.0,0.0,0.0,0.0,0.0,0.0,0.0,0.0,0.0,0.0,0.0,0.0,0.0,0.0,0.0,0.0,0.0,0.0,0.0,0.0,0.0,0.0,0.0,0.0,0.0,0.0,0.0,0.0,0.0,0.0
2026-01-04 00:00:00,0.0,0.0,0.0,0.0,0.0,0.0,0.0,0.0,0.0,0.0,0.0,0.0,0.0,0.0,0.0,0.0,0.0,0.0,0.0,0.0,0.0,0.0,0.0,0.0,0.0,0.0,0.0,0.0,0.0,0.0
2026-01-04 01:00:00,0.0,0.0,0.0,0.0,0.0,0.0,0.0,0.0,0.0,0.0,0.0,0.0,0.0,0.0,0.0,0.0,0.0,0.0,0.0,0.0,0.0,0.0,0.0,0.0,0.0,0.0,0.0,0.0,0.0,0.0
2026-01-04 02:00:00,0.0,0.0,0.0,0.0,0.0,0.0,0.0,0.0,0.0,0.0,0.0,0.0,0.0,0.0,0.0,0.0,0.0,0.0,0.0,0.0,0.0,0.0,0.0,0.0,0.0,0.0,0.0,0.0,0.0,0.0
2026-01-04 03:00:00,0.0,0.0,0.0,0.0,0.0,0.0,0.0,0.0,0.0,0.0,0.0,0.0,0.0,0.0,0.0,0.0,0.0,0.0,0.0,0.0,0.0,0.0,0.0,0.0,0.0,0.0,0.0,0.0,0.0,0.0
2026-01-04 04:00:00,0.0,0.0,0.0,0.0,0.0,0.0,0.0,0.0,0.0,0.0,0.0,0.0,0.0,0.0,0.0,0.0,0.0,0.0,0.0,0.0,0.0,0.0,0.0,0.0,0.0,0.0,0.0,0.0,0.0,0.0
2026-01-04 05:00:00,0.0,0.0,0.0,0.0,0.0,0.0,0.0,0.0,0.0,0.0,0.0,0.0,0.0,0.0,0.0,0.0,0.0,0.0,0.0,0.0,0.0,0.0,0.0,0.0,0.0,0.0,0.0,0.0,0.0,0.0
2026-01-04 06:00:00,0.0,0.0,0.0,0.0,0.0,0.0,0.0,0.0,0.0,3.1004323018398967,0.0,0.0,0.0,0.0,0.0,0.0,0.0,0.0,0.0,0.0,0.0,0.0,0.0,0.0,0.0,0.0,0.0,0.0,0.0,0.0
2026-01-04 07:00:00,0.0,0.0,0.0,0.0,0.0,4.941607425210181,4.099173560820454,6.796928835428174,7.039776039444588,3.1004323018398967,0.0,0.0,0.0,0.0,0.0,2.103218602345227,0.0,0.0,0.0,0.0,0.0,0.0,7.426764580481961,6.682524389407984,0.0,0.0,0.0,7.875063702482112,0.0,0.0
2026-01-04 08:00:00,0.0,0.0,2.93602147156851,3.291755797542757,3.4923551628886336,4.941607425210181,4.099173560820454,6.796928835428174,7.039776039444588,3.1004323018398967,0.0,0.0,0.0,2.3529411764705883,3.3880198796887555,2.103218602345227,0.0,6.401263378591695,0.0,4.832844237390408,0.0,6.839714879444468,7.426764580481961,6.682524389407984,5.230150983258837,7.813294888181978,6.060171356343383,7.875063702482112,0.0,12.367735549430398
2026-01-04 09:00:00,7.650538190519108,5.9314157714855344,2.93602147156851,3.291755797542757,3.4923551628886336,4.941607425210181,4.099173560820454,6.796928835428174,7.039776039444588,3.1004323018398967,0.0,6.6876479711824395,2.8507035822621,2.3529411764705883,3.3880198796887555,2.103218602345227,5.805853791783356,6.401263378591695,0.0,4.832844237390408,0.0,6.839714879444468,7.426764580481961,6.682524389407984,5.230150983258837,7.813294888181978,6.060171356343383,7.875063702482112,9.789416657302441,12.367735549430398
2026-01-04 10:00:00,7.650538190519108,5.9314157714855344,2.93602147156851,3.291755797542757,3.4923551628886336,4.941607425210181,4.099173560820454,6.796928835428174,7.039776039444588,3.1004323018398967,6.792161070265828,6.6876479711824395,2.8507035822621,2.3529411764705883,3.3880198796887555,2.103218602345227,5.805853791783356,6.401263378591695,8.221447289070642,4.832844237390408,4.903873329223795,6.839714879444468,7.426764580481961,6.682524389407984,5.230150983258837,7.813294888181978,6.060171356343383,7.875063702482112,9.789416657302441,12.367735549430398
2026-01-04 11:00:00,7.650538190519108,5.9314157714855344,2.93602147156851,3.291755797542757,3.4923551628886336,4.941607425210181,4.099173560820454,6.796928835428174,7.039776039444588,3.1004323018398967,6.792161070265828,6.6876479711824395,2.8507035822621,2.3529411764705883,3.3880198796887555,2.103218602345227,5.805853791783356,6.401263378591695,8.221447289070642,4.832844237390408,4.903873329223795,6.839714879444468,7.426764580481961,6.682524389407984,5.230150983258837,7.813294888181978,6.060171356343383,7.875063702482112,9.789416657302441,12.367735549430398
2026-01-04 12:00:00,7.650538190519108,5.9314157714855344,2.93602147156851,3.291755797542757,3.4923551628886336,4.941607425210181,4.099173560820454,6.796928835428174,7.039776039444588,3.1004323018398967,6.792161070265828,6.6876479711824395,2.8507035822621,2.3529411764705883,3.3880198796887555,2.103218602345227,5.805853791783356,6.401263378591695,8.221447289070642,4.832844237390408,4.903873329223795,6.839714879444468,7.426764580481961,6.682524389407984,5.230150983258837,7.813294888181978,6.060171356343383,7.875063702482112,9.789416657302441,12.367735549430398
2026-01-04 13:00:00,7.650538190519108,5.9314157714855344,2.93602147156851,3.291755797542757,3.4923551628886336,4.941607425210181,4.099173560820454,6.796928835428174,7.039776039444588,3.1004323018398967,6.792161070265828,6.6876479711824395,2.8507035822621,2.3529411764705883,3.3880198796887555,2.103218602345227,5.805853791783356,6.401263378591695,8.221447289070642,4.832844237390408,4.903873329223795,6.839714879444468,7.426764580481961,6.682524389407984,5.230150983258837,7.813294888181978,6.060171356343383,7.875063702482112,9.789416657302441,12.367735549430398
2026-01-04 14:00:00,7.650538190519108,5.9314157714855344,2.93602147156851,3.291755797542757,3.4923551628886336,4.941607425210181,4.099173560820454,6.796928835428174,7.039776039444588,3.1004323018398967,6.792161070265828,6.6876479711824395,2.8507035822621,2.3529411764705883,3.3880198796887555,2.103218602345227,5.805853791783356,6.401263378591695,8.221447289070642,4.832844237390408,4.903873329223795,6.839714879444468,7.426764580481961,6.682524389407984,5.230150983258837,7.813294888181978,6.060171356343383,7.875063702482112,9.789416657302441,12.367735549430398
2026-01-04 15:00:00,7.650538190519108,5.9314157714855344,2.93602147156851,3.291755797542757,3.4923551628886336,4.941607425210181,4.099173560820454,6.796928835428174,7.039776039444588,3.1004323018398967,6.792161070265828,6.6876479711824395,2.8507035822621,2.3529411764705883,3.3880198796887555,2.103218602345227,5.805853791783356,6.401263378591695,8.221447289070642,4.832844237390408,4.903873329223795,6.839714879444468,7.426764580481961,6.682524389407984,5.230150983258837,7.813294888181978,6.060171356343383,7.875063702482112,9.789416657302441,12.367735549430398
2026-01-04 16:00:00,7.650538190519108,5.9314157714855344,2.93602147156851,3.291755797542757,3.4923551628886336,4.941607425210181,4.099173560820454,6.796928835428174,7.039776039444588,3.1004323018398967,6.792161070265828,6.6876479711824395,2.8507035822621,2.3529411764705883,3.3880198796887555,2.103218602345227,5.805853791783356,6.401263378591695,8.221447289070642,4.832844237390408,4.903873329223795,6.839714879444468,7.426764580481961,6.682524389407984,5.230150983258837,7.813294888181978,6.060171356343383,7.875063702482112,9.789416657302441,12.367735549430398
2026-01-04 17:00:00,7.650538190519108,5.9314157714855344,2.93602147156851,3.291755797542757,3.4923551628886336,4.941607425210181,4.099173560820454,6.796928835428174,7.039776039444588,3.1004323018398967,6.792161070265828,6.6876479711824395,2.8507035822621,2.3529411764705883,3.3880198796887555,2.103218602345227,5.805853791783356,6.401263378591695,8.221447289070642,4.832844237390408,4.903873329223795,6.839714879444468,7.426764580481961,6.682524389407984,5.230150983258837,7.813294888181978,6.060171356343383,7.875063702482112,9.789416657302441,12.367735549430398
2026-01-04 18:00:00,7.650538190519108,5.9314157714855344,2.93602147156851,3.291755797542757,3.4923551628886336,4.941607425210181,4.099173560820454,6.796928835428174,7.039776039444588,3.1004323018398967,6.792161070265828,6.6876479711824395,2.8507035822621,2.3529411764705883,3.3880198796887555,2.103218602345227,5.805853791783356,6.401263378591695,8.221447289070642,4.832844237390408,4.903873329223795,6.839714879444468,7.426764580481961,6.682524389407984,5.230150983258837,7.813294888181978,6.060171356343383,7.875063702482112,9.789416657302441,12.367735549430398
2026-01-04 19:00:00,7.650538190519108,0.0,2.93602147156851,3.291755797542757,3.4923551628886336,4.941607425210181,4.099173560820454,6.796928835428174,7.039776039444588,3.1004323018398967,6.792161070265828,6.6876479711824395,2.8507035822621,2.3529411764705883,3.3880198796887555,2.103218602345227,5.805853791783356,6.401263378591695,0.0,4.832844237390408,4.903873329223795,6.839714879444468,7.426764580481961,6.682524389407984,5.230150983258837,7.813294888181978,6.060171356343383,0.0,0.0,12.367735549430398
2026-01-04 20:00:00,0.0,0.0,2.93602147156851,3.291755797542757,3.4923551628886336,4.941607425210181,0.0,0.0,7.039776039444588,0.0,6.792161070265828,6.6876479711824395,2.8507035822621,2.3529411764705883,3.3880198796887555,2.103218602345227,5.805853791783356,6.401263378591695,0.0,4.832844237390408,0.0,6.839714879444468,0.0,6.682524389407984,5.230150983258837,0.0,6.060171356343383,0.0,0.0,0.0
2026-01-04 21:00:00,0.0,0.0,2.93602147156851,3.291755797542757,3.4923551628886336,4.941607425210181,0.0,0.0,7.039776039444588,0.0,0.0,0.0,2.8507035822621,0.0,0.0,2.103218602345227,5.805853791783356,0.0,0.0,0.0,0.0,0.0,0.0,6.682524389407984,0.0,0.0,0.0,0.0,0.0,0.0
2026-01-04 22:00:00,0.0,0.0,0.0,0.0,0.0,0.0,0.0,0.0,0.0,0.0,0.0,0.0,0.0,0.0,0.0,0.0,5.805853791783356,0.0,0.0,0.0,0.0,0.0,0.0,6.682524389407984,0.0,0.0,0.0,0.0,0.0,0.0
2026-01-04 23:00:00,0.0,0.0,0.0,0.0,0.0,0.0,0.0,0.0,0.0,0.0,0.0,0.0,0.0,0.0,0.0,0.0,0.0,0.0,0.0,0.0,0.0,0.0,0.0,0.0,0.0,0.0,0.0,0.0,0.0,0.0
2026-01-05 00:00:00,0.0,0.0,0.0,0.0,0.0,0.0,0.0,0.0,0.0,0.0,0.0,0.0,0.0,0.0,0.0,0.0,0.0,0.0,0.0,0.0,0.0,0.0,0.0,0.0,0.0,0.0,0.0,0.0,0.0,0.0
2026-01-05 01:00:00,0.0,0.0,0.0,0.0,0.0,0.0,0.0,0.0,0.0,0.0,0.0,0.0,0.0,0.0,0.0,0.0,0.0,0.0,0.0,0.0,0.0,0.0,0.0,0.0,0.0,0.0,0.0,0.0,0.0,0.0
2026-01-05 02:00:00,0.0,0.0,0.0,0.0,0.0,0.0,0.0,0.0,0.0,0.0,0.0,0.0,0.0,0.0,0.0,0.0,0.0,0.0,0.0,0.0,0.0,0.0,0.0,0.0,0.0,0.0,0.0,0.0,0.0,0.0
2026-01-05 03:00:00,0.0,0.0,0.0,0.0,0.0,0.0,0.0,0.0,0.0,0.0,0.0,0.0,0.0,0.0,0.0,0.0,0.0,0.0,0.0,0.0,0.0,0.0,0.0,0.0,0.0,0.0,0.0,0.0,0.0,0.0
2026-01-05 04:00:00,0.0,0.0,0.0,0.0,0.0,0.0,0.0,0.0,0.0,0.0,0.0,0.0,0.0,0.0,0.0,0.0,0.0,0.0,0.0,0.0,0.0,0.0,0.0,0.0,0.0,0.0,0.0,0.0,0.0,0.0
2026-01-05 05:00:00,0.0,0.0,0.0,0.0,0.0,0.0,0.0,0.0,0.0,0.0,0.0,0.0,0.0,0.0,0.0,0.0,0.0,0.0,0.0,0.0,0.0,0.0,0.0,0.0,0.0,0.0,0.0,0.0,0.0,0.0
2026-01-05 06:00:00,0.0,0.0,0.0,0.0,0.0,0.0,0.0,0.0,0.0,0.0,0.0,0.0,0.0,0.0,0.0,0.0,0.0,0.0,0.0,0.0,0.0,0.0,0.0,0.0,0.0,0.0,8.617873802886256,0.0,0.0,0.0
2026-01-05 07:00:00,0.0,0.0,0.0,0.0,11.214049550462477,0.0,0.0,0.0,0.0,0.0,0.0,0.0,0.0,0.0,0.0,0.0,0.0,0.0,0.0,0.0,9.819089697178072,0.0,0.0,0.0,0.0,0.0,8.617873802886256,0.0,0.0,0.0
2026-01-05 08:00:00,0.0,0.0,0.0,0.0,11.214049550462477,0.0,8.848685134383059,10.485830529565794,6.4122311079522305,10.634131011665932,0.0,0.0,7.759126130399545,9.878323699447837,0.0,5.034638589918143,0.0,0.0,9.459963035759587,0.0,9.819089697178072,0.0,7.742756565753812,0.0,0.0,0.0,8.617873802886256,6.282705264630445,10.846778763960597,10.568085177381889
2026-01-05 09:00:00,0.0,0.0,12.802336470449186,9.338522674986566,11.214049550462477,10.807450930850736,8.848685134383059,10.485830529565794,6.4122311079522305,10.634131011665932,0.0,8.296326607423504,7.759126130399545,9.878323699447837,0.0,5.034638589918143,9.149000855273277,10.530093232501645,9.459963035759587,6.111685474570207,9.819089697178072,11.252941735621343,7.742756565753812,0.0,9.212322699006732,8.456681953423654,8.617873802886256,6.282705264630445,10.846778763960597,10.568085177381889
2026-01-05 10:00:00,10.638173761313926,14.947945191438587,12.802336470449186,9.338522674986566,11.214049550462477,10.807450930850736,8.848685134383059,10.485830529565794,6.4122311079522305,10.634131011665932,10.020133275636068,8.296326607423504,7.759126130399545,9.878323699447837,11.43551218581788,5.034638589918143,9.149000855273277,10.530093232501645,9.459963035759587,6.111685474570207,9.819089697178072,11.252941735621343,7.742756565753812,12.987699658326447,9.212322699006732,8.456681953423654,8.617873802886256,6.282705264630445,10.846778763960597,10.568085177381889
2026-01-05 11:00:00,10.638173761313926,14.947945191438587,12.802336470449186,9.338522674986566,11.214049550462477,10.807450930850736,8.848685134383059,10.485830529565794,6.4122311079522305,10.634131011665932,10.020133275636068,8.296326607423504,7.759126130399545,9.878323699447837,11.43551218581788,5.034638589918143,9.149000855273277,10.530093232501645,9.459963035759587,6.111685474570207,9.819089697178072,11.252941735621343,7.742756565753812,12.987699658326447,9.212322699006732,8.456681953423654,8.617873802886256,6.282705264630445,10.846778763960597,10.568085177381889
2026-01-05 12:00:00,10.638173761313926,14.947945191438587,12.802336470449186,9.338522674986566,11.214049550462477,10.807450930850736,8.848685134383059,10.485830529565794,6.4122311079522305,10.634131011665932,10.020133275636068,8.296326607423504,7.759126130399545,9.878323699447837,11.43551218581788,5.034638589918143,9.149000855273277,10.530093232501645,9.459963035759587,6.111685474570207,9.819089697178072,11.252941735621343,7.742756565753812,12.987699658326447,9.212322699006732,8.456681953423654,8.617873802886256,6.282705264630445,10.846778763960597,10.568085177381889
2026-01-05 13:00:00,10.638173761313926,14.947945191438587,12.802336470449186,9.338522674986566,11.214049550462477,10.807450930850736,8.848685134383059,10.485830529565794,6.4122311079522305,10.634131011665932,10.020133275636068,8.296326607423504,7.759126130399545,9.878323699447837,11.43551218581788,5.034638589918143,9.149000855273277,10.530093232501645,9.459963035759587,6.111685474570207,9.819089697178072,11.252941735621343,7.742756565753812,12.987699658326447,9.212322699006732,8.456681953423654,8.617873802886256,6.282705264630445,10.846778763960597,10.568085177381889
2026-01-05 14:00:00,10.638173761313926,14.947945191438587,12.802336470449186,9.338522674986566,11.214049550462477,10.807450930850736,8.848685134383059,10.485830529565794,6.4122311079522305,10.634131011665932,10.020133275636068,8.296326607423504,7.759126130399545,9.878323699447837,11.43551218581788,5.034638589918143,9.149000855273277,10.530093232501645,9.459963035759587,6.111685474570207,9.819089697178072,11.252941735621343,7.742756565753812,12.987699658326447,9.212322699006732,8.456681953423654,8.617873802886256,6.282705264630445,10.846778763960597,10.568085177381889
2026-01-05 15:00:00,10.638173761313926,14.947945191438587,12.802336470449186,9.338522674986566,11.214049550462477,10.807450930850736,8.848685134383059,10.485830529565794,6.4122311079522305,10.634131011665932,10.020133275636068,8.296326607423504,7.759126130399545,9.878323699447837,11.43551218581788,5.034638589918143,9.149000855273277,10.530093232501645,9.459963035759587,6.111685474570207,9.819089697178072,11.252941735621343,7.742756565753812,12.987699658326447,9.212322699006732,8.456681953423654,8.617873802886256,6.282705264630445,10.846778763960597,10.568085177381889
2026-01-05 16:00:00,10.638173761313926,14.947945191438587,12.802336470449186,9.338522674986566,11.214049550462477,10.807450930850736,8.848685134383059,10.485830529565794,6.4122311079522305,10.634131011665932,10.020133275636068,8.296326607423504,7.759126130399545,9.878323699447837,11.43551218581788,5.034638589918143,9.149000855273277,10.530093232501645,9.459963035759587,6.111685474570207,9.819089697178072,11.252941735621343,7.742756565753812,12.987699658326447,9.212322699006732,8.456681953423654,8.617873802886256,6.282705264630445,10.846778763960597,10.568085177381889
2026-01-05 17:00:00,10.638173761313926,14.947945191438587,12.802336470449186,9.338522674986566,11.214049550462477,10.807450930850736,8.848685134383059,10.485830529565794,6.4122311079522305,10.634131011665932,10.020133275636068,8.296326607423504,7.759126130399545,9.878323699447837,11.43551218581788,5.034638589918143,9.149000855273277,10.530093232501645,9.459963035759587,6.111685474570207,9.819089697178072,11.252941735621343,7.742756565753812,12.987699658326447,9.212322699006732,8.456681953423654,8.617873802886256,6.282705264630445,10.846778763960597,10.568085177381889
2026-01-05 18:00:00,10.638173761313926,14.947945191438587,12.802336470449186,9.338522674986566,11.214049550462477,10.807450930850736,8.848685134383059,10.485830529565794,6.4122311079522305,10.634131011665932,10.020133275636068,8.296326607423504,7.759126130399545,9.878323699447837,11.43551218581788,5.034638589918143,9.149000855273277,10.530093232501645,9.459963035759587,6.111685474570207,9.819089697178072,11.252941735621343,7.742756565753812,12.987699658326447,9.212322699006732,8.456681953423654,8.617873802886256,6.282705264630445,10.846778763960597,10.568085177381889
2026-01-05 19:00:00,10.638173761313926,0.0,12.802336470449186,9.338522674986566,11.214049550462477,10.807450930850736,8.848685134383059,10.485830529565794,6.4122311079522305,10.634131011665932,10.020133275636068,8.296326607423504,7.759126130399545,9.878323699447837,11.43551218581788,5.034638589918143,9.149000855273277,10.530093232501645,9.459963035759587,6.111685474570207,9.819089697178072,11.252941735621343,7.742756565753812,12.987699658326447,9.212322699006732,8.456681953423654,8.617873802886256,6.282705264630445,10.846778763960597,10.568085177381889
2026-01-05 20:00:00,10.638173761313926,0.0,12.802336470449186,0.0,11.214049550462477,10.807450930850736,0.0,10.485830529565794,6.4122311079522305,0.0,10.020133275636068,8.296326607423504,7.759126130399545,9.878323699447837,11.43551218581788,5.034638589918143,0.0,10.530093232501645,9.459963035759587,6.111685474570207,0.0,0.0,0.0,12.987699658326447,9.212322699006732,8.456681953423654,8.617873802886256,6.282705264630445,10.846778763960597,10.568085177381889
2026-01-05 21:00:00,10.638173761313926,0.0,12.802336470449186,0.0,0.0,10.807450930850736,0.0,0.0,0.0,0.0,10.020133275636068,0.0,0.0,9.878323699447837,11.43551218581788,5.034638589918143,0.0,10.530093232501645,0.0,6.111685474570207,0.0,0.0,0.0,0.0,0.0,0.0,8.617873802886256,6.282705264630445,10.846778763960597,10.568085177381889
2026-01-05 22:00:00,0.0,0.0,0.0,0.0,0.0,0.0,0.0,0.0,0.0,0.0,0.0,0.0,0.0,0.0,11.43551218581788,5.034638589918143,0.0,0.0,0.0,0.0,0.0,0.0,0.0,0.0,0.0,0.0,8.617873802886256,6.282705264630445,0.0,0.0
2026-01-05 23:00:00,0.0,0.0,0.0,0.0,0.0,0.0,0.0,0.0,0.0,0.0,0.0,0.0,0.0,0.0,0.0,0.0,0.0,0.0,0.0,0.0,0.0,0.0,0.0,0.0,0.0,0.0,0.0,0.0,0.0,0.0
2026-01-06 00:00:00,0.0,0.0,0.0,0.0,0.0,0.0,0.0,0.0,0.0,0.0,0.0,0.0,0.0,0.0,0.0,0.0,0.0,0.0,0.0,0.0,0.0,0.0,0.0,0.0,0.0,0.0,0.0,0.0,0.0,0.0
2026-01-06 01:00:00,0.0,0.0,0.0,0.0,0.0,0.0,0.0,0.0,0.0,0.0,0.0,0.0,0.0,0.0,0.0,0.0,0.0,0.0,0.0,0.0,0.0,0.0,0.0,0.0,0.0,0.0,0.0,0.0,0.0,0.0
2026-01-06 02:00:00,0.0,0.0,0.0,0.0,0.0,0.0,0.0,0.0,0.0,0.0,0.0,0.0,0.0,0.0,0.0,0.0,0.0,0.0,0.0,0.0,0.0,0.0,0.0,0.0,0.0,0.0,0.0,0.0,0.0,0.0
2026-01-06 03:00:00,0.0,0.0,0.0,0.0,0.0,0.0,0.0,0.0,0.0,0.0,0.0,0.0,0.0,0.0,0.0,0.0,0.0,0.0,0.0,0.0,0.0,0.0,0.0,0.0,0.0,0.0,0.0,0.0,0.0,0.0
2026-01-06 04:00:00,0.0,0.0,0.0,0.0,0.0,0.0,0.0,0.0,0.0,0.0,0.0,0.0,0.0,0.0,0.0,0.0,0.0,0.0,0.0,0.0,0.0,0.0,0.0,0.0,0.0,0.0,0.0,0.0,0.0,0.0
2026-01-06 05:00:00,0.0,0.0,0.0,0.0,0.0,0.0,0.0,0.0,0.0,0.0,0.0,0.0,0.0,0.0,0.0,0.0,0.0,0.0,0.0,0.0,0.0,0.0,0.0,0.0,0.0,0.0,0.0,0.0,0.0,0.0
2026-01-06 06:00:00,0.0,0.0,0.0,0.0,0.0,0.0,0.0,0.0,0.0,0.0,0.0,0.0,0.0,0.0,0.0,0.0,0.0,0.0,0.0,0.0,0.0,0.0,0.0,0.0,0.0,7.572578198796887,0.0,0.0,0.0,0.0
2026-01-06 07:00:00,0.0,0.0,7.130103500762742,0.0,0.0,0.0,0.0,0.0,6.185553774454163,0.0,9.353212830802361,0.0,0.0,0.0,0.0,0.0,0.0,0.0,0.0,0.0,0.0,0.0,0.0,0.0,0.0,7.572578198796887,0.0,0.0,0.0,0.0
2026-01-06 08:00:00,0.0,0.0,7.130103500762742,12.710670513387395,0.0,0.0,9.93210620421884,0.0,6.185553774454163,0.0,9.353212830802361,9.222584841354719,0.0,0.0,0.0,0.0,8.906415801882543,0.0,0.0,8.602574442835687,11.612990339149961,11.416532678016186,0.0,0.0,0.0,7.572578198796887,0.0,9.495272454895714,0.0,0.0
2026-01-06 09:00:00,8.272371770676534,0.0,7.130103500762742,12.710670513387395,0.0,0.0,9.93210620421884,9.981585261151128,6.185553774454163,12.077941988108163,9.353212830802361,9.222584841354719,13.291000231248345,14.425840630149168,8.816307716593986,12.425491114202769,8.906415801882543,0.0,8.758748406082658,8.602574442835687,11.612990339149961,11.416532678016186,10.853435860874729,8.517319153641841,13.54287805104408,7.572578198796887,8.17042170768473,9.495272454895714,0.0,10.680634639973745
2026-01-06 10:00:00,8.272371770676534,8.362012083615898,7.130103500762742,12.710670513387395,8.11524177219401,10.72857036269561,9.93210620421884,9.981585261151128,6.185553774454163,12.077941988108163,9.353212830802361,9.222584841354719,13.291000231248345,14.425840630149168,8.816307716593986,12.425491114202769,8.906415801882543,7.986178303589194,8.758748406082658,8.602574442835687,11.612990339149961,11.416532678016186,10.853435860874729,8.517319153641841,13.54287805104408,7.572578198796887,8.17042170768473,9.495272454895714,11.987155660824135,10.680634639973745
2026-01-06 11:00:00,8.272371770676534,8.362012083615898,7.130103500762742,12.710670513387395,8.11524177219401,10.72857036269561,9.93210620421884,9.981585261151128,6.185553774454163,12.077941988108163,9.353212830802361,9.222584841354719,13.291000231248345,14.425840630149168,8.816307716593986,12.425491114202769,8.906415801882543,7.986178303589194,8.758748406082658,8.602574442835687,11.612990339149961,11.416532678016186,10.853435860874729,8.517319153641841,13.54287805104408,7.572578198796887,8.17042170768473,9.495272454895714,11.987155660824135,10.680634639973745
2026-01-06 12:00:00,8.272371770676534,8.362012083615898,7.130103500762742,12.710670513387395,8.11524177219401,10.72857036269561,9.93210620421884,9.981585261151128,6.185553774454163,12.077941988108163,9.353212830802361,9.222584841354719,13.291000231248345,14.425840630149168,8.816307716593986,12.425491114202769,8.906415801882543,7.986178303589194,8.758748406082658,8.602574442835687,11.612990339149961,11.416532678016186,10.853435860874729,8.517319153641841,13.54287805104408,7.572578198796887,8.17042170768473,9.495272454895714,11.987155660824135,10.680634639973745
2026-01-06 13:00:00,8.272371770676534,8.362012083615898,7.130103500762742,12.710670513387395,8.11524177219401,10.72857036269561,9.93210620421884,9.981585261151128,6.185553774454163,12.077941988108163,9.353212830802361,9.222584841354719,13.291000231248345,14.425840630149168,8.816307716593986,12.425491114202769,8.906415801882543,7.986178303589194,8.758748406082658,8.602574442835687,11.612990339149961,11.416532678016186,10.853435860874729,8.517319153641841,13.54287805104408,7.572578198796887,8.17042170768473,9.495272454895714,11.987155660824135,10.680634639973745
2026-01-06 14:00:00,8.272371770676534,8.362012083615898,7.130103500762742,12.710670513387395,8.11524177219401,10.72857036269561,9.93210620421884,9.981585261151128,6.185553774454163,12.077941988108163,9.353212830802361,9.222584841354719,13.291000231248345,14.425840630149168,8.816307716593986,12.425491114202769,8.906415801882543,7.986178303589194,8.758748406082658,8.602574442835687,11.612990339149961,11.416532678016186,10.853435860874729,8.517319153641841,13.54287805104408,7.572578198796887,8.17042170768473,9.495272454895714,11.987155660824135,10.680634639973745
2026-01-06 15:00:00,8.272371770676534,8.362012083615898,7.130103500762742,12.710670513387395,8.11524177219401,10.72857036269561,9.93210620421884,9.981585261151128,6.185553774454163,12.077941988108163,9.353212830802361,9.222584841354719,13.291000231248345,14.425840630149168,8.816307716593986,12.425491114202769,8.906415801882543,7.986178303589194,8.758748406082658,8.602574442835687,11.612990339149961,11.416532678016186,10.853435860874729,8.517319153641841,13.54287805104408,7.572578198796887,8.17042170768473,9.495272454895714,11.987155660824135,10.680634639973745
2026-01-06 16:00:00,8.272371770676534,8.362012083615898,7.130103500762742,12.710670513387395,8.11524177219401,10.72857036269561,9.93210620421884,9.981585261151128,6.185553774454163,12.077941988108163,9.353212830802361,9.222584841354719,13.291000231248345,14.425840630149168,8.816307716593986,12.425491114202769,8.906415801882543,7.986178303589194,8.758748406082658,8.602574442835687,11.612990339149961,11.416532678016186,10.853435860874729,8.517319153641841,13.54287805104408,7.572578198796887,8.17042170768473,9.495272454895714,11.987155660824135,10.680634639973745
2026-01-06 17:00:00,8.272371770676534,8.362012083615898,7.130103500762742,12.710670513387395,8.11524177219401,10.72857036269561,9.93210620421884,9.981585261151128,6.185553774454163,12.077941988108163,9.353212830802361,9.222584841354719,13.291000231248345,14.425840630149168,8.816307716593986,12.425491114202769,8.906415801882543,7.986178303589194,8.758748406082658,8.602574442835687,11.612990339149961,11.416532678016186,10.853435860874729,8.517319153641841,13.54287805104408,7.572578198796887,8.17042170768473,9.495272454895714,11.987155660824135,10.680634639973745
2026-01-06 18:00:00,8.272371770676534,8.362012083615898,7.130103500762742,12.710670513387395,8.11524177219401,10.72857036269561,9.93210620421884,9.981585261151128,6.185553774454163,12.077941988108163,9.353212830802361,9.222584841354719,13.291000231248345,14.425840630149168,8.816307716593986,12.425491114202769,8.906415801882543,7.986178303589194,8.758748406082658,8.602574442835687,11.612990339149961,11.416532678016186,10.853435860874729,8.517319153641841,13.54287805104408,7.572578198796887,8.17042170768473,9.495272454895714,11.987155660824135,10.680634639973745
2026-01-06 19:00:00,8.272371770676534,8.362012083615898,7.130103500762742,12.710670513387395,8.11524177219401,10.72857036269561,9.93210620421884,9.981585261151128,6.185553774454163,12.077941988108163,9.353212830802361,9.222584841354719,13.291000231248345,0.0,8.816307716593986,12.425491114202769,8.906415801882543,7.986178303589194,0.0,8.602574442835687,11.612990339149961,11.416532678016186,10.853435860874729,8.517319153641841,0.0,7.572578198796887,8.17042170768473,9.495272454895714,11.987155660824135,10.680634639973745
2026-01-06 20:00:00,8.272371770676534,8.362012083615898,7.130103500762742,0.0,8.11524177219401,10.72857036269561,9.93210620421884,9.981585261151128,6.185553774454163,0.0,0.0,9.222584841354719,0.0,0.0,8.816307716593986,12.425491114202769,0.0,7.986178303589194,0.0,8.602574442835687,0.0,0.0,0.0,8.517319153641841,0.0,7.572578198796887,8.17042170768473,0.0,11.987155660824135,0.0
2026-01-06 21:00:00,0.0,0.0,0.0,0.0,8.11524177219401,0.0,9.93210620421884,9.981585261151128,6.185553774454163,0.0,0.0,0.0,0.0,0.0,0.0,12.425491114202769,0.0,7.986178303589194,0.0,8.602574442835687,0.0,0.0,0.0,0.0,0.0,7.572578198796887,0.0,0.0,11.987155660824135,0.0
2026-01-06 22:00:00,0.0,0.0,0.0,0.0,0.0,0.0,0.0,9.981585261151128,6.185553774454163,0.0,0.0,0.0,0.0,0.0,0.0,0.0,0.0,0.0,0.0,0.0,0.0,0.0,0.0,0.0,0.0,0.0,0.0,0.0,0.0,0.0
2026-01-06 23:00:00,0.0,0.0,0.0,0.0,0.0,0.0,0.0,0.0,0.0,0.0,0.0,0.0,0.0,0.0,0.0,0.0,0.0,0.0,0.0,0.0,0.0,0.0,0.0,0.0,0.0,0.0,0.0,0.0,0.0,0.0
2026-01-07 00:00:00,0.0,0.0,0.0,0.0,0.0,0.0,0.0,0.0,0.0,0.0,0.0,0.0,0.0,0.0,0.0,0.0,0.0,0.0,0.0,0.0,0.0,0.0,0.0,0.0,0.0,0.0,0.0,0.0,0.0,0.0
2026-01-07 01:00:00,0.0,0.0,0.0,0.0,0.0,0.0,0.0,0.0,0.0,0.0,0.0,0.0,0.0,0.0,0.0,0.0,0.0,0.0,0.0,0.0,0.0,0.0,0.0,0.0,0.0,0.0,0.0,0.0,0.0,0.0
2026-01-07 02:00:00,0.0,0.0,0.0,0.0,0.0,0.0,0.0,0.0,0.0,0.0,0.0,0.0,0.0,0.0,0.0,0.0,0.0,0.0,0.0,0.0,0.0,0.0,0.0,0.0,0.0,0.0,0.0,0.0,0.0,0.0
2026-01-07 03:00:00,0.0,0.0,0.0,0.0,0.0,0.0,0.0,0.0,0.0,0.0,0.0,0.0,0.0,0.0,0.0,0.0,0.0,0.0,0.0,0.0,0.0,0.0,0.0,0.0,0.0,0.0,0.0,0.0,0.0,0.0
2026-01-07 04:00:00,0.0,0.0,0.0,0.0,0.0,0.0,0.0,0.0,0.0,0.0,0.0,0.0,0.0,0.0,0.0,0.0,0.0,0.0,0.0,0.0,0.0,0.0,0.0,0.0,0.0,0.0,0.0,0.0,0.0,0.0
2026-01-07 05:00:00,0.0,0.0,0.0,0.0,0.0,0.0,0.0,0.0,0.0,0.0,0.0,0.0,0.0,0.0,0.0,0.0,0.0,0.0,0.0,0.0,0.0,0.0,0.0,0.0,0.0,0.0,0.0,0.0,0.0,0.0
2026-01-07 06:00:00,0.0,0.0,0.0,0.0,0.0,0.0,0.0,0.0,0.0,0.0,0.0,0.0,0.0,0.0,0.0,0.0,0.0,0.0,0.0,0.0,0.0,0.0,0.0,0.0,0.0,0.0,0.0,0.0,0.0,0.0
2026-01-07 07:00:00,0.0,0.0,0.0,0.0,0.0,0.0,8.291939892865155,0.0,0.0,0.0,0.0,0.0,0.0,0.0,0.0,0.0,0.0,0.0,7.16400864418706,0.0,0.0,0.0,0.0,0.0,0.0,6.883450015792416,0.0,9.441478498027532,0.0,0.0
2026-01-07 08:00:00,0.0,0.0,13.125998310988896,0.0,0.0,7.4615705616390455,8.291939892865155,10.308110129701609,0.0,6.7643350704887935,0.0,0.0,0.0,11.34307348998191,0.0,0.0,0.0,12.04853355147668,7.16400864418706,8.15031004195309,11.925451644516055,0.0,11.337034185702835,0.0,0.0,6.883450015792416,9.05827001433347,9.441478498027532,0.0,0.0
2026-01-07 09:00:00,7.453872744403372,13.591667136787171,13.125998310988896,0.0,0.0,7.4615705616390455,8.291939892865155,10.308110129701609,12.105741222790074,6.7643350704887935,9.384237106260535,8.752808774503912,10.807448950775637,11.34307348998191,0.0,10.194354007288743,9.968227638090116,12.04853355147668,7.16400864418706,8.15031004195309,11.925451644516055,10.691859465034595,11.337034185702835,11.160323319351905,10.217151782598851,6.883450015792416,9.05827001433347,9.441478498027532,7.586130878413588,0.0
2026-01-07 10:00:00,7.453872744403372,13.591667136787171,13.125998310988896,10.356157471277688,10.831852277759914,7.4615705616390455,8.291939892865155,10.308110129701609,12.105741222790074,6.7643350704887935,9.384237106260535,8.752808774503912,10.807448950775637,11.34307348998191,10.774549250326508,10.194354007288743,9.968227638090116,12.04853355147668,7.16400864418706,8.15031004195309,11.925451644516055,10.691859465034595,11.337034185702835,11.160323319351905,10.217151782598851,6.883450015792416,9.05827001433347,9.441478498027532,7.586130878413588,15.42565825304329
2026-01-07 11:00:00,7.453872744403372,13.591667136787171,13.125998310988896,10.356157471277688,10.831852277759914,7.4615705616390455,8.291939892865155,10.308110129701609,12.105741222790074,6.7643350704887935,9.384237106260535,8.752808774503912,10.807448950775637,11.34307348998191,10.774549250326508,10.194354007288743,9.968227638090116,12.04853355147668,7.16400864418706,8.15031004195309,11.925451644516055,10.691859465034595,11.337034185702835,11.160323319351905,10.217151782598851,6.883450015792416,9.05827001433347,9.441478498027532,7.586130878413588,15.42565825304329
2026-01-07 12:00:00,7.453872744403372,13.591667136787171,13.125998310988896,10.356157471277688,10.831852277759914,7.4615705616390455,8.291939892865155,10.308110129701609,12.105741222790074,6.7643350704887935,9.384237106260535,8.752808774503912,10.807448950775637,11.34307348998191,10.774549250326508,10.194354007288743,9.968227638090116,12.04853355147668,7.16400864418706,8.15031004195309,11.925451644516055,10.691859465034595,11.337034185702835,11.160323319351905,10.217151782598851,6.883450015792416,9.05827001433347,9.441478498027532,7.586130878413588,15.42565825304329
2026-01-07 13:00:00,7.453872744403372,13.591667136787171,13.125998310988896,10.356157471277688,10.831852277759914,7.4615705616390455,8.291939892865155,10.308110129701609,12.105741222790074,6.7643350704887935,9.384237106260535,8.752808774503912,10.807448950775637,11.34307348998191,10.774549250326508,10.194354007288743,9.968227638090116,12.04853355147668,7.16400864418706,8.15031004195309,11.925451644516055,10.691859465034595,11.337034185702835,11.160323319351905,10.217151782598851,6.883450015792416,9.05827001433347,9.441478498027532,7.586130878413588,15.42565825304329
2026-01-07 14:00:00,7.453872744403372,13.591667136787171,13.125998310988896,10.356157471277688,10.831852277759914,7.4615705616390455,8.291939892865155,10.308110129701609,12.105741222790074,6.7643350704887935,9.384237106260535,8.752808774503912,10.807448950775637,11.34307348998191,10.774549250326508,10.194354007288743,9.968227638090116,12.04853355147668,7.16400864418706,8.15031004195309,11.925451644516055,10.691859465034595,11.337034185702835,11.160323319351905,10.217151782598851,6.883450015792416,9.05827001433347,9.441478498027532,7.586130878413588,15.42565825304329
2026-01-07 15:00:00,7.453872744403372,13.591667136787171,13.125998310988896,10.356157471277688,10.831852277759914,7.4615705616390455,8.291939892865155,10.308110129701609,12.105741222790074,6.7643350704887935,9.384237106260535,8.752808774503912,10.807448950775637,11.34307348998191,10.774549250326508,10.194354007288743,9.968227638090116,12.04853355147668,7.16400864418706,8.15031004195309,11.925451644516055,10.691859465034595,11.337034185702835,11.160323319351905,10.217151782598851,6.883450015792416,9.05827001433347,9.441478498027532,7.586130878413588,15.42565825304329
2026-01-07 16:00:00,7.453872744403372,13.591667136787171,13.125998310988896,10.356157471277688,10.831852277759914,7.4615705616390455,8.291939892865155,10.308110129701609,12.105741222790074,6.7643350704887935,9.384237106260535,8.752808774503912,10.807448950775637,11.34307348998191,10.774549250326508,10.194354007288743,9.968227638090116,12.04853355147668,7.16400864418706,8.15031004195309,11.925451644516055,10.691859465034595,11.337034185702835,11.160323319351905,10.217151782598851,6.883450015792416,9.05827001433347,9.441478498027532,7.586130878413588,15.42565825304329
2026-01-07 17:00:00,7.453872744403372,13.591667136787171,13.125998310988896,10.356157471277688,10.831852277759914,7.4615705616390455,8.291939892865155,10.308110129701609,12.105741222790074,6.7643350704887935,9.384237106260535,8.752808774503912,10.807448950775637,11.34307348998191,10.774549250326508,10.194354007288743,9.968227638090116,12.04853355147668,7.16400864418706,8.15031004195309,11.925451644516055,10.691859465034595,11.337034185702835,11.160323319351905,10.217151782598851,6.883450015792416,9.05827001433347,9.441478498027532,7.586130878413588,15.42565825304329
2026-01-07 18:00:00,7.453872744403372,13.591667136787171,13.125998310988896,10.356157471277688,10.831852277759914,7.4615705616390455,8.291939892865155,10.308110129701609,12.105741222790074,6.7643350704887935,9.384237106260535,8.752808774503912,10.807448950775637,0.0,10.774549250326508,10.194354007288743,9.968227638090116,12.04853355147668,7.16400864418706,8.15031004195309,11.925451644516055,10.691859465034595,11.337034185702835,11.160323319351905,10.217151782598851,6.883450015792416,9.05827001433347,9.441478498027532,7.586130878413588,15.42565825304329
2026-01-07 19:00:00,7.453872744403372,0.0,13.125998310988896,10.356157471277688,10.831852277759914,7.4615705616390455,8.291939892865155,10.308110129701609,12.105741222790074,6.7643350704887935,9.384237106260535,8.752808774503912,10.807448950775637,0.0,10.774549250326508,10.194354007288743,9.968227638090116,12.04853355147668,7.16400864418706,8.15031004195309,11.925451644516055,10.691859465034595,11.337034185702835,11.160323319351905,10.217151782598851,6.883450015792416,9.05827001433347,9.441478498027532,7.586130878413588,0.0
2026-01-07 20:00:00,7.453872744403372,0.0,0.0,10.356157471277688,10.831852277759914,0.0,8.291939892865155,0.0,0.0,6.7643350704887935,9.384237106260535,8.752808774503912,10.807448950775637,0.0,10.774549250326508,10.194354007288743,9.968227638090116,12.04853355147668,7.16400864418706,8.15031004195309,11.925451644516055,10.691859465034595,11.337034185702835,11.160323319351905,10.217151782598851,6.883450015792416,9.05827001433347,0.0,7.586130878413588,0.0
2026-01-07 21:00:00,0.0,0.0,0.0,10.356157471277688,10.831852277759914,0.0,0.0,0.0,0.0,6.7643350704887935,9.384237106260535,8.752808774503912,0.0,0.0,0.0,0.0,9.968227638090116,0.0,0.0,8.15031004195309,0.0,10.691859465034595,0.0,0.0,10.217151782598851,6.883450015792416,9.05827001433347,0.0,7.586130878413588,0.0
2026-01-07 22:00:00,0.0,0.0,0.0,0.0,0.0,0.0,0.0,0.0,0.0,0.0,0.0,0.0,0.0,0.0,0.0,0.0,9.968227638090116,0.0,0.0,0.0,0.0,0.0,0.0,0.0,0.0,0.0,0.0,0.0,0.0,0.0
2026-01-07 23:00:00,0.0,0.0,0.0,0.0,0.0,0.0,0.0,0.0,0.0,0.0,0.0,0.0,0.0,0.0,0.0,0.0,0.0,0.0,0.0,0.0,0.0,0.0,0.0,0.0,0.0,0.0,0.0,0.0,0.0,0.0
2026-01-08 00:00:00,0.0,0.0,0.0,0.0,0.0,0.0,0.0,0.0,0.0,0.0,0.0,0.0,0.0,0.0,0.0,0.0,0.0,0.0,0.0,0.0,0.0,0.0,0.0,0.0,0.0,0.0,0.0,0.0,0.0,0.0
2026-01-08 01:00:00,0.0,0.0,0.0,0.0,0.0,0.0,0.0,0.0,0.0,0.0,0.0,0.0,0.0,0.0,0.0,0.0,0.0,0.0,0.0,0.0,0.0,0.0,0.0,0.0,0.0,0.0,0.0,0.0,0.0,0.0
2026-01-08 02:00:00,0.0,0.0,0.0,0.0,0.0,0.0,0.0,0.0,0.0,0.0,0.0,0.0,0.0,0.0,0.0,0.0,0.0,0.0,0.0,0.0,0.0,0.0,0.0,0.0,0.0,0.0,0.0,0.0,0.0,0.0
2026-01-08 03:00:00,0.0,0.0,0.0,0.0,0.0,0.0,0.0,0.0,0.0,0.0,0.0,0.0,0.0,0.0,0.0,0.0,0.0,0.0,0.0,0.0,0.0,0.0,0.0,0.0,0.0,0.0,0.0,0.0,0.0,0.0
2026-01-08 04:00:00,0.0,0.0,0.0,0.0,0.0,0.0,0.0,0.0,0.0,0.0,0.0,0.0,0.0,0.0,0.0,0.0,0.0,0.0,0.0,0.0,0.0,0.0,0.0,0.0,0.0,0.0,0.0,0.0,0.0,0.0
2026-01-08 05:00:00,0.0,0.0,0.0,0.0,0.0,0.0,0.0,0.0,0.0,0.0,0.0,0.0,0.0,0.0,0.0,0.0,0.0,0.0,0.0,0.0,0.0,0.0,0.0,0.0,0.0,0.0,0.0,0.0,0.0,0.0
2026-01-08 06:00:00,0.0,0.0,0.0,0.0,0.0,0.0,0.0,0.0,0.0,0.0,0.0,0.0,0.0,0.0,0.0,0.0,0.0,0.0,0.0,0.0,0.0,0.0,0.0,0.0,0.0,0.0,0.0,0.0,0.0,0.0
2026-01-08 07:00:00,0.0,0.0,0.0,0.0,7.161188560358459,0.0,10.101422468291736,0.0,11.980486536514043,0.0,0.0,0.0,0.0,6.073688383606157,0.0,0.0,0.0,0.0,0.0,0.0,0.0,0.0,0.0,0.0,9.581694634049583,0.0,0.0,0.0,0.0,6.938202560130444
2026-01-08 08:00:00,0.0,8.514915909248279,8.694334272246442,6.593476748771999,7.161188560358459,0.0,10.101422468291736,10.908347278993274,11.980486536514043,6.424926029224779,13.303211142996823,9.418857920519738,8.214771159668256,6.073688383606157,0.0,8.77666582230645,0.0,0.0,7.013662517215488,6.100524224533688,0.0,0.0,0.0,0.0,9.581694634049583,10.621825189430298,10.423720298874859,10.705543837255233,0.0,6.938202560130444
2026-01-08 09:00:00,0.0,8.514915909248279,8.694334272246442,6.593476748771999,7.161188560358459,9.176705360236893,10.101422468291736,10.908347278993274,11.980486536514043,6.424926029224779,13.303211142996823,9.418857920519738,8.214771159668256,6.073688383606157,9.689446893995127,8.77666582230645,10.720490205043502,8.87367298723366,7.013662517215488,6.100524224533688,11.068649314229129,9.71079660666056,12.644491432644788,8.28258694340294,9.581694634049583,10.621825189430298,10.423720298874859,10.705543837255233,8.368506546617848,6.938202560130444
2026-01-08 10:00:00,0.0,8.514915909248279,8.694334272246442,6.593476748771999,7.161188560358459,9.176705360236893,10.101422468291736,10.908347278993274,11.980486536514043,6.424926029224779,13.303211142996823,9.418857920519738,8.214771159668256,6.073688383606157,9.689446893995127,8.77666582230645,10.720490205043502,8.87367298723366,7.013662517215488,6.100524224533688,11.068649314229129,9.71079660666056,12.644491432644788,8.28258694340294,9.581694634049583,10.621825189430298,10.423720298874859,10.705543837255233,8.368506546617848,6.938202560130444
2026-01-08 11:00:00,11.824549199685796,8.514915909248279,8.694334272246442,6.593476748771999,7.161188560358459,9.176705360236893,10.101422468291736,10.908347278993274,11.980486536514043,6.424926029224779,13.303211142996823,9.418857920519738,8.214771159668256,6.073688383606157,9.689446893995127,8.77666582230645,10.720490205043502,8.87367298723366,7.013662517215488,6.100524224533688,11.068649314229129,9.71079660666056,12.644491432644788,8.28258694340294,9.581694634049583,10.621825189430298,10.423720298874859,10.705543837255233,8.368506546617848,6.938202560130444
2026-01-08 12:00:00,11.824549199685796,8.514915909248279,8.694334272246442,6.593476748771999,7.161188560358459,9.176705360236893,10.101422468291736,10.908347278993274,11.980486536514043,6.424926029224779,13.303211142996823,9.418857920519738,8.214771159668256,6.073688383606157,9.689446893995127,8.77666582230645,10.720490205043502,8.87367298723366,7.013662517215488,6.100524224533688,11.068649314229129,9.71079660666056,12.644491432644788,8.28258694340294,9.581694634049583,10.621825189430298,10.423720298874859,10.705543837255233,8.368506546617848,6.938202560130444
2026-01-08 13:00:00,11.824549199685796,8.514915909248279,8.694334272246442,6.593476748771999,7.161188560358459,9.176705360236893,10.101422468291736,10.908347278993274,11.980486536514043,6.424926029224779,13.303211142996823,9.418857920519738,8.214771159668256,6.073688383606157,9.689446893995127,8.77666582230645,10.720490205043502,8.87367298723366,7.013662517215488,6.100524224533688,11.068649314229129,9.71079660666056,12.644491432644788,8.28258694340294,9.581694634049583,10.621825189430298,10.423720298874859,10.705543837255233,8.368506546617848,6.938202560130444
2026-01-08 14:00:00,11.824549199685796,8.514915909248279,8.694334272246442,6.593476748771999,7.161188560358459,9.176705360236893,10.101422468291736,10.908347278993274,11.980486536514043,6.424926029224779,13.303211142996823,9.418857920519738,8.214771159668256,6.073688383606157,9.689446893995127,8.77666582230645,10.720490205043502,8.87367298723366,7.013662517215488,6.100524224533688,11.068649314229129,9.71079660666056,12.644491432644788,8.28258694340294,9.581694634049583,10.621825189430298,10.423720298874859,10.705543837255233,8.368506546617848,6.938202560130444
2026-01-08 15:00:00,11.824549199685796,8.514915909248279,8.694334272246442,6.593476748771999,7.161188560358459,9.176705360236893,10.101422468291736,10.908347278993274,11.980486536514043,6.424926029224779,13.303211142996823,9.418857920519738,8.214771159668256,6.073688383606157,9.689446893995127,8.77666582230645,10.720490205043502,8.87367298723366,7.013662517215488,6.100524224533688,11.068649314229129,9.71079660666056,12.644491432644788,8.28258694340294,9.581694634049583,10.621825189430298,10.423720298874859,10.705543837255233,8.368506546617848,6.938202560130444
2026-01-08 16:00:00,11.824549199685796,8.514915909248279,8.694334272246442,6.593476748771999,7.161188560358459,9.176705360236893,10.101422468291736,10.908347278993274,11.980486536514043,6.424926029224779,13.303211142996823,9.418857920519738,8.214771159668256,6.073688383606157,9.689446893995127,8.77666582230645,10.720490205043502,8.87367298723366,7.013662517215488,6.100524224533688,11.068649314229129,9.71079660666056,12.644491432644788,8.28258694340294,9.581694634049583,10.621825189430298,10.423720298874859,10.705543837255233,8.368506546617848,6.938202560130444
2026-01-08 17:00:00,11.824549199685796,8.514915909248279,8.694334272246442,6.593476748771999,7.161188560358459,9.176705360236893,10.101422468291736,10.908347278993274,11.980486536514043,6.424926029224779,13.303211142996823,9.418857920519738,8.214771159668256,6.073688383606157,9.689446893995127,8.77666582230645,10.720490205043502,8.87367298723366,7.013662517215488,6.100524224533688,11.068649314229129,9.71079660666056,12.644491432644788,8.28258694340294,9.581694634049583,10.621825189430298,10.423720298874859,10.705543837255233,8.368506546617848,6.938202560130444
2026-01-08 18:00:00,11.824549199685796,8.514915909248279,8.694334272246442,6.593476748771999,7.161188560358459,9.176705360236893,10.101422468291736,10.908347278993274,11.980486536514043,6.424926029224779,13.303211142996823,9.418857920519738,8.214771159668256,6.073688383606157,9.689446893995127,8.77666582230645,10.720490205043502,8.87367298723366,7.013662517215488,6.100524224533688,11.068649314229129,9.71079660666056,12.644491432644788,8.28258694340294,9.581694634049583,10.621825189430298,10.423720298874859,10.705543837255233,8.368506546617848,6.938202560130444
2026-01-08 19:00:00,11.824549199685796,8.514915909248279,8.694334272246442,6.593476748771999,7.161188560358459,9.176705360236893,10.101422468291736,10.908347278993274,0.0,6.424926029224779,0.0,9.418857920519738,8.214771159668256,6.073688383606157,9.689446893995127,8.77666582230645,10.720490205043502,8.87367298723366,7.013662517215488,6.100524224533688,11.068649314229129,9.71079660666056,12.644491432644788,8.28258694340294,9.581694634049583,10.621825189430298,10.423720298874859,10.705543837255233,8.368506546617848,6.938202560130444
2026-01-08 20:00:00,11.824549199685796,8.514915909248279,8.694334272246442,6.593476748771999,7.161188560358459,9.176705360236893,0.0,0.0,0.0,6.424926029224779,0.0,9.418857920519738,8.214771159668256,6.073688383606157,9.689446893995127,8.77666582230645,10.720490205043502,8.87367298723366,7.013662517215488,6.100524224533688,11.068649314229129,0.0,12.644491432644788,8.28258694340294,9.581694634049583,10.621825189430298,0.0,10.705543837255233,0.0,6.938202560130444
2026-01-08 21:00:00,0.0,8.514915909248279,0.0,6.593476748771999,0.0,0.0,0.0,0.0,0.0,6.424926029224779,0.0,9.418857920519738,8.214771159668256,6.073688383606157,0.0,8.77666582230645,0.0,8.87367298723366,7.013662517215488,0.0,0.0,0.0,0.0,8.28258694340294,9.581694634049583,10.621825189430298,0.0,10.705543837255233,0.0,0.0
2026-01-08 22:00:00,0.0,0.0,0.0,0.0,0.0,0.0,0.0,0.0,0.0,0.0,0.0,0.0,8.214771159668256,6.073688383606157,0.0,0.0,0.0,8.87367298723366,7.013662517215488,0.0,0.0,0.0,0.0,0.0,0.0,0.0,0.0,0.0,0.0,0.0
2026-01-08 23:00:00,0.0,0.0,0.0,0.0,0.0,0.0,0.0,0.0,0.0,0.0,0.0,0.0,0.0,0.0,0.0,0.0,0.0,0.0,0.0,0.0,0.0,0.0,0.0,0.0,0.0,0.0,0.0,0.0,0.0,0.0
2026-01-09 00:00:00,0.0,0.0,0.0,0.0,0.0,0.0,0.0,0.0,0.0,0.0,0.0,0.0,0.0,0.0,0.0,0.0,0.0,0.0,0.0,0.0,0.0,0.0,0.0,0.0,0.0,0.0,0.0,0.0,0.0,0.0
2026-01-09 01:00:00,0.0,0.0,0.0,0.0,0.0,0.0,0.0,0.0,0.0,0.0,0.0,0.0,0.0,0.0,0.0,0.0,0.0,0.0,0.0,0.0,0.0,0.0,0.0,0.0,0.0,0.0,0.0,0.0,0.0,0.0
2026-01-09 02:00:00,0.0,0.0,0.0,0.0,0.0,0.0,0.0,0.0,0.0,0.0,0.0,0.0,0.0,0.0,0.0,0.0,0.0,0.0,0.0,0.0,0.0,0.0,0.0,0.0,0.0,0.0,0.0,0.0,0.0,0.0
2026-01-09 03:00:00,0.0,0.0,0.0,0.0,0.0,0.0,0.0,0.0,0.0,0.0,0.0,0.0,0.0,0.0,0.0,0.0,0.0,0.0,0.0,0.0,0.0,0.0,0.0,0.0,0.0,0.0,0.0,0.0,0.0,0.0
2026-01-09 04:00:00,0.0,0.0,0.0,0.0,0.0,0.0,0.0,0.0,0.0,0.0,0.0,0.0,0.0,0.0,0.0,0.0,0.0,0.0,0.0,0.0,0.0,0.0,0.0,0.0,0.0,0.0,0.0,0.0,0.0,0.0
2026-01-09 05:00:00,0.0,0.0,0.0,0.0,0.0,0.0,0.0,0.0,0.0,0.0,0.0,0.0,0.0,0.0,0.0,0.0,0.0,0.0,0.0,0.0,0.0,0.0,0.0,0.0,0.0,0.0,0.0,0.0,0.0,0.0
2026-01-09 06:00:00,0.0,0.0,0.0,0.0,0.0,0.0,0.0,0.0,0.0,0.0,0.0,0.0,0.0,0.0,0.0,0.0,0.0,0.0,0.0,0.0,0.0,0.0,0.0,0.0,0.0,0.0,0.0,0.0,0.0,0.0
2026-01-09 07:00:00,0.0,11.267096000756869,0.0,0.0,0.0,0.0,11.605425632048483,0.0,0.0,0.0,0.0,0.0,0.0,0.0,0.0,0.0,0.0,0.0,0.0,11.15105518544979,0.0,0.0,0.0,0.0,7.678598994332037,0.0,0.0,11.900539803202678,0.0,0.0
2026-01-09 08:00:00,6.906779286838316,11.267096000756869,5.361694695462438,0.0,0.0,0.0,11.605425632048483,7.356488853248991,12.050481944096097,0.0,12.255487804195718,0.0,0.0,0.0,10.731819217782858,0.0,0.0,12.290676812818774,0.0,11.15105518544979,10.493992362137403,8.87797485042081,10.81024677825449,0.0,7.678598994332037,9.112920831864447,0.0,11.900539803202678,0.0,0.0
2026-01-09 09:00:00,6.906779286838316,11.267096000756869,5.361694695462438,0.0,0.0,10.790147471090737,11.605425632048483,7.356488853248991,12.050481944096097,10.81712256681978,12.255487804195718,9.634434022780873,9.161114671542443,11.058833938800507,10.731819217782858,0.0,16.219818286778093,12.290676812818774,11.638751065527458,11.15105518544979,10.493992362137403,8.87797485042081,10.81024677825449,0.0,7.678598994332037,9.112920831864447,12.601524926907343,11.900539803202678,0.0,10.071951120713747
2026-01-09 10:00:00,6.906779286838316,11.267096000756869,5.361694695462438,5.571521484993576,8.81547451528239,10.790147471090737,11.605425632048483,7.356488853248991,12.050481944096097,10.81712256681978,12.255487804195718,9.634434022780873,9.161114671542443,11.058833938800507,10.731819217782858,9.49946073359241,16.219818286778093,12.290676812818774,11.638751065527458,11.15105518544979,10.493992362137403,8.87797485042081,10.81024677825449,17.43332557532893,7.678598994332037,9.112920831864447,12.601524926907343,11.900539803202678,7.5126559200079,10.071951120713747
2026-01-09 11:00:00,6.906779286838316,11.267096000756869,5.361694695462438,5.571521484993576,8.81547451528239,10.790147471090737,11.605425632048483,7.356488853248991,12.050481944096097,10.81712256681978,12.255487804195718,9.634434022780873,9.161114671542443,11.058833938800507,10.731819217782858,9.49946073359241,16.219818286778093,12.290676812818774,11.638751065527458,11.15105518544979,10.493992362137403,8.87797485042081,10.81024677825449,17.43332557532893,7.678598994332037,9.112920831864447,12.601524926907343,11.900539803202678,7.5126559200079,10.071951120713747
2026-01-09 12:00:00,6.906779286838316,11.267096000756869,5.361694695462438,5.571521484993576,8.81547451528239,10.790147471090737,11.605425632048483,7.356488853248991,12.050481944096097,10.81712256681978,12.255487804195718,9.634434022780873,9.161114671542443,11.058833938800507,10.731819217782858,9.49946073359241,16.219818286778093,12.290676812818774,11.638751065527458,11.15105518544979,10.493992362137403,8.87797485042081,10.81024677825449,17.43332557532893,7.678598994332037,9.112920831864447,12.601524926907343,11.900539803202678,7.5126559200079,10.071951120713747
2026-01-09 13:00:00,6.906779286838316,11.267096000756869,5.361694695462438,5.571521484993576,8.81547451528239,10.790147471090737,11.605425632048483,7.356488853248991,12.050481944096097,10.81712256681978,12.255487804195718,9.634434022780873,9.161114671542443,11.058833938800507,10.731819217782858,9.49946073359241,16.219818286778093,12.290676812818774,11.638751065527458,11.15105518544979,10.493992362137403,8.87797485042081,10.81024677825449,17.43332557532893,7.678598994332037,9.112920831864447,12.601524926907343,11.900539803202678,7.5126559200079,10.071951120713747
2026-01-09 14:00:00,6.906779286838316,11.267096000756869,5.361694695462438,5.571521484993576,8.81547451528239,10.790147471090737,11.605425632048483,7.356488853248991,12.050481944096097,10.81712256681978,12.255487804195718,9.634434022780873,9.161114671542443,11.058833938800507,10.731819217782858,9.49946073359241,16.219818286778093,12.290676812818774,11.638751065527458,11.15105518544979,10.493992362137403,8.87797485042081,10.81024677825449,17.43332557532893,7.678598994332037,9.112920831864447,12.601524926907343,11.900539803202678,7.5126559200079,10.071951120713747
2026-01-09 15:00:00,6.906779286838316,11.267096000756869,5.361694695462438,5.571521484993576,8.81547451528239,10.790147471090737,11.605425632048483,7.356488853248991,12.050481944096097,10.81712256681978,12.255487804195718,9.634434022780873,9.161114671542443,11.058833938800507,10.731819217782858,9.49946073359241,16.219818286778093,12.290676812818774,11.638751065527458,11.15105518544979,10.493992362137403,8.87797485042081,10.81024677825449,17.43332557532893,7.678598994332037,9.112920831864447,12.601524926907343,11.900539803202678,7.5126559200079,10.071951120713747
2026-01-09 16:00:00,6.906779286838316,11.267096000756869,5.361694695462438,5.571521484993576,8.81547451528239,10.790147471090737,11.605425632048483,7.356488853248991,12.050481944096097,10.81712256681978,12.255487804195718,9.634434022780873,9.161114671542443,11.058833938800507,10.731819217782858,9.49946073359241,16.219818286778093,12.290676812818774,11.638751065527458,11.15105518544979,10.493992362137403,8.87797485042081,10.81024677825449,17.43332557532893,7.678598994332037,9.112920831864447,12.601524926907343,11.900539803202678,7.5126559200079,10.071951120713747
2026-01-09 17:00:00,6.906779286838316,11.267096000756869,5.361694695462438,5.571521484993576,8.81547451528239,10.790147471090737,11.605425632048483,7.356488853248991,12.050481944096097,10.81712256681978,12.255487804195718,9.634434022780873,9.161114671542443,11.058833938800507,10.731819217782858,9.49946073359241,16.219818286778093,12.290676812818774,11.638751065527458,11.15105518544979,10.493992362137403,8.87797485042081,10.81024677825449,17.43332557532893,7.678598994332037,9.112920831864447,12.601524926907343,11.900539803202678,7.5126559200079,10.071951120713747
2026-01-09 18:00:00,6.906779286838316,11.267096000756869,5.361694695462438,5.571521484993576,8.81547451528239,10.790147471090737,11.605425632048483,7.356488853248991,12.050481944096097,10.81712256681978,12.255487804195718,9.634434022780873,9.161114671542443,11.058833938800507,10.731819217782858,9.49946073359241,16.219818286778093,12.290676812818774,11.638751065527458,11.15105518544979,10.493992362137403,8.87797485042081,10.81024677825449,17.43332557532893,7.678598994332037,9.112920831864447,12.601524926907343,11.900539803202678,7.5126559200079,10.071951120713747
2026-01-09 19:00:00,6.906779286838316,11.267096000756869,5.361694695462438,5.571521484993576,8.81547451528239,10.790147471090737,11.605425632048483,7.356488853248991,12.050481944096097,10.81712256681978,12.255487804195718,9.634434022780873,9.161114671542443,11.058833938800507,0.0,9.49946073359241,0.0,12.290676812818774,11.638751065527458,11.15105518544979,0.0,8.87797485042081,10.81024677825449,0.0,7.678598994332037,9.112920831864447,12.601524926907343,11.900539803202678,7.5126559200079,10.071951120713747
2026-01-09 20:00:00,0.0,0.0,0.0,5.571521484993576,8.81547451528239,0.0,0.0,7.356488853248991,12.050481944096097,10.81712256681978,0.0,9.634434022780873,9.161114671542443,11.058833938800507,0.0,0.0,0.0,0.0,0.0,11.15105518544979,0.0,8.87797485042081,10.81024677825449,0.0,7.678598994332037,9.112920831864447,0.0,11.900539803202678,7.5126559200079,0.0
2026-01-09 21:00:00,0.0,0.0,0.0,5.571521484993576,8.81547451528239,0.0,0.0,7.356488853248991,0.0,10.81712256681978,0.0,9.634434022780873,9.161114671542443,0.0,0.0,0.0,0.0,0.0,0.0,11.15105518544979,0.0,0.0,0.0,0.0,0.0,0.0,0.0,0.0,0.0,0.0
2026-01-09 22:00:00,0.0,0.0,0.0,0.0,0.0,0.0,0.0,0.0,0.0,0.0,0.0,0.0,0.0,0.0,0.0,0.0,0.0,0.0,0.0,0.0,0.0,0.0,0.0,0.0,0.0,0.0,0.0,0.0,0.0,0.0
2026-01-09 23:00:00,0.0,0.0,0.0,0.0,0.0,0.0,0.0,0.0,0.0,0.0,0.0,0.0,0.0,0.0,0.0,0.0,0.0,0.0,0.0,0.0,0.0,0.0,0.0,0.0,0.0,0.0,0.0,0.0,0.0,0.0
2026-01-10 00:00:00,0.0,0.0,0.0,0.0,0.0,0.0,0.0,0.0,0.0,0.0,0.0,0.0,0.0,0.0,0.0,0.0,0.0,0.0,0.0,0.0,0.0,0.0,0.0,0.0,0.0,0.0,0.0,0.0,0.0,0.0
2026-01-10 01:00:00,0.0,0.0,0.0,0.0,0.0,0.0,0.0,0.0,0.0,0.0,0.0,0.0,0.0,0.0,0.0,0.0,0.0,0.0,0.0,0.0,0.0,0.0,0.0,0.0,0.0,0.0,0.0,0.0,0.0,0.0
2026-01-10 02:00:00,0.0,0.0,0.0,0.0,0.0,0.0,0.0,0.0,0.0,0.0,0.0,0.0,0.0,0.0,0.0,0.0,0.0,0.0,0.0,0.0,0.0,0.0,0.0,0.0,0.0,0.0,0.0,0.0,0.0,0.0
2026-01-10 03:00:00,0.0,0.0,0.0,0.0,0.0,0.0,0.0,0.0,0.0,0.0,0.0,0.0,0.0,0.0,0.0,0.0,0.0,0.0,0.0,0.0,0.0,0.0,0.0,0.0,0.0,0.0,0.0,0.0,0.0,0.0
2026-01-10 04:00:00,0.0,0.0,0.0,0.0,0.0,0.0,0.0,0.0,0.0,0.0,0.0,0.0,0.0,0.0,0.0,0.0,0.0,0.0,0.0,0.0,0.0,0.0,0.0,0.0,0.0,0.0,0.0,0.0,0.0,0.0
2026-01-10 05:00:00,0.0,0.0,0.0,0.0,0.0,0.0,0.0,0.0,0.0,0.0,0.0,0.0,0.0,0.0,0.0,0.0,0.0,0.0,0.0,0.0,0.0,0.0,0.0,0.0,0.0,0.0,0.0,0.0,0.0,0.0
2026-01-10 06:00:00,0.0,0.0,0.0,0.0,0.0,0.0,0.0,0.0,0.0,0.0,0.0,0.0,0.0,0.0,0.0,0.0,0.0,0.0,0.0,0.0,0.0,0.0,0.0,0.0,0.0,0.0,0.0,6.379844107471457,0.0,0.0
2026-01-10 07:00:00,0.0,6.898398161750048,0.0,0.0,4.649359512491983,0.0,0.0,0.0,0.0,5.983140850558801,0.0,0.0,0.0,0.0,0.0,0.0,0.0,5.158097491725094,0.0,0.0,0.0,0.0,0.0,0.0,0.0,0.0,8.284238223770979,6.379844107471457,0.0,3.677693448178314
2026-01-10 08:00:00,0.0,6.898398161750048,6.033883637963964,7.464212739133446,4.649359512491983,0.0,5.0030190638697745,0.0,4.9322928551230385,5.983140850558801,6.642968360693121,7.1383414106283505,0.0,0.0,0.0,0.0,7.414513498654742,5.158097491725094,0.0,7.300728807351181,5.548303423233837,0.0,6.681357526711062,3.9395640505839027,0.0,0.0,8.284238223770979,6.379844107471457,4.3035962957911496,3.677693448178314
2026-01-10 09:00:00,3.3500102807541627,6.898398161750048,6.033883637963964,7.464212739133446,4.649359512491983,4.385150201507697,5.0030190638697745,8.708120791382168,4.9322928551230385,5.983140850558801,6.642968360693121,7.1383414106283505,7.559098429896087,5.854146756031379,0.0,9.554519454807783,7.414513498654742,5.158097491725094,11.398311362242389,7.300728807351181,5.548303423233837,4.22343742661439,6.681357526711062,3.9395640505839027,3.1113526446730417,5.0756350053575865,8.284238223770979,6.379844107471457,4.3035962957911496,3.677693448178314
2026-01-10 10:00:00,3.3500102807541627,6.898398161750048,6.033883637963964,7.464212739133446,4.649359512491983,4.385150201507697,5.0030190638697745,8.708120791382168,4.9322928551230385,5.983140850558801,6.642968360693121,7.1383414106283505,7.559098429896087,5.854146756031379,6.296476120825224,9.554519454807783,7.414513498654742,5.158097491725094,11.398311362242389,7.300728807351181,5.548303423233837,4.22343742661439,6.681357526711062,3.9395640505839027,3.1113526446730417,5.0756350053575865,8.284238223770979,6.379844107471457,4.3035962957911496,3.677693448178314
2026-01-10 11:00:00,3.3500102807541627,6.898398161750048,6.033883637963964,7.464212739133446,4.649359512491983,4.385150201507697,5.0030190638697745,8.708120791382168,4.9322928551230385,5.983140850558801,6.642968360693121,7.1383414106283505,7.559098429896087,5.854146756031379,6.296476120825224,9.554519454807783,7.414513498654742,5.158097491725094,11.398311362242389,7.300728807351181,5.548303423233837,4.22343742661439,6.681357526711062,3.9395640505839027,3.1113526446730417,5.0756350053575865,8.284238223770979,6.379844107471457,4.3035962957911496,3.677693448178314
2026-01-10 12:00:00,3.3500102807541627,6.898398161750048,6.033883637963964,7.464212739133446,4.649359512491983,4.385150201507697,5.0030190638697745,8.708120791382168,4.9322928551230385,5.983140850558801,6.642968360693121,7.1383414106283505,7.559098429896087,5.854146756031379,6.296476120825224,9.554519454807783,7.414513498654742,5.158097491725094,11.398311362242389,7.300728807351181,5.548303423233837,4.22343742661439,6.681357526711062,3.9395640505839027,3.1113526446730417,5.0756350053575865,8.284238223770979,6.379844107471457,4.3035962957911496,3.677693448178314
2026-01-10 13:00:00,3.3500102807541627,6.898398161750048,6.033883637963964,7.464212739133446,4.649359512491983,4.385150201507697,5.0030190638697745,8.708120791382168,4.9322928551230385,5.983140850558801,6.642968360693121,7.1383414106283505,7.559098429896087,5.854146756031379,6.296476120825224,9.554519454807783,7.414513498654742,5.158097491725094,11.398311362242389,7.300728807351181,5.548303423233837,4.22343742661439,6.681357526711062,3.9395640505839027,3.1113526446730417,5.0756350053575865,8.284238223770979,6.379844107471457,4.3035962957911496,3.677693448178314
2026-01-10 14:00:00,3.3500102807541627,6.898398161750048,6.033883637963964,7.464212739133446,4.649359512491983,4.385150201507697,5.0030190638697745,8.708120791382168,4.9322928551230385,5.983140850558801,6.642968360693121,7.1383414106283505,7.559098429896087,5.854146756031379,6.296476120825224,9.554519454807783,7.414513498654742,5.158097491725094,11.398311362242389,7.300728807351181,5.548303423233837,4.22343742661439,6.681357526711062,3.9395640505839027,3.1113526446730417,5.0756350053575865,8.284238223770979,6.379844107471457,4.3035962957911496,3.677693448178314
2026-01-10 15:00:00,3.3500102807541627,6.898398161750048,6.033883637963964,7.464212739133446,4.649359512491983,4.385150201507697,5.0030190638697745,8.708120791382168,4.9322928551230385,5.983140850558801,6.642968360693121,7.1383414106283505,7.559098429896087,5.854146756031379,6.296476120825224,9.554519454807783,7.414513498654742,5.158097491725094,11.398311362242389,7.300728807351181,5.548303423233837,4.22343742661439,6.681357526711062,3.9395640505839027,3.1113526446730417,5.0756350053575865,8.284238223770979,6.379844107471457,4.3035962957911496,3.677693448178314
2026-01-10 16:00:00,3.3500102807541627,6.898398161750048,6.033883637963964,7.464212739133446,4.649359512491983,4.385150201507697,5.0030190638697745,8.708120791382168,4.9322928551230385,5.983140850558801,6.642968360693121,7.1383414106283505,7.559098429896087,5.854146756031379,6.296476120825224,9.554519454807783,7.414513498654742,5.158097491725094,11.398311362242389,7.300728807351181,5.548303423233837,4.22343742661439,6.681357526711062,3.9395640505839027,3.1113526446730417,5.0756350053575865,8.284238223770979,6.379844107471457,4.3035962957911496,3.677693448178314
2026-01-10 17:00:00,3.3500102807541627,6.898398161750048,6.033883637963964,7.464212739133446,4.649359512491983,4.385150201507697,5.0030190638697745,8.708120791382168,4.9322928551230385,5.983140850558801,6.642968360693121,7.1383414106283505,7.559098429896087,5.854146756031379,6.296476120825224,9.554519454807783,7.414513498654742,5.158097491725094,11.398311362242389,7.300728807351181,5.548303423233837,4.22343742661439,6.681357526711062,3.9395640505839027,3.1113526446730417,5.0756350053575865,8.284238223770979,6.379844107471457,4.3035962957911496,3.677693448178314
2026-01-10 18:00:00,3.3500102807541627,6.898398161750048,6.033883637963964,7.464212739133446,4.649359512491983,4.385150201507697,5.0030190638697745,8.708120791382168,4.9322928551230385,5.983140850558801,6.642968360693121,7.1383414106283505,7.559098429896087,5.854146756031379,6.296476120825224,9.554519454807783,7.414513498654742,5.158097491725094,11.398311362242389,7.300728807351181,5.548303423233837,4.22343742661439,6.681357526711062,3.9395640505839027,3.1113526446730417,5.0756350053575865,8.284238223770979,6.379844107471457,4.3035962957911496,3.677693448178314
2026-01-10 19:00:00,3.3500102807541627,6.898398161750048,6.033883637963964,0.0,0.0,4.385150201507697,5.0030190638697745,0.0,4.9322928551230385,5.983140850558801,6.642968360693121,7.1383414106283505,7.559098429896087,5.854146756031379,0.0,9.554519454807783,7.414513498654742,5.158097491725094,11.398311362242389,0.0,5.548303423233837,4.22343742661439,0.0,3.9395640505839027,3.1113526446730417,5.0756350053575865,8.284238223770979,6.379844107471457,4.3035962957911496,3.677693448178314
2026-01-10 20:00:00,3.3500102807541627,0.0,0.0,0.0,0.0,4.385150201507697,0.0,0.0,0.0,5.983140850558801,6.642968360693121,7.1383414106283505,7.559098429896087,0.0,0.0,9.554519454807783,7.414513498654742,5.158097491725094,0.0,0.0,0.0,4.22343742661439,0.0,3.9395640505839027,0.0,5.0756350053575865,0.0,6.379844107471457,0.0,3.677693448178314
2026-01-10 21:00:00,3.3500102807541627,0.0,0.0,0.0,0.0,0.0,0.0,0.0,0.0,5.983140850558801,6.642968360693121,7.1383414106283505,0.0,0.0,0.0,9.554519454807783,7.414513498654742,5.158097491725094,0.0,0.0,0.0,4.22343742661439,0.0,0.0,0.0,5.0756350053575865,0.0,0.0,0.0,3.677693448178314
2026-01-10 22:00:00,0.0,0.0,0.0,0.0,0.0,0.0,0.0,0.0,0.0,0.0,0.0,0.0,0.0,0.0,0.0,0.0,0.0,0.0,0.0,0.0,0.0,4.22343742661439,0.0,0.0,0.0,0.0,0.0,0.0,0.0,3.677693448178314
2026-01-10 23:00:00,0.0,0.0,0.0,0.0,0.0,0.0,0.0,0.0,0.0,0.0,0.0,0.0,0.0,0.0,0.0,0.0,0.0,0.0,0.0,0.0,0.0,0.0,0.0,0.0,0.0,0.0,0.0,0.0,0.0,0.0
2026-01-11 00:00:00,0.0,0.0,0.0,0.0,0.0,0.0,0.0,0.0,0.0,0.0,0.0,0.0,0.0,0.0,0.0,0.0,0.0,0.0,0.0,0.0,0.0,0.0,0.0,0.0,0.0,0.0,0.0,0.0,0.0,0.0
2026-01-11 01:00:00,0.0,0.0,0.0,0.0,0.0,0.0,0.0,0.0,0.0,0.0,0.0,0.0,0.0,0.0,0.0,0.0,0.0,0.0,0.0,0.0,0.0,0.0,0.0,0.0,0.0,0.0,0.0,0.0,0.0,0.0
2026-01-11 02:00:00,0.0,0.0,0.0,0.0,0.0,0.0,0.0,0.0,0.0,0.0,0.0,0.0,0.0,0.0,0.0,0.0,0.0,0.0,0.0,0.0,0.0,0.0,0.0,0.0,0.0,0.0,0.0,0.0,0.0,0.0
2026-01-11 03:00:00,0.0,0.0,0.0,0.0,0.0,0.0,0.0,0.0,0.0,0.0,0.0,0.0,0.0,0.0,0.0,0.0,0.0,0.0,0.0,0.0,0.0,0.0,0.0,0.0,0.0,0.0,0.0,0.0,0.0,0.0
2026-01-11 04:00:00,0.0,0.0,0.0,0.0,0.0,0.0,0.0,0.0,0.0,0.0,0.0,0.0,0.0,0.0,0.0,0.0,0.0,0.0,0.0,0.0,0.0,0.0,0.0,0.0,0.0,0.0,0.0,0.0,0.0,0.0
2026-01-11 05:00:00,0.0,0.0,0.0,0.0,0.0,0.0,0.0,0.0,0.0,0.0,0.0,0.0,0.0,0.0,0.0,0.0,0.0,0.0,0.0,0.0,0.0,0.0,0.0,0.0,0.0,0.0,0.0,0.0,0.0,0.0
2026-01-11 06:00:00,0.0,0.0,0.0,0.0,0.0,0.0,0.0,0.0,0.0,0.0,0.0,0.0,0.0,0.0,0.0,0.0,0.0,0.0,0.0,0.0,0.0,0.0,0.0,0.0,0.0,0.0,0.0,0.0,0.0,0.0
2026-01-11 07:00:00,3.541620445194044,0.0,0.0,2.2222222222222223,7.613177572887498,0.0,0.0,0.0,0.0,6.463951654638184,0.0,0.0,0.0,0.0,0.0,0.0,4.335426619622717,4.4223294565338716,0.0,0.0,0.0,0.0,0.0,0.0,6.430451964547645,0.0,0.0,0.0,0.0,0.0
2026-01-11 08:00:00,3.541620445194044,3.9880488047290426,0.0,2.2222222222222223,7.613177572887498,0.0,0.0,2.6864520602087434,0.0,6.463951654638184,0.0,0.0,5.031565520359181,5.993343880891137,0.0,0.0,4.335426619622717,4.4223294565338716,0.0,0.0,3.2323247203543013,4.162593843628764,6.9611918385763545,0.0,6.430451964547645,4.550507858762443,4.499143947984682,0.0,0.0,3.292866522260529
2026-01-11 09:00:00,3.541620445194044,3.9880488047290426,11.935648044629163,2.2222222222222223,7.613177572887498,0.0,7.0552822484416815,2.6864520602087434,0.0,6.463951654638184,0.0,0.0,5.031565520359181,5.993343880891137,8.90104711876477,6.7782356557174746,4.335426619622717,4.4223294565338716,8.414923913646549,0.0,3.2323247203543013,4.162593843628764,6.9611918385763545,2.608695652173913,6.430451964547645,4.550507858762443,4.499143947984682,0.0,4.541037592364093,3.292866522260529
2026-01-11 10:00:00,3.541620445194044,3.9880488047290426,11.935648044629163,2.2222222222222223,7.613177572887498,9.616780757779484,7.0552822484416815,2.6864520602087434,4.227302958078531,6.463951654638184,6.219114091400009,5.981684781661892,5.031565520359181,5.993343880891137,8.90104711876477,6.7782356557174746,4.335426619622717,4.4223294565338716,8.414923913646549,9.506796081679292,3.2323247203543013,4.162593843628764,6.9611918385763545,2.608695652173913,6.430451964547645,4.550507858762443,4.499143947984682,3.7256110649973064,4.541037592364093,3.292866522260529
2026-01-11 11:00:00,3.541620445194044,3.9880488047290426,11.935648044629163,2.2222222222222223,7.613177572887498,9.616780757779484,7.0552822484416815,2.6864520602087434,4.227302958078531,6.463951654638184,6.219114091400009,5.981684781661892,5.031565520359181,5.993343880891137,8.90104711876477,6.7782356557174746,4.335426619622717,4.4223294565338716,8.414923913646549,9.506796081679292,3.2323247203543013,4.162593843628764,6.9611918385763545,2.608695652173913,6.430451964547645,4.550507858762443,4.499143947984682,3.7256110649973064,4.541037592364093,3.292866522260529
2026-01-11 12:00:00,3.541620445194044,3.9880488047290426,11.935648044629163,2.2222222222222223,7.613177572887498,9.616780757779484,7.0552822484416815,2.6864520602087434,4.227302958078531,6.463951654638184,6.219114091400009,5.981684781661892,5.031565520359181,5.993343880891137,8.90104711876477,6.7782356557174746,4.335426619622717,4.4223294565338716,8.414923913646549,9.506796081679292,3.2323247203543013,4.162593843628764,6.9611918385763545,2.608695652173913,6.430451964547645,4.550507858762443,4.499143947984682,3.7256110649973064,4.541037592364093,3.292866522260529
2026-01-11 13:00:00,3.541620445194044,3.9880488047290426,11.935648044629163,2.2222222222222223,7.613177572887498,9.616780757779484,7.0552822484416815,2.6864520602087434,4.227302958078531,6.463951654638184,6.219114091400009,5.981684781661892,5.031565520359181,5.993343880891137,8.90104711876477,6.7782356557174746,4.335426619622717,4.4223294565338716,8.414923913646549,9.506796081679292,3.2323247203543013,4.162593843628764,6.9611918385763545,2.608695652173913,6.430451964547645,4.550507858762443,4.499143947984682,3.7256110649973064,4.541037592364093,3.292866522260529
2026-01-11 14:00:00,3.541620445194044,3.9880488047290426,11.935648044629163,2.2222222222222223,7.613177572887498,9.616780757779484,7.0552822484416815,2.6864520602087434,4.227302958078531,6.463951654638184,6.219114091400009,5.981684781661892,5.031565520359181,5.993343880891137,8.90104711876477,6.7782356557174746,4.335426619622717,4.4223294565338716,8.414923913646549,9.506796081679292,3.2323247203543013,4.162593843628764,6.9611918385763545,2.608695652173913,6.430451964547645,4.550507858762443,4.499143947984682,3.7256110649973064,4.541037592364093,3.292866522260529
2026-01-11 15:00:00,3.541620445194044,3.9880488047290426,11.935648044629163,2.2222222222222223,7.613177572887498,9.616780757779484,7.0552822484416815,2.6864520602087434,4.227302958078531,6.463951654638184,6.219114091400009,5.981684781661892,5.031565520359181,5.993343880891137,8.90104711876477,6.7782356557174746,4.335426619622717,4.4223294565338716,8.414923913646549,9.506796081679292,3.2323247203543013,4.162593843628764,6.9611918385763545,2.608695652173913,6.430451964547645,4.550507858762443,4.499143947984682,3.7256110649973064,4.541037592364093,3.292866522260529
2026-01-11 16:00:00,3.541620445194044,3.9880488047290426,11.935648044629163,2.2222222222222223,7.613177572887498,9.616780757779484,7.0552822484416815,2.6864520602087434,4.227302958078531,6.463951654638184,6.219114091400009,5.981684781661892,5.031565520359181,5.993343880891137,8.90104711876477,6.7782356557174746,4.335426619622717,4.4223294565338716,8.414923913646549,9.506796081679292,3.2323247203543013,4.162593843628764,6.9611918385763545,2.608695652173913,6.430451964547645,4.550507858762443,4.499143947984682,3.7256110649973064,4.541037592364093,3.292866522260529
2026-01-11 17:00:00,3.541620445194044,3.9880488047290426,11.935648044629163,2.2222222222222223,7.613177572887498,9.616780757779484,7.0552822484416815,2.6864520602087434,4.227302958078531,6.463951654638184,6.219114091400009,5.981684781661892,5.031565520359181,5.993343880891137,8.90104711876477,6.7782356557174746,4.335426619622717,4.4223294565338716,8.414923913646549,9.506796081679292,3.2323247203543013,4.162593843628764,6.9611918385763545,2.608695652173913,6.430451964547645,4.550507858762443,4.499143947984682,3.7256110649973064,4.541037592364093,3.292866522260529
2026-01-11 18:00:00,3.541620445194044,3.9880488047290426,11.935648044629163,2.2222222222222223,7.613177572887498,9.616780757779484,7.0552822484416815,2.6864520602087434,4.227302958078531,6.463951654638184,6.219114091400009,5.981684781661892,5.031565520359181,5.993343880891137,8.90104711876477,6.7782356557174746,4.335426619622717,4.4223294565338716,8.414923913646549,9.506796081679292,3.2323247203543013,4.162593843628764,6.9611918385763545,2.608695652173913,6.430451964547645,4.550507858762443,4.499143947984682,3.7256110649973064,4.541037592364093,3.292866522260529
2026-01-11 19:00:00,3.541620445194044,0.0,0.0,2.2222222222222223,7.613177572887498,9.616780757779484,7.0552822484416815,0.0,4.227302958078531,0.0,6.219114091400009,0.0,5.031565520359181,5.993343880891137,8.90104711876477,6.7782356557174746,4.335426619622717,4.4223294565338716,8.414923913646549,9.506796081679292,3.2323247203543013,4.162593843628764,6.9611918385763545,2.608695652173913,6.430451964547645,4.550507858762443,4.499143947984682,3.7256110649973064,4.541037592364093,3.292866522260529
2026-01-11 20:00:00,3.541620445194044,0.0,0.0,2.2222222222222223,7.613177572887498,0.0,7.0552822484416815,0.0,4.227302958078531,0.0,6.219114091400009,0.0,0.0,5.993343880891137,0.0,0.0,4.335426619622717,0.0,0.0,0.0,3.2323247203543013,4.162593843628764,6.9611918385763545,0.0,6.430451964547645,4.550507858762443,0.0,3.7256110649973064,4.541037592364093,3.292866522260529
2026-01-11 21:00:00,3.541620445194044,0.0,0.0,0.0,7.613177572887498,0.0,7.0552822484416815,0.0,4.227302958078531,0.0,6.219114091400009,0.0,0.0,0.0,0.0,0.0,4.335426619622717,0.0,0.0,0.0,0.0,4.162593843628764,0.0,0.0,0.0,0.0,0.0,0.0,4.541037592364093,3.292866522260529
2026-01-11 22:00:00,0.0,0.0,0.0,0.0,7.613177572887498,0.0,0.0,0.0,0.0,0.0,0.0,0.0,0.0,0.0,0.0,0.0,0.0,0.0,0.0,0.0,0.0,4.162593843628764,0.0,0.0,0.0,0.0,0.0,0.0,4.541037592364093,0.0
2026-01-11 23:00:00,0.0,0.0,0.0,0.0,0.0,0.0,0.0,0.0,0.0,0.0,0.0,0.0,0.0,0.0,0.0,0.0,0.0,0.0,0.0,0.0,0.0,0.0,0.0,0.0,0.0,0.0,0.0,0.0,0.0,0.0
2026-01-12 00:00:00,0.0,0.0,0.0,0.0,0.0,0.0,0.0,0.0,0.0,0.0,0.0,0.0,0.0,0.0,0.0,0.0,0.0,0.0,0.0,0.0,0.0,0.0,0.0,0.0,0.0,0.0,0.0,0.0,0.0,0.0
2026-01-12 01:00:00,0.0,0.0,0.0,0.0,0.0,0.0,0.0,0.0,0.0,0.0,0.0,0.0,0.0,0.0,0.0,0.0,0.0,0.0,0.0,0.0,0.0,0.0,0.0,0.0,0.0,0.0,0.0,0.0,0.0,0.0
2026-01-12 02:00:00,0.0,0.0,0.0,0.0,0.0,0.0,0.0,0.0,0.0,0.0,0.0,0.0,0.0,0.0,0.0,0.0,0.0,0.0,0.0,0.0,0.0,0.0,0.0,0.0,0.0,0.0,0.0,0.0,0.0,0.0
2026-01-12 03:00:00,0.0,0.0,0.0,0.0,0.0,0.0,0.0,0.0,0.0,0.0,0.0,0.0,0.0,0.0,0.0,0.0,0.0,0.0,0.0,0.0,0.0,0.0,0.0,0.0,0.0,0.0,0.0,0.0,0.0,0.0
2026-01-12 04:00:00,0.0,0.0,0.0,0.0,0.0,0.0,0.0,0.0,0.0,0.0,0.0,0.0,0.0,0.0,0.0,0.0,0.0,0.0,0.0,0.0,0.0,0.0,0.0,0.0,0.0,0.0,0.0,0.0,0.0,0.0
2026-01-12 05:00:00,0.0,0.0,0.0,0.0,0.0,0.0,0.0,0.0,0.0,0.0,0.0,0.0,0.0,0.0,0.0,0.0,0.0,0.0,0.0,0.0,0.0,0.0,0.0,0.0,0.0,0.0,0.0,0.0,0.0,0.0
2026-01-12 06:00:00,0.0,0.0,0.0,0.0,0.0,0.0,0.0,0.0,0.0,0.0,0.0,0.0,0.0,0.0,0.0,0.0,0.0,0.0,0.0,0.0,0.0,0.0,0.0,0.0,0.0,0.0,0.0,0.0,0.0,0.0
2026-01-12 07:00:00,0.0,0.0,0.0,8.953034091259468,0.0,0.0,0.0,0.0,0.0,0.0,6.655130214506574,0.0,7.781331278971173,9.546087921898097,0.0,9.803906678585223,0.0,0.0,7.6232318761518885,0.0,0.0,0.0,6.339679885256494,0.0,0.0,0.0,0.0,0.0,9.793681501130376,0.0
2026-01-12 08:00:00,0.0,0.0,0.0,8.953034091259468,8.791218223127837,0.0,0.0,10.626898224179973,6.251214380495501,0.0,6.655130214506574,0.0,7.781331278971173,9.546087921898097,0.0,9.803906678585223,0.0,10.280623838860791,7.6232318761518885,0.0,0.0,0.0,6.339679885256494,0.0,9.223307424493857,11.49083557029969,0.0,0.0,9.793681501130376,0.0
2026-01-12 09:00:00,0.0,9.278840893730173,10.507440686214904,8.953034091259468,8.791218223127837,9.64091017152483,11.58564400545554,10.626898224179973,6.251214380495501,13.72806659448542,6.655130214506574,11.438079332523593,7.781331278971173,9.546087921898097,10.751866214963869,9.803906678585223,0.0,10.280623838860791,7.6232318761518885,10.226895052740964,0.0,9.88604218323996,6.339679885256494,11.928525787340623,9.223307424493857,11.49083557029969,0.0,7.625866040040085,9.793681501130376,12.326692627957309
2026-01-12 10:00:00,0.0,9.278840893730173,10.507440686214904,8.953034091259468,8.791218223127837,9.64091017152483,11.58564400545554,10.626898224179973,6.251214380495501,13.72806659448542,6.655130214506574,11.438079332523593,7.781331278971173,9.546087921898097,10.751866214963869,9.803906678585223,8.988100517477582,10.280623838860791,7.6232318761518885,10.226895052740964,8.032469520749338,9.88604218323996,6.339679885256494,11.928525787340623,9.223307424493857,11.49083557029969,14.983041182193604,7.625866040040085,9.793681501130376,12.326692627957309
2026-01-12 11:00:00,10.818830282732712,9.278840893730173,10.507440686214904,8.953034091259468,8.791218223127837,9.64091017152483,11.58564400545554,10.626898224179973,6.251214380495501,13.72806659448542,6.655130214506574,11.438079332523593,7.781331278971173,9.546087921898097,10.751866214963869,9.803906678585223,8.988100517477582,10.280623838860791,7.6232318761518885,10.226895052740964,8.032469520749338,9.88604218323996,6.339679885256494,11.928525787340623,9.223307424493857,11.49083557029969,14.983041182193604,7.625866040040085,9.793681501130376,12.326692627957309
2026-01-12 12:00:00,10.818830282732712,9.278840893730173,10.507440686214904,8.953034091259468,8.791218223127837,9.64091017152483,11.58564400545554,10.626898224179973,6.251214380495501,13.72806659448542,6.655130214506574,11.438079332523593,7.781331278971173,9.546087921898097,10.751866214963869,9.803906678585223,8.988100517477582,10.280623838860791,7.6232318761518885,10.226895052740964,8.032469520749338,9.88604218323996,6.339679885256494,11.928525787340623,9.223307424493857,11.49083557029969,14.983041182193604,7.625866040040085,9.793681501130376,12.326692627957309
2026-01-12 13:00:00,10.818830282732712,9.278840893730173,10.507440686214904,8.953034091259468,8.791218223127837,9.64091017152483,11.58564400545554,10.626898224179973,6.251214380495501,13.72806659448542,6.655130214506574,11.438079332523593,7.781331278971173,9.546087921898097,10.751866214963869,9.803906678585223,8.988100517477582,10.280623838860791,7.6232318761518885,10.226895052740964,8.032469520749338,9.88604218323996,6.339679885256494,11.928525787340623,9.223307424493857,11.49083557029969,14.983041182193604,7.625866040040085,9.793681501130376,12.326692627957309
2026-01-12 14:00:00,10.818830282732712,9.278840893730173,10.507440686214904,8.953034091259468,8.791218223127837,9.64091017152483,11.58564400545554,10.626898224179973,6.251214380495501,13.72806659448542,6.655130214506574,11.438079332523593,7.781331278971173,9.546087921898097,10.751866214963869,9.803906678585223,8.988100517477582,10.280623838860791,7.6232318761518885,10.226895052740964,8.032469520749338,9.88604218323996,6.339679885256494,11.928525787340623,9.223307424493857,11.49083557029969,14.983041182193604,7.625866040040085,9.793681501130376,12.326692627957309
2026-01-12 15:00:00,10.818830282732712,9.278840893730173,10.507440686214904,8.953034091259468,8.791218223127837,9.64091017152483,11.58564400545554,10.626898224179973,6.251214380495501,13.72806659448542,6.655130214506574,11.438079332523593,7.781331278971173,9.546087921898097,10.751866214963869,9.803906678585223,8.988100517477582,10.280623838860791,7.6232318761518885,10.226895052740964,8.032469520749338,9.88604218323996,6.339679885256494,11.928525787340623,9.223307424493857,11.49083557029969,14.983041182193604,7.625866040040085,9.793681501130376,12.326692627957309
2026-01-12 16:00:00,10.818830282732712,9.278840893730173,10.507440686214904,8.953034091259468,8.791218223127837,9.64091017152483,11.58564400545554,10.626898224179973,6.251214380495501,13.72806659448542,6.655130214506574,11.438079332523593,7.781331278971173,9.546087921898097,10.751866214963869,9.803906678585223,8.988100517477582,10.280623838860791,7.6232318761518885,10.226895052740964,8.032469520749338,9.88604218323996,6.339679885256494,11.928525787340623,9.223307424493857,11.49083557029969,14.983041182193604,7.625866040040085,9.793681501130376,12.326692627957309
2026-01-12 17:00:00,10.818830282732712,9.278840893730173,10.507440686214904,8.953034091259468,8.791218223127837,9.64091017152483,11.58564400545554,10.626898224179973,6.251214380495501,13.72806659448542,6.655130214506574,11.438079332523593,7.781331278971173,9.546087921898097,10.751866214963869,9.803906678585223,8.988100517477582,10.280623838860791,7.6232318761518885,10.226895052740964,8.032469520749338,9.88604218323996,6.339679885256494,11.928525787340623,9.223307424493857,11.49083557029969,14.983041182193604,7.625866040040085,9.793681501130376,12.326692627957309
2026-01-12 18:00:00,10.818830282732712,9.278840893730173,10.507440686214904,8.953034091259468,8.791218223127837,9.64091017152483,11.58564400545554,10.626898224179973,6.251214380495501,13.72806659448542,6.655130214506574,11.438079332523593,7.781331278971173,9.546087921898097,10.751866214963869,9.803906678585223,8.988100517477582,10.280623838860791,7.6232318761518885,10.226895052740964,8.032469520749338,9.88604218323996,6.339679885256494,11.928525787340623,9.223307424493857,11.49083557029969,14.983041182193604,7.625866040040085,9.793681501130376,12.326692627957309
2026-01-12 19:00:00,10.818830282732712,0.0,0.0,8.953034091259468,8.791218223127837,9.64091017152483,11.58564400545554,10.626898224179973,6.251214380495501,13.72806659448542,6.655130214506574,11.438079332523593,7.781331278971173,0.0,10.751866214963869,0.0,8.988100517477582,10.280623838860791,7.6232318761518885,10.226895052740964,8.032469520749338,9.88604218323996,6.339679885256494,11.928525787340623,9.223307424493857,11.49083557029969,0.0,7.625866040040085,9.793681501130376,12.326692627957309
2026-01-12 20:00:00,0.0,0.0,0.0,8.953034091259468,8.791218223127837,9.64091017152483,11.58564400545554,0.0,6.251214380495501,0.0,0.0,11.438079332523593,7.781331278971173,0.0,10.751866214963869,0.0,8.988100517477582,10.280623838860791,0.0,10.226895052740964,0.0,9.88604218323996,6.339679885256494,0.0,9.223307424493857,11.49083557029969,0.0,7.625866040040085,0.0,12.326692627957309
2026-01-12 21:00:00,0.0,0.0,0.0,8.953034091259468,0.0,0.0,0.0,0.0,6.251214380495501,0.0,0.0,0.0,7.781331278971173,0.0,0.0,0.0,0.0,0.0,0.0,0.0,0.0,0.0,6.339679885256494,0.0,0.0,0.0,0.0,7.625866040040085,0.0,0.0
2026-01-12 22:00:00,0.0,0.0,0.0,0.0,0.0,0.0,0.0,0.0,0.0,0.0,0.0,0.0,0.0,0.0,0.0,0.0,0.0,0.0,0.0,0.0,0.0,0.0,0.0,0.0,0.0,0.0,0.0,7.625866040040085,0.0,0.0
2026-01-12 23:00:00,0.0,0.0,0.0,0.0,0.0,0.0,0.0,0.0,0.0,0.0,0.0,0.0,0.0,0.0,0.0,0.0,0.0,0.0,0.0,0.0,0.0,0.0,0.0,0.0,0.0,0.0,0.0,0.0,0.0,0.0
2026-01-13 00:00:00,0.0,0.0,0.0,0.0,0.0,0.0,0.0,0.0,0.0,0.0,0.0,0.0,0.0,0.0,0.0,0.0,0.0,0.0,0.0,0.0,0.0,0.0,0.0,0.0,0.0,0.0,0.0,0.0,0.0,0.0
2026-01-13 01:00:00,0.0,0.0,0.0,0.0,0.0,0.0,0.0,0.0,0.0,0.0,0.0,0.0,0.0,0.0,0.0,0.0,0.0,0.0,0.0,0.0,0.0,0.0,0.0,0.0,0.0,0.0,0.0,0.0,0.0,0.0
2026-01-13 02:00:00,0.0,0.0,0.0,0.0,0.0,0.0,0.0,0.0,0.0,0.0,0.0,0.0,0.0,0.0,0.0,0.0,0.0,0.0,0.0,0.0,0.0,0.0,0.0,0.0,0.0,0.0,0.0,0.0,0.0,0.0
2026-01-13 03:00:00,0.0,0.0,0.0,0.0,0.0,0.0,0.0,0.0,0.0,0.0,0.0,0.0,0.0,0.0,0.0,0.0,0.0,0.0,0.0,0.0,0.0,0.0,0.0,0.0,0.0,0.0,0.0,0.0,0.0,0.0
2026-01-13 04:00:00,0.0,0.0,0.0,0.0,0.0,0.0,0.0,0.0,0.0,0.0,0.0,0.0,0.0,0.0,0.0,0.0,0.0,0.0,0.0,0.0,0.0,0.0,0.0,0.0,0.0,0.0,0.0,0.0,0.0,0.0
2026-01-13 05:00:00,0.0,0.0,0.0,0.0,0.0,0.0,0.0,0.0,0.0,0.0,0.0,0.0,0.0,0.0,0.0,0.0,0.0,0.0,0.0,0.0,0.0,0.0,0.0,0.0,0.0,0.0,0.0,0.0,0.0,0.0
2026-01-13 06:00:00,0.0,0.0,0.0,0.0,0.0,0.0,0.0,0.0,0.0,0.0,0.0,0.0,0.0,0.0,0.0,0.0,0.0,0.0,0.0,0.0,0.0,0.0,0.0,0.0,0.0,0.0,0.0,0.0,0.0,0.0
2026-01-13 07:00:00,0.0,9.586730017555185,0.0,0.0,0.0,9.107789903225916,0.0,0.0,8.880093487709841,0.0,8.071527041563597,0.0,0.0,0.0,0.0,0.0,8.795812224446873,12.587473219542414,0.0,0.0,0.0,0.0,0.0,0.0,0.0,0.0,0.0,0.0,0.0,0.0
2026-01-13 08:00:00,0.0,9.586730017555185,0.0,9.179636816000004,8.64625362905004,9.107789903225916,0.0,12.515287296329268,8.880093487709841,0.0,8.071527041563597,0.0,8.479630438754342,0.0,0.0,0.0,8.795812224446873,12.587473219542414,0.0,0.0,0.0,0.0,0.0,0.0,0.0,0.0,7.096849623520015,0.0,8.080880611004348,0.0
2026-01-13 09:00:00,11.379330411631587,9.586730017555185,7.440041648516813,9.179636816000004,8.64625362905004,9.107789903225916,8.220205334599022,12.515287296329268,8.880093487709841,12.877777372490208,8.071527041563597,8.83024730211461,8.479630438754342,0.0,0.0,9.170531350650348,8.795812224446873,12.587473219542414,0.0,0.0,0.0,12.388216960429267,0.0,10.782608941539369,10.5126138534154,12.655557093621958,7.096849623520015,10.798682951335062,8.080880611004348,12.390763779229669
2026-01-13 10:00:00,11.379330411631587,9.586730017555185,7.440041648516813,9.179636816000004,8.64625362905004,9.107789903225916,8.220205334599022,12.515287296329268,8.880093487709841,12.877777372490208,8.071527041563597,8.83024730211461,8.479630438754342,0.0,13.649246971371536,9.170531350650348,8.795812224446873,12.587473219542414,12.507372957104012,7.811849389363065,11.524550424808599,12.388216960429267,11.446463504319334,10.782608941539369,10.5126138534154,12.655557093621958,7.096849623520015,10.798682951335062,8.080880611004348,12.390763779229669
2026-01-13 11:00:00,11.379330411631587,9.586730017555185,7.440041648516813,9.179636816000004,8.64625362905004,9.107789903225916,8.220205334599022,12.515287296329268,8.880093487709841,12.877777372490208,8.071527041563597,8.83024730211461,8.479630438754342,11.52522057662961,13.649246971371536,9.170531350650348,8.795812224446873,12.587473219542414,12.507372957104012,7.811849389363065,11.524550424808599,12.388216960429267,11.446463504319334,10.782608941539369,10.5126138534154,12.655557093621958,7.096849623520015,10.798682951335062,8.080880611004348,12.390763779229669
2026-01-13 12:00:00,11.379330411631587,9.586730017555185,7.440041648516813,9.179636816000004,8.64625362905004,9.107789903225916,8.220205334599022,12.515287296329268,8.880093487709841,12.877777372490208,8.071527041563597,8.83024730211461,8.479630438754342,11.52522057662961,13.649246971371536,9.170531350650348,8.795812224446873,12.587473219542414,12.507372957104012,7.811849389363065,11.524550424808599,12.388216960429267,11.446463504319334,10.782608941539369,10.5126138534154,12.655557093621958,7.096849623520015,10.798682951335062,8.080880611004348,12.390763779229669
2026-01-13 13:00:00,11.379330411631587,9.586730017555185,7.440041648516813,9.179636816000004,8.64625362905004,9.107789903225916,8.220205334599022,12.515287296329268,8.880093487709841,12.877777372490208,8.071527041563597,8.83024730211461,8.479630438754342,11.52522057662961,13.649246971371536,9.170531350650348,8.795812224446873,12.587473219542414,12.507372957104012,7.811849389363065,11.524550424808599,12.388216960429267,11.446463504319334,10.782608941539369,10.5126138534154,12.655557093621958,7.096849623520015,10.798682951335062,8.080880611004348,12.390763779229669
2026-01-13 14:00:00,11.379330411631587,9.586730017555185,7.440041648516813,9.179636816000004,8.64625362905004,9.107789903225916,8.220205334599022,12.515287296329268,8.880093487709841,12.877777372490208,8.071527041563597,8.83024730211461,8.479630438754342,11.52522057662961,13.649246971371536,9.170531350650348,8.795812224446873,12.587473219542414,12.507372957104012,7.811849389363065,11.524550424808599,12.388216960429267,11.446463504319334,10.782608941539369,10.5126138534154,12.655557093621958,7.096849623520015,10.798682951335062,8.080880611004348,12.390763779229669
2026-01-13 15:00:00,11.379330411631587,9.586730017555185,7.440041648516813,9.179636816000004,8.64625362905004,9.107789903225916,8.220205334599022,12.515287296329268,8.880093487709841,12.877777372490208,8.071527041563597,8.83024730211461,8.479630438754342,11.52522057662961,13.649246971371536,9.170531350650348,8.795812224446873,12.587473219542414,12.507372957104012,7.811849389363065,11.524550424808599,12.388216960429267,11.446463504319334,10.782608941539369,10.5126138534154,12.655557093621958,7.096849623520015,10.798682951335062,8.080880611004348,12.390763779229669
2026-01-13 16:00:00,11.379330411631587,9.586730017555185,7.440041648516813,9.179636816000004,8.64625362905004,9.107789903225916,8.220205334599022,12.515287296329268,8.880093487709841,12.877777372490208,8.071527041563597,8.83024730211461,8.479630438754342,11.52522057662961,13.649246971371536,9.170531350650348,8.795812224446873,12.587473219542414,12.507372957104012,7.811849389363065,11.524550424808599,12.388216960429267,11.446463504319334,10.782608941539369,10.5126138534154,12.655557093621958,7.096849623520015,10.798682951335062,8.080880611004348,12.390763779229669
2026-01-13 17:00:00,11.379330411631587,9.586730017555185,7.440041648516813,9.179636816000004,8.64625362905004,9.107789903225916,8.220205334599022,12.515287296329268,8.880093487709841,12.877777372490208,8.071527041563597,8.83024730211461,8.479630438754342,11.52522057662961,13.649246971371536,9.170531350650348,8.795812224446873,12.587473219542414,12.507372957104012,7.811849389363065,11.524550424808599,12.388216960429267,11.446463504319334,10.782608941539369,10.5126138534154,12.655557093621958,7.096849623520015,10.798682951335062,8.080880611004348,12.390763779229669
2026-01-13 18:00:00,11.379330411631587,9.586730017555185,7.440041648516813,9.179636816000004,8.64625362905004,9.107789903225916,8.220205334599022,12.515287296329268,8.880093487709841,12.877777372490208,8.071527041563597,8.83024730211461,8.479630438754342,11.52522057662961,13.649246971371536,9.170531350650348,8.795812224446873,12.587473219542414,12.507372957104012,7.811849389363065,11.524550424808599,12.388216960429267,11.446463504319334,10.782608941539369,10.5126138534154,12.655557093621958,7.096849623520015,10.798682951335062,8.080880611004348,12.390763779229669
2026-01-13 19:00:00,11.379330411631587,9.586730017555185,7.440041648516813,9.179636816000004,8.64625362905004,9.107789903225916,8.220205334599022,12.515287296329268,8.880093487709841,12.877777372490208,8.071527041563597,8.83024730211461,8.479630438754342,11.52522057662961,13.649246971371536,9.170531350650348,8.795812224446873,12.587473219542414,12.507372957104012,7.811849389363065,11.524550424808599,12.388216960429267,11.446463504319334,10.782608941539369,10.5126138534154,12.655557093621958,7.096849623520015,10.798682951335062,8.080880611004348,12.390763779229669
2026-01-13 20:00:00,0.0,9.586730017555185,7.440041648516813,9.179636816000004,0.0,9.107789903225916,8.220205334599022,0.0,8.880093487709841,0.0,8.071527041563597,8.83024730211461,8.479630438754342,0.0,0.0,0.0,0.0,12.587473219542414,0.0,7.811849389363065,0.0,12.388216960429267,11.446463504319334,0.0,10.5126138534154,12.655557093621958,0.0,10.798682951335062,8.080880611004348,0.0
2026-01-13 21:00:00,0.0,0.0,0.0,0.0,0.0,0.0,8.220205334599022,0.0,0.0,0.0,8.071527041563597,8.83024730211461,0.0,0.0,0.0,0.0,0.0,0.0,0.0,0.0,0.0,0.0,11.446463504319334,0.0,0.0,0.0,0.0,0.0,8.080880611004348,0.0
2026-01-13 22:00:00,0.0,0.0,0.0,0.0,0.0,0.0,0.0,0.0,0.0,0.0,0.0,0.0,0.0,0.0,0.0,0.0,0.0,0.0,0.0,0.0,0.0,0.0,0.0,0.0,0.0,0.0,0.0,0.0,8.080880611004348,0.0
2026-01-13 23:00:00,0.0,0.0,0.0,0.0,0.0,0.0,0.0,0.0,0.0,0.0,0.0,0.0,0.0,0.0,0.0,0.0,0.0,0.0,0.0,0.0,0.0,0.0,0.0,0.0,0.0,0.0,0.0,0.0,0.0,0.0
2026-01-14 00:00:00,0.0,0.0,0.0,0.0,0.0,0.0,0.0,0.0,0.0,0.0,0.0,0.0,0.0,0.0,0.0,0.0,0.0,0.0,0.0,0.0,0.0,0.0,0.0,0.0,0.0,0.0,0.0,0.0,0.0,0.0
2026-01-14 01:00:00,0.0,0.0,0.0,0.0,0.0,0.0,0.0,0.0,0.0,0.0,0.0,0.0,0.0,0.0,0.0,0.0,0.0,0.0,0.0,0.0,0.0,0.0,0.0,0.0,0.0,0.0,0.0,0.0,0.0,0.0
2026-01-14 02:00:00,0.0,0.0,0.0,0.0,0.0,0.0,0.0,0.0,0.0,0.0,0.0,0.0,0.0,0.0,0.0,0.0,0.0,0.0,0.0,0.0,0.0,0.0,0.0,0.0,0.0,0.0,0.0,0.0,0.0,0.0
2026-01-14 03:00:00,0.0,0.0,0.0,0.0,0.0,0.0,0.0,0.0,0.0,0.0,0.0,0.0,0.0,0.0,0.0,0.0,0.0,0.0,0.0,0.0,0.0,0.0,0.0,0.0,0.0,0.0,0.0,0.0,0.0,0.0
2026-01-14 04:00:00,0.0,0.0,0.0,0.0,0.0,0.0,0.0,0.0,0.0,0.0,0.0,0.0,0.0,0.0,0.0,0.0,0.0,0.0,0.0,0.0,0.0,0.0,0.0,0.0,0.0,0.0,0.0,0.0,0.0,0.0
2026-01-14 05:00:00,0.0,0.0,0.0,0.0,0.0,0.0,0.0,0.0,0.0,0.0,0.0,0.0,0.0,0.0,0.0,0.0,0.0,0.0,0.0,0.0,0.0,0.0,0.0,0.0,0.0,0.0,0.0,0.0,0.0,0.0
2026-01-14 06:00:00,0.0,0.0,8.670994781459965,0.0,0.0,0.0,0.0,0.0,0.0,0.0,0.0,0.0,0.0,0.0,0.0,0.0,0.0,0.0,0.0,0.0,0.0,0.0,6.614316378118466,0.0,0.0,0.0,0.0,0.0,0.0,0.0
2026-01-14 07:00:00,0.0,0.0,8.670994781459965,0.0,11.225060150454855,0.0,0.0,0.0,0.0,0.0,0.0,0.0,0.0,0.0,0.0,0.0,0.0,8.368849348894974,0.0,0.0,0.0,0.0,6.614316378118466,0.0,0.0,0.0,0.0,0.0,0.0,0.0
2026-01-14 08:00:00,0.0,0.0,8.670994781459965,9.939848597549453,11.225060150454855,0.0,8.879696285830184,6.926187449095372,0.0,12.601281447959062,0.0,9.860417989788093,0.0,0.0,10.882017154671093,10.936567796520231,0.0,8.368849348894974,0.0,13.43233698116081,0.0,0.0,6.614316378118466,0.0,10.862514377238886,0.0,0.0,0.0,0.0,10.875882775487744
2026-01-14 09:00:00,9.652177267567344,0.0,8.670994781459965,9.939848597549453,11.225060150454855,12.433787004050995,8.879696285830184,6.926187449095372,0.0,12.601281447959062,0.0,9.860417989788093,0.0,0.0,10.882017154671093,10.936567796520231,10.974286501846708,8.368849348894974,16.49043433489434,13.43233698116081,12.792755309325033,7.737498639920759,6.614316378118466,10.555748642674144,10.862514377238886,0.0,0.0,0.0,4.7330878656884,10.875882775487744
2026-01-14 10:00:00,9.652177267567344,0.0,8.670994781459965,9.939848597549453,11.225060150454855,12.433787004050995,8.879696285830184,6.926187449095372,13.46258008847168,12.601281447959062,10.139944215139252,9.860417989788093,9.432342043648044,14.47211461496614,10.882017154671093,10.936567796520231,10.974286501846708,8.368849348894974,16.49043433489434,13.43233698116081,12.792755309325033,7.737498639920759,6.614316378118466,10.555748642674144,10.862514377238886,12.456853244167322,10.870248512418575,9.936669665926297,4.7330878656884,10.875882775487744
2026-01-14 11:00:00,9.652177267567344,15.741613344597614,8.670994781459965,9.939848597549453,11.225060150454855,12.433787004050995,8.879696285830184,6.926187449095372,13.46258008847168,12.601281447959062,10.139944215139252,9.860417989788093,9.432342043648044,14.47211461496614,10.882017154671093,10.936567796520231,10.974286501846708,8.368849348894974,16.49043433489434,13.43233698116081,12.792755309325033,7.737498639920759,6.614316378118466,10.555748642674144,10.862514377238886,12.456853244167322,10.870248512418575,9.936669665926297,4.7330878656884,10.875882775487744
2026-01-14 12:00:00,9.652177267567344,15.741613344597614,8.670994781459965,9.939848597549453,11.225060150454855,12.433787004050995,8.879696285830184,6.926187449095372,13.46258008847168,12.601281447959062,10.139944215139252,9.860417989788093,9.432342043648044,14.47211461496614,10.882017154671093,10.936567796520231,10.974286501846708,8.368849348894974,16.49043433489434,13.43233698116081,12.792755309325033,7.737498639920759,6.614316378118466,10.555748642674144,10.862514377238886,12.456853244167322,10.870248512418575,9.936669665926297,4.7330878656884,10.875882775487744
2026-01-14 13:00:00,9.652177267567344,15.741613344597614,8.670994781459965,9.939848597549453,11.225060150454855,12.433787004050995,8.879696285830184,6.926187449095372,13.46258008847168,12.601281447959062,10.139944215139252,9.860417989788093,9.432342043648044,14.47211461496614,10.882017154671093,10.936567796520231,10.974286501846708,8.368849348894974,16.49043433489434,13.43233698116081,12.792755309325033,7.737498639920759,6.614316378118466,10.555748642674144,10.862514377238886,12.456853244167322,10.870248512418575,9.936669665926297,4.7330878656884,10.875882775487744
2026-01-14 14:00:00,9.652177267567344,15.741613344597614,8.670994781459965,9.939848597549453,11.225060150454855,12.433787004050995,8.879696285830184,6.926187449095372,13.46258008847168,12.601281447959062,10.139944215139252,9.860417989788093,9.432342043648044,14.47211461496614,10.882017154671093,10.936567796520231,10.974286501846708,8.368849348894974,16.49043433489434,13.43233698116081,12.792755309325033,7.737498639920759,6.614316378118466,10.555748642674144,10.862514377238886,12.456853244167322,10.870248512418575,9.936669665926297,4.7330878656884,10.875882775487744
2026-01-14 15:00:00,9.652177267567344,15.741613344597614,8.670994781459965,9.939848597549453,11.225060150454855,12.433787004050995,8.879696285830184,6.926187449095372,13.46258008847168,12.601281447959062,10.139944215139252,9.860417989788093,9.432342043648044,14.47211461496614,10.882017154671093,10.936567796520231,10.974286501846708,8.368849348894974,16.49043433489434,13.43233698116081,12.792755309325033,7.737498639920759,6.614316378118466,10.555748642674144,10.862514377238886,12.456853244167322,10.870248512418575,9.936669665926297,4.7330878656884,10.875882775487744
2026-01-14 16:00:00,9.652177267567344,15.741613344597614,8.670994781459965,9.939848597549453,11.225060150454855,12.433787004050995,8.879696285830184,6.926187449095372,13.46258008847168,12.601281447959062,10.139944215139252,9.860417989788093,9.432342043648044,14.47211461496614,10.882017154671093,10.936567796520231,10.974286501846708,8.368849348894974,16.49043433489434,13.43233698116081,12.792755309325033,7.737498639920759,6.614316378118466,10.555748642674144,10.862514377238886,12.456853244167322,10.870248512418575,9.936669665926297,4.7330878656884,10.875882775487744
2026-01-14 17:00:00,9.652177267567344,15.741613344597614,8.670994781459965,9.939848597549453,11.225060150454855,12.433787004050995,8.879696285830184,6.926187449095372,13.46258008847168,12.601281447959062,10.139944215139252,9.860417989788093,9.432342043648044,14.47211461496614,10.882017154671093,10.936567796520231,10.974286501846708,8.368849348894974,16.49043433489434,13.43233698116081,12.792755309325033,7.737498639920759,6.614316378118466,10.555748642674144,10.862514377238886,12.456853244167322,10.870248512418575,9.936669665926297,4.7330878656884,10.875882775487744
2026-01-14 18:00:00,9.652177267567344,15.741613344597614,8.670994781459965,9.939848597549453,11.225060150454855,12.433787004050995,8.879696285830184,6.926187449095372,13.46258008847168,12.601281447959062,10.139944215139252,9.860417989788093,9.432342043648044,14.47211461496614,10.882017154671093,10.936567796520231,0.0,8.368849348894974,16.49043433489434,0.0,12.792755309325033,7.737498639920759,6.614316378118466,10.555748642674144,10.862514377238886,12.456853244167322,10.870248512418575,9.936669665926297,4.7330878656884,10.875882775487744
2026-01-14 19:00:00,9.652177267567344,15.741613344597614,8.670994781459965,0.0,11.225060150454855,12.433787004050995,8.879696285830184,0.0,13.46258008847168,12.601281447959062,10.139944215139252,9.860417989788093,9.432342043648044,0.0,10.882017154671093,10.936567796520231,0.0,8.368849348894974,0.0,0.0,12.792755309325033,7.737498639920759,6.614316378118466,10.555748642674144,10.862514377238886,12.456853244167322,10.870248512418575,9.936669665926297,0.0,10.875882775487744
2026-01-14 20:00:00,9.652177267567344,0.0,8.670994781459965,0.0,11.225060150454855,12.433787004050995,8.879696285830184,0.0,13.46258008847168,0.0,10.139944215139252,9.860417989788093,9.432342043648044,0.0,10.882017154671093,10.936567796520231,0.0,0.0,0.0,0.0,12.792755309325033,7.737498639920759,6.614316378118466,10.555748642674144,10.862514377238886,12.456853244167322,0.0,9.936669665926297,0.0,10.875882775487744
2026-01-14 21:00:00,9.652177267567344,0.0,0.0,0.0,11.225060150454855,12.433787004050995,8.879696285830184,0.0,0.0,0.0,10.139944215139252,0.0,9.432342043648044,0.0,0.0,0.0,0.0,0.0,0.0,0.0,0.0,7.737498639920759,6.614316378118466,10.555748642674144,10.862514377238886,0.0,0.0,9.936669665926297,0.0,0.0
2026-01-14 22:00:00,9.652177267567344,0.0,0.0,0.0,0.0,12.433787004050995,0.0,0.0,0.0,0.0,0.0,0.0,0.0,0.0,0.0,0.0,0.0,0.0,0.0,0.0,0.0,0.0,0.0,0.0,0.0,0.0,0.0,0.0,0.0,0.0
2026-01-14 23:00:00,0.0,0.0,0.0,0.0,0.0,0.0,0.0,0.0,0.0,0.0,0.0,0.0,0.0,0.0,0.0,0.0,0.0,0.0,0.0,0.0,0.0,0.0,0.0,0.0,0.0,0.0,0.0,0.0,0.0,0.0
