date,Distance_km,Consumption_kWh,Consumption_km,Location,ChargingStation,ID,PowerRating_kW,consumption_factor,VehicleID,ScheduleType,VehicleType,CompanyType
2026-01-01 00:00:00,0.0,0.0,0.0,1,1,0,80,1.0,0,Typeb,Renault,Food
2026-01-01 01:00:00,0.0,0.0,0.0,1,1,0,80,1.0,0,Typeb,Renault,Food
2026-01-01 02:00:00,0.0,0.0,0.0,1,1,0,80,1.0,0,Typeb,Renault,Food
2026-01-01 03:00:00,0.0,0.0,0.0,1,1,0,80,1.0,0,Typeb,Renault,Food
2026-01-01 04:00:00,0.0,0.0,0.0,1,1,0,80,1.0,0,Typeb,Renault,Food
2026-01-01 05:00:00,0.0,0.0,0.0,1,1,0,80,1.0,0,Typeb,Renault,Food
2026-01-01 06:00:00,0.0,0.0,0.0,1,1,0,80,1.0,0,Typeb,Renault,Food
2026-01-01 07:00:00,7.245978964839042,1.3138556125604879,0.18132202962994293,0,0,0,0,1.1329772784640002,0,Typeb,Renault,Food
2026-01-01 08:00:00,7.245978964839042,3.3458967828745734,0.4617591079287514,0,0,0,0,1.1329772784640002,0,Typeb,Renault,Food
2026-01-01 09:00:00,7.245978964839042,2.4362176257220076,0.33621649159398637,0,0,0,0,1.1329772784640002,0,Typeb,Renault,Food
2026-01-01 10:00:00,7.245978964839042,1.0501363059607964,0.14492676711546645,0,0,0,0,1.1329772784640002,0,Typeb,Renault,Food
2026-01-01 11:00:00,7.245978964839042,2.184222877563508,0.30143930698148635,0,0,0,0,1.1329772784640002,0,Typeb,Renault,Food
2026-01-01 12:00:00,0.0,0.0,0.0,1,1,0,80,1.1329772784640002,0,Typeb,Renault,Food
2026-01-01 13:00:00,0.0,0.0,0.0,1,1,0,80,1.1329772784640002,0,Typeb,Renault,Food
2026-01-01 14:00:00,5.247088215917927,0.7653583538283393,0.14586344317720742,0,0,0,0,1.1329772784640002,0,Typeb,Renault,Food
2026-01-01 15:00:00,5.247088215917927,0.7634821869702646,0.14550587974757365,0,0,0,0,1.1329772784640002,0,Typeb,Renault,Food
2026-01-01 16:00:00,5.247088215917927,1.337752702486902,0.25495144114951296,0,0,0,0,1.1329772784640002,0,Typeb,Renault,Food
2026-01-01 17:00:00,5.247088215917927,0.5944831726731219,0.11329772784640002,0,0,0,0,1.1329772784640002,0,Typeb,Renault,Food
2026-01-01 18:00:00,5.247088215917927,0.5944831726731219,0.11329772784640002,0,0,0,0,1.1329772784640002,0,Typeb,Renault,Food
2026-01-01 19:00:00,5.247088215917927,0.6851284940614278,0.13057308470305015,0,0,0,0,1.1329772784640002,0,Typeb,Renault,Food
2026-01-01 20:00:00,5.247088215917927,0.5944831726731219,0.11329772784640002,0,0,0,0,1.1329772784640002,0,Typeb,Renault,Food
2026-01-01 21:00:00,0.0,0.0,0.0,1,1,0,80,1.1329772784640002,0,Typeb,Renault,Food
2026-01-01 22:00:00,0.0,0.0,0.0,1,1,0,80,1.1329772784640002,0,Typeb,Renault,Food
2026-01-01 23:00:00,0.0,0.0,0.0,1,1,0,80,1.1329772784640002,0,Typeb,Renault,Food
2026-01-02 00:00:00,0.0,0.0,0.0,1,1,0,80,1.1329772784640002,0,Typeb,Renault,Food
2026-01-02 01:00:00,0.0,0.0,0.0,1,1,0,80,1.1329772784640002,0,Typeb,Renault,Food
2026-01-02 02:00:00,0.0,0.0,0.0,1,1,0,80,1.1329772784640002,0,Typeb,Renault,Food
2026-01-02 03:00:00,0.0,0.0,0.0,1,1,0,80,1.1329772784640002,0,Typeb,Renault,Food
2026-01-02 04:00:00,0.0,0.0,0.0,1,1,0,80,1.1329772784640002,0,Typeb,Renault,Food
2026-01-02 05:00:00,0.0,0.0,0.0,1,1,0,80,1.1329772784640002,0,Typeb,Renault,Food
2026-01-02 06:00:00,0.0,0.0,0.0,1,1,0,80,1.1329772784640002,0,Typeb,Renault,Food
2026-01-02 07:00:00,6.932608880889341,1.719417401773742,0.24801880955862732,0,0,0,0,1.23259004,0,Typeb,Renault,Food
2026-01-02 08:00:00,6.932608880889341,0.8545064657799749,0.123259004,0,0,0,0,1.23259004,0,Typeb,Renault,Food
2026-01-02 09:00:00,6.932608880889341,1.0056836826743885,0.14506568882699977,0,0,0,0,1.23259004,0,Typeb,Renault,Food
2026-01-02 10:00:00,6.932608880889341,1.7700326699951627,0.2553198515027284,0,0,0,0,1.23259004,0,Typeb,Renault,Food
2026-01-02 11:00:00,6.932608880889341,0.8545064657799749,0.123259004,0,0,0,0,1.23259004,0,Typeb,Renault,Food
2026-01-02 12:00:00,0.0,0.0,0.0,1,1,0,80,1.23259004,0,Typeb,Renault,Food
2026-01-02 13:00:00,4.9199159799859835,1.4753250252204793,0.2998679309203736,0,0,0,0,1.23259004,0,Typeb,Renault,Food
2026-01-02 14:00:00,4.9199159799859835,0.66714407423307,0.13560070475735456,0,0,0,0,1.23259004,0,Typeb,Renault,Food
2026-01-02 15:00:00,4.9199159799859835,0.9228790203842104,0.18758024001597676,0,0,0,0,1.23259004,0,Typeb,Renault,Food
2026-01-02 16:00:00,4.9199159799859835,0.6662600815886788,0.13542102838727277,0,0,0,0,1.23259004,0,Typeb,Renault,Food
2026-01-02 17:00:00,4.9199159799859835,2.697591844441327,0.5483003887495275,0,0,0,0,1.23259004,0,Typeb,Renault,Food
2026-01-02 18:00:00,4.9199159799859835,1.1531613914939476,0.23438639931758204,0,0,0,0,1.23259004,0,Typeb,Renault,Food
2026-01-02 19:00:00,4.9199159799859835,0.6064239434567563,0.123259004,0,0,0,0,1.23259004,0,Typeb,Renault,Food
2026-01-02 20:00:00,4.9199159799859835,1.845210889887665,0.37504926860416055,0,0,0,0,1.23259004,0,Typeb,Renault,Food
2026-01-02 21:00:00,0.0,0.0,0.0,1,1,0,80,1.23259004,0,Typeb,Renault,Food
2026-01-02 22:00:00,0.0,0.0,0.0,1,1,0,80,1.23259004,0,Typeb,Renault,Food
2026-01-02 23:00:00,0.0,0.0,0.0,1,1,0,80,1.23259004,0,Typeb,Renault,Food
2026-01-03 00:00:00,0.0,0.0,0.0,1,1,0,80,1.23259004,0,Typeb,Renault,Food
2026-01-03 01:00:00,0.0,0.0,0.0,1,1,0,80,1.23259004,0,Typeb,Renault,Food
2026-01-03 02:00:00,0.0,0.0,0.0,1,1,0,80,1.23259004,0,Typeb,Renault,Food
2026-01-03 03:00:00,0.0,0.0,0.0,1,1,0,80,1.23259004,0,Typeb,Renault,Food
2026-01-03 04:00:00,0.0,0.0,0.0,1,1,0,80,1.23259004,0,Typeb,Renault,Food
2026-01-03 05:00:00,0.0,0.0,0.0,1,1,0,80,1.23259004,0,Typeb,Renault,Food
2026-01-03 06:00:00,0.0,0.0,0.0,1,1,0,80,1.23259004,0,Typeb,Renault,Food
2026-01-03 07:00:00,0.0,0.0,0.0,1,1,0,80,1.23259004,0,Typeb,Renault,Food
2026-01-03 08:00:00,7.0588235294117645,2.498896815244736,0.35401038215967096,0,0,0,0,1.209049010004,0,Typeb,Renault,Food
2026-01-03 09:00:00,7.0588235294117645,1.8382532240744969,0.260419206743887,0,0,0,0,1.209049010004,0,Typeb,Renault,Food
2026-01-03 10:00:00,7.0588235294117645,1.5038920495002384,0.21305137367920043,0,0,0,0,1.209049010004,0,Typeb,Renault,Food
2026-01-03 11:00:00,7.0588235294117645,1.2878449718821563,0.18244470434997215,0,0,0,0,1.209049010004,0,Typeb,Renault,Food
2026-01-03 12:00:00,0.0,0.0,0.0,1,1,0,80,1.209049010004,0,Typeb,Renault,Food
2026-01-03 13:00:00,5.217391304347826,0.6308081791325216,0.1209049010004,0,0,0,0,1.209049010004,0,Typeb,Renault,Food
2026-01-03 14:00:00,5.217391304347826,0.6308081791325216,0.1209049010004,0,0,0,0,1.209049010004,0,Typeb,Renault,Food
2026-01-03 15:00:00,5.217391304347826,0.8145172325008053,0.15611580289598767,0,0,0,0,1.209049010004,0,Typeb,Renault,Food
2026-01-03 16:00:00,5.217391304347826,2.121390142100324,0.4065997772358954,0,0,0,0,1.209049010004,0,Typeb,Renault,Food
2026-01-03 17:00:00,5.217391304347826,1.5070253195529035,0.2888465195809732,0,0,0,0,1.209049010004,0,Typeb,Renault,Food
2026-01-03 18:00:00,5.217391304347826,0.6308081791325216,0.1209049010004,0,0,0,0,1.209049010004,0,Typeb,Renault,Food
2026-01-03 19:00:00,0.0,0.0,0.0,1,1,0,80,1.209049010004,0,Typeb,Renault,Food
2026-01-03 20:00:00,0.0,0.0,0.0,1,1,0,80,1.209049010004,0,Typeb,Renault,Food
2026-01-03 21:00:00,0.0,0.0,0.0,1,1,0,80,1.209049010004,0,Typeb,Renault,Food
2026-01-03 22:00:00,0.0,0.0,0.0,1,1,0,80,1.209049010004,0,Typeb,Renault,Food
2026-01-03 23:00:00,0.0,0.0,0.0,1,1,0,80,1.209049010004,0,Typeb,Renault,Food
2026-01-04 00:00:00,0.0,0.0,0.0,1,1,0,80,1.209049010004,0,Typeb,Renault,Food
2026-01-04 01:00:00,0.0,0.0,0.0,1,1,0,80,1.209049010004,0,Typeb,Renault,Food
2026-01-04 02:00:00,0.0,0.0,0.0,1,1,0,80,1.209049010004,0,Typeb,Renault,Food
2026-01-04 03:00:00,0.0,0.0,0.0,1,1,0,80,1.209049010004,0,Typeb,Renault,Food
2026-01-04 04:00:00,0.0,0.0,0.0,1,1,0,80,1.209049010004,0,Typeb,Renault,Food
2026-01-04 05:00:00,0.0,0.0,0.0,1,1,0,80,1.209049010004,0,Typeb,Renault,Food
2026-01-04 06:00:00,0.0,0.0,0.0,1,1,0,80,1.209049010004,0,Typeb,Renault,Food
2026-01-04 07:00:00,0.0,0.0,0.0,1,1,0,80,1.209049010004,0,Typeb,Renault,Food
2026-01-04 08:00:00,0.0,0.0,0.0,1,1,0,80,1.209049010004,0,Typeb,Renault,Food
2026-01-04 09:00:00,0.0,0.0,0.0,1,1,0,80,1.209049010004,0,Typeb,Renault,Food
2026-01-04 10:00:00,13.930197994482995,5.801382488559295,0.4164608780763139,0,0,0,0,1.3050301525,0,Typeb,Renault,Food
2026-01-04 11:00:00,13.930197994482995,1.817932841309534,0.13050301525000002,0,0,0,0,1.3050301525,0,Typeb,Renault,Food
2026-01-04 12:00:00,0.0,0.0,0.0,1,1,0,80,1.3050301525,0,Typeb,Renault,Food
2026-01-04 13:00:00,5.357768459416537,1.0473566329885777,0.19548374307736233,0,0,0,0,1.3050301525,0,Typeb,Renault,Food
2026-01-04 14:00:00,5.357768459416537,1.6586361851267435,0.30957593589390936,0,0,0,0,1.3050301525,0,Typeb,Renault,Food
2026-01-04 15:00:00,5.357768459416537,2.2735481333201855,0.42434609680161056,0,0,0,0,1.3050301525,0,Typeb,Renault,Food
2026-01-04 16:00:00,5.357768459416537,0.8851425263767746,0.1652073121639092,0,0,0,0,1.3050301525,0,Typeb,Renault,Food
2026-01-04 17:00:00,5.357768459416537,1.1652778185586308,0.2174931274811995,0,0,0,0,1.3050301525,0,Typeb,Renault,Food
2026-01-04 18:00:00,5.357768459416537,0.6992049389652054,0.13050301525000002,0,0,0,0,1.3050301525,0,Typeb,Renault,Food
2026-01-04 19:00:00,5.357768459416537,0.6992049389652054,0.13050301525000002,0,0,0,0,1.3050301525,0,Typeb,Renault,Food
2026-01-04 20:00:00,0.0,0.0,0.0,1,1,0,80,1.3050301525,0,Typeb,Renault,Food
2026-01-04 21:00:00,0.0,0.0,0.0,1,1,0,80,1.3050301525,0,Typeb,Renault,Food
2026-01-04 22:00:00,0.0,0.0,0.0,1,1,0,80,1.3050301525,0,Typeb,Renault,Food
2026-01-04 23:00:00,0.0,0.0,0.0,1,1,0,80,1.3050301525,0,Typeb,Renault,Food
2026-01-05 00:00:00,0.0,0.0,0.0,1,1,0,80,1.3050301525,0,Typeb,Renault,Food
2026-01-05 01:00:00,0.0,0.0,0.0,1,1,0,80,1.3050301525,0,Typeb,Renault,Food
2026-01-05 02:00:00,0.0,0.0,0.0,1,1,0,80,1.3050301525,0,Typeb,Renault,Food
2026-01-05 03:00:00,0.0,0.0,0.0,1,1,0,80,1.3050301525,0,Typeb,Renault,Food
2026-01-05 04:00:00,0.0,0.0,0.0,1,1,0,80,1.3050301525,0,Typeb,Renault,Food
2026-01-05 05:00:00,0.0,0.0,0.0,1,1,0,80,1.3050301525,0,Typeb,Renault,Food
2026-01-05 06:00:00,0.0,0.0,0.0,1,1,0,80,1.3050301525,0,Typeb,Renault,Food
2026-01-05 07:00:00,8.054032411454573,1.0265056867309303,0.12745239083853419,0,0,0,0,1.226197579604,0,Typeb,Renault,Food
2026-01-05 08:00:00,8.054032411454573,2.3833402117874534,0.2959188751708807,0,0,0,0,1.226197579604,0,Typeb,Renault,Food
2026-01-05 09:00:00,8.054032411454573,3.9695128055596975,0.49286029690099,0,0,0,0,1.226197579604,0,Typeb,Renault,Food
2026-01-05 10:00:00,8.054032411454573,1.8478649842090742,0.22943351725044106,0,0,0,0,1.226197579604,0,Typeb,Renault,Food
2026-01-05 11:00:00,8.054032411454573,4.005380531845174,0.49731368427927586,0,0,0,0,1.226197579604,0,Typeb,Renault,Food
2026-01-05 12:00:00,8.054032411454573,0.9875835048977767,0.12261975796040002,0,0,0,0,1.226197579604,0,Typeb,Renault,Food
2026-01-05 13:00:00,6.10995562248278,2.278993063662588,0.3729966638835454,0,0,0,0,1.226197579604,0,Typeb,Renault,Food
2026-01-05 14:00:00,6.10995562248278,1.5274859895378003,0.24999952273255735,0,0,0,0,1.226197579604,0,Typeb,Renault,Food
2026-01-05 15:00:00,6.10995562248278,1.1326836755230625,0.18538329007744847,0,0,0,0,1.226197579604,0,Typeb,Renault,Food
2026-01-05 16:00:00,6.10995562248278,1.532306509270806,0.2507884842293099,0,0,0,0,1.226197579604,0,Typeb,Renault,Food
2026-01-05 17:00:00,6.10995562248278,0.7492012795776238,0.12261975796040002,0,0,0,0,1.226197579604,0,Typeb,Renault,Food
2026-01-05 18:00:00,6.10995562248278,1.2138168596328311,0.19866214005979912,0,0,0,0,1.226197579604,0,Typeb,Renault,Food
2026-01-05 19:00:00,6.10995562248278,1.803671108687291,0.29520199820279047,0,0,0,0,1.226197579604,0,Typeb,Renault,Food
2026-01-05 20:00:00,0.0,0.0,0.0,1,1,0,80,1.226197579604,0,Typeb,Renault,Food
2026-01-05 21:00:00,0.0,0.0,0.0,1,1,0,80,1.226197579604,0,Typeb,Renault,Food
2026-01-05 22:00:00,0.0,0.0,0.0,1,1,0,80,1.226197579604,0,Typeb,Renault,Food
2026-01-05 23:00:00,0.0,0.0,0.0,1,1,0,80,1.226197579604,0,Typeb,Renault,Food
2026-01-06 00:00:00,0.0,0.0,0.0,1,1,0,80,1.226197579604,0,Typeb,Renault,Food
2026-01-06 01:00:00,0.0,0.0,0.0,1,1,0,80,1.226197579604,0,Typeb,Renault,Food
2026-01-06 02:00:00,0.0,0.0,0.0,1,1,0,80,1.226197579604,0,Typeb,Renault,Food
2026-01-06 03:00:00,0.0,0.0,0.0,1,1,0,80,1.226197579604,0,Typeb,Renault,Food
2026-01-06 04:00:00,0.0,0.0,0.0,1,1,0,80,1.226197579604,0,Typeb,Renault,Food
2026-01-06 05:00:00,0.0,0.0,0.0,1,1,0,80,1.226197579604,0,Typeb,Renault,Food
2026-01-06 06:00:00,0.0,0.0,0.0,1,1,0,80,1.226197579604,0,Typeb,Renault,Food
2026-01-06 07:00:00,0.0,0.0,0.0,1,1,0,80,1.226197579604,0,Typeb,Renault,Food
2026-01-06 08:00:00,11.790993467263949,3.716431361129582,0.31519238573473357,0,0,0,0,1.3306301459840002,0,Typeb,Renault,Food
2026-01-06 09:00:00,11.790993467263949,1.8778348523552457,0.1592601045508839,0,0,0,0,1.3306301459840002,0,Typeb,Renault,Food
2026-01-06 10:00:00,11.790993467263949,4.1115933849818775,0.3487062728341886,0,0,0,0,1.3306301459840002,0,Typeb,Renault,Food
2026-01-06 11:00:00,11.790993467263949,3.220276922041149,0.27311328184362066,0,0,0,0,1.3306301459840002,0,Typeb,Renault,Food
2026-01-06 12:00:00,0.0,0.0,0.0,1,1,0,80,1.3306301459840002,0,Typeb,Renault,Food
2026-01-06 13:00:00,8.7150821279777,3.7598342444537582,0.43141696076319286,0,0,0,0,1.3306301459840002,0,Typeb,Renault,Food
2026-01-06 14:00:00,8.7150821279777,1.1596551004213518,0.13306301459840003,0,0,0,0,1.3306301459840002,0,Typeb,Renault,Food
2026-01-06 15:00:00,8.7150821279777,1.7078718092681393,0.1959673797892762,0,0,0,0,1.3306301459840002,0,Typeb,Renault,Food
2026-01-06 16:00:00,8.7150821279777,1.605858342923269,0.18426198621445486,0,0,0,0,1.3306301459840002,0,Typeb,Renault,Food
2026-01-06 17:00:00,8.7150821279777,1.1596551004213518,0.13306301459840003,0,0,0,0,1.3306301459840002,0,Typeb,Renault,Food
2026-01-06 18:00:00,8.7150821279777,2.6952752296622986,0.30926561449257695,0,0,0,0,1.3306301459840002,0,Typeb,Renault,Food
2026-01-06 19:00:00,0.0,0.0,0.0,1,1,0,80,1.3306301459840002,0,Typeb,Renault,Food
2026-01-06 20:00:00,0.0,0.0,0.0,1,1,0,80,1.3306301459840002,0,Typeb,Renault,Food
2026-01-06 21:00:00,0.0,0.0,0.0,1,1,0,80,1.3306301459840002,0,Typeb,Renault,Food
2026-01-06 22:00:00,0.0,0.0,0.0,1,1,0,80,1.3306301459840002,0,Typeb,Renault,Food
2026-01-06 23:00:00,0.0,0.0,0.0,1,1,0,80,1.3306301459840002,0,Typeb,Renault,Food
2026-01-07 00:00:00,0.0,0.0,0.0,1,1,0,80,1.3306301459840002,0,Typeb,Renault,Food
2026-01-07 01:00:00,0.0,0.0,0.0,1,1,0,80,1.3306301459840002,0,Typeb,Renault,Food
2026-01-07 02:00:00,0.0,0.0,0.0,1,1,0,80,1.3306301459840002,0,Typeb,Renault,Food
2026-01-07 03:00:00,0.0,0.0,0.0,1,1,0,80,1.3306301459840002,0,Typeb,Renault,Food
2026-01-07 04:00:00,0.0,0.0,0.0,1,1,0,80,1.3306301459840002,0,Typeb,Renault,Food
2026-01-07 05:00:00,0.0,0.0,0.0,1,1,0,80,1.3306301459840002,0,Typeb,Renault,Food
2026-01-07 06:00:00,0.0,0.0,0.0,1,1,0,80,1.3306301459840002,0,Typeb,Renault,Food
2026-01-07 07:00:00,6.275343323645865,1.1689784148930686,0.18628118886950595,0,0,0,0,1.282756305344,0,Typeb,Renault,Food
2026-01-07 08:00:00,6.275343323645865,0.8049736216605108,0.12827563053440003,0,0,0,0,1.282756305344,0,Typeb,Renault,Food
2026-01-07 09:00:00,6.275343323645865,1.3683303887900142,0.21804868964444768,0,0,0,0,1.282756305344,0,Typeb,Renault,Food
2026-01-07 10:00:00,6.275343323645865,1.9895159878971487,0.3170369946773326,0,0,0,0,1.282756305344,0,Typeb,Renault,Food
2026-01-07 11:00:00,6.275343323645865,3.6180696616588044,0.5765532617196741,0,0,0,0,1.282756305344,0,Typeb,Renault,Food
2026-01-07 12:00:00,0.0,0.0,0.0,1,1,0,80,1.282756305344,0,Typeb,Renault,Food
2026-01-07 13:00:00,7.596468233887101,2.1031363818695215,0.27685712848605565,0,0,0,0,1.282756305344,0,Typeb,Renault,Food
2026-01-07 14:00:00,7.596468233887101,2.2134992857195797,0.29138531453937716,0,0,0,0,1.282756305344,0,Typeb,Renault,Food
2026-01-07 15:00:00,7.596468233887101,1.7719066850921894,0.2332540110136823,0,0,0,0,1.282756305344,0,Typeb,Renault,Food
2026-01-07 16:00:00,7.596468233887101,0.974441752536408,0.12827563053440003,0,0,0,0,1.282756305344,0,Typeb,Renault,Food
2026-01-07 17:00:00,7.596468233887101,1.8356617146610037,0.2416467308416162,0,0,0,0,1.282756305344,0,Typeb,Renault,Food
2026-01-07 18:00:00,0.0,0.0,0.0,1,1,0,80,1.282756305344,0,Typeb,Renault,Food
2026-01-07 19:00:00,0.0,0.0,0.0,1,1,0,80,1.282756305344,0,Typeb,Renault,Food
2026-01-07 20:00:00,0.0,0.0,0.0,1,1,0,80,1.282756305344,0,Typeb,Renault,Food
2026-01-07 21:00:00,0.0,0.0,0.0,1,1,0,80,1.282756305344,0,Typeb,Renault,Food
2026-01-07 22:00:00,0.0,0.0,0.0,1,1,0,80,1.282756305344,0,Typeb,Renault,Food
2026-01-07 23:00:00,0.0,0.0,0.0,1,1,0,80,1.282756305344,0,Typeb,Renault,Food
2026-01-08 00:00:00,0.0,0.0,0.0,1,1,0,80,1.282756305344,0,Typeb,Renault,Food
2026-01-08 01:00:00,0.0,0.0,0.0,1,1,0,80,1.282756305344,0,Typeb,Renault,Food
2026-01-08 02:00:00,0.0,0.0,0.0,1,1,0,80,1.282756305344,0,Typeb,Renault,Food
2026-01-08 03:00:00,0.0,0.0,0.0,1,1,0,80,1.282756305344,0,Typeb,Renault,Food
2026-01-08 04:00:00,0.0,0.0,0.0,1,1,0,80,1.282756305344,0,Typeb,Renault,Food
2026-01-08 05:00:00,0.0,0.0,0.0,1,1,0,80,1.282756305344,0,Typeb,Renault,Food
2026-01-08 06:00:00,6.1746963720146075,0.7265056502538558,0.11765852221440001,0,0,0,0,1.176585222144,0,Typeb,Renault,Food
2026-01-08 07:00:00,6.1746963720146075,2.5282056201458043,0.4094461440410763,0,0,0,0,1.176585222144,0,Typeb,Renault,Food
2026-01-08 08:00:00,6.1746963720146075,2.1405679582005646,0.34666772732375906,0,0,0,0,1.176585222144,0,Typeb,Renault,Food
2026-01-08 09:00:00,6.1746963720146075,2.179341577901686,0.352947164783527,0,0,0,0,1.176585222144,0,Typeb,Renault,Food
2026-01-08 10:00:00,6.1746963720146075,0.7265056502538558,0.11765852221440001,0,0,0,0,1.176585222144,0,Typeb,Renault,Food
2026-01-08 11:00:00,6.1746963720146075,2.7860142089856934,0.45119857578951783,0,0,0,0,1.176585222144,0,Typeb,Renault,Food
2026-01-08 12:00:00,6.1746963720146075,0.7265056502538558,0.11765852221440001,0,0,0,0,1.176585222144,0,Typeb,Renault,Food
2026-01-08 13:00:00,6.1746963720146075,1.9768654160310273,0.3201558905779911,0,0,0,0,1.176585222144,0,Typeb,Renault,Food
2026-01-08 14:00:00,6.1746963720146075,3.2692754261423516,0.5294633499648,0,0,0,0,1.176585222144,0,Typeb,Renault,Food
2026-01-08 15:00:00,6.1746963720146075,0.7265056502538558,0.11765852221440001,0,0,0,0,1.176585222144,0,Typeb,Renault,Food
2026-01-08 16:00:00,6.1746963720146075,0.8333045956020035,0.1349547484437883,0,0,0,0,1.176585222144,0,Typeb,Renault,Food
2026-01-08 17:00:00,6.1746963720146075,1.493713135403048,0.24190875881330126,0,0,0,0,1.176585222144,0,Typeb,Renault,Food
2026-01-08 18:00:00,6.1746963720146075,0.8956040047762822,0.14504421769390988,0,0,0,0,1.176585222144,0,Typeb,Renault,Food
2026-01-08 19:00:00,6.1746963720146075,0.7265056502538558,0.11765852221440001,0,0,0,0,1.176585222144,0,Typeb,Renault,Food
2026-01-08 20:00:00,0.0,0.0,0.0,1,1,0,80,1.176585222144,0,Typeb,Renault,Food
2026-01-08 21:00:00,0.0,0.0,0.0,1,1,0,80,1.176585222144,0,Typeb,Renault,Food
2026-01-08 22:00:00,0.0,0.0,0.0,1,1,0,80,1.176585222144,0,Typeb,Renault,Food
2026-01-08 23:00:00,0.0,0.0,0.0,1,1,0,80,1.176585222144,0,Typeb,Renault,Food
2026-01-09 00:00:00,0.0,0.0,0.0,1,1,0,80,1.176585222144,0,Typeb,Renault,Food
2026-01-09 01:00:00,0.0,0.0,0.0,1,1,0,80,1.176585222144,0,Typeb,Renault,Food
2026-01-09 02:00:00,0.0,0.0,0.0,1,1,0,80,1.176585222144,0,Typeb,Renault,Food
2026-01-09 03:00:00,0.0,0.0,0.0,1,1,0,80,1.176585222144,0,Typeb,Renault,Food
2026-01-09 04:00:00,0.0,0.0,0.0,1,1,0,80,1.176585222144,0,Typeb,Renault,Food
2026-01-09 05:00:00,0.0,0.0,0.0,1,1,0,80,1.176585222144,0,Typeb,Renault,Food
2026-01-09 06:00:00,9.873793261336376,1.1229883580241826,0.1137342385344,0,0,0,0,1.137342385344,0,Typeb,Renault,Food
2026-01-09 07:00:00,9.873793261336376,1.6624562774975349,0.16837057790214746,0,0,0,0,1.137342385344,0,Typeb,Renault,Food
2026-01-09 08:00:00,9.873793261336376,3.403161194482602,0.34466603709525095,0,0,0,0,1.137342385344,0,Typeb,Renault,Food
2026-01-09 09:00:00,9.873793261336376,1.1229883580241826,0.1137342385344,0,0,0,0,1.137342385344,0,Typeb,Renault,Food
2026-01-09 10:00:00,9.873793261336376,2.504806229228053,0.2536822640429721,0,0,0,0,1.137342385344,0,Typeb,Renault,Food
2026-01-09 11:00:00,9.873793261336376,4.159829467538475,0.4213000371222539,0,0,0,0,1.137342385344,0,Typeb,Renault,Food
2026-01-09 12:00:00,0.0,0.0,0.0,1,1,0,80,1.137342385344,0,Typeb,Renault,Food
2026-01-09 13:00:00,11.354862250536833,1.29143661172781,0.1137342385344,0,0,0,0,1.137342385344,0,Typeb,Renault,Food
2026-01-09 14:00:00,11.354862250536833,2.8050328866963006,0.24703363412124923,0,0,0,0,1.137342385344,0,Typeb,Renault,Food
2026-01-09 15:00:00,11.354862250536833,2.937682536434382,0.25871582337297794,0,0,0,0,1.137342385344,0,Typeb,Renault,Food
2026-01-09 16:00:00,11.354862250536833,3.8577642333990707,0.33974557755790336,0,0,0,0,1.137342385344,0,Typeb,Renault,Food
2026-01-09 17:00:00,11.354862250536833,1.29143661172781,0.1137342385344,0,0,0,0,1.137342385344,0,Typeb,Renault,Food
2026-01-09 18:00:00,0.0,0.0,0.0,1,1,0,80,1.137342385344,0,Typeb,Renault,Food
2026-01-09 19:00:00,0.0,0.0,0.0,1,1,0,80,1.137342385344,0,Typeb,Renault,Food
2026-01-09 20:00:00,0.0,0.0,0.0,1,1,0,80,1.137342385344,0,Typeb,Renault,Food
2026-01-09 21:00:00,0.0,0.0,0.0,1,1,0,80,1.137342385344,0,Typeb,Renault,Food
2026-01-09 22:00:00,0.0,0.0,0.0,1,1,0,80,1.137342385344,0,Typeb,Renault,Food
2026-01-09 23:00:00,0.0,0.0,0.0,1,1,0,80,1.137342385344,0,Typeb,Renault,Food
2026-01-10 00:00:00,0.0,0.0,0.0,1,1,0,80,1.137342385344,0,Typeb,Renault,Food
2026-01-10 01:00:00,0.0,0.0,0.0,1,1,0,80,1.137342385344,0,Typeb,Renault,Food
2026-01-10 02:00:00,0.0,0.0,0.0,1,1,0,80,1.137342385344,0,Typeb,Renault,Food
2026-01-10 03:00:00,0.0,0.0,0.0,1,1,0,80,1.137342385344,0,Typeb,Renault,Food
2026-01-10 04:00:00,0.0,0.0,0.0,1,1,0,80,1.137342385344,0,Typeb,Renault,Food
2026-01-10 05:00:00,0.0,0.0,0.0,1,1,0,80,1.137342385344,0,Typeb,Renault,Food
2026-01-10 06:00:00,0.0,0.0,0.0,1,1,0,80,1.137342385344,0,Typeb,Renault,Food
2026-01-10 07:00:00,0.0,0.0,0.0,1,1,0,80,1.137342385344,0,Typeb,Renault,Food
2026-01-10 08:00:00,7.0588235294117645,0.8397247341176471,0.11896100400000001,0,0,0,0,1.18961004,0,Typeb,Renault,Food
2026-01-10 09:00:00,7.0588235294117645,1.8784863121474198,0.26611889422088447,0,0,0,0,1.18961004,0,Typeb,Renault,Food
2026-01-10 10:00:00,7.0588235294117645,1.9481982689458655,0.275994754767331,0,0,0,0,1.18961004,0,Typeb,Renault,Food
2026-01-10 11:00:00,7.0588235294117645,0.8397247341176471,0.11896100400000001,0,0,0,0,1.18961004,0,Typeb,Renault,Food
2026-01-10 12:00:00,0.0,0.0,0.0,1,1,0,80,1.18961004,0,Typeb,Renault,Food
2026-01-10 13:00:00,5.0,2.656864480394133,0.5313728960788267,0,0,0,0,1.18961004,0,Typeb,Renault,Food
2026-01-10 14:00:00,5.0,1.5267347813994463,0.3053469562798892,0,0,0,0,1.18961004,0,Typeb,Renault,Food
2026-01-10 15:00:00,5.0,0.59480502,0.11896100400000001,0,0,0,0,1.18961004,0,Typeb,Renault,Food
2026-01-10 16:00:00,5.0,1.6750873252593161,0.3350174650518632,0,0,0,0,1.18961004,0,Typeb,Renault,Food
2026-01-10 17:00:00,5.0,0.59480502,0.11896100400000001,0,0,0,0,1.18961004,0,Typeb,Renault,Food
2026-01-10 18:00:00,5.0,1.781066595687535,0.3562133191375069,0,0,0,0,1.18961004,0,Typeb,Renault,Food
2026-01-10 19:00:00,0.0,0.0,0.0,1,1,0,80,1.18961004,0,Typeb,Renault,Food
2026-01-10 20:00:00,0.0,0.0,0.0,1,1,0,80,1.18961004,0,Typeb,Renault,Food
2026-01-10 21:00:00,0.0,0.0,0.0,1,1,0,80,1.18961004,0,Typeb,Renault,Food
2026-01-10 22:00:00,0.0,0.0,0.0,1,1,0,80,1.18961004,0,Typeb,Renault,Food
2026-01-10 23:00:00,0.0,0.0,0.0,1,1,0,80,1.18961004,0,Typeb,Renault,Food
2026-01-11 00:00:00,0.0,0.0,0.0,1,1,0,80,1.18961004,0,Typeb,Renault,Food
2026-01-11 01:00:00,0.0,0.0,0.0,1,1,0,80,1.18961004,0,Typeb,Renault,Food
2026-01-11 02:00:00,0.0,0.0,0.0,1,1,0,80,1.18961004,0,Typeb,Renault,Food
2026-01-11 03:00:00,0.0,0.0,0.0,1,1,0,80,1.18961004,0,Typeb,Renault,Food
2026-01-11 04:00:00,0.0,0.0,0.0,1,1,0,80,1.18961004,0,Typeb,Renault,Food
2026-01-11 05:00:00,0.0,0.0,0.0,1,1,0,80,1.18961004,0,Typeb,Renault,Food
2026-01-11 06:00:00,0.0,0.0,0.0,1,1,0,80,1.18961004,0,Typeb,Renault,Food
2026-01-11 07:00:00,0.0,0.0,0.0,1,1,0,80,1.18961004,0,Typeb,Renault,Food
2026-01-11 08:00:00,0.0,0.0,0.0,1,1,0,80,1.18961004,0,Typeb,Renault,Food
2026-01-11 09:00:00,0.0,0.0,0.0,1,1,0,80,1.18961004,0,Typeb,Renault,Food
2026-01-11 10:00:00,0.0,0.0,0.0,1,1,0,80,1.18961004,0,Typeb,Renault,Food
2026-01-11 11:00:00,21.75442111996143,10.984487720683154,0.5049312808698,0,0,0,0,1.122069513044,0,Typeb,Renault,Food
2026-01-11 12:00:00,0.0,0.0,0.0,1,1,0,80,1.122069513044,0,Typeb,Renault,Food
2026-01-11 13:00:00,0.0,0.0,0.0,1,1,0,80,1.122069513044,0,Typeb,Renault,Food
2026-01-11 14:00:00,5.438605279990358,0.9672727652227077,0.17785309200163585,0,0,0,0,1.122069513044,0,Typeb,Renault,Food
2026-01-11 15:00:00,5.438605279990358,0.6102493178157309,0.1122069513044,0,0,0,0,1.122069513044,0,Typeb,Renault,Food
2026-01-11 16:00:00,5.438605279990358,0.6102493178157309,0.1122069513044,0,0,0,0,1.122069513044,0,Typeb,Renault,Food
2026-01-11 17:00:00,5.438605279990358,0.6102493178157309,0.1122069513044,0,0,0,0,1.122069513044,0,Typeb,Renault,Food
2026-01-11 18:00:00,5.438605279990358,1.1074537126998991,0.20362825682062785,0,0,0,0,1.122069513044,0,Typeb,Renault,Food
2026-01-11 19:00:00,5.438605279990358,1.4558549824742708,0.2676890319344617,0,0,0,0,1.122069513044,0,Typeb,Renault,Food
2026-01-11 20:00:00,0.0,0.0,0.0,1,1,0,80,1.122069513044,0,Typeb,Renault,Food
2026-01-11 21:00:00,0.0,0.0,0.0,1,1,0,80,1.122069513044,0,Typeb,Renault,Food
2026-01-11 22:00:00,0.0,0.0,0.0,1,1,0,80,1.122069513044,0,Typeb,Renault,Food
2026-01-11 23:00:00,0.0,0.0,0.0,1,1,0,80,1.122069513044,0,Typeb,Renault,Food
2026-01-12 00:00:00,0.0,0.0,0.0,1,1,0,80,1.122069513044,0,Typeb,Renault,Food
2026-01-12 01:00:00,0.0,0.0,0.0,1,1,0,80,1.122069513044,0,Typeb,Renault,Food
2026-01-12 02:00:00,0.0,0.0,0.0,1,1,0,80,1.122069513044,0,Typeb,Renault,Food
2026-01-12 03:00:00,0.0,0.0,0.0,1,1,0,80,1.122069513044,0,Typeb,Renault,Food
2026-01-12 04:00:00,0.0,0.0,0.0,1,1,0,80,1.122069513044,0,Typeb,Renault,Food
2026-01-12 05:00:00,0.0,0.0,0.0,1,1,0,80,1.122069513044,0,Typeb,Renault,Food
2026-01-12 06:00:00,0.0,0.0,0.0,1,1,0,80,1.122069513044,0,Typeb,Renault,Food
2026-01-12 07:00:00,6.2868505418335765,3.1682595693985336,0.5039501970528,0,0,0,0,1.119889326784,0,Typeb,Renault,Food
2026-01-12 08:00:00,6.2868505418335765,1.9530813066944341,0.3106613229785502,0,0,0,0,1.119889326784,0,Typeb,Renault,Food
2026-01-12 09:00:00,6.2868505418335765,0.704057682088563,0.1119889326784,0,0,0,0,1.119889326784,0,Typeb,Renault,Food
2026-01-12 10:00:00,6.2868505418335765,0.704057682088563,0.1119889326784,0,0,0,0,1.119889326784,0,Typeb,Renault,Food
2026-01-12 11:00:00,6.2868505418335765,1.8154654297347712,0.2887718449252789,0,0,0,0,1.119889326784,0,Typeb,Renault,Food
2026-01-12 12:00:00,6.2868505418335765,1.137034356846074,0.1808591359505192,0,0,0,0,1.119889326784,0,Typeb,Renault,Food
2026-01-12 13:00:00,5.029480433466861,1.6303783055936119,0.3241643599495583,0,0,0,0,1.119889326784,0,Typeb,Renault,Food
2026-01-12 14:00:00,5.029480433466861,1.4452723505455403,0.28736016963670785,0,0,0,0,1.119889326784,0,Typeb,Renault,Food
2026-01-12 15:00:00,5.029480433466861,1.0254394747538556,0.20388576679420778,0,0,0,0,1.119889326784,0,Typeb,Renault,Food
2026-01-12 16:00:00,5.029480433466861,0.5632461456708503,0.1119889326784,0,0,0,0,1.119889326784,0,Typeb,Renault,Food
2026-01-12 17:00:00,5.029480433466861,0.5632461456708503,0.1119889326784,0,0,0,0,1.119889326784,0,Typeb,Renault,Food
2026-01-12 18:00:00,5.029480433466861,0.7381380675581823,0.14676229032456498,0,0,0,0,1.119889326784,0,Typeb,Renault,Food
2026-01-12 19:00:00,5.029480433466861,1.7398585315697404,0.3459320608929066,0,0,0,0,1.119889326784,0,Typeb,Renault,Food
2026-01-12 20:00:00,5.029480433466861,1.2460345046922676,0.24774616805365837,0,0,0,0,1.119889326784,0,Typeb,Renault,Food
2026-01-12 21:00:00,0.0,0.0,0.0,1,1,0,80,1.119889326784,0,Typeb,Renault,Food
2026-01-12 22:00:00,0.0,0.0,0.0,1,1,0,80,1.119889326784,0,Typeb,Renault,Food
2026-01-12 23:00:00,0.0,0.0,0.0,1,1,0,80,1.119889326784,0,Typeb,Renault,Food
2026-01-13 00:00:00,0.0,0.0,0.0,1,1,0,80,1.119889326784,0,Typeb,Renault,Food
2026-01-13 01:00:00,0.0,0.0,0.0,1,1,0,80,1.119889326784,0,Typeb,Renault,Food
2026-01-13 02:00:00,0.0,0.0,0.0,1,1,0,80,1.119889326784,0,Typeb,Renault,Food
2026-01-13 03:00:00,0.0,0.0,0.0,1,1,0,80,1.119889326784,0,Typeb,Renault,Food
2026-01-13 04:00:00,0.0,0.0,0.0,1,1,0,80,1.119889326784,0,Typeb,Renault,Food
2026-01-13 05:00:00,5.808843256886626,1.3057627029310908,0.22478876519573057,0,0,0,0,1.12425024,0,Typeb,Renault,Food
2026-01-13 06:00:00,5.808843256886626,0.6530593425677172,0.11242502400000001,0,0,0,0,1.12425024,0,Typeb,Renault,Food
2026-01-13 07:00:00,5.808843256886626,1.5728148941478581,0.2707621508435815,0,0,0,0,1.12425024,0,Typeb,Renault,Food
2026-01-13 08:00:00,5.808843256886626,1.7537718463931533,0.30191412796583617,0,0,0,0,1.12425024,0,Typeb,Renault,Food
2026-01-13 09:00:00,5.808843256886626,2.2193339780500585,0.3820612607198422,0,0,0,0,1.12425024,0,Typeb,Renault,Food
2026-01-13 10:00:00,5.808843256886626,2.1932604885123674,0.377572675233088,0,0,0,0,1.12425024,0,Typeb,Renault,Food
2026-01-13 11:00:00,5.808843256886626,0.6530593425677172,0.11242502400000001,0,0,0,0,1.12425024,0,Typeb,Renault,Food
2026-01-13 12:00:00,0.0,0.0,0.0,1,1,0,80,1.12425024,0,Typeb,Renault,Food
2026-01-13 13:00:00,8.42282272248561,0.9469360467231901,0.11242502400000001,0,0,0,0,1.12425024,0,Typeb,Renault,Food
2026-01-13 14:00:00,8.42282272248561,2.4838351624086754,0.2948934394378047,0,0,0,0,1.12425024,0,Typeb,Renault,Food
2026-01-13 15:00:00,8.42282272248561,2.4822203365120803,0.2947017191618592,0,0,0,0,1.12425024,0,Typeb,Renault,Food
2026-01-13 16:00:00,8.42282272248561,2.4838512149328698,0.29489534527444916,0,0,0,0,1.12425024,0,Typeb,Renault,Food
2026-01-13 17:00:00,8.42282272248561,4.261212210254355,0.505912608,0,0,0,0,1.12425024,0,Typeb,Renault,Food
2026-01-13 18:00:00,0.0,0.0,0.0,1,1,0,80,1.12425024,0,Typeb,Renault,Food
2026-01-13 19:00:00,0.0,0.0,0.0,1,1,0,80,1.12425024,0,Typeb,Renault,Food
2026-01-13 20:00:00,0.0,0.0,0.0,1,1,0,80,1.12425024,0,Typeb,Renault,Food
2026-01-13 21:00:00,0.0,0.0,0.0,1,1,0,80,1.12425024,0,Typeb,Renault,Food
2026-01-13 22:00:00,0.0,0.0,0.0,1,1,0,80,1.12425024,0,Typeb,Renault,Food
2026-01-13 23:00:00,0.0,0.0,0.0,1,1,0,80,1.12425024,0,Typeb,Renault,Food
2026-01-14 00:00:00,0.0,0.0,0.0,1,1,0,80,1.12425024,0,Typeb,Renault,Food
2026-01-14 01:00:00,0.0,0.0,0.0,1,1,0,80,1.12425024,0,Typeb,Renault,Food
2026-01-14 02:00:00,0.0,0.0,0.0,1,1,0,80,1.12425024,0,Typeb,Renault,Food
2026-01-14 03:00:00,0.0,0.0,0.0,1,1,0,80,1.12425024,0,Typeb,Renault,Food
2026-01-14 04:00:00,0.0,0.0,0.0,1,1,0,80,1.12425024,0,Typeb,Renault,Food
2026-01-14 05:00:00,0.0,0.0,0.0,1,1,0,80,1.12425024,0,Typeb,Renault,Food
2026-01-14 06:00:00,0.0,0.0,0.0,1,1,0,80,1.12425024,0,Typeb,Renault,Food
2026-01-14 07:00:00,6.467769205439368,2.1077867180795518,0.32589083672109254,0,0,0,0,1.102475,0,Typeb,Renault,Food
2026-01-14 08:00:00,6.467769205439368,0.7130553854766769,0.11024750000000001,0,0,0,0,1.102475,0,Typeb,Renault,Food
2026-01-14 09:00:00,6.467769205439368,1.138565911433451,0.17603687999193315,0,0,0,0,1.102475,0,Typeb,Renault,Food
2026-01-14 10:00:00,6.467769205439368,0.8966519999534436,0.13863388928587042,0,0,0,0,1.102475,0,Typeb,Renault,Food
2026-01-14 11:00:00,6.467769205439368,1.448756126683455,0.22399626218342128,0,0,0,0,1.102475,0,Typeb,Renault,Food
2026-01-14 12:00:00,6.467769205439368,3.2087492346450457,0.4961137500000001,0,0,0,0,1.102475,0,Typeb,Renault,Food
2026-01-14 13:00:00,0.0,0.0,0.0,1,1,0,80,1.102475,0,Typeb,Renault,Food
2026-01-14 14:00:00,5.721488143273287,0.6307797640755218,0.11024750000000001,0,0,0,0,1.102475,0,Typeb,Renault,Food
2026-01-14 15:00:00,5.721488143273287,1.8019770379611435,0.31494901201179887,0,0,0,0,1.102475,0,Typeb,Renault,Food
2026-01-14 16:00:00,5.721488143273287,0.6307797640755218,0.11024750000000001,0,0,0,0,1.102475,0,Typeb,Renault,Food
2026-01-14 17:00:00,5.721488143273287,0.8047570251613535,0.14065519407000793,0,0,0,0,1.102475,0,Typeb,Renault,Food
2026-01-14 18:00:00,5.721488143273287,2.148699267905391,0.375549020481953,0,0,0,0,1.102475,0,Typeb,Renault,Food
2026-01-14 19:00:00,5.721488143273287,1.266443167681937,0.2213485610681349,0,0,0,0,1.102475,0,Typeb,Renault,Food
2026-01-14 20:00:00,0.0,0.0,0.0,1,1,0,80,1.102475,0,Typeb,Renault,Food
2026-01-14 21:00:00,0.0,0.0,0.0,1,1,0,80,1.102475,0,Typeb,Renault,Food
2026-01-14 22:00:00,0.0,0.0,0.0,1,1,0,80,1.102475,0,Typeb,Renault,Food
2026-01-14 23:00:00,0.0,0.0,0.0,1,1,0,80,1.102475,0,Typeb,Renault,Food
2026-01-01 00:00:00,0.0,0.0,0.0,1,1,1,80,1.0,1,Typeb,Renault,Food
2026-01-01 01:00:00,0.0,0.0,0.0,1,1,1,80,1.0,1,Typeb,Renault,Food
2026-01-01 02:00:00,0.0,0.0,0.0,1,1,1,80,1.0,1,Typeb,Renault,Food
2026-01-01 03:00:00,0.0,0.0,0.0,1,1,1,80,1.0,1,Typeb,Renault,Food
2026-01-01 04:00:00,0.0,0.0,0.0,1,1,1,80,1.0,1,Typeb,Renault,Food
2026-01-01 05:00:00,0.0,0.0,0.0,1,1,1,80,1.0,1,Typeb,Renault,Food
2026-01-01 06:00:00,6.001606651793873,1.6678246193769914,0.2778963561163211,0,0,1,0,1.1329772784640002,1,Typeb,Renault,Food
2026-01-01 07:00:00,6.001606651793873,1.723875973616315,0.2872357476311865,0,0,1,0,1.1329772784640002,1,Typeb,Renault,Food
2026-01-01 08:00:00,6.001606651793873,0.6799683970760864,0.11329772784640002,0,0,1,0,1.1329772784640002,1,Typeb,Renault,Food
2026-01-01 09:00:00,6.001606651793873,1.1990020623330881,0.19978018085785545,0,0,1,0,1.1329772784640002,1,Typeb,Renault,Food
2026-01-01 10:00:00,6.001606651793873,1.5800588531834863,0.263272644286211,0,0,1,0,1.1329772784640002,1,Typeb,Renault,Food
2026-01-01 11:00:00,6.001606651793873,0.6799683970760864,0.11329772784640002,0,0,1,0,1.1329772784640002,1,Typeb,Renault,Food
2026-01-01 12:00:00,0.0,0.0,0.0,1,1,1,80,1.1329772784640002,1,Typeb,Renault,Food
2026-01-01 13:00:00,6.001606651793873,0.7419912546782857,0.12363210348957233,0,0,1,0,1.1329772784640002,1,Typeb,Renault,Food
2026-01-01 14:00:00,6.001606651793873,1.6923877772672515,0.28198911982367236,0,0,1,0,1.1329772784640002,1,Typeb,Renault,Food
2026-01-01 15:00:00,6.001606651793873,0.6799683970760864,0.11329772784640002,0,0,1,0,1.1329772784640002,1,Typeb,Renault,Food
2026-01-01 16:00:00,6.001606651793873,0.8311752879530512,0.13849212988735507,0,0,1,0,1.1329772784640002,1,Typeb,Renault,Food
2026-01-01 17:00:00,6.001606651793873,0.9843850055247251,0.16402024701677068,0,0,1,0,1.1329772784640002,1,Typeb,Renault,Food
2026-01-01 18:00:00,6.001606651793873,2.397531541363181,0.3994816189172547,0,0,1,0,1.1329772784640002,1,Typeb,Renault,Food
2026-01-01 19:00:00,6.001606651793873,2.1153678701866747,0.3524669297602824,0,0,1,0,1.1329772784640002,1,Typeb,Renault,Food
2026-01-01 20:00:00,0.0,0.0,0.0,1,1,1,80,1.1329772784640002,1,Typeb,Renault,Food
2026-01-01 21:00:00,0.0,0.0,0.0,1,1,1,80,1.1329772784640002,1,Typeb,Renault,Food
2026-01-01 22:00:00,0.0,0.0,0.0,1,1,1,80,1.1329772784640002,1,Typeb,Renault,Food
2026-01-01 23:00:00,0.0,0.0,0.0,1,1,1,80,1.1329772784640002,1,Typeb,Renault,Food
2026-01-02 00:00:00,0.0,0.0,0.0,1,1,1,80,1.1329772784640002,1,Typeb,Renault,Food
2026-01-02 01:00:00,0.0,0.0,0.0,1,1,1,80,1.1329772784640002,1,Typeb,Renault,Food
2026-01-02 02:00:00,0.0,0.0,0.0,1,1,1,80,1.1329772784640002,1,Typeb,Renault,Food
2026-01-02 03:00:00,0.0,0.0,0.0,1,1,1,80,1.1329772784640002,1,Typeb,Renault,Food
2026-01-02 04:00:00,0.0,0.0,0.0,1,1,1,80,1.1329772784640002,1,Typeb,Renault,Food
2026-01-02 05:00:00,4.544976752979863,0.9936303576053459,0.21862165894553443,0,0,1,0,1.23259004,1,Typeb,Renault,Food
2026-01-02 06:00:00,4.544976752979863,1.88770093997439,0.4153378647617373,0,0,1,0,1.23259004,1,Typeb,Renault,Food
2026-01-02 07:00:00,4.544976752979863,0.6554918407603298,0.1442233649117268,0,0,1,0,1.23259004,1,Typeb,Renault,Food
2026-01-02 08:00:00,4.544976752979863,1.2098440382680231,0.26619366919199366,0,0,1,0,1.23259004,1,Typeb,Renault,Food
2026-01-02 09:00:00,4.544976752979863,1.456112846718411,0.32037850265432644,0,0,1,0,1.23259004,1,Typeb,Renault,Food
2026-01-02 10:00:00,4.544976752979863,2.5209418849895338,0.5546655180000001,0,0,1,0,1.23259004,1,Typeb,Renault,Food
2026-01-02 11:00:00,4.544976752979863,1.6300333312460178,0.35864503161150485,0,0,1,0,1.23259004,1,Typeb,Renault,Food
2026-01-02 12:00:00,0.0,0.0,0.0,1,1,1,80,1.23259004,1,Typeb,Renault,Food
2026-01-02 13:00:00,4.090479077681876,0.9821840887915464,0.24011468342435865,0,0,1,0,1.23259004,1,Typeb,Renault,Food
2026-01-02 14:00:00,4.090479077681876,0.5041883769979068,0.123259004,0,0,1,0,1.23259004,1,Typeb,Renault,Food
2026-01-02 15:00:00,4.090479077681876,1.9060599166859158,0.465974738041223,0,0,1,0,1.23259004,1,Typeb,Renault,Food
2026-01-02 16:00:00,4.090479077681876,2.2688476964905804,0.5546655180000001,0,0,1,0,1.23259004,1,Typeb,Renault,Food
2026-01-02 17:00:00,4.090479077681876,0.5041883769979068,0.123259004,0,0,1,0,1.23259004,1,Typeb,Renault,Food
2026-01-02 18:00:00,4.090479077681876,1.8156000230955358,0.44385999503130524,0,0,1,0,1.23259004,1,Typeb,Renault,Food
2026-01-02 19:00:00,4.090479077681876,0.5041883769979068,0.123259004,0,0,1,0,1.23259004,1,Typeb,Renault,Food
2026-01-02 20:00:00,4.090479077681876,0.819824913471908,0.20042271281742202,0,0,1,0,1.23259004,1,Typeb,Renault,Food
2026-01-02 21:00:00,0.0,0.0,0.0,1,1,1,80,1.23259004,1,Typeb,Renault,Food
2026-01-02 22:00:00,0.0,0.0,0.0,1,1,1,80,1.23259004,1,Typeb,Renault,Food
2026-01-02 23:00:00,0.0,0.0,0.0,1,1,1,80,1.23259004,1,Typeb,Renault,Food
2026-01-03 00:00:00,0.0,0.0,0.0,1,1,1,80,1.23259004,1,Typeb,Renault,Food
2026-01-03 01:00:00,0.0,0.0,0.0,1,1,1,80,1.23259004,1,Typeb,Renault,Food
2026-01-03 02:00:00,0.0,0.0,0.0,1,1,1,80,1.23259004,1,Typeb,Renault,Food
2026-01-03 03:00:00,0.0,0.0,0.0,1,1,1,80,1.23259004,1,Typeb,Renault,Food
2026-01-03 04:00:00,0.0,0.0,0.0,1,1,1,80,1.23259004,1,Typeb,Renault,Food
2026-01-03 05:00:00,0.0,0.0,0.0,1,1,1,80,1.23259004,1,Typeb,Renault,Food
2026-01-03 06:00:00,0.0,0.0,0.0,1,1,1,80,1.23259004,1,Typeb,Renault,Food
2026-01-03 07:00:00,0.0,0.0,0.0,1,1,1,80,1.23259004,1,Typeb,Renault,Food
2026-01-03 08:00:00,0.0,0.0,0.0,1,1,1,80,1.23259004,1,Typeb,Renault,Food
2026-01-03 09:00:00,13.53164569280217,4.153303478162053,0.3069326209428689,0,0,1,0,1.209049010004,1,Typeb,Renault,Food
2026-01-03 10:00:00,13.53164569280217,5.758093561019563,0.4255279580725677,0,0,1,0,1.209049010004,1,Typeb,Renault,Food
2026-01-03 11:00:00,13.53164569280217,4.172234815834296,0.3083316627225626,0,0,1,0,1.209049010004,1,Typeb,Renault,Food
2026-01-03 12:00:00,13.53164569280217,4.462698800831059,0.32979719556246456,0,0,1,0,1.209049010004,1,Typeb,Renault,Food
2026-01-03 13:00:00,7.32964141693451,3.9878530644730428,0.5440720545018,0,0,1,0,1.209049010004,1,Typeb,Renault,Food
2026-01-03 14:00:00,7.32964141693451,2.062403079609594,0.281378441630799,0,0,1,0,1.209049010004,1,Typeb,Renault,Food
2026-01-03 15:00:00,7.32964141693451,1.1686298361380414,0.1594388824312772,0,0,1,0,1.209049010004,1,Typeb,Renault,Food
2026-01-03 16:00:00,7.32964141693451,0.8861895698828984,0.1209049010004,0,0,1,0,1.209049010004,1,Typeb,Renault,Food
2026-01-03 17:00:00,7.32964141693451,1.1902688197680973,0.16239113921972814,0,0,1,0,1.209049010004,1,Typeb,Renault,Food
2026-01-03 18:00:00,7.32964141693451,0.8861895698828984,0.1209049010004,0,0,1,0,1.209049010004,1,Typeb,Renault,Food
2026-01-03 19:00:00,0.0,0.0,0.0,1,1,1,80,1.209049010004,1,Typeb,Renault,Food
2026-01-03 20:00:00,0.0,0.0,0.0,1,1,1,80,1.209049010004,1,Typeb,Renault,Food
2026-01-03 21:00:00,0.0,0.0,0.0,1,1,1,80,1.209049010004,1,Typeb,Renault,Food
2026-01-03 22:00:00,0.0,0.0,0.0,1,1,1,80,1.209049010004,1,Typeb,Renault,Food
2026-01-03 23:00:00,0.0,0.0,0.0,1,1,1,80,1.209049010004,1,Typeb,Renault,Food
2026-01-04 00:00:00,0.0,0.0,0.0,1,1,1,80,1.209049010004,1,Typeb,Renault,Food
2026-01-04 01:00:00,0.0,0.0,0.0,1,1,1,80,1.209049010004,1,Typeb,Renault,Food
2026-01-04 02:00:00,0.0,0.0,0.0,1,1,1,80,1.209049010004,1,Typeb,Renault,Food
2026-01-04 03:00:00,0.0,0.0,0.0,1,1,1,80,1.209049010004,1,Typeb,Renault,Food
2026-01-04 04:00:00,0.0,0.0,0.0,1,1,1,80,1.209049010004,1,Typeb,Renault,Food
2026-01-04 05:00:00,0.0,0.0,0.0,1,1,1,80,1.209049010004,1,Typeb,Renault,Food
2026-01-04 06:00:00,0.0,0.0,0.0,1,1,1,80,1.209049010004,1,Typeb,Renault,Food
2026-01-04 07:00:00,0.0,0.0,0.0,1,1,1,80,1.209049010004,1,Typeb,Renault,Food
2026-01-04 08:00:00,0.0,0.0,0.0,1,1,1,80,1.209049010004,1,Typeb,Renault,Food
2026-01-04 09:00:00,10.0,1.3050301525,0.13050301525000002,0,0,1,0,1.3050301525,1,Typeb,Renault,Food
2026-01-04 10:00:00,10.0,2.5864127926749734,0.2586412792674973,0,0,1,0,1.3050301525,1,Typeb,Renault,Food
2026-01-04 11:00:00,10.0,1.5294731478879031,0.15294731478879034,0,0,1,0,1.3050301525,1,Typeb,Renault,Food
2026-01-04 12:00:00,0.0,0.0,0.0,1,1,1,80,1.3050301525,1,Typeb,Renault,Food
2026-01-04 13:00:00,5.454545454545454,2.2946431051072906,0.42068456926967,0,0,1,0,1.3050301525,1,Typeb,Renault,Food
2026-01-04 14:00:00,5.454545454545454,2.739767928533609,0.5022907868978284,0,0,1,0,1.3050301525,1,Typeb,Renault,Food
2026-01-04 15:00:00,5.454545454545454,1.4998272268875872,0.274968324929391,0,0,1,0,1.3050301525,1,Typeb,Renault,Food
2026-01-04 16:00:00,5.454545454545454,0.7118346286363636,0.13050301525000002,0,0,1,0,1.3050301525,1,Typeb,Renault,Food
2026-01-04 17:00:00,5.454545454545454,2.211870720248833,0.4055096320456194,0,0,1,0,1.3050301525,1,Typeb,Renault,Food
2026-01-04 18:00:00,5.454545454545454,1.019885974868912,0.18697909539263388,0,0,1,0,1.3050301525,1,Typeb,Renault,Food
2026-01-04 19:00:00,0.0,0.0,0.0,1,1,1,80,1.3050301525,1,Typeb,Renault,Food
2026-01-04 20:00:00,0.0,0.0,0.0,1,1,1,80,1.3050301525,1,Typeb,Renault,Food
2026-01-04 21:00:00,0.0,0.0,0.0,1,1,1,80,1.3050301525,1,Typeb,Renault,Food
2026-01-04 22:00:00,0.0,0.0,0.0,1,1,1,80,1.3050301525,1,Typeb,Renault,Food
2026-01-04 23:00:00,0.0,0.0,0.0,1,1,1,80,1.3050301525,1,Typeb,Renault,Food
2026-01-05 00:00:00,0.0,0.0,0.0,1,1,1,80,1.3050301525,1,Typeb,Renault,Food
2026-01-05 01:00:00,0.0,0.0,0.0,1,1,1,80,1.3050301525,1,Typeb,Renault,Food
2026-01-05 02:00:00,0.0,0.0,0.0,1,1,1,80,1.3050301525,1,Typeb,Renault,Food
2026-01-05 03:00:00,0.0,0.0,0.0,1,1,1,80,1.3050301525,1,Typeb,Renault,Food
2026-01-05 04:00:00,0.0,0.0,0.0,1,1,1,80,1.3050301525,1,Typeb,Renault,Food
2026-01-05 05:00:00,0.0,0.0,0.0,1,1,1,80,1.3050301525,1,Typeb,Renault,Food
2026-01-05 06:00:00,0.0,0.0,0.0,1,1,1,80,1.3050301525,1,Typeb,Renault,Food
2026-01-05 07:00:00,8.094017746000583,4.072172927240002,0.5031089694919615,0,0,1,0,1.226197579604,1,Typeb,Renault,Food
2026-01-05 08:00:00,8.094017746000583,2.7571327797233334,0.34063834133372,0,0,1,0,1.226197579604,1,Typeb,Renault,Food
2026-01-05 09:00:00,8.094017746000583,4.135617260076323,0.5109473922416113,0,0,1,0,1.226197579604,1,Typeb,Renault,Food
2026-01-05 10:00:00,8.094017746000583,4.175144189884228,0.5158308668086687,0,0,1,0,1.226197579604,1,Typeb,Renault,Food
2026-01-05 11:00:00,8.094017746000583,2.154117999505014,0.2661370492508998,0,0,1,0,1.226197579604,1,Typeb,Renault,Food
2026-01-05 12:00:00,0.0,0.0,0.0,1,1,1,80,1.226197579604,1,Typeb,Renault,Food
2026-01-05 13:00:00,7.160092621462054,1.9028858987076167,0.26576274907447456,0,0,1,0,1.226197579604,1,Typeb,Renault,Food
2026-01-05 14:00:00,7.160092621462054,0.8779688242177232,0.12261975796040002,0,0,1,0,1.226197579604,1,Typeb,Renault,Food
2026-01-05 15:00:00,7.160092621462054,1.7502683421152314,0.24444772360470327,0,0,1,0,1.226197579604,1,Typeb,Renault,Food
2026-01-05 16:00:00,7.160092621462054,0.8779688242177232,0.12261975796040002,0,0,1,0,1.226197579604,1,Typeb,Renault,Food
2026-01-05 17:00:00,7.160092621462054,1.331041279150306,0.1858972152344189,0,0,1,0,1.226197579604,1,Typeb,Renault,Food
2026-01-05 18:00:00,7.160092621462054,2.06441329536282,0.288322149517289,0,0,1,0,1.226197579604,1,Typeb,Renault,Food
2026-01-05 19:00:00,7.160092621462054,1.787679111717901,0.24967262383721317,0,0,1,0,1.226197579604,1,Typeb,Renault,Food
2026-01-05 20:00:00,0.0,0.0,0.0,1,1,1,80,1.226197579604,1,Typeb,Renault,Food
2026-01-05 21:00:00,0.0,0.0,0.0,1,1,1,80,1.226197579604,1,Typeb,Renault,Food
2026-01-05 22:00:00,0.0,0.0,0.0,1,1,1,80,1.226197579604,1,Typeb,Renault,Food
2026-01-05 23:00:00,0.0,0.0,0.0,1,1,1,80,1.226197579604,1,Typeb,Renault,Food
2026-01-06 00:00:00,0.0,0.0,0.0,1,1,1,80,1.226197579604,1,Typeb,Renault,Food
2026-01-06 01:00:00,0.0,0.0,0.0,1,1,1,80,1.226197579604,1,Typeb,Renault,Food
2026-01-06 02:00:00,0.0,0.0,0.0,1,1,1,80,1.226197579604,1,Typeb,Renault,Food
2026-01-06 03:00:00,0.0,0.0,0.0,1,1,1,80,1.226197579604,1,Typeb,Renault,Food
2026-01-06 04:00:00,0.0,0.0,0.0,1,1,1,80,1.226197579604,1,Typeb,Renault,Food
2026-01-06 05:00:00,0.0,0.0,0.0,1,1,1,80,1.226197579604,1,Typeb,Renault,Food
2026-01-06 06:00:00,6.647759517081572,3.9805691475063503,0.5987835656928001,0,0,1,0,1.3306301459840002,1,Typeb,Renault,Food
2026-01-06 07:00:00,6.647759517081572,2.8377770080191222,0.4268772058807766,0,0,1,0,1.3306301459840002,1,Typeb,Renault,Food
2026-01-06 08:00:00,6.647759517081572,0.884570921668078,0.13306301459840003,0,0,1,0,1.3306301459840002,1,Typeb,Renault,Food
2026-01-06 09:00:00,6.647759517081572,0.884570921668078,0.13306301459840003,0,0,1,0,1.3306301459840002,1,Typeb,Renault,Food
2026-01-06 10:00:00,6.647759517081572,2.4289646933921443,0.36538095085281935,0,0,1,0,1.3306301459840002,1,Typeb,Renault,Food
2026-01-06 11:00:00,6.647759517081572,2.51884806120157,0.3789018021378979,0,0,1,0,1.3306301459840002,1,Typeb,Renault,Food
2026-01-06 12:00:00,0.0,0.0,0.0,1,1,1,80,1.3306301459840002,1,Typeb,Renault,Food
2026-01-06 13:00:00,6.924749496959971,3.0572221864233473,0.4414920984167725,0,0,1,0,1.3306301459840002,1,Typeb,Renault,Food
2026-01-06 14:00:00,6.924749496959971,2.3473568311707447,0.3389807576723542,0,0,1,0,1.3306301459840002,1,Typeb,Renault,Food
2026-01-06 15:00:00,6.924749496959971,4.1464261953191155,0.5987835656928001,0,0,1,0,1.3306301459840002,1,Typeb,Renault,Food
2026-01-06 16:00:00,6.924749496959971,1.8764354180570566,0.27097520551188586,0,0,1,0,1.3306301459840002,1,Typeb,Renault,Food
2026-01-06 17:00:00,6.924749496959971,0.9330428360315999,0.13474030164429981,0,0,1,0,1.3306301459840002,1,Typeb,Renault,Food
2026-01-06 18:00:00,6.924749496959971,1.3844501694285118,0.19992783421787289,0,0,1,0,1.3306301459840002,1,Typeb,Renault,Food
2026-01-06 19:00:00,0.0,0.0,0.0,1,1,1,80,1.3306301459840002,1,Typeb,Renault,Food
2026-01-06 20:00:00,0.0,0.0,0.0,1,1,1,80,1.3306301459840002,1,Typeb,Renault,Food
2026-01-06 21:00:00,0.0,0.0,0.0,1,1,1,80,1.3306301459840002,1,Typeb,Renault,Food
2026-01-06 22:00:00,0.0,0.0,0.0,1,1,1,80,1.3306301459840002,1,Typeb,Renault,Food
2026-01-06 23:00:00,0.0,0.0,0.0,1,1,1,80,1.3306301459840002,1,Typeb,Renault,Food
2026-01-07 00:00:00,0.0,0.0,0.0,1,1,1,80,1.3306301459840002,1,Typeb,Renault,Food
2026-01-07 01:00:00,0.0,0.0,0.0,1,1,1,80,1.3306301459840002,1,Typeb,Renault,Food
2026-01-07 02:00:00,0.0,0.0,0.0,1,1,1,80,1.3306301459840002,1,Typeb,Renault,Food
2026-01-07 03:00:00,0.0,0.0,0.0,1,1,1,80,1.3306301459840002,1,Typeb,Renault,Food
2026-01-07 04:00:00,0.0,0.0,0.0,1,1,1,80,1.3306301459840002,1,Typeb,Renault,Food
2026-01-07 05:00:00,0.0,0.0,0.0,1,1,1,80,1.3306301459840002,1,Typeb,Renault,Food
2026-01-07 06:00:00,0.0,0.0,0.0,1,1,1,80,1.3306301459840002,1,Typeb,Renault,Food
2026-01-07 07:00:00,6.569471583253685,2.923875542029934,0.44507012550038555,0,0,1,0,1.282756305344,1,Typeb,Renault,Food
2026-01-07 08:00:00,6.569471583253685,1.371932679103225,0.2088345556742241,0,0,1,0,1.282756305344,1,Typeb,Renault,Food
2026-01-07 09:00:00,6.569471583253685,0.8427031096196896,0.12827563053440003,0,0,1,0,1.282756305344,1,Typeb,Renault,Food
2026-01-07 10:00:00,6.569471583253685,0.8427031096196896,0.12827563053440003,0,0,1,0,1.282756305344,1,Typeb,Renault,Food
2026-01-07 11:00:00,6.569471583253685,2.717994452516266,0.4137310616343537,0,0,1,0,1.282756305344,1,Typeb,Renault,Food
2026-01-07 12:00:00,0.0,0.0,0.0,1,1,1,80,1.282756305344,1,Typeb,Renault,Food
2026-01-07 13:00:00,5.712583985437988,3.147540053549564,0.5509835936894747,0,0,1,0,1.282756305344,1,Typeb,Renault,Food
2026-01-07 14:00:00,5.712583985437988,0.7327853127127737,0.12827563053440003,0,0,1,0,1.282756305344,1,Typeb,Renault,Food
2026-01-07 15:00:00,5.712583985437988,0.7327853127127737,0.12827563053440003,0,0,1,0,1.282756305344,1,Typeb,Renault,Food
2026-01-07 16:00:00,5.712583985437988,0.866127626762906,0.15161748675743966,0,0,1,0,1.282756305344,1,Typeb,Renault,Food
2026-01-07 17:00:00,5.712583985437988,2.146925098514278,0.37582381352939914,0,0,1,0,1.282756305344,1,Typeb,Renault,Food
2026-01-07 18:00:00,5.712583985437988,2.597356426847578,0.45467277741010526,0,0,1,0,1.282756305344,1,Typeb,Renault,Food
2026-01-07 19:00:00,0.0,0.0,0.0,1,1,1,80,1.282756305344,1,Typeb,Renault,Food
2026-01-07 20:00:00,0.0,0.0,0.0,1,1,1,80,1.282756305344,1,Typeb,Renault,Food
2026-01-07 21:00:00,0.0,0.0,0.0,1,1,1,80,1.282756305344,1,Typeb,Renault,Food
2026-01-07 22:00:00,0.0,0.0,0.0,1,1,1,80,1.282756305344,1,Typeb,Renault,Food
2026-01-07 23:00:00,0.0,0.0,0.0,1,1,1,80,1.282756305344,1,Typeb,Renault,Food
2026-01-08 00:00:00,0.0,0.0,0.0,1,1,1,80,1.282756305344,1,Typeb,Renault,Food
2026-01-08 01:00:00,0.0,0.0,0.0,1,1,1,80,1.282756305344,1,Typeb,Renault,Food
2026-01-08 02:00:00,0.0,0.0,0.0,1,1,1,80,1.282756305344,1,Typeb,Renault,Food
2026-01-08 03:00:00,0.0,0.0,0.0,1,1,1,80,1.282756305344,1,Typeb,Renault,Food
2026-01-08 04:00:00,0.0,0.0,0.0,1,1,1,80,1.282756305344,1,Typeb,Renault,Food
2026-01-08 05:00:00,0.0,0.0,0.0,1,1,1,80,1.282756305344,1,Typeb,Renault,Food
2026-01-08 06:00:00,5.300527441535028,0.6236522257278859,0.11765852221440001,0,0,1,0,1.176585222144,1,Typeb,Renault,Food
2026-01-08 07:00:00,5.300527441535028,0.9573831208896835,0.18062034985190573,0,0,1,0,1.176585222144,1,Typeb,Renault,Food
2026-01-08 08:00:00,5.300527441535028,0.7047072908427782,0.13295040891981413,0,0,1,0,1.176585222144,1,Typeb,Renault,Food
2026-01-08 09:00:00,5.300527441535028,1.998933422599673,0.3771197196218616,0,0,1,0,1.176585222144,1,Typeb,Renault,Food
2026-01-08 10:00:00,5.300527441535028,1.0895437444939906,0.20555383525728146,0,0,1,0,1.176585222144,1,Typeb,Renault,Food
2026-01-08 11:00:00,5.300527441535028,1.6978176422081495,0.32031107487606236,0,0,1,0,1.176585222144,1,Typeb,Renault,Food
2026-01-08 12:00:00,0.0,0.0,0.0,1,1,1,80,1.176585222144,1,Typeb,Renault,Food
2026-01-08 13:00:00,5.300527441535028,1.4449060914589487,0.2725966627654144,0,0,1,0,1.176585222144,1,Typeb,Renault,Food
2026-01-08 14:00:00,5.300527441535028,2.684729278165038,0.5065022882680412,0,0,1,0,1.176585222144,1,Typeb,Renault,Food
2026-01-08 15:00:00,5.300527441535028,1.176853917267119,0.22202581351532505,0,0,1,0,1.176585222144,1,Typeb,Renault,Food
2026-01-08 16:00:00,5.300527441535028,1.7118485424601804,0.32295815111645393,0,0,1,0,1.176585222144,1,Typeb,Renault,Food
2026-01-08 17:00:00,5.300527441535028,1.374555539756894,0.25932429459488354,0,0,1,0,1.176585222144,1,Typeb,Renault,Food
2026-01-08 18:00:00,5.300527441535028,1.5847211036480442,0.29897422872111584,0,0,1,0,1.176585222144,1,Typeb,Renault,Food
2026-01-08 19:00:00,0.0,0.0,0.0,1,1,1,80,1.176585222144,1,Typeb,Renault,Food
2026-01-08 20:00:00,0.0,0.0,0.0,1,1,1,80,1.176585222144,1,Typeb,Renault,Food
2026-01-08 21:00:00,0.0,0.0,0.0,1,1,1,80,1.176585222144,1,Typeb,Renault,Food
2026-01-08 22:00:00,0.0,0.0,0.0,1,1,1,80,1.176585222144,1,Typeb,Renault,Food
2026-01-08 23:00:00,0.0,0.0,0.0,1,1,1,80,1.176585222144,1,Typeb,Renault,Food
2026-01-09 00:00:00,0.0,0.0,0.0,1,1,1,80,1.176585222144,1,Typeb,Renault,Food
2026-01-09 01:00:00,0.0,0.0,0.0,1,1,1,80,1.176585222144,1,Typeb,Renault,Food
2026-01-09 02:00:00,0.0,0.0,0.0,1,1,1,80,1.176585222144,1,Typeb,Renault,Food
2026-01-09 03:00:00,0.0,0.0,0.0,1,1,1,80,1.176585222144,1,Typeb,Renault,Food
2026-01-09 04:00:00,0.0,0.0,0.0,1,1,1,80,1.176585222144,1,Typeb,Renault,Food
2026-01-09 05:00:00,0.0,0.0,0.0,1,1,1,80,1.176585222144,1,Typeb,Renault,Food
2026-01-09 06:00:00,0.0,0.0,0.0,1,1,1,80,1.176585222144,1,Typeb,Renault,Food
2026-01-09 07:00:00,9.104885352198856,1.0355372024753493,0.1137342385344,0,0,1,0,1.137342385344,1,Typeb,Renault,Food
2026-01-09 08:00:00,9.104885352198856,1.0355372024753493,0.1137342385344,0,0,1,0,1.137342385344,1,Typeb,Renault,Food
2026-01-09 09:00:00,9.104885352198856,1.0355372024753493,0.1137342385344,0,0,1,0,1.137342385344,1,Typeb,Renault,Food
2026-01-09 10:00:00,9.104885352198856,2.8627614445897107,0.3144203725638726,0,0,1,0,1.137342385344,1,Typeb,Renault,Food
2026-01-09 11:00:00,9.104885352198856,2.800481244632883,0.3075800667777281,0,0,1,0,1.137342385344,1,Typeb,Renault,Food
2026-01-09 12:00:00,9.104885352198856,1.9938722947173133,0.21898928076406668,0,0,1,0,1.137342385344,1,Typeb,Renault,Food
2026-01-09 13:00:00,10.83914922880816,3.542881507623611,0.3268597408187151,0,0,1,0,1.137342385344,1,Typeb,Renault,Food
2026-01-09 14:00:00,10.83914922880816,1.232782383899225,0.1137342385344,0,0,1,0,1.137342385344,1,Typeb,Renault,Food
2026-01-09 15:00:00,10.83914922880816,4.757025521608649,0.4388744375772117,0,0,1,0,1.137342385344,1,Typeb,Renault,Food
2026-01-09 16:00:00,10.83914922880816,2.7384370057918606,0.2526431685720938,0,0,1,0,1.137342385344,1,Typeb,Renault,Food
2026-01-09 17:00:00,10.83914922880816,5.427598648577923,0.5007402826554428,0,0,1,0,1.137342385344,1,Typeb,Renault,Food
2026-01-09 18:00:00,0.0,0.0,0.0,1,1,1,80,1.137342385344,1,Typeb,Renault,Food
2026-01-09 19:00:00,0.0,0.0,0.0,1,1,1,80,1.137342385344,1,Typeb,Renault,Food
2026-01-09 20:00:00,0.0,0.0,0.0,1,1,1,80,1.137342385344,1,Typeb,Renault,Food
2026-01-09 21:00:00,0.0,0.0,0.0,1,1,1,80,1.137342385344,1,Typeb,Renault,Food
2026-01-09 22:00:00,0.0,0.0,0.0,1,1,1,80,1.137342385344,1,Typeb,Renault,Food
2026-01-09 23:00:00,0.0,0.0,0.0,1,1,1,80,1.137342385344,1,Typeb,Renault,Food
2026-01-10 00:00:00,0.0,0.0,0.0,1,1,1,80,1.137342385344,1,Typeb,Renault,Food
2026-01-10 01:00:00,0.0,0.0,0.0,1,1,1,80,1.137342385344,1,Typeb,Renault,Food
2026-01-10 02:00:00,0.0,0.0,0.0,1,1,1,80,1.137342385344,1,Typeb,Renault,Food
2026-01-10 03:00:00,0.0,0.0,0.0,1,1,1,80,1.137342385344,1,Typeb,Renault,Food
2026-01-10 04:00:00,0.0,0.0,0.0,1,1,1,80,1.137342385344,1,Typeb,Renault,Food
2026-01-10 05:00:00,0.0,0.0,0.0,1,1,1,80,1.137342385344,1,Typeb,Renault,Food
2026-01-10 06:00:00,0.0,0.0,0.0,1,1,1,80,1.137342385344,1,Typeb,Renault,Food
2026-01-10 07:00:00,0.0,0.0,0.0,1,1,1,80,1.137342385344,1,Typeb,Renault,Food
2026-01-10 08:00:00,0.0,0.0,0.0,1,1,1,80,1.137342385344,1,Typeb,Renault,Food
2026-01-10 09:00:00,0.0,0.0,0.0,1,1,1,80,1.137342385344,1,Typeb,Renault,Food
2026-01-10 10:00:00,13.333333333333334,4.278811482433715,0.32091086118252865,0,0,1,0,1.18961004,1,Typeb,Renault,Food
2026-01-10 11:00:00,13.333333333333334,2.641157905599014,0.19808684291992604,0,0,1,0,1.18961004,1,Typeb,Renault,Food
2026-01-10 12:00:00,0.0,0.0,0.0,1,1,1,80,1.18961004,1,Typeb,Renault,Food
2026-01-10 13:00:00,5.217391304347826,0.620666107826087,0.11896100400000001,0,0,1,0,1.18961004,1,Typeb,Renault,Food
2026-01-10 14:00:00,5.217391304347826,0.620666107826087,0.11896100400000001,0,0,1,0,1.18961004,1,Typeb,Renault,Food
2026-01-10 15:00:00,5.217391304347826,0.620666107826087,0.11896100400000001,0,0,1,0,1.18961004,1,Typeb,Renault,Food
2026-01-10 16:00:00,5.217391304347826,0.9350831722048099,0.17922427467258856,0,0,1,0,1.18961004,1,Typeb,Renault,Food
2026-01-10 17:00:00,5.217391304347826,0.7190267970410326,0.13781346943286457,0,0,1,0,1.18961004,1,Typeb,Renault,Food
2026-01-10 18:00:00,5.217391304347826,2.1051331842630727,0.403483860317089,0,0,1,0,1.18961004,1,Typeb,Renault,Food
2026-01-10 19:00:00,0.0,0.0,0.0,1,1,1,80,1.18961004,1,Typeb,Renault,Food
2026-01-10 20:00:00,0.0,0.0,0.0,1,1,1,80,1.18961004,1,Typeb,Renault,Food
2026-01-10 21:00:00,0.0,0.0,0.0,1,1,1,80,1.18961004,1,Typeb,Renault,Food
2026-01-10 22:00:00,0.0,0.0,0.0,1,1,1,80,1.18961004,1,Typeb,Renault,Food
2026-01-10 23:00:00,0.0,0.0,0.0,1,1,1,80,1.18961004,1,Typeb,Renault,Food
2026-01-11 00:00:00,0.0,0.0,0.0,1,1,1,80,1.18961004,1,Typeb,Renault,Food
2026-01-11 01:00:00,0.0,0.0,0.0,1,1,1,80,1.18961004,1,Typeb,Renault,Food
2026-01-11 02:00:00,0.0,0.0,0.0,1,1,1,80,1.18961004,1,Typeb,Renault,Food
2026-01-11 03:00:00,0.0,0.0,0.0,1,1,1,80,1.18961004,1,Typeb,Renault,Food
2026-01-11 04:00:00,0.0,0.0,0.0,1,1,1,80,1.18961004,1,Typeb,Renault,Food
2026-01-11 05:00:00,0.0,0.0,0.0,1,1,1,80,1.18961004,1,Typeb,Renault,Food
2026-01-11 06:00:00,0.0,0.0,0.0,1,1,1,80,1.18961004,1,Typeb,Renault,Food
2026-01-11 07:00:00,0.0,0.0,0.0,1,1,1,80,1.18961004,1,Typeb,Renault,Food
2026-01-11 08:00:00,0.0,0.0,0.0,1,1,1,80,1.18961004,1,Typeb,Renault,Food
2026-01-11 09:00:00,10.0,1.122069513044,0.1122069513044,0,0,1,0,1.122069513044,1,Typeb,Renault,Food
2026-01-11 10:00:00,10.0,2.7754474994777296,0.27754474994777295,0,0,1,0,1.122069513044,1,Typeb,Renault,Food
2026-01-11 11:00:00,10.0,2.8807917753907666,0.28807917753907664,0,0,1,0,1.122069513044,1,Typeb,Renault,Food
2026-01-11 12:00:00,0.0,0.0,0.0,1,1,1,80,1.122069513044,1,Typeb,Renault,Food
2026-01-11 13:00:00,4.444444444444445,1.498585668318409,0.337181775371642,0,0,1,0,1.122069513044,1,Typeb,Renault,Food
2026-01-11 14:00:00,4.444444444444445,0.7329891940927465,0.16492256867086796,0,0,1,0,1.122069513044,1,Typeb,Renault,Food
2026-01-11 15:00:00,4.444444444444445,0.4986975613528889,0.1122069513044,0,0,1,0,1.122069513044,1,Typeb,Renault,Food
2026-01-11 16:00:00,4.444444444444445,0.4986975613528889,0.1122069513044,0,0,1,0,1.122069513044,1,Typeb,Renault,Food
2026-01-11 17:00:00,4.444444444444445,1.0290783776593126,0.23154263497334535,0,0,1,0,1.122069513044,1,Typeb,Renault,Food
2026-01-11 18:00:00,4.444444444444445,0.9755166413386881,0.2194912443012048,0,0,1,0,1.122069513044,1,Typeb,Renault,Food
2026-01-11 19:00:00,4.444444444444445,0.4986975613528889,0.1122069513044,0,0,1,0,1.122069513044,1,Typeb,Renault,Food
2026-01-11 20:00:00,0.0,0.0,0.0,1,1,1,80,1.122069513044,1,Typeb,Renault,Food
2026-01-11 21:00:00,0.0,0.0,0.0,1,1,1,80,1.122069513044,1,Typeb,Renault,Food
2026-01-11 22:00:00,0.0,0.0,0.0,1,1,1,80,1.122069513044,1,Typeb,Renault,Food
2026-01-11 23:00:00,0.0,0.0,0.0,1,1,1,80,1.122069513044,1,Typeb,Renault,Food
2026-01-12 00:00:00,0.0,0.0,0.0,1,1,1,80,1.122069513044,1,Typeb,Renault,Food
2026-01-12 01:00:00,0.0,0.0,0.0,1,1,1,80,1.122069513044,1,Typeb,Renault,Food
2026-01-12 02:00:00,0.0,0.0,0.0,1,1,1,80,1.122069513044,1,Typeb,Renault,Food
2026-01-12 03:00:00,0.0,0.0,0.0,1,1,1,80,1.122069513044,1,Typeb,Renault,Food
2026-01-12 04:00:00,0.0,0.0,0.0,1,1,1,80,1.122069513044,1,Typeb,Renault,Food
2026-01-12 05:00:00,0.0,0.0,0.0,1,1,1,80,1.122069513044,1,Typeb,Renault,Food
2026-01-12 06:00:00,0.0,0.0,0.0,1,1,1,80,1.122069513044,1,Typeb,Renault,Food
2026-01-12 07:00:00,7.139071355708971,3.5977364164835364,0.5039501970528,0,0,1,0,1.119889326784,1,Typeb,Renault,Food
2026-01-12 08:00:00,7.139071355708971,3.033085974282536,0.42485721505739515,0,0,1,0,1.119889326784,1,Typeb,Renault,Food
2026-01-12 09:00:00,7.139071355708971,0.7994969814407858,0.1119889326784,0,0,1,0,1.119889326784,1,Typeb,Renault,Food
2026-01-12 10:00:00,7.139071355708971,0.7994969814407858,0.1119889326784,0,0,1,0,1.119889326784,1,Typeb,Renault,Food
2026-01-12 11:00:00,7.139071355708971,2.687468443501874,0.37644510183425456,0,0,1,0,1.119889326784,1,Typeb,Renault,Food
2026-01-12 12:00:00,0.0,0.0,0.0,1,1,1,80,1.119889326784,1,Typeb,Renault,Food
2026-01-12 13:00:00,7.932301506343301,2.3495327863203994,0.296198119100935,0,0,1,0,1.119889326784,1,Typeb,Renault,Food
2026-01-12 14:00:00,7.932301506343301,0.888329979378651,0.1119889326784,0,0,1,0,1.119889326784,1,Typeb,Renault,Food
2026-01-12 15:00:00,7.932301506343301,1.7467050204424706,0.22020154163903957,0,0,1,0,1.119889326784,1,Typeb,Renault,Food
2026-01-12 16:00:00,7.932301506343301,2.463057875350587,0.31050986569042155,0,0,1,0,1.119889326784,1,Typeb,Renault,Food
2026-01-12 17:00:00,7.932301506343301,1.2772186327690942,0.16101488726162616,0,0,1,0,1.119889326784,1,Typeb,Renault,Food
2026-01-12 18:00:00,0.0,0.0,0.0,1,1,1,80,1.119889326784,1,Typeb,Renault,Food
2026-01-12 19:00:00,0.0,0.0,0.0,1,1,1,80,1.119889326784,1,Typeb,Renault,Food
2026-01-12 20:00:00,0.0,0.0,0.0,1,1,1,80,1.119889326784,1,Typeb,Renault,Food
2026-01-12 21:00:00,0.0,0.0,0.0,1,1,1,80,1.119889326784,1,Typeb,Renault,Food
2026-01-12 22:00:00,0.0,0.0,0.0,1,1,1,80,1.119889326784,1,Typeb,Renault,Food
2026-01-12 23:00:00,0.0,0.0,0.0,1,1,1,80,1.119889326784,1,Typeb,Renault,Food
2026-01-13 00:00:00,0.0,0.0,0.0,1,1,1,80,1.119889326784,1,Typeb,Renault,Food
2026-01-13 01:00:00,0.0,0.0,0.0,1,1,1,80,1.119889326784,1,Typeb,Renault,Food
2026-01-13 02:00:00,0.0,0.0,0.0,1,1,1,80,1.119889326784,1,Typeb,Renault,Food
2026-01-13 03:00:00,0.0,0.0,0.0,1,1,1,80,1.119889326784,1,Typeb,Renault,Food
2026-01-13 04:00:00,0.0,0.0,0.0,1,1,1,80,1.119889326784,1,Typeb,Renault,Food
2026-01-13 05:00:00,0.0,0.0,0.0,1,1,1,80,1.119889326784,1,Typeb,Renault,Food
2026-01-13 06:00:00,5.96762756139993,1.00900846950604,0.16908033538026948,0,0,1,0,1.12425024,1,Typeb,Renault,Food
2026-01-13 07:00:00,5.96762756139993,2.780116134498558,0.4658662267198152,0,0,1,0,1.12425024,1,Typeb,Renault,Food
2026-01-13 08:00:00,5.96762756139993,2.0251006588191816,0.3393476952077281,0,0,1,0,1.12425024,1,Typeb,Renault,Food
2026-01-13 09:00:00,5.96762756139993,1.2336307872732883,0.20672047217770645,0,0,1,0,1.12425024,1,Typeb,Renault,Food
2026-01-13 10:00:00,5.96762756139993,0.6709106718134488,0.11242502400000001,0,0,1,0,1.12425024,1,Typeb,Renault,Food
2026-01-13 11:00:00,5.96762756139993,3.019098023160519,0.505912608,0,0,1,0,1.12425024,1,Typeb,Renault,Food
2026-01-13 12:00:00,0.0,0.0,0.0,1,1,1,80,1.12425024,1,Typeb,Renault,Food
2026-01-13 13:00:00,0.0,0.0,0.0,1,1,1,80,1.12425024,1,Typeb,Renault,Food
2026-01-13 14:00:00,7.104318525476107,2.4807057357318785,0.34918278605274533,0,0,1,0,1.12425024,1,Typeb,Renault,Food
2026-01-13 15:00:00,7.104318525476107,0.7987031807302961,0.11242502400000001,0,0,1,0,1.12425024,1,Typeb,Renault,Food
2026-01-13 16:00:00,7.104318525476107,2.6526511109922075,0.373385723272372,0,0,1,0,1.12425024,1,Typeb,Renault,Food
2026-01-13 17:00:00,7.104318525476107,0.7987031807302961,0.11242502400000001,0,0,1,0,1.12425024,1,Typeb,Renault,Food
2026-01-13 18:00:00,7.104318525476107,0.7987031807302961,0.11242502400000001,0,0,1,0,1.12425024,1,Typeb,Renault,Food
2026-01-13 19:00:00,0.0,0.0,0.0,1,1,1,80,1.12425024,1,Typeb,Renault,Food
2026-01-13 20:00:00,0.0,0.0,0.0,1,1,1,80,1.12425024,1,Typeb,Renault,Food
2026-01-13 21:00:00,0.0,0.0,0.0,1,1,1,80,1.12425024,1,Typeb,Renault,Food
2026-01-13 22:00:00,0.0,0.0,0.0,1,1,1,80,1.12425024,1,Typeb,Renault,Food
2026-01-13 23:00:00,0.0,0.0,0.0,1,1,1,80,1.12425024,1,Typeb,Renault,Food
2026-01-14 00:00:00,0.0,0.0,0.0,1,1,1,80,1.12425024,1,Typeb,Renault,Food
2026-01-14 01:00:00,0.0,0.0,0.0,1,1,1,80,1.12425024,1,Typeb,Renault,Food
2026-01-14 02:00:00,0.0,0.0,0.0,1,1,1,80,1.12425024,1,Typeb,Renault,Food
2026-01-14 03:00:00,0.0,0.0,0.0,1,1,1,80,1.12425024,1,Typeb,Renault,Food
2026-01-14 04:00:00,0.0,0.0,0.0,1,1,1,80,1.12425024,1,Typeb,Renault,Food
2026-01-14 05:00:00,0.0,0.0,0.0,1,1,1,80,1.12425024,1,Typeb,Renault,Food
2026-01-14 06:00:00,0.0,0.0,0.0,1,1,1,80,1.12425024,1,Typeb,Renault,Food
2026-01-14 07:00:00,0.0,0.0,0.0,1,1,1,80,1.12425024,1,Typeb,Renault,Food
2026-01-14 08:00:00,9.674855743636503,1.7663033886129533,0.18256637984237792,0,0,1,0,1.102475,1,Typeb,Renault,Food
2026-01-14 09:00:00,9.674855743636503,4.119060734640434,0.4257490596022258,0,0,1,0,1.102475,1,Typeb,Renault,Food
2026-01-14 10:00:00,9.674855743636503,2.4033282744389894,0.2484097270411235,0,0,1,0,1.102475,1,Typeb,Renault,Food
2026-01-14 11:00:00,9.674855743636503,1.0666286585965654,0.11024750000000001,0,0,1,0,1.102475,1,Typeb,Renault,Food
2026-01-14 12:00:00,9.674855743636503,2.537013970310233,0.26222757605237856,0,0,1,0,1.102475,1,Typeb,Renault,Food
2026-01-14 13:00:00,7.5716262341503064,1.1685828938690777,0.15433710774026563,0,0,1,0,1.102475,1,Typeb,Renault,Food
2026-01-14 14:00:00,7.5716262341503064,1.1679719207487704,0.15425641528379552,0,0,1,0,1.102475,1,Typeb,Renault,Food
2026-01-14 15:00:00,7.5716262341503064,3.2146451552873434,0.4245646913721558,0,0,1,0,1.102475,1,Typeb,Renault,Food
2026-01-14 16:00:00,7.5716262341503064,1.916696207027813,0.2531419470209633,0,0,1,0,1.102475,1,Typeb,Renault,Food
2026-01-14 17:00:00,7.5716262341503064,1.5394762110806577,0.2033217387484287,0,0,1,0,1.102475,1,Typeb,Renault,Food
2026-01-14 18:00:00,7.5716262341503064,1.1462860699959194,0.15139232108761858,0,0,1,0,1.102475,1,Typeb,Renault,Food
2026-01-14 19:00:00,0.0,0.0,0.0,1,1,1,80,1.102475,1,Typeb,Renault,Food
2026-01-14 20:00:00,0.0,0.0,0.0,1,1,1,80,1.102475,1,Typeb,Renault,Food
2026-01-14 21:00:00,0.0,0.0,0.0,1,1,1,80,1.102475,1,Typeb,Renault,Food
2026-01-14 22:00:00,0.0,0.0,0.0,1,1,1,80,1.102475,1,Typeb,Renault,Food
2026-01-14 23:00:00,0.0,0.0,0.0,1,1,1,80,1.102475,1,Typeb,Renault,Food
2026-01-01 00:00:00,0.0,0.0,0.0,1,1,2,80,1.0,2,Typeb,Renault,Food
2026-01-01 01:00:00,0.0,0.0,0.0,1,1,2,80,1.0,2,Typeb,Renault,Food
2026-01-01 02:00:00,0.0,0.0,0.0,1,1,2,80,1.0,2,Typeb,Renault,Food
2026-01-01 03:00:00,0.0,0.0,0.0,1,1,2,80,1.0,2,Typeb,Renault,Food
2026-01-01 04:00:00,0.0,0.0,0.0,1,1,2,80,1.0,2,Typeb,Renault,Food
2026-01-01 05:00:00,0.0,0.0,0.0,1,1,2,80,1.0,2,Typeb,Renault,Food
2026-01-01 06:00:00,0.0,0.0,0.0,1,1,2,80,1.0,2,Typeb,Renault,Food
2026-01-01 07:00:00,6.584583255511025,2.0710139943766266,0.314524688049661,0,0,2,0,1.1329772784640002,2,Typeb,Renault,Food
2026-01-01 08:00:00,6.584583255511025,1.2414267664512473,0.18853535877342337,0,0,2,0,1.1329772784640002,2,Typeb,Renault,Food
2026-01-01 09:00:00,6.584583255511025,2.1558074581656856,0.3274022629087974,0,0,2,0,1.1329772784640002,2,Typeb,Renault,Food
2026-01-01 10:00:00,6.584583255511025,2.4944869472285642,0.378837483016223,0,0,2,0,1.1329772784640002,2,Typeb,Renault,Food
2026-01-01 11:00:00,6.584583255511025,3.3570824474918286,0.5098397753088001,0,0,2,0,1.1329772784640002,2,Typeb,Renault,Food
2026-01-01 12:00:00,6.584583255511025,1.2327910251831324,0.18722384961133828,0,0,2,0,1.1329772784640002,2,Typeb,Renault,Food
2026-01-01 13:00:00,0.0,0.0,0.0,1,1,2,80,1.1329772784640002,2,Typeb,Renault,Food
2026-01-01 14:00:00,6.057816595070143,0.6863368559316627,0.11329772784640002,0,0,2,0,1.1329772784640002,2,Typeb,Renault,Food
2026-01-01 15:00:00,6.057816595070143,0.6863368559316627,0.11329772784640002,0,0,2,0,1.1329772784640002,2,Typeb,Renault,Food
2026-01-01 16:00:00,6.057816595070143,1.4823291473114408,0.24469693396095243,0,0,2,0,1.1329772784640002,2,Typeb,Renault,Food
2026-01-01 17:00:00,6.057816595070143,2.101805036068149,0.3469575222496172,0,0,2,0,1.1329772784640002,2,Typeb,Renault,Food
2026-01-01 18:00:00,6.057816595070143,1.5273862206355044,0.2521347744133576,0,0,2,0,1.1329772784640002,2,Typeb,Renault,Food
2026-01-01 19:00:00,6.057816595070143,0.6863368559316627,0.11329772784640002,0,0,2,0,1.1329772784640002,2,Typeb,Renault,Food
2026-01-01 20:00:00,0.0,0.0,0.0,1,1,2,80,1.1329772784640002,2,Typeb,Renault,Food
2026-01-01 21:00:00,0.0,0.0,0.0,1,1,2,80,1.1329772784640002,2,Typeb,Renault,Food
2026-01-01 22:00:00,0.0,0.0,0.0,1,1,2,80,1.1329772784640002,2,Typeb,Renault,Food
2026-01-01 23:00:00,0.0,0.0,0.0,1,1,2,80,1.1329772784640002,2,Typeb,Renault,Food
2026-01-02 00:00:00,0.0,0.0,0.0,1,1,2,80,1.1329772784640002,2,Typeb,Renault,Food
2026-01-02 01:00:00,0.0,0.0,0.0,1,1,2,80,1.1329772784640002,2,Typeb,Renault,Food
2026-01-02 02:00:00,0.0,0.0,0.0,1,1,2,80,1.1329772784640002,2,Typeb,Renault,Food
2026-01-02 03:00:00,0.0,0.0,0.0,1,1,2,80,1.1329772784640002,2,Typeb,Renault,Food
2026-01-02 04:00:00,0.0,0.0,0.0,1,1,2,80,1.1329772784640002,2,Typeb,Renault,Food
2026-01-02 05:00:00,0.0,0.0,0.0,1,1,2,80,1.1329772784640002,2,Typeb,Renault,Food
2026-01-02 06:00:00,0.0,0.0,0.0,1,1,2,80,1.1329772784640002,2,Typeb,Renault,Food
2026-01-02 07:00:00,0.0,0.0,0.0,1,1,2,80,1.1329772784640002,2,Typeb,Renault,Food
2026-01-02 08:00:00,10.215839178991235,4.613457604687874,0.4515984956160431,0,0,2,0,1.23259004,2,Typeb,Renault,Food
2026-01-02 09:00:00,10.215839178991235,1.2591941622266374,0.123259004,0,0,2,0,1.23259004,2,Typeb,Renault,Food
2026-01-02 10:00:00,10.215839178991235,1.2591941622266374,0.123259004,0,0,2,0,1.23259004,2,Typeb,Renault,Food
2026-01-02 11:00:00,10.215839178991235,3.8536380910421952,0.3772218829528132,0,0,2,0,1.23259004,2,Typeb,Renault,Food
2026-01-02 12:00:00,0.0,0.0,0.0,1,1,2,80,1.23259004,2,Typeb,Renault,Food
2026-01-02 13:00:00,0.0,0.0,0.0,1,1,2,80,1.23259004,2,Typeb,Renault,Food
2026-01-02 14:00:00,8.68346330214255,1.070315037892642,0.123259004,0,0,2,0,1.23259004,2,Typeb,Renault,Food
2026-01-02 15:00:00,8.68346330214255,4.816417670516889,0.5546655180000001,0,0,2,0,1.23259004,2,Typeb,Renault,Food
2026-01-02 16:00:00,8.68346330214255,1.2231045091984878,0.1408544571031584,0,0,2,0,1.23259004,2,Typeb,Renault,Food
2026-01-02 17:00:00,8.68346330214255,2.0392745088165474,0.234845756567357,0,0,2,0,1.23259004,2,Typeb,Renault,Food
2026-01-02 18:00:00,8.68346330214255,2.3451084711259886,0.27006603120524025,0,0,2,0,1.23259004,2,Typeb,Renault,Food
2026-01-02 19:00:00,0.0,0.0,0.0,1,1,2,80,1.23259004,2,Typeb,Renault,Food
2026-01-02 20:00:00,0.0,0.0,0.0,1,1,2,80,1.23259004,2,Typeb,Renault,Food
2026-01-02 21:00:00,0.0,0.0,0.0,1,1,2,80,1.23259004,2,Typeb,Renault,Food
2026-01-02 22:00:00,0.0,0.0,0.0,1,1,2,80,1.23259004,2,Typeb,Renault,Food
2026-01-02 23:00:00,0.0,0.0,0.0,1,1,2,80,1.23259004,2,Typeb,Renault,Food
2026-01-03 00:00:00,0.0,0.0,0.0,1,1,2,80,1.23259004,2,Typeb,Renault,Food
2026-01-03 01:00:00,0.0,0.0,0.0,1,1,2,80,1.23259004,2,Typeb,Renault,Food
2026-01-03 02:00:00,0.0,0.0,0.0,1,1,2,80,1.23259004,2,Typeb,Renault,Food
2026-01-03 03:00:00,0.0,0.0,0.0,1,1,2,80,1.23259004,2,Typeb,Renault,Food
2026-01-03 04:00:00,0.0,0.0,0.0,1,1,2,80,1.23259004,2,Typeb,Renault,Food
2026-01-03 05:00:00,0.0,0.0,0.0,1,1,2,80,1.23259004,2,Typeb,Renault,Food
2026-01-03 06:00:00,0.0,0.0,0.0,1,1,2,80,1.23259004,2,Typeb,Renault,Food
2026-01-03 07:00:00,0.0,0.0,0.0,1,1,2,80,1.23259004,2,Typeb,Renault,Food
2026-01-03 08:00:00,0.0,0.0,0.0,1,1,2,80,1.23259004,2,Typeb,Renault,Food
2026-01-03 09:00:00,11.086496592845279,2.1388744273558684,0.19292608890857377,0,0,2,0,1.209049010004,2,Typeb,Renault,Food
2026-01-03 10:00:00,11.086496592845279,1.3404117729992302,0.1209049010004,0,0,2,0,1.209049010004,2,Typeb,Renault,Food
2026-01-03 11:00:00,11.086496592845279,3.962189440824342,0.35738877540280484,0,0,2,0,1.209049010004,2,Typeb,Renault,Food
2026-01-03 12:00:00,0.0,0.0,0.0,1,1,2,80,1.209049010004,2,Typeb,Renault,Food
2026-01-03 13:00:00,0.0,0.0,0.0,1,1,2,80,1.209049010004,2,Typeb,Renault,Food
2026-01-03 14:00:00,5.5432482964226395,0.6702058864996151,0.1209049010004,0,0,2,0,1.209049010004,2,Typeb,Renault,Food
2026-01-03 15:00:00,5.5432482964226395,1.192504513529794,0.21512738556188837,0,0,2,0,1.209049010004,2,Typeb,Renault,Food
2026-01-03 16:00:00,5.5432482964226395,2.2694314744357476,0.40940462217799906,0,0,2,0,1.209049010004,2,Typeb,Renault,Food
2026-01-03 17:00:00,5.5432482964226395,2.036865440078595,0.3674497931822927,0,0,2,0,1.209049010004,2,Typeb,Renault,Food
2026-01-03 18:00:00,5.5432482964226395,0.859296341439415,0.15501675109772114,0,0,2,0,1.209049010004,2,Typeb,Renault,Food
2026-01-03 19:00:00,5.5432482964226395,1.1700357714144076,0.2110740325612864,0,0,2,0,1.209049010004,2,Typeb,Renault,Food
2026-01-03 20:00:00,0.0,0.0,0.0,1,1,2,80,1.209049010004,2,Typeb,Renault,Food
2026-01-03 21:00:00,0.0,0.0,0.0,1,1,2,80,1.209049010004,2,Typeb,Renault,Food
2026-01-03 22:00:00,0.0,0.0,0.0,1,1,2,80,1.209049010004,2,Typeb,Renault,Food
2026-01-03 23:00:00,0.0,0.0,0.0,1,1,2,80,1.209049010004,2,Typeb,Renault,Food
2026-01-04 00:00:00,0.0,0.0,0.0,1,1,2,80,1.209049010004,2,Typeb,Renault,Food
2026-01-04 01:00:00,0.0,0.0,0.0,1,1,2,80,1.209049010004,2,Typeb,Renault,Food
2026-01-04 02:00:00,0.0,0.0,0.0,1,1,2,80,1.209049010004,2,Typeb,Renault,Food
2026-01-04 03:00:00,0.0,0.0,0.0,1,1,2,80,1.209049010004,2,Typeb,Renault,Food
2026-01-04 04:00:00,0.0,0.0,0.0,1,1,2,80,1.209049010004,2,Typeb,Renault,Food
2026-01-04 05:00:00,0.0,0.0,0.0,1,1,2,80,1.209049010004,2,Typeb,Renault,Food
2026-01-04 06:00:00,0.0,0.0,0.0,1,1,2,80,1.209049010004,2,Typeb,Renault,Food
2026-01-04 07:00:00,0.0,0.0,0.0,1,1,2,80,1.209049010004,2,Typeb,Renault,Food
2026-01-04 08:00:00,0.0,0.0,0.0,1,1,2,80,1.209049010004,2,Typeb,Renault,Food
2026-01-04 09:00:00,10.909090909090908,2.9987671683804447,0.2748869904348741,0,0,2,0,1.3050301525,2,Typeb,Renault,Food
2026-01-04 10:00:00,10.909090909090908,5.55786923913675,0.5094713469208688,0,0,2,0,1.3050301525,2,Typeb,Renault,Food
2026-01-04 11:00:00,10.909090909090908,4.138273387257456,0.3793417271652669,0,0,2,0,1.3050301525,2,Typeb,Renault,Food
2026-01-04 12:00:00,0.0,0.0,0.0,1,1,2,80,1.3050301525,2,Typeb,Renault,Food
2026-01-04 13:00:00,4.8,0.6264144732,0.13050301525000002,0,0,2,0,1.3050301525,2,Typeb,Renault,Food
2026-01-04 14:00:00,4.8,0.6264144732,0.13050301525000002,0,0,2,0,1.3050301525,2,Typeb,Renault,Food
2026-01-04 15:00:00,4.8,0.6264144732,0.13050301525000002,0,0,2,0,1.3050301525,2,Typeb,Renault,Food
2026-01-04 16:00:00,4.8,0.9339973982423253,0.19458279130048448,0,0,2,0,1.3050301525,2,Typeb,Renault,Food
2026-01-04 17:00:00,4.8,1.5526831465591635,0.32347565553315905,0,0,2,0,1.3050301525,2,Typeb,Renault,Food
2026-01-04 18:00:00,4.8,0.6264144732,0.13050301525000002,0,0,2,0,1.3050301525,2,Typeb,Renault,Food
2026-01-04 19:00:00,4.8,2.8188651294000002,0.5872635686250001,0,0,2,0,1.3050301525,2,Typeb,Renault,Food
2026-01-04 20:00:00,0.0,0.0,0.0,1,1,2,80,1.3050301525,2,Typeb,Renault,Food
2026-01-04 21:00:00,0.0,0.0,0.0,1,1,2,80,1.3050301525,2,Typeb,Renault,Food
2026-01-04 22:00:00,0.0,0.0,0.0,1,1,2,80,1.3050301525,2,Typeb,Renault,Food
2026-01-04 23:00:00,0.0,0.0,0.0,1,1,2,80,1.3050301525,2,Typeb,Renault,Food
2026-01-05 00:00:00,0.0,0.0,0.0,1,1,2,80,1.3050301525,2,Typeb,Renault,Food
2026-01-05 01:00:00,0.0,0.0,0.0,1,1,2,80,1.3050301525,2,Typeb,Renault,Food
2026-01-05 02:00:00,0.0,0.0,0.0,1,1,2,80,1.3050301525,2,Typeb,Renault,Food
2026-01-05 03:00:00,0.0,0.0,0.0,1,1,2,80,1.3050301525,2,Typeb,Renault,Food
2026-01-05 04:00:00,0.0,0.0,0.0,1,1,2,80,1.3050301525,2,Typeb,Renault,Food
2026-01-05 05:00:00,0.0,0.0,0.0,1,1,2,80,1.3050301525,2,Typeb,Renault,Food
2026-01-05 06:00:00,0.0,0.0,0.0,1,1,2,80,1.3050301525,2,Typeb,Renault,Food
2026-01-05 07:00:00,10.08565240473553,1.3037055509978266,0.12926338313877406,0,0,2,0,1.226197579604,2,Typeb,Renault,Food
2026-01-05 08:00:00,10.08565240473553,2.8856792138320544,0.286117258262553,0,0,2,0,1.226197579604,2,Typeb,Renault,Food
2026-01-05 09:00:00,10.08565240473553,2.3559862164702836,0.23359780031325234,0,0,2,0,1.226197579604,2,Typeb,Renault,Food
2026-01-05 10:00:00,10.08565240473553,2.771900734595842,0.2748360367143277,0,0,2,0,1.226197579604,2,Typeb,Renault,Food
2026-01-05 11:00:00,10.08565240473553,2.0504126393146285,0.20329995096320147,0,0,2,0,1.226197579604,2,Typeb,Renault,Food
2026-01-05 12:00:00,0.0,0.0,0.0,1,1,2,80,1.226197579604,2,Typeb,Renault,Food
2026-01-05 13:00:00,0.0,0.0,0.0,1,1,2,80,1.226197579604,2,Typeb,Renault,Food
2026-01-05 14:00:00,8.82494585414359,1.0821127246487225,0.12261975796040002,0,0,2,0,1.226197579604,2,Typeb,Renault,Food
2026-01-05 15:00:00,8.82494585414359,3.2981296039640515,0.3737280271714615,0,0,2,0,1.226197579604,2,Typeb,Renault,Food
2026-01-05 16:00:00,8.82494585414359,2.4438024120719817,0.27691981939181415,0,0,2,0,1.226197579604,2,Typeb,Renault,Food
2026-01-05 17:00:00,8.82494585414359,3.4899366625864103,0.3954626714165929,0,0,2,0,1.226197579604,2,Typeb,Renault,Food
2026-01-05 18:00:00,8.82494585414359,1.928864574597818,0.21856956478573242,0,0,2,0,1.226197579604,2,Typeb,Renault,Food
2026-01-05 19:00:00,8.82494585414359,1.0821127246487225,0.12261975796040002,0,0,2,0,1.226197579604,2,Typeb,Renault,Food
2026-01-05 20:00:00,0.0,0.0,0.0,1,1,2,80,1.226197579604,2,Typeb,Renault,Food
2026-01-05 21:00:00,0.0,0.0,0.0,1,1,2,80,1.226197579604,2,Typeb,Renault,Food
2026-01-05 22:00:00,0.0,0.0,0.0,1,1,2,80,1.226197579604,2,Typeb,Renault,Food
2026-01-05 23:00:00,0.0,0.0,0.0,1,1,2,80,1.226197579604,2,Typeb,Renault,Food
2026-01-06 00:00:00,0.0,0.0,0.0,1,1,2,80,1.226197579604,2,Typeb,Renault,Food
2026-01-06 01:00:00,0.0,0.0,0.0,1,1,2,80,1.226197579604,2,Typeb,Renault,Food
2026-01-06 02:00:00,0.0,0.0,0.0,1,1,2,80,1.226197579604,2,Typeb,Renault,Food
2026-01-06 03:00:00,0.0,0.0,0.0,1,1,2,80,1.226197579604,2,Typeb,Renault,Food
2026-01-06 04:00:00,0.0,0.0,0.0,1,1,2,80,1.226197579604,2,Typeb,Renault,Food
2026-01-06 05:00:00,0.0,0.0,0.0,1,1,2,80,1.226197579604,2,Typeb,Renault,Food
2026-01-06 06:00:00,7.287728781808659,0.9697271612829858,0.13306301459840003,0,0,2,0,1.3306301459840002,2,Typeb,Renault,Food
2026-01-06 07:00:00,7.287728781808659,2.490126177905301,0.34168754799452133,0,0,2,0,1.3306301459840002,2,Typeb,Renault,Food
2026-01-06 08:00:00,7.287728781808659,2.708538739900596,0.37165745611465995,0,0,2,0,1.3306301459840002,2,Typeb,Renault,Food
2026-01-06 09:00:00,7.287728781808659,2.674520895517668,0.3669896308701418,0,0,2,0,1.3306301459840002,2,Typeb,Renault,Food
2026-01-06 10:00:00,7.287728781808659,0.9888744068004736,0.1356903414502558,0,0,2,0,1.3306301459840002,2,Typeb,Renault,Food
2026-01-06 11:00:00,7.287728781808659,1.8941022823349085,0.25990296003645086,0,0,2,0,1.3306301459840002,2,Typeb,Renault,Food
2026-01-06 12:00:00,0.0,0.0,0.0,1,1,2,80,1.3306301459840002,2,Typeb,Renault,Food
2026-01-06 13:00:00,8.238302101175007,4.11153753760217,0.4990758395489955,0,0,2,0,1.3306301459840002,2,Typeb,Renault,Food
2026-01-06 14:00:00,8.238302101175007,2.8818604825119545,0.34981243065860895,0,0,2,0,1.3306301459840002,2,Typeb,Renault,Food
2026-01-06 15:00:00,8.238302101175007,2.3779848757863804,0.28864987549403104,0,0,2,0,1.3306301459840002,2,Typeb,Renault,Food
2026-01-06 16:00:00,8.238302101175007,4.932959907396058,0.5987835656928001,0,0,2,0,1.3306301459840002,2,Typeb,Renault,Food
2026-01-06 17:00:00,8.238302101175007,1.2604623063043905,0.15300025306484138,0,0,2,0,1.3306301459840002,2,Typeb,Renault,Food
2026-01-06 18:00:00,8.238302101175007,1.0962133127546796,0.13306301459840003,0,0,2,0,1.3306301459840002,2,Typeb,Renault,Food
2026-01-06 19:00:00,0.0,0.0,0.0,1,1,2,80,1.3306301459840002,2,Typeb,Renault,Food
2026-01-06 20:00:00,0.0,0.0,0.0,1,1,2,80,1.3306301459840002,2,Typeb,Renault,Food
2026-01-06 21:00:00,0.0,0.0,0.0,1,1,2,80,1.3306301459840002,2,Typeb,Renault,Food
2026-01-06 22:00:00,0.0,0.0,0.0,1,1,2,80,1.3306301459840002,2,Typeb,Renault,Food
2026-01-06 23:00:00,0.0,0.0,0.0,1,1,2,80,1.3306301459840002,2,Typeb,Renault,Food
2026-01-07 00:00:00,0.0,0.0,0.0,1,1,2,80,1.3306301459840002,2,Typeb,Renault,Food
2026-01-07 01:00:00,0.0,0.0,0.0,1,1,2,80,1.3306301459840002,2,Typeb,Renault,Food
2026-01-07 02:00:00,0.0,0.0,0.0,1,1,2,80,1.3306301459840002,2,Typeb,Renault,Food
2026-01-07 03:00:00,0.0,0.0,0.0,1,1,2,80,1.3306301459840002,2,Typeb,Renault,Food
2026-01-07 04:00:00,0.0,0.0,0.0,1,1,2,80,1.3306301459840002,2,Typeb,Renault,Food
2026-01-07 05:00:00,0.0,0.0,0.0,1,1,2,80,1.3306301459840002,2,Typeb,Renault,Food
2026-01-07 06:00:00,0.0,0.0,0.0,1,1,2,80,1.3306301459840002,2,Typeb,Renault,Food
2026-01-07 07:00:00,7.578615753218081,4.374682714448938,0.5772403374048001,0,0,2,0,1.282756305344,2,Typeb,Renault,Food
2026-01-07 08:00:00,7.578615753218081,2.9236254545291547,0.3857730157763581,0,0,2,0,1.282756305344,2,Typeb,Renault,Food
2026-01-07 09:00:00,7.578615753218081,2.8254650097139042,0.3728207236940515,0,0,2,0,1.282756305344,2,Typeb,Renault,Food
2026-01-07 10:00:00,7.578615753218081,2.0536926963830635,0.270985198782642,0,0,2,0,1.282756305344,2,Typeb,Renault,Food
2026-01-07 11:00:00,7.578615753218081,2.3101711968260616,0.30482759280216865,0,0,2,0,1.282756305344,2,Typeb,Renault,Food
2026-01-07 12:00:00,0.0,0.0,0.0,1,1,2,80,1.282756305344,2,Typeb,Renault,Food
2026-01-07 13:00:00,7.234133218980896,1.2942789102697012,0.1789127834795434,0,0,2,0,1.282756305344,2,Typeb,Renault,Food
2026-01-07 14:00:00,7.234133218980896,1.2615008319672876,0.1743817529731642,0,0,2,0,1.282756305344,2,Typeb,Renault,Food
2026-01-07 15:00:00,7.234133218980896,1.603245860987792,0.22162238549619193,0,0,2,0,1.282756305344,2,Typeb,Renault,Food
2026-01-07 16:00:00,7.234133218980896,0.9279630000346233,0.12827563053440003,0,0,2,0,1.282756305344,2,Typeb,Renault,Food
2026-01-07 17:00:00,7.234133218980896,0.9279630000346233,0.12827563053440003,0,0,2,0,1.282756305344,2,Typeb,Renault,Food
2026-01-07 18:00:00,0.0,0.0,0.0,1,1,2,80,1.282756305344,2,Typeb,Renault,Food
2026-01-07 19:00:00,0.0,0.0,0.0,1,1,2,80,1.282756305344,2,Typeb,Renault,Food
2026-01-07 20:00:00,0.0,0.0,0.0,1,1,2,80,1.282756305344,2,Typeb,Renault,Food
2026-01-07 21:00:00,0.0,0.0,0.0,1,1,2,80,1.282756305344,2,Typeb,Renault,Food
2026-01-07 22:00:00,0.0,0.0,0.0,1,1,2,80,1.282756305344,2,Typeb,Renault,Food
2026-01-07 23:00:00,0.0,0.0,0.0,1,1,2,80,1.282756305344,2,Typeb,Renault,Food
2026-01-08 00:00:00,0.0,0.0,0.0,1,1,2,80,1.282756305344,2,Typeb,Renault,Food
2026-01-08 01:00:00,0.0,0.0,0.0,1,1,2,80,1.282756305344,2,Typeb,Renault,Food
2026-01-08 02:00:00,0.0,0.0,0.0,1,1,2,80,1.282756305344,2,Typeb,Renault,Food
2026-01-08 03:00:00,0.0,0.0,0.0,1,1,2,80,1.282756305344,2,Typeb,Renault,Food
2026-01-08 04:00:00,0.0,0.0,0.0,1,1,2,80,1.282756305344,2,Typeb,Renault,Food
2026-01-08 05:00:00,0.0,0.0,0.0,1,1,2,80,1.282756305344,2,Typeb,Renault,Food
2026-01-08 06:00:00,0.0,0.0,0.0,1,1,2,80,1.282756305344,2,Typeb,Renault,Food
2026-01-08 07:00:00,0.0,0.0,0.0,1,1,2,80,1.282756305344,2,Typeb,Renault,Food
2026-01-08 08:00:00,6.666666666666667,2.9155131632763744,0.43732697449145613,0,0,2,0,1.176585222144,2,Typeb,Renault,Food
2026-01-08 09:00:00,6.666666666666667,1.7394325128445618,0.26091487692668425,0,0,2,0,1.176585222144,2,Typeb,Renault,Food
2026-01-08 10:00:00,6.666666666666667,1.3528218229999702,0.20292327344999553,0,0,2,0,1.176585222144,2,Typeb,Renault,Food
2026-01-08 11:00:00,6.666666666666667,3.067111437570424,0.4600667156355636,0,0,2,0,1.176585222144,2,Typeb,Renault,Food
2026-01-08 12:00:00,0.0,0.0,0.0,1,1,2,80,1.176585222144,2,Typeb,Renault,Food
2026-01-08 13:00:00,0.0,0.0,0.0,1,1,2,80,1.176585222144,2,Typeb,Renault,Food
2026-01-08 14:00:00,5.0,2.245705285370822,0.4491410570741644,0,0,2,0,1.176585222144,2,Typeb,Renault,Food
2026-01-08 15:00:00,5.0,1.1721714799474547,0.23443429598949098,0,0,2,0,1.176585222144,2,Typeb,Renault,Food
2026-01-08 16:00:00,5.0,0.588292611072,0.11765852221440001,0,0,2,0,1.176585222144,2,Typeb,Renault,Food
2026-01-08 17:00:00,5.0,1.368089345683076,0.2736178691366152,0,0,2,0,1.176585222144,2,Typeb,Renault,Food
2026-01-08 18:00:00,5.0,0.6538728148819698,0.13077456297639395,0,0,2,0,1.176585222144,2,Typeb,Renault,Food
2026-01-08 19:00:00,5.0,1.3900381927301286,0.2780076385460257,0,0,2,0,1.176585222144,2,Typeb,Renault,Food
2026-01-08 20:00:00,0.0,0.0,0.0,1,1,2,80,1.176585222144,2,Typeb,Renault,Food
2026-01-08 21:00:00,0.0,0.0,0.0,1,1,2,80,1.176585222144,2,Typeb,Renault,Food
2026-01-08 22:00:00,0.0,0.0,0.0,1,1,2,80,1.176585222144,2,Typeb,Renault,Food
2026-01-08 23:00:00,0.0,0.0,0.0,1,1,2,80,1.176585222144,2,Typeb,Renault,Food
2026-01-09 00:00:00,0.0,0.0,0.0,1,1,2,80,1.176585222144,2,Typeb,Renault,Food
2026-01-09 01:00:00,0.0,0.0,0.0,1,1,2,80,1.176585222144,2,Typeb,Renault,Food
2026-01-09 02:00:00,0.0,0.0,0.0,1,1,2,80,1.176585222144,2,Typeb,Renault,Food
2026-01-09 03:00:00,0.0,0.0,0.0,1,1,2,80,1.176585222144,2,Typeb,Renault,Food
2026-01-09 04:00:00,0.0,0.0,0.0,1,1,2,80,1.176585222144,2,Typeb,Renault,Food
2026-01-09 05:00:00,0.0,0.0,0.0,1,1,2,80,1.176585222144,2,Typeb,Renault,Food
2026-01-09 06:00:00,0.0,0.0,0.0,1,1,2,80,1.176585222144,2,Typeb,Renault,Food
2026-01-09 07:00:00,6.463016439945606,0.750570359065331,0.1161331347428304,0,0,2,0,1.137342385344,2,Typeb,Renault,Food
2026-01-09 08:00:00,6.463016439945606,2.1973887497024505,0.3399942998939585,0,0,2,0,1.137342385344,2,Typeb,Renault,Food
2026-01-09 09:00:00,6.463016439945606,0.8712144541571802,0.1347999749424299,0,0,2,0,1.137342385344,2,Typeb,Renault,Food
2026-01-09 10:00:00,6.463016439945606,3.013683221071259,0.4662966973818533,0,0,2,0,1.137342385344,2,Typeb,Renault,Food
2026-01-09 11:00:00,6.463016439945606,1.7119862573926614,0.2648896646481484,0,0,2,0,1.137342385344,2,Typeb,Renault,Food
2026-01-09 12:00:00,0.0,0.0,0.0,1,1,2,80,1.137342385344,2,Typeb,Renault,Food
2026-01-09 13:00:00,0.0,0.0,0.0,1,1,2,80,1.137342385344,2,Typeb,Renault,Food
2026-01-09 14:00:00,5.901015010385118,1.5072181191818004,0.25541675737636105,0,0,2,0,1.137342385344,2,Typeb,Renault,Food
2026-01-09 15:00:00,5.901015010385118,2.0389317984189512,0.34552221860657234,0,0,2,0,1.137342385344,2,Typeb,Renault,Food
2026-01-09 16:00:00,5.901015010385118,1.948846045288832,0.3302560732109788,0,0,2,0,1.137342385344,2,Typeb,Renault,Food
2026-01-09 17:00:00,5.901015010385118,2.0042735246162846,0.3396489453236418,0,0,2,0,1.137342385344,2,Typeb,Renault,Food
2026-01-09 18:00:00,5.901015010385118,1.0816489341558801,0.1832987938943217,0,0,2,0,1.137342385344,2,Typeb,Renault,Food
2026-01-09 19:00:00,0.0,0.0,0.0,1,1,2,80,1.137342385344,2,Typeb,Renault,Food
2026-01-09 20:00:00,0.0,0.0,0.0,1,1,2,80,1.137342385344,2,Typeb,Renault,Food
2026-01-09 21:00:00,0.0,0.0,0.0,1,1,2,80,1.137342385344,2,Typeb,Renault,Food
2026-01-09 22:00:00,0.0,0.0,0.0,1,1,2,80,1.137342385344,2,Typeb,Renault,Food
2026-01-09 23:00:00,0.0,0.0,0.0,1,1,2,80,1.137342385344,2,Typeb,Renault,Food
2026-01-10 00:00:00,0.0,0.0,0.0,1,1,2,80,1.137342385344,2,Typeb,Renault,Food
2026-01-10 01:00:00,0.0,0.0,0.0,1,1,2,80,1.137342385344,2,Typeb,Renault,Food
2026-01-10 02:00:00,0.0,0.0,0.0,1,1,2,80,1.137342385344,2,Typeb,Renault,Food
2026-01-10 03:00:00,0.0,0.0,0.0,1,1,2,80,1.137342385344,2,Typeb,Renault,Food
2026-01-10 04:00:00,0.0,0.0,0.0,1,1,2,80,1.137342385344,2,Typeb,Renault,Food
2026-01-10 05:00:00,0.0,0.0,0.0,1,1,2,80,1.137342385344,2,Typeb,Renault,Food
2026-01-10 06:00:00,0.0,0.0,0.0,1,1,2,80,1.137342385344,2,Typeb,Renault,Food
2026-01-10 07:00:00,0.0,0.0,0.0,1,1,2,80,1.137342385344,2,Typeb,Renault,Food
2026-01-10 08:00:00,0.0,0.0,0.0,1,1,2,80,1.137342385344,2,Typeb,Renault,Food
2026-01-10 09:00:00,0.0,0.0,0.0,1,1,2,80,1.137342385344,2,Typeb,Renault,Food
2026-01-10 10:00:00,17.142857142857142,2.0393314971428573,0.11896100400000001,0,0,2,0,1.18961004,2,Typeb,Renault,Food
2026-01-10 11:00:00,17.142857142857142,3.2624663315093447,0.1903105360047118,0,0,2,0,1.18961004,2,Typeb,Renault,Food
2026-01-10 12:00:00,0.0,0.0,0.0,1,1,2,80,1.18961004,2,Typeb,Renault,Food
2026-01-10 13:00:00,4.285714285714286,1.6879236453120559,0.39384885057281305,0,0,2,0,1.18961004,2,Typeb,Renault,Food
2026-01-10 14:00:00,4.285714285714286,0.5098328742857143,0.11896100400000001,0,0,2,0,1.18961004,2,Typeb,Renault,Food
2026-01-10 15:00:00,4.285714285714286,0.5829509339252531,0.13602188458255907,0,0,2,0,1.18961004,2,Typeb,Renault,Food
2026-01-10 16:00:00,4.285714285714286,0.5098328742857143,0.11896100400000001,0,0,2,0,1.18961004,2,Typeb,Renault,Food
2026-01-10 17:00:00,4.285714285714286,0.5098328742857143,0.11896100400000001,0,0,2,0,1.18961004,2,Typeb,Renault,Food
2026-01-10 18:00:00,4.285714285714286,0.9865687335376375,0.23019937115878208,0,0,2,0,1.18961004,2,Typeb,Renault,Food
2026-01-10 19:00:00,4.285714285714286,1.4393917684350135,0.33585807930150313,0,0,2,0,1.18961004,2,Typeb,Renault,Food
2026-01-10 20:00:00,0.0,0.0,0.0,1,1,2,80,1.18961004,2,Typeb,Renault,Food
2026-01-10 21:00:00,0.0,0.0,0.0,1,1,2,80,1.18961004,2,Typeb,Renault,Food
2026-01-10 22:00:00,0.0,0.0,0.0,1,1,2,80,1.18961004,2,Typeb,Renault,Food
2026-01-10 23:00:00,0.0,0.0,0.0,1,1,2,80,1.18961004,2,Typeb,Renault,Food
2026-01-11 00:00:00,0.0,0.0,0.0,1,1,2,80,1.18961004,2,Typeb,Renault,Food
2026-01-11 01:00:00,0.0,0.0,0.0,1,1,2,80,1.18961004,2,Typeb,Renault,Food
2026-01-11 02:00:00,0.0,0.0,0.0,1,1,2,80,1.18961004,2,Typeb,Renault,Food
2026-01-11 03:00:00,0.0,0.0,0.0,1,1,2,80,1.18961004,2,Typeb,Renault,Food
2026-01-11 04:00:00,0.0,0.0,0.0,1,1,2,80,1.18961004,2,Typeb,Renault,Food
2026-01-11 05:00:00,0.0,0.0,0.0,1,1,2,80,1.18961004,2,Typeb,Renault,Food
2026-01-11 06:00:00,0.0,0.0,0.0,1,1,2,80,1.18961004,2,Typeb,Renault,Food
2026-01-11 07:00:00,0.0,0.0,0.0,1,1,2,80,1.18961004,2,Typeb,Renault,Food
2026-01-11 08:00:00,0.0,0.0,0.0,1,1,2,80,1.18961004,2,Typeb,Renault,Food
2026-01-11 09:00:00,0.0,0.0,0.0,1,1,2,80,1.18961004,2,Typeb,Renault,Food
2026-01-11 10:00:00,14.167833220748879,6.697122974962532,0.47269916794013034,0,0,2,0,1.122069513044,2,Typeb,Renault,Food
2026-01-11 11:00:00,14.167833220748879,1.8090484111046699,0.12768702051456304,0,0,2,0,1.122069513044,2,Typeb,Renault,Food
2026-01-11 12:00:00,0.0,0.0,0.0,1,1,2,80,1.122069513044,2,Typeb,Renault,Food
2026-01-11 13:00:00,0.0,0.0,0.0,1,1,2,80,1.122069513044,2,Typeb,Renault,Food
2026-01-11 14:00:00,6.43992419124949,1.8228986334231991,0.28306212608839976,0,0,2,0,1.122069513044,2,Typeb,Renault,Food
2026-01-11 15:00:00,6.43992419124949,0.722604260131559,0.1122069513044,0,0,2,0,1.122069513044,2,Typeb,Renault,Food
2026-01-11 16:00:00,6.43992419124949,0.722604260131559,0.1122069513044,0,0,2,0,1.122069513044,2,Typeb,Renault,Food
2026-01-11 17:00:00,6.43992419124949,1.798408212795693,0.2792592209764447,0,0,2,0,1.122069513044,2,Typeb,Renault,Food
2026-01-11 18:00:00,6.43992419124949,0.9501037069707079,0.14753336821288984,0,0,2,0,1.122069513044,2,Typeb,Renault,Food
2026-01-11 19:00:00,0.0,0.0,0.0,1,1,2,80,1.122069513044,2,Typeb,Renault,Food
2026-01-11 20:00:00,0.0,0.0,0.0,1,1,2,80,1.122069513044,2,Typeb,Renault,Food
2026-01-11 21:00:00,0.0,0.0,0.0,1,1,2,80,1.122069513044,2,Typeb,Renault,Food
2026-01-11 22:00:00,0.0,0.0,0.0,1,1,2,80,1.122069513044,2,Typeb,Renault,Food
2026-01-11 23:00:00,0.0,0.0,0.0,1,1,2,80,1.122069513044,2,Typeb,Renault,Food
2026-01-12 00:00:00,0.0,0.0,0.0,1,1,2,80,1.122069513044,2,Typeb,Renault,Food
2026-01-12 01:00:00,0.0,0.0,0.0,1,1,2,80,1.122069513044,2,Typeb,Renault,Food
2026-01-12 02:00:00,0.0,0.0,0.0,1,1,2,80,1.122069513044,2,Typeb,Renault,Food
2026-01-12 03:00:00,0.0,0.0,0.0,1,1,2,80,1.122069513044,2,Typeb,Renault,Food
2026-01-12 04:00:00,0.0,0.0,0.0,1,1,2,80,1.122069513044,2,Typeb,Renault,Food
2026-01-12 05:00:00,0.0,0.0,0.0,1,1,2,80,1.122069513044,2,Typeb,Renault,Food
2026-01-12 06:00:00,4.634316820533834,0.8968790940328081,0.1935299481595424,0,0,2,0,1.119889326784,2,Typeb,Renault,Food
2026-01-12 07:00:00,4.634316820533834,0.6385193286216819,0.1377806812414111,0,0,2,0,1.119889326784,2,Typeb,Renault,Food
2026-01-12 08:00:00,4.634316820533834,1.1519509734010387,0.24856974997845396,0,0,2,0,1.119889326784,2,Typeb,Renault,Food
2026-01-12 09:00:00,4.634316820533834,0.5189921944251403,0.1119889326784,0,0,2,0,1.119889326784,2,Typeb,Renault,Food
2026-01-12 10:00:00,4.634316820533834,0.8730671158173473,0.18839176293449386,0,0,2,0,1.119889326784,2,Typeb,Renault,Food
2026-01-12 11:00:00,4.634316820533834,0.5189921944251403,0.1119889326784,0,0,2,0,1.119889326784,2,Typeb,Renault,Food
2026-01-12 12:00:00,0.0,0.0,0.0,1,1,2,80,1.119889326784,2,Typeb,Renault,Food
2026-01-12 13:00:00,5.020509888911653,1.3490259509283422,0.2687029765458313,0,0,2,0,1.119889326784,2,Typeb,Renault,Food
2026-01-12 14:00:00,5.020509888911653,0.5622415439605687,0.1119889326784,0,0,2,0,1.119889326784,2,Typeb,Renault,Food
2026-01-12 15:00:00,5.020509888911653,0.5622415439605687,0.1119889326784,0,0,2,0,1.119889326784,2,Typeb,Renault,Food
2026-01-12 16:00:00,5.020509888911653,0.8673302326401724,0.1727573995134969,0,0,2,0,1.119889326784,2,Typeb,Renault,Food
2026-01-12 17:00:00,5.020509888911653,1.6788815625480804,0.3344045923016853,0,0,2,0,1.119889326784,2,Typeb,Renault,Food
2026-01-12 18:00:00,5.020509888911653,2.182091225342132,0.4346353803946327,0,0,2,0,1.119889326784,2,Typeb,Renault,Food
2026-01-12 19:00:00,0.0,0.0,0.0,1,1,2,80,1.119889326784,2,Typeb,Renault,Food
2026-01-12 20:00:00,0.0,0.0,0.0,1,1,2,80,1.119889326784,2,Typeb,Renault,Food
2026-01-12 21:00:00,0.0,0.0,0.0,1,1,2,80,1.119889326784,2,Typeb,Renault,Food
2026-01-12 22:00:00,0.0,0.0,0.0,1,1,2,80,1.119889326784,2,Typeb,Renault,Food
2026-01-12 23:00:00,0.0,0.0,0.0,1,1,2,80,1.119889326784,2,Typeb,Renault,Food
2026-01-13 00:00:00,0.0,0.0,0.0,1,1,2,80,1.119889326784,2,Typeb,Renault,Food
2026-01-13 01:00:00,0.0,0.0,0.0,1,1,2,80,1.119889326784,2,Typeb,Renault,Food
2026-01-13 02:00:00,0.0,0.0,0.0,1,1,2,80,1.119889326784,2,Typeb,Renault,Food
2026-01-13 03:00:00,0.0,0.0,0.0,1,1,2,80,1.119889326784,2,Typeb,Renault,Food
2026-01-13 04:00:00,0.0,0.0,0.0,1,1,2,80,1.119889326784,2,Typeb,Renault,Food
2026-01-13 05:00:00,0.0,0.0,0.0,1,1,2,80,1.119889326784,2,Typeb,Renault,Food
2026-01-13 06:00:00,0.0,0.0,0.0,1,1,2,80,1.119889326784,2,Typeb,Renault,Food
2026-01-13 07:00:00,10.31814376929704,1.9976580325265036,0.1936063382321529,0,0,2,0,1.12425024,2,Typeb,Renault,Food
2026-01-13 08:00:00,10.31814376929704,3.4588597905000213,0.3352211277373652,0,0,2,0,1.12425024,2,Typeb,Renault,Food
2026-01-13 09:00:00,10.31814376929704,1.1600175608986703,0.11242502400000001,0,0,2,0,1.12425024,2,Typeb,Renault,Food
2026-01-13 10:00:00,10.31814376929704,1.9994365299040011,0.1937787042523657,0,0,2,0,1.12425024,2,Typeb,Renault,Food
2026-01-13 11:00:00,10.31814376929704,3.0964854264848434,0.30010101581437865,0,0,2,0,1.12425024,2,Typeb,Renault,Food
2026-01-13 12:00:00,0.0,0.0,0.0,1,1,2,80,1.12425024,2,Typeb,Renault,Food
2026-01-13 13:00:00,8.407376404612402,0.9451994940655831,0.11242502400000001,0,0,2,0,1.12425024,2,Typeb,Renault,Food
2026-01-13 14:00:00,8.407376404612402,1.8228735384258012,0.2168183569639808,0,0,2,0,1.12425024,2,Typeb,Renault,Food
2026-01-13 15:00:00,8.407376404612402,1.2632154351062335,0.15025084810205672,0,0,2,0,1.12425024,2,Typeb,Renault,Food
2026-01-13 16:00:00,8.407376404612402,2.793540137148644,0.3322725191197661,0,0,2,0,1.12425024,2,Typeb,Renault,Food
2026-01-13 17:00:00,8.407376404612402,4.253397723295124,0.505912608,0,0,2,0,1.12425024,2,Typeb,Renault,Food
2026-01-13 18:00:00,8.407376404612402,2.088444597993452,0.24840622061927697,0,0,2,0,1.12425024,2,Typeb,Renault,Food
2026-01-13 19:00:00,8.407376404612402,0.9451994940655831,0.11242502400000001,0,0,2,0,1.12425024,2,Typeb,Renault,Food
2026-01-13 20:00:00,0.0,0.0,0.0,1,1,2,80,1.12425024,2,Typeb,Renault,Food
2026-01-13 21:00:00,0.0,0.0,0.0,1,1,2,80,1.12425024,2,Typeb,Renault,Food
2026-01-13 22:00:00,0.0,0.0,0.0,1,1,2,80,1.12425024,2,Typeb,Renault,Food
2026-01-13 23:00:00,0.0,0.0,0.0,1,1,2,80,1.12425024,2,Typeb,Renault,Food
2026-01-14 00:00:00,0.0,0.0,0.0,1,1,2,80,1.12425024,2,Typeb,Renault,Food
2026-01-14 01:00:00,0.0,0.0,0.0,1,1,2,80,1.12425024,2,Typeb,Renault,Food
2026-01-14 02:00:00,0.0,0.0,0.0,1,1,2,80,1.12425024,2,Typeb,Renault,Food
2026-01-14 03:00:00,0.0,0.0,0.0,1,1,2,80,1.12425024,2,Typeb,Renault,Food
2026-01-14 04:00:00,0.0,0.0,0.0,1,1,2,80,1.12425024,2,Typeb,Renault,Food
2026-01-14 05:00:00,0.0,0.0,0.0,1,1,2,80,1.12425024,2,Typeb,Renault,Food
2026-01-14 06:00:00,5.7699279093084685,1.084494557139239,0.18795634437471104,0,0,2,0,1.102475,2,Typeb,Renault,Food
2026-01-14 07:00:00,5.7699279093084685,1.1418924634463252,0.19790411273668443,0,0,2,0,1.102475,2,Typeb,Renault,Food
2026-01-14 08:00:00,5.7699279093084685,0.6361201271814855,0.11024750000000001,0,0,2,0,1.102475,2,Typeb,Renault,Food
2026-01-14 09:00:00,5.7699279093084685,2.5626848757696172,0.444145042373113,0,0,2,0,1.102475,2,Typeb,Renault,Food
2026-01-14 10:00:00,5.7699279093084685,1.588109020012678,0.2752389709151521,0,0,2,0,1.102475,2,Typeb,Renault,Food
2026-01-14 11:00:00,5.7699279093084685,1.4338239907445098,0.24849946364691322,0,0,2,0,1.102475,2,Typeb,Renault,Food
2026-01-14 12:00:00,5.7699279093084685,1.999131096033054,0.34647418953153813,0,0,2,0,1.102475,2,Typeb,Renault,Food
2026-01-14 13:00:00,0.0,0.0,0.0,1,1,2,80,1.102475,2,Typeb,Renault,Food
2026-01-14 14:00:00,8.503051655823006,2.1661568172684187,0.2547505183959461,0,0,2,0,1.102475,2,Typeb,Renault,Food
2026-01-14 15:00:00,8.503051655823006,1.7880107466204709,0.21027871157245254,0,0,2,0,1.102475,2,Typeb,Renault,Food
2026-01-14 16:00:00,8.503051655823006,2.077694293597092,0.24434689776043625,0,0,2,0,1.102475,2,Typeb,Renault,Food
2026-01-14 17:00:00,8.503051655823006,2.1259762461601475,0.25002508889902486,0,0,2,0,1.102475,2,Typeb,Renault,Food
2026-01-14 18:00:00,8.503051655823006,2.4129641939980395,0.2837762595909445,0,0,2,0,1.102475,2,Typeb,Renault,Food
2026-01-14 19:00:00,0.0,0.0,0.0,1,1,2,80,1.102475,2,Typeb,Renault,Food
2026-01-14 20:00:00,0.0,0.0,0.0,1,1,2,80,1.102475,2,Typeb,Renault,Food
2026-01-14 21:00:00,0.0,0.0,0.0,1,1,2,80,1.102475,2,Typeb,Renault,Food
2026-01-14 22:00:00,0.0,0.0,0.0,1,1,2,80,1.102475,2,Typeb,Renault,Food
2026-01-14 23:00:00,0.0,0.0,0.0,1,1,2,80,1.102475,2,Typeb,Renault,Food
2026-01-01 00:00:00,0.0,0.0,0.0,1,1,3,80,1.0,3,Typeb,Renault,Food
2026-01-01 01:00:00,0.0,0.0,0.0,1,1,3,80,1.0,3,Typeb,Renault,Food
2026-01-01 02:00:00,0.0,0.0,0.0,1,1,3,80,1.0,3,Typeb,Renault,Food
2026-01-01 03:00:00,0.0,0.0,0.0,1,1,3,80,1.0,3,Typeb,Renault,Food
2026-01-01 04:00:00,0.0,0.0,0.0,1,1,3,80,1.0,3,Typeb,Renault,Food
2026-01-01 05:00:00,6.504488519015648,1.7969071457165238,0.2762564866496924,0,0,3,0,1.1329772784640002,3,Typeb,Renault,Food
2026-01-01 06:00:00,6.504488519015648,2.6550845383672224,0.4081926704313758,0,0,3,0,1.1329772784640002,3,Typeb,Renault,Food
2026-01-01 07:00:00,6.504488519015648,2.6209835351421473,0.40294998253587383,0,0,3,0,1.1329772784640002,3,Typeb,Renault,Food
2026-01-01 08:00:00,6.504488519015648,1.8417618732286585,0.28315245200976696,0,0,3,0,1.1329772784640002,3,Typeb,Renault,Food
2026-01-01 09:00:00,6.504488519015648,0.7369437700074684,0.11329772784640002,0,0,3,0,1.1329772784640002,3,Typeb,Renault,Food
2026-01-01 10:00:00,6.504488519015648,0.7369437700074684,0.11329772784640002,0,0,3,0,1.1329772784640002,3,Typeb,Renault,Food
2026-01-01 11:00:00,6.504488519015648,2.1998538342392617,0.33820550652185255,0,0,3,0,1.1329772784640002,3,Typeb,Renault,Food
2026-01-01 12:00:00,0.0,0.0,0.0,1,1,3,80,1.1329772784640002,3,Typeb,Renault,Food
2026-01-01 13:00:00,8.278439933292644,3.118789864181463,0.3767364248955787,0,0,3,0,1.1329772784640002,3,Typeb,Renault,Food
2026-01-01 14:00:00,8.278439933292644,2.6922321975286505,0.3252100902129575,0,0,3,0,1.1329772784640002,3,Typeb,Renault,Food
2026-01-01 15:00:00,8.278439933292644,1.0988450411755768,0.13273576302178053,0,0,3,0,1.1329772784640002,3,Typeb,Renault,Food
2026-01-01 16:00:00,8.278439933292644,2.395270937756968,0.28933844505220435,0,0,3,0,1.1329772784640002,3,Typeb,Renault,Food
2026-01-01 17:00:00,8.278439933292644,4.054109209329984,0.4897189859439511,0,0,3,0,1.1329772784640002,3,Typeb,Renault,Food
2026-01-01 18:00:00,8.278439933292644,1.7006876794878827,0.2054357696851049,0,0,3,0,1.1329772784640002,3,Typeb,Renault,Food
2026-01-01 19:00:00,0.0,0.0,0.0,1,1,3,80,1.1329772784640002,3,Typeb,Renault,Food
2026-01-01 20:00:00,0.0,0.0,0.0,1,1,3,80,1.1329772784640002,3,Typeb,Renault,Food
2026-01-01 21:00:00,0.0,0.0,0.0,1,1,3,80,1.1329772784640002,3,Typeb,Renault,Food
2026-01-01 22:00:00,0.0,0.0,0.0,1,1,3,80,1.1329772784640002,3,Typeb,Renault,Food
2026-01-01 23:00:00,0.0,0.0,0.0,1,1,3,80,1.1329772784640002,3,Typeb,Renault,Food
2026-01-02 00:00:00,0.0,0.0,0.0,1,1,3,80,1.1329772784640002,3,Typeb,Renault,Food
2026-01-02 01:00:00,0.0,0.0,0.0,1,1,3,80,1.1329772784640002,3,Typeb,Renault,Food
2026-01-02 02:00:00,0.0,0.0,0.0,1,1,3,80,1.1329772784640002,3,Typeb,Renault,Food
2026-01-02 03:00:00,0.0,0.0,0.0,1,1,3,80,1.1329772784640002,3,Typeb,Renault,Food
2026-01-02 04:00:00,0.0,0.0,0.0,1,1,3,80,1.1329772784640002,3,Typeb,Renault,Food
2026-01-02 05:00:00,0.0,0.0,0.0,1,1,3,80,1.1329772784640002,3,Typeb,Renault,Food
2026-01-02 06:00:00,6.132577099588058,2.184523397429379,0.35621621415507676,0,0,3,0,1.23259004,3,Typeb,Renault,Food
2026-01-02 07:00:00,6.132577099588058,0.7699806402436138,0.12555580268127986,0,0,3,0,1.23259004,3,Typeb,Renault,Food
2026-01-02 08:00:00,6.132577099588058,2.851614941925964,0.46499455214635865,0,0,3,0,1.23259004,3,Typeb,Renault,Food
2026-01-02 09:00:00,6.132577099588058,1.6328030316896778,0.266250714043099,0,0,3,0,1.23259004,3,Typeb,Renault,Food
2026-01-02 10:00:00,6.132577099588058,0.755895345248433,0.123259004,0,0,3,0,1.23259004,3,Typeb,Renault,Food
2026-01-02 11:00:00,6.132577099588058,0.755895345248433,0.123259004,0,0,3,0,1.23259004,3,Typeb,Renault,Food
2026-01-02 12:00:00,6.132577099588058,2.1268506526001922,0.3468118896936589,0,0,3,0,1.23259004,3,Typeb,Renault,Food
2026-01-02 13:00:00,0.0,0.0,0.0,1,1,3,80,1.23259004,3,Typeb,Renault,Food
2026-01-02 14:00:00,6.899149237036565,2.2755458905129866,0.3298299271883002,0,0,3,0,1.23259004,3,Typeb,Renault,Food
2026-01-02 15:00:00,6.899149237036565,3.0006468339140415,0.43492997916405823,0,0,3,0,1.23259004,3,Typeb,Renault,Food
2026-01-02 16:00:00,6.899149237036565,0.8503822634044871,0.123259004,0,0,3,0,1.23259004,3,Typeb,Renault,Food
2026-01-02 17:00:00,6.899149237036565,0.8503822634044871,0.123259004,0,0,3,0,1.23259004,3,Typeb,Renault,Food
2026-01-02 18:00:00,6.899149237036565,2.3703721793962282,0.34357456230565453,0,0,3,0,1.23259004,3,Typeb,Renault,Food
2026-01-02 19:00:00,6.899149237036565,1.9053396988052922,0.276170239741575,0,0,3,0,1.23259004,3,Typeb,Renault,Food
2026-01-02 20:00:00,0.0,0.0,0.0,1,1,3,80,1.23259004,3,Typeb,Renault,Food
2026-01-02 21:00:00,0.0,0.0,0.0,1,1,3,80,1.23259004,3,Typeb,Renault,Food
2026-01-02 22:00:00,0.0,0.0,0.0,1,1,3,80,1.23259004,3,Typeb,Renault,Food
2026-01-02 23:00:00,0.0,0.0,0.0,1,1,3,80,1.23259004,3,Typeb,Renault,Food
2026-01-03 00:00:00,0.0,0.0,0.0,1,1,3,80,1.23259004,3,Typeb,Renault,Food
2026-01-03 01:00:00,0.0,0.0,0.0,1,1,3,80,1.23259004,3,Typeb,Renault,Food
2026-01-03 02:00:00,0.0,0.0,0.0,1,1,3,80,1.23259004,3,Typeb,Renault,Food
2026-01-03 03:00:00,0.0,0.0,0.0,1,1,3,80,1.23259004,3,Typeb,Renault,Food
2026-01-03 04:00:00,0.0,0.0,0.0,1,1,3,80,1.23259004,3,Typeb,Renault,Food
2026-01-03 05:00:00,0.0,0.0,0.0,1,1,3,80,1.23259004,3,Typeb,Renault,Food
2026-01-03 06:00:00,0.0,0.0,0.0,1,1,3,80,1.23259004,3,Typeb,Renault,Food
2026-01-03 07:00:00,0.0,0.0,0.0,1,1,3,80,1.23259004,3,Typeb,Renault,Food
2026-01-03 08:00:00,0.0,0.0,0.0,1,1,3,80,1.23259004,3,Typeb,Renault,Food
2026-01-03 09:00:00,0.0,0.0,0.0,1,1,3,80,1.23259004,3,Typeb,Renault,Food
2026-01-03 10:00:00,10.0,1.209049010004,0.1209049010004,0,0,3,0,1.209049010004,3,Typeb,Renault,Food
2026-01-03 11:00:00,10.0,2.2740006068416028,0.22740006068416024,0,0,3,0,1.209049010004,3,Typeb,Renault,Food
2026-01-03 12:00:00,10.0,1.209049010004,0.1209049010004,0,0,3,0,1.209049010004,3,Typeb,Renault,Food
2026-01-03 13:00:00,5.0,0.604524505002,0.1209049010004,0,0,3,0,1.209049010004,3,Typeb,Renault,Food
2026-01-03 14:00:00,5.0,1.269080025299498,0.25381600505989965,0,0,3,0,1.209049010004,3,Typeb,Renault,Food
2026-01-03 15:00:00,5.0,2.7203602725089997,0.5440720545018,0,0,3,0,1.209049010004,3,Typeb,Renault,Food
2026-01-03 16:00:00,5.0,0.604524505002,0.1209049010004,0,0,3,0,1.209049010004,3,Typeb,Renault,Food
2026-01-03 17:00:00,5.0,1.4450118589139367,0.28900237178278737,0,0,3,0,1.209049010004,3,Typeb,Renault,Food
2026-01-03 18:00:00,5.0,0.7264366336909387,0.14528732673818773,0,0,3,0,1.209049010004,3,Typeb,Renault,Food
2026-01-03 19:00:00,0.0,0.0,0.0,1,1,3,80,1.209049010004,3,Typeb,Renault,Food
2026-01-03 20:00:00,0.0,0.0,0.0,1,1,3,80,1.209049010004,3,Typeb,Renault,Food
2026-01-03 21:00:00,0.0,0.0,0.0,1,1,3,80,1.209049010004,3,Typeb,Renault,Food
2026-01-03 22:00:00,0.0,0.0,0.0,1,1,3,80,1.209049010004,3,Typeb,Renault,Food
2026-01-03 23:00:00,0.0,0.0,0.0,1,1,3,80,1.209049010004,3,Typeb,Renault,Food
2026-01-04 00:00:00,0.0,0.0,0.0,1,1,3,80,1.209049010004,3,Typeb,Renault,Food
2026-01-04 01:00:00,0.0,0.0,0.0,1,1,3,80,1.209049010004,3,Typeb,Renault,Food
2026-01-04 02:00:00,0.0,0.0,0.0,1,1,3,80,1.209049010004,3,Typeb,Renault,Food
2026-01-04 03:00:00,0.0,0.0,0.0,1,1,3,80,1.209049010004,3,Typeb,Renault,Food
2026-01-04 04:00:00,0.0,0.0,0.0,1,1,3,80,1.209049010004,3,Typeb,Renault,Food
2026-01-04 05:00:00,0.0,0.0,0.0,1,1,3,80,1.209049010004,3,Typeb,Renault,Food
2026-01-04 06:00:00,0.0,0.0,0.0,1,1,3,80,1.209049010004,3,Typeb,Renault,Food
2026-01-04 07:00:00,0.0,0.0,0.0,1,1,3,80,1.209049010004,3,Typeb,Renault,Food
2026-01-04 08:00:00,0.0,0.0,0.0,1,1,3,80,1.209049010004,3,Typeb,Renault,Food
2026-01-04 09:00:00,9.898200702581017,5.157226500313699,0.5210266648734371,0,0,3,0,1.3050301525,3,Typeb,Renault,Food
2026-01-04 10:00:00,9.898200702581017,1.2917450372364914,0.13050301525000002,0,0,3,0,1.3050301525,3,Typeb,Renault,Food
2026-01-04 11:00:00,9.898200702581017,3.3906339694508056,0.3425505373483362,0,0,3,0,1.3050301525,3,Typeb,Renault,Food
2026-01-04 12:00:00,0.0,0.0,0.0,1,1,3,80,1.3050301525,3,Typeb,Renault,Food
2026-01-04 13:00:00,4.778441718487387,1.645267589704523,0.3443104858513021,0,0,3,0,1.3050301525,3,Typeb,Renault,Food
2026-01-04 14:00:00,4.778441718487387,0.6236010524589958,0.13050301525000002,0,0,3,0,1.3050301525,3,Typeb,Renault,Food
2026-01-04 15:00:00,4.778441718487387,0.6236010524589958,0.13050301525000002,0,0,3,0,1.3050301525,3,Typeb,Renault,Food
2026-01-04 16:00:00,4.778441718487387,0.6236010524589958,0.13050301525000002,0,0,3,0,1.3050301525,3,Typeb,Renault,Food
2026-01-04 17:00:00,4.778441718487387,0.6672439886678463,0.13963631409091706,0,0,3,0,1.3050301525,3,Typeb,Renault,Food
2026-01-04 18:00:00,4.778441718487387,2.0803271532735725,0.4353568120805916,0,0,3,0,1.3050301525,3,Typeb,Renault,Food
2026-01-04 19:00:00,4.778441718487387,1.4922126287843656,0.31228017765940747,0,0,3,0,1.3050301525,3,Typeb,Renault,Food
2026-01-04 20:00:00,0.0,0.0,0.0,1,1,3,80,1.3050301525,3,Typeb,Renault,Food
2026-01-04 21:00:00,0.0,0.0,0.0,1,1,3,80,1.3050301525,3,Typeb,Renault,Food
2026-01-04 22:00:00,0.0,0.0,0.0,1,1,3,80,1.3050301525,3,Typeb,Renault,Food
2026-01-04 23:00:00,0.0,0.0,0.0,1,1,3,80,1.3050301525,3,Typeb,Renault,Food
2026-01-05 00:00:00,0.0,0.0,0.0,1,1,3,80,1.3050301525,3,Typeb,Renault,Food
2026-01-05 01:00:00,0.0,0.0,0.0,1,1,3,80,1.3050301525,3,Typeb,Renault,Food
2026-01-05 02:00:00,0.0,0.0,0.0,1,1,3,80,1.3050301525,3,Typeb,Renault,Food
2026-01-05 03:00:00,0.0,0.0,0.0,1,1,3,80,1.3050301525,3,Typeb,Renault,Food
2026-01-05 04:00:00,0.0,0.0,0.0,1,1,3,80,1.3050301525,3,Typeb,Renault,Food
2026-01-05 05:00:00,0.0,0.0,0.0,1,1,3,80,1.3050301525,3,Typeb,Renault,Food
2026-01-05 06:00:00,6.048097028046989,0.7416161937001364,0.12261975796040002,0,0,3,0,1.226197579604,3,Typeb,Renault,Food
2026-01-05 07:00:00,6.048097028046989,1.6851658942670003,0.27862745694262825,0,0,3,0,1.226197579604,3,Typeb,Renault,Food
2026-01-05 08:00:00,6.048097028046989,2.974519003183297,0.4918107281330784,0,0,3,0,1.226197579604,3,Typeb,Renault,Food
2026-01-05 09:00:00,6.048097028046989,1.856429573904786,0.3069444100013474,0,0,3,0,1.226197579604,3,Typeb,Renault,Food
2026-01-05 10:00:00,6.048097028046989,0.9833163081021836,0.16258276008837602,0,0,3,0,1.226197579604,3,Typeb,Renault,Food
2026-01-05 11:00:00,6.048097028046989,2.1993195032202144,0.36363826390702,0,0,3,0,1.226197579604,3,Typeb,Renault,Food
2026-01-05 12:00:00,0.0,0.0,0.0,1,1,3,80,1.226197579604,3,Typeb,Renault,Food
2026-01-05 13:00:00,7.639701509111986,0.9367783499370145,0.12261975796040002,0,0,3,0,1.226197579604,3,Typeb,Renault,Food
2026-01-05 14:00:00,7.639701509111986,1.9432517340336437,0.25436225901180803,0,0,3,0,1.226197579604,3,Typeb,Renault,Food
2026-01-05 15:00:00,7.639701509111986,0.9367783499370145,0.12261975796040002,0,0,3,0,1.226197579604,3,Typeb,Renault,Food
2026-01-05 16:00:00,7.639701509111986,0.9367783499370145,0.12261975796040002,0,0,3,0,1.226197579604,3,Typeb,Renault,Food
2026-01-05 17:00:00,7.639701509111986,3.983754923645752,0.5214542634806174,0,0,3,0,1.226197579604,3,Typeb,Renault,Food
2026-01-05 18:00:00,0.0,0.0,0.0,1,1,3,80,1.226197579604,3,Typeb,Renault,Food
2026-01-05 19:00:00,0.0,0.0,0.0,1,1,3,80,1.226197579604,3,Typeb,Renault,Food
2026-01-05 20:00:00,0.0,0.0,0.0,1,1,3,80,1.226197579604,3,Typeb,Renault,Food
2026-01-05 21:00:00,0.0,0.0,0.0,1,1,3,80,1.226197579604,3,Typeb,Renault,Food
2026-01-05 22:00:00,0.0,0.0,0.0,1,1,3,80,1.226197579604,3,Typeb,Renault,Food
2026-01-05 23:00:00,0.0,0.0,0.0,1,1,3,80,1.226197579604,3,Typeb,Renault,Food
2026-01-06 00:00:00,0.0,0.0,0.0,1,1,3,80,1.226197579604,3,Typeb,Renault,Food
2026-01-06 01:00:00,0.0,0.0,0.0,1,1,3,80,1.226197579604,3,Typeb,Renault,Food
2026-01-06 02:00:00,0.0,0.0,0.0,1,1,3,80,1.226197579604,3,Typeb,Renault,Food
2026-01-06 03:00:00,0.0,0.0,0.0,1,1,3,80,1.226197579604,3,Typeb,Renault,Food
2026-01-06 04:00:00,0.0,0.0,0.0,1,1,3,80,1.226197579604,3,Typeb,Renault,Food
2026-01-06 05:00:00,0.0,0.0,0.0,1,1,3,80,1.226197579604,3,Typeb,Renault,Food
2026-01-06 06:00:00,6.121693424259519,1.6368363472305383,0.2673829337392097,0,0,3,0,1.3306301459840002,3,Typeb,Renault,Food
2026-01-06 07:00:00,6.121693424259519,2.0778791777455656,0.3394288203834556,0,0,3,0,1.3306301459840002,3,Typeb,Renault,Food
2026-01-06 08:00:00,6.121693424259519,0.8145709814791737,0.13306301459840003,0,0,3,0,1.3306301459840002,3,Typeb,Renault,Food
2026-01-06 09:00:00,6.121693424259519,3.166235382101585,0.5172156072949003,0,0,3,0,1.3306301459840002,3,Typeb,Renault,Food
2026-01-06 10:00:00,6.121693424259519,0.8145709814791737,0.13306301459840003,0,0,3,0,1.3306301459840002,3,Typeb,Renault,Food
2026-01-06 11:00:00,6.121693424259519,2.135221385459882,0.3487958702731277,0,0,3,0,1.3306301459840002,3,Typeb,Renault,Food
2026-01-06 12:00:00,0.0,0.0,0.0,1,1,3,80,1.3306301459840002,3,Typeb,Renault,Food
2026-01-06 13:00:00,5.5095240818335665,1.4265216675631838,0.25891921813479724,0,0,3,0,1.3306301459840002,3,Typeb,Renault,Food
2026-01-06 14:00:00,5.5095240818335665,2.438650614673282,0.4426245494986022,0,0,3,0,1.3306301459840002,3,Typeb,Renault,Food
2026-01-06 15:00:00,5.5095240818335665,0.7331138833312564,0.13306301459840003,0,0,3,0,1.3306301459840002,3,Typeb,Renault,Food
2026-01-06 16:00:00,5.5095240818335665,0.7331138833312564,0.13306301459840003,0,0,3,0,1.3306301459840002,3,Typeb,Renault,Food
2026-01-06 17:00:00,5.5095240818335665,0.8580639362937155,0.15574193406704417,0,0,3,0,1.3306301459840002,3,Typeb,Renault,Food
2026-01-06 18:00:00,5.5095240818335665,0.7331138833312564,0.13306301459840003,0,0,3,0,1.3306301459840002,3,Typeb,Renault,Food
2026-01-06 19:00:00,5.5095240818335665,0.7331138833312564,0.13306301459840003,0,0,3,0,1.3306301459840002,3,Typeb,Renault,Food
2026-01-06 20:00:00,5.5095240818335665,1.2360854325411845,0.22435430250988503,0,0,3,0,1.3306301459840002,3,Typeb,Renault,Food
2026-01-06 21:00:00,0.0,0.0,0.0,1,1,3,80,1.3306301459840002,3,Typeb,Renault,Food
2026-01-06 22:00:00,0.0,0.0,0.0,1,1,3,80,1.3306301459840002,3,Typeb,Renault,Food
2026-01-06 23:00:00,0.0,0.0,0.0,1,1,3,80,1.3306301459840002,3,Typeb,Renault,Food
2026-01-07 00:00:00,0.0,0.0,0.0,1,1,3,80,1.3306301459840002,3,Typeb,Renault,Food
2026-01-07 01:00:00,0.0,0.0,0.0,1,1,3,80,1.3306301459840002,3,Typeb,Renault,Food
2026-01-07 02:00:00,0.0,0.0,0.0,1,1,3,80,1.3306301459840002,3,Typeb,Renault,Food
2026-01-07 03:00:00,0.0,0.0,0.0,1,1,3,80,1.3306301459840002,3,Typeb,Renault,Food
2026-01-07 04:00:00,0.0,0.0,0.0,1,1,3,80,1.3306301459840002,3,Typeb,Renault,Food
2026-01-07 05:00:00,0.0,0.0,0.0,1,1,3,80,1.3306301459840002,3,Typeb,Renault,Food
2026-01-07 06:00:00,0.0,0.0,0.0,1,1,3,80,1.3306301459840002,3,Typeb,Renault,Food
2026-01-07 07:00:00,0.0,0.0,0.0,1,1,3,80,1.3306301459840002,3,Typeb,Renault,Food
2026-01-07 08:00:00,9.401254311884017,2.1313587828739586,0.22671004444372203,0,0,3,0,1.282756305344,3,Typeb,Renault,Food
2026-01-07 09:00:00,9.401254311884017,2.769451340753308,0.29458317463580114,0,0,3,0,1.282756305344,3,Typeb,Renault,Food
2026-01-07 10:00:00,9.401254311884017,3.2500811986161855,0.3457071887213811,0,0,3,0,1.282756305344,3,Typeb,Renault,Food
2026-01-07 11:00:00,9.401254311884017,4.509246184143768,0.47964303852983553,0,0,3,0,1.282756305344,3,Typeb,Renault,Food
2026-01-07 12:00:00,0.0,0.0,0.0,1,1,3,80,1.282756305344,3,Typeb,Renault,Food
2026-01-07 13:00:00,5.919308270445493,2.3482623101799467,0.39671228510003154,0,0,3,0,1.282756305344,3,Typeb,Renault,Food
2026-01-07 14:00:00,5.919308270445493,1.1621672186094756,0.19633497116750262,0,0,3,0,1.282756305344,3,Typeb,Renault,Food
2026-01-07 15:00:00,5.919308270445493,2.7970065029890763,0.47252252715984505,0,0,3,0,1.282756305344,3,Typeb,Renault,Food
2026-01-07 16:00:00,5.919308270445493,1.7832984977251762,0.30126805637560816,0,0,3,0,1.282756305344,3,Typeb,Renault,Food
2026-01-07 17:00:00,5.919308270445493,2.3674534344831364,0.39995440789992165,0,0,3,0,1.282756305344,3,Typeb,Renault,Food
2026-01-07 18:00:00,5.919308270445493,3.4168635032349797,0.5772403374048001,0,0,3,0,1.282756305344,3,Typeb,Renault,Food
2026-01-07 19:00:00,5.919308270445493,1.634958120068338,0.2762076319342107,0,0,3,0,1.282756305344,3,Typeb,Renault,Food
2026-01-07 20:00:00,0.0,0.0,0.0,1,1,3,80,1.282756305344,3,Typeb,Renault,Food
2026-01-07 21:00:00,0.0,0.0,0.0,1,1,3,80,1.282756305344,3,Typeb,Renault,Food
2026-01-07 22:00:00,0.0,0.0,0.0,1,1,3,80,1.282756305344,3,Typeb,Renault,Food
2026-01-07 23:00:00,0.0,0.0,0.0,1,1,3,80,1.282756305344,3,Typeb,Renault,Food
2026-01-08 00:00:00,0.0,0.0,0.0,1,1,3,80,1.282756305344,3,Typeb,Renault,Food
2026-01-08 01:00:00,0.0,0.0,0.0,1,1,3,80,1.282756305344,3,Typeb,Renault,Food
2026-01-08 02:00:00,0.0,0.0,0.0,1,1,3,80,1.282756305344,3,Typeb,Renault,Food
2026-01-08 03:00:00,0.0,0.0,0.0,1,1,3,80,1.282756305344,3,Typeb,Renault,Food
2026-01-08 04:00:00,7.076644701592093,1.7164177037985262,0.24254682496810517,0,0,3,0,1.176585222144,3,Typeb,Renault,Food
2026-01-08 05:00:00,7.076644701592093,0.8326275578256894,0.11765852221440001,0,0,3,0,1.176585222144,3,Typeb,Renault,Food
2026-01-08 06:00:00,7.076644701592093,2.5607416818744335,0.3618581672326041,0,0,3,0,1.176585222144,3,Typeb,Renault,Food
2026-01-08 07:00:00,7.076644701592093,0.8326275578256894,0.11765852221440001,0,0,3,0,1.176585222144,3,Typeb,Renault,Food
2026-01-08 08:00:00,7.076644701592093,2.014379360105313,0.28465175871442594,0,0,3,0,1.176585222144,3,Typeb,Renault,Food
2026-01-08 09:00:00,7.076644701592093,0.9956017249803857,0.1406883865112511,0,0,3,0,1.176585222144,3,Typeb,Renault,Food
2026-01-08 10:00:00,7.076644701592093,1.1846404928451684,0.16740143709329505,0,0,3,0,1.176585222144,3,Typeb,Renault,Food
2026-01-08 11:00:00,7.076644701592093,0.8326275578256894,0.11765852221440001,0,0,3,0,1.176585222144,3,Typeb,Renault,Food
2026-01-08 12:00:00,0.0,0.0,0.0,1,1,3,80,1.176585222144,3,Typeb,Renault,Food
2026-01-08 13:00:00,8.087593944676678,0.951574351800788,0.11765852221440001,0,0,3,0,1.176585222144,3,Typeb,Renault,Food
2026-01-08 14:00:00,8.087593944676678,3.4542644953704587,0.4271065682821631,0,0,3,0,1.176585222144,3,Typeb,Renault,Food
2026-01-08 15:00:00,8.087593944676678,0.951574351800788,0.11765852221440001,0,0,3,0,1.176585222144,3,Typeb,Renault,Food
2026-01-08 16:00:00,8.087593944676678,0.951574351800788,0.11765852221440001,0,0,3,0,1.176585222144,3,Typeb,Renault,Food
2026-01-08 17:00:00,8.087593944676678,2.2451086786286503,0.2775990849672169,0,0,3,0,1.176585222144,3,Typeb,Renault,Food
2026-01-08 18:00:00,8.087593944676678,0.951574351800788,0.11765852221440001,0,0,3,0,1.176585222144,3,Typeb,Renault,Food
2026-01-08 19:00:00,8.087593944676678,1.6030605666903586,0.19821229622259987,0,0,3,0,1.176585222144,3,Typeb,Renault,Food
2026-01-08 20:00:00,0.0,0.0,0.0,1,1,3,80,1.176585222144,3,Typeb,Renault,Food
2026-01-08 21:00:00,0.0,0.0,0.0,1,1,3,80,1.176585222144,3,Typeb,Renault,Food
2026-01-08 22:00:00,0.0,0.0,0.0,1,1,3,80,1.176585222144,3,Typeb,Renault,Food
2026-01-08 23:00:00,0.0,0.0,0.0,1,1,3,80,1.176585222144,3,Typeb,Renault,Food
2026-01-09 00:00:00,0.0,0.0,0.0,1,1,3,80,1.176585222144,3,Typeb,Renault,Food
2026-01-09 01:00:00,0.0,0.0,0.0,1,1,3,80,1.176585222144,3,Typeb,Renault,Food
2026-01-09 02:00:00,0.0,0.0,0.0,1,1,3,80,1.176585222144,3,Typeb,Renault,Food
2026-01-09 03:00:00,0.0,0.0,0.0,1,1,3,80,1.176585222144,3,Typeb,Renault,Food
2026-01-09 04:00:00,0.0,0.0,0.0,1,1,3,80,1.176585222144,3,Typeb,Renault,Food
2026-01-09 05:00:00,0.0,0.0,0.0,1,1,3,80,1.176585222144,3,Typeb,Renault,Food
2026-01-09 06:00:00,0.0,0.0,0.0,1,1,3,80,1.176585222144,3,Typeb,Renault,Food
2026-01-09 07:00:00,0.0,0.0,0.0,1,1,3,80,1.176585222144,3,Typeb,Renault,Food
2026-01-09 08:00:00,8.77289392768298,1.2713187531403207,0.14491441064033136,0,0,3,0,1.137342385344,3,Typeb,Renault,Food
2026-01-09 09:00:00,8.77289392768298,3.274325091512118,0.37323203933652305,0,0,3,0,1.137342385344,3,Typeb,Renault,Food
2026-01-09 10:00:00,8.77289392768298,1.8157184453445956,0.20696915525389778,0,0,3,0,1.137342385344,3,Typeb,Renault,Food
2026-01-09 11:00:00,8.77289392768298,4.1693526365048035,0.47525396646463014,0,0,3,0,1.137342385344,3,Typeb,Renault,Food
2026-01-09 12:00:00,0.0,0.0,0.0,1,1,3,80,1.137342385344,3,Typeb,Renault,Food
2026-01-09 13:00:00,4.7852148696452605,0.5442427694225919,0.1137342385344,0,0,3,0,1.137342385344,3,Typeb,Renault,Food
2026-01-09 14:00:00,4.7852148696452605,1.3484253509252548,0.281789927444829,0,0,3,0,1.137342385344,3,Typeb,Renault,Food
2026-01-09 15:00:00,4.7852148696452605,1.126625326950749,0.23543881678071196,0,0,3,0,1.137342385344,3,Typeb,Renault,Food
2026-01-09 16:00:00,4.7852148696452605,0.5442427694225919,0.1137342385344,0,0,3,0,1.137342385344,3,Typeb,Renault,Food
2026-01-09 17:00:00,4.7852148696452605,0.5442427694225919,0.1137342385344,0,0,3,0,1.137342385344,3,Typeb,Renault,Food
2026-01-09 18:00:00,4.7852148696452605,0.8863815777104472,0.18523339115515136,0,0,3,0,1.137342385344,3,Typeb,Renault,Food
2026-01-09 19:00:00,4.7852148696452605,1.4192653467491996,0.2965938595050828,0,0,3,0,1.137342385344,3,Typeb,Renault,Food
2026-01-09 20:00:00,4.7852148696452605,0.5442427694225919,0.1137342385344,0,0,3,0,1.137342385344,3,Typeb,Renault,Food
2026-01-09 21:00:00,0.0,0.0,0.0,1,1,3,80,1.137342385344,3,Typeb,Renault,Food
2026-01-09 22:00:00,0.0,0.0,0.0,1,1,3,80,1.137342385344,3,Typeb,Renault,Food
2026-01-09 23:00:00,0.0,0.0,0.0,1,1,3,80,1.137342385344,3,Typeb,Renault,Food
2026-01-10 00:00:00,0.0,0.0,0.0,1,1,3,80,1.137342385344,3,Typeb,Renault,Food
2026-01-10 01:00:00,0.0,0.0,0.0,1,1,3,80,1.137342385344,3,Typeb,Renault,Food
2026-01-10 02:00:00,0.0,0.0,0.0,1,1,3,80,1.137342385344,3,Typeb,Renault,Food
2026-01-10 03:00:00,0.0,0.0,0.0,1,1,3,80,1.137342385344,3,Typeb,Renault,Food
2026-01-10 04:00:00,0.0,0.0,0.0,1,1,3,80,1.137342385344,3,Typeb,Renault,Food
2026-01-10 05:00:00,0.0,0.0,0.0,1,1,3,80,1.137342385344,3,Typeb,Renault,Food
2026-01-10 06:00:00,0.0,0.0,0.0,1,1,3,80,1.137342385344,3,Typeb,Renault,Food
2026-01-10 07:00:00,0.0,0.0,0.0,1,1,3,80,1.137342385344,3,Typeb,Renault,Food
2026-01-10 08:00:00,0.0,0.0,0.0,1,1,3,80,1.137342385344,3,Typeb,Renault,Food
2026-01-10 09:00:00,0.0,0.0,0.0,1,1,3,80,1.137342385344,3,Typeb,Renault,Food
2026-01-10 10:00:00,12.492871754746501,1.6765757774233312,0.1342025925133137,0,0,3,0,1.18961004,3,Typeb,Renault,Food
2026-01-10 11:00:00,12.492871754746501,2.7449277989339045,0.2197195210853746,0,0,3,0,1.18961004,3,Typeb,Renault,Food
2026-01-10 12:00:00,0.0,0.0,0.0,1,1,3,80,1.18961004,3,Typeb,Renault,Food
2026-01-10 13:00:00,0.0,0.0,0.0,1,1,3,80,1.18961004,3,Typeb,Renault,Food
2026-01-10 14:00:00,5.431683371628914,0.7845681470004753,0.14444290900652962,0,0,3,0,1.18961004,3,Typeb,Renault,Food
2026-01-10 15:00:00,5.431683371628914,1.843650488296226,0.3394252503608898,0,0,3,0,1.18961004,3,Typeb,Renault,Food
2026-01-10 16:00:00,5.431683371628914,0.6461585072990808,0.11896100400000001,0,0,3,0,1.18961004,3,Typeb,Renault,Food
2026-01-10 17:00:00,5.431683371628914,0.973199024695778,0.17917079441321046,0,0,3,0,1.18961004,3,Typeb,Renault,Food
2026-01-10 18:00:00,5.431683371628914,1.9932736802442148,0.366971626265183,0,0,3,0,1.18961004,3,Typeb,Renault,Food
2026-01-10 19:00:00,0.0,0.0,0.0,1,1,3,80,1.18961004,3,Typeb,Renault,Food
2026-01-10 20:00:00,0.0,0.0,0.0,1,1,3,80,1.18961004,3,Typeb,Renault,Food
2026-01-10 21:00:00,0.0,0.0,0.0,1,1,3,80,1.18961004,3,Typeb,Renault,Food
2026-01-10 22:00:00,0.0,0.0,0.0,1,1,3,80,1.18961004,3,Typeb,Renault,Food
2026-01-10 23:00:00,0.0,0.0,0.0,1,1,3,80,1.18961004,3,Typeb,Renault,Food
2026-01-11 00:00:00,0.0,0.0,0.0,1,1,3,80,1.18961004,3,Typeb,Renault,Food
2026-01-11 01:00:00,0.0,0.0,0.0,1,1,3,80,1.18961004,3,Typeb,Renault,Food
2026-01-11 02:00:00,0.0,0.0,0.0,1,1,3,80,1.18961004,3,Typeb,Renault,Food
2026-01-11 03:00:00,0.0,0.0,0.0,1,1,3,80,1.18961004,3,Typeb,Renault,Food
2026-01-11 04:00:00,0.0,0.0,0.0,1,1,3,80,1.18961004,3,Typeb,Renault,Food
2026-01-11 05:00:00,0.0,0.0,0.0,1,1,3,80,1.18961004,3,Typeb,Renault,Food
2026-01-11 06:00:00,0.0,0.0,0.0,1,1,3,80,1.18961004,3,Typeb,Renault,Food
2026-01-11 07:00:00,0.0,0.0,0.0,1,1,3,80,1.18961004,3,Typeb,Renault,Food
2026-01-11 08:00:00,0.0,0.0,0.0,1,1,3,80,1.18961004,3,Typeb,Renault,Food
2026-01-11 09:00:00,0.0,0.0,0.0,1,1,3,80,1.18961004,3,Typeb,Renault,Food
2026-01-11 10:00:00,13.333333333333334,4.705786556436654,0.352933991732749,0,0,3,0,1.122069513044,3,Typeb,Renault,Food
2026-01-11 11:00:00,13.333333333333334,1.4960926840586668,0.1122069513044,0,0,3,0,1.122069513044,3,Typeb,Renault,Food
2026-01-11 12:00:00,0.0,0.0,0.0,1,1,3,80,1.122069513044,3,Typeb,Renault,Food
2026-01-11 13:00:00,4.444444444444445,0.4986975613528889,0.1122069513044,0,0,3,0,1.122069513044,3,Typeb,Renault,Food
2026-01-11 14:00:00,4.444444444444445,0.7887678556708789,0.17747276752594773,0,0,3,0,1.122069513044,3,Typeb,Renault,Food
2026-01-11 15:00:00,4.444444444444445,0.8902711730755883,0.20031101394200737,0,0,3,0,1.122069513044,3,Typeb,Renault,Food
2026-01-11 16:00:00,4.444444444444445,1.3642249205264,0.30695060711844,0,0,3,0,1.122069513044,3,Typeb,Renault,Food
2026-01-11 17:00:00,4.444444444444445,0.6891181692092202,0.15505158807207453,0,0,3,0,1.122069513044,3,Typeb,Renault,Food
2026-01-11 18:00:00,4.444444444444445,0.4986975613528889,0.1122069513044,0,0,3,0,1.122069513044,3,Typeb,Renault,Food
2026-01-11 19:00:00,4.444444444444445,0.5952178305212458,0.1339240118672803,0,0,3,0,1.122069513044,3,Typeb,Renault,Food
2026-01-11 20:00:00,0.0,0.0,0.0,1,1,3,80,1.122069513044,3,Typeb,Renault,Food
2026-01-11 21:00:00,0.0,0.0,0.0,1,1,3,80,1.122069513044,3,Typeb,Renault,Food
2026-01-11 22:00:00,0.0,0.0,0.0,1,1,3,80,1.122069513044,3,Typeb,Renault,Food
2026-01-11 23:00:00,0.0,0.0,0.0,1,1,3,80,1.122069513044,3,Typeb,Renault,Food
2026-01-12 00:00:00,0.0,0.0,0.0,1,1,3,80,1.122069513044,3,Typeb,Renault,Food
2026-01-12 01:00:00,0.0,0.0,0.0,1,1,3,80,1.122069513044,3,Typeb,Renault,Food
2026-01-12 02:00:00,0.0,0.0,0.0,1,1,3,80,1.122069513044,3,Typeb,Renault,Food
2026-01-12 03:00:00,0.0,0.0,0.0,1,1,3,80,1.122069513044,3,Typeb,Renault,Food
2026-01-12 04:00:00,0.0,0.0,0.0,1,1,3,80,1.122069513044,3,Typeb,Renault,Food
2026-01-12 05:00:00,0.0,0.0,0.0,1,1,3,80,1.122069513044,3,Typeb,Renault,Food
2026-01-12 06:00:00,0.0,0.0,0.0,1,1,3,80,1.122069513044,3,Typeb,Renault,Food
2026-01-12 07:00:00,7.485700622856994,2.364707352978996,0.31589659700770684,0,0,3,0,1.119889326784,3,Typeb,Renault,Food
2026-01-12 08:00:00,7.485700622856994,1.3819615744353224,0.1846135243794832,0,0,3,0,1.119889326784,3,Typeb,Renault,Food
2026-01-12 09:00:00,7.485700622856994,3.053359730783545,0.4078923115707237,0,0,3,0,1.119889326784,3,Typeb,Renault,Food
2026-01-12 10:00:00,7.485700622856994,1.9649990988859263,0.2625003587354211,0,0,3,0,1.119889326784,3,Typeb,Renault,Food
2026-01-12 11:00:00,7.485700622856994,0.8383156231037889,0.1119889326784,0,0,3,0,1.119889326784,3,Typeb,Renault,Food
2026-01-12 12:00:00,0.0,0.0,0.0,1,1,3,80,1.119889326784,3,Typeb,Renault,Food
2026-01-12 13:00:00,7.485700622856994,0.8383156231037889,0.1119889326784,0,0,3,0,1.119889326784,3,Typeb,Renault,Food
2026-01-12 14:00:00,7.485700622856994,2.696168749359241,0.3601758719987683,0,0,3,0,1.119889326784,3,Typeb,Renault,Food
2026-01-12 15:00:00,7.485700622856994,2.275212203664372,0.3039411163087649,0,0,3,0,1.119889326784,3,Typeb,Renault,Food
2026-01-12 16:00:00,7.485700622856994,1.2035755778938304,0.16078329050707796,0,0,3,0,1.119889326784,3,Typeb,Renault,Food
2026-01-12 17:00:00,7.485700622856994,0.8383156231037889,0.1119889326784,0,0,3,0,1.119889326784,3,Typeb,Renault,Food
2026-01-12 18:00:00,7.485700622856994,3.346410625125783,0.44704040326002126,0,0,3,0,1.119889326784,3,Typeb,Renault,Food
2026-01-12 19:00:00,0.0,0.0,0.0,1,1,3,80,1.119889326784,3,Typeb,Renault,Food
2026-01-12 20:00:00,0.0,0.0,0.0,1,1,3,80,1.119889326784,3,Typeb,Renault,Food
2026-01-12 21:00:00,0.0,0.0,0.0,1,1,3,80,1.119889326784,3,Typeb,Renault,Food
2026-01-12 22:00:00,0.0,0.0,0.0,1,1,3,80,1.119889326784,3,Typeb,Renault,Food
2026-01-12 23:00:00,0.0,0.0,0.0,1,1,3,80,1.119889326784,3,Typeb,Renault,Food
2026-01-13 00:00:00,0.0,0.0,0.0,1,1,3,80,1.119889326784,3,Typeb,Renault,Food
2026-01-13 01:00:00,0.0,0.0,0.0,1,1,3,80,1.119889326784,3,Typeb,Renault,Food
2026-01-13 02:00:00,0.0,0.0,0.0,1,1,3,80,1.119889326784,3,Typeb,Renault,Food
2026-01-13 03:00:00,0.0,0.0,0.0,1,1,3,80,1.119889326784,3,Typeb,Renault,Food
2026-01-13 04:00:00,0.0,0.0,0.0,1,1,3,80,1.119889326784,3,Typeb,Renault,Food
2026-01-13 05:00:00,0.0,0.0,0.0,1,1,3,80,1.119889326784,3,Typeb,Renault,Food
2026-01-13 06:00:00,0.0,0.0,0.0,1,1,3,80,1.119889326784,3,Typeb,Renault,Food
2026-01-13 07:00:00,8.036484184515983,3.4857507711291897,0.43374076164366,0,0,3,0,1.12425024,3,Typeb,Renault,Food
2026-01-13 08:00:00,8.036484184515983,3.5260463393141177,0.4387548408429405,0,0,3,0,1.12425024,3,Typeb,Renault,Food
2026-01-13 09:00:00,8.036484184515983,1.4793553114049074,0.18407991323559175,0,0,3,0,1.12425024,3,Typeb,Renault,Food
2026-01-13 10:00:00,8.036484184515983,2.7114699617905065,0.3373950473286238,0,0,3,0,1.12425024,3,Typeb,Renault,Food
2026-01-13 11:00:00,8.036484184515983,2.0789391480800994,0.2586876425496641,0,0,3,0,1.12425024,3,Typeb,Renault,Food
2026-01-13 12:00:00,0.0,0.0,0.0,1,1,3,80,1.12425024,3,Typeb,Renault,Food
2026-01-13 13:00:00,7.3058947131963485,2.8067848036436547,0.38418084489691184,0,0,3,0,1.12425024,3,Typeb,Renault,Food
2026-01-13 14:00:00,7.3058947131963485,1.1458389240853424,0.1568375906123666,0,0,3,0,1.12425024,3,Typeb,Renault,Food
2026-01-13 15:00:00,7.3058947131963485,0.8213653884725727,0.11242502400000001,0,0,3,0,1.12425024,3,Typeb,Renault,Food
2026-01-13 16:00:00,7.3058947131963485,2.923046748588066,0.40009428869927216,0,0,3,0,1.12425024,3,Typeb,Renault,Food
2026-01-13 17:00:00,7.3058947131963485,1.4691913574669626,0.2010967054881342,0,0,3,0,1.12425024,3,Typeb,Renault,Food
2026-01-13 18:00:00,7.3058947131963485,3.2898982433369803,0.4503073713058809,0,0,3,0,1.12425024,3,Typeb,Renault,Food
2026-01-13 19:00:00,0.0,0.0,0.0,1,1,3,80,1.12425024,3,Typeb,Renault,Food
2026-01-13 20:00:00,0.0,0.0,0.0,1,1,3,80,1.12425024,3,Typeb,Renault,Food
2026-01-13 21:00:00,0.0,0.0,0.0,1,1,3,80,1.12425024,3,Typeb,Renault,Food
2026-01-13 22:00:00,0.0,0.0,0.0,1,1,3,80,1.12425024,3,Typeb,Renault,Food
2026-01-13 23:00:00,0.0,0.0,0.0,1,1,3,80,1.12425024,3,Typeb,Renault,Food
2026-01-14 00:00:00,0.0,0.0,0.0,1,1,3,80,1.12425024,3,Typeb,Renault,Food
2026-01-14 01:00:00,0.0,0.0,0.0,1,1,3,80,1.12425024,3,Typeb,Renault,Food
2026-01-14 02:00:00,0.0,0.0,0.0,1,1,3,80,1.12425024,3,Typeb,Renault,Food
2026-01-14 03:00:00,0.0,0.0,0.0,1,1,3,80,1.12425024,3,Typeb,Renault,Food
2026-01-14 04:00:00,0.0,0.0,0.0,1,1,3,80,1.12425024,3,Typeb,Renault,Food
2026-01-14 05:00:00,0.0,0.0,0.0,1,1,3,80,1.12425024,3,Typeb,Renault,Food
2026-01-14 06:00:00,0.0,0.0,0.0,1,1,3,80,1.12425024,3,Typeb,Renault,Food
2026-01-14 07:00:00,6.705694662359552,0.7392860722884849,0.11024750000000001,0,0,3,0,1.102475,3,Typeb,Renault,Food
2026-01-14 08:00:00,6.705694662359552,0.7392860722884849,0.11024750000000001,0,0,3,0,1.102475,3,Typeb,Renault,Food
2026-01-14 09:00:00,6.705694662359552,0.7392860722884849,0.11024750000000001,0,0,3,0,1.102475,3,Typeb,Renault,Food
2026-01-14 10:00:00,6.705694662359552,0.7392860722884849,0.11024750000000001,0,0,3,0,1.102475,3,Typeb,Renault,Food
2026-01-14 11:00:00,6.705694662359552,2.2307406048639153,0.33266361162931,0,0,3,0,1.102475,3,Typeb,Renault,Food
2026-01-14 12:00:00,6.705694662359552,0.7392860722884849,0.11024750000000001,0,0,3,0,1.102475,3,Typeb,Renault,Food
2026-01-14 13:00:00,5.416137996521177,1.8062813865160843,0.3334998826980168,0,0,3,0,1.102475,3,Typeb,Renault,Food
2026-01-14 14:00:00,5.416137996521177,0.963500138873212,0.1778943113140904,0,0,3,0,1.102475,3,Typeb,Renault,Food
2026-01-14 15:00:00,5.416137996521177,1.8060094512400156,0.33344967436206907,0,0,3,0,1.102475,3,Typeb,Renault,Food
2026-01-14 16:00:00,5.416137996521177,0.8434599117717981,0.15573087545287037,0,0,3,0,1.102475,3,Typeb,Renault,Food
2026-01-14 17:00:00,5.416137996521177,1.995557641411087,0.3684466021162769,0,0,3,0,1.102475,3,Typeb,Renault,Food
2026-01-14 18:00:00,5.416137996521177,2.1548874120517736,0.3978642001802526,0,0,3,0,1.102475,3,Typeb,Renault,Food
2026-01-14 19:00:00,5.416137996521177,1.0771866927807956,0.19888464685956672,0,0,3,0,1.102475,3,Typeb,Renault,Food
2026-01-14 20:00:00,0.0,0.0,0.0,1,1,3,80,1.102475,3,Typeb,Renault,Food
2026-01-14 21:00:00,0.0,0.0,0.0,1,1,3,80,1.102475,3,Typeb,Renault,Food
2026-01-14 22:00:00,0.0,0.0,0.0,1,1,3,80,1.102475,3,Typeb,Renault,Food
2026-01-14 23:00:00,0.0,0.0,0.0,1,1,3,80,1.102475,3,Typeb,Renault,Food
2026-01-01 00:00:00,0.0,0.0,0.0,1,1,4,80,1.0,4,Typeb,Renault,Food
2026-01-01 01:00:00,0.0,0.0,0.0,1,1,4,80,1.0,4,Typeb,Renault,Food
2026-01-01 02:00:00,0.0,0.0,0.0,1,1,4,80,1.0,4,Typeb,Renault,Food
2026-01-01 03:00:00,0.0,0.0,0.0,1,1,4,80,1.0,4,Typeb,Renault,Food
2026-01-01 04:00:00,0.0,0.0,0.0,1,1,4,80,1.0,4,Typeb,Renault,Food
2026-01-01 05:00:00,0.0,0.0,0.0,1,1,4,80,1.0,4,Typeb,Renault,Food
2026-01-01 06:00:00,0.0,0.0,0.0,1,1,4,80,1.0,4,Typeb,Renault,Food
2026-01-01 07:00:00,5.217391304347826,2.0998799684029814,0.4024769939439048,0,0,4,0,1.1329772784640002,4,Typeb,Renault,Food
2026-01-01 08:00:00,5.217391304347826,1.245796365523728,0.23877763672538124,0,0,4,0,1.1329772784640002,4,Typeb,Renault,Food
2026-01-01 09:00:00,5.217391304347826,1.4651283247711844,0.2808162622478103,0,0,4,0,1.1329772784640002,4,Typeb,Renault,Food
2026-01-01 10:00:00,5.217391304347826,0.591118580068174,0.11329772784640002,0,0,4,0,1.1329772784640002,4,Typeb,Renault,Food
2026-01-01 11:00:00,5.217391304347826,1.6052886585039274,0.3076803262132528,0,0,4,0,1.1329772784640002,4,Typeb,Renault,Food
2026-01-01 12:00:00,5.217391304347826,1.2105538939750782,0.23202282967855664,0,0,4,0,1.1329772784640002,4,Typeb,Renault,Food
2026-01-01 13:00:00,4.444444444444445,1.3379383099273048,0.3010361197336436,0,0,4,0,1.1329772784640002,4,Typeb,Renault,Food
2026-01-01 14:00:00,4.444444444444445,1.537740413114806,0.3459915929508314,0,0,4,0,1.1329772784640002,4,Typeb,Renault,Food
2026-01-01 15:00:00,4.444444444444445,0.6553211793785626,0.14744726536017658,0,0,4,0,1.1329772784640002,4,Typeb,Renault,Food
2026-01-01 16:00:00,4.444444444444445,0.5035454570951112,0.11329772784640002,0,0,4,0,1.1329772784640002,4,Typeb,Renault,Food
2026-01-01 17:00:00,4.444444444444445,1.9369513467715824,0.435814053023606,0,0,4,0,1.1329772784640002,4,Typeb,Renault,Food
2026-01-01 18:00:00,4.444444444444445,1.0416827939377105,0.23437862863598485,0,0,4,0,1.1329772784640002,4,Typeb,Renault,Food
2026-01-01 19:00:00,4.444444444444445,1.9688258724558305,0.4429858213025618,0,0,4,0,1.1329772784640002,4,Typeb,Renault,Food
2026-01-01 20:00:00,0.0,0.0,0.0,1,1,4,80,1.1329772784640002,4,Typeb,Renault,Food
2026-01-01 21:00:00,0.0,0.0,0.0,1,1,4,80,1.1329772784640002,4,Typeb,Renault,Food
2026-01-01 22:00:00,0.0,0.0,0.0,1,1,4,80,1.1329772784640002,4,Typeb,Renault,Food
2026-01-01 23:00:00,0.0,0.0,0.0,1,1,4,80,1.1329772784640002,4,Typeb,Renault,Food
2026-01-02 00:00:00,0.0,0.0,0.0,1,1,4,80,1.1329772784640002,4,Typeb,Renault,Food
2026-01-02 01:00:00,0.0,0.0,0.0,1,1,4,80,1.1329772784640002,4,Typeb,Renault,Food
2026-01-02 02:00:00,0.0,0.0,0.0,1,1,4,80,1.1329772784640002,4,Typeb,Renault,Food
2026-01-02 03:00:00,0.0,0.0,0.0,1,1,4,80,1.1329772784640002,4,Typeb,Renault,Food
2026-01-02 04:00:00,0.0,0.0,0.0,1,1,4,80,1.1329772784640002,4,Typeb,Renault,Food
2026-01-02 05:00:00,0.0,0.0,0.0,1,1,4,80,1.1329772784640002,4,Typeb,Renault,Food
2026-01-02 06:00:00,0.0,0.0,0.0,1,1,4,80,1.1329772784640002,4,Typeb,Renault,Food
2026-01-02 07:00:00,10.191883727978908,1.2562414371944872,0.123259004,0,0,4,0,1.23259004,4,Typeb,Renault,Food
2026-01-02 08:00:00,10.191883727978908,3.033841944789346,0.2976723465222429,0,0,4,0,1.23259004,4,Typeb,Renault,Food
2026-01-02 09:00:00,10.191883727978908,4.149430746568013,0.4071308952609943,0,0,4,0,1.23259004,4,Typeb,Renault,Food
2026-01-02 10:00:00,10.191883727978908,2.4229827465669818,0.23773649810342462,0,0,4,0,1.23259004,4,Typeb,Renault,Food
2026-01-02 11:00:00,10.191883727978908,2.317610925350948,0.22739770068104376,0,0,4,0,1.23259004,4,Typeb,Renault,Food
2026-01-02 12:00:00,0.0,0.0,0.0,1,1,4,80,1.23259004,4,Typeb,Renault,Food
2026-01-02 13:00:00,9.265348843617188,3.6014795624042835,0.38870415169368494,0,0,4,0,1.23259004,4,Typeb,Renault,Food
2026-01-02 14:00:00,9.265348843617188,1.1420376701768065,0.123259004,0,0,4,0,1.23259004,4,Typeb,Renault,Food
2026-01-02 15:00:00,9.265348843617188,1.2966783837488165,0.13994922432327908,0,0,4,0,1.23259004,4,Typeb,Renault,Food
2026-01-02 16:00:00,9.265348843617188,1.1420376701768065,0.123259004,0,0,4,0,1.23259004,4,Typeb,Renault,Food
2026-01-02 17:00:00,9.265348843617188,1.246700692798252,0.13455518122850738,0,0,4,0,1.23259004,4,Typeb,Renault,Food
2026-01-02 18:00:00,9.265348843617188,3.376115936492397,0.3643808769076376,0,0,4,0,1.23259004,4,Typeb,Renault,Food
2026-01-02 19:00:00,0.0,0.0,0.0,1,1,4,80,1.23259004,4,Typeb,Renault,Food
2026-01-02 20:00:00,0.0,0.0,0.0,1,1,4,80,1.23259004,4,Typeb,Renault,Food
2026-01-02 21:00:00,0.0,0.0,0.0,1,1,4,80,1.23259004,4,Typeb,Renault,Food
2026-01-02 22:00:00,0.0,0.0,0.0,1,1,4,80,1.23259004,4,Typeb,Renault,Food
2026-01-02 23:00:00,0.0,0.0,0.0,1,1,4,80,1.23259004,4,Typeb,Renault,Food
2026-01-03 00:00:00,0.0,0.0,0.0,1,1,4,80,1.23259004,4,Typeb,Renault,Food
2026-01-03 01:00:00,0.0,0.0,0.0,1,1,4,80,1.23259004,4,Typeb,Renault,Food
2026-01-03 02:00:00,0.0,0.0,0.0,1,1,4,80,1.23259004,4,Typeb,Renault,Food
2026-01-03 03:00:00,0.0,0.0,0.0,1,1,4,80,1.23259004,4,Typeb,Renault,Food
2026-01-03 04:00:00,0.0,0.0,0.0,1,1,4,80,1.23259004,4,Typeb,Renault,Food
2026-01-03 05:00:00,0.0,0.0,0.0,1,1,4,80,1.23259004,4,Typeb,Renault,Food
2026-01-03 06:00:00,0.0,0.0,0.0,1,1,4,80,1.23259004,4,Typeb,Renault,Food
2026-01-03 07:00:00,0.0,0.0,0.0,1,1,4,80,1.23259004,4,Typeb,Renault,Food
2026-01-03 08:00:00,0.0,0.0,0.0,1,1,4,80,1.23259004,4,Typeb,Renault,Food
2026-01-03 09:00:00,0.0,0.0,0.0,1,1,4,80,1.23259004,4,Typeb,Renault,Food
2026-01-03 10:00:00,13.333333333333334,1.612065346672,0.1209049010004,0,0,4,0,1.209049010004,4,Typeb,Renault,Food
2026-01-03 11:00:00,13.333333333333334,4.043825880310473,0.3032869410232855,0,0,4,0,1.209049010004,4,Typeb,Renault,Food
2026-01-03 12:00:00,0.0,0.0,0.0,1,1,4,80,1.209049010004,4,Typeb,Renault,Food
2026-01-03 13:00:00,0.0,0.0,0.0,1,1,4,80,1.209049010004,4,Typeb,Renault,Food
2026-01-03 14:00:00,5.454545454545454,0.6594812781839999,0.1209049010004,0,0,4,0,1.209049010004,4,Typeb,Renault,Food
2026-01-03 15:00:00,5.454545454545454,0.6594812781839999,0.1209049010004,0,0,4,0,1.209049010004,4,Typeb,Renault,Food
2026-01-03 16:00:00,5.454545454545454,1.0265882491448288,0.188207845676552,0,0,4,0,1.209049010004,4,Typeb,Renault,Food
2026-01-03 17:00:00,5.454545454545454,1.322429510466509,0.24244541025219335,0,0,4,0,1.209049010004,4,Typeb,Renault,Food
2026-01-03 18:00:00,5.454545454545454,0.6594812781839999,0.1209049010004,0,0,4,0,1.209049010004,4,Typeb,Renault,Food
2026-01-03 19:00:00,0.0,0.0,0.0,1,1,4,80,1.209049010004,4,Typeb,Renault,Food
2026-01-03 20:00:00,0.0,0.0,0.0,1,1,4,80,1.209049010004,4,Typeb,Renault,Food
2026-01-03 21:00:00,0.0,0.0,0.0,1,1,4,80,1.209049010004,4,Typeb,Renault,Food
2026-01-03 22:00:00,0.0,0.0,0.0,1,1,4,80,1.209049010004,4,Typeb,Renault,Food
2026-01-03 23:00:00,0.0,0.0,0.0,1,1,4,80,1.209049010004,4,Typeb,Renault,Food
2026-01-04 00:00:00,0.0,0.0,0.0,1,1,4,80,1.209049010004,4,Typeb,Renault,Food
2026-01-04 01:00:00,0.0,0.0,0.0,1,1,4,80,1.209049010004,4,Typeb,Renault,Food
2026-01-04 02:00:00,0.0,0.0,0.0,1,1,4,80,1.209049010004,4,Typeb,Renault,Food
2026-01-04 03:00:00,0.0,0.0,0.0,1,1,4,80,1.209049010004,4,Typeb,Renault,Food
2026-01-04 04:00:00,0.0,0.0,0.0,1,1,4,80,1.209049010004,4,Typeb,Renault,Food
2026-01-04 05:00:00,0.0,0.0,0.0,1,1,4,80,1.209049010004,4,Typeb,Renault,Food
2026-01-04 06:00:00,0.0,0.0,0.0,1,1,4,80,1.209049010004,4,Typeb,Renault,Food
2026-01-04 07:00:00,0.0,0.0,0.0,1,1,4,80,1.209049010004,4,Typeb,Renault,Food
2026-01-04 08:00:00,0.0,0.0,0.0,1,1,4,80,1.209049010004,4,Typeb,Renault,Food
2026-01-04 09:00:00,0.0,0.0,0.0,1,1,4,80,1.209049010004,4,Typeb,Renault,Food
2026-01-04 10:00:00,15.0,1.9575452287500001,0.13050301525000002,0,0,4,0,1.3050301525,4,Typeb,Renault,Food
2026-01-04 11:00:00,15.0,5.467789407944782,0.3645192938629854,0,0,4,0,1.3050301525,4,Typeb,Renault,Food
2026-01-04 12:00:00,0.0,0.0,0.0,1,1,4,80,1.3050301525,4,Typeb,Renault,Food
2026-01-04 13:00:00,4.285714285714286,1.0276165836536242,0.2397772028525123,0,0,4,0,1.3050301525,4,Typeb,Renault,Food
2026-01-04 14:00:00,4.285714285714286,1.305668855702627,0.30465606633061304,0,0,4,0,1.3050301525,4,Typeb,Renault,Food
2026-01-04 15:00:00,4.285714285714286,0.9626733726855388,0.22462378695995908,0,0,4,0,1.3050301525,4,Typeb,Renault,Food
2026-01-04 16:00:00,4.285714285714286,0.5592986367857143,0.13050301525000002,0,0,4,0,1.3050301525,4,Typeb,Renault,Food
2026-01-04 17:00:00,4.285714285714286,1.2262981633571968,0.2861362381166792,0,0,4,0,1.3050301525,4,Typeb,Renault,Food
2026-01-04 18:00:00,4.285714285714286,2.2454688529945597,0.5239427323653973,0,0,4,0,1.3050301525,4,Typeb,Renault,Food
2026-01-04 19:00:00,4.285714285714286,0.5592986367857143,0.13050301525000002,0,0,4,0,1.3050301525,4,Typeb,Renault,Food
2026-01-04 20:00:00,0.0,0.0,0.0,1,1,4,80,1.3050301525,4,Typeb,Renault,Food
2026-01-04 21:00:00,0.0,0.0,0.0,1,1,4,80,1.3050301525,4,Typeb,Renault,Food
2026-01-04 22:00:00,0.0,0.0,0.0,1,1,4,80,1.3050301525,4,Typeb,Renault,Food
2026-01-04 23:00:00,0.0,0.0,0.0,1,1,4,80,1.3050301525,4,Typeb,Renault,Food
2026-01-05 00:00:00,0.0,0.0,0.0,1,1,4,80,1.3050301525,4,Typeb,Renault,Food
2026-01-05 01:00:00,0.0,0.0,0.0,1,1,4,80,1.3050301525,4,Typeb,Renault,Food
2026-01-05 02:00:00,0.0,0.0,0.0,1,1,4,80,1.3050301525,4,Typeb,Renault,Food
2026-01-05 03:00:00,0.0,0.0,0.0,1,1,4,80,1.3050301525,4,Typeb,Renault,Food
2026-01-05 04:00:00,0.0,0.0,0.0,1,1,4,80,1.3050301525,4,Typeb,Renault,Food
2026-01-05 05:00:00,0.0,0.0,0.0,1,1,4,80,1.3050301525,4,Typeb,Renault,Food
2026-01-05 06:00:00,0.0,0.0,0.0,1,1,4,80,1.3050301525,4,Typeb,Renault,Food
2026-01-05 07:00:00,0.0,0.0,0.0,1,1,4,80,1.3050301525,4,Typeb,Renault,Food
2026-01-05 08:00:00,9.98082452961958,4.607594879972137,0.46164471345011765,0,0,4,0,1.226197579604,4,Typeb,Renault,Food
2026-01-05 09:00:00,9.98082452961958,1.2238462880671763,0.12261975796040002,0,0,4,0,1.226197579604,4,Typeb,Renault,Food
2026-01-05 10:00:00,9.98082452961958,3.6992757368491285,0.37063829004016435,0,0,4,0,1.226197579604,4,Typeb,Renault,Food
2026-01-05 11:00:00,9.98082452961958,4.968521877644142,0.4978067556341979,0,0,4,0,1.226197579604,4,Typeb,Renault,Food
2026-01-05 12:00:00,0.0,0.0,0.0,1,1,4,80,1.226197579604,4,Typeb,Renault,Food
2026-01-05 13:00:00,7.8110800666588025,0.9577927471830077,0.12261975796040002,0,0,4,0,1.226197579604,4,Typeb,Renault,Food
2026-01-05 14:00:00,7.8110800666588025,1.0570759063088877,0.13533031249045344,0,0,4,0,1.226197579604,4,Typeb,Renault,Food
2026-01-05 15:00:00,7.8110800666588025,0.9577927471830077,0.12261975796040002,0,0,4,0,1.226197579604,4,Typeb,Renault,Food
2026-01-05 16:00:00,7.8110800666588025,1.979022476940131,0.2533609257684462,0,0,4,0,1.226197579604,4,Typeb,Renault,Food
2026-01-05 17:00:00,7.8110800666588025,4.310067362323534,0.5517889108218,0,0,4,0,1.226197579604,4,Typeb,Renault,Food
2026-01-05 18:00:00,7.8110800666588025,1.247262966603782,0.15967868156001375,0,0,4,0,1.226197579604,4,Typeb,Renault,Food
2026-01-05 19:00:00,0.0,0.0,0.0,1,1,4,80,1.226197579604,4,Typeb,Renault,Food
2026-01-05 20:00:00,0.0,0.0,0.0,1,1,4,80,1.226197579604,4,Typeb,Renault,Food
2026-01-05 21:00:00,0.0,0.0,0.0,1,1,4,80,1.226197579604,4,Typeb,Renault,Food
2026-01-05 22:00:00,0.0,0.0,0.0,1,1,4,80,1.226197579604,4,Typeb,Renault,Food
2026-01-05 23:00:00,0.0,0.0,0.0,1,1,4,80,1.226197579604,4,Typeb,Renault,Food
2026-01-06 00:00:00,0.0,0.0,0.0,1,1,4,80,1.226197579604,4,Typeb,Renault,Food
2026-01-06 01:00:00,0.0,0.0,0.0,1,1,4,80,1.226197579604,4,Typeb,Renault,Food
2026-01-06 02:00:00,0.0,0.0,0.0,1,1,4,80,1.226197579604,4,Typeb,Renault,Food
2026-01-06 03:00:00,0.0,0.0,0.0,1,1,4,80,1.226197579604,4,Typeb,Renault,Food
2026-01-06 04:00:00,0.0,0.0,0.0,1,1,4,80,1.226197579604,4,Typeb,Renault,Food
2026-01-06 05:00:00,0.0,0.0,0.0,1,1,4,80,1.226197579604,4,Typeb,Renault,Food
2026-01-06 06:00:00,5.238903405528134,2.2140130458767064,0.42261001482494626,0,0,4,0,1.3306301459840002,4,Typeb,Renault,Food
2026-01-06 07:00:00,5.238903405528134,2.324429856433016,0.4436863359573033,0,0,4,0,1.3306301459840002,4,Typeb,Renault,Food
2026-01-06 08:00:00,5.238903405528134,0.6971042803293978,0.13306301459840003,0,0,4,0,1.3306301459840002,4,Typeb,Renault,Food
2026-01-06 09:00:00,5.238903405528134,1.7914316708976143,0.34194783377897003,0,0,4,0,1.3306301459840002,4,Typeb,Renault,Food
2026-01-06 10:00:00,5.238903405528134,0.6971042803293978,0.13306301459840003,0,0,4,0,1.3306301459840002,4,Typeb,Renault,Food
2026-01-06 11:00:00,5.238903405528134,0.7246018504589159,0.13831174090637174,0,0,4,0,1.3306301459840002,4,Typeb,Renault,Food
2026-01-06 12:00:00,0.0,0.0,0.0,1,1,4,80,1.3306301459840002,4,Typeb,Renault,Food
2026-01-06 13:00:00,4.656803027136119,1.8080741192040966,0.38826510562462885,0,0,4,0,1.3306301459840002,4,Typeb,Renault,Food
2026-01-06 14:00:00,4.656803027136119,2.7604056353792403,0.5927683905232425,0,0,4,0,1.3306301459840002,4,Typeb,Renault,Food
2026-01-06 15:00:00,4.656803027136119,0.6196482491816868,0.13306301459840003,0,0,4,0,1.3306301459840002,4,Typeb,Renault,Food
2026-01-06 16:00:00,4.656803027136119,0.6196482491816868,0.13306301459840003,0,0,4,0,1.3306301459840002,4,Typeb,Renault,Food
2026-01-06 17:00:00,4.656803027136119,2.057744333962854,0.4418791866376927,0,0,4,0,1.3306301459840002,4,Typeb,Renault,Food
2026-01-06 18:00:00,4.656803027136119,1.5454422645317452,0.3318676472949672,0,0,4,0,1.3306301459840002,4,Typeb,Renault,Food
2026-01-06 19:00:00,4.656803027136119,2.522415284317583,0.541662438720076,0,0,4,0,1.3306301459840002,4,Typeb,Renault,Food
2026-01-06 20:00:00,0.0,0.0,0.0,1,1,4,80,1.3306301459840002,4,Typeb,Renault,Food
2026-01-06 21:00:00,0.0,0.0,0.0,1,1,4,80,1.3306301459840002,4,Typeb,Renault,Food
2026-01-06 22:00:00,0.0,0.0,0.0,1,1,4,80,1.3306301459840002,4,Typeb,Renault,Food
2026-01-06 23:00:00,0.0,0.0,0.0,1,1,4,80,1.3306301459840002,4,Typeb,Renault,Food
2026-01-07 00:00:00,0.0,0.0,0.0,1,1,4,80,1.3306301459840002,4,Typeb,Renault,Food
2026-01-07 01:00:00,0.0,0.0,0.0,1,1,4,80,1.3306301459840002,4,Typeb,Renault,Food
2026-01-07 02:00:00,0.0,0.0,0.0,1,1,4,80,1.3306301459840002,4,Typeb,Renault,Food
2026-01-07 03:00:00,0.0,0.0,0.0,1,1,4,80,1.3306301459840002,4,Typeb,Renault,Food
2026-01-07 04:00:00,5.615168688193652,2.7861788050091087,0.49618790809744967,0,0,4,0,1.282756305344,4,Typeb,Renault,Food
2026-01-07 05:00:00,5.615168688193652,2.242646203278018,0.39939070895472184,0,0,4,0,1.282756305344,4,Typeb,Renault,Food
2026-01-07 06:00:00,5.615168688193652,1.954801329343041,0.34812869174405564,0,0,4,0,1.282756305344,4,Typeb,Renault,Food
2026-01-07 07:00:00,5.615168688193652,2.1362822830880988,0.38044846053864884,0,0,4,0,1.282756305344,4,Typeb,Renault,Food
2026-01-07 08:00:00,5.615168688193652,1.9161095027128554,0.3412381014913463,0,0,4,0,1.282756305344,4,Typeb,Renault,Food
2026-01-07 09:00:00,5.615168688193652,0.7202893040350605,0.12827563053440003,0,0,4,0,1.282756305344,4,Typeb,Renault,Food
2026-01-07 10:00:00,5.615168688193652,1.9275409087351947,0.34327390961343796,0,0,4,0,1.282756305344,4,Typeb,Renault,Food
2026-01-07 11:00:00,5.615168688193652,1.246786699022107,0.2220390460652727,0,0,4,0,1.282756305344,4,Typeb,Renault,Food
2026-01-07 12:00:00,5.615168688193652,3.0761670492648308,0.5478316360704749,0,0,4,0,1.282756305344,4,Typeb,Renault,Food
2026-01-07 13:00:00,7.486891584258202,3.2516956909000148,0.4343185224876195,0,0,4,0,1.282756305344,4,Typeb,Renault,Food
2026-01-07 14:00:00,7.486891584258202,1.6286071651323388,0.21752781468835716,0,0,4,0,1.282756305344,4,Typeb,Renault,Food
2026-01-07 15:00:00,7.486891584258202,0.9603857387134138,0.12827563053440003,0,0,4,0,1.282756305344,4,Typeb,Renault,Food
2026-01-07 16:00:00,7.486891584258202,1.0579766004128144,0.14131052767443517,0,0,4,0,1.282756305344,4,Typeb,Renault,Food
2026-01-07 17:00:00,7.486891584258202,1.4282271313481403,0.19076369882944533,0,0,4,0,1.282756305344,4,Typeb,Renault,Food
2026-01-07 18:00:00,7.486891584258202,0.9603857387134138,0.12827563053440003,0,0,4,0,1.282756305344,4,Typeb,Renault,Food
2026-01-07 19:00:00,7.486891584258202,2.6927117887233822,0.35965684268555825,0,0,4,0,1.282756305344,4,Typeb,Renault,Food
2026-01-07 20:00:00,0.0,0.0,0.0,1,1,4,80,1.282756305344,4,Typeb,Renault,Food
2026-01-07 21:00:00,0.0,0.0,0.0,1,1,4,80,1.282756305344,4,Typeb,Renault,Food
2026-01-07 22:00:00,0.0,0.0,0.0,1,1,4,80,1.282756305344,4,Typeb,Renault,Food
2026-01-07 23:00:00,0.0,0.0,0.0,1,1,4,80,1.282756305344,4,Typeb,Renault,Food
2026-01-08 00:00:00,0.0,0.0,0.0,1,1,4,80,1.282756305344,4,Typeb,Renault,Food
2026-01-08 01:00:00,0.0,0.0,0.0,1,1,4,80,1.282756305344,4,Typeb,Renault,Food
2026-01-08 02:00:00,0.0,0.0,0.0,1,1,4,80,1.282756305344,4,Typeb,Renault,Food
2026-01-08 03:00:00,0.0,0.0,0.0,1,1,4,80,1.282756305344,4,Typeb,Renault,Food
2026-01-08 04:00:00,0.0,0.0,0.0,1,1,4,80,1.282756305344,4,Typeb,Renault,Food
2026-01-08 05:00:00,4.535168110748632,1.40706826407227,0.3102571348430128,0,0,4,0,1.176585222144,4,Typeb,Renault,Food
2026-01-08 06:00:00,4.535168110748632,2.0921389734354765,0.46131453616393536,0,0,4,0,1.176585222144,4,Typeb,Renault,Food
2026-01-08 07:00:00,4.535168110748632,2.233096254897457,0.4923954747355185,0,0,4,0,1.176585222144,4,Typeb,Renault,Food
2026-01-08 08:00:00,4.535168110748632,2.401205300570504,0.5294633499648,0,0,4,0,1.176585222144,4,Typeb,Renault,Food
2026-01-08 09:00:00,4.535168110748632,0.5336011779045565,0.11765852221440001,0,0,4,0,1.176585222144,4,Typeb,Renault,Food
2026-01-08 10:00:00,4.535168110748632,0.5336011779045565,0.11765852221440001,0,0,4,0,1.176585222144,4,Typeb,Renault,Food
2026-01-08 11:00:00,4.535168110748632,0.6793107437782063,0.1497873347116279,0,0,4,0,1.176585222144,4,Typeb,Renault,Food
2026-01-08 12:00:00,0.0,0.0,0.0,1,1,4,80,1.176585222144,4,Typeb,Renault,Food
2026-01-08 13:00:00,0.0,0.0,0.0,1,1,4,80,1.176585222144,4,Typeb,Renault,Food
2026-01-08 14:00:00,5.039075678609591,0.6812184961913207,0.13518719297728155,0,0,4,0,1.176585222144,4,Typeb,Renault,Food
2026-01-08 15:00:00,5.039075678609591,0.8149255311594089,0.16172123284805828,0,0,4,0,1.176585222144,4,Typeb,Renault,Food
2026-01-08 16:00:00,5.039075678609591,1.2069183960878234,0.23951186151283257,0,0,4,0,1.176585222144,4,Typeb,Renault,Food
2026-01-08 17:00:00,5.039075678609591,1.6012873219904389,0.31777401732380306,0,0,4,0,1.176585222144,4,Typeb,Renault,Food
2026-01-08 18:00:00,5.039075678609591,2.668005889522782,0.5294633499648,0,0,4,0,1.176585222144,4,Typeb,Renault,Food
2026-01-08 19:00:00,5.039075678609591,1.2726351091620238,0.25255328364371304,0,0,4,0,1.176585222144,4,Typeb,Renault,Food
2026-01-08 20:00:00,0.0,0.0,0.0,1,1,4,80,1.176585222144,4,Typeb,Renault,Food
2026-01-08 21:00:00,0.0,0.0,0.0,1,1,4,80,1.176585222144,4,Typeb,Renault,Food
2026-01-08 22:00:00,0.0,0.0,0.0,1,1,4,80,1.176585222144,4,Typeb,Renault,Food
2026-01-08 23:00:00,0.0,0.0,0.0,1,1,4,80,1.176585222144,4,Typeb,Renault,Food
2026-01-09 00:00:00,0.0,0.0,0.0,1,1,4,80,1.176585222144,4,Typeb,Renault,Food
2026-01-09 01:00:00,0.0,0.0,0.0,1,1,4,80,1.176585222144,4,Typeb,Renault,Food
2026-01-09 02:00:00,0.0,0.0,0.0,1,1,4,80,1.176585222144,4,Typeb,Renault,Food
2026-01-09 03:00:00,0.0,0.0,0.0,1,1,4,80,1.176585222144,4,Typeb,Renault,Food
2026-01-09 04:00:00,0.0,0.0,0.0,1,1,4,80,1.176585222144,4,Typeb,Renault,Food
2026-01-09 05:00:00,0.0,0.0,0.0,1,1,4,80,1.176585222144,4,Typeb,Renault,Food
2026-01-09 06:00:00,0.0,0.0,0.0,1,1,4,80,1.176585222144,4,Typeb,Renault,Food
2026-01-09 07:00:00,6.160111084322605,0.7006155434627485,0.1137342385344,0,0,4,0,1.137342385344,4,Typeb,Renault,Food
2026-01-09 08:00:00,6.160111084322605,1.5008633646669383,0.24364225646622092,0,0,4,0,1.137342385344,4,Typeb,Renault,Food
2026-01-09 09:00:00,6.160111084322605,2.20092492554696,0.3572865643848993,0,0,4,0,1.137342385344,4,Typeb,Renault,Food
2026-01-09 10:00:00,6.160111084322605,3.053712087806154,0.4957235423201714,0,0,4,0,1.137342385344,4,Typeb,Renault,Food
2026-01-09 11:00:00,6.160111084322605,2.0679274452281926,0.33569645367127204,0,0,4,0,1.137342385344,4,Typeb,Renault,Food
2026-01-09 12:00:00,0.0,0.0,0.0,1,1,4,80,1.137342385344,4,Typeb,Renault,Food
2026-01-09 13:00:00,0.0,0.0,0.0,1,1,4,80,1.137342385344,4,Typeb,Renault,Food
2026-01-09 14:00:00,6.453449707385586,0.733978188389546,0.1137342385344,0,0,4,0,1.137342385344,4,Typeb,Renault,Food
2026-01-09 15:00:00,6.453449707385586,0.733978188389546,0.1137342385344,0,0,4,0,1.137342385344,4,Typeb,Renault,Food
2026-01-09 16:00:00,6.453449707385586,0.8897534176242299,0.13787252678299494,0,0,4,0,1.137342385344,4,Typeb,Renault,Food
2026-01-09 17:00:00,6.453449707385586,2.2558583539527612,0.3495585239272984,0,0,4,0,1.137342385344,4,Typeb,Renault,Food
2026-01-09 18:00:00,6.453449707385586,1.9863279546982053,0.30779320282375056,0,0,4,0,1.137342385344,4,Typeb,Renault,Food
2026-01-09 19:00:00,0.0,0.0,0.0,1,1,4,80,1.137342385344,4,Typeb,Renault,Food
2026-01-09 20:00:00,0.0,0.0,0.0,1,1,4,80,1.137342385344,4,Typeb,Renault,Food
2026-01-09 21:00:00,0.0,0.0,0.0,1,1,4,80,1.137342385344,4,Typeb,Renault,Food
2026-01-09 22:00:00,0.0,0.0,0.0,1,1,4,80,1.137342385344,4,Typeb,Renault,Food
2026-01-09 23:00:00,0.0,0.0,0.0,1,1,4,80,1.137342385344,4,Typeb,Renault,Food
2026-01-10 00:00:00,0.0,0.0,0.0,1,1,4,80,1.137342385344,4,Typeb,Renault,Food
2026-01-10 01:00:00,0.0,0.0,0.0,1,1,4,80,1.137342385344,4,Typeb,Renault,Food
2026-01-10 02:00:00,0.0,0.0,0.0,1,1,4,80,1.137342385344,4,Typeb,Renault,Food
2026-01-10 03:00:00,0.0,0.0,0.0,1,1,4,80,1.137342385344,4,Typeb,Renault,Food
2026-01-10 04:00:00,0.0,0.0,0.0,1,1,4,80,1.137342385344,4,Typeb,Renault,Food
2026-01-10 05:00:00,0.0,0.0,0.0,1,1,4,80,1.137342385344,4,Typeb,Renault,Food
2026-01-10 06:00:00,0.0,0.0,0.0,1,1,4,80,1.137342385344,4,Typeb,Renault,Food
2026-01-10 07:00:00,0.0,0.0,0.0,1,1,4,80,1.137342385344,4,Typeb,Renault,Food
2026-01-10 08:00:00,0.0,0.0,0.0,1,1,4,80,1.137342385344,4,Typeb,Renault,Food
2026-01-10 09:00:00,0.0,0.0,0.0,1,1,4,80,1.137342385344,4,Typeb,Renault,Food
2026-01-10 10:00:00,15.0,1.7844150600000002,0.11896100400000001,0,0,4,0,1.18961004,4,Typeb,Renault,Food
2026-01-10 11:00:00,15.0,3.2930145248786737,0.21953430165857826,0,0,4,0,1.18961004,4,Typeb,Renault,Food
2026-01-10 12:00:00,0.0,0.0,0.0,1,1,4,80,1.18961004,4,Typeb,Renault,Food
2026-01-10 13:00:00,4.615384615384615,0.5490507876923076,0.11896100400000001,0,0,4,0,1.18961004,4,Typeb,Renault,Food
2026-01-10 14:00:00,4.615384615384615,0.5490507876923076,0.11896100400000001,0,0,4,0,1.18961004,4,Typeb,Renault,Food
2026-01-10 15:00:00,4.615384615384615,1.8551160175944006,0.40194180381212014,0,0,4,0,1.18961004,4,Typeb,Renault,Food
2026-01-10 16:00:00,4.615384615384615,0.6728895133674284,0.14579272789627618,0,0,4,0,1.18961004,4,Typeb,Renault,Food
2026-01-10 17:00:00,4.615384615384615,0.9897861753450949,0.21445367132477058,0,0,4,0,1.18961004,4,Typeb,Renault,Food
2026-01-10 18:00:00,4.615384615384615,1.0283902597704913,0.2228178896169398,0,0,4,0,1.18961004,4,Typeb,Renault,Food
2026-01-10 19:00:00,4.615384615384615,1.2919315026423521,0.27991849223917636,0,0,4,0,1.18961004,4,Typeb,Renault,Food
2026-01-10 20:00:00,0.0,0.0,0.0,1,1,4,80,1.18961004,4,Typeb,Renault,Food
2026-01-10 21:00:00,0.0,0.0,0.0,1,1,4,80,1.18961004,4,Typeb,Renault,Food
2026-01-10 22:00:00,0.0,0.0,0.0,1,1,4,80,1.18961004,4,Typeb,Renault,Food
2026-01-10 23:00:00,0.0,0.0,0.0,1,1,4,80,1.18961004,4,Typeb,Renault,Food
2026-01-11 00:00:00,0.0,0.0,0.0,1,1,4,80,1.18961004,4,Typeb,Renault,Food
2026-01-11 01:00:00,0.0,0.0,0.0,1,1,4,80,1.18961004,4,Typeb,Renault,Food
2026-01-11 02:00:00,0.0,0.0,0.0,1,1,4,80,1.18961004,4,Typeb,Renault,Food
2026-01-11 03:00:00,0.0,0.0,0.0,1,1,4,80,1.18961004,4,Typeb,Renault,Food
2026-01-11 04:00:00,0.0,0.0,0.0,1,1,4,80,1.18961004,4,Typeb,Renault,Food
2026-01-11 05:00:00,0.0,0.0,0.0,1,1,4,80,1.18961004,4,Typeb,Renault,Food
2026-01-11 06:00:00,0.0,0.0,0.0,1,1,4,80,1.18961004,4,Typeb,Renault,Food
2026-01-11 07:00:00,0.0,0.0,0.0,1,1,4,80,1.18961004,4,Typeb,Renault,Food
2026-01-11 08:00:00,0.0,0.0,0.0,1,1,4,80,1.18961004,4,Typeb,Renault,Food
2026-01-11 09:00:00,0.0,0.0,0.0,1,1,4,80,1.18961004,4,Typeb,Renault,Food
2026-01-11 10:00:00,0.0,0.0,0.0,1,1,4,80,1.18961004,4,Typeb,Renault,Food
2026-01-11 11:00:00,24.0,2.6929668313056,0.1122069513044,0,0,4,0,1.122069513044,4,Typeb,Renault,Food
2026-01-11 12:00:00,0.0,0.0,0.0,1,1,4,80,1.122069513044,4,Typeb,Renault,Food
2026-01-11 13:00:00,0.0,0.0,0.0,1,1,4,80,1.122069513044,4,Typeb,Renault,Food
2026-01-11 14:00:00,6.315789473684211,1.2244013298512506,0.19386354389311466,0,0,4,0,1.122069513044,4,Typeb,Renault,Food
2026-01-11 15:00:00,6.315789473684211,1.3951780416476793,0.22090318992754923,0,0,4,0,1.122069513044,4,Typeb,Renault,Food
2026-01-11 16:00:00,6.315789473684211,2.1864280518388144,0.34618444154114564,0,0,4,0,1.122069513044,4,Typeb,Renault,Food
2026-01-11 17:00:00,6.315789473684211,1.6344796960931904,0.2587926185480885,0,0,4,0,1.122069513044,4,Typeb,Renault,Food
2026-01-11 18:00:00,0.0,0.0,0.0,1,1,4,80,1.122069513044,4,Typeb,Renault,Food
2026-01-11 19:00:00,0.0,0.0,0.0,1,1,4,80,1.122069513044,4,Typeb,Renault,Food
2026-01-11 20:00:00,0.0,0.0,0.0,1,1,4,80,1.122069513044,4,Typeb,Renault,Food
2026-01-11 21:00:00,0.0,0.0,0.0,1,1,4,80,1.122069513044,4,Typeb,Renault,Food
2026-01-11 22:00:00,0.0,0.0,0.0,1,1,4,80,1.122069513044,4,Typeb,Renault,Food
2026-01-11 23:00:00,0.0,0.0,0.0,1,1,4,80,1.122069513044,4,Typeb,Renault,Food
2026-01-12 00:00:00,0.0,0.0,0.0,1,1,4,80,1.122069513044,4,Typeb,Renault,Food
2026-01-12 01:00:00,0.0,0.0,0.0,1,1,4,80,1.122069513044,4,Typeb,Renault,Food
2026-01-12 02:00:00,0.0,0.0,0.0,1,1,4,80,1.122069513044,4,Typeb,Renault,Food
2026-01-12 03:00:00,0.0,0.0,0.0,1,1,4,80,1.122069513044,4,Typeb,Renault,Food
2026-01-12 04:00:00,0.0,0.0,0.0,1,1,4,80,1.122069513044,4,Typeb,Renault,Food
2026-01-12 05:00:00,0.0,0.0,0.0,1,1,4,80,1.122069513044,4,Typeb,Renault,Food
2026-01-12 06:00:00,4.615384615384615,1.0943473637375596,0.23710859547647128,0,0,4,0,1.119889326784,4,Typeb,Renault,Food
2026-01-12 07:00:00,4.615384615384615,0.5168719969772307,0.1119889326784,0,0,4,0,1.119889326784,4,Typeb,Renault,Food
2026-01-12 08:00:00,4.615384615384615,0.555687763308506,0.12039901538350964,0,0,4,0,1.119889326784,4,Typeb,Renault,Food
2026-01-12 09:00:00,4.615384615384615,1.0154962362702666,0.22002418452522446,0,0,4,0,1.119889326784,4,Typeb,Renault,Food
2026-01-12 10:00:00,4.615384615384615,1.1249983277497049,0.24374963767910274,0,0,4,0,1.119889326784,4,Typeb,Renault,Food
2026-01-12 11:00:00,4.615384615384615,0.8916037193420951,0.19318080585745398,0,0,4,0,1.119889326784,4,Typeb,Renault,Food
2026-01-12 12:00:00,0.0,0.0,0.0,1,1,4,80,1.119889326784,4,Typeb,Renault,Food
2026-01-12 13:00:00,3.6363636363636362,1.1744965208851927,0.32298654324342807,0,0,4,0,1.119889326784,4,Typeb,Renault,Food
2026-01-12 14:00:00,3.6363636363636362,1.0370957705869384,0.28520133691140803,0,0,4,0,1.119889326784,4,Typeb,Renault,Food
2026-01-12 15:00:00,3.6363636363636362,0.6060668845180197,0.16666839324245541,0,0,4,0,1.119889326784,4,Typeb,Renault,Food
2026-01-12 16:00:00,3.6363636363636362,0.7988995101764738,0.2196973652985303,0,0,4,0,1.119889326784,4,Typeb,Renault,Food
2026-01-12 17:00:00,3.6363636363636362,1.0123232706146097,0.27838889941901773,0,0,4,0,1.119889326784,4,Typeb,Renault,Food
2026-01-12 18:00:00,3.6363636363636362,0.7312052259325682,0.20108143713145626,0,0,4,0,1.119889326784,4,Typeb,Renault,Food
2026-01-12 19:00:00,3.6363636363636362,0.4329674284699296,0.11906604282923065,0,0,4,0,1.119889326784,4,Typeb,Renault,Food
2026-01-12 20:00:00,3.6363636363636362,0.5173108671161049,0.14226048845692885,0,0,4,0,1.119889326784,4,Typeb,Renault,Food
2026-01-12 21:00:00,0.0,0.0,0.0,1,1,4,80,1.119889326784,4,Typeb,Renault,Food
2026-01-12 22:00:00,0.0,0.0,0.0,1,1,4,80,1.119889326784,4,Typeb,Renault,Food
2026-01-12 23:00:00,0.0,0.0,0.0,1,1,4,80,1.119889326784,4,Typeb,Renault,Food
2026-01-13 00:00:00,0.0,0.0,0.0,1,1,4,80,1.119889326784,4,Typeb,Renault,Food
2026-01-13 01:00:00,0.0,0.0,0.0,1,1,4,80,1.119889326784,4,Typeb,Renault,Food
2026-01-13 02:00:00,0.0,0.0,0.0,1,1,4,80,1.119889326784,4,Typeb,Renault,Food
2026-01-13 03:00:00,0.0,0.0,0.0,1,1,4,80,1.119889326784,4,Typeb,Renault,Food
2026-01-13 04:00:00,0.0,0.0,0.0,1,1,4,80,1.119889326784,4,Typeb,Renault,Food
2026-01-13 05:00:00,0.0,0.0,0.0,1,1,4,80,1.119889326784,4,Typeb,Renault,Food
2026-01-13 06:00:00,0.0,0.0,0.0,1,1,4,80,1.119889326784,4,Typeb,Renault,Food
2026-01-13 07:00:00,5.0,0.56212512,0.11242502400000001,0,0,4,0,1.12425024,4,Typeb,Renault,Food
2026-01-13 08:00:00,5.0,0.7150732183763941,0.14301464367527883,0,0,4,0,1.12425024,4,Typeb,Renault,Food
2026-01-13 09:00:00,5.0,0.56212512,0.11242502400000001,0,0,4,0,1.12425024,4,Typeb,Renault,Food
2026-01-13 10:00:00,5.0,1.3262542973688658,0.2652508594737732,0,0,4,0,1.12425024,4,Typeb,Renault,Food
2026-01-13 11:00:00,5.0,0.56212512,0.11242502400000001,0,0,4,0,1.12425024,4,Typeb,Renault,Food
2026-01-13 12:00:00,5.0,1.145939644642958,0.2291879289285916,0,0,4,0,1.12425024,4,Typeb,Renault,Food
2026-01-13 13:00:00,5.454545454545454,1.3914855995053197,0.255105693242642,0,0,4,0,1.12425024,4,Typeb,Renault,Food
2026-01-13 14:00:00,5.454545454545454,1.6562439649267728,0.30364472690324174,0,0,4,0,1.12425024,4,Typeb,Renault,Food
2026-01-13 15:00:00,5.454545454545454,1.4787169407816598,0.27109810580997096,0,0,4,0,1.12425024,4,Typeb,Renault,Food
2026-01-13 16:00:00,5.454545454545454,1.6154250387539244,0.2961612571048861,0,0,4,0,1.12425024,4,Typeb,Renault,Food
2026-01-13 17:00:00,5.454545454545454,2.759523316363637,0.505912608,0,0,4,0,1.12425024,4,Typeb,Renault,Food
2026-01-13 18:00:00,5.454545454545454,0.6132274036363636,0.11242502400000001,0,0,4,0,1.12425024,4,Typeb,Renault,Food
2026-01-13 19:00:00,0.0,0.0,0.0,1,1,4,80,1.12425024,4,Typeb,Renault,Food
2026-01-13 20:00:00,0.0,0.0,0.0,1,1,4,80,1.12425024,4,Typeb,Renault,Food
2026-01-13 21:00:00,0.0,0.0,0.0,1,1,4,80,1.12425024,4,Typeb,Renault,Food
2026-01-13 22:00:00,0.0,0.0,0.0,1,1,4,80,1.12425024,4,Typeb,Renault,Food
2026-01-13 23:00:00,0.0,0.0,0.0,1,1,4,80,1.12425024,4,Typeb,Renault,Food
2026-01-14 00:00:00,0.0,0.0,0.0,1,1,4,80,1.12425024,4,Typeb,Renault,Food
2026-01-14 01:00:00,0.0,0.0,0.0,1,1,4,80,1.12425024,4,Typeb,Renault,Food
2026-01-14 02:00:00,0.0,0.0,0.0,1,1,4,80,1.12425024,4,Typeb,Renault,Food
2026-01-14 03:00:00,0.0,0.0,0.0,1,1,4,80,1.12425024,4,Typeb,Renault,Food
2026-01-14 04:00:00,0.0,0.0,0.0,1,1,4,80,1.12425024,4,Typeb,Renault,Food
2026-01-14 05:00:00,0.0,0.0,0.0,1,1,4,80,1.12425024,4,Typeb,Renault,Food
2026-01-14 06:00:00,0.0,0.0,0.0,1,1,4,80,1.12425024,4,Typeb,Renault,Food
2026-01-14 07:00:00,0.0,0.0,0.0,1,1,4,80,1.12425024,4,Typeb,Renault,Food
2026-01-14 08:00:00,10.46254500588533,1.153469430536343,0.11024750000000001,0,0,4,0,1.102475,4,Typeb,Renault,Food
2026-01-14 09:00:00,10.46254500588533,4.200314874458968,0.4014620603396431,0,0,4,0,1.102475,4,Typeb,Renault,Food
2026-01-14 10:00:00,10.46254500588533,1.153469430536343,0.11024750000000001,0,0,4,0,1.102475,4,Typeb,Renault,Food
2026-01-14 11:00:00,10.46254500588533,2.5336099031402286,0.2421600004315429,0,0,4,0,1.102475,4,Typeb,Renault,Food
2026-01-14 12:00:00,0.0,0.0,0.0,1,1,4,80,1.102475,4,Typeb,Renault,Food
2026-01-14 13:00:00,9.416290505296796,1.0381224874827086,0.11024750000000001,0,0,4,0,1.102475,4,Typeb,Renault,Food
2026-01-14 14:00:00,9.416290505296796,1.6271900150369363,0.17280584261091125,0,0,4,0,1.102475,4,Typeb,Renault,Food
2026-01-14 15:00:00,9.416290505296796,1.8882792402701774,0.20053323962424413,0,0,4,0,1.102475,4,Typeb,Renault,Food
2026-01-14 16:00:00,9.416290505296796,4.3807687517163725,0.46523296506752077,0,0,4,0,1.102475,4,Typeb,Renault,Food
2026-01-14 17:00:00,9.416290505296796,4.013448463022939,0.4262239425138081,0,0,4,0,1.102475,4,Typeb,Renault,Food
2026-01-14 18:00:00,0.0,0.0,0.0,1,1,4,80,1.102475,4,Typeb,Renault,Food
2026-01-14 19:00:00,0.0,0.0,0.0,1,1,4,80,1.102475,4,Typeb,Renault,Food
2026-01-14 20:00:00,0.0,0.0,0.0,1,1,4,80,1.102475,4,Typeb,Renault,Food
2026-01-14 21:00:00,0.0,0.0,0.0,1,1,4,80,1.102475,4,Typeb,Renault,Food
2026-01-14 22:00:00,0.0,0.0,0.0,1,1,4,80,1.102475,4,Typeb,Renault,Food
2026-01-14 23:00:00,0.0,0.0,0.0,1,1,4,80,1.102475,4,Typeb,Renault,Food
2026-01-01 00:00:00,0.0,0.0,0.0,1,1,5,80,1.0,5,Typeb,Renault,Food
2026-01-01 01:00:00,0.0,0.0,0.0,1,1,5,80,1.0,5,Typeb,Renault,Food
2026-01-01 02:00:00,0.0,0.0,0.0,1,1,5,80,1.0,5,Typeb,Renault,Food
2026-01-01 03:00:00,0.0,0.0,0.0,1,1,5,80,1.0,5,Typeb,Renault,Food
2026-01-01 04:00:00,0.0,0.0,0.0,1,1,5,80,1.0,5,Typeb,Renault,Food
2026-01-01 05:00:00,0.0,0.0,0.0,1,1,5,80,1.0,5,Typeb,Renault,Food
2026-01-01 06:00:00,0.0,0.0,0.0,1,1,5,80,1.0,5,Typeb,Renault,Food
2026-01-01 07:00:00,5.0,1.3805877512927829,0.27611755025855655,0,0,5,0,1.1329772784640002,5,Typeb,Renault,Food
2026-01-01 08:00:00,5.0,0.5664886392320001,0.11329772784640002,0,0,5,0,1.1329772784640002,5,Typeb,Renault,Food
2026-01-01 09:00:00,5.0,0.6094245817566591,0.12188491635133183,0,0,5,0,1.1329772784640002,5,Typeb,Renault,Food
2026-01-01 10:00:00,5.0,1.4011092668440095,0.28022185336880195,0,0,5,0,1.1329772784640002,5,Typeb,Renault,Food
2026-01-01 11:00:00,5.0,1.8296942818981394,0.3659388563796279,0,0,5,0,1.1329772784640002,5,Typeb,Renault,Food
2026-01-01 12:00:00,5.0,1.66611261049258,0.333222522098516,0,0,5,0,1.1329772784640002,5,Typeb,Renault,Food
2026-01-01 13:00:00,0.0,0.0,0.0,1,1,5,80,1.1329772784640002,5,Typeb,Renault,Food
2026-01-01 14:00:00,4.137931034482759,1.3369768299248104,0.32310273389849575,0,0,5,0,1.1329772784640002,5,Typeb,Renault,Food
2026-01-01 15:00:00,4.137931034482759,0.46881818419200016,0.11329772784640002,0,0,5,0,1.1329772784640002,5,Typeb,Renault,Food
2026-01-01 16:00:00,4.137931034482759,0.756225547816341,0.18275450738894905,0,0,5,0,1.1329772784640002,5,Typeb,Renault,Food
2026-01-01 17:00:00,4.137931034482759,0.5845284706148611,0.1412610470652581,0,0,5,0,1.1329772784640002,5,Typeb,Renault,Food
2026-01-01 18:00:00,4.137931034482759,1.4793429099684359,0.3575078699090386,0,0,5,0,1.1329772784640002,5,Typeb,Renault,Food
2026-01-01 19:00:00,4.137931034482759,0.46881818419200016,0.11329772784640002,0,0,5,0,1.1329772784640002,5,Typeb,Renault,Food
2026-01-01 20:00:00,4.137931034482759,1.2524896741699427,0.30268500459106945,0,0,5,0,1.1329772784640002,5,Typeb,Renault,Food
2026-01-01 21:00:00,0.0,0.0,0.0,1,1,5,80,1.1329772784640002,5,Typeb,Renault,Food
2026-01-01 22:00:00,0.0,0.0,0.0,1,1,5,80,1.1329772784640002,5,Typeb,Renault,Food
2026-01-01 23:00:00,0.0,0.0,0.0,1,1,5,80,1.1329772784640002,5,Typeb,Renault,Food
2026-01-02 00:00:00,0.0,0.0,0.0,1,1,5,80,1.1329772784640002,5,Typeb,Renault,Food
2026-01-02 01:00:00,0.0,0.0,0.0,1,1,5,80,1.1329772784640002,5,Typeb,Renault,Food
2026-01-02 02:00:00,0.0,0.0,0.0,1,1,5,80,1.1329772784640002,5,Typeb,Renault,Food
2026-01-02 03:00:00,0.0,0.0,0.0,1,1,5,80,1.1329772784640002,5,Typeb,Renault,Food
2026-01-02 04:00:00,0.0,0.0,0.0,1,1,5,80,1.1329772784640002,5,Typeb,Renault,Food
2026-01-02 05:00:00,6.417904126570102,0.7910644704085208,0.123259004,0,0,5,0,1.23259004,5,Typeb,Renault,Food
2026-01-02 06:00:00,6.417904126570102,1.2158530002685513,0.18944704942458143,0,0,5,0,1.23259004,5,Typeb,Renault,Food
2026-01-02 07:00:00,6.417904126570102,0.7910644704085208,0.123259004,0,0,5,0,1.23259004,5,Typeb,Renault,Food
2026-01-02 08:00:00,6.417904126570102,0.7910644704085208,0.123259004,0,0,5,0,1.23259004,5,Typeb,Renault,Food
2026-01-02 09:00:00,6.417904126570102,0.7910644704085208,0.123259004,0,0,5,0,1.23259004,5,Typeb,Renault,Food
2026-01-02 10:00:00,6.417904126570102,1.8869743428208803,0.2940172220723605,0,0,5,0,1.23259004,5,Typeb,Renault,Food
2026-01-02 11:00:00,6.417904126570102,0.9744185221574859,0.15182815182972217,0,0,5,0,1.23259004,5,Typeb,Renault,Food
2026-01-02 12:00:00,0.0,0.0,0.0,1,1,5,80,1.23259004,5,Typeb,Renault,Food
2026-01-02 13:00:00,0.0,0.0,0.0,1,1,5,80,1.23259004,5,Typeb,Renault,Food
2026-01-02 14:00:00,10.339956648362943,3.3784947963449463,0.3267416790262695,0,0,5,0,1.23259004,5,Typeb,Renault,Food
2026-01-02 15:00:00,10.339956648362943,3.2707911364177193,0.3163254206617551,0,0,5,0,1.23259004,5,Typeb,Renault,Food
2026-01-02 16:00:00,10.339956648362943,3.838484790850865,0.3712283253584614,0,0,5,0,1.23259004,5,Typeb,Renault,Food
2026-01-02 17:00:00,10.339956648362943,1.2744927578803946,0.123259004,0,0,5,0,1.23259004,5,Typeb,Renault,Food
2026-01-02 18:00:00,0.0,0.0,0.0,1,1,5,80,1.23259004,5,Typeb,Renault,Food
2026-01-02 19:00:00,0.0,0.0,0.0,1,1,5,80,1.23259004,5,Typeb,Renault,Food
2026-01-02 20:00:00,0.0,0.0,0.0,1,1,5,80,1.23259004,5,Typeb,Renault,Food
2026-01-02 21:00:00,0.0,0.0,0.0,1,1,5,80,1.23259004,5,Typeb,Renault,Food
2026-01-02 22:00:00,0.0,0.0,0.0,1,1,5,80,1.23259004,5,Typeb,Renault,Food
2026-01-02 23:00:00,0.0,0.0,0.0,1,1,5,80,1.23259004,5,Typeb,Renault,Food
2026-01-03 00:00:00,0.0,0.0,0.0,1,1,5,80,1.23259004,5,Typeb,Renault,Food
2026-01-03 01:00:00,0.0,0.0,0.0,1,1,5,80,1.23259004,5,Typeb,Renault,Food
2026-01-03 02:00:00,0.0,0.0,0.0,1,1,5,80,1.23259004,5,Typeb,Renault,Food
2026-01-03 03:00:00,0.0,0.0,0.0,1,1,5,80,1.23259004,5,Typeb,Renault,Food
2026-01-03 04:00:00,0.0,0.0,0.0,1,1,5,80,1.23259004,5,Typeb,Renault,Food
2026-01-03 05:00:00,0.0,0.0,0.0,1,1,5,80,1.23259004,5,Typeb,Renault,Food
2026-01-03 06:00:00,0.0,0.0,0.0,1,1,5,80,1.23259004,5,Typeb,Renault,Food
2026-01-03 07:00:00,0.0,0.0,0.0,1,1,5,80,1.23259004,5,Typeb,Renault,Food
2026-01-03 08:00:00,0.0,0.0,0.0,1,1,5,80,1.23259004,5,Typeb,Renault,Food
2026-01-03 09:00:00,9.477201255250083,1.145840079526878,0.1209049010004,0,0,5,0,1.209049010004,5,Typeb,Renault,Food
2026-01-03 10:00:00,9.477201255250083,3.063982796275283,0.3233003830722629,0,0,5,0,1.209049010004,5,Typeb,Renault,Food
2026-01-03 11:00:00,9.477201255250083,3.578373721954271,0.3775770531381256,0,0,5,0,1.209049010004,5,Typeb,Renault,Food
2026-01-03 12:00:00,9.477201255250083,1.145840079526878,0.1209049010004,0,0,5,0,1.209049010004,5,Typeb,Renault,Food
2026-01-03 13:00:00,5.768731198847877,1.4502186573504727,0.25139300261383446,0,0,5,0,1.209049010004,5,Typeb,Renault,Food
2026-01-03 14:00:00,5.768731198847877,0.6974678744946213,0.1209049010004,0,0,5,0,1.209049010004,5,Typeb,Renault,Food
2026-01-03 15:00:00,5.768731198847877,0.9057811892200547,0.1570156691303204,0,0,5,0,1.209049010004,5,Typeb,Renault,Food
2026-01-03 16:00:00,5.768731198847877,2.153703354920592,0.37334090993019864,0,0,5,0,1.209049010004,5,Typeb,Renault,Food
2026-01-03 17:00:00,5.768731198847877,0.6974678744946213,0.1209049010004,0,0,5,0,1.209049010004,5,Typeb,Renault,Food
2026-01-03 18:00:00,5.768731198847877,2.017825622888771,0.3497867301031063,0,0,5,0,1.209049010004,5,Typeb,Renault,Food
2026-01-03 19:00:00,0.0,0.0,0.0,1,1,5,80,1.209049010004,5,Typeb,Renault,Food
2026-01-03 20:00:00,0.0,0.0,0.0,1,1,5,80,1.209049010004,5,Typeb,Renault,Food
2026-01-03 21:00:00,0.0,0.0,0.0,1,1,5,80,1.209049010004,5,Typeb,Renault,Food
2026-01-03 22:00:00,0.0,0.0,0.0,1,1,5,80,1.209049010004,5,Typeb,Renault,Food
2026-01-03 23:00:00,0.0,0.0,0.0,1,1,5,80,1.209049010004,5,Typeb,Renault,Food
2026-01-04 00:00:00,0.0,0.0,0.0,1,1,5,80,1.209049010004,5,Typeb,Renault,Food
2026-01-04 01:00:00,0.0,0.0,0.0,1,1,5,80,1.209049010004,5,Typeb,Renault,Food
2026-01-04 02:00:00,0.0,0.0,0.0,1,1,5,80,1.209049010004,5,Typeb,Renault,Food
2026-01-04 03:00:00,0.0,0.0,0.0,1,1,5,80,1.209049010004,5,Typeb,Renault,Food
2026-01-04 04:00:00,0.0,0.0,0.0,1,1,5,80,1.209049010004,5,Typeb,Renault,Food
2026-01-04 05:00:00,0.0,0.0,0.0,1,1,5,80,1.209049010004,5,Typeb,Renault,Food
2026-01-04 06:00:00,0.0,0.0,0.0,1,1,5,80,1.209049010004,5,Typeb,Renault,Food
2026-01-04 07:00:00,0.0,0.0,0.0,1,1,5,80,1.209049010004,5,Typeb,Renault,Food
2026-01-04 08:00:00,0.0,0.0,0.0,1,1,5,80,1.209049010004,5,Typeb,Renault,Food
2026-01-04 09:00:00,10.909090909090908,1.4236692572727272,0.13050301525000002,0,0,5,0,1.3050301525,5,Typeb,Renault,Food
2026-01-04 10:00:00,10.909090909090908,1.4236692572727272,0.13050301525000002,0,0,5,0,1.3050301525,5,Typeb,Renault,Food
2026-01-04 11:00:00,10.909090909090908,2.8012999704444805,0.2567858306240774,0,0,5,0,1.3050301525,5,Typeb,Renault,Food
2026-01-04 12:00:00,0.0,0.0,0.0,1,1,5,80,1.3050301525,5,Typeb,Renault,Food
2026-01-04 13:00:00,5.0,2.3224041660974075,0.4644808332194815,0,0,5,0,1.3050301525,5,Typeb,Renault,Food
2026-01-04 14:00:00,5.0,0.775309277280326,0.1550618554560652,0,0,5,0,1.3050301525,5,Typeb,Renault,Food
2026-01-04 15:00:00,5.0,0.65251507625,0.13050301525000002,0,0,5,0,1.3050301525,5,Typeb,Renault,Food
2026-01-04 16:00:00,5.0,0.65251507625,0.13050301525000002,0,0,5,0,1.3050301525,5,Typeb,Renault,Food
2026-01-04 17:00:00,5.0,1.5851808502574207,0.31703617005148416,0,0,5,0,1.3050301525,5,Typeb,Renault,Food
2026-01-04 18:00:00,5.0,1.8348571095515174,0.3669714219103035,0,0,5,0,1.3050301525,5,Typeb,Renault,Food
2026-01-04 19:00:00,0.0,0.0,0.0,1,1,5,80,1.3050301525,5,Typeb,Renault,Food
2026-01-04 20:00:00,0.0,0.0,0.0,1,1,5,80,1.3050301525,5,Typeb,Renault,Food
2026-01-04 21:00:00,0.0,0.0,0.0,1,1,5,80,1.3050301525,5,Typeb,Renault,Food
2026-01-04 22:00:00,0.0,0.0,0.0,1,1,5,80,1.3050301525,5,Typeb,Renault,Food
2026-01-04 23:00:00,0.0,0.0,0.0,1,1,5,80,1.3050301525,5,Typeb,Renault,Food
2026-01-05 00:00:00,0.0,0.0,0.0,1,1,5,80,1.3050301525,5,Typeb,Renault,Food
2026-01-05 01:00:00,0.0,0.0,0.0,1,1,5,80,1.3050301525,5,Typeb,Renault,Food
2026-01-05 02:00:00,0.0,0.0,0.0,1,1,5,80,1.3050301525,5,Typeb,Renault,Food
2026-01-05 03:00:00,0.0,0.0,0.0,1,1,5,80,1.3050301525,5,Typeb,Renault,Food
2026-01-05 04:00:00,0.0,0.0,0.0,1,1,5,80,1.3050301525,5,Typeb,Renault,Food
2026-01-05 05:00:00,7.998161971551309,3.733748256008981,0.4668257868857324,0,0,5,0,1.226197579604,5,Typeb,Renault,Food
2026-01-05 06:00:00,7.998161971551309,2.3663851550435715,0.29586612067379675,0,0,5,0,1.226197579604,5,Typeb,Renault,Food
2026-01-05 07:00:00,7.998161971551309,2.0647241737450206,0.2581498325601614,0,0,5,0,1.226197579604,5,Typeb,Renault,Food
2026-01-05 08:00:00,7.998161971551309,1.4186345237213658,0.17737006686877713,0,0,5,0,1.226197579604,5,Typeb,Renault,Food
2026-01-05 09:00:00,7.998161971551309,1.9524235966186239,0.2441090344960763,0,0,5,0,1.226197579604,5,Typeb,Renault,Food
2026-01-05 10:00:00,7.998161971551309,0.9807326850796974,0.12261975796040002,0,0,5,0,1.226197579604,5,Typeb,Renault,Food
2026-01-05 11:00:00,7.998161971551309,2.2866573165179678,0.28589785061260165,0,0,5,0,1.226197579604,5,Typeb,Renault,Food
2026-01-05 12:00:00,7.998161971551309,1.834753019247825,0.2293968321439181,0,0,5,0,1.226197579604,5,Typeb,Renault,Food
2026-01-05 13:00:00,10.906584506660876,5.710059262113546,0.5235423847517336,0,0,5,0,1.226197579604,5,Typeb,Renault,Food
2026-01-05 14:00:00,10.906584506660876,2.368441530942168,0.21715703293691183,0,0,5,0,1.226197579604,5,Typeb,Renault,Food
2026-01-05 15:00:00,10.906584506660876,3.9822684741590377,0.3651251656031258,0,0,5,0,1.226197579604,5,Typeb,Renault,Food
2026-01-05 16:00:00,10.906584506660876,1.3373627523814056,0.12261975796040002,0,0,5,0,1.226197579604,5,Typeb,Renault,Food
2026-01-05 17:00:00,10.906584506660876,1.3373627523814056,0.12261975796040002,0,0,5,0,1.226197579604,5,Typeb,Renault,Food
2026-01-05 18:00:00,10.906584506660876,3.9256067990937153,0.35992998511094526,0,0,5,0,1.226197579604,5,Typeb,Renault,Food
2026-01-05 19:00:00,0.0,0.0,0.0,1,1,5,80,1.226197579604,5,Typeb,Renault,Food
2026-01-05 20:00:00,0.0,0.0,0.0,1,1,5,80,1.226197579604,5,Typeb,Renault,Food
2026-01-05 21:00:00,0.0,0.0,0.0,1,1,5,80,1.226197579604,5,Typeb,Renault,Food
2026-01-05 22:00:00,0.0,0.0,0.0,1,1,5,80,1.226197579604,5,Typeb,Renault,Food
2026-01-05 23:00:00,0.0,0.0,0.0,1,1,5,80,1.226197579604,5,Typeb,Renault,Food
2026-01-06 00:00:00,0.0,0.0,0.0,1,1,5,80,1.226197579604,5,Typeb,Renault,Food
2026-01-06 01:00:00,0.0,0.0,0.0,1,1,5,80,1.226197579604,5,Typeb,Renault,Food
2026-01-06 02:00:00,0.0,0.0,0.0,1,1,5,80,1.226197579604,5,Typeb,Renault,Food
2026-01-06 03:00:00,0.0,0.0,0.0,1,1,5,80,1.226197579604,5,Typeb,Renault,Food
2026-01-06 04:00:00,0.0,0.0,0.0,1,1,5,80,1.226197579604,5,Typeb,Renault,Food
2026-01-06 05:00:00,0.0,0.0,0.0,1,1,5,80,1.226197579604,5,Typeb,Renault,Food
2026-01-06 06:00:00,0.0,0.0,0.0,1,1,5,80,1.226197579604,5,Typeb,Renault,Food
2026-01-06 07:00:00,6.0,1.8050070049900768,0.3008345008316795,0,0,5,0,1.3306301459840002,5,Typeb,Renault,Food
2026-01-06 08:00:00,6.0,2.4199791544249454,0.40332985907082425,0,0,5,0,1.3306301459840002,5,Typeb,Renault,Food
2026-01-06 09:00:00,6.0,1.3137423635025014,0.21895706058375022,0,0,5,0,1.3306301459840002,5,Typeb,Renault,Food
2026-01-06 10:00:00,6.0,2.1637470250785436,0.3606245041797573,0,0,5,0,1.3306301459840002,5,Typeb,Renault,Food
2026-01-06 11:00:00,6.0,0.7983780875904002,0.13306301459840003,0,0,5,0,1.3306301459840002,5,Typeb,Renault,Food
2026-01-06 12:00:00,0.0,0.0,0.0,1,1,5,80,1.3306301459840002,5,Typeb,Renault,Food
2026-01-06 13:00:00,0.0,0.0,0.0,1,1,5,80,1.3306301459840002,5,Typeb,Renault,Food
2026-01-06 14:00:00,6.666666666666667,0.8870867639893336,0.13306301459840003,0,0,5,0,1.3306301459840002,5,Typeb,Renault,Food
2026-01-06 15:00:00,6.666666666666667,3.667827934754436,0.5501741902131654,0,0,5,0,1.3306301459840002,5,Typeb,Renault,Food
2026-01-06 16:00:00,6.666666666666667,1.7920985248054642,0.2688147787208196,0,0,5,0,1.3306301459840002,5,Typeb,Renault,Food
2026-01-06 17:00:00,6.666666666666667,1.5061388736835204,0.22592083105252803,0,0,5,0,1.3306301459840002,5,Typeb,Renault,Food
2026-01-06 18:00:00,0.0,0.0,0.0,1,1,5,80,1.3306301459840002,5,Typeb,Renault,Food
2026-01-06 19:00:00,0.0,0.0,0.0,1,1,5,80,1.3306301459840002,5,Typeb,Renault,Food
2026-01-06 20:00:00,0.0,0.0,0.0,1,1,5,80,1.3306301459840002,5,Typeb,Renault,Food
2026-01-06 21:00:00,0.0,0.0,0.0,1,1,5,80,1.3306301459840002,5,Typeb,Renault,Food
2026-01-06 22:00:00,0.0,0.0,0.0,1,1,5,80,1.3306301459840002,5,Typeb,Renault,Food
2026-01-06 23:00:00,0.0,0.0,0.0,1,1,5,80,1.3306301459840002,5,Typeb,Renault,Food
2026-01-07 00:00:00,0.0,0.0,0.0,1,1,5,80,1.3306301459840002,5,Typeb,Renault,Food
2026-01-07 01:00:00,0.0,0.0,0.0,1,1,5,80,1.3306301459840002,5,Typeb,Renault,Food
2026-01-07 02:00:00,0.0,0.0,0.0,1,1,5,80,1.3306301459840002,5,Typeb,Renault,Food
2026-01-07 03:00:00,0.0,0.0,0.0,1,1,5,80,1.3306301459840002,5,Typeb,Renault,Food
2026-01-07 04:00:00,0.0,0.0,0.0,1,1,5,80,1.3306301459840002,5,Typeb,Renault,Food
2026-01-07 05:00:00,0.0,0.0,0.0,1,1,5,80,1.3306301459840002,5,Typeb,Renault,Food
2026-01-07 06:00:00,8.30733620348979,2.894229189385976,0.3483943731770664,0,0,5,0,1.282756305344,5,Typeb,Renault,Food
2026-01-07 07:00:00,8.30733620348979,2.8375446038305605,0.34157093613697126,0,0,5,0,1.282756305344,5,Typeb,Renault,Food
2026-01-07 08:00:00,8.30733620348979,2.520716568402991,0.30343259339185946,0,0,5,0,1.282756305344,5,Typeb,Renault,Food
2026-01-07 09:00:00,8.30733620348979,1.0656287895639016,0.12827563053440003,0,0,5,0,1.282756305344,5,Typeb,Renault,Food
2026-01-07 10:00:00,8.30733620348979,1.0656287895639016,0.12827563053440003,0,0,5,0,1.282756305344,5,Typeb,Renault,Food
2026-01-07 11:00:00,8.30733620348979,1.0656287895639016,0.12827563053440003,0,0,5,0,1.282756305344,5,Typeb,Renault,Food
2026-01-07 12:00:00,0.0,0.0,0.0,1,1,5,80,1.282756305344,5,Typeb,Renault,Food
2026-01-07 13:00:00,0.0,0.0,0.0,1,1,5,80,1.282756305344,5,Typeb,Renault,Food
2026-01-07 14:00:00,9.494098518274045,4.901894453369907,0.5163096258096377,0,0,5,0,1.282756305344,5,Typeb,Renault,Food
2026-01-07 15:00:00,9.494098518274045,2.2388839490089776,0.2358184871053971,0,0,5,0,1.282756305344,5,Typeb,Renault,Food
2026-01-07 16:00:00,9.494098518274045,1.2178614737873161,0.12827563053440003,0,0,5,0,1.282756305344,5,Typeb,Renault,Food
2026-01-07 17:00:00,9.494098518274045,2.5831964681816415,0.27208443889744327,0,0,5,0,1.282756305344,5,Typeb,Renault,Food
2026-01-07 18:00:00,9.494098518274045,1.2178614737873161,0.12827563053440003,0,0,5,0,1.282756305344,5,Typeb,Renault,Food
2026-01-07 19:00:00,0.0,0.0,0.0,1,1,5,80,1.282756305344,5,Typeb,Renault,Food
2026-01-07 20:00:00,0.0,0.0,0.0,1,1,5,80,1.282756305344,5,Typeb,Renault,Food
2026-01-07 21:00:00,0.0,0.0,0.0,1,1,5,80,1.282756305344,5,Typeb,Renault,Food
2026-01-07 22:00:00,0.0,0.0,0.0,1,1,5,80,1.282756305344,5,Typeb,Renault,Food
2026-01-07 23:00:00,0.0,0.0,0.0,1,1,5,80,1.282756305344,5,Typeb,Renault,Food
2026-01-08 00:00:00,0.0,0.0,0.0,1,1,5,80,1.282756305344,5,Typeb,Renault,Food
2026-01-08 01:00:00,0.0,0.0,0.0,1,1,5,80,1.282756305344,5,Typeb,Renault,Food
2026-01-08 02:00:00,0.0,0.0,0.0,1,1,5,80,1.282756305344,5,Typeb,Renault,Food
2026-01-08 03:00:00,0.0,0.0,0.0,1,1,5,80,1.282756305344,5,Typeb,Renault,Food
2026-01-08 04:00:00,0.0,0.0,0.0,1,1,5,80,1.282756305344,5,Typeb,Renault,Food
2026-01-08 05:00:00,5.542508733073908,0.8109064205623313,0.14630674656828152,0,0,5,0,1.176585222144,5,Typeb,Renault,Food
2026-01-08 06:00:00,5.542508733073908,2.7225544936315393,0.4912133881513244,0,0,5,0,1.176585222144,5,Typeb,Renault,Food
2026-01-08 07:00:00,5.542508733073908,1.7428687406800962,0.31445484790666106,0,0,5,0,1.176585222144,5,Typeb,Renault,Food
2026-01-08 08:00:00,5.542508733073908,0.6521233868938825,0.11765852221440001,0,0,5,0,1.176585222144,5,Typeb,Renault,Food
2026-01-08 09:00:00,5.542508733073908,0.6521233868938825,0.11765852221440001,0,0,5,0,1.176585222144,5,Typeb,Renault,Food
2026-01-08 10:00:00,5.542508733073908,0.6521233868938825,0.11765852221440001,0,0,5,0,1.176585222144,5,Typeb,Renault,Food
2026-01-08 11:00:00,5.542508733073908,0.7995947668601062,0.14426585601727074,0,0,5,0,1.176585222144,5,Typeb,Renault,Food
2026-01-08 12:00:00,0.0,0.0,0.0,1,1,5,80,1.176585222144,5,Typeb,Renault,Food
2026-01-08 13:00:00,8.313763099610863,1.4599110001530773,0.17560170799447128,0,0,5,0,1.176585222144,5,Typeb,Renault,Food
2026-01-08 14:00:00,8.313763099610863,1.2838711865997359,0.1544272035680003,0,0,5,0,1.176585222144,5,Typeb,Renault,Food
2026-01-08 15:00:00,8.313763099610863,1.6527852193028243,0.19880109638680768,0,0,5,0,1.176585222144,5,Typeb,Renault,Food
2026-01-08 16:00:00,8.313763099610863,3.8163717428299755,0.4590426377447062,0,0,5,0,1.176585222144,5,Typeb,Renault,Food
2026-01-08 17:00:00,8.313763099610863,3.582614646681458,0.43092575573258124,0,0,5,0,1.176585222144,5,Typeb,Renault,Food
2026-01-08 18:00:00,0.0,0.0,0.0,1,1,5,80,1.176585222144,5,Typeb,Renault,Food
2026-01-08 19:00:00,0.0,0.0,0.0,1,1,5,80,1.176585222144,5,Typeb,Renault,Food
2026-01-08 20:00:00,0.0,0.0,0.0,1,1,5,80,1.176585222144,5,Typeb,Renault,Food
2026-01-08 21:00:00,0.0,0.0,0.0,1,1,5,80,1.176585222144,5,Typeb,Renault,Food
2026-01-08 22:00:00,0.0,0.0,0.0,1,1,5,80,1.176585222144,5,Typeb,Renault,Food
2026-01-08 23:00:00,0.0,0.0,0.0,1,1,5,80,1.176585222144,5,Typeb,Renault,Food
2026-01-09 00:00:00,0.0,0.0,0.0,1,1,5,80,1.176585222144,5,Typeb,Renault,Food
2026-01-09 01:00:00,0.0,0.0,0.0,1,1,5,80,1.176585222144,5,Typeb,Renault,Food
2026-01-09 02:00:00,0.0,0.0,0.0,1,1,5,80,1.176585222144,5,Typeb,Renault,Food
2026-01-09 03:00:00,0.0,0.0,0.0,1,1,5,80,1.176585222144,5,Typeb,Renault,Food
2026-01-09 04:00:00,0.0,0.0,0.0,1,1,5,80,1.176585222144,5,Typeb,Renault,Food
2026-01-09 05:00:00,0.0,0.0,0.0,1,1,5,80,1.176585222144,5,Typeb,Renault,Food
2026-01-09 06:00:00,0.0,0.0,0.0,1,1,5,80,1.176585222144,5,Typeb,Renault,Food
2026-01-09 07:00:00,0.0,0.0,0.0,1,1,5,80,1.176585222144,5,Typeb,Renault,Food
2026-01-09 08:00:00,8.385893781161602,3.923775364352089,0.46790186791616784,0,0,5,0,1.137342385344,5,Typeb,Renault,Food
2026-01-09 09:00:00,8.385893781161602,3.1774873544448745,0.3789086097874153,0,0,5,0,1.137342385344,5,Typeb,Renault,Food
2026-01-09 10:00:00,8.385893781161602,2.162424192371435,0.257864486338855,0,0,5,0,1.137342385344,5,Typeb,Renault,Food
2026-01-09 11:00:00,8.385893781161602,1.193944714990564,0.14237536822523175,0,0,5,0,1.137342385344,5,Typeb,Renault,Food
2026-01-09 12:00:00,8.385893781161602,1.2165850649277998,0.14507518180838203,0,0,5,0,1.137342385344,5,Typeb,Renault,Food
2026-01-09 13:00:00,0.0,0.0,0.0,1,1,5,80,1.137342385344,5,Typeb,Renault,Food
2026-01-09 14:00:00,5.78337502149076,1.1856628240011906,0.20501226698862193,0,0,5,0,1.137342385344,5,Typeb,Renault,Food
2026-01-09 15:00:00,5.78337502149076,0.6577677542281207,0.1137342385344,0,0,5,0,1.137342385344,5,Typeb,Renault,Food
2026-01-09 16:00:00,5.78337502149076,0.9856247115309112,0.17042379369630611,0,0,5,0,1.137342385344,5,Typeb,Renault,Food
2026-01-09 17:00:00,5.78337502149076,2.4442995208837277,0.42264240375227635,0,0,5,0,1.137342385344,5,Typeb,Renault,Food
2026-01-09 18:00:00,5.78337502149076,1.2598378306282336,0.21783782409868516,0,0,5,0,1.137342385344,5,Typeb,Renault,Food
2026-01-09 19:00:00,5.78337502149076,2.30155822147817,0.3979610889706588,0,0,5,0,1.137342385344,5,Typeb,Renault,Food
2026-01-09 20:00:00,5.78337502149076,1.1377168329414045,0.19672195365399966,0,0,5,0,1.137342385344,5,Typeb,Renault,Food
2026-01-09 21:00:00,0.0,0.0,0.0,1,1,5,80,1.137342385344,5,Typeb,Renault,Food
2026-01-09 22:00:00,0.0,0.0,0.0,1,1,5,80,1.137342385344,5,Typeb,Renault,Food
2026-01-09 23:00:00,0.0,0.0,0.0,1,1,5,80,1.137342385344,5,Typeb,Renault,Food
2026-01-10 00:00:00,0.0,0.0,0.0,1,1,5,80,1.137342385344,5,Typeb,Renault,Food
2026-01-10 01:00:00,0.0,0.0,0.0,1,1,5,80,1.137342385344,5,Typeb,Renault,Food
2026-01-10 02:00:00,0.0,0.0,0.0,1,1,5,80,1.137342385344,5,Typeb,Renault,Food
2026-01-10 03:00:00,0.0,0.0,0.0,1,1,5,80,1.137342385344,5,Typeb,Renault,Food
2026-01-10 04:00:00,0.0,0.0,0.0,1,1,5,80,1.137342385344,5,Typeb,Renault,Food
2026-01-10 05:00:00,0.0,0.0,0.0,1,1,5,80,1.137342385344,5,Typeb,Renault,Food
2026-01-10 06:00:00,0.0,0.0,0.0,1,1,5,80,1.137342385344,5,Typeb,Renault,Food
2026-01-10 07:00:00,0.0,0.0,0.0,1,1,5,80,1.137342385344,5,Typeb,Renault,Food
2026-01-10 08:00:00,0.0,0.0,0.0,1,1,5,80,1.137342385344,5,Typeb,Renault,Food
2026-01-10 09:00:00,10.0,4.850109012922839,0.48501090129228386,0,0,5,0,1.18961004,5,Typeb,Renault,Food
2026-01-10 10:00:00,10.0,1.18961004,0.11896100400000001,0,0,5,0,1.18961004,5,Typeb,Renault,Food
2026-01-10 11:00:00,10.0,5.35324518,0.535324518,0,0,5,0,1.18961004,5,Typeb,Renault,Food
2026-01-10 12:00:00,0.0,0.0,0.0,1,1,5,80,1.18961004,5,Typeb,Renault,Food
2026-01-10 13:00:00,4.137931034482759,1.0658605718303176,0.25758297152566006,0,0,5,0,1.18961004,5,Typeb,Renault,Food
2026-01-10 14:00:00,4.137931034482759,0.4922524303448277,0.11896100400000001,0,0,5,0,1.18961004,5,Typeb,Renault,Food
2026-01-10 15:00:00,4.137931034482759,0.4922524303448277,0.11896100400000001,0,0,5,0,1.18961004,5,Typeb,Renault,Food
2026-01-10 16:00:00,4.137931034482759,1.7216171880918523,0.41605748712219764,0,0,5,0,1.18961004,5,Typeb,Renault,Food
2026-01-10 17:00:00,4.137931034482759,0.4922524303448277,0.11896100400000001,0,0,5,0,1.18961004,5,Typeb,Renault,Food
2026-01-10 18:00:00,4.137931034482759,1.4766684206088483,0.35686153498047163,0,0,5,0,1.18961004,5,Typeb,Renault,Food
2026-01-10 19:00:00,4.137931034482759,1.6011461188982332,0.3869436454004063,0,0,5,0,1.18961004,5,Typeb,Renault,Food
2026-01-10 20:00:00,0.0,0.0,0.0,1,1,5,80,1.18961004,5,Typeb,Renault,Food
2026-01-10 21:00:00,0.0,0.0,0.0,1,1,5,80,1.18961004,5,Typeb,Renault,Food
2026-01-10 22:00:00,0.0,0.0,0.0,1,1,5,80,1.18961004,5,Typeb,Renault,Food
2026-01-10 23:00:00,0.0,0.0,0.0,1,1,5,80,1.18961004,5,Typeb,Renault,Food
2026-01-11 00:00:00,0.0,0.0,0.0,1,1,5,80,1.18961004,5,Typeb,Renault,Food
2026-01-11 01:00:00,0.0,0.0,0.0,1,1,5,80,1.18961004,5,Typeb,Renault,Food
2026-01-11 02:00:00,0.0,0.0,0.0,1,1,5,80,1.18961004,5,Typeb,Renault,Food
2026-01-11 03:00:00,0.0,0.0,0.0,1,1,5,80,1.18961004,5,Typeb,Renault,Food
2026-01-11 04:00:00,0.0,0.0,0.0,1,1,5,80,1.18961004,5,Typeb,Renault,Food
2026-01-11 05:00:00,0.0,0.0,0.0,1,1,5,80,1.18961004,5,Typeb,Renault,Food
2026-01-11 06:00:00,0.0,0.0,0.0,1,1,5,80,1.18961004,5,Typeb,Renault,Food
2026-01-11 07:00:00,0.0,0.0,0.0,1,1,5,80,1.18961004,5,Typeb,Renault,Food
2026-01-11 08:00:00,0.0,0.0,0.0,1,1,5,80,1.18961004,5,Typeb,Renault,Food
2026-01-11 09:00:00,9.23076923076923,1.0357564735790767,0.1122069513044,0,0,5,0,1.122069513044,5,Typeb,Renault,Food
2026-01-11 10:00:00,9.23076923076923,2.5125445789810485,0.27219232938961363,0,0,5,0,1.122069513044,5,Typeb,Renault,Food
2026-01-11 11:00:00,9.23076923076923,1.8904338233066615,0.20479699752488834,0,0,5,0,1.122069513044,5,Typeb,Renault,Food
2026-01-11 12:00:00,9.23076923076923,1.0357564735790767,0.1122069513044,0,0,5,0,1.122069513044,5,Typeb,Renault,Food
2026-01-11 13:00:00,5.217391304347826,1.7595980728629108,0.33725629729872453,0,0,5,0,1.122069513044,5,Typeb,Renault,Food
2026-01-11 14:00:00,5.217391304347826,0.5854275720229565,0.1122069513044,0,0,5,0,1.122069513044,5,Typeb,Renault,Food
2026-01-11 15:00:00,5.217391304347826,0.5854275720229565,0.1122069513044,0,0,5,0,1.122069513044,5,Typeb,Renault,Food
2026-01-11 16:00:00,5.217391304347826,0.5854275720229565,0.1122069513044,0,0,5,0,1.122069513044,5,Typeb,Renault,Food
2026-01-11 17:00:00,5.217391304347826,1.1187189635479042,0.21442113468001495,0,0,5,0,1.122069513044,5,Typeb,Renault,Food
2026-01-11 18:00:00,5.217391304347826,2.3117483600341564,0.44308510233987997,0,0,5,0,1.122069513044,5,Typeb,Renault,Food
2026-01-11 19:00:00,0.0,0.0,0.0,1,1,5,80,1.122069513044,5,Typeb,Renault,Food
2026-01-11 20:00:00,0.0,0.0,0.0,1,1,5,80,1.122069513044,5,Typeb,Renault,Food
2026-01-11 21:00:00,0.0,0.0,0.0,1,1,5,80,1.122069513044,5,Typeb,Renault,Food
2026-01-11 22:00:00,0.0,0.0,0.0,1,1,5,80,1.122069513044,5,Typeb,Renault,Food
2026-01-11 23:00:00,0.0,0.0,0.0,1,1,5,80,1.122069513044,5,Typeb,Renault,Food
2026-01-12 00:00:00,0.0,0.0,0.0,1,1,5,80,1.122069513044,5,Typeb,Renault,Food
2026-01-12 01:00:00,0.0,0.0,0.0,1,1,5,80,1.122069513044,5,Typeb,Renault,Food
2026-01-12 02:00:00,0.0,0.0,0.0,1,1,5,80,1.122069513044,5,Typeb,Renault,Food
2026-01-12 03:00:00,0.0,0.0,0.0,1,1,5,80,1.122069513044,5,Typeb,Renault,Food
2026-01-12 04:00:00,0.0,0.0,0.0,1,1,5,80,1.122069513044,5,Typeb,Renault,Food
2026-01-12 05:00:00,0.0,0.0,0.0,1,1,5,80,1.122069513044,5,Typeb,Renault,Food
2026-01-12 06:00:00,5.8593435206545275,0.6561816270741991,0.1119889326784,0,0,5,0,1.119889326784,5,Typeb,Renault,Food
2026-01-12 07:00:00,5.8593435206545275,0.6561816270741991,0.1119889326784,0,0,5,0,1.119889326784,5,Typeb,Renault,Food
2026-01-12 08:00:00,5.8593435206545275,1.5903982529578633,0.2714294267526075,0,0,5,0,1.119889326784,5,Typeb,Renault,Food
2026-01-12 09:00:00,5.8593435206545275,0.6561816270741991,0.1119889326784,0,0,5,0,1.119889326784,5,Typeb,Renault,Food
2026-01-12 10:00:00,5.8593435206545275,1.9810756459208343,0.3381053933665823,0,0,5,0,1.119889326784,5,Typeb,Renault,Food
2026-01-12 11:00:00,5.8593435206545275,1.7162670533579099,0.2929111507642398,0,0,5,0,1.119889326784,5,Typeb,Renault,Food
2026-01-12 12:00:00,0.0,0.0,0.0,1,1,5,80,1.119889326784,5,Typeb,Renault,Food
2026-01-12 13:00:00,4.8491118791623675,2.3329406149630905,0.48110678266430956,0,0,5,0,1.119889326784,5,Typeb,Renault,Food
2026-01-12 14:00:00,4.8491118791623675,0.5430468637855441,0.1119889326784,0,0,5,0,1.119889326784,5,Typeb,Renault,Food
2026-01-12 15:00:00,4.8491118791623675,1.499035732656296,0.3091361408050743,0,0,5,0,1.119889326784,5,Typeb,Renault,Food
2026-01-12 16:00:00,4.8491118791623675,1.3170073507903637,0.27159764171452,0,0,5,0,1.119889326784,5,Typeb,Renault,Food
2026-01-12 17:00:00,4.8491118791623675,1.2304201702916848,0.2537413450036189,0,0,5,0,1.119889326784,5,Typeb,Renault,Food
2026-01-12 18:00:00,4.8491118791623675,0.5430468637855441,0.1119889326784,0,0,5,0,1.119889326784,5,Typeb,Renault,Food
2026-01-12 19:00:00,4.8491118791623675,0.7207943078298489,0.148644602515205,0,0,5,0,1.119889326784,5,Typeb,Renault,Food
2026-01-12 20:00:00,0.0,0.0,0.0,1,1,5,80,1.119889326784,5,Typeb,Renault,Food
2026-01-12 21:00:00,0.0,0.0,0.0,1,1,5,80,1.119889326784,5,Typeb,Renault,Food
2026-01-12 22:00:00,0.0,0.0,0.0,1,1,5,80,1.119889326784,5,Typeb,Renault,Food
2026-01-12 23:00:00,0.0,0.0,0.0,1,1,5,80,1.119889326784,5,Typeb,Renault,Food
2026-01-13 00:00:00,0.0,0.0,0.0,1,1,5,80,1.119889326784,5,Typeb,Renault,Food
2026-01-13 01:00:00,0.0,0.0,0.0,1,1,5,80,1.119889326784,5,Typeb,Renault,Food
2026-01-13 02:00:00,0.0,0.0,0.0,1,1,5,80,1.119889326784,5,Typeb,Renault,Food
2026-01-13 03:00:00,0.0,0.0,0.0,1,1,5,80,1.119889326784,5,Typeb,Renault,Food
2026-01-13 04:00:00,0.0,0.0,0.0,1,1,5,80,1.119889326784,5,Typeb,Renault,Food
2026-01-13 05:00:00,0.0,0.0,0.0,1,1,5,80,1.119889326784,5,Typeb,Renault,Food
2026-01-13 06:00:00,4.615384615384615,0.8067957997128349,0.17480575660444758,0,0,5,0,1.12425024,5,Typeb,Renault,Food
2026-01-13 07:00:00,4.615384615384615,2.3109025274186696,0.5006955476073784,0,0,5,0,1.12425024,5,Typeb,Renault,Food
2026-01-13 08:00:00,4.615384615384615,1.7615948603192857,0.3816788864025119,0,0,5,0,1.12425024,5,Typeb,Renault,Food
2026-01-13 09:00:00,4.615384615384615,1.1398179980894836,0.24696056625272148,0,0,5,0,1.12425024,5,Typeb,Renault,Food
2026-01-13 10:00:00,4.615384615384615,2.254066237211153,0.4883810180624165,0,0,5,0,1.12425024,5,Typeb,Renault,Food
2026-01-13 11:00:00,4.615384615384615,0.5188847261538462,0.11242502400000001,0,0,5,0,1.12425024,5,Typeb,Renault,Food
2026-01-13 12:00:00,0.0,0.0,0.0,1,1,5,80,1.12425024,5,Typeb,Renault,Food
2026-01-13 13:00:00,4.137931034482759,0.46520699586206904,0.11242502400000001,0,0,5,0,1.12425024,5,Typeb,Renault,Food
2026-01-13 14:00:00,4.137931034482759,0.6653250713405329,0.16078689224062875,0,0,5,0,1.12425024,5,Typeb,Renault,Food
2026-01-13 15:00:00,4.137931034482759,1.155028137853338,0.27913179998122334,0,0,5,0,1.12425024,5,Typeb,Renault,Food
2026-01-13 16:00:00,4.137931034482759,0.46520699586206904,0.11242502400000001,0,0,5,0,1.12425024,5,Typeb,Renault,Food
2026-01-13 17:00:00,4.137931034482759,0.5946031126196696,0.14369575221642014,0,0,5,0,1.12425024,5,Typeb,Renault,Food
2026-01-13 18:00:00,4.137931034482759,0.9653507547243992,0.23329309905839646,0,0,5,0,1.12425024,5,Typeb,Renault,Food
2026-01-13 19:00:00,4.137931034482759,1.4509594737574336,0.3506485394913798,0,0,5,0,1.12425024,5,Typeb,Renault,Food
2026-01-13 20:00:00,0.0,0.0,0.0,1,1,5,80,1.12425024,5,Typeb,Renault,Food
2026-01-13 21:00:00,0.0,0.0,0.0,1,1,5,80,1.12425024,5,Typeb,Renault,Food
2026-01-13 22:00:00,0.0,0.0,0.0,1,1,5,80,1.12425024,5,Typeb,Renault,Food
2026-01-13 23:00:00,0.0,0.0,0.0,1,1,5,80,1.12425024,5,Typeb,Renault,Food
2026-01-14 00:00:00,0.0,0.0,0.0,1,1,5,80,1.12425024,5,Typeb,Renault,Food
2026-01-14 01:00:00,0.0,0.0,0.0,1,1,5,80,1.12425024,5,Typeb,Renault,Food
2026-01-14 02:00:00,0.0,0.0,0.0,1,1,5,80,1.12425024,5,Typeb,Renault,Food
2026-01-14 03:00:00,0.0,0.0,0.0,1,1,5,80,1.12425024,5,Typeb,Renault,Food
2026-01-14 04:00:00,0.0,0.0,0.0,1,1,5,80,1.12425024,5,Typeb,Renault,Food
2026-01-14 05:00:00,0.0,0.0,0.0,1,1,5,80,1.12425024,5,Typeb,Renault,Food
2026-01-14 06:00:00,7.283975071892782,3.5316510645757115,0.4848521624138387,0,0,5,0,1.102475,5,Typeb,Renault,Food
2026-01-14 07:00:00,7.283975071892782,2.8731128244411046,0.3944429787421705,0,0,5,0,1.102475,5,Typeb,Renault,Food
2026-01-14 08:00:00,7.283975071892782,3.010906482024536,0.4133603495765582,0,0,5,0,1.102475,5,Typeb,Renault,Food
2026-01-14 09:00:00,7.283975071892782,2.603585968972641,0.35744026349284097,0,0,5,0,1.102475,5,Typeb,Renault,Food
2026-01-14 10:00:00,7.283975071892782,0.8030400417384996,0.11024750000000001,0,0,5,0,1.102475,5,Typeb,Renault,Food
2026-01-14 11:00:00,7.283975071892782,2.1918206513639245,0.30090996052713936,0,0,5,0,1.102475,5,Typeb,Renault,Food
2026-01-14 12:00:00,7.283975071892782,0.8030400417384996,0.11024750000000001,0,0,5,0,1.102475,5,Typeb,Renault,Food
2026-01-14 13:00:00,0.0,0.0,0.0,1,1,5,80,1.102475,5,Typeb,Renault,Food
2026-01-14 14:00:00,7.283975071892782,0.8030400417384996,0.11024750000000001,0,0,5,0,1.102475,5,Typeb,Renault,Food
2026-01-14 15:00:00,7.283975071892782,1.084126248186131,0.14883717166599453,0,0,5,0,1.102475,5,Typeb,Renault,Food
2026-01-14 16:00:00,7.283975071892782,1.2929114764303122,0.17750081015781702,0,0,5,0,1.102475,5,Typeb,Renault,Food
2026-01-14 17:00:00,7.283975071892782,2.941191250291698,0.40378930752263165,0,0,5,0,1.102475,5,Typeb,Renault,Food
2026-01-14 18:00:00,7.283975071892782,0.8030400417384996,0.11024750000000001,0,0,5,0,1.102475,5,Typeb,Renault,Food
2026-01-14 19:00:00,7.283975071892782,2.7778420067967136,0.38136346972352775,0,0,5,0,1.102475,5,Typeb,Renault,Food
2026-01-14 20:00:00,0.0,0.0,0.0,1,1,5,80,1.102475,5,Typeb,Renault,Food
2026-01-14 21:00:00,0.0,0.0,0.0,1,1,5,80,1.102475,5,Typeb,Renault,Food
2026-01-14 22:00:00,0.0,0.0,0.0,1,1,5,80,1.102475,5,Typeb,Renault,Food
2026-01-14 23:00:00,0.0,0.0,0.0,1,1,5,80,1.102475,5,Typeb,Renault,Food
2026-01-01 00:00:00,0.0,0.0,0.0,1,1,6,100,1.0,6,Typeb,Toyota,Food
2026-01-01 01:00:00,0.0,0.0,0.0,1,1,6,100,1.0,6,Typeb,Toyota,Food
2026-01-01 02:00:00,0.0,0.0,0.0,1,1,6,100,1.0,6,Typeb,Toyota,Food
2026-01-01 03:00:00,0.0,0.0,0.0,1,1,6,100,1.0,6,Typeb,Toyota,Food
2026-01-01 04:00:00,0.0,0.0,0.0,1,1,6,100,1.0,6,Typeb,Toyota,Food
2026-01-01 05:00:00,0.0,0.0,0.0,1,1,6,100,1.0,6,Typeb,Toyota,Food
2026-01-01 06:00:00,5.832514247060783,0.6608106118237435,0.11329772784640002,0,0,6,0,1.1329772784640002,6,Typeb,Toyota,Food
2026-01-01 07:00:00,5.832514247060783,2.283550473292939,0.39152077072828473,0,0,6,0,1.1329772784640002,6,Typeb,Toyota,Food
2026-01-01 08:00:00,5.832514247060783,2.837939992878039,0.486572320729123,0,0,6,0,1.1329772784640002,6,Typeb,Toyota,Food
2026-01-01 09:00:00,5.832514247060783,1.4681524237295476,0.25171861765608256,0,0,6,0,1.1329772784640002,6,Typeb,Toyota,Food
2026-01-01 10:00:00,5.832514247060783,0.6608106118237435,0.11329772784640002,0,0,6,0,1.1329772784640002,6,Typeb,Toyota,Food
2026-01-01 11:00:00,5.832514247060783,2.303193265861932,0.3948885794874132,0,0,6,0,1.1329772784640002,6,Typeb,Toyota,Food
2026-01-01 12:00:00,0.0,0.0,0.0,1,1,6,100,1.1329772784640002,6,Typeb,Toyota,Food
2026-01-01 13:00:00,5.3659131072959205,1.7550425000734389,0.3270724786219784,0,0,6,0,1.1329772784640002,6,Typeb,Toyota,Food
2026-01-01 14:00:00,5.3659131072959205,1.6881165655253376,0.31460005627561144,0,0,6,0,1.1329772784640002,6,Typeb,Toyota,Food
2026-01-01 15:00:00,5.3659131072959205,2.422863820957999,0.4515287095617857,0,0,6,0,1.1329772784640002,6,Typeb,Toyota,Food
2026-01-01 16:00:00,5.3659131072959205,2.7357559329502976,0.5098397753088001,0,0,6,0,1.1329772784640002,6,Typeb,Toyota,Food
2026-01-01 17:00:00,5.3659131072959205,0.6695640313676308,0.12478100520435907,0,0,6,0,1.1329772784640002,6,Typeb,Toyota,Food
2026-01-01 18:00:00,5.3659131072959205,0.6886738009476735,0.12834233189711888,0,0,6,0,1.1329772784640002,6,Typeb,Toyota,Food
2026-01-01 19:00:00,0.0,0.0,0.0,1,1,6,100,1.1329772784640002,6,Typeb,Toyota,Food
2026-01-01 20:00:00,0.0,0.0,0.0,1,1,6,100,1.1329772784640002,6,Typeb,Toyota,Food
2026-01-01 21:00:00,0.0,0.0,0.0,1,1,6,100,1.1329772784640002,6,Typeb,Toyota,Food
2026-01-01 22:00:00,0.0,0.0,0.0,1,1,6,100,1.1329772784640002,6,Typeb,Toyota,Food
2026-01-01 23:00:00,0.0,0.0,0.0,1,1,6,100,1.1329772784640002,6,Typeb,Toyota,Food
2026-01-02 00:00:00,0.0,0.0,0.0,1,1,6,100,1.1329772784640002,6,Typeb,Toyota,Food
2026-01-02 01:00:00,0.0,0.0,0.0,1,1,6,100,1.1329772784640002,6,Typeb,Toyota,Food
2026-01-02 02:00:00,0.0,0.0,0.0,1,1,6,100,1.1329772784640002,6,Typeb,Toyota,Food
2026-01-02 03:00:00,0.0,0.0,0.0,1,1,6,100,1.1329772784640002,6,Typeb,Toyota,Food
2026-01-02 04:00:00,0.0,0.0,0.0,1,1,6,100,1.1329772784640002,6,Typeb,Toyota,Food
2026-01-02 05:00:00,0.0,0.0,0.0,1,1,6,100,1.1329772784640002,6,Typeb,Toyota,Food
2026-01-02 06:00:00,0.0,0.0,0.0,1,1,6,100,1.1329772784640002,6,Typeb,Toyota,Food
2026-01-02 07:00:00,5.454545454545454,0.67232184,0.123259004,0,0,6,0,1.23259004,6,Typeb,Toyota,Food
2026-01-02 08:00:00,5.454545454545454,0.67232184,0.123259004,0,0,6,0,1.23259004,6,Typeb,Toyota,Food
2026-01-02 09:00:00,5.454545454545454,1.0830890493631096,0.1985663257165701,0,0,6,0,1.23259004,6,Typeb,Toyota,Food
2026-01-02 10:00:00,5.454545454545454,1.8303369586430744,0.3355617757512303,0,0,6,0,1.23259004,6,Typeb,Toyota,Food
2026-01-02 11:00:00,5.454545454545454,1.6799366994624596,0.30798839490145097,0,0,6,0,1.23259004,6,Typeb,Toyota,Food
2026-01-02 12:00:00,0.0,0.0,0.0,1,1,6,100,1.23259004,6,Typeb,Toyota,Food
2026-01-02 13:00:00,0.0,0.0,0.0,1,1,6,100,1.23259004,6,Typeb,Toyota,Food
2026-01-02 14:00:00,6.315789473684211,1.6537931997240534,0.26185058995630844,0,0,6,0,1.23259004,6,Typeb,Toyota,Food
2026-01-02 15:00:00,6.315789473684211,0.7784779200000002,0.123259004,0,0,6,0,1.23259004,6,Typeb,Toyota,Food
2026-01-02 16:00:00,6.315789473684211,3.3896410306020766,0.5366931631786621,0,0,6,0,1.23259004,6,Typeb,Toyota,Food
2026-01-02 17:00:00,6.315789473684211,0.7784779200000002,0.123259004,0,0,6,0,1.23259004,6,Typeb,Toyota,Food
2026-01-02 18:00:00,6.315789473684211,0.7784779200000002,0.123259004,0,0,6,0,1.23259004,6,Typeb,Toyota,Food
2026-01-02 19:00:00,0.0,0.0,0.0,1,1,6,100,1.23259004,6,Typeb,Toyota,Food
2026-01-02 20:00:00,0.0,0.0,0.0,1,1,6,100,1.23259004,6,Typeb,Toyota,Food
2026-01-02 21:00:00,0.0,0.0,0.0,1,1,6,100,1.23259004,6,Typeb,Toyota,Food
2026-01-02 22:00:00,0.0,0.0,0.0,1,1,6,100,1.23259004,6,Typeb,Toyota,Food
2026-01-02 23:00:00,0.0,0.0,0.0,1,1,6,100,1.23259004,6,Typeb,Toyota,Food
2026-01-03 00:00:00,0.0,0.0,0.0,1,1,6,100,1.23259004,6,Typeb,Toyota,Food
2026-01-03 01:00:00,0.0,0.0,0.0,1,1,6,100,1.23259004,6,Typeb,Toyota,Food
2026-01-03 02:00:00,0.0,0.0,0.0,1,1,6,100,1.23259004,6,Typeb,Toyota,Food
2026-01-03 03:00:00,0.0,0.0,0.0,1,1,6,100,1.23259004,6,Typeb,Toyota,Food
2026-01-03 04:00:00,0.0,0.0,0.0,1,1,6,100,1.23259004,6,Typeb,Toyota,Food
2026-01-03 05:00:00,0.0,0.0,0.0,1,1,6,100,1.23259004,6,Typeb,Toyota,Food
2026-01-03 06:00:00,0.0,0.0,0.0,1,1,6,100,1.23259004,6,Typeb,Toyota,Food
2026-01-03 07:00:00,0.0,0.0,0.0,1,1,6,100,1.23259004,6,Typeb,Toyota,Food
2026-01-03 08:00:00,0.0,0.0,0.0,1,1,6,100,1.23259004,6,Typeb,Toyota,Food
2026-01-03 09:00:00,9.23076923076923,3.148241182889354,0.34105946147968,0,0,6,0,1.209049010004,6,Typeb,Toyota,Food
2026-01-03 10:00:00,9.23076923076923,4.508309087798685,0.48840015117819097,0,0,6,0,1.209049010004,6,Typeb,Toyota,Food
2026-01-03 11:00:00,9.23076923076923,4.540885656249825,0.4919292794270645,0,0,6,0,1.209049010004,6,Typeb,Toyota,Food
2026-01-03 12:00:00,0.0,0.0,0.0,1,1,6,100,1.209049010004,6,Typeb,Toyota,Food
2026-01-03 13:00:00,4.615384615384615,2.4103604720141445,0.522244768936398,0,0,6,0,1.209049010004,6,Typeb,Toyota,Food
2026-01-03 14:00:00,4.615384615384615,0.6063769392576447,0.1313816701724897,0,0,6,0,1.209049010004,6,Typeb,Toyota,Food
2026-01-03 15:00:00,4.615384615384615,0.5580226200018461,0.1209049010004,0,0,6,0,1.209049010004,6,Typeb,Toyota,Food
2026-01-03 16:00:00,4.615384615384615,1.1600584754445997,0.25134600301299664,0,0,6,0,1.209049010004,6,Typeb,Toyota,Food
2026-01-03 17:00:00,4.615384615384615,1.9465759799114772,0.4217581289808201,0,0,6,0,1.209049010004,6,Typeb,Toyota,Food
2026-01-03 18:00:00,4.615384615384615,1.476859788660035,0.3199862875430076,0,0,6,0,1.209049010004,6,Typeb,Toyota,Food
2026-01-03 19:00:00,4.615384615384615,2.120158149545857,0.45936759906826913,0,0,6,0,1.209049010004,6,Typeb,Toyota,Food
2026-01-03 20:00:00,0.0,0.0,0.0,1,1,6,100,1.209049010004,6,Typeb,Toyota,Food
2026-01-03 21:00:00,0.0,0.0,0.0,1,1,6,100,1.209049010004,6,Typeb,Toyota,Food
2026-01-03 22:00:00,0.0,0.0,0.0,1,1,6,100,1.209049010004,6,Typeb,Toyota,Food
2026-01-03 23:00:00,0.0,0.0,0.0,1,1,6,100,1.209049010004,6,Typeb,Toyota,Food
2026-01-04 00:00:00,0.0,0.0,0.0,1,1,6,100,1.209049010004,6,Typeb,Toyota,Food
2026-01-04 01:00:00,0.0,0.0,0.0,1,1,6,100,1.209049010004,6,Typeb,Toyota,Food
2026-01-04 02:00:00,0.0,0.0,0.0,1,1,6,100,1.209049010004,6,Typeb,Toyota,Food
2026-01-04 03:00:00,0.0,0.0,0.0,1,1,6,100,1.209049010004,6,Typeb,Toyota,Food
2026-01-04 04:00:00,0.0,0.0,0.0,1,1,6,100,1.209049010004,6,Typeb,Toyota,Food
2026-01-04 05:00:00,0.0,0.0,0.0,1,1,6,100,1.209049010004,6,Typeb,Toyota,Food
2026-01-04 06:00:00,0.0,0.0,0.0,1,1,6,100,1.209049010004,6,Typeb,Toyota,Food
2026-01-04 07:00:00,0.0,0.0,0.0,1,1,6,100,1.209049010004,6,Typeb,Toyota,Food
2026-01-04 08:00:00,0.0,0.0,0.0,1,1,6,100,1.209049010004,6,Typeb,Toyota,Food
2026-01-04 09:00:00,0.0,0.0,0.0,1,1,6,100,1.209049010004,6,Typeb,Toyota,Food
2026-01-04 10:00:00,0.0,0.0,0.0,1,1,6,100,1.209049010004,6,Typeb,Toyota,Food
2026-01-04 11:00:00,30.0,11.403411421718216,0.3801137140572738,0,0,6,0,1.3050301525,6,Typeb,Toyota,Food
2026-01-04 12:00:00,0.0,0.0,0.0,1,1,6,100,1.3050301525,6,Typeb,Toyota,Food
2026-01-04 13:00:00,4.444444444444445,1.1420656576838575,0.25696477297886794,0,0,6,0,1.3050301525,6,Typeb,Toyota,Food
2026-01-04 14:00:00,4.444444444444445,2.2967996147842373,0.5167799133264533,0,0,6,0,1.3050301525,6,Typeb,Toyota,Food
2026-01-04 15:00:00,4.444444444444445,1.3180568954761256,0.2965628014821282,0,0,6,0,1.3050301525,6,Typeb,Toyota,Food
2026-01-04 16:00:00,4.444444444444445,0.5800134011111112,0.13050301525000002,0,0,6,0,1.3050301525,6,Typeb,Toyota,Food
2026-01-04 17:00:00,4.444444444444445,0.8559323654128683,0.19258478221789535,0,0,6,0,1.3050301525,6,Typeb,Toyota,Food
2026-01-04 18:00:00,4.444444444444445,2.610060305,0.5872635686250001,0,0,6,0,1.3050301525,6,Typeb,Toyota,Food
2026-01-04 19:00:00,4.444444444444445,2.610060305,0.5872635686250001,0,0,6,0,1.3050301525,6,Typeb,Toyota,Food
2026-01-04 20:00:00,0.0,0.0,0.0,1,1,6,100,1.3050301525,6,Typeb,Toyota,Food
2026-01-04 21:00:00,0.0,0.0,0.0,1,1,6,100,1.3050301525,6,Typeb,Toyota,Food
2026-01-04 22:00:00,0.0,0.0,0.0,1,1,6,100,1.3050301525,6,Typeb,Toyota,Food
2026-01-04 23:00:00,0.0,0.0,0.0,1,1,6,100,1.3050301525,6,Typeb,Toyota,Food
2026-01-05 00:00:00,0.0,0.0,0.0,1,1,6,100,1.3050301525,6,Typeb,Toyota,Food
2026-01-05 01:00:00,0.0,0.0,0.0,1,1,6,100,1.3050301525,6,Typeb,Toyota,Food
2026-01-05 02:00:00,0.0,0.0,0.0,1,1,6,100,1.3050301525,6,Typeb,Toyota,Food
2026-01-05 03:00:00,0.0,0.0,0.0,1,1,6,100,1.3050301525,6,Typeb,Toyota,Food
2026-01-05 04:00:00,0.0,0.0,0.0,1,1,6,100,1.3050301525,6,Typeb,Toyota,Food
2026-01-05 05:00:00,0.0,0.0,0.0,1,1,6,100,1.3050301525,6,Typeb,Toyota,Food
2026-01-05 06:00:00,0.0,0.0,0.0,1,1,6,100,1.3050301525,6,Typeb,Toyota,Food
2026-01-05 07:00:00,0.0,0.0,0.0,1,1,6,100,1.3050301525,6,Typeb,Toyota,Food
2026-01-05 08:00:00,10.306063787713375,2.9638458210509775,0.2875827165541512,0,0,6,0,1.226197579604,6,Typeb,Toyota,Food
2026-01-05 09:00:00,10.306063787713375,1.2637270471738575,0.12261975796040002,0,0,6,0,1.226197579604,6,Typeb,Toyota,Food
2026-01-05 10:00:00,10.306063787713375,2.284283001188528,0.22164456268083566,0,0,6,0,1.226197579604,6,Typeb,Toyota,Food
2026-01-05 11:00:00,10.306063787713375,5.686771712282359,0.5517889108218,0,0,6,0,1.226197579604,6,Typeb,Toyota,Food
2026-01-05 12:00:00,0.0,0.0,0.0,1,1,6,100,1.226197579604,6,Typeb,Toyota,Food
2026-01-05 13:00:00,9.790760598327706,4.821836622188479,0.4924884613164849,0,0,6,0,1.226197579604,6,Typeb,Toyota,Food
2026-01-05 14:00:00,9.790760598327706,3.8279504871565218,0.39097580302498136,0,0,6,0,1.226197579604,6,Typeb,Toyota,Food
2026-01-05 15:00:00,9.790760598327706,3.0465904058442974,0.3111699418291021,0,0,6,0,1.226197579604,6,Typeb,Toyota,Food
2026-01-05 16:00:00,9.790760598327706,5.119334942728483,0.5228740802428447,0,0,6,0,1.226197579604,6,Typeb,Toyota,Food
2026-01-05 17:00:00,9.790760598327706,4.296620286934568,0.4388443822912435,0,0,6,0,1.226197579604,6,Typeb,Toyota,Food
2026-01-05 18:00:00,0.0,0.0,0.0,1,1,6,100,1.226197579604,6,Typeb,Toyota,Food
2026-01-05 19:00:00,0.0,0.0,0.0,1,1,6,100,1.226197579604,6,Typeb,Toyota,Food
2026-01-05 20:00:00,0.0,0.0,0.0,1,1,6,100,1.226197579604,6,Typeb,Toyota,Food
2026-01-05 21:00:00,0.0,0.0,0.0,1,1,6,100,1.226197579604,6,Typeb,Toyota,Food
2026-01-05 22:00:00,0.0,0.0,0.0,1,1,6,100,1.226197579604,6,Typeb,Toyota,Food
2026-01-05 23:00:00,0.0,0.0,0.0,1,1,6,100,1.226197579604,6,Typeb,Toyota,Food
2026-01-06 00:00:00,0.0,0.0,0.0,1,1,6,100,1.226197579604,6,Typeb,Toyota,Food
2026-01-06 01:00:00,0.0,0.0,0.0,1,1,6,100,1.226197579604,6,Typeb,Toyota,Food
2026-01-06 02:00:00,0.0,0.0,0.0,1,1,6,100,1.226197579604,6,Typeb,Toyota,Food
2026-01-06 03:00:00,0.0,0.0,0.0,1,1,6,100,1.226197579604,6,Typeb,Toyota,Food
2026-01-06 04:00:00,0.0,0.0,0.0,1,1,6,100,1.226197579604,6,Typeb,Toyota,Food
2026-01-06 05:00:00,6.03308806861206,1.2662016418323,0.20987620724780762,0,0,6,0,1.3306301459840002,6,Typeb,Toyota,Food
2026-01-06 06:00:00,6.03308806861206,1.7878585749644387,0.29634219733439826,0,0,6,0,1.3306301459840002,6,Typeb,Toyota,Food
2026-01-06 07:00:00,6.03308806861206,2.529353408687299,0.4192468898053379,0,0,6,0,1.3306301459840002,6,Typeb,Toyota,Food
2026-01-06 08:00:00,6.03308806861206,2.6230826923894015,0.43478276175617864,0,0,6,0,1.3306301459840002,6,Typeb,Toyota,Food
2026-01-06 09:00:00,6.03308806861206,2.2356263428413574,0.37056086657718457,0,0,6,0,1.3306301459840002,6,Typeb,Toyota,Food
2026-01-06 10:00:00,6.03308806861206,2.026601855155186,0.33591451543677114,0,0,6,0,1.3306301459840002,6,Typeb,Toyota,Food
2026-01-06 11:00:00,6.03308806861206,2.486393792143152,0.4121262219059829,0,0,6,0,1.3306301459840002,6,Typeb,Toyota,Food
2026-01-06 12:00:00,0.0,0.0,0.0,1,1,6,100,1.3306301459840002,6,Typeb,Toyota,Food
2026-01-06 13:00:00,6.9983821595899895,2.4445872037614693,0.34930747535866047,0,0,6,0,1.3306301459840002,6,Typeb,Toyota,Food
2026-01-06 14:00:00,6.9983821595899895,3.2384759507617353,0.46274637150587755,0,0,6,0,1.3306301459840002,6,Typeb,Toyota,Food
2026-01-06 15:00:00,6.9983821595899895,0.931225827466705,0.13306301459840003,0,0,6,0,1.3306301459840002,6,Typeb,Toyota,Food
2026-01-06 16:00:00,6.9983821595899895,4.190516223600173,0.5987835656928001,0,0,6,0,1.3306301459840002,6,Typeb,Toyota,Food
2026-01-06 17:00:00,6.9983821595899895,1.40687251273451,0.20102824919422999,0,0,6,0,1.3306301459840002,6,Typeb,Toyota,Food
2026-01-06 18:00:00,6.9983821595899895,2.9015404440869035,0.4146016004728862,0,0,6,0,1.3306301459840002,6,Typeb,Toyota,Food
2026-01-06 19:00:00,0.0,0.0,0.0,1,1,6,100,1.3306301459840002,6,Typeb,Toyota,Food
2026-01-06 20:00:00,0.0,0.0,0.0,1,1,6,100,1.3306301459840002,6,Typeb,Toyota,Food
2026-01-06 21:00:00,0.0,0.0,0.0,1,1,6,100,1.3306301459840002,6,Typeb,Toyota,Food
2026-01-06 22:00:00,0.0,0.0,0.0,1,1,6,100,1.3306301459840002,6,Typeb,Toyota,Food
2026-01-06 23:00:00,0.0,0.0,0.0,1,1,6,100,1.3306301459840002,6,Typeb,Toyota,Food
2026-01-07 00:00:00,0.0,0.0,0.0,1,1,6,100,1.3306301459840002,6,Typeb,Toyota,Food
2026-01-07 01:00:00,0.0,0.0,0.0,1,1,6,100,1.3306301459840002,6,Typeb,Toyota,Food
2026-01-07 02:00:00,0.0,0.0,0.0,1,1,6,100,1.3306301459840002,6,Typeb,Toyota,Food
2026-01-07 03:00:00,0.0,0.0,0.0,1,1,6,100,1.3306301459840002,6,Typeb,Toyota,Food
2026-01-07 04:00:00,0.0,0.0,0.0,1,1,6,100,1.3306301459840002,6,Typeb,Toyota,Food
2026-01-07 05:00:00,7.39636412511667,1.8164312354712913,0.24558434451638614,0,0,6,0,1.282756305344,6,Typeb,Toyota,Food
2026-01-07 06:00:00,7.39636412511667,0.9487732718113567,0.12827563053440003,0,0,6,0,1.282756305344,6,Typeb,Toyota,Food
2026-01-07 07:00:00,7.39636412511667,1.3891017841765283,0.18780873422110173,0,0,6,0,1.282756305344,6,Typeb,Toyota,Food
2026-01-07 08:00:00,7.39636412511667,2.292529193876322,0.30995353326255554,0,0,6,0,1.282756305344,6,Typeb,Toyota,Food
2026-01-07 09:00:00,7.39636412511667,2.9093465279880624,0.39334820173447993,0,0,6,0,1.282756305344,6,Typeb,Toyota,Food
2026-01-07 10:00:00,7.39636412511667,4.269479723151106,0.5772403374048001,0,0,6,0,1.282756305344,6,Typeb,Toyota,Food
2026-01-07 11:00:00,7.39636412511667,1.717277187406447,0.23217856210930646,0,0,6,0,1.282756305344,6,Typeb,Toyota,Food
2026-01-07 12:00:00,7.39636412511667,1.3620268250672511,0.18414815739561316,0,0,6,0,1.282756305344,6,Typeb,Toyota,Food
2026-01-07 13:00:00,8.937273317849309,5.158954665474252,0.5772403374048001,0,0,6,0,1.282756305344,6,Typeb,Toyota,Food
2026-01-07 14:00:00,8.937273317849309,3.411566375555458,0.38172340200695876,0,0,6,0,1.282756305344,6,Typeb,Toyota,Food
2026-01-07 15:00:00,8.937273317849309,4.774799497942745,0.5342568508458423,0,0,6,0,1.282756305344,6,Typeb,Toyota,Food
2026-01-07 16:00:00,8.937273317849309,1.1464343701053894,0.12827563053440003,0,0,6,0,1.282756305344,6,Typeb,Toyota,Food
2026-01-07 17:00:00,8.937273317849309,3.9171610780742747,0.43829487347679236,0,0,6,0,1.282756305344,6,Typeb,Toyota,Food
2026-01-07 18:00:00,8.937273317849309,2.7011332191705644,0.30223236138207005,0,0,6,0,1.282756305344,6,Typeb,Toyota,Food
2026-01-07 19:00:00,0.0,0.0,0.0,1,1,6,100,1.282756305344,6,Typeb,Toyota,Food
2026-01-07 20:00:00,0.0,0.0,0.0,1,1,6,100,1.282756305344,6,Typeb,Toyota,Food
2026-01-07 21:00:00,0.0,0.0,0.0,1,1,6,100,1.282756305344,6,Typeb,Toyota,Food
2026-01-07 22:00:00,0.0,0.0,0.0,1,1,6,100,1.282756305344,6,Typeb,Toyota,Food
2026-01-07 23:00:00,0.0,0.0,0.0,1,1,6,100,1.282756305344,6,Typeb,Toyota,Food
2026-01-08 00:00:00,0.0,0.0,0.0,1,1,6,100,1.282756305344,6,Typeb,Toyota,Food
2026-01-08 01:00:00,0.0,0.0,0.0,1,1,6,100,1.282756305344,6,Typeb,Toyota,Food
2026-01-08 02:00:00,0.0,0.0,0.0,1,1,6,100,1.282756305344,6,Typeb,Toyota,Food
2026-01-08 03:00:00,0.0,0.0,0.0,1,1,6,100,1.282756305344,6,Typeb,Toyota,Food
2026-01-08 04:00:00,3.75,0.441219458304,0.11765852221440001,0,0,6,0,1.176585222144,6,Typeb,Toyota,Food
2026-01-08 05:00:00,3.75,0.441219458304,0.11765852221440001,0,0,6,0,1.176585222144,6,Typeb,Toyota,Food
2026-01-08 06:00:00,3.75,1.3143969210697164,0.35050584561859105,0,0,6,0,1.176585222144,6,Typeb,Toyota,Food
2026-01-08 07:00:00,3.75,1.2871965805292933,0.3432524214744782,0,0,6,0,1.176585222144,6,Typeb,Toyota,Food
2026-01-08 08:00:00,3.75,1.1205893770847428,0.29882383388926476,0,0,6,0,1.176585222144,6,Typeb,Toyota,Food
2026-01-08 09:00:00,3.75,0.6913875405037956,0.18437001080101215,0,0,6,0,1.176585222144,6,Typeb,Toyota,Food
2026-01-08 10:00:00,3.75,0.6593270016960305,0.17582053378560814,0,0,6,0,1.176585222144,6,Typeb,Toyota,Food
2026-01-08 11:00:00,3.75,0.9432119324588137,0.251523181989017,0,0,6,0,1.176585222144,6,Typeb,Toyota,Food
2026-01-08 12:00:00,0.0,0.0,0.0,1,1,6,100,1.176585222144,6,Typeb,Toyota,Food
2026-01-08 13:00:00,5.217391304347826,1.8586300933575919,0.3562374345602051,0,0,6,0,1.176585222144,6,Typeb,Toyota,Food
2026-01-08 14:00:00,5.217391304347826,1.891695034247708,0.362574881564144,0,0,6,0,1.176585222144,6,Typeb,Toyota,Food
2026-01-08 15:00:00,5.217391304347826,0.6138705506838261,0.11765852221440001,0,0,6,0,1.176585222144,6,Typeb,Toyota,Food
2026-01-08 16:00:00,5.217391304347826,1.773643655888327,0.3399483673785961,0,0,6,0,1.176585222144,6,Typeb,Toyota,Food
2026-01-08 17:00:00,5.217391304347826,0.6138705506838261,0.11765852221440001,0,0,6,0,1.176585222144,6,Typeb,Toyota,Food
2026-01-08 18:00:00,5.217391304347826,2.079721828346968,0.39861335043316887,0,0,6,0,1.176585222144,6,Typeb,Toyota,Food
2026-01-08 19:00:00,0.0,0.0,0.0,1,1,6,100,1.176585222144,6,Typeb,Toyota,Food
2026-01-08 20:00:00,0.0,0.0,0.0,1,1,6,100,1.176585222144,6,Typeb,Toyota,Food
2026-01-08 21:00:00,0.0,0.0,0.0,1,1,6,100,1.176585222144,6,Typeb,Toyota,Food
2026-01-08 22:00:00,0.0,0.0,0.0,1,1,6,100,1.176585222144,6,Typeb,Toyota,Food
2026-01-08 23:00:00,0.0,0.0,0.0,1,1,6,100,1.176585222144,6,Typeb,Toyota,Food
2026-01-09 00:00:00,0.0,0.0,0.0,1,1,6,100,1.176585222144,6,Typeb,Toyota,Food
2026-01-09 01:00:00,0.0,0.0,0.0,1,1,6,100,1.176585222144,6,Typeb,Toyota,Food
2026-01-09 02:00:00,0.0,0.0,0.0,1,1,6,100,1.176585222144,6,Typeb,Toyota,Food
2026-01-09 03:00:00,0.0,0.0,0.0,1,1,6,100,1.176585222144,6,Typeb,Toyota,Food
2026-01-09 04:00:00,0.0,0.0,0.0,1,1,6,100,1.176585222144,6,Typeb,Toyota,Food
2026-01-09 05:00:00,4.982340681979675,1.9961221200955113,0.4006394278326177,0,0,6,0,1.137342385344,6,Typeb,Toyota,Food
2026-01-09 06:00:00,4.982340681979675,1.971265740882502,0.3956505318900117,0,0,6,0,1.137342385344,6,Typeb,Toyota,Food
2026-01-09 07:00:00,4.982340681979675,2.3298819139249787,0.4676279810314431,0,0,6,0,1.137342385344,6,Typeb,Toyota,Food
2026-01-09 08:00:00,4.982340681979675,0.5666627235839216,0.1137342385344,0,0,6,0,1.137342385344,6,Typeb,Toyota,Food
2026-01-09 09:00:00,4.982340681979675,1.462130849352417,0.29346263988745475,0,0,6,0,1.137342385344,6,Typeb,Toyota,Food
2026-01-09 10:00:00,4.982340681979675,1.9772002254658168,0.3968416356225964,0,0,6,0,1.137342385344,6,Typeb,Toyota,Food
2026-01-09 11:00:00,4.982340681979675,1.7072168781154136,0.34265358133580515,0,0,6,0,1.137342385344,6,Typeb,Toyota,Food
2026-01-09 12:00:00,0.0,0.0,0.0,1,1,6,100,1.137342385344,6,Typeb,Toyota,Food
2026-01-09 13:00:00,5.154145533082422,2.4866814396214565,0.48246240306185206,0,0,6,0,1.137342385344,6,Typeb,Toyota,Food
2026-01-09 14:00:00,5.154145533082422,1.1645037029384133,0.22593535542679666,0,0,6,0,1.137342385344,6,Typeb,Toyota,Food
2026-01-09 15:00:00,5.154145533082422,1.84570143428479,0.3581003722999209,0,0,6,0,1.137342385344,6,Typeb,Toyota,Food
2026-01-09 16:00:00,5.154145533082422,1.6583105735393893,0.3217430635001184,0,0,6,0,1.137342385344,6,Typeb,Toyota,Food
2026-01-09 17:00:00,5.154145533082422,0.5862028175006084,0.1137342385344,0,0,6,0,1.137342385344,6,Typeb,Toyota,Food
2026-01-09 18:00:00,5.154145533082422,2.4327557817511765,0.47199982346953123,0,0,6,0,1.137342385344,6,Typeb,Toyota,Food
2026-01-09 19:00:00,5.154145533082422,1.8272743582268005,0.3545251771604525,0,0,6,0,1.137342385344,6,Typeb,Toyota,Food
2026-01-09 20:00:00,5.154145533082422,1.6790349911806166,0.32576398559248176,0,0,6,0,1.137342385344,6,Typeb,Toyota,Food
2026-01-09 21:00:00,0.0,0.0,0.0,1,1,6,100,1.137342385344,6,Typeb,Toyota,Food
2026-01-09 22:00:00,0.0,0.0,0.0,1,1,6,100,1.137342385344,6,Typeb,Toyota,Food
2026-01-09 23:00:00,0.0,0.0,0.0,1,1,6,100,1.137342385344,6,Typeb,Toyota,Food
2026-01-10 00:00:00,0.0,0.0,0.0,1,1,6,100,1.137342385344,6,Typeb,Toyota,Food
2026-01-10 01:00:00,0.0,0.0,0.0,1,1,6,100,1.137342385344,6,Typeb,Toyota,Food
2026-01-10 02:00:00,0.0,0.0,0.0,1,1,6,100,1.137342385344,6,Typeb,Toyota,Food
2026-01-10 03:00:00,0.0,0.0,0.0,1,1,6,100,1.137342385344,6,Typeb,Toyota,Food
2026-01-10 04:00:00,0.0,0.0,0.0,1,1,6,100,1.137342385344,6,Typeb,Toyota,Food
2026-01-10 05:00:00,0.0,0.0,0.0,1,1,6,100,1.137342385344,6,Typeb,Toyota,Food
2026-01-10 06:00:00,0.0,0.0,0.0,1,1,6,100,1.137342385344,6,Typeb,Toyota,Food
2026-01-10 07:00:00,0.0,0.0,0.0,1,1,6,100,1.137342385344,6,Typeb,Toyota,Food
2026-01-10 08:00:00,8.0,4.282596144,0.535324518,0,0,6,0,1.18961004,6,Typeb,Toyota,Food
2026-01-10 09:00:00,8.0,1.576002392548411,0.19700029906855138,0,0,6,0,1.18961004,6,Typeb,Toyota,Food
2026-01-10 10:00:00,8.0,0.9516880320000001,0.11896100400000001,0,0,6,0,1.18961004,6,Typeb,Toyota,Food
2026-01-10 11:00:00,8.0,3.1021739761593774,0.3877717470199222,0,0,6,0,1.18961004,6,Typeb,Toyota,Food
2026-01-10 12:00:00,0.0,0.0,0.0,1,1,6,100,1.18961004,6,Typeb,Toyota,Food
2026-01-10 13:00:00,4.615384615384615,0.7933569958747094,0.17189401577285374,0,0,6,0,1.18961004,6,Typeb,Toyota,Food
2026-01-10 14:00:00,4.615384615384615,1.3842812151242092,0.2999275966102454,0,0,6,0,1.18961004,6,Typeb,Toyota,Food
2026-01-10 15:00:00,4.615384615384615,1.9871863917468358,0.4305570515451478,0,0,6,0,1.18961004,6,Typeb,Toyota,Food
2026-01-10 16:00:00,4.615384615384615,1.9091516812413245,0.4136495309356204,0,0,6,0,1.18961004,6,Typeb,Toyota,Food
2026-01-10 17:00:00,4.615384615384615,0.8013120158958433,0.1736176034440994,0,0,6,0,1.18961004,6,Typeb,Toyota,Food
2026-01-10 18:00:00,4.615384615384615,2.13255058021849,0.46205262571400624,0,0,6,0,1.18961004,6,Typeb,Toyota,Food
2026-01-10 19:00:00,4.615384615384615,2.3846018217742144,0.5166637280510797,0,0,6,0,1.18961004,6,Typeb,Toyota,Food
2026-01-10 20:00:00,0.0,0.0,0.0,1,1,6,100,1.18961004,6,Typeb,Toyota,Food
2026-01-10 21:00:00,0.0,0.0,0.0,1,1,6,100,1.18961004,6,Typeb,Toyota,Food
2026-01-10 22:00:00,0.0,0.0,0.0,1,1,6,100,1.18961004,6,Typeb,Toyota,Food
2026-01-10 23:00:00,0.0,0.0,0.0,1,1,6,100,1.18961004,6,Typeb,Toyota,Food
2026-01-11 00:00:00,0.0,0.0,0.0,1,1,6,100,1.18961004,6,Typeb,Toyota,Food
2026-01-11 01:00:00,0.0,0.0,0.0,1,1,6,100,1.18961004,6,Typeb,Toyota,Food
2026-01-11 02:00:00,0.0,0.0,0.0,1,1,6,100,1.18961004,6,Typeb,Toyota,Food
2026-01-11 03:00:00,0.0,0.0,0.0,1,1,6,100,1.18961004,6,Typeb,Toyota,Food
2026-01-11 04:00:00,0.0,0.0,0.0,1,1,6,100,1.18961004,6,Typeb,Toyota,Food
2026-01-11 05:00:00,0.0,0.0,0.0,1,1,6,100,1.18961004,6,Typeb,Toyota,Food
2026-01-11 06:00:00,0.0,0.0,0.0,1,1,6,100,1.18961004,6,Typeb,Toyota,Food
2026-01-11 07:00:00,0.0,0.0,0.0,1,1,6,100,1.18961004,6,Typeb,Toyota,Food
2026-01-11 08:00:00,0.0,0.0,0.0,1,1,6,100,1.18961004,6,Typeb,Toyota,Food
2026-01-11 09:00:00,9.598270485303853,1.197671876079446,0.12477996717358934,0,0,6,0,1.122069513044,6,Typeb,Toyota,Food
2026-01-11 10:00:00,9.598270485303853,1.7459445573257215,0.1819019957813212,0,0,6,0,1.122069513044,6,Typeb,Toyota,Food
2026-01-11 11:00:00,9.598270485303853,3.644797215924269,0.3797347888356457,0,0,6,0,1.122069513044,6,Typeb,Toyota,Food
2026-01-11 12:00:00,0.0,0.0,0.0,1,1,6,100,1.122069513044,6,Typeb,Toyota,Food
2026-01-11 13:00:00,0.0,0.0,0.0,1,1,6,100,1.122069513044,6,Typeb,Toyota,Food
2026-01-11 14:00:00,5.671705286770458,0.8688281031598426,0.15318639795802305,0,0,6,0,1.122069513044,6,Typeb,Toyota,Food
2026-01-11 15:00:00,5.671705286770458,1.9625981480342147,0.3460331679454634,0,0,6,0,1.122069513044,6,Typeb,Toyota,Food
2026-01-11 16:00:00,5.671705286770458,2.4886889705711464,0.4387902482126743,0,0,6,0,1.122069513044,6,Typeb,Toyota,Food
2026-01-11 17:00:00,5.671705286770458,0.8155952331209896,0.14380070752678337,0,0,6,0,1.122069513044,6,Typeb,Toyota,Food
2026-01-11 18:00:00,5.671705286770458,1.2101554525792817,0.21336712529863477,0,0,6,0,1.122069513044,6,Typeb,Toyota,Food
2026-01-11 19:00:00,0.0,0.0,0.0,1,1,6,100,1.122069513044,6,Typeb,Toyota,Food
2026-01-11 20:00:00,0.0,0.0,0.0,1,1,6,100,1.122069513044,6,Typeb,Toyota,Food
2026-01-11 21:00:00,0.0,0.0,0.0,1,1,6,100,1.122069513044,6,Typeb,Toyota,Food
2026-01-11 22:00:00,0.0,0.0,0.0,1,1,6,100,1.122069513044,6,Typeb,Toyota,Food
2026-01-11 23:00:00,0.0,0.0,0.0,1,1,6,100,1.122069513044,6,Typeb,Toyota,Food
2026-01-12 00:00:00,0.0,0.0,0.0,1,1,6,100,1.122069513044,6,Typeb,Toyota,Food
2026-01-12 01:00:00,0.0,0.0,0.0,1,1,6,100,1.122069513044,6,Typeb,Toyota,Food
2026-01-12 02:00:00,0.0,0.0,0.0,1,1,6,100,1.122069513044,6,Typeb,Toyota,Food
2026-01-12 03:00:00,0.0,0.0,0.0,1,1,6,100,1.122069513044,6,Typeb,Toyota,Food
2026-01-12 04:00:00,0.0,0.0,0.0,1,1,6,100,1.122069513044,6,Typeb,Toyota,Food
2026-01-12 05:00:00,0.0,0.0,0.0,1,1,6,100,1.122069513044,6,Typeb,Toyota,Food
2026-01-12 06:00:00,6.990266726600046,3.158298670307116,0.45181375673246477,0,0,6,0,1.119889326784,6,Typeb,Toyota,Food
2026-01-12 07:00:00,6.990266726600046,3.5227462943217245,0.5039501970528,0,0,6,0,1.119889326784,6,Typeb,Toyota,Food
2026-01-12 08:00:00,6.990266726600046,0.7828325098492721,0.1119889326784,0,0,6,0,1.119889326784,6,Typeb,Toyota,Food
2026-01-12 09:00:00,6.990266726600046,1.0830093875968896,0.15493105341398725,0,0,6,0,1.119889326784,6,Typeb,Toyota,Food
2026-01-12 10:00:00,6.990266726600046,2.876726485802902,0.4115331500665205,0,0,6,0,1.119889326784,6,Typeb,Toyota,Food
2026-01-12 11:00:00,6.990266726600046,1.7163423441962726,0.24553316938037273,0,0,6,0,1.119889326784,6,Typeb,Toyota,Food
2026-01-12 12:00:00,0.0,0.0,0.0,1,1,6,100,1.119889326784,6,Typeb,Toyota,Food
2026-01-12 13:00:00,0.0,0.0,0.0,1,1,6,100,1.119889326784,6,Typeb,Toyota,Food
2026-01-12 14:00:00,7.65600641484767,2.537190220656331,0.3313986539687105,0,0,6,0,1.119889326784,6,Typeb,Toyota,Food
2026-01-12 15:00:00,7.65600641484767,2.886212187965164,0.37698664702889884,0,0,6,0,1.119889326784,6,Typeb,Toyota,Food
2026-01-12 16:00:00,7.65600641484767,3.0059829026511578,0.39263066666473884,0,0,6,0,1.119889326784,6,Typeb,Toyota,Food
2026-01-12 17:00:00,7.65600641484767,3.4822991086105546,0.4548453749799844,0,0,6,0,1.119889326784,6,Typeb,Toyota,Food
2026-01-12 18:00:00,7.65600641484767,2.2613527340683404,0.2953697543516666,0,0,6,0,1.119889326784,6,Typeb,Toyota,Food
2026-01-12 19:00:00,0.0,0.0,0.0,1,1,6,100,1.119889326784,6,Typeb,Toyota,Food
2026-01-12 20:00:00,0.0,0.0,0.0,1,1,6,100,1.119889326784,6,Typeb,Toyota,Food
2026-01-12 21:00:00,0.0,0.0,0.0,1,1,6,100,1.119889326784,6,Typeb,Toyota,Food
2026-01-12 22:00:00,0.0,0.0,0.0,1,1,6,100,1.119889326784,6,Typeb,Toyota,Food
2026-01-12 23:00:00,0.0,0.0,0.0,1,1,6,100,1.119889326784,6,Typeb,Toyota,Food
2026-01-13 00:00:00,0.0,0.0,0.0,1,1,6,100,1.119889326784,6,Typeb,Toyota,Food
2026-01-13 01:00:00,0.0,0.0,0.0,1,1,6,100,1.119889326784,6,Typeb,Toyota,Food
2026-01-13 02:00:00,0.0,0.0,0.0,1,1,6,100,1.119889326784,6,Typeb,Toyota,Food
2026-01-13 03:00:00,4.422454161424358,0.9728871708134982,0.21998807343209553,0,0,6,0,1.12425024,6,Typeb,Toyota,Food
2026-01-13 04:00:00,4.422454161424358,0.4971945152370334,0.11242502400000001,0,0,6,0,1.12425024,6,Typeb,Toyota,Food
2026-01-13 05:00:00,4.422454161424358,1.1255868504809297,0.2545163407908353,0,0,6,0,1.12425024,6,Typeb,Toyota,Food
2026-01-13 06:00:00,4.422454161424358,0.7127985917662713,0.16117715769307087,0,0,6,0,1.12425024,6,Typeb,Toyota,Food
2026-01-13 07:00:00,4.422454161424358,1.1682097677673124,0.2641541834299222,0,0,6,0,1.12425024,6,Typeb,Toyota,Food
2026-01-13 08:00:00,4.422454161424358,1.4683581259190162,0.332023368094356,0,0,6,0,1.12425024,6,Typeb,Toyota,Food
2026-01-13 09:00:00,4.422454161424358,2.2373753185666505,0.505912608,0,0,6,0,1.12425024,6,Typeb,Toyota,Food
2026-01-13 10:00:00,4.422454161424358,1.2853830071533359,0.29064925496917915,0,0,6,0,1.12425024,6,Typeb,Toyota,Food
2026-01-13 11:00:00,4.422454161424358,1.7182231855655798,0.3885225539595383,0,0,6,0,1.12425024,6,Typeb,Toyota,Food
2026-01-13 12:00:00,0.0,0.0,0.0,1,1,6,100,1.12425024,6,Typeb,Toyota,Food
2026-01-13 13:00:00,0.0,0.0,0.0,1,1,6,100,1.12425024,6,Typeb,Toyota,Food
2026-01-13 14:00:00,7.960417490563846,3.0531160322032975,0.38353717450402736,0,0,6,0,1.12425024,6,Typeb,Toyota,Food
2026-01-13 15:00:00,7.960417490563846,2.358527428160354,0.2962818760393051,0,0,6,0,1.12425024,6,Typeb,Toyota,Food
2026-01-13 16:00:00,7.960417490563846,3.5276700684976903,0.4431513890671356,0,0,6,0,1.12425024,6,Typeb,Toyota,Food
2026-01-13 17:00:00,7.960417490563846,4.0272755734199706,0.505912608,0,0,6,0,1.12425024,6,Typeb,Toyota,Food
2026-01-13 18:00:00,7.960417490563846,3.8354936651915885,0.48182066703638626,0,0,6,0,1.12425024,6,Typeb,Toyota,Food
2026-01-13 19:00:00,0.0,0.0,0.0,1,1,6,100,1.12425024,6,Typeb,Toyota,Food
2026-01-13 20:00:00,0.0,0.0,0.0,1,1,6,100,1.12425024,6,Typeb,Toyota,Food
2026-01-13 21:00:00,0.0,0.0,0.0,1,1,6,100,1.12425024,6,Typeb,Toyota,Food
2026-01-13 22:00:00,0.0,0.0,0.0,1,1,6,100,1.12425024,6,Typeb,Toyota,Food
2026-01-13 23:00:00,0.0,0.0,0.0,1,1,6,100,1.12425024,6,Typeb,Toyota,Food
2026-01-14 00:00:00,0.0,0.0,0.0,1,1,6,100,1.12425024,6,Typeb,Toyota,Food
2026-01-14 01:00:00,0.0,0.0,0.0,1,1,6,100,1.12425024,6,Typeb,Toyota,Food
2026-01-14 02:00:00,0.0,0.0,0.0,1,1,6,100,1.12425024,6,Typeb,Toyota,Food
2026-01-14 03:00:00,0.0,0.0,0.0,1,1,6,100,1.12425024,6,Typeb,Toyota,Food
2026-01-14 04:00:00,0.0,0.0,0.0,1,1,6,100,1.12425024,6,Typeb,Toyota,Food
2026-01-14 05:00:00,0.0,0.0,0.0,1,1,6,100,1.12425024,6,Typeb,Toyota,Food
2026-01-14 06:00:00,0.0,0.0,0.0,1,1,6,100,1.12425024,6,Typeb,Toyota,Food
2026-01-14 07:00:00,0.0,0.0,0.0,1,1,6,100,1.12425024,6,Typeb,Toyota,Food
2026-01-14 08:00:00,11.9204401290027,5.913894254050013,0.4961137500000001,0,0,6,0,1.102475,6,Typeb,Toyota,Food
2026-01-14 09:00:00,11.9204401290027,2.7402004621830676,0.22987410133591446,0,0,6,0,1.102475,6,Typeb,Toyota,Food
2026-01-14 10:00:00,11.9204401290027,3.535328795858403,0.2965770355455977,0,0,6,0,1.102475,6,Typeb,Toyota,Food
2026-01-14 11:00:00,11.9204401290027,3.944766821004004,0.33092459492383147,0,0,6,0,1.102475,6,Typeb,Toyota,Food
2026-01-14 12:00:00,11.9204401290027,3.235639337920078,0.2714362307854468,0,0,6,0,1.102475,6,Typeb,Toyota,Food
2026-01-14 13:00:00,9.437015102127136,2.6217030156777614,0.2778106199159118,0,0,6,0,1.102475,6,Typeb,Toyota,Food
2026-01-14 14:00:00,9.437015102127136,3.2360171759494487,0.3429068557090726,0,0,6,0,1.102475,6,Typeb,Toyota,Food
2026-01-14 15:00:00,9.437015102127136,1.7922711229328412,0.18991928099477737,0,0,6,0,1.102475,6,Typeb,Toyota,Food
2026-01-14 16:00:00,9.437015102127136,3.0648467914989235,0.32476866449096775,0,0,6,0,1.102475,6,Typeb,Toyota,Food
2026-01-14 17:00:00,9.437015102127136,2.7429524387207995,0.2906589010440948,0,0,6,0,1.102475,6,Typeb,Toyota,Food
2026-01-14 18:00:00,9.437015102127136,3.7765619626277234,0.40018606749675256,0,0,6,0,1.102475,6,Typeb,Toyota,Food
2026-01-14 19:00:00,0.0,0.0,0.0,1,1,6,100,1.102475,6,Typeb,Toyota,Food
2026-01-14 20:00:00,0.0,0.0,0.0,1,1,6,100,1.102475,6,Typeb,Toyota,Food
2026-01-14 21:00:00,0.0,0.0,0.0,1,1,6,100,1.102475,6,Typeb,Toyota,Food
2026-01-14 22:00:00,0.0,0.0,0.0,1,1,6,100,1.102475,6,Typeb,Toyota,Food
2026-01-14 23:00:00,0.0,0.0,0.0,1,1,6,100,1.102475,6,Typeb,Toyota,Food
2026-01-01 00:00:00,0.0,0.0,0.0,1,1,7,100,1.0,7,Typeb,Toyota,Food
2026-01-01 01:00:00,0.0,0.0,0.0,1,1,7,100,1.0,7,Typeb,Toyota,Food
2026-01-01 02:00:00,0.0,0.0,0.0,1,1,7,100,1.0,7,Typeb,Toyota,Food
2026-01-01 03:00:00,0.0,0.0,0.0,1,1,7,100,1.0,7,Typeb,Toyota,Food
2026-01-01 04:00:00,0.0,0.0,0.0,1,1,7,100,1.0,7,Typeb,Toyota,Food
2026-01-01 05:00:00,0.0,0.0,0.0,1,1,7,100,1.0,7,Typeb,Toyota,Food
2026-01-01 06:00:00,0.0,0.0,0.0,1,1,7,100,1.0,7,Typeb,Toyota,Food
2026-01-01 07:00:00,0.0,0.0,0.0,1,1,7,100,1.0,7,Typeb,Toyota,Food
2026-01-01 08:00:00,7.811264039808398,2.913328005332466,0.37296498882707424,0,0,7,0,1.1329772784640002,7,Typeb,Toyota,Food
2026-01-01 09:00:00,7.811264039808398,0.9811424445427324,0.12560610415197265,0,0,7,0,1.1329772784640002,7,Typeb,Toyota,Food
2026-01-01 10:00:00,7.811264039808398,3.946319465154499,0.5052088170420235,0,0,7,0,1.1329772784640002,7,Typeb,Toyota,Food
2026-01-01 11:00:00,7.811264039808398,3.1274243638050305,0.40037365884276815,0,0,7,0,1.1329772784640002,7,Typeb,Toyota,Food
2026-01-01 12:00:00,7.811264039808398,1.8761450060175362,0.24018455866504754,0,0,7,0,1.1329772784640002,7,Typeb,Toyota,Food
2026-01-01 13:00:00,7.101149127098544,3.6204482753942036,0.5098397753088001,0,0,7,0,1.1329772784640002,7,Typeb,Toyota,Food
2026-01-01 14:00:00,7.101149127098544,2.1276014797355423,0.29961368810245764,0,0,7,0,1.1329772784640002,7,Typeb,Toyota,Food
2026-01-01 15:00:00,7.101149127098544,2.911097305656489,0.4099473554987759,0,0,7,0,1.1329772784640002,7,Typeb,Toyota,Food
2026-01-01 16:00:00,7.101149127098544,2.367033856079328,0.3333311008842978,0,0,7,0,1.1329772784640002,7,Typeb,Toyota,Food
2026-01-01 17:00:00,7.101149127098544,1.2854071029726901,0.18101395703231685,0,0,7,0,1.1329772784640002,7,Typeb,Toyota,Food
2026-01-01 18:00:00,7.101149127098544,0.8045440611987119,0.11329772784640002,0,0,7,0,1.1329772784640002,7,Typeb,Toyota,Food
2026-01-01 19:00:00,0.0,0.0,0.0,1,1,7,100,1.1329772784640002,7,Typeb,Toyota,Food
2026-01-01 20:00:00,0.0,0.0,0.0,1,1,7,100,1.1329772784640002,7,Typeb,Toyota,Food
2026-01-01 21:00:00,0.0,0.0,0.0,1,1,7,100,1.1329772784640002,7,Typeb,Toyota,Food
2026-01-01 22:00:00,0.0,0.0,0.0,1,1,7,100,1.1329772784640002,7,Typeb,Toyota,Food
2026-01-01 23:00:00,0.0,0.0,0.0,1,1,7,100,1.1329772784640002,7,Typeb,Toyota,Food
2026-01-02 00:00:00,0.0,0.0,0.0,1,1,7,100,1.1329772784640002,7,Typeb,Toyota,Food
2026-01-02 01:00:00,0.0,0.0,0.0,1,1,7,100,1.1329772784640002,7,Typeb,Toyota,Food
2026-01-02 02:00:00,0.0,0.0,0.0,1,1,7,100,1.1329772784640002,7,Typeb,Toyota,Food
2026-01-02 03:00:00,0.0,0.0,0.0,1,1,7,100,1.1329772784640002,7,Typeb,Toyota,Food
2026-01-02 04:00:00,0.0,0.0,0.0,1,1,7,100,1.1329772784640002,7,Typeb,Toyota,Food
2026-01-02 05:00:00,0.0,0.0,0.0,1,1,7,100,1.1329772784640002,7,Typeb,Toyota,Food
2026-01-02 06:00:00,5.0,1.1577685232005488,0.23155370464010977,0,0,7,0,1.23259004,7,Typeb,Toyota,Food
2026-01-02 07:00:00,5.0,2.132962664687921,0.42659253293758426,0,0,7,0,1.23259004,7,Typeb,Toyota,Food
2026-01-02 08:00:00,5.0,2.77332759,0.5546655180000001,0,0,7,0,1.23259004,7,Typeb,Toyota,Food
2026-01-02 09:00:00,5.0,1.803698275605809,0.3607396551211618,0,0,7,0,1.23259004,7,Typeb,Toyota,Food
2026-01-02 10:00:00,5.0,1.829169044602022,0.3658338089204044,0,0,7,0,1.23259004,7,Typeb,Toyota,Food
2026-01-02 11:00:00,5.0,2.617498620060127,0.5234997240120254,0,0,7,0,1.23259004,7,Typeb,Toyota,Food
2026-01-02 12:00:00,0.0,0.0,0.0,1,1,7,100,1.23259004,7,Typeb,Toyota,Food
2026-01-02 13:00:00,0.0,0.0,0.0,1,1,7,100,1.23259004,7,Typeb,Toyota,Food
2026-01-02 14:00:00,5.714285714285714,1.5742312229986752,0.2754904640247682,0,0,7,0,1.23259004,7,Typeb,Toyota,Food
2026-01-02 15:00:00,5.714285714285714,2.9555986667413645,0.5172297666797387,0,0,7,0,1.23259004,7,Typeb,Toyota,Food
2026-01-02 16:00:00,5.714285714285714,1.1315730611056551,0.19802528569348962,0,0,7,0,1.23259004,7,Typeb,Toyota,Food
2026-01-02 17:00:00,5.714285714285714,1.2416883771305545,0.21729546599784702,0,0,7,0,1.23259004,7,Typeb,Toyota,Food
2026-01-02 18:00:00,5.714285714285714,1.1964389382273697,0.20937681418978968,0,0,7,0,1.23259004,7,Typeb,Toyota,Food
2026-01-02 19:00:00,0.0,0.0,0.0,1,1,7,100,1.23259004,7,Typeb,Toyota,Food
2026-01-02 20:00:00,0.0,0.0,0.0,1,1,7,100,1.23259004,7,Typeb,Toyota,Food
2026-01-02 21:00:00,0.0,0.0,0.0,1,1,7,100,1.23259004,7,Typeb,Toyota,Food
2026-01-02 22:00:00,0.0,0.0,0.0,1,1,7,100,1.23259004,7,Typeb,Toyota,Food
2026-01-02 23:00:00,0.0,0.0,0.0,1,1,7,100,1.23259004,7,Typeb,Toyota,Food
2026-01-03 00:00:00,0.0,0.0,0.0,1,1,7,100,1.23259004,7,Typeb,Toyota,Food
2026-01-03 01:00:00,0.0,0.0,0.0,1,1,7,100,1.23259004,7,Typeb,Toyota,Food
2026-01-03 02:00:00,0.0,0.0,0.0,1,1,7,100,1.23259004,7,Typeb,Toyota,Food
2026-01-03 03:00:00,0.0,0.0,0.0,1,1,7,100,1.23259004,7,Typeb,Toyota,Food
2026-01-03 04:00:00,0.0,0.0,0.0,1,1,7,100,1.23259004,7,Typeb,Toyota,Food
2026-01-03 05:00:00,0.0,0.0,0.0,1,1,7,100,1.23259004,7,Typeb,Toyota,Food
2026-01-03 06:00:00,0.0,0.0,0.0,1,1,7,100,1.23259004,7,Typeb,Toyota,Food
2026-01-03 07:00:00,0.0,0.0,0.0,1,1,7,100,1.23259004,7,Typeb,Toyota,Food
2026-01-03 08:00:00,0.0,0.0,0.0,1,1,7,100,1.23259004,7,Typeb,Toyota,Food
2026-01-03 09:00:00,0.0,0.0,0.0,1,1,7,100,1.23259004,7,Typeb,Toyota,Food
2026-01-03 10:00:00,12.0,1.4508588120048,0.1209049010004,0,0,7,0,1.209049010004,7,Typeb,Toyota,Food
2026-01-03 11:00:00,12.0,4.137168772363987,0.34476406436366563,0,0,7,0,1.209049010004,7,Typeb,Toyota,Food
2026-01-03 12:00:00,0.0,0.0,0.0,1,1,7,100,1.209049010004,7,Typeb,Toyota,Food
2026-01-03 13:00:00,5.217391304347826,1.2857191580214973,0.24642950528745364,0,0,7,0,1.209049010004,7,Typeb,Toyota,Food
2026-01-03 14:00:00,5.217391304347826,2.6015514054156834,0.4986306860380059,0,0,7,0,1.209049010004,7,Typeb,Toyota,Food
2026-01-03 15:00:00,5.217391304347826,2.8386368060963476,0.5440720545018,0,0,7,0,1.209049010004,7,Typeb,Toyota,Food
2026-01-03 16:00:00,5.217391304347826,1.8783516625906287,0.36001740199653715,0,0,7,0,1.209049010004,7,Typeb,Toyota,Food
2026-01-03 17:00:00,5.217391304347826,2.0459961005278595,0.39214925260117306,0,0,7,0,1.209049010004,7,Typeb,Toyota,Food
2026-01-03 18:00:00,5.217391304347826,0.6308081791325216,0.1209049010004,0,0,7,0,1.209049010004,7,Typeb,Toyota,Food
2026-01-03 19:00:00,0.0,0.0,0.0,1,1,7,100,1.209049010004,7,Typeb,Toyota,Food
2026-01-03 20:00:00,0.0,0.0,0.0,1,1,7,100,1.209049010004,7,Typeb,Toyota,Food
2026-01-03 21:00:00,0.0,0.0,0.0,1,1,7,100,1.209049010004,7,Typeb,Toyota,Food
2026-01-03 22:00:00,0.0,0.0,0.0,1,1,7,100,1.209049010004,7,Typeb,Toyota,Food
2026-01-03 23:00:00,0.0,0.0,0.0,1,1,7,100,1.209049010004,7,Typeb,Toyota,Food
2026-01-04 00:00:00,0.0,0.0,0.0,1,1,7,100,1.209049010004,7,Typeb,Toyota,Food
2026-01-04 01:00:00,0.0,0.0,0.0,1,1,7,100,1.209049010004,7,Typeb,Toyota,Food
2026-01-04 02:00:00,0.0,0.0,0.0,1,1,7,100,1.209049010004,7,Typeb,Toyota,Food
2026-01-04 03:00:00,0.0,0.0,0.0,1,1,7,100,1.209049010004,7,Typeb,Toyota,Food
2026-01-04 04:00:00,0.0,0.0,0.0,1,1,7,100,1.209049010004,7,Typeb,Toyota,Food
2026-01-04 05:00:00,0.0,0.0,0.0,1,1,7,100,1.209049010004,7,Typeb,Toyota,Food
2026-01-04 06:00:00,0.0,0.0,0.0,1,1,7,100,1.209049010004,7,Typeb,Toyota,Food
2026-01-04 07:00:00,0.0,0.0,0.0,1,1,7,100,1.209049010004,7,Typeb,Toyota,Food
2026-01-04 08:00:00,0.0,0.0,0.0,1,1,7,100,1.209049010004,7,Typeb,Toyota,Food
2026-01-04 09:00:00,0.0,0.0,0.0,1,1,7,100,1.209049010004,7,Typeb,Toyota,Food
2026-01-04 10:00:00,10.0,4.074746848914811,0.4074746848914811,0,0,7,0,1.3050301525,7,Typeb,Toyota,Food
2026-01-04 11:00:00,10.0,1.3050301525,0.13050301525000002,0,0,7,0,1.3050301525,7,Typeb,Toyota,Food
2026-01-04 12:00:00,10.0,5.40571342680109,0.540571342680109,0,0,7,0,1.3050301525,7,Typeb,Toyota,Food
2026-01-04 13:00:00,4.615384615384615,2.710447239807692,0.5872635686250001,0,0,7,0,1.3050301525,7,Typeb,Toyota,Food
2026-01-04 14:00:00,4.615384615384615,2.1525376563546614,0.46638315887684334,0,0,7,0,1.3050301525,7,Typeb,Toyota,Food
2026-01-04 15:00:00,4.615384615384615,1.9445265546773043,0.42131408684674926,0,0,7,0,1.3050301525,7,Typeb,Toyota,Food
2026-01-04 16:00:00,4.615384615384615,2.5174972622121574,0.5454577401459675,0,0,7,0,1.3050301525,7,Typeb,Toyota,Food
2026-01-04 17:00:00,4.615384615384615,2.138210724890549,0.4632789903929523,0,0,7,0,1.3050301525,7,Typeb,Toyota,Food
2026-01-04 18:00:00,4.615384615384615,0.9439469374032483,0.20452183643737049,0,0,7,0,1.3050301525,7,Typeb,Toyota,Food
2026-01-04 19:00:00,4.615384615384615,1.0487656943254873,0.22723256710385556,0,0,7,0,1.3050301525,7,Typeb,Toyota,Food
2026-01-04 20:00:00,0.0,0.0,0.0,1,1,7,100,1.3050301525,7,Typeb,Toyota,Food
2026-01-04 21:00:00,0.0,0.0,0.0,1,1,7,100,1.3050301525,7,Typeb,Toyota,Food
2026-01-04 22:00:00,0.0,0.0,0.0,1,1,7,100,1.3050301525,7,Typeb,Toyota,Food
2026-01-04 23:00:00,0.0,0.0,0.0,1,1,7,100,1.3050301525,7,Typeb,Toyota,Food
2026-01-05 00:00:00,0.0,0.0,0.0,1,1,7,100,1.3050301525,7,Typeb,Toyota,Food
2026-01-05 01:00:00,0.0,0.0,0.0,1,1,7,100,1.3050301525,7,Typeb,Toyota,Food
2026-01-05 02:00:00,0.0,0.0,0.0,1,1,7,100,1.3050301525,7,Typeb,Toyota,Food
2026-01-05 03:00:00,0.0,0.0,0.0,1,1,7,100,1.3050301525,7,Typeb,Toyota,Food
2026-01-05 04:00:00,0.0,0.0,0.0,1,1,7,100,1.3050301525,7,Typeb,Toyota,Food
2026-01-05 05:00:00,0.0,0.0,0.0,1,1,7,100,1.3050301525,7,Typeb,Toyota,Food
2026-01-05 06:00:00,4.573997247466566,1.3177888562923505,0.2881044270462218,0,0,7,0,1.226197579604,7,Typeb,Toyota,Food
2026-01-05 07:00:00,4.573997247466566,1.7269660442058563,0.3775616710662395,0,0,7,0,1.226197579604,7,Typeb,Toyota,Food
2026-01-05 08:00:00,4.573997247466566,2.523880959281488,0.5517889108218,0,0,7,0,1.226197579604,7,Typeb,Toyota,Food
2026-01-05 09:00:00,4.573997247466566,0.5608624353958862,0.12261975796040002,0,0,7,0,1.226197579604,7,Typeb,Toyota,Food
2026-01-05 10:00:00,4.573997247466566,1.0541093352086905,0.23045692381921262,0,0,7,0,1.226197579604,7,Typeb,Toyota,Food
2026-01-05 11:00:00,4.573997247466566,1.6297861096030133,0.35631549855123223,0,0,7,0,1.226197579604,7,Typeb,Toyota,Food
2026-01-05 12:00:00,4.573997247466566,2.523880959281488,0.5517889108218,0,0,7,0,1.226197579604,7,Typeb,Toyota,Food
2026-01-05 13:00:00,5.568344475176689,2.407022692922259,0.4322689990988537,0,0,7,0,1.226197579604,7,Typeb,Toyota,Food
2026-01-05 14:00:00,5.568344475176689,1.718124132185031,0.3085520552552585,0,0,7,0,1.226197579604,7,Typeb,Toyota,Food
2026-01-05 15:00:00,5.568344475176689,1.420677233152431,0.2551345807511939,0,0,7,0,1.226197579604,7,Typeb,Toyota,Food
2026-01-05 16:00:00,5.568344475176689,1.0770222400292708,0.19341875216782378,0,0,7,0,1.226197579604,7,Typeb,Toyota,Food
2026-01-05 17:00:00,5.568344475176689,1.495893682330718,0.2686424464217889,0,0,7,0,1.226197579604,7,Typeb,Toyota,Food
2026-01-05 18:00:00,5.568344475176689,3.067692990527097,0.550916525405831,0,0,7,0,1.226197579604,7,Typeb,Toyota,Food
2026-01-05 19:00:00,0.0,0.0,0.0,1,1,7,100,1.226197579604,7,Typeb,Toyota,Food
2026-01-05 20:00:00,0.0,0.0,0.0,1,1,7,100,1.226197579604,7,Typeb,Toyota,Food
2026-01-05 21:00:00,0.0,0.0,0.0,1,1,7,100,1.226197579604,7,Typeb,Toyota,Food
2026-01-05 22:00:00,0.0,0.0,0.0,1,1,7,100,1.226197579604,7,Typeb,Toyota,Food
2026-01-05 23:00:00,0.0,0.0,0.0,1,1,7,100,1.226197579604,7,Typeb,Toyota,Food
2026-01-06 00:00:00,0.0,0.0,0.0,1,1,7,100,1.226197579604,7,Typeb,Toyota,Food
2026-01-06 01:00:00,0.0,0.0,0.0,1,1,7,100,1.226197579604,7,Typeb,Toyota,Food
2026-01-06 02:00:00,0.0,0.0,0.0,1,1,7,100,1.226197579604,7,Typeb,Toyota,Food
2026-01-06 03:00:00,0.0,0.0,0.0,1,1,7,100,1.226197579604,7,Typeb,Toyota,Food
2026-01-06 04:00:00,0.0,0.0,0.0,1,1,7,100,1.226197579604,7,Typeb,Toyota,Food
2026-01-06 05:00:00,0.0,0.0,0.0,1,1,7,100,1.226197579604,7,Typeb,Toyota,Food
2026-01-06 06:00:00,0.0,0.0,0.0,1,1,7,100,1.226197579604,7,Typeb,Toyota,Food
2026-01-06 07:00:00,0.0,0.0,0.0,1,1,7,100,1.226197579604,7,Typeb,Toyota,Food
2026-01-06 08:00:00,9.851808647131438,4.303182961455083,0.4367911634893605,0,0,7,0,1.3306301459840002,7,Typeb,Toyota,Food
2026-01-06 09:00:00,9.851808647131438,2.887585846836308,0.29310210442192147,0,0,7,0,1.3306301459840002,7,Typeb,Toyota,Food
2026-01-06 10:00:00,9.851808647131438,3.3035242827468214,0.33532160449631876,0,0,7,0,1.3306301459840002,7,Typeb,Toyota,Food
2026-01-06 11:00:00,9.851808647131438,1.8766979790352893,0.19049273552239868,0,0,7,0,1.3306301459840002,7,Typeb,Toyota,Food
2026-01-06 12:00:00,9.851808647131438,2.7148575866672555,0.2755694597720129,0,0,7,0,1.3306301459840002,7,Typeb,Toyota,Food
2026-01-06 13:00:00,10.370324891717303,3.880165223321995,0.3741604302504594,0,0,7,0,1.3306301459840002,7,Typeb,Toyota,Food
2026-01-06 14:00:00,10.370324891717303,5.126840930304036,0.4943761149082999,0,0,7,0,1.3306301459840002,7,Typeb,Toyota,Food
2026-01-06 15:00:00,10.370324891717303,4.815795572850738,0.4643823239035718,0,0,7,0,1.3306301459840002,7,Typeb,Toyota,Food
2026-01-06 16:00:00,10.370324891717303,5.3173094620952455,0.5127428038770645,0,0,7,0,1.3306301459840002,7,Typeb,Toyota,Food
2026-01-06 17:00:00,10.370324891717303,5.637280256527717,0.543597265793492,0,0,7,0,1.3306301459840002,7,Typeb,Toyota,Food
2026-01-06 18:00:00,0.0,0.0,0.0,1,1,7,100,1.3306301459840002,7,Typeb,Toyota,Food
2026-01-06 19:00:00,0.0,0.0,0.0,1,1,7,100,1.3306301459840002,7,Typeb,Toyota,Food
2026-01-06 20:00:00,0.0,0.0,0.0,1,1,7,100,1.3306301459840002,7,Typeb,Toyota,Food
2026-01-06 21:00:00,0.0,0.0,0.0,1,1,7,100,1.3306301459840002,7,Typeb,Toyota,Food
2026-01-06 22:00:00,0.0,0.0,0.0,1,1,7,100,1.3306301459840002,7,Typeb,Toyota,Food
2026-01-06 23:00:00,0.0,0.0,0.0,1,1,7,100,1.3306301459840002,7,Typeb,Toyota,Food
2026-01-07 00:00:00,0.0,0.0,0.0,1,1,7,100,1.3306301459840002,7,Typeb,Toyota,Food
2026-01-07 01:00:00,0.0,0.0,0.0,1,1,7,100,1.3306301459840002,7,Typeb,Toyota,Food
2026-01-07 02:00:00,0.0,0.0,0.0,1,1,7,100,1.3306301459840002,7,Typeb,Toyota,Food
2026-01-07 03:00:00,0.0,0.0,0.0,1,1,7,100,1.3306301459840002,7,Typeb,Toyota,Food
2026-01-07 04:00:00,0.0,0.0,0.0,1,1,7,100,1.3306301459840002,7,Typeb,Toyota,Food
2026-01-07 05:00:00,0.0,0.0,0.0,1,1,7,100,1.3306301459840002,7,Typeb,Toyota,Food
2026-01-07 06:00:00,0.0,0.0,0.0,1,1,7,100,1.3306301459840002,7,Typeb,Toyota,Food
2026-01-07 07:00:00,8.7780828846263,4.382828240430133,0.49929219147680876,0,0,7,0,1.282756305344,7,Typeb,Toyota,Food
2026-01-07 08:00:00,8.7780828846263,3.4130633036777707,0.3888164817462955,0,0,7,0,1.282756305344,7,Typeb,Toyota,Food
2026-01-07 09:00:00,8.7780828846263,1.154405964566537,0.13151003239993697,0,0,7,0,1.282756305344,7,Typeb,Toyota,Food
2026-01-07 10:00:00,8.7780828846263,3.0204321033458834,0.34408789972076786,0,0,7,0,1.282756305344,7,Typeb,Toyota,Food
2026-01-07 11:00:00,8.7780828846263,2.4731730177458866,0.28174409495236546,0,0,7,0,1.282756305344,7,Typeb,Toyota,Food
2026-01-07 12:00:00,0.0,0.0,0.0,1,1,7,100,1.282756305344,7,Typeb,Toyota,Food
2026-01-07 13:00:00,7.152511980065874,2.636832571326665,0.3686582530271246,0,0,7,0,1.282756305344,7,Typeb,Toyota,Food
2026-01-07 14:00:00,7.152511980065874,0.9174929841477999,0.12827563053440003,0,0,7,0,1.282756305344,7,Typeb,Toyota,Food
2026-01-07 15:00:00,7.152511980065874,0.9174929841477999,0.12827563053440003,0,0,7,0,1.282756305344,7,Typeb,Toyota,Food
2026-01-07 16:00:00,7.152511980065874,2.9643767131618874,0.41445253379842445,0,0,7,0,1.282756305344,7,Typeb,Toyota,Food
2026-01-07 17:00:00,7.152511980065874,2.2912312539560933,0.32033938011453583,0,0,7,0,1.282756305344,7,Typeb,Toyota,Food
2026-01-07 18:00:00,7.152511980065874,1.2888040094919695,0.18018900395887205,0,0,7,0,1.282756305344,7,Typeb,Toyota,Food
2026-01-07 19:00:00,7.152511980065874,3.8325496844071267,0.5358326829914417,0,0,7,0,1.282756305344,7,Typeb,Toyota,Food
2026-01-07 20:00:00,0.0,0.0,0.0,1,1,7,100,1.282756305344,7,Typeb,Toyota,Food
2026-01-07 21:00:00,0.0,0.0,0.0,1,1,7,100,1.282756305344,7,Typeb,Toyota,Food
2026-01-07 22:00:00,0.0,0.0,0.0,1,1,7,100,1.282756305344,7,Typeb,Toyota,Food
2026-01-07 23:00:00,0.0,0.0,0.0,1,1,7,100,1.282756305344,7,Typeb,Toyota,Food
2026-01-08 00:00:00,0.0,0.0,0.0,1,1,7,100,1.282756305344,7,Typeb,Toyota,Food
2026-01-08 01:00:00,0.0,0.0,0.0,1,1,7,100,1.282756305344,7,Typeb,Toyota,Food
2026-01-08 02:00:00,0.0,0.0,0.0,1,1,7,100,1.282756305344,7,Typeb,Toyota,Food
2026-01-08 03:00:00,0.0,0.0,0.0,1,1,7,100,1.282756305344,7,Typeb,Toyota,Food
2026-01-08 04:00:00,0.0,0.0,0.0,1,1,7,100,1.282756305344,7,Typeb,Toyota,Food
2026-01-08 05:00:00,0.0,0.0,0.0,1,1,7,100,1.282756305344,7,Typeb,Toyota,Food
2026-01-08 06:00:00,0.0,0.0,0.0,1,1,7,100,1.282756305344,7,Typeb,Toyota,Food
2026-01-08 07:00:00,0.0,0.0,0.0,1,1,7,100,1.282756305344,7,Typeb,Toyota,Food
2026-01-08 08:00:00,0.0,0.0,0.0,1,1,7,100,1.282756305344,7,Typeb,Toyota,Food
2026-01-08 09:00:00,13.172563429867271,1.5498643469336315,0.11765852221440001,0,0,7,0,1.176585222144,7,Typeb,Toyota,Food
2026-01-08 10:00:00,13.172563429867271,2.255156345298234,0.17120102380262042,0,0,7,0,1.176585222144,7,Typeb,Toyota,Food
2026-01-08 11:00:00,13.172563429867271,3.3198116832370026,0.25202472555263705,0,0,7,0,1.176585222144,7,Typeb,Toyota,Food
2026-01-08 12:00:00,0.0,0.0,0.0,1,1,7,100,1.176585222144,7,Typeb,Toyota,Food
2026-01-08 13:00:00,9.706099369375885,4.809713973555491,0.4955352083794668,0,0,7,0,1.176585222144,7,Typeb,Toyota,Food
2026-01-08 14:00:00,9.706099369375885,4.166850776466986,0.4293022992958417,0,0,7,0,1.176585222144,7,Typeb,Toyota,Food
2026-01-08 15:00:00,9.706099369375885,5.139023887200989,0.5294633499648,0,0,7,0,1.176585222144,7,Typeb,Toyota,Food
2026-01-08 16:00:00,9.706099369375885,3.4801716236035904,0.35855511994695044,0,0,7,0,1.176585222144,7,Typeb,Toyota,Food
2026-01-08 17:00:00,9.706099369375885,5.139023887200989,0.5294633499648,0,0,7,0,1.176585222144,7,Typeb,Toyota,Food
2026-01-08 18:00:00,0.0,0.0,0.0,1,1,7,100,1.176585222144,7,Typeb,Toyota,Food
2026-01-08 19:00:00,0.0,0.0,0.0,1,1,7,100,1.176585222144,7,Typeb,Toyota,Food
2026-01-08 20:00:00,0.0,0.0,0.0,1,1,7,100,1.176585222144,7,Typeb,Toyota,Food
2026-01-08 21:00:00,0.0,0.0,0.0,1,1,7,100,1.176585222144,7,Typeb,Toyota,Food
2026-01-08 22:00:00,0.0,0.0,0.0,1,1,7,100,1.176585222144,7,Typeb,Toyota,Food
2026-01-08 23:00:00,0.0,0.0,0.0,1,1,7,100,1.176585222144,7,Typeb,Toyota,Food
2026-01-09 00:00:00,0.0,0.0,0.0,1,1,7,100,1.176585222144,7,Typeb,Toyota,Food
2026-01-09 01:00:00,0.0,0.0,0.0,1,1,7,100,1.176585222144,7,Typeb,Toyota,Food
2026-01-09 02:00:00,0.0,0.0,0.0,1,1,7,100,1.176585222144,7,Typeb,Toyota,Food
2026-01-09 03:00:00,0.0,0.0,0.0,1,1,7,100,1.176585222144,7,Typeb,Toyota,Food
2026-01-09 04:00:00,0.0,0.0,0.0,1,1,7,100,1.176585222144,7,Typeb,Toyota,Food
2026-01-09 05:00:00,0.0,0.0,0.0,1,1,7,100,1.176585222144,7,Typeb,Toyota,Food
2026-01-09 06:00:00,0.0,0.0,0.0,1,1,7,100,1.176585222144,7,Typeb,Toyota,Food
2026-01-09 07:00:00,5.693122118596446,1.3353806792749456,0.23456034342087212,0,0,7,0,1.137342385344,7,Typeb,Toyota,Food
2026-01-09 08:00:00,5.693122118596446,2.012480082351928,0.35349322224763285,0,0,7,0,1.137342385344,7,Typeb,Toyota,Food
2026-01-09 09:00:00,5.693122118596446,1.2999635474649738,0.22833930493404914,0,0,7,0,1.137342385344,7,Typeb,Toyota,Food
2026-01-09 10:00:00,5.693122118596446,1.9888457855941382,0.3493418451534039,0,0,7,0,1.137342385344,7,Typeb,Toyota,Food
2026-01-09 11:00:00,5.693122118596446,0.682330956077523,0.11985180395985279,0,0,7,0,1.137342385344,7,Typeb,Toyota,Food
2026-01-09 12:00:00,5.693122118596446,0.6475029090419169,0.1137342385344,0,0,7,0,1.137342385344,7,Typeb,Toyota,Food
2026-01-09 13:00:00,0.0,0.0,0.0,1,1,7,100,1.137342385344,7,Typeb,Toyota,Food
2026-01-09 14:00:00,4.473167378897208,1.7896784493570084,0.40009199248838007,0,0,7,0,1.137342385344,7,Typeb,Toyota,Food
2026-01-09 15:00:00,4.473167378897208,0.5087522856757919,0.1137342385344,0,0,7,0,1.137342385344,7,Typeb,Toyota,Food
2026-01-09 16:00:00,4.473167378897208,1.059521557212955,0.23686159436183768,0,0,7,0,1.137342385344,7,Typeb,Toyota,Food
2026-01-09 17:00:00,4.473167378897208,1.4201167400099126,0.3174745364346328,0,0,7,0,1.137342385344,7,Typeb,Toyota,Food
2026-01-09 18:00:00,4.473167378897208,2.2893852855410635,0.5118040734047999,0,0,7,0,1.137342385344,7,Typeb,Toyota,Food
2026-01-09 19:00:00,4.473167378897208,1.4734853946848538,0.3294053787560526,0,0,7,0,1.137342385344,7,Typeb,Toyota,Food
2026-01-09 20:00:00,4.473167378897208,0.7291220291423327,0.16299904908143337,0,0,7,0,1.137342385344,7,Typeb,Toyota,Food
2026-01-09 21:00:00,0.0,0.0,0.0,1,1,7,100,1.137342385344,7,Typeb,Toyota,Food
2026-01-09 22:00:00,0.0,0.0,0.0,1,1,7,100,1.137342385344,7,Typeb,Toyota,Food
2026-01-09 23:00:00,0.0,0.0,0.0,1,1,7,100,1.137342385344,7,Typeb,Toyota,Food
2026-01-10 00:00:00,0.0,0.0,0.0,1,1,7,100,1.137342385344,7,Typeb,Toyota,Food
2026-01-10 01:00:00,0.0,0.0,0.0,1,1,7,100,1.137342385344,7,Typeb,Toyota,Food
2026-01-10 02:00:00,0.0,0.0,0.0,1,1,7,100,1.137342385344,7,Typeb,Toyota,Food
2026-01-10 03:00:00,0.0,0.0,0.0,1,1,7,100,1.137342385344,7,Typeb,Toyota,Food
2026-01-10 04:00:00,0.0,0.0,0.0,1,1,7,100,1.137342385344,7,Typeb,Toyota,Food
2026-01-10 05:00:00,0.0,0.0,0.0,1,1,7,100,1.137342385344,7,Typeb,Toyota,Food
2026-01-10 06:00:00,0.0,0.0,0.0,1,1,7,100,1.137342385344,7,Typeb,Toyota,Food
2026-01-10 07:00:00,0.0,0.0,0.0,1,1,7,100,1.137342385344,7,Typeb,Toyota,Food
2026-01-10 08:00:00,0.0,0.0,0.0,1,1,7,100,1.137342385344,7,Typeb,Toyota,Food
2026-01-10 09:00:00,0.0,0.0,0.0,1,1,7,100,1.137342385344,7,Typeb,Toyota,Food
2026-01-10 10:00:00,10.909090909090908,5.839903832727273,0.535324518,0,0,7,0,1.18961004,7,Typeb,Toyota,Food
2026-01-10 11:00:00,10.909090909090908,5.360506783455895,0.49137978848345704,0,0,7,0,1.18961004,7,Typeb,Toyota,Food
2026-01-10 12:00:00,0.0,0.0,0.0,1,1,7,100,1.18961004,7,Typeb,Toyota,Food
2026-01-10 13:00:00,0.0,0.0,0.0,1,1,7,100,1.18961004,7,Typeb,Toyota,Food
2026-01-10 14:00:00,5.454545454545454,1.3454336902477755,0.2466628432120922,0,0,7,0,1.18961004,7,Typeb,Toyota,Food
2026-01-10 15:00:00,5.454545454545454,0.6488782036363636,0.11896100400000001,0,0,7,0,1.18961004,7,Typeb,Toyota,Food
2026-01-10 16:00:00,5.454545454545454,2.6007312528365354,0.4768007296866981,0,0,7,0,1.18961004,7,Typeb,Toyota,Food
2026-01-10 17:00:00,5.454545454545454,2.138719552282882,0.39209858458519514,0,0,7,0,1.18961004,7,Typeb,Toyota,Food
2026-01-10 18:00:00,5.454545454545454,2.1484267922369935,0.3938782452434488,0,0,7,0,1.18961004,7,Typeb,Toyota,Food
2026-01-10 19:00:00,0.0,0.0,0.0,1,1,7,100,1.18961004,7,Typeb,Toyota,Food
2026-01-10 20:00:00,0.0,0.0,0.0,1,1,7,100,1.18961004,7,Typeb,Toyota,Food
2026-01-10 21:00:00,0.0,0.0,0.0,1,1,7,100,1.18961004,7,Typeb,Toyota,Food
2026-01-10 22:00:00,0.0,0.0,0.0,1,1,7,100,1.18961004,7,Typeb,Toyota,Food
2026-01-10 23:00:00,0.0,0.0,0.0,1,1,7,100,1.18961004,7,Typeb,Toyota,Food
2026-01-11 00:00:00,0.0,0.0,0.0,1,1,7,100,1.18961004,7,Typeb,Toyota,Food
2026-01-11 01:00:00,0.0,0.0,0.0,1,1,7,100,1.18961004,7,Typeb,Toyota,Food
2026-01-11 02:00:00,0.0,0.0,0.0,1,1,7,100,1.18961004,7,Typeb,Toyota,Food
2026-01-11 03:00:00,0.0,0.0,0.0,1,1,7,100,1.18961004,7,Typeb,Toyota,Food
2026-01-11 04:00:00,0.0,0.0,0.0,1,1,7,100,1.18961004,7,Typeb,Toyota,Food
2026-01-11 05:00:00,0.0,0.0,0.0,1,1,7,100,1.18961004,7,Typeb,Toyota,Food
2026-01-11 06:00:00,0.0,0.0,0.0,1,1,7,100,1.18961004,7,Typeb,Toyota,Food
2026-01-11 07:00:00,5.714285714285714,0.6411825788822858,0.1122069513044,0,0,7,0,1.122069513044,7,Typeb,Toyota,Food
2026-01-11 08:00:00,5.714285714285714,1.8488092591169953,0.3235416203454742,0,0,7,0,1.122069513044,7,Typeb,Toyota,Food
2026-01-11 09:00:00,5.714285714285714,2.03136411022012,0.355488719288521,0,0,7,0,1.122069513044,7,Typeb,Toyota,Food
2026-01-11 10:00:00,5.714285714285714,0.9339231913128643,0.16343655847975125,0,0,7,0,1.122069513044,7,Typeb,Toyota,Food
2026-01-11 11:00:00,5.714285714285714,2.5384533826624383,0.44422934196592667,0,0,7,0,1.122069513044,7,Typeb,Toyota,Food
2026-01-11 12:00:00,5.714285714285714,2.34464208897277,0.41031236557023476,0,0,7,0,1.122069513044,7,Typeb,Toyota,Food
2026-01-11 13:00:00,4.444444444444445,1.2650369209130152,0.28463330720542845,0,0,7,0,1.122069513044,7,Typeb,Toyota,Food
2026-01-11 14:00:00,4.444444444444445,2.1260602925341745,0.47836356582018924,0,0,7,0,1.122069513044,7,Typeb,Toyota,Food
2026-01-11 15:00:00,4.444444444444445,1.576491275151171,0.35471053690901344,0,0,7,0,1.122069513044,7,Typeb,Toyota,Food
2026-01-11 16:00:00,4.444444444444445,2.162644059347378,0.48659491335316,0,0,7,0,1.122069513044,7,Typeb,Toyota,Food
2026-01-11 17:00:00,4.444444444444445,1.3977213004818934,0.314487292608426,0,0,7,0,1.122069513044,7,Typeb,Toyota,Food
2026-01-11 18:00:00,4.444444444444445,1.523192127611303,0.3427182287125432,0,0,7,0,1.122069513044,7,Typeb,Toyota,Food
2026-01-11 19:00:00,4.444444444444445,1.5166957615918641,0.34125654635816943,0,0,7,0,1.122069513044,7,Typeb,Toyota,Food
2026-01-11 20:00:00,0.0,0.0,0.0,1,1,7,100,1.122069513044,7,Typeb,Toyota,Food
2026-01-11 21:00:00,0.0,0.0,0.0,1,1,7,100,1.122069513044,7,Typeb,Toyota,Food
2026-01-11 22:00:00,0.0,0.0,0.0,1,1,7,100,1.122069513044,7,Typeb,Toyota,Food
2026-01-11 23:00:00,0.0,0.0,0.0,1,1,7,100,1.122069513044,7,Typeb,Toyota,Food
2026-01-12 00:00:00,0.0,0.0,0.0,1,1,7,100,1.122069513044,7,Typeb,Toyota,Food
2026-01-12 01:00:00,0.0,0.0,0.0,1,1,7,100,1.122069513044,7,Typeb,Toyota,Food
2026-01-12 02:00:00,0.0,0.0,0.0,1,1,7,100,1.122069513044,7,Typeb,Toyota,Food
2026-01-12 03:00:00,0.0,0.0,0.0,1,1,7,100,1.122069513044,7,Typeb,Toyota,Food
2026-01-12 04:00:00,0.0,0.0,0.0,1,1,7,100,1.122069513044,7,Typeb,Toyota,Food
2026-01-12 05:00:00,4.0,1.4968863907848269,0.3742215976962067,0,0,7,0,1.119889326784,7,Typeb,Toyota,Food
2026-01-12 06:00:00,4.0,0.7320623818776977,0.18301559546942442,0,0,7,0,1.119889326784,7,Typeb,Toyota,Food
2026-01-12 07:00:00,4.0,2.0158007882112,0.5039501970528,0,0,7,0,1.119889326784,7,Typeb,Toyota,Food
2026-01-12 08:00:00,4.0,0.4479557307136,0.1119889326784,0,0,7,0,1.119889326784,7,Typeb,Toyota,Food
2026-01-12 09:00:00,4.0,0.9103715054848918,0.22759287637122294,0,0,7,0,1.119889326784,7,Typeb,Toyota,Food
2026-01-12 10:00:00,4.0,0.6172666150281589,0.15431665375703973,0,0,7,0,1.119889326784,7,Typeb,Toyota,Food
2026-01-12 11:00:00,4.0,1.6194766823425433,0.4048691705856358,0,0,7,0,1.119889326784,7,Typeb,Toyota,Food
2026-01-12 12:00:00,4.0,0.7103776322976671,0.1775944080744168,0,0,7,0,1.119889326784,7,Typeb,Toyota,Food
2026-01-12 13:00:00,4.8,0.53754687685632,0.1119889326784,0,0,7,0,1.119889326784,7,Typeb,Toyota,Food
2026-01-12 14:00:00,4.8,1.42763714267494,0.2974244047239458,0,0,7,0,1.119889326784,7,Typeb,Toyota,Food
2026-01-12 15:00:00,4.8,1.7744365927566397,0.36967429015763326,0,0,7,0,1.119889326784,7,Typeb,Toyota,Food
2026-01-12 16:00:00,4.8,1.6711560574829465,0.3481575119756139,0,0,7,0,1.119889326784,7,Typeb,Toyota,Food
2026-01-12 17:00:00,4.8,2.4189609458534402,0.5039501970528,0,0,7,0,1.119889326784,7,Typeb,Toyota,Food
2026-01-12 18:00:00,4.8,2.270911107620841,0.473106480754342,0,0,7,0,1.119889326784,7,Typeb,Toyota,Food
2026-01-12 19:00:00,4.8,0.9598787613078279,0.1999747419391308,0,0,7,0,1.119889326784,7,Typeb,Toyota,Food
2026-01-12 20:00:00,0.0,0.0,0.0,1,1,7,100,1.119889326784,7,Typeb,Toyota,Food
2026-01-12 21:00:00,0.0,0.0,0.0,1,1,7,100,1.119889326784,7,Typeb,Toyota,Food
2026-01-12 22:00:00,0.0,0.0,0.0,1,1,7,100,1.119889326784,7,Typeb,Toyota,Food
2026-01-12 23:00:00,0.0,0.0,0.0,1,1,7,100,1.119889326784,7,Typeb,Toyota,Food
2026-01-13 00:00:00,0.0,0.0,0.0,1,1,7,100,1.119889326784,7,Typeb,Toyota,Food
2026-01-13 01:00:00,0.0,0.0,0.0,1,1,7,100,1.119889326784,7,Typeb,Toyota,Food
2026-01-13 02:00:00,0.0,0.0,0.0,1,1,7,100,1.119889326784,7,Typeb,Toyota,Food
2026-01-13 03:00:00,0.0,0.0,0.0,1,1,7,100,1.119889326784,7,Typeb,Toyota,Food
2026-01-13 04:00:00,0.0,0.0,0.0,1,1,7,100,1.119889326784,7,Typeb,Toyota,Food
2026-01-13 05:00:00,0.0,0.0,0.0,1,1,7,100,1.119889326784,7,Typeb,Toyota,Food
2026-01-13 06:00:00,5.810393317015568,0.8581865617597049,0.1476985317407912,0,0,7,0,1.12425024,7,Typeb,Toyota,Food
2026-01-13 07:00:00,5.810393317015568,1.4898366611190812,0.25640891757811607,0,0,7,0,1.12425024,7,Typeb,Toyota,Food
2026-01-13 08:00:00,5.810393317015568,2.4594632542055095,0.4232868792209028,0,0,7,0,1.12425024,7,Typeb,Toyota,Food
2026-01-13 09:00:00,5.810393317015568,1.4489978395988334,0.24938033632860712,0,0,7,0,1.12425024,7,Typeb,Toyota,Food
2026-01-13 10:00:00,5.810393317015568,1.8895430354648133,0.32520053847840924,0,0,7,0,1.12425024,7,Typeb,Toyota,Food
2026-01-13 11:00:00,5.810393317015568,0.6532336081149149,0.11242502400000001,0,0,7,0,1.12425024,7,Typeb,Toyota,Food
2026-01-13 12:00:00,0.0,0.0,0.0,1,1,7,100,1.12425024,7,Typeb,Toyota,Food
2026-01-13 13:00:00,5.345561851654322,0.6009749194657217,0.11242502400000001,0,0,7,0,1.12425024,7,Typeb,Toyota,Food
2026-01-13 14:00:00,5.345561851654322,0.7625371722625457,0.14264864824762227,0,0,7,0,1.12425024,7,Typeb,Toyota,Food
2026-01-13 15:00:00,5.345561851654322,0.6009749194657217,0.11242502400000001,0,0,7,0,1.12425024,7,Typeb,Toyota,Food
2026-01-13 16:00:00,5.345561851654322,2.19554138951537,0.4107222870942749,0,0,7,0,1.12425024,7,Typeb,Toyota,Food
2026-01-13 17:00:00,5.345561851654322,2.027900645781907,0.37936155301510927,0,0,7,0,1.12425024,7,Typeb,Toyota,Food
2026-01-13 18:00:00,5.345561851654322,1.2962722301027518,0.24249503907649797,0,0,7,0,1.12425024,7,Typeb,Toyota,Food
2026-01-13 19:00:00,0.0,0.0,0.0,1,1,7,100,1.12425024,7,Typeb,Toyota,Food
2026-01-13 20:00:00,0.0,0.0,0.0,1,1,7,100,1.12425024,7,Typeb,Toyota,Food
2026-01-13 21:00:00,0.0,0.0,0.0,1,1,7,100,1.12425024,7,Typeb,Toyota,Food
2026-01-13 22:00:00,0.0,0.0,0.0,1,1,7,100,1.12425024,7,Typeb,Toyota,Food
2026-01-13 23:00:00,0.0,0.0,0.0,1,1,7,100,1.12425024,7,Typeb,Toyota,Food
2026-01-14 00:00:00,0.0,0.0,0.0,1,1,7,100,1.12425024,7,Typeb,Toyota,Food
2026-01-14 01:00:00,0.0,0.0,0.0,1,1,7,100,1.12425024,7,Typeb,Toyota,Food
2026-01-14 02:00:00,0.0,0.0,0.0,1,1,7,100,1.12425024,7,Typeb,Toyota,Food
2026-01-14 03:00:00,0.0,0.0,0.0,1,1,7,100,1.12425024,7,Typeb,Toyota,Food
2026-01-14 04:00:00,0.0,0.0,0.0,1,1,7,100,1.12425024,7,Typeb,Toyota,Food
2026-01-14 05:00:00,0.0,0.0,0.0,1,1,7,100,1.12425024,7,Typeb,Toyota,Food
2026-01-14 06:00:00,8.632327048161601,2.9862175561514537,0.3459342468711747,0,0,7,0,1.102475,7,Typeb,Toyota,Food
2026-01-14 07:00:00,8.632327048161601,0.9734431901825356,0.1127671814044449,0,0,7,0,1.102475,7,Typeb,Toyota,Food
2026-01-14 08:00:00,8.632327048161601,2.317766682856289,0.26849847902251295,0,0,7,0,1.102475,7,Typeb,Toyota,Food
2026-01-14 09:00:00,8.632327048161601,0.9516924762421962,0.11024750000000001,0,0,7,0,1.102475,7,Typeb,Toyota,Food
2026-01-14 10:00:00,8.632327048161601,1.7297842546864934,0.2003844670198032,0,0,7,0,1.102475,7,Typeb,Toyota,Food
2026-01-14 11:00:00,8.632327048161601,4.226603167741479,0.4896250042613487,0,0,7,0,1.102475,7,Typeb,Toyota,Food
2026-01-14 12:00:00,0.0,0.0,0.0,1,1,7,100,1.102475,7,Typeb,Toyota,Food
2026-01-14 13:00:00,8.632327048161601,1.0583940083210026,0.12260819155900787,0,0,7,0,1.102475,7,Typeb,Toyota,Food
2026-01-14 14:00:00,8.632327048161601,2.0194110391447397,0.23393588170119287,0,0,7,0,1.102475,7,Typeb,Toyota,Food
2026-01-14 15:00:00,8.632327048161601,4.282616143089883,0.4961137500000001,0,0,7,0,1.102475,7,Typeb,Toyota,Food
2026-01-14 16:00:00,8.632327048161601,2.186978200227617,0.2533474679569017,0,0,7,0,1.102475,7,Typeb,Toyota,Food
2026-01-14 17:00:00,8.632327048161601,4.282616143089883,0.4961137500000001,0,0,7,0,1.102475,7,Typeb,Toyota,Food
2026-01-14 18:00:00,8.632327048161601,2.4041675662928994,0.27850746998805004,0,0,7,0,1.102475,7,Typeb,Toyota,Food
2026-01-14 19:00:00,0.0,0.0,0.0,1,1,7,100,1.102475,7,Typeb,Toyota,Food
2026-01-14 20:00:00,0.0,0.0,0.0,1,1,7,100,1.102475,7,Typeb,Toyota,Food
2026-01-14 21:00:00,0.0,0.0,0.0,1,1,7,100,1.102475,7,Typeb,Toyota,Food
2026-01-14 22:00:00,0.0,0.0,0.0,1,1,7,100,1.102475,7,Typeb,Toyota,Food
2026-01-14 23:00:00,0.0,0.0,0.0,1,1,7,100,1.102475,7,Typeb,Toyota,Food
2026-01-01 00:00:00,0.0,0.0,0.0,1,1,8,100,1.0,8,Typeb,Toyota,Food
2026-01-01 01:00:00,0.0,0.0,0.0,1,1,8,100,1.0,8,Typeb,Toyota,Food
2026-01-01 02:00:00,0.0,0.0,0.0,1,1,8,100,1.0,8,Typeb,Toyota,Food
2026-01-01 03:00:00,0.0,0.0,0.0,1,1,8,100,1.0,8,Typeb,Toyota,Food
2026-01-01 04:00:00,0.0,0.0,0.0,1,1,8,100,1.0,8,Typeb,Toyota,Food
2026-01-01 05:00:00,0.0,0.0,0.0,1,1,8,100,1.0,8,Typeb,Toyota,Food
2026-01-01 06:00:00,7.913848146330145,3.0156735604485516,0.38106285396024403,0,0,8,0,1.1329772784640002,8,Typeb,Toyota,Food
2026-01-01 07:00:00,7.913848146330145,1.2109606622565663,0.15301793007212552,0,0,8,0,1.1329772784640002,8,Typeb,Toyota,Food
2026-01-01 08:00:00,7.913848146330145,1.5435671569263432,0.19504634513894925,0,0,8,0,1.1329772784640002,8,Typeb,Toyota,Food
2026-01-01 09:00:00,7.913848146330145,1.1501769989768502,0.14533725915757137,0,0,8,0,1.1329772784640002,8,Typeb,Toyota,Food
2026-01-01 10:00:00,7.913848146330145,1.9881529195165728,0.25122454749634415,0,0,8,0,1.1329772784640002,8,Typeb,Toyota,Food
2026-01-01 11:00:00,7.913848146330145,3.1695567122020534,0.4005076485668806,0,0,8,0,1.1329772784640002,8,Typeb,Toyota,Food
2026-01-01 12:00:00,7.913848146330145,2.5835979585005466,0.3264654452206829,0,0,8,0,1.1329772784640002,8,Typeb,Toyota,Food
2026-01-01 13:00:00,7.147991874104647,1.5654590534699055,0.21900683171467564,0,0,8,0,1.1329772784640002,8,Typeb,Toyota,Food
2026-01-01 14:00:00,7.147991874104647,2.5146968632548568,0.351804661721142,0,0,8,0,1.1329772784640002,8,Typeb,Toyota,Food
2026-01-01 15:00:00,7.147991874104647,1.703976365238617,0.2383853248926722,0,0,8,0,1.1329772784640002,8,Typeb,Toyota,Food
2026-01-01 16:00:00,7.147991874104647,2.0354705826820507,0.28476117747923607,0,0,8,0,1.1329772784640002,8,Typeb,Toyota,Food
2026-01-01 17:00:00,7.147991874104647,2.631696396861329,0.3681728299657551,0,0,8,0,1.1329772784640002,8,Typeb,Toyota,Food
2026-01-01 18:00:00,7.147991874104647,0.8098512380005871,0.11329772784640002,0,0,8,0,1.1329772784640002,8,Typeb,Toyota,Food
2026-01-01 19:00:00,7.147991874104647,2.120956256160148,0.29672057460555207,0,0,8,0,1.1329772784640002,8,Typeb,Toyota,Food
2026-01-01 20:00:00,7.147991874104647,3.337221754204058,0.4668754264108724,0,0,8,0,1.1329772784640002,8,Typeb,Toyota,Food
2026-01-01 21:00:00,0.0,0.0,0.0,1,1,8,100,1.1329772784640002,8,Typeb,Toyota,Food
2026-01-01 22:00:00,0.0,0.0,0.0,1,1,8,100,1.1329772784640002,8,Typeb,Toyota,Food
2026-01-01 23:00:00,0.0,0.0,0.0,1,1,8,100,1.1329772784640002,8,Typeb,Toyota,Food
2026-01-02 00:00:00,0.0,0.0,0.0,1,1,8,100,1.1329772784640002,8,Typeb,Toyota,Food
2026-01-02 01:00:00,0.0,0.0,0.0,1,1,8,100,1.1329772784640002,8,Typeb,Toyota,Food
2026-01-02 02:00:00,0.0,0.0,0.0,1,1,8,100,1.1329772784640002,8,Typeb,Toyota,Food
2026-01-02 03:00:00,0.0,0.0,0.0,1,1,8,100,1.1329772784640002,8,Typeb,Toyota,Food
2026-01-02 04:00:00,0.0,0.0,0.0,1,1,8,100,1.1329772784640002,8,Typeb,Toyota,Food
2026-01-02 05:00:00,0.0,0.0,0.0,1,1,8,100,1.1329772784640002,8,Typeb,Toyota,Food
2026-01-02 06:00:00,0.0,0.0,0.0,1,1,8,100,1.1329772784640002,8,Typeb,Toyota,Food
2026-01-02 07:00:00,0.0,0.0,0.0,1,1,8,100,1.1329772784640002,8,Typeb,Toyota,Food
2026-01-02 08:00:00,9.206722218225451,3.229380003667429,0.35076327134912466,0,0,8,0,1.23259004,8,Typeb,Toyota,Food
2026-01-02 09:00:00,9.206722218225451,3.2269806860638046,0.35050266637519867,0,0,8,0,1.23259004,8,Typeb,Toyota,Food
2026-01-02 10:00:00,9.206722218225451,1.13481141072314,0.123259004,0,0,8,0,1.23259004,8,Typeb,Toyota,Food
2026-01-02 11:00:00,9.206722218225451,3.902690042410936,0.42389570901631474,0,0,8,0,1.23259004,8,Typeb,Toyota,Food
2026-01-02 12:00:00,0.0,0.0,0.0,1,1,8,100,1.23259004,8,Typeb,Toyota,Food
2026-01-02 13:00:00,0.0,0.0,0.0,1,1,8,100,1.23259004,8,Typeb,Toyota,Food
2026-01-02 14:00:00,5.91860714028779,3.282847295306226,0.5546655180000001,0,0,8,0,1.23259004,8,Typeb,Toyota,Food
2026-01-02 15:00:00,5.91860714028779,1.3515900540381023,0.22836286004486891,0,0,8,0,1.23259004,8,Typeb,Toyota,Food
2026-01-02 16:00:00,5.91860714028779,1.9562206155806772,0.3305204365170209,0,0,8,0,1.23259004,8,Typeb,Toyota,Food
2026-01-02 17:00:00,5.91860714028779,1.826453491624974,0.30859515563929846,0,0,8,0,1.23259004,8,Typeb,Toyota,Food
2026-01-02 18:00:00,5.91860714028779,1.863232987294687,0.31480937036886825,0,0,8,0,1.23259004,8,Typeb,Toyota,Food
2026-01-02 19:00:00,5.91860714028779,2.690238073499189,0.45453905112012166,0,0,8,0,1.23259004,8,Typeb,Toyota,Food
2026-01-02 20:00:00,5.91860714028779,2.227752252162694,0.3763980611246265,0,0,8,0,1.23259004,8,Typeb,Toyota,Food
2026-01-02 21:00:00,0.0,0.0,0.0,1,1,8,100,1.23259004,8,Typeb,Toyota,Food
2026-01-02 22:00:00,0.0,0.0,0.0,1,1,8,100,1.23259004,8,Typeb,Toyota,Food
2026-01-02 23:00:00,0.0,0.0,0.0,1,1,8,100,1.23259004,8,Typeb,Toyota,Food
2026-01-03 00:00:00,0.0,0.0,0.0,1,1,8,100,1.23259004,8,Typeb,Toyota,Food
2026-01-03 01:00:00,0.0,0.0,0.0,1,1,8,100,1.23259004,8,Typeb,Toyota,Food
2026-01-03 02:00:00,0.0,0.0,0.0,1,1,8,100,1.23259004,8,Typeb,Toyota,Food
2026-01-03 03:00:00,0.0,0.0,0.0,1,1,8,100,1.23259004,8,Typeb,Toyota,Food
2026-01-03 04:00:00,0.0,0.0,0.0,1,1,8,100,1.23259004,8,Typeb,Toyota,Food
2026-01-03 05:00:00,0.0,0.0,0.0,1,1,8,100,1.23259004,8,Typeb,Toyota,Food
2026-01-03 06:00:00,0.0,0.0,0.0,1,1,8,100,1.23259004,8,Typeb,Toyota,Food
2026-01-03 07:00:00,0.0,0.0,0.0,1,1,8,100,1.23259004,8,Typeb,Toyota,Food
2026-01-03 08:00:00,0.0,0.0,0.0,1,1,8,100,1.23259004,8,Typeb,Toyota,Food
2026-01-03 09:00:00,0.0,0.0,0.0,1,1,8,100,1.23259004,8,Typeb,Toyota,Food
2026-01-03 10:00:00,0.0,0.0,0.0,1,1,8,100,1.23259004,8,Typeb,Toyota,Food
2026-01-03 11:00:00,20.0,4.3717274425429595,0.218586372127148,0,0,8,0,1.209049010004,8,Typeb,Toyota,Food
2026-01-03 12:00:00,20.0,3.1943893515343245,0.1597194675767162,0,0,8,0,1.209049010004,8,Typeb,Toyota,Food
2026-01-03 13:00:00,0.0,0.0,0.0,1,1,8,100,1.209049010004,8,Typeb,Toyota,Food
2026-01-03 14:00:00,5.454545454545454,1.254613585065536,0.23001249059534828,0,0,8,0,1.209049010004,8,Typeb,Toyota,Food
2026-01-03 15:00:00,5.454545454545454,2.225925332116415,0.40808631088800945,0,0,8,0,1.209049010004,8,Typeb,Toyota,Food
2026-01-03 16:00:00,5.454545454545454,2.851373418955206,0.5227517934751211,0,0,8,0,1.209049010004,8,Typeb,Toyota,Food
2026-01-03 17:00:00,5.454545454545454,1.6367251596120422,0.3000662792622078,0,0,8,0,1.209049010004,8,Typeb,Toyota,Food
2026-01-03 18:00:00,5.454545454545454,0.6594812781839999,0.1209049010004,0,0,8,0,1.209049010004,8,Typeb,Toyota,Food
2026-01-03 19:00:00,0.0,0.0,0.0,1,1,8,100,1.209049010004,8,Typeb,Toyota,Food
2026-01-03 20:00:00,0.0,0.0,0.0,1,1,8,100,1.209049010004,8,Typeb,Toyota,Food
2026-01-03 21:00:00,0.0,0.0,0.0,1,1,8,100,1.209049010004,8,Typeb,Toyota,Food
2026-01-03 22:00:00,0.0,0.0,0.0,1,1,8,100,1.209049010004,8,Typeb,Toyota,Food
2026-01-03 23:00:00,0.0,0.0,0.0,1,1,8,100,1.209049010004,8,Typeb,Toyota,Food
2026-01-04 00:00:00,0.0,0.0,0.0,1,1,8,100,1.209049010004,8,Typeb,Toyota,Food
2026-01-04 01:00:00,0.0,0.0,0.0,1,1,8,100,1.209049010004,8,Typeb,Toyota,Food
2026-01-04 02:00:00,0.0,0.0,0.0,1,1,8,100,1.209049010004,8,Typeb,Toyota,Food
2026-01-04 03:00:00,0.0,0.0,0.0,1,1,8,100,1.209049010004,8,Typeb,Toyota,Food
2026-01-04 04:00:00,0.0,0.0,0.0,1,1,8,100,1.209049010004,8,Typeb,Toyota,Food
2026-01-04 05:00:00,0.0,0.0,0.0,1,1,8,100,1.209049010004,8,Typeb,Toyota,Food
2026-01-04 06:00:00,0.0,0.0,0.0,1,1,8,100,1.209049010004,8,Typeb,Toyota,Food
2026-01-04 07:00:00,0.0,0.0,0.0,1,1,8,100,1.209049010004,8,Typeb,Toyota,Food
2026-01-04 08:00:00,7.0588235294117645,3.3287960613520884,0.4715794420248792,0,0,8,0,1.3050301525,8,Typeb,Toyota,Food
2026-01-04 09:00:00,7.0588235294117645,0.9211977547058825,0.13050301525000002,0,0,8,0,1.3050301525,8,Typeb,Toyota,Food
2026-01-04 10:00:00,7.0588235294117645,1.8892936918938912,0.2676499396849679,0,0,8,0,1.3050301525,8,Typeb,Toyota,Food
2026-01-04 11:00:00,7.0588235294117645,3.7598846141222184,0.532650320333981,0,0,8,0,1.3050301525,8,Typeb,Toyota,Food
2026-01-04 12:00:00,0.0,0.0,0.0,1,1,8,100,1.3050301525,8,Typeb,Toyota,Food
2026-01-04 13:00:00,0.0,0.0,0.0,1,1,8,100,1.3050301525,8,Typeb,Toyota,Food
2026-01-04 14:00:00,6.0,0.9757113300476566,0.16261855500794276,0,0,8,0,1.3050301525,8,Typeb,Toyota,Food
2026-01-04 15:00:00,6.0,0.7830180915000001,0.13050301525000002,0,0,8,0,1.3050301525,8,Typeb,Toyota,Food
2026-01-04 16:00:00,6.0,0.8851994153767213,0.14753323589612022,0,0,8,0,1.3050301525,8,Typeb,Toyota,Food
2026-01-04 17:00:00,6.0,2.370664813300555,0.3951108022167591,0,0,8,0,1.3050301525,8,Typeb,Toyota,Food
2026-01-04 18:00:00,6.0,3.5235814117500004,0.5872635686250001,0,0,8,0,1.3050301525,8,Typeb,Toyota,Food
2026-01-04 19:00:00,0.0,0.0,0.0,1,1,8,100,1.3050301525,8,Typeb,Toyota,Food
2026-01-04 20:00:00,0.0,0.0,0.0,1,1,8,100,1.3050301525,8,Typeb,Toyota,Food
2026-01-04 21:00:00,0.0,0.0,0.0,1,1,8,100,1.3050301525,8,Typeb,Toyota,Food
2026-01-04 22:00:00,0.0,0.0,0.0,1,1,8,100,1.3050301525,8,Typeb,Toyota,Food
2026-01-04 23:00:00,0.0,0.0,0.0,1,1,8,100,1.3050301525,8,Typeb,Toyota,Food
2026-01-05 00:00:00,0.0,0.0,0.0,1,1,8,100,1.3050301525,8,Typeb,Toyota,Food
2026-01-05 01:00:00,0.0,0.0,0.0,1,1,8,100,1.3050301525,8,Typeb,Toyota,Food
2026-01-05 02:00:00,0.0,0.0,0.0,1,1,8,100,1.3050301525,8,Typeb,Toyota,Food
2026-01-05 03:00:00,0.0,0.0,0.0,1,1,8,100,1.3050301525,8,Typeb,Toyota,Food
2026-01-05 04:00:00,0.0,0.0,0.0,1,1,8,100,1.3050301525,8,Typeb,Toyota,Food
2026-01-05 05:00:00,0.0,0.0,0.0,1,1,8,100,1.3050301525,8,Typeb,Toyota,Food
2026-01-05 06:00:00,6.39740424919036,1.9361962159401864,0.3026534107462768,0,0,8,0,1.226197579604,8,Typeb,Toyota,Food
2026-01-05 07:00:00,6.39740424919036,2.014496240982089,0.3148927537660354,0,0,8,0,1.226197579604,8,Typeb,Toyota,Food
2026-01-05 08:00:00,6.39740424919036,3.5300167227475043,0.5517889108218,0,0,8,0,1.226197579604,8,Typeb,Toyota,Food
2026-01-05 09:00:00,6.39740424919036,3.500069294818459,0.5471077265847972,0,0,8,0,1.226197579604,8,Typeb,Toyota,Food
2026-01-05 10:00:00,6.39740424919036,1.919866212436194,0.3001008124004619,0,0,8,0,1.226197579604,8,Typeb,Toyota,Food
2026-01-05 11:00:00,6.39740424919036,2.4803890628807594,0.3877180441105737,0,0,8,0,1.226197579604,8,Typeb,Toyota,Food
2026-01-05 12:00:00,0.0,0.0,0.0,1,1,8,100,1.226197579604,8,Typeb,Toyota,Food
2026-01-05 13:00:00,5.159196975153516,2.2456994628077074,0.43528081475138575,0,0,8,0,1.226197579604,8,Typeb,Toyota,Food
2026-01-05 14:00:00,5.159196975153516,1.763821387670289,0.34187905524150014,0,0,8,0,1.226197579604,8,Typeb,Toyota,Food
2026-01-05 15:00:00,5.159196975153516,2.0365195177538458,0.39473575588636006,0,0,8,0,1.226197579604,8,Typeb,Toyota,Food
2026-01-05 16:00:00,5.159196975153516,2.1409460625910492,0.4149766083562538,0,0,8,0,1.226197579604,8,Typeb,Toyota,Food
2026-01-05 17:00:00,5.159196975153516,0.632619484363352,0.12261975796040002,0,0,8,0,1.226197579604,8,Typeb,Toyota,Food
2026-01-05 18:00:00,5.159196975153516,2.692181602337252,0.5218218291146256,0,0,8,0,1.226197579604,8,Typeb,Toyota,Food
2026-01-05 19:00:00,5.159196975153516,1.050544652575034,0.20362561414778585,0,0,8,0,1.226197579604,8,Typeb,Toyota,Food
2026-01-05 20:00:00,5.159196975153516,1.7481703816384553,0.3388454424317531,0,0,8,0,1.226197579604,8,Typeb,Toyota,Food
2026-01-05 21:00:00,0.0,0.0,0.0,1,1,8,100,1.226197579604,8,Typeb,Toyota,Food
2026-01-05 22:00:00,0.0,0.0,0.0,1,1,8,100,1.226197579604,8,Typeb,Toyota,Food
2026-01-05 23:00:00,0.0,0.0,0.0,1,1,8,100,1.226197579604,8,Typeb,Toyota,Food
2026-01-06 00:00:00,0.0,0.0,0.0,1,1,8,100,1.226197579604,8,Typeb,Toyota,Food
2026-01-06 01:00:00,0.0,0.0,0.0,1,1,8,100,1.226197579604,8,Typeb,Toyota,Food
2026-01-06 02:00:00,0.0,0.0,0.0,1,1,8,100,1.226197579604,8,Typeb,Toyota,Food
2026-01-06 03:00:00,0.0,0.0,0.0,1,1,8,100,1.226197579604,8,Typeb,Toyota,Food
2026-01-06 04:00:00,0.0,0.0,0.0,1,1,8,100,1.226197579604,8,Typeb,Toyota,Food
2026-01-06 05:00:00,0.0,0.0,0.0,1,1,8,100,1.226197579604,8,Typeb,Toyota,Food
2026-01-06 06:00:00,8.726566983726219,3.632201316407218,0.4162233926790165,0,0,8,0,1.3306301459840002,8,Typeb,Toyota,Food
2026-01-06 07:00:00,8.726566983726219,4.04006279611427,0.46296130009067726,0,0,8,0,1.3306301459840002,8,Typeb,Toyota,Food
2026-01-06 08:00:00,8.726566983726219,4.629062804679899,0.5304563424898279,0,0,8,0,1.3306301459840002,8,Typeb,Toyota,Food
2026-01-06 09:00:00,8.726566983726219,3.3323374474965934,0.38186121228553216,0,0,8,0,1.3306301459840002,8,Typeb,Toyota,Food
2026-01-06 10:00:00,8.726566983726219,4.164290438610398,0.4771968686398896,0,0,8,0,1.3306301459840002,8,Typeb,Toyota,Food
2026-01-06 11:00:00,8.726566983726219,4.060351653293844,0.46528625298651927,0,0,8,0,1.3306301459840002,8,Typeb,Toyota,Food
2026-01-06 12:00:00,0.0,0.0,0.0,1,1,8,100,1.3306301459840002,8,Typeb,Toyota,Food
2026-01-06 13:00:00,7.7915776640412675,1.823341401486231,0.2340144037710222,0,0,8,0,1.3306301459840002,8,Typeb,Toyota,Food
2026-01-06 14:00:00,7.7915776640412675,2.608103495720853,0.33473368400824033,0,0,8,0,1.3306301459840002,8,Typeb,Toyota,Food
2026-01-06 15:00:00,7.7915776640412675,1.0367708124548909,0.13306301459840003,0,0,8,0,1.3306301459840002,8,Typeb,Toyota,Food
2026-01-06 16:00:00,7.7915776640412675,2.3636255014533356,0.30335647071345384,0,0,8,0,1.3306301459840002,8,Typeb,Toyota,Food
2026-01-06 17:00:00,7.7915776640412675,4.6654686560470084,0.5987835656928001,0,0,8,0,1.3306301459840002,8,Typeb,Toyota,Food
2026-01-06 18:00:00,7.7915776640412675,3.6972930535518844,0.4745243149683507,0,0,8,0,1.3306301459840002,8,Typeb,Toyota,Food
2026-01-06 19:00:00,7.7915776640412675,4.4104003659935636,0.5660471545253154,0,0,8,0,1.3306301459840002,8,Typeb,Toyota,Food
2026-01-06 20:00:00,0.0,0.0,0.0,1,1,8,100,1.3306301459840002,8,Typeb,Toyota,Food
2026-01-06 21:00:00,0.0,0.0,0.0,1,1,8,100,1.3306301459840002,8,Typeb,Toyota,Food
2026-01-06 22:00:00,0.0,0.0,0.0,1,1,8,100,1.3306301459840002,8,Typeb,Toyota,Food
2026-01-06 23:00:00,0.0,0.0,0.0,1,1,8,100,1.3306301459840002,8,Typeb,Toyota,Food
2026-01-07 00:00:00,0.0,0.0,0.0,1,1,8,100,1.3306301459840002,8,Typeb,Toyota,Food
2026-01-07 01:00:00,0.0,0.0,0.0,1,1,8,100,1.3306301459840002,8,Typeb,Toyota,Food
2026-01-07 02:00:00,0.0,0.0,0.0,1,1,8,100,1.3306301459840002,8,Typeb,Toyota,Food
2026-01-07 03:00:00,0.0,0.0,0.0,1,1,8,100,1.3306301459840002,8,Typeb,Toyota,Food
2026-01-07 04:00:00,0.0,0.0,0.0,1,1,8,100,1.3306301459840002,8,Typeb,Toyota,Food
2026-01-07 05:00:00,0.0,0.0,0.0,1,1,8,100,1.3306301459840002,8,Typeb,Toyota,Food
2026-01-07 06:00:00,0.0,0.0,0.0,1,1,8,100,1.3306301459840002,8,Typeb,Toyota,Food
2026-01-07 07:00:00,9.59014148966449,1.7406885400976244,0.18150811872521416,0,0,8,0,1.282756305344,8,Typeb,Toyota,Food
2026-01-07 08:00:00,9.59014148966449,2.633046575164271,0.27455763588075993,0,0,8,0,1.282756305344,8,Typeb,Toyota,Food
2026-01-07 09:00:00,9.59014148966449,2.207424978420371,0.23017647662439206,0,0,8,0,1.282756305344,8,Typeb,Toyota,Food
2026-01-07 10:00:00,9.59014148966449,3.6430821981246475,0.3798778362186709,0,0,8,0,1.282756305344,8,Typeb,Toyota,Food
2026-01-07 11:00:00,9.59014148966449,4.877859959925588,0.5086327417778524,0,0,8,0,1.282756305344,8,Typeb,Toyota,Food
2026-01-07 12:00:00,0.0,0.0,0.0,1,1,8,100,1.282756305344,8,Typeb,Toyota,Food
2026-01-07 13:00:00,0.0,0.0,0.0,1,1,8,100,1.282756305344,8,Typeb,Toyota,Food
2026-01-07 14:00:00,7.745883510882857,3.4825526001048077,0.44960043553609746,0,0,8,0,1.282756305344,8,Typeb,Toyota,Food
2026-01-07 15:00:00,7.745883510882857,4.471236411320298,0.5772403374048001,0,0,8,0,1.282756305344,8,Typeb,Toyota,Food
2026-01-07 16:00:00,7.745883510882857,3.797518246719732,0.4902627623284384,0,0,8,0,1.282756305344,8,Typeb,Toyota,Food
2026-01-07 17:00:00,7.745883510882857,1.5773629403859613,0.20363886678256762,0,0,8,0,1.282756305344,8,Typeb,Toyota,Food
2026-01-07 18:00:00,7.745883510882857,2.4647288084470507,0.31819853796976694,0,0,8,0,1.282756305344,8,Typeb,Toyota,Food
2026-01-07 19:00:00,7.745883510882857,2.1265287108505575,0.27453662424213,0,0,8,0,1.282756305344,8,Typeb,Toyota,Food
2026-01-07 20:00:00,0.0,0.0,0.0,1,1,8,100,1.282756305344,8,Typeb,Toyota,Food
2026-01-07 21:00:00,0.0,0.0,0.0,1,1,8,100,1.282756305344,8,Typeb,Toyota,Food
2026-01-07 22:00:00,0.0,0.0,0.0,1,1,8,100,1.282756305344,8,Typeb,Toyota,Food
2026-01-07 23:00:00,0.0,0.0,0.0,1,1,8,100,1.282756305344,8,Typeb,Toyota,Food
2026-01-08 00:00:00,0.0,0.0,0.0,1,1,8,100,1.282756305344,8,Typeb,Toyota,Food
2026-01-08 01:00:00,0.0,0.0,0.0,1,1,8,100,1.282756305344,8,Typeb,Toyota,Food
2026-01-08 02:00:00,0.0,0.0,0.0,1,1,8,100,1.282756305344,8,Typeb,Toyota,Food
2026-01-08 03:00:00,0.0,0.0,0.0,1,1,8,100,1.282756305344,8,Typeb,Toyota,Food
2026-01-08 04:00:00,0.0,0.0,0.0,1,1,8,100,1.282756305344,8,Typeb,Toyota,Food
2026-01-08 05:00:00,0.0,0.0,0.0,1,1,8,100,1.282756305344,8,Typeb,Toyota,Food
2026-01-08 06:00:00,5.06592458571178,1.1092408896336894,0.21896119274302958,0,0,8,0,1.176585222144,8,Typeb,Toyota,Food
2026-01-08 07:00:00,5.06592458571178,0.5960492004044448,0.11765852221440001,0,0,8,0,1.176585222144,8,Typeb,Toyota,Food
2026-01-08 08:00:00,5.06592458571178,1.01505284608476,0.20036872419057963,0,0,8,0,1.176585222144,8,Typeb,Toyota,Food
2026-01-08 09:00:00,5.06592458571178,2.682221401820001,0.5294633499648,0,0,8,0,1.176585222144,8,Typeb,Toyota,Food
2026-01-08 10:00:00,5.06592458571178,0.983863940278469,0.194212117379997,0,0,8,0,1.176585222144,8,Typeb,Toyota,Food
2026-01-08 11:00:00,5.06592458571178,1.086584157340206,0.2144888142245286,0,0,8,0,1.176585222144,8,Typeb,Toyota,Food
2026-01-08 12:00:00,0.0,0.0,0.0,1,1,8,100,1.176585222144,8,Typeb,Toyota,Food
2026-01-08 13:00:00,4.884998707650645,2.5864277803264293,0.5294633499648,0,0,8,0,1.176585222144,8,Typeb,Toyota,Food
2026-01-08 14:00:00,4.884998707650645,1.6756757606767463,0.34302481146051994,0,0,8,0,1.176585222144,8,Typeb,Toyota,Food
2026-01-08 15:00:00,4.884998707650645,1.3634296867743532,0.27910543448845065,0,0,8,0,1.176585222144,8,Typeb,Toyota,Food
2026-01-08 16:00:00,4.884998707650645,1.5565700510933642,0.3186428787904366,0,0,8,0,1.176585222144,8,Typeb,Toyota,Food
2026-01-08 17:00:00,4.884998707650645,0.5747617289614287,0.11765852221440001,0,0,8,0,1.176585222144,8,Typeb,Toyota,Food
2026-01-08 18:00:00,4.884998707650645,1.6380687637334521,0.3353263453617683,0,0,8,0,1.176585222144,8,Typeb,Toyota,Food
2026-01-08 19:00:00,4.884998707650645,2.5864277803264293,0.5294633499648,0,0,8,0,1.176585222144,8,Typeb,Toyota,Food
2026-01-08 20:00:00,0.0,0.0,0.0,1,1,8,100,1.176585222144,8,Typeb,Toyota,Food
2026-01-08 21:00:00,0.0,0.0,0.0,1,1,8,100,1.176585222144,8,Typeb,Toyota,Food
2026-01-08 22:00:00,0.0,0.0,0.0,1,1,8,100,1.176585222144,8,Typeb,Toyota,Food
2026-01-08 23:00:00,0.0,0.0,0.0,1,1,8,100,1.176585222144,8,Typeb,Toyota,Food
2026-01-09 00:00:00,0.0,0.0,0.0,1,1,8,100,1.176585222144,8,Typeb,Toyota,Food
2026-01-09 01:00:00,0.0,0.0,0.0,1,1,8,100,1.176585222144,8,Typeb,Toyota,Food
2026-01-09 02:00:00,0.0,0.0,0.0,1,1,8,100,1.176585222144,8,Typeb,Toyota,Food
2026-01-09 03:00:00,0.0,0.0,0.0,1,1,8,100,1.176585222144,8,Typeb,Toyota,Food
2026-01-09 04:00:00,0.0,0.0,0.0,1,1,8,100,1.176585222144,8,Typeb,Toyota,Food
2026-01-09 05:00:00,0.0,0.0,0.0,1,1,8,100,1.176585222144,8,Typeb,Toyota,Food
2026-01-09 06:00:00,0.0,0.0,0.0,1,1,8,100,1.176585222144,8,Typeb,Toyota,Food
2026-01-09 07:00:00,0.0,0.0,0.0,1,1,8,100,1.176585222144,8,Typeb,Toyota,Food
2026-01-09 08:00:00,8.701968070324336,1.7311360560341507,0.19893615352804078,0,0,8,0,1.137342385344,8,Typeb,Toyota,Food
2026-01-09 09:00:00,8.701968070324336,1.1924814604967569,0.13703583498121377,0,0,8,0,1.137342385344,8,Typeb,Toyota,Food
2026-01-09 10:00:00,8.701968070324336,4.453702705030501,0.5118040734047999,0,0,8,0,1.137342385344,8,Typeb,Toyota,Food
2026-01-09 11:00:00,8.701968070324336,1.1742334455912848,0.13493883637607043,0,0,8,0,1.137342385344,8,Typeb,Toyota,Food
2026-01-09 12:00:00,8.701968070324336,2.8095787139061223,0.32286704469617816,0,0,8,0,1.137342385344,8,Typeb,Toyota,Food
2026-01-09 13:00:00,9.185410740897911,1.0446956962417229,0.1137342385344,0,0,8,0,1.137342385344,8,Typeb,Toyota,Food
2026-01-09 14:00:00,9.185410740897911,2.2110304593096926,0.24071111479698024,0,0,8,0,1.137342385344,8,Typeb,Toyota,Food
2026-01-09 15:00:00,9.185410740897911,2.1174516662475935,0.23052335121168507,0,0,8,0,1.137342385344,8,Typeb,Toyota,Food
2026-01-09 16:00:00,9.185410740897911,1.640771295207553,0.17862797228022065,0,0,8,0,1.137342385344,8,Typeb,Toyota,Food
2026-01-09 17:00:00,9.185410740897911,3.357742423773154,0.3655516904456818,0,0,8,0,1.137342385344,8,Typeb,Toyota,Food
2026-01-09 18:00:00,0.0,0.0,0.0,1,1,8,100,1.137342385344,8,Typeb,Toyota,Food
2026-01-09 19:00:00,0.0,0.0,0.0,1,1,8,100,1.137342385344,8,Typeb,Toyota,Food
2026-01-09 20:00:00,0.0,0.0,0.0,1,1,8,100,1.137342385344,8,Typeb,Toyota,Food
2026-01-09 21:00:00,0.0,0.0,0.0,1,1,8,100,1.137342385344,8,Typeb,Toyota,Food
2026-01-09 22:00:00,0.0,0.0,0.0,1,1,8,100,1.137342385344,8,Typeb,Toyota,Food
2026-01-09 23:00:00,0.0,0.0,0.0,1,1,8,100,1.137342385344,8,Typeb,Toyota,Food
2026-01-10 00:00:00,0.0,0.0,0.0,1,1,8,100,1.137342385344,8,Typeb,Toyota,Food
2026-01-10 01:00:00,0.0,0.0,0.0,1,1,8,100,1.137342385344,8,Typeb,Toyota,Food
2026-01-10 02:00:00,0.0,0.0,0.0,1,1,8,100,1.137342385344,8,Typeb,Toyota,Food
2026-01-10 03:00:00,0.0,0.0,0.0,1,1,8,100,1.137342385344,8,Typeb,Toyota,Food
2026-01-10 04:00:00,0.0,0.0,0.0,1,1,8,100,1.137342385344,8,Typeb,Toyota,Food
2026-01-10 05:00:00,0.0,0.0,0.0,1,1,8,100,1.137342385344,8,Typeb,Toyota,Food
2026-01-10 06:00:00,0.0,0.0,0.0,1,1,8,100,1.137342385344,8,Typeb,Toyota,Food
2026-01-10 07:00:00,0.0,0.0,0.0,1,1,8,100,1.137342385344,8,Typeb,Toyota,Food
2026-01-10 08:00:00,0.0,0.0,0.0,1,1,8,100,1.137342385344,8,Typeb,Toyota,Food
2026-01-10 09:00:00,9.25679131994519,3.744363362321605,0.4044990572763366,0,0,8,0,1.18961004,8,Typeb,Toyota,Food
2026-01-10 10:00:00,9.25679131994519,4.060703187173759,0.4386728669603197,0,0,8,0,1.18961004,8,Typeb,Toyota,Food
2026-01-10 11:00:00,9.25679131994519,3.013684384741383,0.32556468873268574,0,0,8,0,1.18961004,8,Typeb,Toyota,Food
2026-01-10 12:00:00,0.0,0.0,0.0,1,1,8,100,1.18961004,8,Typeb,Toyota,Food
2026-01-10 13:00:00,6.037037817355559,3.231774359723637,0.535324518,0,0,8,0,1.18961004,8,Typeb,Toyota,Food
2026-01-10 14:00:00,6.037037817355559,1.881389340573217,0.3116411388321125,0,0,8,0,1.18961004,8,Typeb,Toyota,Food
2026-01-10 15:00:00,6.037037817355559,1.3261153695862802,0.21966325368608783,0,0,8,0,1.18961004,8,Typeb,Toyota,Food
2026-01-10 16:00:00,6.037037817355559,1.1234413670020513,0.18609149072618522,0,0,8,0,1.18961004,8,Typeb,Toyota,Food
2026-01-10 17:00:00,6.037037817355559,0.8992789652477475,0.1489603001429705,0,0,8,0,1.18961004,8,Typeb,Toyota,Food
2026-01-10 18:00:00,6.037037817355559,1.7290238594192124,0.2864026881608284,0,0,8,0,1.18961004,8,Typeb,Toyota,Food
2026-01-10 19:00:00,0.0,0.0,0.0,1,1,8,100,1.18961004,8,Typeb,Toyota,Food
2026-01-10 20:00:00,0.0,0.0,0.0,1,1,8,100,1.18961004,8,Typeb,Toyota,Food
2026-01-10 21:00:00,0.0,0.0,0.0,1,1,8,100,1.18961004,8,Typeb,Toyota,Food
2026-01-10 22:00:00,0.0,0.0,0.0,1,1,8,100,1.18961004,8,Typeb,Toyota,Food
2026-01-10 23:00:00,0.0,0.0,0.0,1,1,8,100,1.18961004,8,Typeb,Toyota,Food
2026-01-11 00:00:00,0.0,0.0,0.0,1,1,8,100,1.18961004,8,Typeb,Toyota,Food
2026-01-11 01:00:00,0.0,0.0,0.0,1,1,8,100,1.18961004,8,Typeb,Toyota,Food
2026-01-11 02:00:00,0.0,0.0,0.0,1,1,8,100,1.18961004,8,Typeb,Toyota,Food
2026-01-11 03:00:00,0.0,0.0,0.0,1,1,8,100,1.18961004,8,Typeb,Toyota,Food
2026-01-11 04:00:00,0.0,0.0,0.0,1,1,8,100,1.18961004,8,Typeb,Toyota,Food
2026-01-11 05:00:00,0.0,0.0,0.0,1,1,8,100,1.18961004,8,Typeb,Toyota,Food
2026-01-11 06:00:00,0.0,0.0,0.0,1,1,8,100,1.18961004,8,Typeb,Toyota,Food
2026-01-11 07:00:00,0.0,0.0,0.0,1,1,8,100,1.18961004,8,Typeb,Toyota,Food
2026-01-11 08:00:00,0.0,0.0,0.0,1,1,8,100,1.18961004,8,Typeb,Toyota,Food
2026-01-11 09:00:00,10.616962696508924,2.6089004997312553,0.24572945900894191,0,0,8,0,1.122069513044,8,Typeb,Toyota,Food
2026-01-11 10:00:00,10.616962696508924,4.840562041957588,0.4559271969137901,0,0,8,0,1.122069513044,8,Typeb,Toyota,Food
2026-01-11 11:00:00,10.616962696508924,2.0644612240619327,0.1944493244514055,0,0,8,0,1.122069513044,8,Typeb,Toyota,Food
2026-01-11 12:00:00,10.616962696508924,3.5661057195968957,0.3358875623411114,0,0,8,0,1.122069513044,8,Typeb,Toyota,Food
2026-01-11 13:00:00,0.0,0.0,0.0,1,1,8,100,1.122069513044,8,Typeb,Toyota,Food
2026-01-11 14:00:00,6.370177617905354,2.177734891254682,0.34186407693460297,0,0,8,0,1.122069513044,8,Typeb,Toyota,Food
2026-01-11 15:00:00,6.370177617905354,1.2975901970923176,0.20369764784031125,0,0,8,0,1.122069513044,8,Typeb,Toyota,Food
2026-01-11 16:00:00,6.370177617905354,1.2282609325884903,0.19281423631518266,0,0,8,0,1.122069513044,8,Typeb,Toyota,Food
2026-01-11 17:00:00,6.370177617905354,1.5101860268959135,0.23707125883759797,0,0,8,0,1.122069513044,8,Typeb,Toyota,Food
2026-01-11 18:00:00,6.370177617905354,1.74375901964533,0.27373789621563394,0,0,8,0,1.122069513044,8,Typeb,Toyota,Food
2026-01-11 19:00:00,6.370177617905354,2.673830756473082,0.41974194706242623,0,0,8,0,1.122069513044,8,Typeb,Toyota,Food
2026-01-11 20:00:00,0.0,0.0,0.0,1,1,8,100,1.122069513044,8,Typeb,Toyota,Food
2026-01-11 21:00:00,0.0,0.0,0.0,1,1,8,100,1.122069513044,8,Typeb,Toyota,Food
2026-01-11 22:00:00,0.0,0.0,0.0,1,1,8,100,1.122069513044,8,Typeb,Toyota,Food
2026-01-11 23:00:00,0.0,0.0,0.0,1,1,8,100,1.122069513044,8,Typeb,Toyota,Food
2026-01-12 00:00:00,0.0,0.0,0.0,1,1,8,100,1.122069513044,8,Typeb,Toyota,Food
2026-01-12 01:00:00,0.0,0.0,0.0,1,1,8,100,1.122069513044,8,Typeb,Toyota,Food
2026-01-12 02:00:00,0.0,0.0,0.0,1,1,8,100,1.122069513044,8,Typeb,Toyota,Food
2026-01-12 03:00:00,0.0,0.0,0.0,1,1,8,100,1.122069513044,8,Typeb,Toyota,Food
2026-01-12 04:00:00,0.0,0.0,0.0,1,1,8,100,1.122069513044,8,Typeb,Toyota,Food
2026-01-12 05:00:00,0.0,0.0,0.0,1,1,8,100,1.122069513044,8,Typeb,Toyota,Food
2026-01-12 06:00:00,0.0,0.0,0.0,1,1,8,100,1.122069513044,8,Typeb,Toyota,Food
2026-01-12 07:00:00,8.294421785203552,0.9288834429094149,0.1119889326784,0,0,8,0,1.119889326784,8,Typeb,Toyota,Food
2026-01-12 08:00:00,8.294421785203552,3.1512098379059594,0.3799191697156532,0,0,8,0,1.119889326784,8,Typeb,Toyota,Food
2026-01-12 09:00:00,8.294421785203552,0.9288834429094149,0.1119889326784,0,0,8,0,1.119889326784,8,Typeb,Toyota,Food
2026-01-12 10:00:00,8.294421785203552,2.79185523572909,0.33659431700344566,0,0,8,0,1.119889326784,8,Typeb,Toyota,Food
2026-01-12 11:00:00,8.294421785203552,2.0171894240875154,0.2431983176556064,0,0,8,0,1.119889326784,8,Typeb,Toyota,Food
2026-01-12 12:00:00,0.0,0.0,0.0,1,1,8,100,1.119889326784,8,Typeb,Toyota,Food
2026-01-12 13:00:00,9.167518815224978,1.4354045692869202,0.15657503390154692,0,0,8,0,1.119889326784,8,Typeb,Toyota,Food
2026-01-12 14:00:00,9.167518815224978,1.0266606474261954,0.1119889326784,0,0,8,0,1.119889326784,8,Typeb,Toyota,Food
2026-01-12 15:00:00,9.167518815224978,1.0266606474261954,0.1119889326784,0,0,8,0,1.119889326784,8,Typeb,Toyota,Food
2026-01-12 16:00:00,9.167518815224978,1.1192874322196757,0.12209273357157627,0,0,8,0,1.119889326784,8,Typeb,Toyota,Food
2026-01-12 17:00:00,9.167518815224978,3.5597886352017856,0.3883044809561621,0,0,8,0,1.119889326784,8,Typeb,Toyota,Food
2026-01-12 18:00:00,0.0,0.0,0.0,1,1,8,100,1.119889326784,8,Typeb,Toyota,Food
2026-01-12 19:00:00,0.0,0.0,0.0,1,1,8,100,1.119889326784,8,Typeb,Toyota,Food
2026-01-12 20:00:00,0.0,0.0,0.0,1,1,8,100,1.119889326784,8,Typeb,Toyota,Food
2026-01-12 21:00:00,0.0,0.0,0.0,1,1,8,100,1.119889326784,8,Typeb,Toyota,Food
2026-01-12 22:00:00,0.0,0.0,0.0,1,1,8,100,1.119889326784,8,Typeb,Toyota,Food
2026-01-12 23:00:00,0.0,0.0,0.0,1,1,8,100,1.119889326784,8,Typeb,Toyota,Food
2026-01-13 00:00:00,0.0,0.0,0.0,1,1,8,100,1.119889326784,8,Typeb,Toyota,Food
2026-01-13 01:00:00,0.0,0.0,0.0,1,1,8,100,1.119889326784,8,Typeb,Toyota,Food
2026-01-13 02:00:00,0.0,0.0,0.0,1,1,8,100,1.119889326784,8,Typeb,Toyota,Food
2026-01-13 03:00:00,0.0,0.0,0.0,1,1,8,100,1.119889326784,8,Typeb,Toyota,Food
2026-01-13 04:00:00,0.0,0.0,0.0,1,1,8,100,1.119889326784,8,Typeb,Toyota,Food
2026-01-13 05:00:00,0.0,0.0,0.0,1,1,8,100,1.119889326784,8,Typeb,Toyota,Food
2026-01-13 06:00:00,0.0,0.0,0.0,1,1,8,100,1.119889326784,8,Typeb,Toyota,Food
2026-01-13 07:00:00,6.0,1.0759651550552607,0.17932752584254347,0,0,8,0,1.12425024,8,Typeb,Toyota,Food
2026-01-13 08:00:00,6.0,1.1316668851908467,0.18861114753180777,0,0,8,0,1.12425024,8,Typeb,Toyota,Food
2026-01-13 09:00:00,6.0,1.0409605675573492,0.17349342792622488,0,0,8,0,1.12425024,8,Typeb,Toyota,Food
2026-01-13 10:00:00,6.0,2.297852990736779,0.3829754984561298,0,0,8,0,1.12425024,8,Typeb,Toyota,Food
2026-01-13 11:00:00,6.0,3.0354756480000002,0.505912608,0,0,8,0,1.12425024,8,Typeb,Toyota,Food
2026-01-13 12:00:00,0.0,0.0,0.0,1,1,8,100,1.12425024,8,Typeb,Toyota,Food
2026-01-13 13:00:00,0.0,0.0,0.0,1,1,8,100,1.12425024,8,Typeb,Toyota,Food
2026-01-13 14:00:00,5.454545454545454,1.694470788753652,0.3106529779381696,0,0,8,0,1.12425024,8,Typeb,Toyota,Food
2026-01-13 15:00:00,5.454545454545454,1.6441815086231268,0.30143327658090663,0,0,8,0,1.12425024,8,Typeb,Toyota,Food
2026-01-13 16:00:00,5.454545454545454,0.6132274036363636,0.11242502400000001,0,0,8,0,1.12425024,8,Typeb,Toyota,Food
2026-01-13 17:00:00,5.454545454545454,2.2007145415161973,0.4034643326113029,0,0,8,0,1.12425024,8,Typeb,Toyota,Food
2026-01-13 18:00:00,5.454545454545454,1.344523725314978,0.246496016307746,0,0,8,0,1.12425024,8,Typeb,Toyota,Food
2026-01-13 19:00:00,0.0,0.0,0.0,1,1,8,100,1.12425024,8,Typeb,Toyota,Food
2026-01-13 20:00:00,0.0,0.0,0.0,1,1,8,100,1.12425024,8,Typeb,Toyota,Food
2026-01-13 21:00:00,0.0,0.0,0.0,1,1,8,100,1.12425024,8,Typeb,Toyota,Food
2026-01-13 22:00:00,0.0,0.0,0.0,1,1,8,100,1.12425024,8,Typeb,Toyota,Food
2026-01-13 23:00:00,0.0,0.0,0.0,1,1,8,100,1.12425024,8,Typeb,Toyota,Food
2026-01-14 00:00:00,0.0,0.0,0.0,1,1,8,100,1.12425024,8,Typeb,Toyota,Food
2026-01-14 01:00:00,0.0,0.0,0.0,1,1,8,100,1.12425024,8,Typeb,Toyota,Food
2026-01-14 02:00:00,0.0,0.0,0.0,1,1,8,100,1.12425024,8,Typeb,Toyota,Food
2026-01-14 03:00:00,0.0,0.0,0.0,1,1,8,100,1.12425024,8,Typeb,Toyota,Food
2026-01-14 04:00:00,0.0,0.0,0.0,1,1,8,100,1.12425024,8,Typeb,Toyota,Food
2026-01-14 05:00:00,0.0,0.0,0.0,1,1,8,100,1.12425024,8,Typeb,Toyota,Food
2026-01-14 06:00:00,6.281101230336713,1.7497234130678514,0.2785695292756894,0,0,8,0,1.102475,8,Typeb,Toyota,Food
2026-01-14 07:00:00,6.281101230336713,1.2823923885797697,0.20416680794539974,0,0,8,0,1.102475,8,Typeb,Toyota,Food
2026-01-14 08:00:00,6.281101230336713,1.470934426278051,0.23418416171573123,0,0,8,0,1.102475,8,Typeb,Toyota,Food
2026-01-14 09:00:00,6.281101230336713,2.0106626733844095,0.3201130820298248,0,0,8,0,1.102475,8,Typeb,Toyota,Food
2026-01-14 10:00:00,6.281101230336713,2.5119290855758063,0.39991858011197007,0,0,8,0,1.102475,8,Typeb,Toyota,Food
2026-01-14 11:00:00,6.281101230336713,1.1616836409117945,0.18494903971632373,0,0,8,0,1.102475,8,Typeb,Toyota,Food
2026-01-14 12:00:00,0.0,0.0,0.0,1,1,8,100,1.102475,8,Typeb,Toyota,Food
2026-01-14 13:00:00,6.827283946018166,2.4117799620227465,0.35325613832560077,0,0,8,0,1.102475,8,Typeb,Toyota,Food
2026-01-14 14:00:00,6.827283946018166,0.7526909868386378,0.11024750000000001,0,0,8,0,1.102475,8,Typeb,Toyota,Food
2026-01-14 15:00:00,6.827283946018166,2.0622944945265007,0.3020666066963979,0,0,8,0,1.102475,8,Typeb,Toyota,Food
2026-01-14 16:00:00,6.827283946018166,0.7526909868386378,0.11024750000000001,0,0,8,0,1.102475,8,Typeb,Toyota,Food
2026-01-14 17:00:00,6.827283946018166,1.2988419489573262,0.1902428490197543,0,0,8,0,1.102475,8,Typeb,Toyota,Food
2026-01-14 18:00:00,6.827283946018166,1.7058130608081872,0.24985236798347282,0,0,8,0,1.102475,8,Typeb,Toyota,Food
2026-01-14 19:00:00,0.0,0.0,0.0,1,1,8,100,1.102475,8,Typeb,Toyota,Food
2026-01-14 20:00:00,0.0,0.0,0.0,1,1,8,100,1.102475,8,Typeb,Toyota,Food
2026-01-14 21:00:00,0.0,0.0,0.0,1,1,8,100,1.102475,8,Typeb,Toyota,Food
2026-01-14 22:00:00,0.0,0.0,0.0,1,1,8,100,1.102475,8,Typeb,Toyota,Food
2026-01-14 23:00:00,0.0,0.0,0.0,1,1,8,100,1.102475,8,Typeb,Toyota,Food
2026-01-01 00:00:00,0.0,0.0,0.0,1,1,9,100,1.0,9,Typeb,Toyota,Food
2026-01-01 01:00:00,0.0,0.0,0.0,1,1,9,100,1.0,9,Typeb,Toyota,Food
2026-01-01 02:00:00,0.0,0.0,0.0,1,1,9,100,1.0,9,Typeb,Toyota,Food
2026-01-01 03:00:00,0.0,0.0,0.0,1,1,9,100,1.0,9,Typeb,Toyota,Food
2026-01-01 04:00:00,0.0,0.0,0.0,1,1,9,100,1.0,9,Typeb,Toyota,Food
2026-01-01 05:00:00,0.0,0.0,0.0,1,1,9,100,1.0,9,Typeb,Toyota,Food
2026-01-01 06:00:00,0.0,0.0,0.0,1,1,9,100,1.0,9,Typeb,Toyota,Food
2026-01-01 07:00:00,6.871176594893594,2.1561252891816176,0.3137927339524312,0,0,9,0,1.1329772784640002,9,Typeb,Toyota,Food
2026-01-01 08:00:00,6.871176594893594,0.7784886958328081,0.11329772784640002,0,0,9,0,1.1329772784640002,9,Typeb,Toyota,Food
2026-01-01 09:00:00,6.871176594893594,3.292294221682349,0.47914562756676354,0,0,9,0,1.1329772784640002,9,Typeb,Toyota,Food
2026-01-01 10:00:00,6.871176594893594,1.6198699611465313,0.23574855612797946,0,0,9,0,1.1329772784640002,9,Typeb,Toyota,Food
2026-01-01 11:00:00,6.871176594893594,2.529022400217223,0.36806249487121306,0,0,9,0,1.1329772784640002,9,Typeb,Toyota,Food
2026-01-01 12:00:00,6.871176594893594,1.2970059888638168,0.18876039219072088,0,0,9,0,1.1329772784640002,9,Typeb,Toyota,Food
2026-01-01 13:00:00,6.59632953109785,2.63462012756267,0.3994069906820106,0,0,9,0,1.1329772784640002,9,Typeb,Toyota,Food
2026-01-01 14:00:00,6.59632953109785,1.4021733685320452,0.21256872658068623,0,0,9,0,1.1329772784640002,9,Typeb,Toyota,Food
2026-01-01 15:00:00,6.59632953109785,3.3630711659977304,0.5098397753088001,0,0,9,0,1.1329772784640002,9,Typeb,Toyota,Food
2026-01-01 16:00:00,6.59632953109785,1.9559556695448037,0.2965218248002336,0,0,9,0,1.1329772784640002,9,Typeb,Toyota,Food
2026-01-01 17:00:00,6.59632953109785,2.1764520429171226,0.3299489561060313,0,0,9,0,1.1329772784640002,9,Typeb,Toyota,Food
2026-01-01 18:00:00,6.59632953109785,2.0234002369143087,0.3067463848455653,0,0,9,0,1.1329772784640002,9,Typeb,Toyota,Food
2026-01-01 19:00:00,6.59632953109785,3.3630711659977304,0.5098397753088001,0,0,9,0,1.1329772784640002,9,Typeb,Toyota,Food
2026-01-01 20:00:00,0.0,0.0,0.0,1,1,9,100,1.1329772784640002,9,Typeb,Toyota,Food
2026-01-01 21:00:00,0.0,0.0,0.0,1,1,9,100,1.1329772784640002,9,Typeb,Toyota,Food
2026-01-01 22:00:00,0.0,0.0,0.0,1,1,9,100,1.1329772784640002,9,Typeb,Toyota,Food
2026-01-01 23:00:00,0.0,0.0,0.0,1,1,9,100,1.1329772784640002,9,Typeb,Toyota,Food
2026-01-02 00:00:00,0.0,0.0,0.0,1,1,9,100,1.1329772784640002,9,Typeb,Toyota,Food
2026-01-02 01:00:00,0.0,0.0,0.0,1,1,9,100,1.1329772784640002,9,Typeb,Toyota,Food
2026-01-02 02:00:00,0.0,0.0,0.0,1,1,9,100,1.1329772784640002,9,Typeb,Toyota,Food
2026-01-02 03:00:00,0.0,0.0,0.0,1,1,9,100,1.1329772784640002,9,Typeb,Toyota,Food
2026-01-02 04:00:00,0.0,0.0,0.0,1,1,9,100,1.1329772784640002,9,Typeb,Toyota,Food
2026-01-02 05:00:00,0.0,0.0,0.0,1,1,9,100,1.1329772784640002,9,Typeb,Toyota,Food
2026-01-02 06:00:00,8.692131624742773,1.3795007389272842,0.15870683952834272,0,0,9,0,1.23259004,9,Typeb,Toyota,Food
2026-01-02 07:00:00,8.692131624742773,4.6718983669671035,0.5374859204465118,0,0,9,0,1.23259004,9,Typeb,Toyota,Food
2026-01-02 08:00:00,8.692131624742773,3.5098964715521954,0.4038015786094431,0,0,9,0,1.23259004,9,Typeb,Toyota,Food
2026-01-02 09:00:00,8.692131624742773,4.821225690162132,0.5546655180000001,0,0,9,0,1.23259004,9,Typeb,Toyota,Food
2026-01-02 10:00:00,8.692131624742773,1.0713834867026961,0.123259004,0,0,9,0,1.23259004,9,Typeb,Toyota,Food
2026-01-02 11:00:00,8.692131624742773,3.059841307509723,0.35202427202087766,0,0,9,0,1.23259004,9,Typeb,Toyota,Food
2026-01-02 12:00:00,0.0,0.0,0.0,1,1,9,100,1.23259004,9,Typeb,Toyota,Food
2026-01-02 13:00:00,9.825887923622265,1.234574734065106,0.125645106443468,0,0,9,0,1.23259004,9,Typeb,Toyota,Food
2026-01-02 14:00:00,9.825887923622265,3.9982159004221836,0.40690632047716874,0,0,9,0,1.23259004,9,Typeb,Toyota,Food
2026-01-02 15:00:00,9.825887923622265,1.2111291588813085,0.123259004,0,0,9,0,1.23259004,9,Typeb,Toyota,Food
2026-01-02 16:00:00,9.825887923622265,3.52503224108596,0.35874948589750194,0,0,9,0,1.23259004,9,Typeb,Toyota,Food
2026-01-02 17:00:00,9.825887923622265,3.4707368514822146,0.3532237369752885,0,0,9,0,1.23259004,9,Typeb,Toyota,Food
2026-01-02 18:00:00,9.825887923622265,1.8245606741264146,0.185689139577912,0,0,9,0,1.23259004,9,Typeb,Toyota,Food
2026-01-02 19:00:00,0.0,0.0,0.0,1,1,9,100,1.23259004,9,Typeb,Toyota,Food
2026-01-02 20:00:00,0.0,0.0,0.0,1,1,9,100,1.23259004,9,Typeb,Toyota,Food
2026-01-02 21:00:00,0.0,0.0,0.0,1,1,9,100,1.23259004,9,Typeb,Toyota,Food
2026-01-02 22:00:00,0.0,0.0,0.0,1,1,9,100,1.23259004,9,Typeb,Toyota,Food
2026-01-02 23:00:00,0.0,0.0,0.0,1,1,9,100,1.23259004,9,Typeb,Toyota,Food
2026-01-03 00:00:00,0.0,0.0,0.0,1,1,9,100,1.23259004,9,Typeb,Toyota,Food
2026-01-03 01:00:00,0.0,0.0,0.0,1,1,9,100,1.23259004,9,Typeb,Toyota,Food
2026-01-03 02:00:00,0.0,0.0,0.0,1,1,9,100,1.23259004,9,Typeb,Toyota,Food
2026-01-03 03:00:00,0.0,0.0,0.0,1,1,9,100,1.23259004,9,Typeb,Toyota,Food
2026-01-03 04:00:00,0.0,0.0,0.0,1,1,9,100,1.23259004,9,Typeb,Toyota,Food
2026-01-03 05:00:00,0.0,0.0,0.0,1,1,9,100,1.23259004,9,Typeb,Toyota,Food
2026-01-03 06:00:00,0.0,0.0,0.0,1,1,9,100,1.23259004,9,Typeb,Toyota,Food
2026-01-03 07:00:00,0.0,0.0,0.0,1,1,9,100,1.23259004,9,Typeb,Toyota,Food
2026-01-03 08:00:00,0.0,0.0,0.0,1,1,9,100,1.23259004,9,Typeb,Toyota,Food
2026-01-03 09:00:00,9.23076923076923,4.1935066929805265,0.45429655840622374,0,0,9,0,1.209049010004,9,Typeb,Toyota,Food
2026-01-03 10:00:00,9.23076923076923,4.078179232718474,0.4418027502111681,0,0,9,0,1.209049010004,9,Typeb,Toyota,Food
2026-01-03 11:00:00,9.23076923076923,3.7521026198707244,0.40647778381932853,0,0,9,0,1.209049010004,9,Typeb,Toyota,Food
2026-01-03 12:00:00,0.0,0.0,0.0,1,1,9,100,1.209049010004,9,Typeb,Toyota,Food
2026-01-03 13:00:00,0.0,0.0,0.0,1,1,9,100,1.209049010004,9,Typeb,Toyota,Food
2026-01-03 14:00:00,4.615384615384615,0.8300050443149495,0.17983442626823906,0,0,9,0,1.209049010004,9,Typeb,Toyota,Food
2026-01-03 15:00:00,4.615384615384615,1.4537656538580768,0.31498255833591665,0,0,9,0,1.209049010004,9,Typeb,Toyota,Food
2026-01-03 16:00:00,4.615384615384615,1.603197402398493,0.34735943718634016,0,0,9,0,1.209049010004,9,Typeb,Toyota,Food
2026-01-03 17:00:00,4.615384615384615,2.1939176096419475,0.475348815422422,0,0,9,0,1.209049010004,9,Typeb,Toyota,Food
2026-01-03 18:00:00,4.615384615384615,1.9280110313211143,0.41773572345290816,0,0,9,0,1.209049010004,9,Typeb,Toyota,Food
2026-01-03 19:00:00,4.615384615384615,0.8726410421771491,0.18907222580504898,0,0,9,0,1.209049010004,9,Typeb,Toyota,Food
2026-01-03 20:00:00,0.0,0.0,0.0,1,1,9,100,1.209049010004,9,Typeb,Toyota,Food
2026-01-03 21:00:00,0.0,0.0,0.0,1,1,9,100,1.209049010004,9,Typeb,Toyota,Food
2026-01-03 22:00:00,0.0,0.0,0.0,1,1,9,100,1.209049010004,9,Typeb,Toyota,Food
2026-01-03 23:00:00,0.0,0.0,0.0,1,1,9,100,1.209049010004,9,Typeb,Toyota,Food
2026-01-04 00:00:00,0.0,0.0,0.0,1,1,9,100,1.209049010004,9,Typeb,Toyota,Food
2026-01-04 01:00:00,0.0,0.0,0.0,1,1,9,100,1.209049010004,9,Typeb,Toyota,Food
2026-01-04 02:00:00,0.0,0.0,0.0,1,1,9,100,1.209049010004,9,Typeb,Toyota,Food
2026-01-04 03:00:00,0.0,0.0,0.0,1,1,9,100,1.209049010004,9,Typeb,Toyota,Food
2026-01-04 04:00:00,0.0,0.0,0.0,1,1,9,100,1.209049010004,9,Typeb,Toyota,Food
2026-01-04 05:00:00,0.0,0.0,0.0,1,1,9,100,1.209049010004,9,Typeb,Toyota,Food
2026-01-04 06:00:00,0.0,0.0,0.0,1,1,9,100,1.209049010004,9,Typeb,Toyota,Food
2026-01-04 07:00:00,0.0,0.0,0.0,1,1,9,100,1.209049010004,9,Typeb,Toyota,Food
2026-01-04 08:00:00,0.0,0.0,0.0,1,1,9,100,1.209049010004,9,Typeb,Toyota,Food
2026-01-04 09:00:00,10.0,5.872635686250001,0.5872635686250001,0,0,9,0,1.3050301525,9,Typeb,Toyota,Food
2026-01-04 10:00:00,10.0,5.467129624065549,0.546712962406555,0,0,9,0,1.3050301525,9,Typeb,Toyota,Food
2026-01-04 11:00:00,10.0,5.872635686250001,0.5872635686250001,0,0,9,0,1.3050301525,9,Typeb,Toyota,Food
2026-01-04 12:00:00,0.0,0.0,0.0,1,1,9,100,1.3050301525,9,Typeb,Toyota,Food
2026-01-04 13:00:00,3.75,2.166926910502377,0.5778471761339672,0,0,9,0,1.3050301525,9,Typeb,Toyota,Food
2026-01-04 14:00:00,3.75,0.6262269937156023,0.16699386499082727,0,0,9,0,1.3050301525,9,Typeb,Toyota,Food
2026-01-04 15:00:00,3.75,0.9454370005207369,0.2521165334721965,0,0,9,0,1.3050301525,9,Typeb,Toyota,Food
2026-01-04 16:00:00,3.75,0.6902796836402847,0.18407458230407592,0,0,9,0,1.3050301525,9,Typeb,Toyota,Food
2026-01-04 17:00:00,3.75,2.2022383823437504,0.5872635686250001,0,0,9,0,1.3050301525,9,Typeb,Toyota,Food
2026-01-04 18:00:00,3.75,2.2022383823437504,0.5872635686250001,0,0,9,0,1.3050301525,9,Typeb,Toyota,Food
2026-01-04 19:00:00,3.75,1.8741933096802448,0.4997848825813986,0,0,9,0,1.3050301525,9,Typeb,Toyota,Food
2026-01-04 20:00:00,3.75,1.9007718801037605,0.5068725013610028,0,0,9,0,1.3050301525,9,Typeb,Toyota,Food
2026-01-04 21:00:00,0.0,0.0,0.0,1,1,9,100,1.3050301525,9,Typeb,Toyota,Food
2026-01-04 22:00:00,0.0,0.0,0.0,1,1,9,100,1.3050301525,9,Typeb,Toyota,Food
2026-01-04 23:00:00,0.0,0.0,0.0,1,1,9,100,1.3050301525,9,Typeb,Toyota,Food
2026-01-05 00:00:00,0.0,0.0,0.0,1,1,9,100,1.3050301525,9,Typeb,Toyota,Food
2026-01-05 01:00:00,0.0,0.0,0.0,1,1,9,100,1.3050301525,9,Typeb,Toyota,Food
2026-01-05 02:00:00,0.0,0.0,0.0,1,1,9,100,1.3050301525,9,Typeb,Toyota,Food
2026-01-05 03:00:00,0.0,0.0,0.0,1,1,9,100,1.3050301525,9,Typeb,Toyota,Food
2026-01-05 04:00:00,0.0,0.0,0.0,1,1,9,100,1.3050301525,9,Typeb,Toyota,Food
2026-01-05 05:00:00,0.0,0.0,0.0,1,1,9,100,1.3050301525,9,Typeb,Toyota,Food
2026-01-05 06:00:00,4.8,1.9344337863438759,0.4030070388216408,0,0,9,0,1.226197579604,9,Typeb,Toyota,Food
2026-01-05 07:00:00,4.8,0.5885748382099201,0.12261975796040002,0,0,9,0,1.226197579604,9,Typeb,Toyota,Food
2026-01-05 08:00:00,4.8,1.4820603287402436,0.3087625684875508,0,0,9,0,1.226197579604,9,Typeb,Toyota,Food
2026-01-05 09:00:00,4.8,1.4418385163554168,0.30038302424071184,0,0,9,0,1.226197579604,9,Typeb,Toyota,Food
2026-01-05 10:00:00,4.8,1.6070992529153798,0.33481234435737084,0,0,9,0,1.226197579604,9,Typeb,Toyota,Food
2026-01-05 11:00:00,4.8,2.5172273519141837,0.5244223649821216,0,0,9,0,1.226197579604,9,Typeb,Toyota,Food
2026-01-05 12:00:00,0.0,0.0,0.0,1,1,9,100,1.226197579604,9,Typeb,Toyota,Food
2026-01-05 13:00:00,0.0,0.0,0.0,1,1,9,100,1.226197579604,9,Typeb,Toyota,Food
2026-01-05 14:00:00,4.615384615384615,1.414012167731289,0.306369303008446,0,0,9,0,1.226197579604,9,Typeb,Toyota,Food
2026-01-05 15:00:00,4.615384615384615,1.2103065571697447,0.26223308738677803,0,0,9,0,1.226197579604,9,Typeb,Toyota,Food
2026-01-05 16:00:00,4.615384615384615,1.1369658545510672,0.24634260181939793,0,0,9,0,1.226197579604,9,Typeb,Toyota,Food
2026-01-05 17:00:00,4.615384615384615,1.6206186033159593,0.3511340307184579,0,0,9,0,1.226197579604,9,Typeb,Toyota,Food
2026-01-05 18:00:00,4.615384615384615,1.1205675660894312,0.2427896393193768,0,0,9,0,1.226197579604,9,Typeb,Toyota,Food
2026-01-05 19:00:00,4.615384615384615,1.2062380573815898,0.2613515790993445,0,0,9,0,1.226197579604,9,Typeb,Toyota,Food
2026-01-05 20:00:00,0.0,0.0,0.0,1,1,9,100,1.226197579604,9,Typeb,Toyota,Food
2026-01-05 21:00:00,0.0,0.0,0.0,1,1,9,100,1.226197579604,9,Typeb,Toyota,Food
2026-01-05 22:00:00,0.0,0.0,0.0,1,1,9,100,1.226197579604,9,Typeb,Toyota,Food
2026-01-05 23:00:00,0.0,0.0,0.0,1,1,9,100,1.226197579604,9,Typeb,Toyota,Food
2026-01-06 00:00:00,0.0,0.0,0.0,1,1,9,100,1.226197579604,9,Typeb,Toyota,Food
2026-01-06 01:00:00,0.0,0.0,0.0,1,1,9,100,1.226197579604,9,Typeb,Toyota,Food
2026-01-06 02:00:00,0.0,0.0,0.0,1,1,9,100,1.226197579604,9,Typeb,Toyota,Food
2026-01-06 03:00:00,0.0,0.0,0.0,1,1,9,100,1.226197579604,9,Typeb,Toyota,Food
2026-01-06 04:00:00,0.0,0.0,0.0,1,1,9,100,1.226197579604,9,Typeb,Toyota,Food
2026-01-06 05:00:00,0.0,0.0,0.0,1,1,9,100,1.226197579604,9,Typeb,Toyota,Food
2026-01-06 06:00:00,5.665527744390674,2.2316625740408704,0.39390197607811467,0,0,9,0,1.3306301459840002,9,Typeb,Toyota,Food
2026-01-06 07:00:00,5.665527744390674,2.009580956360688,0.35470322395832127,0,0,9,0,1.3306301459840002,9,Typeb,Toyota,Food
2026-01-06 08:00:00,5.665527744390674,2.129805735113175,0.3759236263950614,0,0,9,0,1.3306301459840002,9,Typeb,Toyota,Food
2026-01-06 09:00:00,5.665527744390674,2.0865540414920027,0.3682894402128483,0,0,9,0,1.3306301459840002,9,Typeb,Toyota,Food
2026-01-06 10:00:00,5.665527744390674,3.0592830298418514,0.5399820048310215,0,0,9,0,1.3306301459840002,9,Typeb,Toyota,Food
2026-01-06 11:00:00,5.665527744390674,2.711467140735658,0.47859039141061976,0,0,9,0,1.3306301459840002,9,Typeb,Toyota,Food
2026-01-06 12:00:00,5.665527744390674,1.6289345084390336,0.28751681783781025,0,0,9,0,1.3306301459840002,9,Typeb,Toyota,Food
2026-01-06 13:00:00,6.609782368455787,3.808653218394819,0.5762146173784868,0,0,9,0,1.3306301459840002,9,Typeb,Toyota,Food
2026-01-06 14:00:00,6.609782368455787,2.0337308337826387,0.3076849917916087,0,0,9,0,1.3306301459840002,9,Typeb,Toyota,Food
2026-01-06 15:00:00,6.609782368455787,2.4878708119297057,0.37639224307939434,0,0,9,0,1.3306301459840002,9,Typeb,Toyota,Food
2026-01-06 16:00:00,6.609782368455787,1.0861103446427862,0.16431862413898646,0,0,9,0,1.3306301459840002,9,Typeb,Toyota,Food
2026-01-06 17:00:00,6.609782368455787,3.957829055037357,0.5987835656928001,0,0,9,0,1.3306301459840002,9,Typeb,Toyota,Food
2026-01-06 18:00:00,6.609782368455787,1.1954919432153788,0.18086706589927803,0,0,9,0,1.3306301459840002,9,Typeb,Toyota,Food
2026-01-06 19:00:00,0.0,0.0,0.0,1,1,9,100,1.3306301459840002,9,Typeb,Toyota,Food
2026-01-06 20:00:00,0.0,0.0,0.0,1,1,9,100,1.3306301459840002,9,Typeb,Toyota,Food
2026-01-06 21:00:00,0.0,0.0,0.0,1,1,9,100,1.3306301459840002,9,Typeb,Toyota,Food
2026-01-06 22:00:00,0.0,0.0,0.0,1,1,9,100,1.3306301459840002,9,Typeb,Toyota,Food
2026-01-06 23:00:00,0.0,0.0,0.0,1,1,9,100,1.3306301459840002,9,Typeb,Toyota,Food
2026-01-07 00:00:00,0.0,0.0,0.0,1,1,9,100,1.3306301459840002,9,Typeb,Toyota,Food
2026-01-07 01:00:00,0.0,0.0,0.0,1,1,9,100,1.3306301459840002,9,Typeb,Toyota,Food
2026-01-07 02:00:00,0.0,0.0,0.0,1,1,9,100,1.3306301459840002,9,Typeb,Toyota,Food
2026-01-07 03:00:00,0.0,0.0,0.0,1,1,9,100,1.3306301459840002,9,Typeb,Toyota,Food
2026-01-07 04:00:00,0.0,0.0,0.0,1,1,9,100,1.3306301459840002,9,Typeb,Toyota,Food
2026-01-07 05:00:00,3.870967741935484,1.5713106370120942,0.40592191456145765,0,0,9,0,1.282756305344,9,Typeb,Toyota,Food
2026-01-07 06:00:00,3.870967741935484,2.088939107496707,0.5396426027699825,0,0,9,0,1.282756305344,9,Typeb,Toyota,Food
2026-01-07 07:00:00,3.870967741935484,0.91062488082756,0.23524476088045299,0,0,9,0,1.282756305344,9,Typeb,Toyota,Food
2026-01-07 08:00:00,3.870967741935484,1.1822007804681134,0.3054018682875959,0,0,9,0,1.282756305344,9,Typeb,Toyota,Food
2026-01-07 09:00:00,3.870967741935484,1.3101554554018067,0.3384568259788,0,0,9,0,1.282756305344,9,Typeb,Toyota,Food
2026-01-07 10:00:00,3.870967741935484,1.188061462150859,0.3069158777223052,0,0,9,0,1.282756305344,9,Typeb,Toyota,Food
2026-01-07 11:00:00,3.870967741935484,0.49655082787509686,0.12827563053440003,0,0,9,0,1.282756305344,9,Typeb,Toyota,Food
2026-01-07 12:00:00,3.870967741935484,2.2344787254379357,0.5772403374048001,0,0,9,0,1.282756305344,9,Typeb,Toyota,Food
2026-01-07 13:00:00,6.315789473684211,1.3840905612618006,0.2191476721997851,0,0,9,0,1.282756305344,9,Typeb,Toyota,Food
2026-01-07 14:00:00,6.315789473684211,0.9837848835282481,0.1557659398919726,0,0,9,0,1.282756305344,9,Typeb,Toyota,Food
2026-01-07 15:00:00,6.315789473684211,1.42176423468036,0.22511267049105696,0,0,9,0,1.282756305344,9,Typeb,Toyota,Food
2026-01-07 16:00:00,6.315789473684211,3.645728446767158,0.5772403374048001,0,0,9,0,1.282756305344,9,Typeb,Toyota,Food
2026-01-07 17:00:00,6.315789473684211,2.903437462102337,0.45971093149953673,0,0,9,0,1.282756305344,9,Typeb,Toyota,Food
2026-01-07 18:00:00,0.0,0.0,0.0,1,1,9,100,1.282756305344,9,Typeb,Toyota,Food
2026-01-07 19:00:00,0.0,0.0,0.0,1,1,9,100,1.282756305344,9,Typeb,Toyota,Food
2026-01-07 20:00:00,0.0,0.0,0.0,1,1,9,100,1.282756305344,9,Typeb,Toyota,Food
2026-01-07 21:00:00,0.0,0.0,0.0,1,1,9,100,1.282756305344,9,Typeb,Toyota,Food
2026-01-07 22:00:00,0.0,0.0,0.0,1,1,9,100,1.282756305344,9,Typeb,Toyota,Food
2026-01-07 23:00:00,0.0,0.0,0.0,1,1,9,100,1.282756305344,9,Typeb,Toyota,Food
2026-01-08 00:00:00,0.0,0.0,0.0,1,1,9,100,1.282756305344,9,Typeb,Toyota,Food
2026-01-08 01:00:00,0.0,0.0,0.0,1,1,9,100,1.282756305344,9,Typeb,Toyota,Food
2026-01-08 02:00:00,0.0,0.0,0.0,1,1,9,100,1.282756305344,9,Typeb,Toyota,Food
2026-01-08 03:00:00,0.0,0.0,0.0,1,1,9,100,1.282756305344,9,Typeb,Toyota,Food
2026-01-08 04:00:00,0.0,0.0,0.0,1,1,9,100,1.282756305344,9,Typeb,Toyota,Food
2026-01-08 05:00:00,0.0,0.0,0.0,1,1,9,100,1.282756305344,9,Typeb,Toyota,Food
2026-01-08 06:00:00,5.4636077716252265,0.6428400163685352,0.11765852221440001,0,0,9,0,1.176585222144,9,Typeb,Toyota,Food
2026-01-08 07:00:00,5.4636077716252265,1.647586104510305,0.30155643914757213,0,0,9,0,1.176585222144,9,Typeb,Toyota,Food
2026-01-08 08:00:00,5.4636077716252265,0.9484625675576597,0.1735963867105208,0,0,9,0,1.176585222144,9,Typeb,Toyota,Food
2026-01-08 09:00:00,5.4636077716252265,2.020435111657709,0.3697987110551133,0,0,9,0,1.176585222144,9,Typeb,Toyota,Food
2026-01-08 10:00:00,5.4636077716252265,1.069721838999736,0.19579037949159595,0,0,9,0,1.176585222144,9,Typeb,Toyota,Food
2026-01-08 11:00:00,5.4636077716252265,1.1895706112033602,0.2177262096633825,0,0,9,0,1.176585222144,9,Typeb,Toyota,Food
2026-01-08 12:00:00,0.0,0.0,0.0,1,1,9,100,1.176585222144,9,Typeb,Toyota,Food
2026-01-08 13:00:00,5.226059607641521,2.3968634220155223,0.4586368319471211,0,0,9,0,1.176585222144,9,Typeb,Toyota,Food
2026-01-08 14:00:00,5.226059607641521,0.6148904504394685,0.11765852221440001,0,0,9,0,1.176585222144,9,Typeb,Toyota,Food
2026-01-08 15:00:00,5.226059607641521,1.954201780349106,0.3739340778837809,0,0,9,0,1.176585222144,9,Typeb,Toyota,Food
2026-01-08 16:00:00,5.226059607641521,1.245028742466361,0.23823469993451388,0,0,9,0,1.176585222144,9,Typeb,Toyota,Food
2026-01-08 17:00:00,5.226059607641521,1.1970835971819942,0.2290604560712671,0,0,9,0,1.176585222144,9,Typeb,Toyota,Food
2026-01-08 18:00:00,5.226059607641521,1.1674025610863281,0.22338102676428667,0,0,9,0,1.176585222144,9,Typeb,Toyota,Food
2026-01-08 19:00:00,0.0,0.0,0.0,1,1,9,100,1.176585222144,9,Typeb,Toyota,Food
2026-01-08 20:00:00,0.0,0.0,0.0,1,1,9,100,1.176585222144,9,Typeb,Toyota,Food
2026-01-08 21:00:00,0.0,0.0,0.0,1,1,9,100,1.176585222144,9,Typeb,Toyota,Food
2026-01-08 22:00:00,0.0,0.0,0.0,1,1,9,100,1.176585222144,9,Typeb,Toyota,Food
2026-01-08 23:00:00,0.0,0.0,0.0,1,1,9,100,1.176585222144,9,Typeb,Toyota,Food
2026-01-09 00:00:00,0.0,0.0,0.0,1,1,9,100,1.176585222144,9,Typeb,Toyota,Food
2026-01-09 01:00:00,0.0,0.0,0.0,1,1,9,100,1.176585222144,9,Typeb,Toyota,Food
2026-01-09 02:00:00,0.0,0.0,0.0,1,1,9,100,1.176585222144,9,Typeb,Toyota,Food
2026-01-09 03:00:00,0.0,0.0,0.0,1,1,9,100,1.176585222144,9,Typeb,Toyota,Food
2026-01-09 04:00:00,0.0,0.0,0.0,1,1,9,100,1.176585222144,9,Typeb,Toyota,Food
2026-01-09 05:00:00,0.0,0.0,0.0,1,1,9,100,1.176585222144,9,Typeb,Toyota,Food
2026-01-09 06:00:00,6.851462731822934,2.2124901484532846,0.32292230652834897,0,0,9,0,1.137342385344,9,Typeb,Toyota,Food
2026-01-09 07:00:00,6.851462731822934,3.5066065349281565,0.5118040734047999,0,0,9,0,1.137342385344,9,Typeb,Toyota,Food
2026-01-09 08:00:00,6.851462731822934,2.8929316523361943,0.42223562552554184,0,0,9,0,1.137342385344,9,Typeb,Toyota,Food
2026-01-09 09:00:00,6.851462731822934,2.7203987915737082,0.39705372386224824,0,0,9,0,1.137342385344,9,Typeb,Toyota,Food
2026-01-09 10:00:00,6.851462731822934,0.7792458966507014,0.1137342385344,0,0,9,0,1.137342385344,9,Typeb,Toyota,Food
2026-01-09 11:00:00,6.851462731822934,3.5066065349281565,0.5118040734047999,0,0,9,0,1.137342385344,9,Typeb,Toyota,Food
2026-01-09 12:00:00,0.0,0.0,0.0,1,1,9,100,1.137342385344,9,Typeb,Toyota,Food
2026-01-09 13:00:00,6.324427137067324,3.2368675707029135,0.5118040734047999,0,0,9,0,1.137342385344,9,Typeb,Toyota,Food
2026-01-09 14:00:00,6.324427137067324,1.3732707743788681,0.21713757540665768,0,0,9,0,1.137342385344,9,Typeb,Toyota,Food
2026-01-09 15:00:00,6.324427137067324,1.664896203706654,0.2632485389781369,0,0,9,0,1.137342385344,9,Typeb,Toyota,Food
2026-01-09 16:00:00,6.324427137067324,2.079638012618262,0.32882630593205053,0,0,9,0,1.137342385344,9,Typeb,Toyota,Food
2026-01-09 17:00:00,6.324427137067324,0.7193039046006475,0.1137342385344,0,0,9,0,1.137342385344,9,Typeb,Toyota,Food
2026-01-09 18:00:00,6.324427137067324,2.754802238068453,0.4355813069491495,0,0,9,0,1.137342385344,9,Typeb,Toyota,Food
2026-01-09 19:00:00,6.324427137067324,1.3416794022405751,0.2121424396491222,0,0,9,0,1.137342385344,9,Typeb,Toyota,Food
2026-01-09 20:00:00,0.0,0.0,0.0,1,1,9,100,1.137342385344,9,Typeb,Toyota,Food
2026-01-09 21:00:00,0.0,0.0,0.0,1,1,9,100,1.137342385344,9,Typeb,Toyota,Food
2026-01-09 22:00:00,0.0,0.0,0.0,1,1,9,100,1.137342385344,9,Typeb,Toyota,Food
2026-01-09 23:00:00,0.0,0.0,0.0,1,1,9,100,1.137342385344,9,Typeb,Toyota,Food
2026-01-10 00:00:00,0.0,0.0,0.0,1,1,9,100,1.137342385344,9,Typeb,Toyota,Food
2026-01-10 01:00:00,0.0,0.0,0.0,1,1,9,100,1.137342385344,9,Typeb,Toyota,Food
2026-01-10 02:00:00,0.0,0.0,0.0,1,1,9,100,1.137342385344,9,Typeb,Toyota,Food
2026-01-10 03:00:00,0.0,0.0,0.0,1,1,9,100,1.137342385344,9,Typeb,Toyota,Food
2026-01-10 04:00:00,0.0,0.0,0.0,1,1,9,100,1.137342385344,9,Typeb,Toyota,Food
2026-01-10 05:00:00,0.0,0.0,0.0,1,1,9,100,1.137342385344,9,Typeb,Toyota,Food
2026-01-10 06:00:00,0.0,0.0,0.0,1,1,9,100,1.137342385344,9,Typeb,Toyota,Food
2026-01-10 07:00:00,0.0,0.0,0.0,1,1,9,100,1.137342385344,9,Typeb,Toyota,Food
2026-01-10 08:00:00,0.0,0.0,0.0,1,1,9,100,1.137342385344,9,Typeb,Toyota,Food
2026-01-10 09:00:00,0.0,0.0,0.0,1,1,9,100,1.137342385344,9,Typeb,Toyota,Food
2026-01-10 10:00:00,0.0,0.0,0.0,1,1,9,100,1.137342385344,9,Typeb,Toyota,Food
2026-01-10 11:00:00,17.142857142857142,4.319874775650941,0.2519926952463049,0,0,9,0,1.18961004,9,Typeb,Toyota,Food
2026-01-10 12:00:00,0.0,0.0,0.0,1,1,9,100,1.18961004,9,Typeb,Toyota,Food
2026-01-10 13:00:00,4.444444444444445,1.1484006478888111,0.2583901457749825,0,0,9,0,1.18961004,9,Typeb,Toyota,Food
2026-01-10 14:00:00,4.444444444444445,2.2912252196892626,0.5155256744300841,0,0,9,0,1.18961004,9,Typeb,Toyota,Food
2026-01-10 15:00:00,4.444444444444445,0.5287155733333334,0.11896100400000001,0,0,9,0,1.18961004,9,Typeb,Toyota,Food
2026-01-10 16:00:00,4.444444444444445,1.3826475684565878,0.3110957029027322,0,0,9,0,1.18961004,9,Typeb,Toyota,Food
2026-01-10 17:00:00,4.444444444444445,0.5287155733333334,0.11896100400000001,0,0,9,0,1.18961004,9,Typeb,Toyota,Food
2026-01-10 18:00:00,4.444444444444445,1.0581881523772958,0.23809233428489152,0,0,9,0,1.18961004,9,Typeb,Toyota,Food
2026-01-10 19:00:00,4.444444444444445,1.2671414736053679,0.28510683156120775,0,0,9,0,1.18961004,9,Typeb,Toyota,Food
2026-01-10 20:00:00,0.0,0.0,0.0,1,1,9,100,1.18961004,9,Typeb,Toyota,Food
2026-01-10 21:00:00,0.0,0.0,0.0,1,1,9,100,1.18961004,9,Typeb,Toyota,Food
2026-01-10 22:00:00,0.0,0.0,0.0,1,1,9,100,1.18961004,9,Typeb,Toyota,Food
2026-01-10 23:00:00,0.0,0.0,0.0,1,1,9,100,1.18961004,9,Typeb,Toyota,Food
2026-01-11 00:00:00,0.0,0.0,0.0,1,1,9,100,1.18961004,9,Typeb,Toyota,Food
2026-01-11 01:00:00,0.0,0.0,0.0,1,1,9,100,1.18961004,9,Typeb,Toyota,Food
2026-01-11 02:00:00,0.0,0.0,0.0,1,1,9,100,1.18961004,9,Typeb,Toyota,Food
2026-01-11 03:00:00,0.0,0.0,0.0,1,1,9,100,1.18961004,9,Typeb,Toyota,Food
2026-01-11 04:00:00,0.0,0.0,0.0,1,1,9,100,1.18961004,9,Typeb,Toyota,Food
2026-01-11 05:00:00,0.0,0.0,0.0,1,1,9,100,1.18961004,9,Typeb,Toyota,Food
2026-01-11 06:00:00,0.0,0.0,0.0,1,1,9,100,1.18961004,9,Typeb,Toyota,Food
2026-01-11 07:00:00,0.0,0.0,0.0,1,1,9,100,1.18961004,9,Typeb,Toyota,Food
2026-01-11 08:00:00,0.0,0.0,0.0,1,1,9,100,1.18961004,9,Typeb,Toyota,Food
2026-01-11 09:00:00,0.0,0.0,0.0,1,1,9,100,1.18961004,9,Typeb,Toyota,Food
2026-01-11 10:00:00,15.0,5.586626173709521,0.3724417449139681,0,0,9,0,1.122069513044,9,Typeb,Toyota,Food
2026-01-11 11:00:00,15.0,6.4810367495504275,0.43206911663669517,0,0,9,0,1.122069513044,9,Typeb,Toyota,Food
2026-01-11 12:00:00,0.0,0.0,0.0,1,1,9,100,1.122069513044,9,Typeb,Toyota,Food
2026-01-11 13:00:00,4.615384615384615,1.7723377006373005,0.38400650180474843,0,0,9,0,1.122069513044,9,Typeb,Toyota,Food
2026-01-11 14:00:00,4.615384615384615,1.2300684343405286,0.2665148274404479,0,0,9,0,1.122069513044,9,Typeb,Toyota,Food
2026-01-11 15:00:00,4.615384615384615,0.5178782367895384,0.1122069513044,0,0,9,0,1.122069513044,9,Typeb,Toyota,Food
2026-01-11 16:00:00,4.615384615384615,0.5560067354359652,0.12046812601112582,0,0,9,0,1.122069513044,9,Typeb,Toyota,Food
2026-01-11 17:00:00,4.615384615384615,1.500236952357238,0.32505133967740163,0,0,9,0,1.122069513044,9,Typeb,Toyota,Food
2026-01-11 18:00:00,4.615384615384615,1.8179245201779912,0.3938836460385648,0,0,9,0,1.122069513044,9,Typeb,Toyota,Food
2026-01-11 19:00:00,0.0,0.0,0.0,1,1,9,100,1.122069513044,9,Typeb,Toyota,Food
2026-01-11 20:00:00,0.0,0.0,0.0,1,1,9,100,1.122069513044,9,Typeb,Toyota,Food
2026-01-11 21:00:00,0.0,0.0,0.0,1,1,9,100,1.122069513044,9,Typeb,Toyota,Food
2026-01-11 22:00:00,0.0,0.0,0.0,1,1,9,100,1.122069513044,9,Typeb,Toyota,Food
2026-01-11 23:00:00,0.0,0.0,0.0,1,1,9,100,1.122069513044,9,Typeb,Toyota,Food
2026-01-12 00:00:00,0.0,0.0,0.0,1,1,9,100,1.122069513044,9,Typeb,Toyota,Food
2026-01-12 01:00:00,0.0,0.0,0.0,1,1,9,100,1.122069513044,9,Typeb,Toyota,Food
2026-01-12 02:00:00,0.0,0.0,0.0,1,1,9,100,1.122069513044,9,Typeb,Toyota,Food
2026-01-12 03:00:00,0.0,0.0,0.0,1,1,9,100,1.122069513044,9,Typeb,Toyota,Food
2026-01-12 04:00:00,0.0,0.0,0.0,1,1,9,100,1.122069513044,9,Typeb,Toyota,Food
2026-01-12 05:00:00,0.0,0.0,0.0,1,1,9,100,1.122069513044,9,Typeb,Toyota,Food
2026-01-12 06:00:00,5.796666894812901,1.7670169795065256,0.30483327946405303,0,0,9,0,1.119889326784,9,Typeb,Toyota,Food
2026-01-12 07:00:00,5.796666894812901,2.744863142031747,0.4735243876938943,0,0,9,0,1.119889326784,9,Typeb,Toyota,Food
2026-01-12 08:00:00,5.796666894812901,2.2973930685581476,0.3963300134796344,0,0,9,0,1.119889326784,9,Typeb,Toyota,Food
2026-01-12 09:00:00,5.796666894812901,2.0310846134733933,0.35038836116163447,0,0,9,0,1.119889326784,9,Typeb,Toyota,Food
2026-01-12 10:00:00,5.796666894812901,0.9609354069618621,0.16577378421067235,0,0,9,0,1.119889326784,9,Typeb,Toyota,Food
2026-01-12 11:00:00,5.796666894812901,2.0140596400680453,0.34745133308769377,0,0,9,0,1.119889326784,9,Typeb,Toyota,Food
2026-01-12 12:00:00,5.796666894812901,1.6192805606109408,0.2793468367243839,0,0,9,0,1.119889326784,9,Typeb,Toyota,Food
2026-01-12 13:00:00,0.0,0.0,0.0,1,1,9,100,1.119889326784,9,Typeb,Toyota,Food
2026-01-12 14:00:00,6.492266922190449,0.845363223689258,0.1302107929049901,0,0,9,0,1.119889326784,9,Typeb,Toyota,Food
2026-01-12 15:00:00,6.492266922190449,2.455128903872285,0.37816204005425286,0,0,9,0,1.119889326784,9,Typeb,Toyota,Food
2026-01-12 16:00:00,6.492266922190449,3.2717791947572525,0.5039501970528,0,0,9,0,1.119889326784,9,Typeb,Toyota,Food
2026-01-12 17:00:00,6.492266922190449,0.7270620432793894,0.1119889326784,0,0,9,0,1.119889326784,9,Typeb,Toyota,Food
2026-01-12 18:00:00,6.492266922190449,0.8364425684227667,0.12883674969737016,0,0,9,0,1.119889326784,9,Typeb,Toyota,Food
2026-01-12 19:00:00,6.492266922190449,3.2717791947572525,0.5039501970528,0,0,9,0,1.119889326784,9,Typeb,Toyota,Food
2026-01-12 20:00:00,0.0,0.0,0.0,1,1,9,100,1.119889326784,9,Typeb,Toyota,Food
2026-01-12 21:00:00,0.0,0.0,0.0,1,1,9,100,1.119889326784,9,Typeb,Toyota,Food
2026-01-12 22:00:00,0.0,0.0,0.0,1,1,9,100,1.119889326784,9,Typeb,Toyota,Food
2026-01-12 23:00:00,0.0,0.0,0.0,1,1,9,100,1.119889326784,9,Typeb,Toyota,Food
2026-01-13 00:00:00,0.0,0.0,0.0,1,1,9,100,1.119889326784,9,Typeb,Toyota,Food
2026-01-13 01:00:00,0.0,0.0,0.0,1,1,9,100,1.119889326784,9,Typeb,Toyota,Food
2026-01-13 02:00:00,0.0,0.0,0.0,1,1,9,100,1.119889326784,9,Typeb,Toyota,Food
2026-01-13 03:00:00,0.0,0.0,0.0,1,1,9,100,1.119889326784,9,Typeb,Toyota,Food
2026-01-13 04:00:00,0.0,0.0,0.0,1,1,9,100,1.119889326784,9,Typeb,Toyota,Food
2026-01-13 05:00:00,0.0,0.0,0.0,1,1,9,100,1.119889326784,9,Typeb,Toyota,Food
2026-01-13 06:00:00,0.0,0.0,0.0,1,1,9,100,1.119889326784,9,Typeb,Toyota,Food
2026-01-13 07:00:00,7.602227982467746,2.0117732764013927,0.2646294324559778,0,0,9,0,1.12425024,9,Typeb,Toyota,Food
2026-01-13 08:00:00,7.602227982467746,2.184167855851364,0.287306281906895,0,0,9,0,1.12425024,9,Typeb,Toyota,Food
2026-01-13 09:00:00,7.602227982467746,2.8908752726659266,0.38026684799941035,0,0,9,0,1.12425024,9,Typeb,Toyota,Food
2026-01-13 10:00:00,7.602227982467746,2.7760376618483384,0.36516106439460044,0,0,9,0,1.12425024,9,Typeb,Toyota,Food
2026-01-13 11:00:00,7.602227982467746,1.3871722304111618,0.182469170039396,0,0,9,0,1.12425024,9,Typeb,Toyota,Food
2026-01-13 12:00:00,7.602227982467746,3.8460629852208363,0.505912608,0,0,9,0,1.12425024,9,Typeb,Toyota,Food
2026-01-13 13:00:00,7.2981388631690365,3.4166466459693483,0.4681531428802868,0,0,9,0,1.12425024,9,Typeb,Toyota,Food
2026-01-13 14:00:00,7.2981388631690365,3.6922204658120026,0.505912608,0,0,9,0,1.12425024,9,Typeb,Toyota,Food
2026-01-13 15:00:00,7.2981388631690365,3.6377756919090074,0.4984525178422535,0,0,9,0,1.12425024,9,Typeb,Toyota,Food
2026-01-13 16:00:00,7.2981388631690365,2.2406467921246027,0.3070161905841919,0,0,9,0,1.12425024,9,Typeb,Toyota,Food
2026-01-13 17:00:00,7.2981388631690365,0.8204934368471117,0.11242502400000001,0,0,9,0,1.12425024,9,Typeb,Toyota,Food
2026-01-13 18:00:00,7.2981388631690365,2.2306219878714537,0.30564257952511215,0,0,9,0,1.12425024,9,Typeb,Toyota,Food
2026-01-13 19:00:00,0.0,0.0,0.0,1,1,9,100,1.12425024,9,Typeb,Toyota,Food
2026-01-13 20:00:00,0.0,0.0,0.0,1,1,9,100,1.12425024,9,Typeb,Toyota,Food
2026-01-13 21:00:00,0.0,0.0,0.0,1,1,9,100,1.12425024,9,Typeb,Toyota,Food
2026-01-13 22:00:00,0.0,0.0,0.0,1,1,9,100,1.12425024,9,Typeb,Toyota,Food
2026-01-13 23:00:00,0.0,0.0,0.0,1,1,9,100,1.12425024,9,Typeb,Toyota,Food
2026-01-14 00:00:00,0.0,0.0,0.0,1,1,9,100,1.12425024,9,Typeb,Toyota,Food
2026-01-14 01:00:00,0.0,0.0,0.0,1,1,9,100,1.12425024,9,Typeb,Toyota,Food
2026-01-14 02:00:00,0.0,0.0,0.0,1,1,9,100,1.12425024,9,Typeb,Toyota,Food
2026-01-14 03:00:00,0.0,0.0,0.0,1,1,9,100,1.12425024,9,Typeb,Toyota,Food
2026-01-14 04:00:00,0.0,0.0,0.0,1,1,9,100,1.12425024,9,Typeb,Toyota,Food
2026-01-14 05:00:00,0.0,0.0,0.0,1,1,9,100,1.12425024,9,Typeb,Toyota,Food
2026-01-14 06:00:00,0.0,0.0,0.0,1,1,9,100,1.12425024,9,Typeb,Toyota,Food
2026-01-14 07:00:00,0.0,0.0,0.0,1,1,9,100,1.12425024,9,Typeb,Toyota,Food
2026-01-14 08:00:00,8.856520809432348,2.8542605388004665,0.3222778560809827,0,0,9,0,1.102475,9,Typeb,Toyota,Food
2026-01-14 09:00:00,8.856520809432348,0.976409277937893,0.11024750000000001,0,0,9,0,1.102475,9,Typeb,Toyota,Food
2026-01-14 10:00:00,8.856520809432348,1.5040971321764562,0.16982934546651396,0,0,9,0,1.102475,9,Typeb,Toyota,Food
2026-01-14 11:00:00,8.856520809432348,4.1449503123536555,0.4680111300522449,0,0,9,0,1.102475,9,Typeb,Toyota,Food
2026-01-14 12:00:00,0.0,0.0,0.0,1,1,9,100,1.102475,9,Typeb,Toyota,Food
2026-01-14 13:00:00,0.0,0.0,0.0,1,1,9,100,1.102475,9,Typeb,Toyota,Food
2026-01-14 14:00:00,6.16105795438772,1.5058224402839138,0.24440971849834855,0,0,9,0,1.102475,9,Typeb,Toyota,Food
2026-01-14 15:00:00,6.16105795438772,1.6053081443838786,0.2605572218713876,0,0,9,0,1.102475,9,Typeb,Toyota,Food
2026-01-14 16:00:00,6.16105795438772,2.0947220961688893,0.3399938958011409,0,0,9,0,1.102475,9,Typeb,Toyota,Food
2026-01-14 17:00:00,6.16105795438772,1.1517273082045791,0.18693661327830127,0,0,9,0,1.102475,9,Typeb,Toyota,Food
2026-01-14 18:00:00,6.16105795438772,2.3315828368021903,0.37843871199778395,0,0,9,0,1.102475,9,Typeb,Toyota,Food
2026-01-14 19:00:00,0.0,0.0,0.0,1,1,9,100,1.102475,9,Typeb,Toyota,Food
2026-01-14 20:00:00,0.0,0.0,0.0,1,1,9,100,1.102475,9,Typeb,Toyota,Food
2026-01-14 21:00:00,0.0,0.0,0.0,1,1,9,100,1.102475,9,Typeb,Toyota,Food
2026-01-14 22:00:00,0.0,0.0,0.0,1,1,9,100,1.102475,9,Typeb,Toyota,Food
2026-01-14 23:00:00,0.0,0.0,0.0,1,1,9,100,1.102475,9,Typeb,Toyota,Food
2026-01-01 00:00:00,0.0,0.0,0.0,1,1,10,100,1.0,10,Typeb,Toyota,Food
2026-01-01 01:00:00,0.0,0.0,0.0,1,1,10,100,1.0,10,Typeb,Toyota,Food
2026-01-01 02:00:00,0.0,0.0,0.0,1,1,10,100,1.0,10,Typeb,Toyota,Food
2026-01-01 03:00:00,0.0,0.0,0.0,1,1,10,100,1.0,10,Typeb,Toyota,Food
2026-01-01 04:00:00,0.0,0.0,0.0,1,1,10,100,1.0,10,Typeb,Toyota,Food
2026-01-01 05:00:00,6.824472241768382,2.566491246878698,0.3760717541161335,0,0,10,0,1.1329772784640002,10,Typeb,Toyota,Food
2026-01-01 06:00:00,6.824472241768382,1.9103789238302027,0.27993064608541485,0,0,10,0,1.1329772784640002,10,Typeb,Toyota,Food
2026-01-01 07:00:00,6.824472241768382,2.651237186655889,0.3884897018745717,0,0,10,0,1.1329772784640002,10,Typeb,Toyota,Food
2026-01-01 08:00:00,6.824472241768382,1.3710722864772023,0.20090524774732252,0,0,10,0,1.1329772784640002,10,Typeb,Toyota,Food
2026-01-01 09:00:00,6.824472241768382,2.759115974244995,0.4042973399991503,0,0,10,0,1.1329772784640002,10,Typeb,Toyota,Food
2026-01-01 10:00:00,6.824472241768382,2.7225020930585986,0.3989322538958901,0,0,10,0,1.1329772784640002,10,Typeb,Toyota,Food
2026-01-01 11:00:00,6.824472241768382,2.12236937295228,0.3109939197880486,0,0,10,0,1.1329772784640002,10,Typeb,Toyota,Food
2026-01-01 12:00:00,6.824472241768382,2.079653333018271,0.30473467534822646,0,0,10,0,1.1329772784640002,10,Typeb,Toyota,Food
2026-01-01 13:00:00,0.0,0.0,0.0,1,1,10,100,1.1329772784640002,10,Typeb,Toyota,Food
2026-01-01 14:00:00,8.901485532741368,4.049695074159653,0.45494598168632633,0,0,10,0,1.1329772784640002,10,Typeb,Toyota,Food
2026-01-01 15:00:00,8.901485532741368,2.507738149562835,0.2817213082399442,0,0,10,0,1.1329772784640002,10,Typeb,Toyota,Food
2026-01-01 16:00:00,8.901485532741368,2.703696374407984,0.30373541185493935,0,0,10,0,1.1329772784640002,10,Typeb,Toyota,Food
2026-01-01 17:00:00,8.901485532741368,2.664172002046844,0.2992952122707506,0,0,10,0,1.1329772784640002,10,Typeb,Toyota,Food
2026-01-01 18:00:00,8.901485532741368,2.680584601336053,0.30113901679403393,0,0,10,0,1.1329772784640002,10,Typeb,Toyota,Food
2026-01-01 19:00:00,0.0,0.0,0.0,1,1,10,100,1.1329772784640002,10,Typeb,Toyota,Food
2026-01-01 20:00:00,0.0,0.0,0.0,1,1,10,100,1.1329772784640002,10,Typeb,Toyota,Food
2026-01-01 21:00:00,0.0,0.0,0.0,1,1,10,100,1.1329772784640002,10,Typeb,Toyota,Food
2026-01-01 22:00:00,0.0,0.0,0.0,1,1,10,100,1.1329772784640002,10,Typeb,Toyota,Food
2026-01-01 23:00:00,0.0,0.0,0.0,1,1,10,100,1.1329772784640002,10,Typeb,Toyota,Food
2026-01-02 00:00:00,0.0,0.0,0.0,1,1,10,100,1.1329772784640002,10,Typeb,Toyota,Food
2026-01-02 01:00:00,0.0,0.0,0.0,1,1,10,100,1.1329772784640002,10,Typeb,Toyota,Food
2026-01-02 02:00:00,0.0,0.0,0.0,1,1,10,100,1.1329772784640002,10,Typeb,Toyota,Food
2026-01-02 03:00:00,0.0,0.0,0.0,1,1,10,100,1.1329772784640002,10,Typeb,Toyota,Food
2026-01-02 04:00:00,0.0,0.0,0.0,1,1,10,100,1.1329772784640002,10,Typeb,Toyota,Food
2026-01-02 05:00:00,7.039750534427268,3.904706876768878,0.5546655180000001,0,0,10,0,1.23259004,10,Typeb,Toyota,Food
2026-01-02 06:00:00,7.039750534427268,3.426373093972424,0.4867179706462685,0,0,10,0,1.23259004,10,Typeb,Toyota,Food
2026-01-02 07:00:00,7.039750534427268,0.867712639281973,0.123259004,0,0,10,0,1.23259004,10,Typeb,Toyota,Food
2026-01-02 08:00:00,7.039750534427268,1.888263328459625,0.26822872759840605,0,0,10,0,1.23259004,10,Typeb,Toyota,Food
2026-01-02 09:00:00,7.039750534427268,0.911987459605782,0.12954826384057064,0,0,10,0,1.23259004,10,Typeb,Toyota,Food
2026-01-02 10:00:00,7.039750534427268,3.680405916864384,0.5228034571488988,0,0,10,0,1.23259004,10,Typeb,Toyota,Food
2026-01-02 11:00:00,7.039750534427268,3.904706876768878,0.5546655180000001,0,0,10,0,1.23259004,10,Typeb,Toyota,Food
2026-01-02 12:00:00,0.0,0.0,0.0,1,1,10,100,1.23259004,10,Typeb,Toyota,Food
2026-01-02 13:00:00,8.213042290165147,4.555491356230358,0.5546655180000001,0,0,10,0,1.23259004,10,Typeb,Toyota,Food
2026-01-02 14:00:00,8.213042290165147,2.2415327362430815,0.2729235595106146,0,0,10,0,1.23259004,10,Typeb,Toyota,Food
2026-01-02 15:00:00,8.213042290165147,2.3362515105414103,0.28445628647730165,0,0,10,0,1.23259004,10,Typeb,Toyota,Food
2026-01-02 16:00:00,8.213042290165147,2.3018599216073303,0.2802688504798926,0,0,10,0,1.23259004,10,Typeb,Toyota,Food
2026-01-02 17:00:00,8.213042290165147,2.471070735143869,0.30087154647954223,0,0,10,0,1.23259004,10,Typeb,Toyota,Food
2026-01-02 18:00:00,8.213042290165147,1.3997119446066568,0.17042551288001606,0,0,10,0,1.23259004,10,Typeb,Toyota,Food
2026-01-02 19:00:00,0.0,0.0,0.0,1,1,10,100,1.23259004,10,Typeb,Toyota,Food
2026-01-02 20:00:00,0.0,0.0,0.0,1,1,10,100,1.23259004,10,Typeb,Toyota,Food
2026-01-02 21:00:00,0.0,0.0,0.0,1,1,10,100,1.23259004,10,Typeb,Toyota,Food
2026-01-02 22:00:00,0.0,0.0,0.0,1,1,10,100,1.23259004,10,Typeb,Toyota,Food
2026-01-02 23:00:00,0.0,0.0,0.0,1,1,10,100,1.23259004,10,Typeb,Toyota,Food
2026-01-03 00:00:00,0.0,0.0,0.0,1,1,10,100,1.23259004,10,Typeb,Toyota,Food
2026-01-03 01:00:00,0.0,0.0,0.0,1,1,10,100,1.23259004,10,Typeb,Toyota,Food
2026-01-03 02:00:00,0.0,0.0,0.0,1,1,10,100,1.23259004,10,Typeb,Toyota,Food
2026-01-03 03:00:00,0.0,0.0,0.0,1,1,10,100,1.23259004,10,Typeb,Toyota,Food
2026-01-03 04:00:00,0.0,0.0,0.0,1,1,10,100,1.23259004,10,Typeb,Toyota,Food
2026-01-03 05:00:00,0.0,0.0,0.0,1,1,10,100,1.23259004,10,Typeb,Toyota,Food
2026-01-03 06:00:00,0.0,0.0,0.0,1,1,10,100,1.23259004,10,Typeb,Toyota,Food
2026-01-03 07:00:00,0.0,0.0,0.0,1,1,10,100,1.23259004,10,Typeb,Toyota,Food
2026-01-03 08:00:00,0.0,0.0,0.0,1,1,10,100,1.23259004,10,Typeb,Toyota,Food
2026-01-03 09:00:00,0.0,0.0,0.0,1,1,10,100,1.23259004,10,Typeb,Toyota,Food
2026-01-03 10:00:00,15.0,5.285579871216416,0.3523719914144277,0,0,10,0,1.209049010004,10,Typeb,Toyota,Food
2026-01-03 11:00:00,15.0,2.5385123307364177,0.16923415538242784,0,0,10,0,1.209049010004,10,Typeb,Toyota,Food
2026-01-03 12:00:00,0.0,0.0,0.0,1,1,10,100,1.209049010004,10,Typeb,Toyota,Food
2026-01-03 13:00:00,4.8,1.5903536880888836,0.3313236850185174,0,0,10,0,1.209049010004,10,Typeb,Toyota,Food
2026-01-03 14:00:00,4.8,2.147325018428868,0.4473593788393475,0,0,10,0,1.209049010004,10,Typeb,Toyota,Food
2026-01-03 15:00:00,4.8,1.8035416955885668,0.3757378532476181,0,0,10,0,1.209049010004,10,Typeb,Toyota,Food
2026-01-03 16:00:00,4.8,2.61154586160864,0.5440720545018,0,0,10,0,1.209049010004,10,Typeb,Toyota,Food
2026-01-03 17:00:00,4.8,2.034797732307316,0.4239161942306908,0,0,10,0,1.209049010004,10,Typeb,Toyota,Food
2026-01-03 18:00:00,4.8,0.6227253889126709,0.1297344560234731,0,0,10,0,1.209049010004,10,Typeb,Toyota,Food
2026-01-03 19:00:00,0.0,0.0,0.0,1,1,10,100,1.209049010004,10,Typeb,Toyota,Food
2026-01-03 20:00:00,0.0,0.0,0.0,1,1,10,100,1.209049010004,10,Typeb,Toyota,Food
2026-01-03 21:00:00,0.0,0.0,0.0,1,1,10,100,1.209049010004,10,Typeb,Toyota,Food
2026-01-03 22:00:00,0.0,0.0,0.0,1,1,10,100,1.209049010004,10,Typeb,Toyota,Food
2026-01-03 23:00:00,0.0,0.0,0.0,1,1,10,100,1.209049010004,10,Typeb,Toyota,Food
2026-01-04 00:00:00,0.0,0.0,0.0,1,1,10,100,1.209049010004,10,Typeb,Toyota,Food
2026-01-04 01:00:00,0.0,0.0,0.0,1,1,10,100,1.209049010004,10,Typeb,Toyota,Food
2026-01-04 02:00:00,0.0,0.0,0.0,1,1,10,100,1.209049010004,10,Typeb,Toyota,Food
2026-01-04 03:00:00,0.0,0.0,0.0,1,1,10,100,1.209049010004,10,Typeb,Toyota,Food
2026-01-04 04:00:00,0.0,0.0,0.0,1,1,10,100,1.209049010004,10,Typeb,Toyota,Food
2026-01-04 05:00:00,0.0,0.0,0.0,1,1,10,100,1.209049010004,10,Typeb,Toyota,Food
2026-01-04 06:00:00,0.0,0.0,0.0,1,1,10,100,1.209049010004,10,Typeb,Toyota,Food
2026-01-04 07:00:00,0.0,0.0,0.0,1,1,10,100,1.209049010004,10,Typeb,Toyota,Food
2026-01-04 08:00:00,0.0,0.0,0.0,1,1,10,100,1.209049010004,10,Typeb,Toyota,Food
2026-01-04 09:00:00,8.571428571428571,1.1185972735714287,0.13050301525000002,0,0,10,0,1.3050301525,10,Typeb,Toyota,Food
2026-01-04 10:00:00,8.571428571428571,5.033687731071429,0.5872635686250001,0,0,10,0,1.3050301525,10,Typeb,Toyota,Food
2026-01-04 11:00:00,8.571428571428571,1.1185972735714287,0.13050301525000002,0,0,10,0,1.3050301525,10,Typeb,Toyota,Food
2026-01-04 12:00:00,0.0,0.0,0.0,1,1,10,100,1.3050301525,10,Typeb,Toyota,Food
2026-01-04 13:00:00,5.0,2.4808321114037644,0.4961664222807529,0,0,10,0,1.3050301525,10,Typeb,Toyota,Food
2026-01-04 14:00:00,5.0,0.65251507625,0.13050301525000002,0,0,10,0,1.3050301525,10,Typeb,Toyota,Food
2026-01-04 15:00:00,5.0,2.9363178431250003,0.5872635686250001,0,0,10,0,1.3050301525,10,Typeb,Toyota,Food
2026-01-04 16:00:00,5.0,2.8688970374719065,0.5737794074943814,0,0,10,0,1.3050301525,10,Typeb,Toyota,Food
2026-01-04 17:00:00,5.0,1.4070474053532185,0.2814094810706437,0,0,10,0,1.3050301525,10,Typeb,Toyota,Food
2026-01-04 18:00:00,5.0,1.806569182335219,0.36131383646704385,0,0,10,0,1.3050301525,10,Typeb,Toyota,Food
2026-01-04 19:00:00,0.0,0.0,0.0,1,1,10,100,1.3050301525,10,Typeb,Toyota,Food
2026-01-04 20:00:00,0.0,0.0,0.0,1,1,10,100,1.3050301525,10,Typeb,Toyota,Food
2026-01-04 21:00:00,0.0,0.0,0.0,1,1,10,100,1.3050301525,10,Typeb,Toyota,Food
2026-01-04 22:00:00,0.0,0.0,0.0,1,1,10,100,1.3050301525,10,Typeb,Toyota,Food
2026-01-04 23:00:00,0.0,0.0,0.0,1,1,10,100,1.3050301525,10,Typeb,Toyota,Food
2026-01-05 00:00:00,0.0,0.0,0.0,1,1,10,100,1.3050301525,10,Typeb,Toyota,Food
2026-01-05 01:00:00,0.0,0.0,0.0,1,1,10,100,1.3050301525,10,Typeb,Toyota,Food
2026-01-05 02:00:00,0.0,0.0,0.0,1,1,10,100,1.3050301525,10,Typeb,Toyota,Food
2026-01-05 03:00:00,0.0,0.0,0.0,1,1,10,100,1.3050301525,10,Typeb,Toyota,Food
2026-01-05 04:00:00,0.0,0.0,0.0,1,1,10,100,1.3050301525,10,Typeb,Toyota,Food
2026-01-05 05:00:00,0.0,0.0,0.0,1,1,10,100,1.3050301525,10,Typeb,Toyota,Food
2026-01-05 06:00:00,0.0,0.0,0.0,1,1,10,100,1.3050301525,10,Typeb,Toyota,Food
2026-01-05 07:00:00,6.632029598678609,1.4410014898476324,0.2172791101738664,0,0,10,0,1.226197579604,10,Typeb,Toyota,Food
2026-01-05 08:00:00,6.632029598678609,0.8132178641761799,0.12261975796040002,0,0,10,0,1.226197579604,10,Typeb,Toyota,Food
2026-01-05 09:00:00,6.632029598678609,2.871355705502784,0.4329527880989681,0,0,10,0,1.226197579604,10,Typeb,Toyota,Food
2026-01-05 10:00:00,6.632029598678609,3.062215377551692,0.4617312591852453,0,0,10,0,1.226197579604,10,Typeb,Toyota,Food
2026-01-05 11:00:00,6.632029598678609,2.091400014004803,0.31534841376786094,0,0,10,0,1.226197579604,10,Typeb,Toyota,Food
2026-01-05 12:00:00,0.0,0.0,0.0,1,1,10,100,1.226197579604,10,Typeb,Toyota,Food
2026-01-05 13:00:00,6.632029598678609,3.6594803887928093,0.5517889108218,0,0,10,0,1.226197579604,10,Typeb,Toyota,Food
2026-01-05 14:00:00,6.632029598678609,3.6594803887928093,0.5517889108218,0,0,10,0,1.226197579604,10,Typeb,Toyota,Food
2026-01-05 15:00:00,6.632029598678609,3.6594803887928093,0.5517889108218,0,0,10,0,1.226197579604,10,Typeb,Toyota,Food
2026-01-05 16:00:00,6.632029598678609,2.2407534638193907,0.33786843536793726,0,0,10,0,1.226197579604,10,Typeb,Toyota,Food
2026-01-05 17:00:00,6.632029598678609,2.0024252536862357,0.3019324965143712,0,0,10,0,1.226197579604,10,Typeb,Toyota,Food
2026-01-05 18:00:00,0.0,0.0,0.0,1,1,10,100,1.226197579604,10,Typeb,Toyota,Food
2026-01-05 19:00:00,0.0,0.0,0.0,1,1,10,100,1.226197579604,10,Typeb,Toyota,Food
2026-01-05 20:00:00,0.0,0.0,0.0,1,1,10,100,1.226197579604,10,Typeb,Toyota,Food
2026-01-05 21:00:00,0.0,0.0,0.0,1,1,10,100,1.226197579604,10,Typeb,Toyota,Food
2026-01-05 22:00:00,0.0,0.0,0.0,1,1,10,100,1.226197579604,10,Typeb,Toyota,Food
2026-01-05 23:00:00,0.0,0.0,0.0,1,1,10,100,1.226197579604,10,Typeb,Toyota,Food
2026-01-06 00:00:00,0.0,0.0,0.0,1,1,10,100,1.226197579604,10,Typeb,Toyota,Food
2026-01-06 01:00:00,0.0,0.0,0.0,1,1,10,100,1.226197579604,10,Typeb,Toyota,Food
2026-01-06 02:00:00,0.0,0.0,0.0,1,1,10,100,1.226197579604,10,Typeb,Toyota,Food
2026-01-06 03:00:00,0.0,0.0,0.0,1,1,10,100,1.226197579604,10,Typeb,Toyota,Food
2026-01-06 04:00:00,0.0,0.0,0.0,1,1,10,100,1.226197579604,10,Typeb,Toyota,Food
2026-01-06 05:00:00,0.0,0.0,0.0,1,1,10,100,1.226197579604,10,Typeb,Toyota,Food
2026-01-06 06:00:00,8.492065741281886,2.4761079581789995,0.2915789907445098,0,0,10,0,1.3306301459840002,10,Typeb,Toyota,Food
2026-01-06 07:00:00,8.492065741281886,1.2819132065406018,0.15095422546117684,0,0,10,0,1.3306301459840002,10,Typeb,Toyota,Food
2026-01-06 08:00:00,8.492065741281886,4.93564142761032,0.5812062197796033,0,0,10,0,1.3306301459840002,10,Typeb,Toyota,Food
2026-01-06 09:00:00,8.492065741281886,3.6743488928131396,0.4326802223104897,0,0,10,0,1.3306301459840002,10,Typeb,Toyota,Food
2026-01-06 10:00:00,8.492065741281886,1.8404647835325791,0.21672757131231996,0,0,10,0,1.3306301459840002,10,Typeb,Toyota,Food
2026-01-06 11:00:00,8.492065741281886,1.1299798677027644,0.13306301459840003,0,0,10,0,1.3306301459840002,10,Typeb,Toyota,Food
2026-01-06 12:00:00,0.0,0.0,0.0,1,1,10,100,1.3306301459840002,10,Typeb,Toyota,Food
2026-01-06 13:00:00,0.0,0.0,0.0,1,1,10,100,1.3306301459840002,10,Typeb,Toyota,Food
2026-01-06 14:00:00,7.278913492527331,2.2011174720762123,0.30239643242579,0,0,10,0,1.3306301459840002,10,Typeb,Toyota,Food
2026-01-06 15:00:00,7.278913492527331,3.197426823932625,0.43927254077344974,0,0,10,0,1.3306301459840002,10,Typeb,Toyota,Food
2026-01-06 16:00:00,7.278913492527331,1.4330148809513814,0.19687208570654688,0,0,10,0,1.3306301459840002,10,Typeb,Toyota,Food
2026-01-06 17:00:00,7.278913492527331,3.4847230787569266,0.47874220271121626,0,0,10,0,1.3306301459840002,10,Typeb,Toyota,Food
2026-01-06 18:00:00,7.278913492527331,1.6245049325825702,0.22317959050486277,0,0,10,0,1.3306301459840002,10,Typeb,Toyota,Food
2026-01-06 19:00:00,7.278913492527331,4.358493775424948,0.5987835656928001,0,0,10,0,1.3306301459840002,10,Typeb,Toyota,Food
2026-01-06 20:00:00,7.278913492527331,4.139531164734548,0.5687017944346046,0,0,10,0,1.3306301459840002,10,Typeb,Toyota,Food
2026-01-06 21:00:00,0.0,0.0,0.0,1,1,10,100,1.3306301459840002,10,Typeb,Toyota,Food
2026-01-06 22:00:00,0.0,0.0,0.0,1,1,10,100,1.3306301459840002,10,Typeb,Toyota,Food
2026-01-06 23:00:00,0.0,0.0,0.0,1,1,10,100,1.3306301459840002,10,Typeb,Toyota,Food
2026-01-07 00:00:00,0.0,0.0,0.0,1,1,10,100,1.3306301459840002,10,Typeb,Toyota,Food
2026-01-07 01:00:00,0.0,0.0,0.0,1,1,10,100,1.3306301459840002,10,Typeb,Toyota,Food
2026-01-07 02:00:00,0.0,0.0,0.0,1,1,10,100,1.3306301459840002,10,Typeb,Toyota,Food
2026-01-07 03:00:00,0.0,0.0,0.0,1,1,10,100,1.3306301459840002,10,Typeb,Toyota,Food
2026-01-07 04:00:00,0.0,0.0,0.0,1,1,10,100,1.3306301459840002,10,Typeb,Toyota,Food
2026-01-07 05:00:00,6.824049545681756,1.9605874687931388,0.2873055735701383,0,0,10,0,1.282756305344,10,Typeb,Toyota,Food
2026-01-07 06:00:00,6.824049545681756,2.1164386701084363,0.3101440949308046,0,0,10,0,1.282756305344,10,Typeb,Toyota,Food
2026-01-07 07:00:00,6.824049545681756,2.5738930716220985,0.37717971629482855,0,0,10,0,1.282756305344,10,Typeb,Toyota,Food
2026-01-07 08:00:00,6.824049545681756,1.3247999152425873,0.19413691333482735,0,0,10,0,1.282756305344,10,Typeb,Toyota,Food
2026-01-07 09:00:00,6.824049545681756,1.6860142240018088,0.24706945820296908,0,0,10,0,1.282756305344,10,Typeb,Toyota,Food
2026-01-07 10:00:00,6.824049545681756,2.123818836357329,0.3112255885805046,0,0,10,0,1.282756305344,10,Typeb,Toyota,Food
2026-01-07 11:00:00,6.824049545681756,2.4891256600727574,0.36475785285701373,0,0,10,0,1.282756305344,10,Typeb,Toyota,Food
2026-01-07 12:00:00,0.0,0.0,0.0,1,1,10,100,1.282756305344,10,Typeb,Toyota,Food
2026-01-07 13:00:00,6.824049545681756,1.2716811485874255,0.18635285984875982,0,0,10,0,1.282756305344,10,Typeb,Toyota,Food
2026-01-07 14:00:00,6.824049545681756,3.9391166622164095,0.5772403374048001,0,0,10,0,1.282756305344,10,Typeb,Toyota,Food
2026-01-07 15:00:00,6.824049545681756,1.9485088646912434,0.28553556823517723,0,0,10,0,1.282756305344,10,Typeb,Toyota,Food
2026-01-07 16:00:00,6.824049545681756,1.0494429963110536,0.15378595792510605,0,0,10,0,1.282756305344,10,Typeb,Toyota,Food
2026-01-07 17:00:00,6.824049545681756,2.782738035890693,0.4077839730298564,0,0,10,0,1.282756305344,10,Typeb,Toyota,Food
2026-01-07 18:00:00,6.824049545681756,0.8753592582703132,0.12827563053440003,0,0,10,0,1.282756305344,10,Typeb,Toyota,Food
2026-01-07 19:00:00,6.824049545681756,3.9391166622164095,0.5772403374048001,0,0,10,0,1.282756305344,10,Typeb,Toyota,Food
2026-01-07 20:00:00,0.0,0.0,0.0,1,1,10,100,1.282756305344,10,Typeb,Toyota,Food
2026-01-07 21:00:00,0.0,0.0,0.0,1,1,10,100,1.282756305344,10,Typeb,Toyota,Food
2026-01-07 22:00:00,0.0,0.0,0.0,1,1,10,100,1.282756305344,10,Typeb,Toyota,Food
2026-01-07 23:00:00,0.0,0.0,0.0,1,1,10,100,1.282756305344,10,Typeb,Toyota,Food
2026-01-08 00:00:00,0.0,0.0,0.0,1,1,10,100,1.282756305344,10,Typeb,Toyota,Food
2026-01-08 01:00:00,0.0,0.0,0.0,1,1,10,100,1.282756305344,10,Typeb,Toyota,Food
2026-01-08 02:00:00,0.0,0.0,0.0,1,1,10,100,1.282756305344,10,Typeb,Toyota,Food
2026-01-08 03:00:00,0.0,0.0,0.0,1,1,10,100,1.282756305344,10,Typeb,Toyota,Food
2026-01-08 04:00:00,0.0,0.0,0.0,1,1,10,100,1.282756305344,10,Typeb,Toyota,Food
2026-01-08 05:00:00,0.0,0.0,0.0,1,1,10,100,1.282756305344,10,Typeb,Toyota,Food
2026-01-08 06:00:00,4.615384615384615,1.9077187478668922,0.41333906203782667,0,0,10,0,1.176585222144,10,Typeb,Toyota,Food
2026-01-08 07:00:00,4.615384615384615,0.6648118790434775,0.14404257379275348,0,0,10,0,1.176585222144,10,Typeb,Toyota,Food
2026-01-08 08:00:00,4.615384615384615,1.2712932993014565,0.2754468815153156,0,0,10,0,1.176585222144,10,Typeb,Toyota,Food
2026-01-08 09:00:00,4.615384615384615,2.002199727188482,0.43380994089083774,0,0,10,0,1.176585222144,10,Typeb,Toyota,Food
2026-01-08 10:00:00,4.615384615384615,1.0275026924548059,0.22262558336520796,0,0,10,0,1.176585222144,10,Typeb,Toyota,Food
2026-01-08 11:00:00,4.615384615384615,1.0314696518832973,0.2234850912413811,0,0,10,0,1.176585222144,10,Typeb,Toyota,Food
2026-01-08 12:00:00,0.0,0.0,0.0,1,1,10,100,1.176585222144,10,Typeb,Toyota,Food
2026-01-08 13:00:00,0.0,0.0,0.0,1,1,10,100,1.176585222144,10,Typeb,Toyota,Food
2026-01-08 14:00:00,7.5,1.2332024671704298,0.16442699562272395,0,0,10,0,1.176585222144,10,Typeb,Toyota,Food
2026-01-08 15:00:00,7.5,1.6039917657638343,0.21386556876851123,0,0,10,0,1.176585222144,10,Typeb,Toyota,Food
2026-01-08 16:00:00,7.5,2.4266812219051292,0.3235574962540172,0,0,10,0,1.176585222144,10,Typeb,Toyota,Food
2026-01-08 17:00:00,7.5,3.6479251311663545,0.4863900174888473,0,0,10,0,1.176585222144,10,Typeb,Toyota,Food
2026-01-08 18:00:00,0.0,0.0,0.0,1,1,10,100,1.176585222144,10,Typeb,Toyota,Food
2026-01-08 19:00:00,0.0,0.0,0.0,1,1,10,100,1.176585222144,10,Typeb,Toyota,Food
2026-01-08 20:00:00,0.0,0.0,0.0,1,1,10,100,1.176585222144,10,Typeb,Toyota,Food
2026-01-08 21:00:00,0.0,0.0,0.0,1,1,10,100,1.176585222144,10,Typeb,Toyota,Food
2026-01-08 22:00:00,0.0,0.0,0.0,1,1,10,100,1.176585222144,10,Typeb,Toyota,Food
2026-01-08 23:00:00,0.0,0.0,0.0,1,1,10,100,1.176585222144,10,Typeb,Toyota,Food
2026-01-09 00:00:00,0.0,0.0,0.0,1,1,10,100,1.176585222144,10,Typeb,Toyota,Food
2026-01-09 01:00:00,0.0,0.0,0.0,1,1,10,100,1.176585222144,10,Typeb,Toyota,Food
2026-01-09 02:00:00,0.0,0.0,0.0,1,1,10,100,1.176585222144,10,Typeb,Toyota,Food
2026-01-09 03:00:00,0.0,0.0,0.0,1,1,10,100,1.176585222144,10,Typeb,Toyota,Food
2026-01-09 04:00:00,0.0,0.0,0.0,1,1,10,100,1.176585222144,10,Typeb,Toyota,Food
2026-01-09 05:00:00,0.0,0.0,0.0,1,1,10,100,1.176585222144,10,Typeb,Toyota,Food
2026-01-09 06:00:00,7.335400519331439,2.599923417333171,0.3544351000986832,0,0,10,0,1.137342385344,10,Typeb,Toyota,Food
2026-01-09 07:00:00,7.335400519331439,2.7536136393579946,0.3753869515510741,0,0,10,0,1.137342385344,10,Typeb,Toyota,Food
2026-01-09 08:00:00,7.335400519331439,3.584471961200582,0.4886538849179672,0,0,10,0,1.137342385344,10,Typeb,Toyota,Food
2026-01-09 09:00:00,7.335400519331439,3.754287865849516,0.5118040734047999,0,0,10,0,1.137342385344,10,Typeb,Toyota,Food
2026-01-09 10:00:00,7.335400519331439,1.8606080827567713,0.25364778349231165,0,0,10,0,1.137342385344,10,Typeb,Toyota,Food
2026-01-09 11:00:00,7.335400519331439,0.8342861924110035,0.1137342385344,0,0,10,0,1.137342385344,10,Typeb,Toyota,Food
2026-01-09 12:00:00,0.0,0.0,0.0,1,1,10,100,1.137342385344,10,Typeb,Toyota,Food
2026-01-09 13:00:00,0.0,0.0,0.0,1,1,10,100,1.137342385344,10,Typeb,Toyota,Food
2026-01-09 14:00:00,8.73261966587076,2.624598253649349,0.3005510779207445,0,0,10,0,1.137342385344,10,Typeb,Toyota,Food
2026-01-09 15:00:00,8.73261966587076,0.9931978481083374,0.1137342385344,0,0,10,0,1.137342385344,10,Typeb,Toyota,Food
2026-01-09 16:00:00,8.73261966587076,4.375969268583212,0.5011061326403099,0,0,10,0,1.137342385344,10,Typeb,Toyota,Food
2026-01-09 17:00:00,8.73261966587076,2.178989549063959,0.2495230105554682,0,0,10,0,1.137342385344,10,Typeb,Toyota,Food
2026-01-09 18:00:00,8.73261966587076,2.4887497867928423,0.28499463872444747,0,0,10,0,1.137342385344,10,Typeb,Toyota,Food
2026-01-09 19:00:00,0.0,0.0,0.0,1,1,10,100,1.137342385344,10,Typeb,Toyota,Food
2026-01-09 20:00:00,0.0,0.0,0.0,1,1,10,100,1.137342385344,10,Typeb,Toyota,Food
2026-01-09 21:00:00,0.0,0.0,0.0,1,1,10,100,1.137342385344,10,Typeb,Toyota,Food
2026-01-09 22:00:00,0.0,0.0,0.0,1,1,10,100,1.137342385344,10,Typeb,Toyota,Food
2026-01-09 23:00:00,0.0,0.0,0.0,1,1,10,100,1.137342385344,10,Typeb,Toyota,Food
2026-01-10 00:00:00,0.0,0.0,0.0,1,1,10,100,1.137342385344,10,Typeb,Toyota,Food
2026-01-10 01:00:00,0.0,0.0,0.0,1,1,10,100,1.137342385344,10,Typeb,Toyota,Food
2026-01-10 02:00:00,0.0,0.0,0.0,1,1,10,100,1.137342385344,10,Typeb,Toyota,Food
2026-01-10 03:00:00,0.0,0.0,0.0,1,1,10,100,1.137342385344,10,Typeb,Toyota,Food
2026-01-10 04:00:00,0.0,0.0,0.0,1,1,10,100,1.137342385344,10,Typeb,Toyota,Food
2026-01-10 05:00:00,0.0,0.0,0.0,1,1,10,100,1.137342385344,10,Typeb,Toyota,Food
2026-01-10 06:00:00,0.0,0.0,0.0,1,1,10,100,1.137342385344,10,Typeb,Toyota,Food
2026-01-10 07:00:00,0.0,0.0,0.0,1,1,10,100,1.137342385344,10,Typeb,Toyota,Food
2026-01-10 08:00:00,0.0,0.0,0.0,1,1,10,100,1.137342385344,10,Typeb,Toyota,Food
2026-01-10 09:00:00,0.0,0.0,0.0,1,1,10,100,1.137342385344,10,Typeb,Toyota,Food
2026-01-10 10:00:00,0.0,0.0,0.0,1,1,10,100,1.137342385344,10,Typeb,Toyota,Food
2026-01-10 11:00:00,17.142857142857142,4.226745326695872,0.24656014405725926,0,0,10,0,1.18961004,10,Typeb,Toyota,Food
2026-01-10 12:00:00,17.142857142857142,8.296331799931725,0.4839526883293507,0,0,10,0,1.18961004,10,Typeb,Toyota,Food
2026-01-10 13:00:00,4.615384615384615,1.0696488327947857,0.23175724710553694,0,0,10,0,1.18961004,10,Typeb,Toyota,Food
2026-01-10 14:00:00,4.615384615384615,1.84276668354879,0.39926611476890456,0,0,10,0,1.18961004,10,Typeb,Toyota,Food
2026-01-10 15:00:00,4.615384615384615,1.4456183583803843,0.3132173109824166,0,0,10,0,1.18961004,10,Typeb,Toyota,Food
2026-01-10 16:00:00,4.615384615384615,0.8383493917574429,0.18164236821411264,0,0,10,0,1.18961004,10,Typeb,Toyota,Food
2026-01-10 17:00:00,4.615384615384615,1.4445464439974853,0.3129850628661218,0,0,10,0,1.18961004,10,Typeb,Toyota,Food
2026-01-10 18:00:00,4.615384615384615,1.4901957870795792,0.32287575386724215,0,0,10,0,1.18961004,10,Typeb,Toyota,Food
2026-01-10 19:00:00,4.615384615384615,2.0404213933180624,0.4420913018855802,0,0,10,0,1.18961004,10,Typeb,Toyota,Food
2026-01-10 20:00:00,0.0,0.0,0.0,1,1,10,100,1.18961004,10,Typeb,Toyota,Food
2026-01-10 21:00:00,0.0,0.0,0.0,1,1,10,100,1.18961004,10,Typeb,Toyota,Food
2026-01-10 22:00:00,0.0,0.0,0.0,1,1,10,100,1.18961004,10,Typeb,Toyota,Food
2026-01-10 23:00:00,0.0,0.0,0.0,1,1,10,100,1.18961004,10,Typeb,Toyota,Food
2026-01-11 00:00:00,0.0,0.0,0.0,1,1,10,100,1.18961004,10,Typeb,Toyota,Food
2026-01-11 01:00:00,0.0,0.0,0.0,1,1,10,100,1.18961004,10,Typeb,Toyota,Food
2026-01-11 02:00:00,0.0,0.0,0.0,1,1,10,100,1.18961004,10,Typeb,Toyota,Food
2026-01-11 03:00:00,0.0,0.0,0.0,1,1,10,100,1.18961004,10,Typeb,Toyota,Food
2026-01-11 04:00:00,0.0,0.0,0.0,1,1,10,100,1.18961004,10,Typeb,Toyota,Food
2026-01-11 05:00:00,0.0,0.0,0.0,1,1,10,100,1.18961004,10,Typeb,Toyota,Food
2026-01-11 06:00:00,0.0,0.0,0.0,1,1,10,100,1.18961004,10,Typeb,Toyota,Food
2026-01-11 07:00:00,0.0,0.0,0.0,1,1,10,100,1.18961004,10,Typeb,Toyota,Food
2026-01-11 08:00:00,0.0,0.0,0.0,1,1,10,100,1.18961004,10,Typeb,Toyota,Food
2026-01-11 09:00:00,0.0,0.0,0.0,1,1,10,100,1.18961004,10,Typeb,Toyota,Food
2026-01-11 10:00:00,14.954935700146507,5.370569480505698,0.35911685534382376,0,0,10,0,1.122069513044,10,Typeb,Toyota,Food
2026-01-11 11:00:00,14.954935700146507,1.9819081379822234,0.13252535334958396,0,0,10,0,1.122069513044,10,Typeb,Toyota,Food
2026-01-11 12:00:00,14.954935700146507,1.6780477418667723,0.1122069513044,0,0,10,0,1.122069513044,10,Typeb,Toyota,Food
2026-01-11 13:00:00,6.231223208394378,0.7037949249211385,0.1129465116853819,0,0,10,0,1.122069513044,10,Typeb,Toyota,Food
2026-01-11 14:00:00,6.231223208394378,1.2454677212435736,0.19987531815033438,0,0,10,0,1.122069513044,10,Typeb,Toyota,Food
2026-01-11 15:00:00,6.231223208394378,1.7646289098600292,0.2831914137633223,0,0,10,0,1.122069513044,10,Typeb,Toyota,Food
2026-01-11 16:00:00,6.231223208394378,2.950744225590264,0.47354173119896836,0,0,10,0,1.122069513044,10,Typeb,Toyota,Food
2026-01-11 17:00:00,6.231223208394378,0.6991865591111551,0.1122069513044,0,0,10,0,1.122069513044,10,Typeb,Toyota,Food
2026-01-11 18:00:00,6.231223208394378,0.905595809425597,0.14533194834131855,0,0,10,0,1.122069513044,10,Typeb,Toyota,Food
2026-01-11 19:00:00,0.0,0.0,0.0,1,1,10,100,1.122069513044,10,Typeb,Toyota,Food
2026-01-11 20:00:00,0.0,0.0,0.0,1,1,10,100,1.122069513044,10,Typeb,Toyota,Food
2026-01-11 21:00:00,0.0,0.0,0.0,1,1,10,100,1.122069513044,10,Typeb,Toyota,Food
2026-01-11 22:00:00,0.0,0.0,0.0,1,1,10,100,1.122069513044,10,Typeb,Toyota,Food
2026-01-11 23:00:00,0.0,0.0,0.0,1,1,10,100,1.122069513044,10,Typeb,Toyota,Food
2026-01-12 00:00:00,0.0,0.0,0.0,1,1,10,100,1.122069513044,10,Typeb,Toyota,Food
2026-01-12 01:00:00,0.0,0.0,0.0,1,1,10,100,1.122069513044,10,Typeb,Toyota,Food
2026-01-12 02:00:00,0.0,0.0,0.0,1,1,10,100,1.122069513044,10,Typeb,Toyota,Food
2026-01-12 03:00:00,0.0,0.0,0.0,1,1,10,100,1.122069513044,10,Typeb,Toyota,Food
2026-01-12 04:00:00,0.0,0.0,0.0,1,1,10,100,1.122069513044,10,Typeb,Toyota,Food
2026-01-12 05:00:00,0.0,0.0,0.0,1,1,10,100,1.122069513044,10,Typeb,Toyota,Food
2026-01-12 06:00:00,0.0,0.0,0.0,1,1,10,100,1.122069513044,10,Typeb,Toyota,Food
2026-01-12 07:00:00,0.0,0.0,0.0,1,1,10,100,1.122069513044,10,Typeb,Toyota,Food
2026-01-12 08:00:00,6.666666666666667,1.3279590934942576,0.1991938640241386,0,0,10,0,1.119889326784,10,Typeb,Toyota,Food
2026-01-12 09:00:00,6.666666666666667,1.7326163126918666,0.25989244690378,0,0,10,0,1.119889326784,10,Typeb,Toyota,Food
2026-01-12 10:00:00,6.666666666666667,0.7465928845226667,0.1119889326784,0,0,10,0,1.119889326784,10,Typeb,Toyota,Food
2026-01-12 11:00:00,6.666666666666667,2.237926459877381,0.33568896898160716,0,0,10,0,1.119889326784,10,Typeb,Toyota,Food
2026-01-12 12:00:00,6.666666666666667,1.5301993261616287,0.22952989892424433,0,0,10,0,1.119889326784,10,Typeb,Toyota,Food
2026-01-12 13:00:00,4.285714285714286,1.4817014933432016,0.34573034844674705,0,0,10,0,1.119889326784,10,Typeb,Toyota,Food
2026-01-12 14:00:00,4.285714285714286,1.6855544556545614,0.393296039652731,0,0,10,0,1.119889326784,10,Typeb,Toyota,Food
2026-01-12 15:00:00,4.285714285714286,1.9170486477517439,0.4473113511420736,0,0,10,0,1.119889326784,10,Typeb,Toyota,Food
2026-01-12 16:00:00,4.285714285714286,0.4799525686217143,0.1119889326784,0,0,10,0,1.119889326784,10,Typeb,Toyota,Food
2026-01-12 17:00:00,4.285714285714286,0.8837852754723192,0.20621656427687451,0,0,10,0,1.119889326784,10,Typeb,Toyota,Food
2026-01-12 18:00:00,4.285714285714286,1.622636024995352,0.3786150724989154,0,0,10,0,1.119889326784,10,Typeb,Toyota,Food
2026-01-12 19:00:00,4.285714285714286,0.4799525686217143,0.1119889326784,0,0,10,0,1.119889326784,10,Typeb,Toyota,Food
2026-01-12 20:00:00,0.0,0.0,0.0,1,1,10,100,1.119889326784,10,Typeb,Toyota,Food
2026-01-12 21:00:00,0.0,0.0,0.0,1,1,10,100,1.119889326784,10,Typeb,Toyota,Food
2026-01-12 22:00:00,0.0,0.0,0.0,1,1,10,100,1.119889326784,10,Typeb,Toyota,Food
2026-01-12 23:00:00,0.0,0.0,0.0,1,1,10,100,1.119889326784,10,Typeb,Toyota,Food
2026-01-13 00:00:00,0.0,0.0,0.0,1,1,10,100,1.119889326784,10,Typeb,Toyota,Food
2026-01-13 01:00:00,0.0,0.0,0.0,1,1,10,100,1.119889326784,10,Typeb,Toyota,Food
2026-01-13 02:00:00,0.0,0.0,0.0,1,1,10,100,1.119889326784,10,Typeb,Toyota,Food
2026-01-13 03:00:00,0.0,0.0,0.0,1,1,10,100,1.119889326784,10,Typeb,Toyota,Food
2026-01-13 04:00:00,0.0,0.0,0.0,1,1,10,100,1.119889326784,10,Typeb,Toyota,Food
2026-01-13 05:00:00,5.7950769189883315,2.931802477645992,0.505912608,0,0,10,0,1.12425024,10,Typeb,Toyota,Food
2026-01-13 06:00:00,5.7950769189883315,1.5064357133826087,0.2599509436098379,0,0,10,0,1.12425024,10,Typeb,Toyota,Food
2026-01-13 07:00:00,5.7950769189883315,2.6836526014166204,0.4630917999765076,0,0,10,0,1.12425024,10,Typeb,Toyota,Food
2026-01-13 08:00:00,5.7950769189883315,1.8916754583641184,0.3264280155049875,0,0,10,0,1.12425024,10,Typeb,Toyota,Food
2026-01-13 09:00:00,5.7950769189883315,2.4426762051004034,0.4215088495368635,0,0,10,0,1.12425024,10,Typeb,Toyota,Food
2026-01-13 10:00:00,5.7950769189883315,1.5235586031996482,0.262905673988124,0,0,10,0,1.12425024,10,Typeb,Toyota,Food
2026-01-13 11:00:00,5.7950769189883315,0.6515116616991093,0.11242502400000001,0,0,10,0,1.12425024,10,Typeb,Toyota,Food
2026-01-13 12:00:00,0.0,0.0,0.0,1,1,10,100,1.12425024,10,Typeb,Toyota,Food
2026-01-13 13:00:00,6.4159780174513665,0.9389229804065141,0.14634136492560562,0,0,10,0,1.12425024,10,Typeb,Toyota,Food
2026-01-13 14:00:00,6.4159780174513665,1.8478064046551284,0.2880007380993392,0,0,10,0,1.12425024,10,Typeb,Toyota,Food
2026-01-13 15:00:00,6.4159780174513665,0.9262834739340416,0.1443713602843657,0,0,10,0,1.12425024,10,Typeb,Toyota,Food
2026-01-13 16:00:00,6.4159780174513665,1.4040160955664513,0.2188311885962745,0,0,10,0,1.12425024,10,Typeb,Toyota,Food
2026-01-13 17:00:00,6.4159780174513665,0.7213164825954423,0.11242502400000001,0,0,10,0,1.12425024,10,Typeb,Toyota,Food
2026-01-13 18:00:00,6.4159780174513665,0.7213164825954423,0.11242502400000001,0,0,10,0,1.12425024,10,Typeb,Toyota,Food
2026-01-13 19:00:00,6.4159780174513665,2.0582408386318,0.32079923482178635,0,0,10,0,1.12425024,10,Typeb,Toyota,Food
2026-01-13 20:00:00,0.0,0.0,0.0,1,1,10,100,1.12425024,10,Typeb,Toyota,Food
2026-01-13 21:00:00,0.0,0.0,0.0,1,1,10,100,1.12425024,10,Typeb,Toyota,Food
2026-01-13 22:00:00,0.0,0.0,0.0,1,1,10,100,1.12425024,10,Typeb,Toyota,Food
2026-01-13 23:00:00,0.0,0.0,0.0,1,1,10,100,1.12425024,10,Typeb,Toyota,Food
2026-01-14 00:00:00,0.0,0.0,0.0,1,1,10,100,1.12425024,10,Typeb,Toyota,Food
2026-01-14 01:00:00,0.0,0.0,0.0,1,1,10,100,1.12425024,10,Typeb,Toyota,Food
2026-01-14 02:00:00,0.0,0.0,0.0,1,1,10,100,1.12425024,10,Typeb,Toyota,Food
2026-01-14 03:00:00,0.0,0.0,0.0,1,1,10,100,1.12425024,10,Typeb,Toyota,Food
2026-01-14 04:00:00,0.0,0.0,0.0,1,1,10,100,1.12425024,10,Typeb,Toyota,Food
2026-01-14 05:00:00,0.0,0.0,0.0,1,1,10,100,1.12425024,10,Typeb,Toyota,Food
2026-01-14 06:00:00,5.634178544030278,0.6211540990329781,0.11024750000000001,0,0,10,0,1.102475,10,Typeb,Toyota,Food
2026-01-14 07:00:00,5.634178544030278,1.0743016379187882,0.19067582426138588,0,0,10,0,1.102475,10,Typeb,Toyota,Food
2026-01-14 08:00:00,5.634178544030278,1.8022557686739478,0.3198790657040035,0,0,10,0,1.102475,10,Typeb,Toyota,Food
2026-01-14 09:00:00,5.634178544030278,1.728474364171188,0.30678373975255036,0,0,10,0,1.102475,10,Typeb,Toyota,Food
2026-01-14 10:00:00,5.634178544030278,1.3523602891175746,0.24002794347908527,0,0,10,0,1.102475,10,Typeb,Toyota,Food
2026-01-14 11:00:00,5.634178544030278,2.145415811109509,0.38078591126344324,0,0,10,0,1.102475,10,Typeb,Toyota,Food
2026-01-14 12:00:00,5.634178544030278,2.2838927652703562,0.4053639314803515,0,0,10,0,1.102475,10,Typeb,Toyota,Food
2026-01-14 13:00:00,0.0,0.0,0.0,1,1,10,100,1.102475,10,Typeb,Toyota,Food
2026-01-14 14:00:00,7.243943842324644,1.0267040981540985,0.14173275228271512,0,0,10,0,1.102475,10,Typeb,Toyota,Food
2026-01-14 15:00:00,7.243943842324644,1.6885918547668253,0.23310394054972983,0,0,10,0,1.102475,10,Typeb,Toyota,Food
2026-01-14 16:00:00,7.243943842324644,3.5938201444050883,0.4961137500000001,0,0,10,0,1.102475,10,Typeb,Toyota,Food
2026-01-14 17:00:00,7.243943842324644,1.4221403785716507,0.19632128706774643,0,0,10,0,1.102475,10,Typeb,Toyota,Food
2026-01-14 18:00:00,7.243943842324644,2.716548719477175,0.3750096326817205,0,0,10,0,1.102475,10,Typeb,Toyota,Food
2026-01-14 19:00:00,0.0,0.0,0.0,1,1,10,100,1.102475,10,Typeb,Toyota,Food
2026-01-14 20:00:00,0.0,0.0,0.0,1,1,10,100,1.102475,10,Typeb,Toyota,Food
2026-01-14 21:00:00,0.0,0.0,0.0,1,1,10,100,1.102475,10,Typeb,Toyota,Food
2026-01-14 22:00:00,0.0,0.0,0.0,1,1,10,100,1.102475,10,Typeb,Toyota,Food
2026-01-14 23:00:00,0.0,0.0,0.0,1,1,10,100,1.102475,10,Typeb,Toyota,Food
2026-01-01 00:00:00,0.0,0.0,0.0,1,1,11,100,1.0,11,Typeb,Toyota,Food
2026-01-01 01:00:00,0.0,0.0,0.0,1,1,11,100,1.0,11,Typeb,Toyota,Food
2026-01-01 02:00:00,0.0,0.0,0.0,1,1,11,100,1.0,11,Typeb,Toyota,Food
2026-01-01 03:00:00,0.0,0.0,0.0,1,1,11,100,1.0,11,Typeb,Toyota,Food
2026-01-01 04:00:00,0.0,0.0,0.0,1,1,11,100,1.0,11,Typeb,Toyota,Food
2026-01-01 05:00:00,0.0,0.0,0.0,1,1,11,100,1.0,11,Typeb,Toyota,Food
2026-01-01 06:00:00,5.126584412782885,2.6137366451148227,0.5098397753088001,0,0,11,0,1.1329772784640002,11,Typeb,Toyota,Food
2026-01-01 07:00:00,5.126584412782885,1.6591416526204108,0.3236349036764952,0,0,11,0,1.1329772784640002,11,Typeb,Toyota,Food
2026-01-01 08:00:00,5.126584412782885,1.5381842739403617,0.30004075815175796,0,0,11,0,1.1329772784640002,11,Typeb,Toyota,Food
2026-01-01 09:00:00,5.126584412782885,2.6137366451148227,0.5098397753088001,0,0,11,0,1.1329772784640002,11,Typeb,Toyota,Food
2026-01-01 10:00:00,5.126584412782885,0.5808303655810718,0.11329772784640002,0,0,11,0,1.1329772784640002,11,Typeb,Toyota,Food
2026-01-01 11:00:00,5.126584412782885,1.374008064172575,0.2680162762455552,0,0,11,0,1.1329772784640002,11,Typeb,Toyota,Food
2026-01-01 12:00:00,5.126584412782885,1.2721052126235248,0.24813893816935761,0,0,11,0,1.1329772784640002,11,Typeb,Toyota,Food
2026-01-01 13:00:00,5.52093705992003,2.644396731037547,0.478976069159508,0,0,11,0,1.1329772784640002,11,Typeb,Toyota,Food
2026-01-01 14:00:00,5.52093705992003,1.7213229900397051,0.31178094793651534,0,0,11,0,1.1329772784640002,11,Typeb,Toyota,Food
2026-01-01 15:00:00,5.52093705992003,2.8147933101236555,0.5098397753088001,0,0,11,0,1.1329772784640002,11,Typeb,Toyota,Food
2026-01-01 16:00:00,5.52093705992003,2.3689093090456512,0.42907739815457424,0,0,11,0,1.1329772784640002,11,Typeb,Toyota,Food
2026-01-01 17:00:00,5.52093705992003,1.2554706167535568,0.22740172603448267,0,0,11,0,1.1329772784640002,11,Typeb,Toyota,Food
2026-01-01 18:00:00,5.52093705992003,2.1947242209470765,0.39752748439752483,0,0,11,0,1.1329772784640002,11,Typeb,Toyota,Food
2026-01-01 19:00:00,5.52093705992003,0.6255096244719235,0.11329772784640002,0,0,11,0,1.1329772784640002,11,Typeb,Toyota,Food
2026-01-01 20:00:00,0.0,0.0,0.0,1,1,11,100,1.1329772784640002,11,Typeb,Toyota,Food
2026-01-01 21:00:00,0.0,0.0,0.0,1,1,11,100,1.1329772784640002,11,Typeb,Toyota,Food
2026-01-01 22:00:00,0.0,0.0,0.0,1,1,11,100,1.1329772784640002,11,Typeb,Toyota,Food
2026-01-01 23:00:00,0.0,0.0,0.0,1,1,11,100,1.1329772784640002,11,Typeb,Toyota,Food
2026-01-02 00:00:00,0.0,0.0,0.0,1,1,11,100,1.1329772784640002,11,Typeb,Toyota,Food
2026-01-02 01:00:00,0.0,0.0,0.0,1,1,11,100,1.1329772784640002,11,Typeb,Toyota,Food
2026-01-02 02:00:00,0.0,0.0,0.0,1,1,11,100,1.1329772784640002,11,Typeb,Toyota,Food
2026-01-02 03:00:00,0.0,0.0,0.0,1,1,11,100,1.1329772784640002,11,Typeb,Toyota,Food
2026-01-02 04:00:00,0.0,0.0,0.0,1,1,11,100,1.1329772784640002,11,Typeb,Toyota,Food
2026-01-02 05:00:00,5.368889207348629,2.5343397957785028,0.4720417385983013,0,0,11,0,1.23259004,11,Typeb,Toyota,Food
2026-01-02 06:00:00,5.368889207348629,1.4948512847746733,0.27842840987081763,0,0,11,0,1.23259004,11,Typeb,Toyota,Food
2026-01-02 07:00:00,5.368889207348629,2.5929404957014586,0.48295660341666014,0,0,11,0,1.23259004,11,Typeb,Toyota,Food
2026-01-02 08:00:00,5.368889207348629,0.6617639362841415,0.123259004,0,0,11,0,1.23259004,11,Typeb,Toyota,Food
2026-01-02 09:00:00,5.368889207348629,2.299243558797084,0.42825312089696516,0,0,11,0,1.23259004,11,Typeb,Toyota,Food
2026-01-02 10:00:00,5.368889207348629,1.4648140542215136,0.2728337273595737,0,0,11,0,1.23259004,11,Typeb,Toyota,Food
2026-01-02 11:00:00,5.368889207348629,0.9765417216507009,0.1818889688232095,0,0,11,0,1.23259004,11,Typeb,Toyota,Food
2026-01-02 12:00:00,0.0,0.0,0.0,1,1,11,100,1.23259004,11,Typeb,Toyota,Food
2026-01-02 13:00:00,5.1837550967504,1.3659091408251447,0.2634980077823136,0,0,11,0,1.23259004,11,Typeb,Toyota,Food
2026-01-02 14:00:00,5.1837550967504,1.0510562942396824,0.20275963555812465,0,0,11,0,1.23259004,11,Typeb,Toyota,Food
2026-01-02 15:00:00,5.1837550967504,0.7130758403168224,0.13755970855255803,0,0,11,0,1.23259004,11,Typeb,Toyota,Food
2026-01-02 16:00:00,5.1837550967504,0.6389444902053781,0.123259004,0,0,11,0,1.23259004,11,Typeb,Toyota,Food
2026-01-02 17:00:00,5.1837550967504,1.8132811729749334,0.34980070221906234,0,0,11,0,1.23259004,11,Typeb,Toyota,Food
2026-01-02 18:00:00,5.1837550967504,0.6389444902053781,0.123259004,0,0,11,0,1.23259004,11,Typeb,Toyota,Food
2026-01-02 19:00:00,5.1837550967504,1.0237211813806237,0.19748640942207618,0,0,11,0,1.23259004,11,Typeb,Toyota,Food
2026-01-02 20:00:00,0.0,0.0,0.0,1,1,11,100,1.23259004,11,Typeb,Toyota,Food
2026-01-02 21:00:00,0.0,0.0,0.0,1,1,11,100,1.23259004,11,Typeb,Toyota,Food
2026-01-02 22:00:00,0.0,0.0,0.0,1,1,11,100,1.23259004,11,Typeb,Toyota,Food
2026-01-02 23:00:00,0.0,0.0,0.0,1,1,11,100,1.23259004,11,Typeb,Toyota,Food
2026-01-03 00:00:00,0.0,0.0,0.0,1,1,11,100,1.23259004,11,Typeb,Toyota,Food
2026-01-03 01:00:00,0.0,0.0,0.0,1,1,11,100,1.23259004,11,Typeb,Toyota,Food
2026-01-03 02:00:00,0.0,0.0,0.0,1,1,11,100,1.23259004,11,Typeb,Toyota,Food
2026-01-03 03:00:00,0.0,0.0,0.0,1,1,11,100,1.23259004,11,Typeb,Toyota,Food
2026-01-03 04:00:00,0.0,0.0,0.0,1,1,11,100,1.23259004,11,Typeb,Toyota,Food
2026-01-03 05:00:00,0.0,0.0,0.0,1,1,11,100,1.23259004,11,Typeb,Toyota,Food
2026-01-03 06:00:00,0.0,0.0,0.0,1,1,11,100,1.23259004,11,Typeb,Toyota,Food
2026-01-03 07:00:00,0.0,0.0,0.0,1,1,11,100,1.23259004,11,Typeb,Toyota,Food
2026-01-03 08:00:00,6.0,3.044079985197201,0.5073466641995336,0,0,11,0,1.209049010004,11,Typeb,Toyota,Food
2026-01-03 09:00:00,6.0,2.6586445922073585,0.4431074320345597,0,0,11,0,1.209049010004,11,Typeb,Toyota,Food
2026-01-03 10:00:00,6.0,2.5415967348081288,0.4235994558013547,0,0,11,0,1.209049010004,11,Typeb,Toyota,Food
2026-01-03 11:00:00,6.0,1.5601067854189057,0.26001779756981763,0,0,11,0,1.209049010004,11,Typeb,Toyota,Food
2026-01-03 12:00:00,6.0,2.623596467224192,0.4372660778706986,0,0,11,0,1.209049010004,11,Typeb,Toyota,Food
2026-01-03 13:00:00,0.0,0.0,0.0,1,1,11,100,1.209049010004,11,Typeb,Toyota,Food
2026-01-03 14:00:00,5.0,2.3018565446376313,0.4603713089275262,0,0,11,0,1.209049010004,11,Typeb,Toyota,Food
2026-01-03 15:00:00,5.0,0.7259226180160405,0.1451845236032081,0,0,11,0,1.209049010004,11,Typeb,Toyota,Food
2026-01-03 16:00:00,5.0,2.7203602725089997,0.5440720545018,0,0,11,0,1.209049010004,11,Typeb,Toyota,Food
2026-01-03 17:00:00,5.0,2.7203602725089997,0.5440720545018,0,0,11,0,1.209049010004,11,Typeb,Toyota,Food
2026-01-03 18:00:00,5.0,0.7113398238711344,0.1422679647742269,0,0,11,0,1.209049010004,11,Typeb,Toyota,Food
2026-01-03 19:00:00,5.0,1.2572682179944905,0.2514536435988981,0,0,11,0,1.209049010004,11,Typeb,Toyota,Food
2026-01-03 20:00:00,0.0,0.0,0.0,1,1,11,100,1.209049010004,11,Typeb,Toyota,Food
2026-01-03 21:00:00,0.0,0.0,0.0,1,1,11,100,1.209049010004,11,Typeb,Toyota,Food
2026-01-03 22:00:00,0.0,0.0,0.0,1,1,11,100,1.209049010004,11,Typeb,Toyota,Food
2026-01-03 23:00:00,0.0,0.0,0.0,1,1,11,100,1.209049010004,11,Typeb,Toyota,Food
2026-01-04 00:00:00,0.0,0.0,0.0,1,1,11,100,1.209049010004,11,Typeb,Toyota,Food
2026-01-04 01:00:00,0.0,0.0,0.0,1,1,11,100,1.209049010004,11,Typeb,Toyota,Food
2026-01-04 02:00:00,0.0,0.0,0.0,1,1,11,100,1.209049010004,11,Typeb,Toyota,Food
2026-01-04 03:00:00,0.0,0.0,0.0,1,1,11,100,1.209049010004,11,Typeb,Toyota,Food
2026-01-04 04:00:00,0.0,0.0,0.0,1,1,11,100,1.209049010004,11,Typeb,Toyota,Food
2026-01-04 05:00:00,0.0,0.0,0.0,1,1,11,100,1.209049010004,11,Typeb,Toyota,Food
2026-01-04 06:00:00,0.0,0.0,0.0,1,1,11,100,1.209049010004,11,Typeb,Toyota,Food
2026-01-04 07:00:00,0.0,0.0,0.0,1,1,11,100,1.209049010004,11,Typeb,Toyota,Food
2026-01-04 08:00:00,0.0,0.0,0.0,1,1,11,100,1.209049010004,11,Typeb,Toyota,Food
2026-01-04 09:00:00,10.443983519218998,4.732951841163815,0.4531749626427738,0,0,11,0,1.3050301525,11,Typeb,Toyota,Food
2026-01-04 10:00:00,10.443983519218998,5.5057355441776945,0.5271681570586597,0,0,11,0,1.3050301525,11,Typeb,Toyota,Food
2026-01-04 11:00:00,10.443983519218998,3.6523451105925964,0.34970804998605737,0,0,11,0,1.3050301525,11,Typeb,Toyota,Food
2026-01-04 12:00:00,0.0,0.0,0.0,1,1,11,100,1.3050301525,11,Typeb,Toyota,Food
2026-01-04 13:00:00,6.646171330412089,0.8673453984868817,0.13050301525000002,0,0,11,0,1.3050301525,11,Typeb,Toyota,Food
2026-01-04 14:00:00,6.646171330412089,2.228271950183906,0.3352715179019835,0,0,11,0,1.3050301525,11,Typeb,Toyota,Food
2026-01-04 15:00:00,6.646171330412089,2.9610356744108945,0.44552502895336865,0,0,11,0,1.3050301525,11,Typeb,Toyota,Food
2026-01-04 16:00:00,6.646171330412089,3.6910266749042058,0.5553613488738256,0,0,11,0,1.3050301525,11,Typeb,Toyota,Food
2026-01-04 17:00:00,6.646171330412089,0.9874270846213424,0.14857081401181965,0,0,11,0,1.3050301525,11,Typeb,Toyota,Food
2026-01-04 18:00:00,6.646171330412089,1.461088155241994,0.21983907464982566,0,0,11,0,1.3050301525,11,Typeb,Toyota,Food
2026-01-04 19:00:00,0.0,0.0,0.0,1,1,11,100,1.3050301525,11,Typeb,Toyota,Food
2026-01-04 20:00:00,0.0,0.0,0.0,1,1,11,100,1.3050301525,11,Typeb,Toyota,Food
2026-01-04 21:00:00,0.0,0.0,0.0,1,1,11,100,1.3050301525,11,Typeb,Toyota,Food
2026-01-04 22:00:00,0.0,0.0,0.0,1,1,11,100,1.3050301525,11,Typeb,Toyota,Food
2026-01-04 23:00:00,0.0,0.0,0.0,1,1,11,100,1.3050301525,11,Typeb,Toyota,Food
2026-01-05 00:00:00,0.0,0.0,0.0,1,1,11,100,1.3050301525,11,Typeb,Toyota,Food
2026-01-05 01:00:00,0.0,0.0,0.0,1,1,11,100,1.3050301525,11,Typeb,Toyota,Food
2026-01-05 02:00:00,0.0,0.0,0.0,1,1,11,100,1.3050301525,11,Typeb,Toyota,Food
2026-01-05 03:00:00,0.0,0.0,0.0,1,1,11,100,1.3050301525,11,Typeb,Toyota,Food
2026-01-05 04:00:00,0.0,0.0,0.0,1,1,11,100,1.3050301525,11,Typeb,Toyota,Food
2026-01-05 05:00:00,0.0,0.0,0.0,1,1,11,100,1.3050301525,11,Typeb,Toyota,Food
2026-01-05 06:00:00,0.0,0.0,0.0,1,1,11,100,1.3050301525,11,Typeb,Toyota,Food
2026-01-05 07:00:00,5.454545454545454,1.3108062326419878,0.24031447598436448,0,0,11,0,1.226197579604,11,Typeb,Toyota,Food
2026-01-05 08:00:00,5.454545454545454,2.92941193568588,0.5370588548757448,0,0,11,0,1.226197579604,11,Typeb,Toyota,Food
2026-01-05 09:00:00,5.454545454545454,1.3595715635864283,0.24925478665751186,0,0,11,0,1.226197579604,11,Typeb,Toyota,Food
2026-01-05 10:00:00,5.454545454545454,1.9915087266713192,0.3651099332230752,0,0,11,0,1.226197579604,11,Typeb,Toyota,Food
2026-01-05 11:00:00,5.454545454545454,1.9605552968041522,0.3594351377474279,0,0,11,0,1.226197579604,11,Typeb,Toyota,Food
2026-01-05 12:00:00,0.0,0.0,0.0,1,1,11,100,1.226197579604,11,Typeb,Toyota,Food
2026-01-05 13:00:00,5.217391304347826,1.6494617216926182,0.3161468299910851,0,0,11,0,1.226197579604,11,Typeb,Toyota,Food
2026-01-05 14:00:00,5.217391304347826,1.3052950916779733,0.25018155923827823,0,0,11,0,1.226197579604,11,Typeb,Toyota,Food
2026-01-05 15:00:00,5.217391304347826,1.234620095743153,0.236635518350771,0,0,11,0,1.226197579604,11,Typeb,Toyota,Food
2026-01-05 16:00:00,5.217391304347826,1.2768792656122163,0.24473519257567483,0,0,11,0,1.226197579604,11,Typeb,Toyota,Food
2026-01-05 17:00:00,5.217391304347826,2.8788986651572177,0.5517889108218,0,0,11,0,1.226197579604,11,Typeb,Toyota,Food
2026-01-05 18:00:00,5.217391304347826,0.6397552589238261,0.12261975796040002,0,0,11,0,1.226197579604,11,Typeb,Toyota,Food
2026-01-05 19:00:00,0.0,0.0,0.0,1,1,11,100,1.226197579604,11,Typeb,Toyota,Food
2026-01-05 20:00:00,0.0,0.0,0.0,1,1,11,100,1.226197579604,11,Typeb,Toyota,Food
2026-01-05 21:00:00,0.0,0.0,0.0,1,1,11,100,1.226197579604,11,Typeb,Toyota,Food
2026-01-05 22:00:00,0.0,0.0,0.0,1,1,11,100,1.226197579604,11,Typeb,Toyota,Food
2026-01-05 23:00:00,0.0,0.0,0.0,1,1,11,100,1.226197579604,11,Typeb,Toyota,Food
2026-01-06 00:00:00,0.0,0.0,0.0,1,1,11,100,1.226197579604,11,Typeb,Toyota,Food
2026-01-06 01:00:00,0.0,0.0,0.0,1,1,11,100,1.226197579604,11,Typeb,Toyota,Food
2026-01-06 02:00:00,0.0,0.0,0.0,1,1,11,100,1.226197579604,11,Typeb,Toyota,Food
2026-01-06 03:00:00,0.0,0.0,0.0,1,1,11,100,1.226197579604,11,Typeb,Toyota,Food
2026-01-06 04:00:00,0.0,0.0,0.0,1,1,11,100,1.226197579604,11,Typeb,Toyota,Food
2026-01-06 05:00:00,0.0,0.0,0.0,1,1,11,100,1.226197579604,11,Typeb,Toyota,Food
2026-01-06 06:00:00,7.233295143635999,4.328110349720671,0.5983594286939377,0,0,11,0,1.3306301459840002,11,Typeb,Toyota,Food
2026-01-06 07:00:00,7.233295143635999,2.802279571674667,0.38741396777375664,0,0,11,0,1.3306301459840002,11,Typeb,Toyota,Food
2026-01-06 08:00:00,7.233295143635999,3.5684206309034825,0.4933326457780521,0,0,11,0,1.3306301459840002,11,Typeb,Toyota,Food
2026-01-06 09:00:00,7.233295143635999,1.8667922184476178,0.25808323611543205,0,0,11,0,1.3306301459840002,11,Typeb,Toyota,Food
2026-01-06 10:00:00,7.233295143635999,2.444617946522028,0.337967399086826,0,0,11,0,1.3306301459840002,11,Typeb,Toyota,Food
2026-01-06 11:00:00,7.233295143635999,2.837365352783698,0.39226456220026773,0,0,11,0,1.3306301459840002,11,Typeb,Toyota,Food
2026-01-06 12:00:00,0.0,0.0,0.0,1,1,11,100,1.3306301459840002,11,Typeb,Toyota,Food
2026-01-06 13:00:00,0.0,0.0,0.0,1,1,11,100,1.3306301459840002,11,Typeb,Toyota,Food
2026-01-06 14:00:00,7.89086742942109,4.72492173579794,0.5987835656928001,0,0,11,0,1.3306301459840002,11,Typeb,Toyota,Food
2026-01-06 15:00:00,7.89086742942109,3.841169990568936,0.486786785473944,0,0,11,0,1.3306301459840002,11,Typeb,Toyota,Food
2026-01-06 16:00:00,7.89086742942109,4.72492173579794,0.5987835656928001,0,0,11,0,1.3306301459840002,11,Typeb,Toyota,Food
2026-01-06 17:00:00,7.89086742942109,3.127482675217042,0.39634206292152707,0,0,11,0,1.3306301459840002,11,Typeb,Toyota,Food
2026-01-06 18:00:00,7.89086742942109,1.7067725970921355,0.21629720843217262,0,0,11,0,1.3306301459840002,11,Typeb,Toyota,Food
2026-01-06 19:00:00,0.0,0.0,0.0,1,1,11,100,1.3306301459840002,11,Typeb,Toyota,Food
2026-01-06 20:00:00,0.0,0.0,0.0,1,1,11,100,1.3306301459840002,11,Typeb,Toyota,Food
2026-01-06 21:00:00,0.0,0.0,0.0,1,1,11,100,1.3306301459840002,11,Typeb,Toyota,Food
2026-01-06 22:00:00,0.0,0.0,0.0,1,1,11,100,1.3306301459840002,11,Typeb,Toyota,Food
2026-01-06 23:00:00,0.0,0.0,0.0,1,1,11,100,1.3306301459840002,11,Typeb,Toyota,Food
2026-01-07 00:00:00,0.0,0.0,0.0,1,1,11,100,1.3306301459840002,11,Typeb,Toyota,Food
2026-01-07 01:00:00,0.0,0.0,0.0,1,1,11,100,1.3306301459840002,11,Typeb,Toyota,Food
2026-01-07 02:00:00,0.0,0.0,0.0,1,1,11,100,1.3306301459840002,11,Typeb,Toyota,Food
2026-01-07 03:00:00,0.0,0.0,0.0,1,1,11,100,1.3306301459840002,11,Typeb,Toyota,Food
2026-01-07 04:00:00,0.0,0.0,0.0,1,1,11,100,1.3306301459840002,11,Typeb,Toyota,Food
2026-01-07 05:00:00,4.444444444444445,1.3392396694028252,0.3013289256156356,0,0,11,0,1.282756305344,11,Typeb,Toyota,Food
2026-01-07 06:00:00,4.444444444444445,2.565512610688,0.5772403374048001,0,0,11,0,1.282756305344,11,Typeb,Toyota,Food
2026-01-07 07:00:00,4.444444444444445,0.5701139134862223,0.12827563053440003,0,0,11,0,1.282756305344,11,Typeb,Toyota,Food
2026-01-07 08:00:00,4.444444444444445,2.438879782726451,0.5487479511134513,0,0,11,0,1.282756305344,11,Typeb,Toyota,Food
2026-01-07 09:00:00,4.444444444444445,1.4707837924303988,0.33092635329683967,0,0,11,0,1.282756305344,11,Typeb,Toyota,Food
2026-01-07 10:00:00,4.444444444444445,2.164407090030403,0.48699159525684066,0,0,11,0,1.282756305344,11,Typeb,Toyota,Food
2026-01-07 11:00:00,4.444444444444445,1.0360193517419594,0.23310435414194083,0,0,11,0,1.282756305344,11,Typeb,Toyota,Food
2026-01-07 12:00:00,0.0,0.0,0.0,1,1,11,100,1.282756305344,11,Typeb,Toyota,Food
2026-01-07 13:00:00,0.0,0.0,0.0,1,1,11,100,1.282756305344,11,Typeb,Toyota,Food
2026-01-07 14:00:00,5.0,0.9959477040493616,0.1991895408098723,0,0,11,0,1.282756305344,11,Typeb,Toyota,Food
2026-01-07 15:00:00,5.0,2.886201687024,0.5772403374048001,0,0,11,0,1.282756305344,11,Typeb,Toyota,Food
2026-01-07 16:00:00,5.0,0.6578689500993755,0.1315737900198751,0,0,11,0,1.282756305344,11,Typeb,Toyota,Food
2026-01-07 17:00:00,5.0,1.780052240132919,0.3560104480265838,0,0,11,0,1.282756305344,11,Typeb,Toyota,Food
2026-01-07 18:00:00,5.0,0.7795990391497604,0.15591980782995207,0,0,11,0,1.282756305344,11,Typeb,Toyota,Food
2026-01-07 19:00:00,5.0,1.171286949786757,0.23425738995735138,0,0,11,0,1.282756305344,11,Typeb,Toyota,Food
2026-01-07 20:00:00,0.0,0.0,0.0,1,1,11,100,1.282756305344,11,Typeb,Toyota,Food
2026-01-07 21:00:00,0.0,0.0,0.0,1,1,11,100,1.282756305344,11,Typeb,Toyota,Food
2026-01-07 22:00:00,0.0,0.0,0.0,1,1,11,100,1.282756305344,11,Typeb,Toyota,Food
2026-01-07 23:00:00,0.0,0.0,0.0,1,1,11,100,1.282756305344,11,Typeb,Toyota,Food
2026-01-08 00:00:00,0.0,0.0,0.0,1,1,11,100,1.282756305344,11,Typeb,Toyota,Food
2026-01-08 01:00:00,0.0,0.0,0.0,1,1,11,100,1.282756305344,11,Typeb,Toyota,Food
2026-01-08 02:00:00,0.0,0.0,0.0,1,1,11,100,1.282756305344,11,Typeb,Toyota,Food
2026-01-08 03:00:00,0.0,0.0,0.0,1,1,11,100,1.282756305344,11,Typeb,Toyota,Food
2026-01-08 04:00:00,0.0,0.0,0.0,1,1,11,100,1.282756305344,11,Typeb,Toyota,Food
2026-01-08 05:00:00,0.0,0.0,0.0,1,1,11,100,1.282756305344,11,Typeb,Toyota,Food
2026-01-08 06:00:00,0.0,0.0,0.0,1,1,11,100,1.282756305344,11,Typeb,Toyota,Food
2026-01-08 07:00:00,0.0,0.0,0.0,1,1,11,100,1.282756305344,11,Typeb,Toyota,Food
2026-01-08 08:00:00,7.550262878942692,3.997587476999873,0.5294633499648,0,0,11,0,1.176585222144,11,Typeb,Toyota,Food
2026-01-08 09:00:00,7.550262878942692,2.197816689023877,0.29109141287695806,0,0,11,0,1.176585222144,11,Typeb,Toyota,Food
2026-01-08 10:00:00,7.550262878942692,3.687368734787152,0.48837620542604426,0,0,11,0,1.176585222144,11,Typeb,Toyota,Food
2026-01-08 11:00:00,7.550262878942692,1.882263553186261,0.24929775073604402,0,0,11,0,1.176585222144,11,Typeb,Toyota,Food
2026-01-08 12:00:00,0.0,0.0,0.0,1,1,11,100,1.176585222144,11,Typeb,Toyota,Food
2026-01-08 13:00:00,3.9848609638864207,1.063656011697691,0.26692424687769056,0,0,11,0,1.176585222144,11,Typeb,Toyota,Food
2026-01-08 14:00:00,3.9848609638864207,0.46885285224072587,0.11765852221440001,0,0,11,0,1.176585222144,11,Typeb,Toyota,Food
2026-01-08 15:00:00,3.9848609638864207,2.1098378350832663,0.5294633499648,0,0,11,0,1.176585222144,11,Typeb,Toyota,Food
2026-01-08 16:00:00,3.9848609638864207,2.1098378350832663,0.5294633499648,0,0,11,0,1.176585222144,11,Typeb,Toyota,Food
2026-01-08 17:00:00,3.9848609638864207,1.0313058166811424,0.25880597241097053,0,0,11,0,1.176585222144,11,Typeb,Toyota,Food
2026-01-08 18:00:00,3.9848609638864207,0.46885285224072587,0.11765852221440001,0,0,11,0,1.176585222144,11,Typeb,Toyota,Food
2026-01-08 19:00:00,3.9848609638864207,1.2909357583780952,0.32396005031981095,0,0,11,0,1.176585222144,11,Typeb,Toyota,Food
2026-01-08 20:00:00,3.9848609638864207,1.5369919006219603,0.38570778618156293,0,0,11,0,1.176585222144,11,Typeb,Toyota,Food
2026-01-08 21:00:00,3.9848609638864207,0.46885285224072587,0.11765852221440001,0,0,11,0,1.176585222144,11,Typeb,Toyota,Food
2026-01-08 22:00:00,0.0,0.0,0.0,1,1,11,100,1.176585222144,11,Typeb,Toyota,Food
2026-01-08 23:00:00,0.0,0.0,0.0,1,1,11,100,1.176585222144,11,Typeb,Toyota,Food
2026-01-09 00:00:00,0.0,0.0,0.0,1,1,11,100,1.176585222144,11,Typeb,Toyota,Food
2026-01-09 01:00:00,0.0,0.0,0.0,1,1,11,100,1.176585222144,11,Typeb,Toyota,Food
2026-01-09 02:00:00,0.0,0.0,0.0,1,1,11,100,1.176585222144,11,Typeb,Toyota,Food
2026-01-09 03:00:00,0.0,0.0,0.0,1,1,11,100,1.176585222144,11,Typeb,Toyota,Food
2026-01-09 04:00:00,0.0,0.0,0.0,1,1,11,100,1.176585222144,11,Typeb,Toyota,Food
2026-01-09 05:00:00,0.0,0.0,0.0,1,1,11,100,1.176585222144,11,Typeb,Toyota,Food
2026-01-09 06:00:00,0.0,0.0,0.0,1,1,11,100,1.176585222144,11,Typeb,Toyota,Food
2026-01-09 07:00:00,9.54001103100557,3.0022962892621323,0.31470574609447527,0,0,11,0,1.137342385344,11,Typeb,Toyota,Food
2026-01-09 08:00:00,9.54001103100557,4.7630212633885325,0.4992678989477524,0,0,11,0,1.137342385344,11,Typeb,Toyota,Food
2026-01-09 09:00:00,9.54001103100557,4.426249049193654,0.46396686909565377,0,0,11,0,1.137342385344,11,Typeb,Toyota,Food
2026-01-09 10:00:00,9.54001103100557,4.882616505995376,0.5118040734047999,0,0,11,0,1.137342385344,11,Typeb,Toyota,Food
2026-01-09 11:00:00,9.54001103100557,2.5967687186240394,0.27219766415200103,0,0,11,0,1.137342385344,11,Typeb,Toyota,Food
2026-01-09 12:00:00,0.0,0.0,0.0,1,1,11,100,1.137342385344,11,Typeb,Toyota,Food
2026-01-09 13:00:00,0.0,0.0,0.0,1,1,11,100,1.137342385344,11,Typeb,Toyota,Food
2026-01-09 14:00:00,7.066674837781903,0.8037228816453293,0.1137342385344,0,0,11,0,1.137342385344,11,Typeb,Toyota,Food
2026-01-09 15:00:00,7.066674837781903,0.8037228816453293,0.1137342385344,0,0,11,0,1.137342385344,11,Typeb,Toyota,Food
2026-01-09 16:00:00,7.066674837781903,2.466060439617183,0.3489704134159982,0,0,11,0,1.137342385344,11,Typeb,Toyota,Food
2026-01-09 17:00:00,7.066674837781903,1.7641449545976355,0.24964286529297383,0,0,11,0,1.137342385344,11,Typeb,Toyota,Food
2026-01-09 18:00:00,7.066674837781903,1.8467276435902504,0.261329081354747,0,0,11,0,1.137342385344,11,Typeb,Toyota,Food
2026-01-09 19:00:00,7.066674837781903,1.9766159730349164,0.2797094840796919,0,0,11,0,1.137342385344,11,Typeb,Toyota,Food
2026-01-09 20:00:00,0.0,0.0,0.0,1,1,11,100,1.137342385344,11,Typeb,Toyota,Food
2026-01-09 21:00:00,0.0,0.0,0.0,1,1,11,100,1.137342385344,11,Typeb,Toyota,Food
2026-01-09 22:00:00,0.0,0.0,0.0,1,1,11,100,1.137342385344,11,Typeb,Toyota,Food
2026-01-09 23:00:00,0.0,0.0,0.0,1,1,11,100,1.137342385344,11,Typeb,Toyota,Food
2026-01-10 00:00:00,0.0,0.0,0.0,1,1,11,100,1.137342385344,11,Typeb,Toyota,Food
2026-01-10 01:00:00,0.0,0.0,0.0,1,1,11,100,1.137342385344,11,Typeb,Toyota,Food
2026-01-10 02:00:00,0.0,0.0,0.0,1,1,11,100,1.137342385344,11,Typeb,Toyota,Food
2026-01-10 03:00:00,0.0,0.0,0.0,1,1,11,100,1.137342385344,11,Typeb,Toyota,Food
2026-01-10 04:00:00,0.0,0.0,0.0,1,1,11,100,1.137342385344,11,Typeb,Toyota,Food
2026-01-10 05:00:00,0.0,0.0,0.0,1,1,11,100,1.137342385344,11,Typeb,Toyota,Food
2026-01-10 06:00:00,0.0,0.0,0.0,1,1,11,100,1.137342385344,11,Typeb,Toyota,Food
2026-01-10 07:00:00,0.0,0.0,0.0,1,1,11,100,1.137342385344,11,Typeb,Toyota,Food
2026-01-10 08:00:00,0.0,0.0,0.0,1,1,11,100,1.137342385344,11,Typeb,Toyota,Food
2026-01-10 09:00:00,0.0,0.0,0.0,1,1,11,100,1.137342385344,11,Typeb,Toyota,Food
2026-01-10 10:00:00,10.909090909090908,1.2977564072727272,0.11896100400000001,0,0,11,0,1.18961004,11,Typeb,Toyota,Food
2026-01-10 11:00:00,10.909090909090908,2.8972364748918533,0.2655800101984199,0,0,11,0,1.18961004,11,Typeb,Toyota,Food
2026-01-10 12:00:00,10.909090909090908,1.2977564072727272,0.11896100400000001,0,0,11,0,1.18961004,11,Typeb,Toyota,Food
2026-01-10 13:00:00,4.615384615384615,0.5490507876923076,0.11896100400000001,0,0,11,0,1.18961004,11,Typeb,Toyota,Food
2026-01-10 14:00:00,4.615384615384615,2.119102232950451,0.4591388171392644,0,0,11,0,1.18961004,11,Typeb,Toyota,Food
2026-01-10 15:00:00,4.615384615384615,0.9667155868495388,0.2094550438174001,0,0,11,0,1.18961004,11,Typeb,Toyota,Food
2026-01-10 16:00:00,4.615384615384615,0.5490507876923076,0.11896100400000001,0,0,11,0,1.18961004,11,Typeb,Toyota,Food
2026-01-10 17:00:00,4.615384615384615,0.5991835501185536,0.12982310252568663,0,0,11,0,1.18961004,11,Typeb,Toyota,Food
2026-01-10 18:00:00,4.615384615384615,2.470728544615384,0.535324518,0,0,11,0,1.18961004,11,Typeb,Toyota,Food
2026-01-10 19:00:00,4.615384615384615,0.5490507876923076,0.11896100400000001,0,0,11,0,1.18961004,11,Typeb,Toyota,Food
2026-01-10 20:00:00,0.0,0.0,0.0,1,1,11,100,1.18961004,11,Typeb,Toyota,Food
2026-01-10 21:00:00,0.0,0.0,0.0,1,1,11,100,1.18961004,11,Typeb,Toyota,Food
2026-01-10 22:00:00,0.0,0.0,0.0,1,1,11,100,1.18961004,11,Typeb,Toyota,Food
2026-01-10 23:00:00,0.0,0.0,0.0,1,1,11,100,1.18961004,11,Typeb,Toyota,Food
2026-01-11 00:00:00,0.0,0.0,0.0,1,1,11,100,1.18961004,11,Typeb,Toyota,Food
2026-01-11 01:00:00,0.0,0.0,0.0,1,1,11,100,1.18961004,11,Typeb,Toyota,Food
2026-01-11 02:00:00,0.0,0.0,0.0,1,1,11,100,1.18961004,11,Typeb,Toyota,Food
2026-01-11 03:00:00,0.0,0.0,0.0,1,1,11,100,1.18961004,11,Typeb,Toyota,Food
2026-01-11 04:00:00,0.0,0.0,0.0,1,1,11,100,1.18961004,11,Typeb,Toyota,Food
2026-01-11 05:00:00,0.0,0.0,0.0,1,1,11,100,1.18961004,11,Typeb,Toyota,Food
2026-01-11 06:00:00,0.0,0.0,0.0,1,1,11,100,1.18961004,11,Typeb,Toyota,Food
2026-01-11 07:00:00,0.0,0.0,0.0,1,1,11,100,1.18961004,11,Typeb,Toyota,Food
2026-01-11 08:00:00,0.0,0.0,0.0,1,1,11,100,1.18961004,11,Typeb,Toyota,Food
2026-01-11 09:00:00,0.0,0.0,0.0,1,1,11,100,1.18961004,11,Typeb,Toyota,Food
2026-01-11 10:00:00,10.909090909090908,4.536282905758362,0.41582593302784987,0,0,11,0,1.122069513044,11,Typeb,Toyota,Food
2026-01-11 11:00:00,10.909090909090908,5.508341245852363,0.5049312808698,0,0,11,0,1.122069513044,11,Typeb,Toyota,Food
2026-01-11 12:00:00,10.909090909090908,5.508341245852363,0.5049312808698,0,0,11,0,1.122069513044,11,Typeb,Toyota,Food
2026-01-11 13:00:00,5.0,2.322443443477189,0.46448868869543786,0,0,11,0,1.122069513044,11,Typeb,Toyota,Food
2026-01-11 14:00:00,5.0,2.524656404349,0.5049312808698,0,0,11,0,1.122069513044,11,Typeb,Toyota,Food
2026-01-11 15:00:00,5.0,0.7248141222539666,0.14496282445079334,0,0,11,0,1.122069513044,11,Typeb,Toyota,Food
2026-01-11 16:00:00,5.0,0.561034756522,0.1122069513044,0,0,11,0,1.122069513044,11,Typeb,Toyota,Food
2026-01-11 17:00:00,5.0,1.403057651255166,0.2806115302510332,0,0,11,0,1.122069513044,11,Typeb,Toyota,Food
2026-01-11 18:00:00,5.0,2.2293513690728606,0.4458702738145721,0,0,11,0,1.122069513044,11,Typeb,Toyota,Food
2026-01-11 19:00:00,0.0,0.0,0.0,1,1,11,100,1.122069513044,11,Typeb,Toyota,Food
2026-01-11 20:00:00,0.0,0.0,0.0,1,1,11,100,1.122069513044,11,Typeb,Toyota,Food
2026-01-11 21:00:00,0.0,0.0,0.0,1,1,11,100,1.122069513044,11,Typeb,Toyota,Food
2026-01-11 22:00:00,0.0,0.0,0.0,1,1,11,100,1.122069513044,11,Typeb,Toyota,Food
2026-01-11 23:00:00,0.0,0.0,0.0,1,1,11,100,1.122069513044,11,Typeb,Toyota,Food
2026-01-12 00:00:00,0.0,0.0,0.0,1,1,11,100,1.122069513044,11,Typeb,Toyota,Food
2026-01-12 01:00:00,0.0,0.0,0.0,1,1,11,100,1.122069513044,11,Typeb,Toyota,Food
2026-01-12 02:00:00,0.0,0.0,0.0,1,1,11,100,1.122069513044,11,Typeb,Toyota,Food
2026-01-12 03:00:00,0.0,0.0,0.0,1,1,11,100,1.122069513044,11,Typeb,Toyota,Food
2026-01-12 04:00:00,0.0,0.0,0.0,1,1,11,100,1.122069513044,11,Typeb,Toyota,Food
2026-01-12 05:00:00,0.0,0.0,0.0,1,1,11,100,1.122069513044,11,Typeb,Toyota,Food
2026-01-12 06:00:00,0.0,0.0,0.0,1,1,11,100,1.122069513044,11,Typeb,Toyota,Food
2026-01-12 07:00:00,5.714285714285714,1.8912237397735332,0.3309641544603683,0,0,11,0,1.119889326784,11,Typeb,Toyota,Food
2026-01-12 08:00:00,5.714285714285714,0.644142083939142,0.11272486468934986,0,0,11,0,1.119889326784,11,Typeb,Toyota,Food
2026-01-12 09:00:00,5.714285714285714,1.6717993760524867,0.2925648908091852,0,0,11,0,1.119889326784,11,Typeb,Toyota,Food
2026-01-12 10:00:00,5.714285714285714,0.6399367581622858,0.1119889326784,0,0,11,0,1.119889326784,11,Typeb,Toyota,Food
2026-01-12 11:00:00,5.714285714285714,2.7510475720414087,0.48143332510724646,0,0,11,0,1.119889326784,11,Typeb,Toyota,Food
2026-01-12 12:00:00,0.0,0.0,0.0,1,1,11,100,1.119889326784,11,Typeb,Toyota,Food
2026-01-12 13:00:00,6.315789473684211,2.6770920590249285,0.42387290934561367,0,0,11,0,1.119889326784,11,Typeb,Toyota,Food
2026-01-12 14:00:00,6.315789473684211,1.7798376859017677,0.2818076336011132,0,0,11,0,1.119889326784,11,Typeb,Toyota,Food
2026-01-12 15:00:00,6.315789473684211,1.8053606248733032,0.2858487656049397,0,0,11,0,1.119889326784,11,Typeb,Toyota,Food
2026-01-12 16:00:00,6.315789473684211,1.690237856787422,0.2676209939913418,0,0,11,0,1.119889326784,11,Typeb,Toyota,Food
2026-01-12 17:00:00,6.315789473684211,2.9956998659575835,0.47431914544328413,0,0,11,0,1.119889326784,11,Typeb,Toyota,Food
2026-01-12 18:00:00,0.0,0.0,0.0,1,1,11,100,1.119889326784,11,Typeb,Toyota,Food
2026-01-12 19:00:00,0.0,0.0,0.0,1,1,11,100,1.119889326784,11,Typeb,Toyota,Food
2026-01-12 20:00:00,0.0,0.0,0.0,1,1,11,100,1.119889326784,11,Typeb,Toyota,Food
2026-01-12 21:00:00,0.0,0.0,0.0,1,1,11,100,1.119889326784,11,Typeb,Toyota,Food
2026-01-12 22:00:00,0.0,0.0,0.0,1,1,11,100,1.119889326784,11,Typeb,Toyota,Food
2026-01-12 23:00:00,0.0,0.0,0.0,1,1,11,100,1.119889326784,11,Typeb,Toyota,Food
2026-01-13 00:00:00,0.0,0.0,0.0,1,1,11,100,1.119889326784,11,Typeb,Toyota,Food
2026-01-13 01:00:00,0.0,0.0,0.0,1,1,11,100,1.119889326784,11,Typeb,Toyota,Food
2026-01-13 02:00:00,0.0,0.0,0.0,1,1,11,100,1.119889326784,11,Typeb,Toyota,Food
2026-01-13 03:00:00,0.0,0.0,0.0,1,1,11,100,1.119889326784,11,Typeb,Toyota,Food
2026-01-13 04:00:00,0.0,0.0,0.0,1,1,11,100,1.119889326784,11,Typeb,Toyota,Food
2026-01-13 05:00:00,0.0,0.0,0.0,1,1,11,100,1.119889326784,11,Typeb,Toyota,Food
2026-01-13 06:00:00,6.4675034563327065,2.702713115662058,0.41789125184242076,0,0,11,0,1.12425024,11,Typeb,Toyota,Food
2026-01-13 07:00:00,6.4675034563327065,2.910067927718934,0.4499522802526712,0,0,11,0,1.12425024,11,Typeb,Toyota,Food
2026-01-13 08:00:00,6.4675034563327065,0.7271092312982876,0.11242502400000001,0,0,11,0,1.12425024,11,Typeb,Toyota,Food
2026-01-13 09:00:00,6.4675034563327065,2.173201790272333,0.3360186515469776,0,0,11,0,1.12425024,11,Typeb,Toyota,Food
2026-01-13 10:00:00,6.4675034563327065,1.7905548540382765,0.27685410083314926,0,0,11,0,1.12425024,11,Typeb,Toyota,Food
2026-01-13 11:00:00,6.4675034563327065,0.9934581376737365,0.15360767015918392,0,0,11,0,1.12425024,11,Typeb,Toyota,Food
2026-01-13 12:00:00,0.0,0.0,0.0,1,1,11,100,1.12425024,11,Typeb,Toyota,Food
2026-01-13 13:00:00,5.509354796135268,1.4924902598352157,0.2709010973267098,0,0,11,0,1.12425024,11,Typeb,Toyota,Food
2026-01-13 14:00:00,5.509354796135268,2.287508479241874,0.41520442300185995,0,0,11,0,1.12425024,11,Typeb,Toyota,Food
2026-01-13 15:00:00,5.509354796135268,1.0191754956384445,0.1849899912696458,0,0,11,0,1.12425024,11,Typeb,Toyota,Food
2026-01-13 16:00:00,5.509354796135268,0.9569621086860595,0.1736976731571825,0,0,11,0,1.12425024,11,Typeb,Toyota,Food
2026-01-13 17:00:00,5.509354796135268,1.2687487434718066,0.23028989608035688,0,0,11,0,1.12425024,11,Typeb,Toyota,Food
2026-01-13 18:00:00,5.509354796135268,1.5271112092183494,0.27718512706598525,0,0,11,0,1.12425024,11,Typeb,Toyota,Food
2026-01-13 19:00:00,5.509354796135268,1.9758000540563865,0.35862639586079686,0,0,11,0,1.12425024,11,Typeb,Toyota,Food
2026-01-13 20:00:00,0.0,0.0,0.0,1,1,11,100,1.12425024,11,Typeb,Toyota,Food
2026-01-13 21:00:00,0.0,0.0,0.0,1,1,11,100,1.12425024,11,Typeb,Toyota,Food
2026-01-13 22:00:00,0.0,0.0,0.0,1,1,11,100,1.12425024,11,Typeb,Toyota,Food
2026-01-13 23:00:00,0.0,0.0,0.0,1,1,11,100,1.12425024,11,Typeb,Toyota,Food
2026-01-14 00:00:00,0.0,0.0,0.0,1,1,11,100,1.12425024,11,Typeb,Toyota,Food
2026-01-14 01:00:00,0.0,0.0,0.0,1,1,11,100,1.12425024,11,Typeb,Toyota,Food
2026-01-14 02:00:00,0.0,0.0,0.0,1,1,11,100,1.12425024,11,Typeb,Toyota,Food
2026-01-14 03:00:00,0.0,0.0,0.0,1,1,11,100,1.12425024,11,Typeb,Toyota,Food
2026-01-14 04:00:00,0.0,0.0,0.0,1,1,11,100,1.12425024,11,Typeb,Toyota,Food
2026-01-14 05:00:00,0.0,0.0,0.0,1,1,11,100,1.12425024,11,Typeb,Toyota,Food
2026-01-14 06:00:00,5.837750313378551,0.6435973776742019,0.11024750000000001,0,0,11,0,1.102475,11,Typeb,Toyota,Food
2026-01-14 07:00:00,5.837750313378551,2.8961881995339085,0.4961137500000001,0,0,11,0,1.102475,11,Typeb,Toyota,Food
2026-01-14 08:00:00,5.837750313378551,2.1571772093476844,0.3695220065174791,0,0,11,0,1.102475,11,Typeb,Toyota,Food
2026-01-14 09:00:00,5.837750313378551,0.8407963106476295,0.14402745330178834,0,0,11,0,1.102475,11,Typeb,Toyota,Food
2026-01-14 10:00:00,5.837750313378551,2.135630933793007,0.36583115398044963,0,0,11,0,1.102475,11,Typeb,Toyota,Food
2026-01-14 11:00:00,5.837750313378551,1.0315459369113162,0.17670264768729332,0,0,11,0,1.102475,11,Typeb,Toyota,Food
2026-01-14 12:00:00,0.0,0.0,0.0,1,1,11,100,1.102475,11,Typeb,Toyota,Food
2026-01-14 13:00:00,6.0809899097693245,2.0526145078383635,0.3375461130992449,0,0,11,0,1.102475,11,Typeb,Toyota,Food
2026-01-14 14:00:00,6.0809899097693245,1.3186037481937836,0.2168403118175546,0,0,11,0,1.102475,11,Typeb,Toyota,Food
2026-01-14 15:00:00,6.0809899097693245,1.3231167194145474,0.2175824559894293,0,0,11,0,1.102475,11,Typeb,Toyota,Food
2026-01-14 16:00:00,6.0809899097693245,1.982966677574429,0.32609274262874915,0,0,11,0,1.102475,11,Typeb,Toyota,Food
2026-01-14 17:00:00,6.0809899097693245,1.3137405459062566,0.21604057322898795,0,0,11,0,1.102475,11,Typeb,Toyota,Food
2026-01-14 18:00:00,6.0809899097693245,1.3678248264130244,0.22493456603431716,0,0,11,0,1.102475,11,Typeb,Toyota,Food
2026-01-14 19:00:00,0.0,0.0,0.0,1,1,11,100,1.102475,11,Typeb,Toyota,Food
2026-01-14 20:00:00,0.0,0.0,0.0,1,1,11,100,1.102475,11,Typeb,Toyota,Food
2026-01-14 21:00:00,0.0,0.0,0.0,1,1,11,100,1.102475,11,Typeb,Toyota,Food
2026-01-14 22:00:00,0.0,0.0,0.0,1,1,11,100,1.102475,11,Typeb,Toyota,Food
2026-01-14 23:00:00,0.0,0.0,0.0,1,1,11,100,1.102475,11,Typeb,Toyota,Food
2026-01-01 00:00:00,0.0,0.0,0.0,1,1,12,100,1.0,12,Typeb,Toyota,Food
2026-01-01 01:00:00,0.0,0.0,0.0,1,1,12,100,1.0,12,Typeb,Toyota,Food
2026-01-01 02:00:00,0.0,0.0,0.0,1,1,12,100,1.0,12,Typeb,Toyota,Food
2026-01-01 03:00:00,0.0,0.0,0.0,1,1,12,100,1.0,12,Typeb,Toyota,Food
2026-01-01 04:00:00,0.0,0.0,0.0,1,1,12,100,1.0,12,Typeb,Toyota,Food
2026-01-01 05:00:00,0.0,0.0,0.0,1,1,12,100,1.0,12,Typeb,Toyota,Food
2026-01-01 06:00:00,7.759826464018644,2.731528386358882,0.35200895265179466,0,0,12,0,1.1329772784640002,12,Typeb,Toyota,Food
2026-01-01 07:00:00,7.759826464018644,3.0979834419415764,0.3992335983680231,0,0,12,0,1.1329772784640002,12,Typeb,Toyota,Food
2026-01-01 08:00:00,7.759826464018644,3.956268180850546,0.5098397753088001,0,0,12,0,1.1329772784640002,12,Typeb,Toyota,Food
2026-01-01 09:00:00,7.759826464018644,2.459222933187195,0.3169172589864358,0,0,12,0,1.1329772784640002,12,Typeb,Toyota,Food
2026-01-01 10:00:00,7.759826464018644,3.956268180850546,0.5098397753088001,0,0,12,0,1.1329772784640002,12,Typeb,Toyota,Food
2026-01-01 11:00:00,7.759826464018644,3.2986727474824167,0.42509620064030484,0,0,12,0,1.1329772784640002,12,Typeb,Toyota,Food
2026-01-01 12:00:00,0.0,0.0,0.0,1,1,12,100,1.1329772784640002,12,Typeb,Toyota,Food
2026-01-01 13:00:00,9.607404193546893,4.282996631740898,0.4458016489633801,0,0,12,0,1.1329772784640002,12,Typeb,Toyota,Food
2026-01-01 14:00:00,9.607404193546893,2.554263095258314,0.26586401943762944,0,0,12,0,1.1329772784640002,12,Typeb,Toyota,Food
2026-01-01 15:00:00,9.607404193546893,3.123114374439711,0.3250736943635042,0,0,12,0,1.1329772784640002,12,Typeb,Toyota,Food
2026-01-01 16:00:00,9.607404193546893,1.8718266670037784,0.1948316766209387,0,0,12,0,1.1329772784640002,12,Typeb,Toyota,Food
2026-01-01 17:00:00,9.607404193546893,2.455652972048188,0.2556000478982244,0,0,12,0,1.1329772784640002,12,Typeb,Toyota,Food
2026-01-01 18:00:00,9.607404193546893,2.515106597044974,0.26178836097416647,0,0,12,0,1.1329772784640002,12,Typeb,Toyota,Food
2026-01-01 19:00:00,0.0,0.0,0.0,1,1,12,100,1.1329772784640002,12,Typeb,Toyota,Food
2026-01-01 20:00:00,0.0,0.0,0.0,1,1,12,100,1.1329772784640002,12,Typeb,Toyota,Food
2026-01-01 21:00:00,0.0,0.0,0.0,1,1,12,100,1.1329772784640002,12,Typeb,Toyota,Food
2026-01-01 22:00:00,0.0,0.0,0.0,1,1,12,100,1.1329772784640002,12,Typeb,Toyota,Food
2026-01-01 23:00:00,0.0,0.0,0.0,1,1,12,100,1.1329772784640002,12,Typeb,Toyota,Food
2026-01-02 00:00:00,0.0,0.0,0.0,1,1,12,100,1.1329772784640002,12,Typeb,Toyota,Food
2026-01-02 01:00:00,0.0,0.0,0.0,1,1,12,100,1.1329772784640002,12,Typeb,Toyota,Food
2026-01-02 02:00:00,0.0,0.0,0.0,1,1,12,100,1.1329772784640002,12,Typeb,Toyota,Food
2026-01-02 03:00:00,0.0,0.0,0.0,1,1,12,100,1.1329772784640002,12,Typeb,Toyota,Food
2026-01-02 04:00:00,0.0,0.0,0.0,1,1,12,100,1.1329772784640002,12,Typeb,Toyota,Food
2026-01-02 05:00:00,0.0,0.0,0.0,1,1,12,100,1.1329772784640002,12,Typeb,Toyota,Food
2026-01-02 06:00:00,0.0,0.0,0.0,1,1,12,100,1.1329772784640002,12,Typeb,Toyota,Food
2026-01-02 07:00:00,0.0,0.0,0.0,1,1,12,100,1.1329772784640002,12,Typeb,Toyota,Food
2026-01-02 08:00:00,7.0588235294117645,1.817233583071511,0.25744142426846406,0,0,12,0,1.23259004,12,Typeb,Toyota,Food
2026-01-02 09:00:00,7.0588235294117645,3.0591401650557386,0.433378190049563,0,0,12,0,1.23259004,12,Typeb,Toyota,Food
2026-01-02 10:00:00,7.0588235294117645,1.2937298353892828,0.18327839334681506,0,0,12,0,1.23259004,12,Typeb,Toyota,Food
2026-01-02 11:00:00,7.0588235294117645,3.628202032319305,0.5139952879119015,0,0,12,0,1.23259004,12,Typeb,Toyota,Food
2026-01-02 12:00:00,0.0,0.0,0.0,1,1,12,100,1.23259004,12,Typeb,Toyota,Food
2026-01-02 13:00:00,6.0,2.146916714622221,0.35781945243703683,0,0,12,0,1.23259004,12,Typeb,Toyota,Food
2026-01-02 14:00:00,6.0,0.7395540240000001,0.123259004,0,0,12,0,1.23259004,12,Typeb,Toyota,Food
2026-01-02 15:00:00,6.0,2.362525035147892,0.3937541725246486,0,0,12,0,1.23259004,12,Typeb,Toyota,Food
2026-01-02 16:00:00,6.0,1.7508626172703754,0.29181043621172925,0,0,12,0,1.23259004,12,Typeb,Toyota,Food
2026-01-02 17:00:00,6.0,1.7056093008284137,0.2842682168047356,0,0,12,0,1.23259004,12,Typeb,Toyota,Food
2026-01-02 18:00:00,0.0,0.0,0.0,1,1,12,100,1.23259004,12,Typeb,Toyota,Food
2026-01-02 19:00:00,0.0,0.0,0.0,1,1,12,100,1.23259004,12,Typeb,Toyota,Food
2026-01-02 20:00:00,0.0,0.0,0.0,1,1,12,100,1.23259004,12,Typeb,Toyota,Food
2026-01-02 21:00:00,0.0,0.0,0.0,1,1,12,100,1.23259004,12,Typeb,Toyota,Food
2026-01-02 22:00:00,0.0,0.0,0.0,1,1,12,100,1.23259004,12,Typeb,Toyota,Food
2026-01-02 23:00:00,0.0,0.0,0.0,1,1,12,100,1.23259004,12,Typeb,Toyota,Food
2026-01-03 00:00:00,0.0,0.0,0.0,1,1,12,100,1.23259004,12,Typeb,Toyota,Food
2026-01-03 01:00:00,0.0,0.0,0.0,1,1,12,100,1.23259004,12,Typeb,Toyota,Food
2026-01-03 02:00:00,0.0,0.0,0.0,1,1,12,100,1.23259004,12,Typeb,Toyota,Food
2026-01-03 03:00:00,0.0,0.0,0.0,1,1,12,100,1.23259004,12,Typeb,Toyota,Food
2026-01-03 04:00:00,0.0,0.0,0.0,1,1,12,100,1.23259004,12,Typeb,Toyota,Food
2026-01-03 05:00:00,0.0,0.0,0.0,1,1,12,100,1.23259004,12,Typeb,Toyota,Food
2026-01-03 06:00:00,0.0,0.0,0.0,1,1,12,100,1.23259004,12,Typeb,Toyota,Food
2026-01-03 07:00:00,0.0,0.0,0.0,1,1,12,100,1.23259004,12,Typeb,Toyota,Food
2026-01-03 08:00:00,0.0,0.0,0.0,1,1,12,100,1.23259004,12,Typeb,Toyota,Food
2026-01-03 09:00:00,0.0,0.0,0.0,1,1,12,100,1.23259004,12,Typeb,Toyota,Food
2026-01-03 10:00:00,13.333333333333334,5.051734237111267,0.378880067783345,0,0,12,0,1.209049010004,12,Typeb,Toyota,Food
2026-01-03 11:00:00,13.333333333333334,2.670325793669731,0.2002744345252298,0,0,12,0,1.209049010004,12,Typeb,Toyota,Food
2026-01-03 12:00:00,0.0,0.0,0.0,1,1,12,100,1.209049010004,12,Typeb,Toyota,Food
2026-01-03 13:00:00,5.0,1.758576421098688,0.35171528421973763,0,0,12,0,1.209049010004,12,Typeb,Toyota,Food
2026-01-03 14:00:00,5.0,0.7649508405284708,0.15299016810569416,0,0,12,0,1.209049010004,12,Typeb,Toyota,Food
2026-01-03 15:00:00,5.0,2.2640879712155493,0.4528175942431098,0,0,12,0,1.209049010004,12,Typeb,Toyota,Food
2026-01-03 16:00:00,5.0,2.4230370506529426,0.48460741013058856,0,0,12,0,1.209049010004,12,Typeb,Toyota,Food
2026-01-03 17:00:00,5.0,2.0179412984446388,0.40358825968892775,0,0,12,0,1.209049010004,12,Typeb,Toyota,Food
2026-01-03 18:00:00,5.0,2.102725454236058,0.42054509084721164,0,0,12,0,1.209049010004,12,Typeb,Toyota,Food
2026-01-03 19:00:00,0.0,0.0,0.0,1,1,12,100,1.209049010004,12,Typeb,Toyota,Food
2026-01-03 20:00:00,0.0,0.0,0.0,1,1,12,100,1.209049010004,12,Typeb,Toyota,Food
2026-01-03 21:00:00,0.0,0.0,0.0,1,1,12,100,1.209049010004,12,Typeb,Toyota,Food
2026-01-03 22:00:00,0.0,0.0,0.0,1,1,12,100,1.209049010004,12,Typeb,Toyota,Food
2026-01-03 23:00:00,0.0,0.0,0.0,1,1,12,100,1.209049010004,12,Typeb,Toyota,Food
2026-01-04 00:00:00,0.0,0.0,0.0,1,1,12,100,1.209049010004,12,Typeb,Toyota,Food
2026-01-04 01:00:00,0.0,0.0,0.0,1,1,12,100,1.209049010004,12,Typeb,Toyota,Food
2026-01-04 02:00:00,0.0,0.0,0.0,1,1,12,100,1.209049010004,12,Typeb,Toyota,Food
2026-01-04 03:00:00,0.0,0.0,0.0,1,1,12,100,1.209049010004,12,Typeb,Toyota,Food
2026-01-04 04:00:00,0.0,0.0,0.0,1,1,12,100,1.209049010004,12,Typeb,Toyota,Food
2026-01-04 05:00:00,0.0,0.0,0.0,1,1,12,100,1.209049010004,12,Typeb,Toyota,Food
2026-01-04 06:00:00,0.0,0.0,0.0,1,1,12,100,1.209049010004,12,Typeb,Toyota,Food
2026-01-04 07:00:00,0.0,0.0,0.0,1,1,12,100,1.209049010004,12,Typeb,Toyota,Food
2026-01-04 08:00:00,0.0,0.0,0.0,1,1,12,100,1.209049010004,12,Typeb,Toyota,Food
2026-01-04 09:00:00,0.0,0.0,0.0,1,1,12,100,1.209049010004,12,Typeb,Toyota,Food
2026-01-04 10:00:00,14.07120847037161,2.4214799037647383,0.17208755799925896,0,0,12,0,1.3050301525,12,Typeb,Toyota,Food
2026-01-04 11:00:00,14.07120847037161,3.7557299207863766,0.26690883932922005,0,0,12,0,1.3050301525,12,Typeb,Toyota,Food
2026-01-04 12:00:00,0.0,0.0,0.0,1,1,12,100,1.3050301525,12,Typeb,Toyota,Food
2026-01-04 13:00:00,5.863003529321504,1.7930003668386714,0.30581601356227844,0,0,12,0,1.3050301525,12,Typeb,Toyota,Food
2026-01-04 14:00:00,5.863003529321504,2.8420353684787782,0.48474051810909846,0,0,12,0,1.3050301525,12,Typeb,Toyota,Food
2026-01-04 15:00:00,5.863003529321504,3.1399869061500096,0.535559443286466,0,0,12,0,1.3050301525,12,Typeb,Toyota,Food
2026-01-04 16:00:00,5.863003529321504,0.7651396389978482,0.13050301525000002,0,0,12,0,1.3050301525,12,Typeb,Toyota,Food
2026-01-04 17:00:00,5.863003529321504,0.7798496016498597,0.13301196182975997,0,0,12,0,1.3050301525,12,Typeb,Toyota,Food
2026-01-04 18:00:00,5.863003529321504,2.8681007768416147,0.48918626135869403,0,0,12,0,1.3050301525,12,Typeb,Toyota,Food
2026-01-04 19:00:00,0.0,0.0,0.0,1,1,12,100,1.3050301525,12,Typeb,Toyota,Food
2026-01-04 20:00:00,0.0,0.0,0.0,1,1,12,100,1.3050301525,12,Typeb,Toyota,Food
2026-01-04 21:00:00,0.0,0.0,0.0,1,1,12,100,1.3050301525,12,Typeb,Toyota,Food
2026-01-04 22:00:00,0.0,0.0,0.0,1,1,12,100,1.3050301525,12,Typeb,Toyota,Food
2026-01-04 23:00:00,0.0,0.0,0.0,1,1,12,100,1.3050301525,12,Typeb,Toyota,Food
2026-01-05 00:00:00,0.0,0.0,0.0,1,1,12,100,1.3050301525,12,Typeb,Toyota,Food
2026-01-05 01:00:00,0.0,0.0,0.0,1,1,12,100,1.3050301525,12,Typeb,Toyota,Food
2026-01-05 02:00:00,0.0,0.0,0.0,1,1,12,100,1.3050301525,12,Typeb,Toyota,Food
2026-01-05 03:00:00,0.0,0.0,0.0,1,1,12,100,1.3050301525,12,Typeb,Toyota,Food
2026-01-05 04:00:00,0.0,0.0,0.0,1,1,12,100,1.3050301525,12,Typeb,Toyota,Food
2026-01-05 05:00:00,0.0,0.0,0.0,1,1,12,100,1.3050301525,12,Typeb,Toyota,Food
2026-01-05 06:00:00,0.0,0.0,0.0,1,1,12,100,1.3050301525,12,Typeb,Toyota,Food
2026-01-05 07:00:00,9.733018078341486,1.3822291008095207,0.14201443885996087,0,0,12,0,1.226197579604,12,Typeb,Toyota,Food
2026-01-05 08:00:00,9.733018078341486,4.485130253594158,0.46081597891765425,0,0,12,0,1.226197579604,12,Typeb,Toyota,Food
2026-01-05 09:00:00,9.733018078341486,1.631511881461756,0.16762651300240541,0,0,12,0,1.226197579604,12,Typeb,Toyota,Food
2026-01-05 10:00:00,9.733018078341486,2.044341062303147,0.21004184373728238,0,0,12,0,1.226197579604,12,Typeb,Toyota,Food
2026-01-05 11:00:00,9.733018078341486,3.4968586857202655,0.3592779400566092,0,0,12,0,1.226197579604,12,Typeb,Toyota,Food
2026-01-05 12:00:00,0.0,0.0,0.0,1,1,12,100,1.226197579604,12,Typeb,Toyota,Food
2026-01-05 13:00:00,7.570125172043378,3.961600589091063,0.5233203545591733,0,0,12,0,1.226197579604,12,Typeb,Toyota,Food
2026-01-05 14:00:00,7.570125172043378,2.786496625803309,0.36809122207039535,0,0,12,0,1.226197579604,12,Typeb,Toyota,Food
2026-01-05 15:00:00,7.570125172043378,1.0015281566807293,0.13230007878593508,0,0,12,0,1.226197579604,12,Typeb,Toyota,Food
2026-01-05 16:00:00,7.570125172043378,4.121072788456699,0.5443863469623861,0,0,12,0,1.226197579604,12,Typeb,Toyota,Food
2026-01-05 17:00:00,7.570125172043378,3.8644652449505053,0.510488949274188,0,0,12,0,1.226197579604,12,Typeb,Toyota,Food
2026-01-05 18:00:00,7.570125172043378,2.976197128958846,0.39315031935667333,0,0,12,0,1.226197579604,12,Typeb,Toyota,Food
2026-01-05 19:00:00,7.570125172043378,0.9282469163258905,0.12261975796040002,0,0,12,0,1.226197579604,12,Typeb,Toyota,Food
2026-01-05 20:00:00,0.0,0.0,0.0,1,1,12,100,1.226197579604,12,Typeb,Toyota,Food
2026-01-05 21:00:00,0.0,0.0,0.0,1,1,12,100,1.226197579604,12,Typeb,Toyota,Food
2026-01-05 22:00:00,0.0,0.0,0.0,1,1,12,100,1.226197579604,12,Typeb,Toyota,Food
2026-01-05 23:00:00,0.0,0.0,0.0,1,1,12,100,1.226197579604,12,Typeb,Toyota,Food
2026-01-06 00:00:00,0.0,0.0,0.0,1,1,12,100,1.226197579604,12,Typeb,Toyota,Food
2026-01-06 01:00:00,0.0,0.0,0.0,1,1,12,100,1.226197579604,12,Typeb,Toyota,Food
2026-01-06 02:00:00,0.0,0.0,0.0,1,1,12,100,1.226197579604,12,Typeb,Toyota,Food
2026-01-06 03:00:00,0.0,0.0,0.0,1,1,12,100,1.226197579604,12,Typeb,Toyota,Food
2026-01-06 04:00:00,0.0,0.0,0.0,1,1,12,100,1.226197579604,12,Typeb,Toyota,Food
2026-01-06 05:00:00,0.0,0.0,0.0,1,1,12,100,1.226197579604,12,Typeb,Toyota,Food
2026-01-06 06:00:00,0.0,0.0,0.0,1,1,12,100,1.226197579604,12,Typeb,Toyota,Food
2026-01-06 07:00:00,0.0,0.0,0.0,1,1,12,100,1.226197579604,12,Typeb,Toyota,Food
2026-01-06 08:00:00,6.996027663676303,1.995358754958652,0.28521310247508685,0,0,12,0,1.3306301459840002,12,Typeb,Toyota,Food
2026-01-06 09:00:00,6.996027663676303,1.5032008899469376,0.21486491509340733,0,0,12,0,1.3306301459840002,12,Typeb,Toyota,Food
2026-01-06 10:00:00,6.996027663676303,2.6670637390753096,0.3812254421066439,0,0,12,0,1.3306301459840002,12,Typeb,Toyota,Food
2026-01-06 11:00:00,6.996027663676303,4.189106390141566,0.5987835656928001,0,0,12,0,1.3306301459840002,12,Typeb,Toyota,Food
2026-01-06 12:00:00,0.0,0.0,0.0,1,1,12,100,1.3306301459840002,12,Typeb,Toyota,Food
2026-01-06 13:00:00,6.62781568137755,3.5662533764112156,0.5380737105335422,0,0,12,0,1.3306301459840002,12,Typeb,Toyota,Food
2026-01-06 14:00:00,6.62781568137755,2.8249871049547925,0.4262319956923782,0,0,12,0,1.3306301459840002,12,Typeb,Toyota,Food
2026-01-06 15:00:00,6.62781568137755,0.9777138104120053,0.14751674720815314,0,0,12,0,1.3306301459840002,12,Typeb,Toyota,Food
2026-01-06 16:00:00,6.62781568137755,3.968627106449905,0.5987835656928001,0,0,12,0,1.3306301459840002,12,Typeb,Toyota,Food
2026-01-06 17:00:00,6.62781568137755,2.311389718156143,0.3487407962551751,0,0,12,0,1.3306301459840002,12,Typeb,Toyota,Food
2026-01-06 18:00:00,0.0,0.0,0.0,1,1,12,100,1.3306301459840002,12,Typeb,Toyota,Food
2026-01-06 19:00:00,0.0,0.0,0.0,1,1,12,100,1.3306301459840002,12,Typeb,Toyota,Food
2026-01-06 20:00:00,0.0,0.0,0.0,1,1,12,100,1.3306301459840002,12,Typeb,Toyota,Food
2026-01-06 21:00:00,0.0,0.0,0.0,1,1,12,100,1.3306301459840002,12,Typeb,Toyota,Food
2026-01-06 22:00:00,0.0,0.0,0.0,1,1,12,100,1.3306301459840002,12,Typeb,Toyota,Food
2026-01-06 23:00:00,0.0,0.0,0.0,1,1,12,100,1.3306301459840002,12,Typeb,Toyota,Food
2026-01-07 00:00:00,0.0,0.0,0.0,1,1,12,100,1.3306301459840002,12,Typeb,Toyota,Food
2026-01-07 01:00:00,0.0,0.0,0.0,1,1,12,100,1.3306301459840002,12,Typeb,Toyota,Food
2026-01-07 02:00:00,0.0,0.0,0.0,1,1,12,100,1.3306301459840002,12,Typeb,Toyota,Food
2026-01-07 03:00:00,0.0,0.0,0.0,1,1,12,100,1.3306301459840002,12,Typeb,Toyota,Food
2026-01-07 04:00:00,0.0,0.0,0.0,1,1,12,100,1.3306301459840002,12,Typeb,Toyota,Food
2026-01-07 05:00:00,0.0,0.0,0.0,1,1,12,100,1.3306301459840002,12,Typeb,Toyota,Food
2026-01-07 06:00:00,5.70557591228463,1.9117857676718284,0.3350732331079108,0,0,12,0,1.282756305344,12,Typeb,Toyota,Food
2026-01-07 07:00:00,5.70557591228463,1.2624776243784004,0.2212708486903434,0,0,12,0,1.282756305344,12,Typeb,Toyota,Food
2026-01-07 08:00:00,5.70557591228463,1.926529510145203,0.337657326755956,0,0,12,0,1.282756305344,12,Typeb,Toyota,Food
2026-01-07 09:00:00,5.70557591228463,2.16046595206243,0.3786586990124429,0,0,12,0,1.282756305344,12,Typeb,Toyota,Food
2026-01-07 10:00:00,5.70557591228463,1.6405077072809104,0.28752710199661813,0,0,12,0,1.282756305344,12,Typeb,Toyota,Food
2026-01-07 11:00:00,5.70557591228463,3.29348856469588,0.5772403374048001,0,0,12,0,1.282756305344,12,Typeb,Toyota,Food
2026-01-07 12:00:00,0.0,0.0,0.0,1,1,12,100,1.282756305344,12,Typeb,Toyota,Food
2026-01-07 13:00:00,0.0,0.0,0.0,1,1,12,100,1.282756305344,12,Typeb,Toyota,Food
2026-01-07 14:00:00,5.266685457493504,3.040143290488504,0.5772403374048001,0,0,12,0,1.282756305344,12,Typeb,Toyota,Food
2026-01-07 15:00:00,5.266685457493504,2.4657836679990135,0.4681851019773103,0,0,12,0,1.282756305344,12,Typeb,Toyota,Food
2026-01-07 16:00:00,5.266685457493504,2.2459494723433644,0.4264445808412196,0,0,12,0,1.282756305344,12,Typeb,Toyota,Food
2026-01-07 17:00:00,5.266685457493504,1.8170913510404372,0.3450161141586797,0,0,12,0,1.282756305344,12,Typeb,Toyota,Food
2026-01-07 18:00:00,5.266685457493504,1.1881988798988934,0.22560657732242384,0,0,12,0,1.282756305344,12,Typeb,Toyota,Food
2026-01-07 19:00:00,5.266685457493504,2.7899566128499376,0.5297367073403545,0,0,12,0,1.282756305344,12,Typeb,Toyota,Food
2026-01-07 20:00:00,0.0,0.0,0.0,1,1,12,100,1.282756305344,12,Typeb,Toyota,Food
2026-01-07 21:00:00,0.0,0.0,0.0,1,1,12,100,1.282756305344,12,Typeb,Toyota,Food
2026-01-07 22:00:00,0.0,0.0,0.0,1,1,12,100,1.282756305344,12,Typeb,Toyota,Food
2026-01-07 23:00:00,0.0,0.0,0.0,1,1,12,100,1.282756305344,12,Typeb,Toyota,Food
2026-01-08 00:00:00,0.0,0.0,0.0,1,1,12,100,1.282756305344,12,Typeb,Toyota,Food
2026-01-08 01:00:00,0.0,0.0,0.0,1,1,12,100,1.282756305344,12,Typeb,Toyota,Food
2026-01-08 02:00:00,0.0,0.0,0.0,1,1,12,100,1.282756305344,12,Typeb,Toyota,Food
2026-01-08 03:00:00,0.0,0.0,0.0,1,1,12,100,1.282756305344,12,Typeb,Toyota,Food
2026-01-08 04:00:00,0.0,0.0,0.0,1,1,12,100,1.282756305344,12,Typeb,Toyota,Food
2026-01-08 05:00:00,0.0,0.0,0.0,1,1,12,100,1.282756305344,12,Typeb,Toyota,Food
2026-01-08 06:00:00,6.405287054131698,2.0998580227359778,0.3278319933189372,0,0,12,0,1.176585222144,12,Typeb,Toyota,Food
2026-01-08 07:00:00,6.405287054131698,0.9911194708576293,0.15473459073443285,0,0,12,0,1.176585222144,12,Typeb,Toyota,Food
2026-01-08 08:00:00,6.405287054131698,2.036487258474872,0.31793848445265954,0,0,12,0,1.176585222144,12,Typeb,Toyota,Food
2026-01-08 09:00:00,6.405287054131698,1.9836399115788095,0.30968790232426396,0,0,12,0,1.176585222144,12,Typeb,Toyota,Food
2026-01-08 10:00:00,6.405287054131698,0.7536366091481632,0.11765852221440001,0,0,12,0,1.176585222144,12,Typeb,Toyota,Food
2026-01-08 11:00:00,6.405287054131698,2.202497856554912,0.34385622969609175,0,0,12,0,1.176585222144,12,Typeb,Toyota,Food
2026-01-08 12:00:00,6.405287054131698,2.61070924029301,0.4075866105967859,0,0,12,0,1.176585222144,12,Typeb,Toyota,Food
2026-01-08 13:00:00,5.719006298331872,1.0847517853934767,0.18967487161360158,0,0,12,0,1.176585222144,12,Typeb,Toyota,Food
2026-01-08 14:00:00,5.719006298331872,1.5840074854556492,0.2769725023589631,0,0,12,0,1.176585222144,12,Typeb,Toyota,Food
2026-01-08 15:00:00,5.719006298331872,2.2029435732374223,0.3851969132959305,0,0,12,0,1.176585222144,12,Typeb,Toyota,Food
2026-01-08 16:00:00,5.719006298331872,1.3744341733120404,0.24032744529638608,0,0,12,0,1.176585222144,12,Typeb,Toyota,Food
2026-01-08 17:00:00,5.719006298331872,2.429608462432638,0.42483052748889427,0,0,12,0,1.176585222144,12,Typeb,Toyota,Food
2026-01-08 18:00:00,5.719006298331872,0.6728898295965742,0.11765852221440001,0,0,12,0,1.176585222144,12,Typeb,Toyota,Food
2026-01-08 19:00:00,5.719006298331872,1.0131787551167333,0.1771599299361252,0,0,12,0,1.176585222144,12,Typeb,Toyota,Food
2026-01-08 20:00:00,0.0,0.0,0.0,1,1,12,100,1.176585222144,12,Typeb,Toyota,Food
2026-01-08 21:00:00,0.0,0.0,0.0,1,1,12,100,1.176585222144,12,Typeb,Toyota,Food
2026-01-08 22:00:00,0.0,0.0,0.0,1,1,12,100,1.176585222144,12,Typeb,Toyota,Food
2026-01-08 23:00:00,0.0,0.0,0.0,1,1,12,100,1.176585222144,12,Typeb,Toyota,Food
2026-01-09 00:00:00,0.0,0.0,0.0,1,1,12,100,1.176585222144,12,Typeb,Toyota,Food
2026-01-09 01:00:00,0.0,0.0,0.0,1,1,12,100,1.176585222144,12,Typeb,Toyota,Food
2026-01-09 02:00:00,0.0,0.0,0.0,1,1,12,100,1.176585222144,12,Typeb,Toyota,Food
2026-01-09 03:00:00,0.0,0.0,0.0,1,1,12,100,1.176585222144,12,Typeb,Toyota,Food
2026-01-09 04:00:00,0.0,0.0,0.0,1,1,12,100,1.176585222144,12,Typeb,Toyota,Food
2026-01-09 05:00:00,0.0,0.0,0.0,1,1,12,100,1.176585222144,12,Typeb,Toyota,Food
2026-01-09 06:00:00,5.0,1.226302184917689,0.24526043698353778,0,0,12,0,1.137342385344,12,Typeb,Toyota,Food
2026-01-09 07:00:00,5.0,1.8652861455553065,0.37305722911106126,0,0,12,0,1.137342385344,12,Typeb,Toyota,Food
2026-01-09 08:00:00,5.0,1.3757226634294066,0.27514453268588135,0,0,12,0,1.137342385344,12,Typeb,Toyota,Food
2026-01-09 09:00:00,5.0,2.559020367024,0.5118040734047999,0,0,12,0,1.137342385344,12,Typeb,Toyota,Food
2026-01-09 10:00:00,5.0,0.568671192672,0.1137342385344,0,0,12,0,1.137342385344,12,Typeb,Toyota,Food
2026-01-09 11:00:00,5.0,2.559020367024,0.5118040734047999,0,0,12,0,1.137342385344,12,Typeb,Toyota,Food
2026-01-09 12:00:00,0.0,0.0,0.0,1,1,12,100,1.137342385344,12,Typeb,Toyota,Food
2026-01-09 13:00:00,5.714285714285714,1.0378550734612366,0.1816246378557164,0,0,12,0,1.137342385344,12,Typeb,Toyota,Food
2026-01-09 14:00:00,5.714285714285714,2.088741862048152,0.36552982585842664,0,0,12,0,1.137342385344,12,Typeb,Toyota,Food
2026-01-09 15:00:00,5.714285714285714,1.0215019394229834,0.17876283939902207,0,0,12,0,1.137342385344,12,Typeb,Toyota,Food
2026-01-09 16:00:00,5.714285714285714,1.7635214758765296,0.3086162582783927,0,0,12,0,1.137342385344,12,Typeb,Toyota,Food
2026-01-09 17:00:00,5.714285714285714,2.9245947051702856,0.5118040734047999,0,0,12,0,1.137342385344,12,Typeb,Toyota,Food
2026-01-09 18:00:00,0.0,0.0,0.0,1,1,12,100,1.137342385344,12,Typeb,Toyota,Food
2026-01-09 19:00:00,0.0,0.0,0.0,1,1,12,100,1.137342385344,12,Typeb,Toyota,Food
2026-01-09 20:00:00,0.0,0.0,0.0,1,1,12,100,1.137342385344,12,Typeb,Toyota,Food
2026-01-09 21:00:00,0.0,0.0,0.0,1,1,12,100,1.137342385344,12,Typeb,Toyota,Food
2026-01-09 22:00:00,0.0,0.0,0.0,1,1,12,100,1.137342385344,12,Typeb,Toyota,Food
2026-01-09 23:00:00,0.0,0.0,0.0,1,1,12,100,1.137342385344,12,Typeb,Toyota,Food
2026-01-10 00:00:00,0.0,0.0,0.0,1,1,12,100,1.137342385344,12,Typeb,Toyota,Food
2026-01-10 01:00:00,0.0,0.0,0.0,1,1,12,100,1.137342385344,12,Typeb,Toyota,Food
2026-01-10 02:00:00,0.0,0.0,0.0,1,1,12,100,1.137342385344,12,Typeb,Toyota,Food
2026-01-10 03:00:00,0.0,0.0,0.0,1,1,12,100,1.137342385344,12,Typeb,Toyota,Food
2026-01-10 04:00:00,0.0,0.0,0.0,1,1,12,100,1.137342385344,12,Typeb,Toyota,Food
2026-01-10 05:00:00,0.0,0.0,0.0,1,1,12,100,1.137342385344,12,Typeb,Toyota,Food
2026-01-10 06:00:00,0.0,0.0,0.0,1,1,12,100,1.137342385344,12,Typeb,Toyota,Food
2026-01-10 07:00:00,0.0,0.0,0.0,1,1,12,100,1.137342385344,12,Typeb,Toyota,Food
2026-01-10 08:00:00,0.0,0.0,0.0,1,1,12,100,1.137342385344,12,Typeb,Toyota,Food
2026-01-10 09:00:00,0.0,0.0,0.0,1,1,12,100,1.137342385344,12,Typeb,Toyota,Food
2026-01-10 10:00:00,15.0,4.957935293828648,0.33052901958857644,0,0,12,0,1.18961004,12,Typeb,Toyota,Food
2026-01-10 11:00:00,15.0,1.7844150600000002,0.11896100400000001,0,0,12,0,1.18961004,12,Typeb,Toyota,Food
2026-01-10 12:00:00,0.0,0.0,0.0,1,1,12,100,1.18961004,12,Typeb,Toyota,Food
2026-01-10 13:00:00,0.0,0.0,0.0,1,1,12,100,1.18961004,12,Typeb,Toyota,Food
2026-01-10 14:00:00,4.8,1.6480929069421326,0.34335268894627763,0,0,12,0,1.18961004,12,Typeb,Toyota,Food
2026-01-10 15:00:00,4.8,0.8533516605418601,0.17778159594622084,0,0,12,0,1.18961004,12,Typeb,Toyota,Food
2026-01-10 16:00:00,4.8,0.622703333066005,0.1297298610554177,0,0,12,0,1.18961004,12,Typeb,Toyota,Food
2026-01-10 17:00:00,4.8,0.8029225365566633,0.16727552844930485,0,0,12,0,1.18961004,12,Typeb,Toyota,Food
2026-01-10 18:00:00,4.8,0.947382633766125,0.19737138203460938,0,0,12,0,1.18961004,12,Typeb,Toyota,Food
2026-01-10 19:00:00,4.8,1.767373709684378,0.3682028561842454,0,0,12,0,1.18961004,12,Typeb,Toyota,Food
2026-01-10 20:00:00,0.0,0.0,0.0,1,1,12,100,1.18961004,12,Typeb,Toyota,Food
2026-01-10 21:00:00,0.0,0.0,0.0,1,1,12,100,1.18961004,12,Typeb,Toyota,Food
2026-01-10 22:00:00,0.0,0.0,0.0,1,1,12,100,1.18961004,12,Typeb,Toyota,Food
2026-01-10 23:00:00,0.0,0.0,0.0,1,1,12,100,1.18961004,12,Typeb,Toyota,Food
2026-01-11 00:00:00,0.0,0.0,0.0,1,1,12,100,1.18961004,12,Typeb,Toyota,Food
2026-01-11 01:00:00,0.0,0.0,0.0,1,1,12,100,1.18961004,12,Typeb,Toyota,Food
2026-01-11 02:00:00,0.0,0.0,0.0,1,1,12,100,1.18961004,12,Typeb,Toyota,Food
2026-01-11 03:00:00,0.0,0.0,0.0,1,1,12,100,1.18961004,12,Typeb,Toyota,Food
2026-01-11 04:00:00,0.0,0.0,0.0,1,1,12,100,1.18961004,12,Typeb,Toyota,Food
2026-01-11 05:00:00,0.0,0.0,0.0,1,1,12,100,1.18961004,12,Typeb,Toyota,Food
2026-01-11 06:00:00,0.0,0.0,0.0,1,1,12,100,1.18961004,12,Typeb,Toyota,Food
2026-01-11 07:00:00,0.0,0.0,0.0,1,1,12,100,1.18961004,12,Typeb,Toyota,Food
2026-01-11 08:00:00,0.0,0.0,0.0,1,1,12,100,1.18961004,12,Typeb,Toyota,Food
2026-01-11 09:00:00,0.0,0.0,0.0,1,1,12,100,1.18961004,12,Typeb,Toyota,Food
2026-01-11 10:00:00,0.0,0.0,0.0,1,1,12,100,1.18961004,12,Typeb,Toyota,Food
2026-01-11 11:00:00,19.73140021181835,2.6304888824462918,0.13331486129761486,0,0,12,0,1.122069513044,12,Typeb,Toyota,Food
2026-01-11 12:00:00,0.0,0.0,0.0,1,1,12,100,1.122069513044,12,Typeb,Toyota,Food
2026-01-11 13:00:00,4.932850052954588,1.3500062180361405,0.2736767190455219,0,0,12,0,1.122069513044,12,Typeb,Toyota,Food
2026-01-11 14:00:00,4.932850052954588,1.4739308588516071,0.29879903970905813,0,0,12,0,1.122069513044,12,Typeb,Toyota,Food
2026-01-11 15:00:00,4.932850052954588,1.2391432216477691,0.25120228840233444,0,0,12,0,1.122069513044,12,Typeb,Toyota,Food
2026-01-11 16:00:00,4.932850052954588,1.5566089756782462,0.315559759361811,0,0,12,0,1.122069513044,12,Typeb,Toyota,Food
2026-01-11 17:00:00,4.932850052954588,2.2815376941436436,0.46251916633409323,0,0,12,0,1.122069513044,12,Typeb,Toyota,Food
2026-01-11 18:00:00,4.932850052954588,0.5535000656837823,0.1122069513044,0,0,12,0,1.122069513044,12,Typeb,Toyota,Food
2026-01-11 19:00:00,4.932850052954588,1.7886347490335577,0.36259661855365627,0,0,12,0,1.122069513044,12,Typeb,Toyota,Food
2026-01-11 20:00:00,0.0,0.0,0.0,1,1,12,100,1.122069513044,12,Typeb,Toyota,Food
2026-01-11 21:00:00,0.0,0.0,0.0,1,1,12,100,1.122069513044,12,Typeb,Toyota,Food
2026-01-11 22:00:00,0.0,0.0,0.0,1,1,12,100,1.122069513044,12,Typeb,Toyota,Food
2026-01-11 23:00:00,0.0,0.0,0.0,1,1,12,100,1.122069513044,12,Typeb,Toyota,Food
2026-01-12 00:00:00,0.0,0.0,0.0,1,1,12,100,1.122069513044,12,Typeb,Toyota,Food
2026-01-12 01:00:00,0.0,0.0,0.0,1,1,12,100,1.122069513044,12,Typeb,Toyota,Food
2026-01-12 02:00:00,0.0,0.0,0.0,1,1,12,100,1.122069513044,12,Typeb,Toyota,Food
2026-01-12 03:00:00,0.0,0.0,0.0,1,1,12,100,1.122069513044,12,Typeb,Toyota,Food
2026-01-12 04:00:00,0.0,0.0,0.0,1,1,12,100,1.122069513044,12,Typeb,Toyota,Food
2026-01-12 05:00:00,0.0,0.0,0.0,1,1,12,100,1.122069513044,12,Typeb,Toyota,Food
2026-01-12 06:00:00,0.0,0.0,0.0,1,1,12,100,1.122069513044,12,Typeb,Toyota,Food
2026-01-12 07:00:00,0.0,0.0,0.0,1,1,12,100,1.122069513044,12,Typeb,Toyota,Food
2026-01-12 08:00:00,9.292656655266732,1.040674700570152,0.1119889326784,0,0,12,0,1.119889326784,12,Typeb,Toyota,Food
2026-01-12 09:00:00,9.292656655266732,2.9587382024168094,0.31839529987798554,0,0,12,0,1.119889326784,12,Typeb,Toyota,Food
2026-01-12 10:00:00,9.292656655266732,2.8668749371546514,0.30850972369992957,0,0,12,0,1.119889326784,12,Typeb,Toyota,Food
2026-01-12 11:00:00,9.292656655266732,3.4217474295752472,0.3682205806706447,0,0,12,0,1.119889326784,12,Typeb,Toyota,Food
2026-01-12 12:00:00,9.292656655266732,4.4045390807732305,0.47398061116106144,0,0,12,0,1.119889326784,12,Typeb,Toyota,Food
2026-01-12 13:00:00,7.434125324213386,2.980666897466685,0.4009438592269189,0,0,12,0,1.119889326784,12,Typeb,Toyota,Food
2026-01-12 14:00:00,7.434125324213386,0.8351083201980736,0.11233444201943656,0,0,12,0,1.119889326784,12,Typeb,Toyota,Food
2026-01-12 15:00:00,7.434125324213386,2.380227647702499,0.3201758840343943,0,0,12,0,1.119889326784,12,Typeb,Toyota,Food
2026-01-12 16:00:00,7.434125324213386,3.3264049767059896,0.4474507533349878,0,0,12,0,1.119889326784,12,Typeb,Toyota,Food
2026-01-12 17:00:00,7.434125324213386,1.6563737316506268,0.22280680771626482,0,0,12,0,1.119889326784,12,Typeb,Toyota,Food
2026-01-12 18:00:00,7.434125324213386,2.728222955101488,0.3669864087730004,0,0,12,0,1.119889326784,12,Typeb,Toyota,Food
2026-01-12 19:00:00,0.0,0.0,0.0,1,1,12,100,1.119889326784,12,Typeb,Toyota,Food
2026-01-12 20:00:00,0.0,0.0,0.0,1,1,12,100,1.119889326784,12,Typeb,Toyota,Food
2026-01-12 21:00:00,0.0,0.0,0.0,1,1,12,100,1.119889326784,12,Typeb,Toyota,Food
2026-01-12 22:00:00,0.0,0.0,0.0,1,1,12,100,1.119889326784,12,Typeb,Toyota,Food
2026-01-12 23:00:00,0.0,0.0,0.0,1,1,12,100,1.119889326784,12,Typeb,Toyota,Food
2026-01-13 00:00:00,0.0,0.0,0.0,1,1,12,100,1.119889326784,12,Typeb,Toyota,Food
2026-01-13 01:00:00,0.0,0.0,0.0,1,1,12,100,1.119889326784,12,Typeb,Toyota,Food
2026-01-13 02:00:00,0.0,0.0,0.0,1,1,12,100,1.119889326784,12,Typeb,Toyota,Food
2026-01-13 03:00:00,0.0,0.0,0.0,1,1,12,100,1.119889326784,12,Typeb,Toyota,Food
2026-01-13 04:00:00,0.0,0.0,0.0,1,1,12,100,1.119889326784,12,Typeb,Toyota,Food
2026-01-13 05:00:00,0.0,0.0,0.0,1,1,12,100,1.119889326784,12,Typeb,Toyota,Food
2026-01-13 06:00:00,6.32950726500926,1.4955921481500145,0.23628887455709813,0,0,12,0,1.12425024,12,Typeb,Toyota,Food
2026-01-13 07:00:00,6.32950726500926,1.9944245102605984,0.31509948985858066,0,0,12,0,1.12425024,12,Typeb,Toyota,Food
2026-01-13 08:00:00,6.32950726500926,2.339371632452889,0.36959774821420743,0,0,12,0,1.12425024,12,Typeb,Toyota,Food
2026-01-13 09:00:00,6.32950726500926,3.1800360480273757,0.5024144715983233,0,0,12,0,1.12425024,12,Typeb,Toyota,Food
2026-01-13 10:00:00,6.32950726500926,0.7115950061768406,0.11242502400000001,0,0,12,0,1.12425024,12,Typeb,Toyota,Food
2026-01-13 11:00:00,6.32950726500926,3.034536504871552,0.4794269724038483,0,0,12,0,1.12425024,12,Typeb,Toyota,Food
2026-01-13 12:00:00,6.32950726500926,3.202177527795782,0.505912608,0,0,12,0,1.12425024,12,Typeb,Toyota,Food
2026-01-13 13:00:00,8.74074812786993,4.353610113362197,0.49808209202146947,0,0,12,0,1.12425024,12,Typeb,Toyota,Food
2026-01-13 14:00:00,8.74074812786993,3.0471650773306997,0.3486160489643667,0,0,12,0,1.12425024,12,Typeb,Toyota,Food
2026-01-13 15:00:00,8.74074812786993,1.5525320092734087,0.17762003738823576,0,0,12,0,1.12425024,12,Typeb,Toyota,Food
2026-01-13 16:00:00,8.74074812786993,4.422054681241794,0.505912608,0,0,12,0,1.12425024,12,Typeb,Toyota,Food
2026-01-13 17:00:00,8.74074812786993,2.564282473237612,0.29337105196537827,0,0,12,0,1.12425024,12,Typeb,Toyota,Food
2026-01-13 18:00:00,0.0,0.0,0.0,1,1,12,100,1.12425024,12,Typeb,Toyota,Food
2026-01-13 19:00:00,0.0,0.0,0.0,1,1,12,100,1.12425024,12,Typeb,Toyota,Food
2026-01-13 20:00:00,0.0,0.0,0.0,1,1,12,100,1.12425024,12,Typeb,Toyota,Food
2026-01-13 21:00:00,0.0,0.0,0.0,1,1,12,100,1.12425024,12,Typeb,Toyota,Food
2026-01-13 22:00:00,0.0,0.0,0.0,1,1,12,100,1.12425024,12,Typeb,Toyota,Food
2026-01-13 23:00:00,0.0,0.0,0.0,1,1,12,100,1.12425024,12,Typeb,Toyota,Food
2026-01-14 00:00:00,0.0,0.0,0.0,1,1,12,100,1.12425024,12,Typeb,Toyota,Food
2026-01-14 01:00:00,0.0,0.0,0.0,1,1,12,100,1.12425024,12,Typeb,Toyota,Food
2026-01-14 02:00:00,0.0,0.0,0.0,1,1,12,100,1.12425024,12,Typeb,Toyota,Food
2026-01-14 03:00:00,0.0,0.0,0.0,1,1,12,100,1.12425024,12,Typeb,Toyota,Food
2026-01-14 04:00:00,0.0,0.0,0.0,1,1,12,100,1.12425024,12,Typeb,Toyota,Food
2026-01-14 05:00:00,4.285714285714286,0.8806112029012447,0.2054759473436238,0,0,12,0,1.102475,12,Typeb,Toyota,Food
2026-01-14 06:00:00,4.285714285714286,1.8505464679855852,0.4317941758633032,0,0,12,0,1.102475,12,Typeb,Toyota,Food
2026-01-14 07:00:00,4.285714285714286,0.5315986577716251,0.12403968681337918,0,0,12,0,1.102475,12,Typeb,Toyota,Food
2026-01-14 08:00:00,4.285714285714286,1.9184496830585687,0.44763825938033275,0,0,12,0,1.102475,12,Typeb,Toyota,Food
2026-01-14 09:00:00,4.285714285714286,0.6550478977631802,0.1528445094780754,0,0,12,0,1.102475,12,Typeb,Toyota,Food
2026-01-14 10:00:00,4.285714285714286,1.8161731426601178,0.42377373328736084,0,0,12,0,1.102475,12,Typeb,Toyota,Food
2026-01-14 11:00:00,4.285714285714286,2.126201785714286,0.4961137500000001,0,0,12,0,1.102475,12,Typeb,Toyota,Food
2026-01-14 12:00:00,0.0,0.0,0.0,1,1,12,100,1.102475,12,Typeb,Toyota,Food
2026-01-14 13:00:00,4.285714285714286,1.7807754686725155,0.4155142760235869,0,0,12,0,1.102475,12,Typeb,Toyota,Food
2026-01-14 14:00:00,4.285714285714286,0.7967758041849615,0.1859143543098244,0,0,12,0,1.102475,12,Typeb,Toyota,Food
2026-01-14 15:00:00,4.285714285714286,0.4724892857142858,0.11024750000000001,0,0,12,0,1.102475,12,Typeb,Toyota,Food
2026-01-14 16:00:00,4.285714285714286,1.0994044684158135,0.2565277092970231,0,0,12,0,1.102475,12,Typeb,Toyota,Food
2026-01-14 17:00:00,4.285714285714286,0.8381235658485083,0.19556216536465193,0,0,12,0,1.102475,12,Typeb,Toyota,Food
2026-01-14 18:00:00,4.285714285714286,2.0766968829736325,0.484562606027181,0,0,12,0,1.102475,12,Typeb,Toyota,Food
2026-01-14 19:00:00,4.285714285714286,0.5755808374647275,0.13430219540843644,0,0,12,0,1.102475,12,Typeb,Toyota,Food
2026-01-14 20:00:00,0.0,0.0,0.0,1,1,12,100,1.102475,12,Typeb,Toyota,Food
2026-01-14 21:00:00,0.0,0.0,0.0,1,1,12,100,1.102475,12,Typeb,Toyota,Food
2026-01-14 22:00:00,0.0,0.0,0.0,1,1,12,100,1.102475,12,Typeb,Toyota,Food
2026-01-14 23:00:00,0.0,0.0,0.0,1,1,12,100,1.102475,12,Typeb,Toyota,Food
2026-01-01 00:00:00,0.0,0.0,0.0,1,1,13,100,1.0,13,Typeb,Toyota,Food
2026-01-01 01:00:00,0.0,0.0,0.0,1,1,13,100,1.0,13,Typeb,Toyota,Food
2026-01-01 02:00:00,0.0,0.0,0.0,1,1,13,100,1.0,13,Typeb,Toyota,Food
2026-01-01 03:00:00,0.0,0.0,0.0,1,1,13,100,1.0,13,Typeb,Toyota,Food
2026-01-01 04:00:00,0.0,0.0,0.0,1,1,13,100,1.0,13,Typeb,Toyota,Food
2026-01-01 05:00:00,0.0,0.0,0.0,1,1,13,100,1.0,13,Typeb,Toyota,Food
2026-01-01 06:00:00,9.146121910952807,1.561826742580698,0.17076382293902673,0,0,13,0,1.1329772784640002,13,Typeb,Toyota,Food
2026-01-01 07:00:00,9.146121910952807,1.1418638060032276,0.1248467729952085,0,0,13,0,1.1329772784640002,13,Typeb,Toyota,Food
2026-01-01 08:00:00,9.146121910952807,2.37436255557135,0.2596032043622736,0,0,13,0,1.1329772784640002,13,Typeb,Toyota,Food
2026-01-01 09:00:00,9.146121910952807,1.3589736791181146,0.14858468893692475,0,0,13,0,1.1329772784640002,13,Typeb,Toyota,Food
2026-01-01 10:00:00,9.146121910952807,1.0362348311171272,0.11329772784640002,0,0,13,0,1.1329772784640002,13,Typeb,Toyota,Food
2026-01-01 11:00:00,9.146121910952807,1.6701261232204863,0.1826048394588367,0,0,13,0,1.1329772784640002,13,Typeb,Toyota,Food
2026-01-01 12:00:00,0.0,0.0,0.0,1,1,13,100,1.1329772784640002,13,Typeb,Toyota,Food
2026-01-01 13:00:00,9.527210323909175,3.520105601279866,0.369479153036637,0,0,13,0,1.1329772784640002,13,Typeb,Toyota,Food
2026-01-01 14:00:00,9.527210323909175,4.857350770861535,0.5098397753088001,0,0,13,0,1.1329772784640002,13,Typeb,Toyota,Food
2026-01-01 15:00:00,9.527210323909175,3.1471119255075535,0.3303287970466721,0,0,13,0,1.1329772784640002,13,Typeb,Toyota,Food
2026-01-01 16:00:00,9.527210323909175,3.54533332824732,0.3721271188219774,0,0,13,0,1.1329772784640002,13,Typeb,Toyota,Food
2026-01-01 17:00:00,9.527210323909175,4.309024689720893,0.45228608829041017,0,0,13,0,1.1329772784640002,13,Typeb,Toyota,Food
2026-01-01 18:00:00,9.527210323909175,3.3797897309789797,0.3547512457552417,0,0,13,0,1.1329772784640002,13,Typeb,Toyota,Food
2026-01-01 19:00:00,0.0,0.0,0.0,1,1,13,100,1.1329772784640002,13,Typeb,Toyota,Food
2026-01-01 20:00:00,0.0,0.0,0.0,1,1,13,100,1.1329772784640002,13,Typeb,Toyota,Food
2026-01-01 21:00:00,0.0,0.0,0.0,1,1,13,100,1.1329772784640002,13,Typeb,Toyota,Food
2026-01-01 22:00:00,0.0,0.0,0.0,1,1,13,100,1.1329772784640002,13,Typeb,Toyota,Food
2026-01-01 23:00:00,0.0,0.0,0.0,1,1,13,100,1.1329772784640002,13,Typeb,Toyota,Food
2026-01-02 00:00:00,0.0,0.0,0.0,1,1,13,100,1.1329772784640002,13,Typeb,Toyota,Food
2026-01-02 01:00:00,0.0,0.0,0.0,1,1,13,100,1.1329772784640002,13,Typeb,Toyota,Food
2026-01-02 02:00:00,0.0,0.0,0.0,1,1,13,100,1.1329772784640002,13,Typeb,Toyota,Food
2026-01-02 03:00:00,0.0,0.0,0.0,1,1,13,100,1.1329772784640002,13,Typeb,Toyota,Food
2026-01-02 04:00:00,0.0,0.0,0.0,1,1,13,100,1.1329772784640002,13,Typeb,Toyota,Food
2026-01-02 05:00:00,0.0,0.0,0.0,1,1,13,100,1.1329772784640002,13,Typeb,Toyota,Food
2026-01-02 06:00:00,5.145338856303575,1.1103036432203703,0.21578824528925494,0,0,13,0,1.23259004,13,Typeb,Toyota,Food
2026-01-02 07:00:00,5.145338856303575,1.7103543176667173,0.33240848959274183,0,0,13,0,1.23259004,13,Typeb,Toyota,Food
2026-01-02 08:00:00,5.145338856303575,2.85394204201715,0.5546655180000001,0,0,13,0,1.23259004,13,Typeb,Toyota,Food
2026-01-02 09:00:00,5.145338856303575,1.5236581438444172,0.2961239650869208,0,0,13,0,1.23259004,13,Typeb,Toyota,Food
2026-01-02 10:00:00,5.145338856303575,1.3485458520900242,0.2620907757004022,0,0,13,0,1.23259004,13,Typeb,Toyota,Food
2026-01-02 11:00:00,5.145338856303575,1.3248490974682445,0.2574852958119885,0,0,13,0,1.23259004,13,Typeb,Toyota,Food
2026-01-02 12:00:00,0.0,0.0,0.0,1,1,13,100,1.23259004,13,Typeb,Toyota,Food
2026-01-02 13:00:00,6.499375397436095,3.11343062487486,0.4790353587058629,0,0,13,0,1.23259004,13,Typeb,Toyota,Food
2026-01-02 14:00:00,6.499375397436095,1.2354827807642987,0.19009254046960847,0,0,13,0,1.23259004,13,Typeb,Toyota,Food
2026-01-02 15:00:00,6.499375397436095,3.604979421495348,0.5546655180000001,0,0,13,0,1.23259004,13,Typeb,Toyota,Food
2026-01-02 16:00:00,6.499375397436095,0.8011065381100774,0.123259004,0,0,13,0,1.23259004,13,Typeb,Toyota,Food
2026-01-02 17:00:00,6.499375397436095,3.154365845757334,0.4853336902191683,0,0,13,0,1.23259004,13,Typeb,Toyota,Food
2026-01-02 18:00:00,0.0,0.0,0.0,1,1,13,100,1.23259004,13,Typeb,Toyota,Food
2026-01-02 19:00:00,0.0,0.0,0.0,1,1,13,100,1.23259004,13,Typeb,Toyota,Food
2026-01-02 20:00:00,0.0,0.0,0.0,1,1,13,100,1.23259004,13,Typeb,Toyota,Food
2026-01-02 21:00:00,0.0,0.0,0.0,1,1,13,100,1.23259004,13,Typeb,Toyota,Food
2026-01-02 22:00:00,0.0,0.0,0.0,1,1,13,100,1.23259004,13,Typeb,Toyota,Food
2026-01-02 23:00:00,0.0,0.0,0.0,1,1,13,100,1.23259004,13,Typeb,Toyota,Food
2026-01-03 00:00:00,0.0,0.0,0.0,1,1,13,100,1.23259004,13,Typeb,Toyota,Food
2026-01-03 01:00:00,0.0,0.0,0.0,1,1,13,100,1.23259004,13,Typeb,Toyota,Food
2026-01-03 02:00:00,0.0,0.0,0.0,1,1,13,100,1.23259004,13,Typeb,Toyota,Food
2026-01-03 03:00:00,0.0,0.0,0.0,1,1,13,100,1.23259004,13,Typeb,Toyota,Food
2026-01-03 04:00:00,0.0,0.0,0.0,1,1,13,100,1.23259004,13,Typeb,Toyota,Food
2026-01-03 05:00:00,0.0,0.0,0.0,1,1,13,100,1.23259004,13,Typeb,Toyota,Food
2026-01-03 06:00:00,0.0,0.0,0.0,1,1,13,100,1.23259004,13,Typeb,Toyota,Food
2026-01-03 07:00:00,0.0,0.0,0.0,1,1,13,100,1.23259004,13,Typeb,Toyota,Food
2026-01-03 08:00:00,0.0,0.0,0.0,1,1,13,100,1.23259004,13,Typeb,Toyota,Food
2026-01-03 09:00:00,0.0,0.0,0.0,1,1,13,100,1.23259004,13,Typeb,Toyota,Food
2026-01-03 10:00:00,9.23076923076923,3.3477827194549388,0.3626764612742851,0,0,13,0,1.209049010004,13,Typeb,Toyota,Food
2026-01-03 11:00:00,9.23076923076923,1.862215353009863,0.20173999657606853,0,0,13,0,1.209049010004,13,Typeb,Toyota,Food
2026-01-03 12:00:00,9.23076923076923,4.269573865251075,0.46253716873553313,0,0,13,0,1.209049010004,13,Typeb,Toyota,Food
2026-01-03 13:00:00,0.0,0.0,0.0,1,1,13,100,1.209049010004,13,Typeb,Toyota,Food
2026-01-03 14:00:00,5.454545454545454,2.3815281773483403,0.43661349918052905,0,0,13,0,1.209049010004,13,Typeb,Toyota,Food
2026-01-03 15:00:00,5.454545454545454,0.6775861647979785,0.12422413021296275,0,0,13,0,1.209049010004,13,Typeb,Toyota,Food
2026-01-03 16:00:00,5.454545454545454,1.9631616860317127,0.3599129757724807,0,0,13,0,1.209049010004,13,Typeb,Toyota,Food
2026-01-03 17:00:00,5.454545454545454,1.5318826125746812,0.28084514563869156,0,0,13,0,1.209049010004,13,Typeb,Toyota,Food
2026-01-03 18:00:00,5.454545454545454,1.1845845401865522,0.2171738323675346,0,0,13,0,1.209049010004,13,Typeb,Toyota,Food
2026-01-03 19:00:00,0.0,0.0,0.0,1,1,13,100,1.209049010004,13,Typeb,Toyota,Food
2026-01-03 20:00:00,0.0,0.0,0.0,1,1,13,100,1.209049010004,13,Typeb,Toyota,Food
2026-01-03 21:00:00,0.0,0.0,0.0,1,1,13,100,1.209049010004,13,Typeb,Toyota,Food
2026-01-03 22:00:00,0.0,0.0,0.0,1,1,13,100,1.209049010004,13,Typeb,Toyota,Food
2026-01-03 23:00:00,0.0,0.0,0.0,1,1,13,100,1.209049010004,13,Typeb,Toyota,Food
2026-01-04 00:00:00,0.0,0.0,0.0,1,1,13,100,1.209049010004,13,Typeb,Toyota,Food
2026-01-04 01:00:00,0.0,0.0,0.0,1,1,13,100,1.209049010004,13,Typeb,Toyota,Food
2026-01-04 02:00:00,0.0,0.0,0.0,1,1,13,100,1.209049010004,13,Typeb,Toyota,Food
2026-01-04 03:00:00,0.0,0.0,0.0,1,1,13,100,1.209049010004,13,Typeb,Toyota,Food
2026-01-04 04:00:00,0.0,0.0,0.0,1,1,13,100,1.209049010004,13,Typeb,Toyota,Food
2026-01-04 05:00:00,0.0,0.0,0.0,1,1,13,100,1.209049010004,13,Typeb,Toyota,Food
2026-01-04 06:00:00,0.0,0.0,0.0,1,1,13,100,1.209049010004,13,Typeb,Toyota,Food
2026-01-04 07:00:00,0.0,0.0,0.0,1,1,13,100,1.209049010004,13,Typeb,Toyota,Food
2026-01-04 08:00:00,0.0,0.0,0.0,1,1,13,100,1.209049010004,13,Typeb,Toyota,Food
2026-01-04 09:00:00,10.909090909090908,2.4984672386031495,0.22902616353862204,0,0,13,0,1.3050301525,13,Typeb,Toyota,Food
2026-01-04 10:00:00,10.909090909090908,6.406511657727274,0.5872635686250001,0,0,13,0,1.3050301525,13,Typeb,Toyota,Food
2026-01-04 11:00:00,10.909090909090908,4.2179023767975234,0.3866410512064397,0,0,13,0,1.3050301525,13,Typeb,Toyota,Food
2026-01-04 12:00:00,0.0,0.0,0.0,1,1,13,100,1.3050301525,13,Typeb,Toyota,Food
2026-01-04 13:00:00,5.217391304347826,2.0430511857881775,0.3915848106094007,0,0,13,0,1.3050301525,13,Typeb,Toyota,Food
2026-01-04 14:00:00,5.217391304347826,0.9320218916880523,0.17863752924021,0,0,13,0,1.3050301525,13,Typeb,Toyota,Food
2026-01-04 15:00:00,5.217391304347826,0.827212710273222,0.15854910280236756,0,0,13,0,1.3050301525,13,Typeb,Toyota,Food
2026-01-04 16:00:00,5.217391304347826,2.487587390123221,0.47678758310695063,0,0,13,0,1.3050301525,13,Typeb,Toyota,Food
2026-01-04 17:00:00,5.217391304347826,1.0904794366817459,0.2090085586973346,0,0,13,0,1.3050301525,13,Typeb,Toyota,Food
2026-01-04 18:00:00,5.217391304347826,1.5259296170416712,0.2924698432663203,0,0,13,0,1.3050301525,13,Typeb,Toyota,Food
2026-01-04 19:00:00,0.0,0.0,0.0,1,1,13,100,1.3050301525,13,Typeb,Toyota,Food
2026-01-04 20:00:00,0.0,0.0,0.0,1,1,13,100,1.3050301525,13,Typeb,Toyota,Food
2026-01-04 21:00:00,0.0,0.0,0.0,1,1,13,100,1.3050301525,13,Typeb,Toyota,Food
2026-01-04 22:00:00,0.0,0.0,0.0,1,1,13,100,1.3050301525,13,Typeb,Toyota,Food
2026-01-04 23:00:00,0.0,0.0,0.0,1,1,13,100,1.3050301525,13,Typeb,Toyota,Food
2026-01-05 00:00:00,0.0,0.0,0.0,1,1,13,100,1.3050301525,13,Typeb,Toyota,Food
2026-01-05 01:00:00,0.0,0.0,0.0,1,1,13,100,1.3050301525,13,Typeb,Toyota,Food
2026-01-05 02:00:00,0.0,0.0,0.0,1,1,13,100,1.3050301525,13,Typeb,Toyota,Food
2026-01-05 03:00:00,0.0,0.0,0.0,1,1,13,100,1.3050301525,13,Typeb,Toyota,Food
2026-01-05 04:00:00,0.0,0.0,0.0,1,1,13,100,1.3050301525,13,Typeb,Toyota,Food
2026-01-05 05:00:00,0.0,0.0,0.0,1,1,13,100,1.3050301525,13,Typeb,Toyota,Food
2026-01-05 06:00:00,0.0,0.0,0.0,1,1,13,100,1.3050301525,13,Typeb,Toyota,Food
2026-01-05 07:00:00,7.320386876113021,1.3143747247323896,0.17954989906630403,0,0,13,0,1.226197579604,13,Typeb,Toyota,Food
2026-01-05 08:00:00,7.320386876113021,2.2001689693503517,0.3005536464923282,0,0,13,0,1.226197579604,13,Typeb,Toyota,Food
2026-01-05 09:00:00,7.320386876113021,2.1309706067729373,0.2911008178715877,0,0,13,0,1.226197579604,13,Typeb,Toyota,Food
2026-01-05 10:00:00,7.320386876113021,1.3239629564307638,0.18085969755928552,0,0,13,0,1.226197579604,13,Typeb,Toyota,Food
2026-01-05 11:00:00,7.320386876113021,2.6056500876638546,0.35594431438675583,0,0,13,0,1.226197579604,13,Typeb,Toyota,Food
2026-01-05 12:00:00,0.0,0.0,0.0,1,1,13,100,1.226197579604,13,Typeb,Toyota,Food
2026-01-05 13:00:00,0.0,0.0,0.0,1,1,13,100,1.226197579604,13,Typeb,Toyota,Food
2026-01-05 14:00:00,6.654897160102746,1.1341141507428623,0.17041798294676463,0,0,13,0,1.226197579604,13,Typeb,Toyota,Food
2026-01-05 15:00:00,6.654897160102746,3.672098455604185,0.5517889108218,0,0,13,0,1.226197579604,13,Typeb,Toyota,Food
2026-01-05 16:00:00,6.654897160102746,3.4834322336978336,0.5234389277390504,0,0,13,0,1.226197579604,13,Typeb,Toyota,Food
2026-01-05 17:00:00,6.654897160102746,2.7893369477848338,0.41914050370415773,0,0,13,0,1.226197579604,13,Typeb,Toyota,Food
2026-01-05 18:00:00,6.654897160102746,3.0700973879884836,0.46132905049145556,0,0,13,0,1.226197579604,13,Typeb,Toyota,Food
2026-01-05 19:00:00,0.0,0.0,0.0,1,1,13,100,1.226197579604,13,Typeb,Toyota,Food
2026-01-05 20:00:00,0.0,0.0,0.0,1,1,13,100,1.226197579604,13,Typeb,Toyota,Food
2026-01-05 21:00:00,0.0,0.0,0.0,1,1,13,100,1.226197579604,13,Typeb,Toyota,Food
2026-01-05 22:00:00,0.0,0.0,0.0,1,1,13,100,1.226197579604,13,Typeb,Toyota,Food
2026-01-05 23:00:00,0.0,0.0,0.0,1,1,13,100,1.226197579604,13,Typeb,Toyota,Food
2026-01-06 00:00:00,0.0,0.0,0.0,1,1,13,100,1.226197579604,13,Typeb,Toyota,Food
2026-01-06 01:00:00,0.0,0.0,0.0,1,1,13,100,1.226197579604,13,Typeb,Toyota,Food
2026-01-06 02:00:00,0.0,0.0,0.0,1,1,13,100,1.226197579604,13,Typeb,Toyota,Food
2026-01-06 03:00:00,0.0,0.0,0.0,1,1,13,100,1.226197579604,13,Typeb,Toyota,Food
2026-01-06 04:00:00,0.0,0.0,0.0,1,1,13,100,1.226197579604,13,Typeb,Toyota,Food
2026-01-06 05:00:00,6.020400140340855,0.8645147696132289,0.14359755987320189,0,0,13,0,1.3306301459840002,13,Typeb,Toyota,Food
2026-01-06 06:00:00,6.020400140340855,0.8010925917623848,0.13306301459840003,0,0,13,0,1.3306301459840002,13,Typeb,Toyota,Food
2026-01-06 07:00:00,6.020400140340855,0.8010925917623848,0.13306301459840003,0,0,13,0,1.3306301459840002,13,Typeb,Toyota,Food
2026-01-06 08:00:00,6.020400140340855,0.8863390468629905,0.14722261414551244,0,0,13,0,1.3306301459840002,13,Typeb,Toyota,Food
2026-01-06 09:00:00,6.020400140340855,3.604916662930731,0.5987835656928001,0,0,13,0,1.3306301459840002,13,Typeb,Toyota,Food
2026-01-06 10:00:00,6.020400140340855,2.0289063499235565,0.33700523264699256,0,0,13,0,1.3306301459840002,13,Typeb,Toyota,Food
2026-01-06 11:00:00,6.020400140340855,3.4332841877395026,0.5702750826700236,0,0,13,0,1.3306301459840002,13,Typeb,Toyota,Food
2026-01-06 12:00:00,6.020400140340855,2.974986104835853,0.49415089287859515,0,0,13,0,1.3306301459840002,13,Typeb,Toyota,Food
2026-01-06 13:00:00,9.505894958432929,3.863077875815827,0.40638760397712886,0,0,13,0,1.3306301459840002,13,Typeb,Toyota,Food
2026-01-06 14:00:00,9.505894958432929,3.707364374620561,0.39000687371699394,0,0,13,0,1.3306301459840002,13,Typeb,Toyota,Food
2026-01-06 15:00:00,9.505894958432929,4.033604439815096,0.42432663704502427,0,0,13,0,1.3306301459840002,13,Typeb,Toyota,Food
2026-01-06 16:00:00,9.505894958432929,4.292113038224553,0.45152119363752347,0,0,13,0,1.3306301459840002,13,Typeb,Toyota,Food
2026-01-06 17:00:00,9.505894958432929,5.506248604548063,0.5792456816139469,0,0,13,0,1.3306301459840002,13,Typeb,Toyota,Food
2026-01-06 18:00:00,0.0,0.0,0.0,1,1,13,100,1.3306301459840002,13,Typeb,Toyota,Food
2026-01-06 19:00:00,0.0,0.0,0.0,1,1,13,100,1.3306301459840002,13,Typeb,Toyota,Food
2026-01-06 20:00:00,0.0,0.0,0.0,1,1,13,100,1.3306301459840002,13,Typeb,Toyota,Food
2026-01-06 21:00:00,0.0,0.0,0.0,1,1,13,100,1.3306301459840002,13,Typeb,Toyota,Food
2026-01-06 22:00:00,0.0,0.0,0.0,1,1,13,100,1.3306301459840002,13,Typeb,Toyota,Food
2026-01-06 23:00:00,0.0,0.0,0.0,1,1,13,100,1.3306301459840002,13,Typeb,Toyota,Food
2026-01-07 00:00:00,0.0,0.0,0.0,1,1,13,100,1.3306301459840002,13,Typeb,Toyota,Food
2026-01-07 01:00:00,0.0,0.0,0.0,1,1,13,100,1.3306301459840002,13,Typeb,Toyota,Food
2026-01-07 02:00:00,0.0,0.0,0.0,1,1,13,100,1.3306301459840002,13,Typeb,Toyota,Food
2026-01-07 03:00:00,0.0,0.0,0.0,1,1,13,100,1.3306301459840002,13,Typeb,Toyota,Food
2026-01-07 04:00:00,0.0,0.0,0.0,1,1,13,100,1.3306301459840002,13,Typeb,Toyota,Food
2026-01-07 05:00:00,0.0,0.0,0.0,1,1,13,100,1.3306301459840002,13,Typeb,Toyota,Food
2026-01-07 06:00:00,0.0,0.0,0.0,1,1,13,100,1.3306301459840002,13,Typeb,Toyota,Food
2026-01-07 07:00:00,0.0,0.0,0.0,1,1,13,100,1.3306301459840002,13,Typeb,Toyota,Food
2026-01-07 08:00:00,6.315789473684211,2.2560016287134284,0.3572002578796261,0,0,13,0,1.282756305344,13,Typeb,Toyota,Food
2026-01-07 09:00:00,6.315789473684211,1.0731488669980778,0.16991523727469562,0,0,13,0,1.282756305344,13,Typeb,Toyota,Food
2026-01-07 10:00:00,6.315789473684211,3.115278745179168,0.49325246798670164,0,0,13,0,1.282756305344,13,Typeb,Toyota,Food
2026-01-07 11:00:00,6.315789473684211,1.2623237357486732,0.19986792482687327,0,0,13,0,1.282756305344,13,Typeb,Toyota,Food
2026-01-07 12:00:00,6.315789473684211,1.9753693069387166,0.31276680693196346,0,0,13,0,1.282756305344,13,Typeb,Toyota,Food
2026-01-07 13:00:00,5.0,1.0025853990702345,0.2005170798140469,0,0,13,0,1.282756305344,13,Typeb,Toyota,Food
2026-01-07 14:00:00,5.0,0.641378152672,0.12827563053440003,0,0,13,0,1.282756305344,13,Typeb,Toyota,Food
2026-01-07 15:00:00,5.0,1.6801027117798613,0.33602054235597223,0,0,13,0,1.282756305344,13,Typeb,Toyota,Food
2026-01-07 16:00:00,5.0,1.6296383569450072,0.32592767138900147,0,0,13,0,1.282756305344,13,Typeb,Toyota,Food
2026-01-07 17:00:00,5.0,2.273487431017742,0.45469748620354844,0,0,13,0,1.282756305344,13,Typeb,Toyota,Food
2026-01-07 18:00:00,5.0,2.4665890787164346,0.4933178157432869,0,0,13,0,1.282756305344,13,Typeb,Toyota,Food
2026-01-07 19:00:00,0.0,0.0,0.0,1,1,13,100,1.282756305344,13,Typeb,Toyota,Food
2026-01-07 20:00:00,0.0,0.0,0.0,1,1,13,100,1.282756305344,13,Typeb,Toyota,Food
2026-01-07 21:00:00,0.0,0.0,0.0,1,1,13,100,1.282756305344,13,Typeb,Toyota,Food
2026-01-07 22:00:00,0.0,0.0,0.0,1,1,13,100,1.282756305344,13,Typeb,Toyota,Food
2026-01-07 23:00:00,0.0,0.0,0.0,1,1,13,100,1.282756305344,13,Typeb,Toyota,Food
2026-01-08 00:00:00,0.0,0.0,0.0,1,1,13,100,1.282756305344,13,Typeb,Toyota,Food
2026-01-08 01:00:00,0.0,0.0,0.0,1,1,13,100,1.282756305344,13,Typeb,Toyota,Food
2026-01-08 02:00:00,0.0,0.0,0.0,1,1,13,100,1.282756305344,13,Typeb,Toyota,Food
2026-01-08 03:00:00,0.0,0.0,0.0,1,1,13,100,1.282756305344,13,Typeb,Toyota,Food
2026-01-08 04:00:00,0.0,0.0,0.0,1,1,13,100,1.282756305344,13,Typeb,Toyota,Food
2026-01-08 05:00:00,0.0,0.0,0.0,1,1,13,100,1.282756305344,13,Typeb,Toyota,Food
2026-01-08 06:00:00,9.724446719902163,2.333167461495296,0.23992804204687648,0,0,13,0,1.176585222144,13,Typeb,Toyota,Food
2026-01-08 07:00:00,9.724446719902163,5.148738136873611,0.5294633499648,0,0,13,0,1.176585222144,13,Typeb,Toyota,Food
2026-01-08 08:00:00,9.724446719902163,1.144164030416358,0.11765852221440001,0,0,13,0,1.176585222144,13,Typeb,Toyota,Food
2026-01-08 09:00:00,9.724446719902163,3.99930948949479,0.41126344816201804,0,0,13,0,1.176585222144,13,Typeb,Toyota,Food
2026-01-08 10:00:00,9.724446719902163,4.9058668349769725,0.5044880162628245,0,0,13,0,1.176585222144,13,Typeb,Toyota,Food
2026-01-08 11:00:00,9.724446719902163,2.321715857088038,0.23875043218000136,0,0,13,0,1.176585222144,13,Typeb,Toyota,Food
2026-01-08 12:00:00,0.0,0.0,0.0,1,1,13,100,1.176585222144,13,Typeb,Toyota,Food
2026-01-08 13:00:00,13.728630663391288,3.2063116716376383,0.2335492701531826,0,0,13,0,1.176585222144,13,Typeb,Toyota,Food
2026-01-08 14:00:00,13.728630663391288,4.6903507253170496,0.3416473820527724,0,0,13,0,1.176585222144,13,Typeb,Toyota,Food
2026-01-08 15:00:00,13.728630663391288,1.615290395881917,0.11765852221440001,0,0,13,0,1.176585222144,13,Typeb,Toyota,Food
2026-01-08 16:00:00,13.728630663391288,5.4710580201160255,0.39851447345765717,0,0,13,0,1.176585222144,13,Typeb,Toyota,Food
2026-01-08 17:00:00,0.0,0.0,0.0,1,1,13,100,1.176585222144,13,Typeb,Toyota,Food
2026-01-08 18:00:00,0.0,0.0,0.0,1,1,13,100,1.176585222144,13,Typeb,Toyota,Food
2026-01-08 19:00:00,0.0,0.0,0.0,1,1,13,100,1.176585222144,13,Typeb,Toyota,Food
2026-01-08 20:00:00,0.0,0.0,0.0,1,1,13,100,1.176585222144,13,Typeb,Toyota,Food
2026-01-08 21:00:00,0.0,0.0,0.0,1,1,13,100,1.176585222144,13,Typeb,Toyota,Food
2026-01-08 22:00:00,0.0,0.0,0.0,1,1,13,100,1.176585222144,13,Typeb,Toyota,Food
2026-01-08 23:00:00,0.0,0.0,0.0,1,1,13,100,1.176585222144,13,Typeb,Toyota,Food
2026-01-09 00:00:00,0.0,0.0,0.0,1,1,13,100,1.176585222144,13,Typeb,Toyota,Food
2026-01-09 01:00:00,0.0,0.0,0.0,1,1,13,100,1.176585222144,13,Typeb,Toyota,Food
2026-01-09 02:00:00,0.0,0.0,0.0,1,1,13,100,1.176585222144,13,Typeb,Toyota,Food
2026-01-09 03:00:00,0.0,0.0,0.0,1,1,13,100,1.176585222144,13,Typeb,Toyota,Food
2026-01-09 04:00:00,0.0,0.0,0.0,1,1,13,100,1.176585222144,13,Typeb,Toyota,Food
2026-01-09 05:00:00,0.0,0.0,0.0,1,1,13,100,1.176585222144,13,Typeb,Toyota,Food
2026-01-09 06:00:00,6.036269420260651,1.0953900737747417,0.18146805543471617,0,0,13,0,1.137342385344,13,Typeb,Toyota,Food
2026-01-09 07:00:00,6.036269420260651,1.4151062657990743,0.23443391394182816,0,0,13,0,1.137342385344,13,Typeb,Toyota,Food
2026-01-09 08:00:00,6.036269420260651,2.5520412882493955,0.4227845231167956,0,0,13,0,1.137342385344,13,Typeb,Toyota,Food
2026-01-09 09:00:00,6.036269420260651,0.814020549429816,0.13485490669080608,0,0,13,0,1.137342385344,13,Typeb,Toyota,Food
2026-01-09 10:00:00,6.036269420260651,2.0752876898092176,0.3438030255646881,0,0,13,0,1.137342385344,13,Typeb,Toyota,Food
2026-01-09 11:00:00,6.036269420260651,3.0893872774582314,0.5118040734047999,0,0,13,0,1.137342385344,13,Typeb,Toyota,Food
2026-01-09 12:00:00,0.0,0.0,0.0,1,1,13,100,1.137342385344,13,Typeb,Toyota,Food
2026-01-09 13:00:00,5.030224516883876,0.5839853494488757,0.11609528510879334,0,0,13,0,1.137342385344,13,Typeb,Toyota,Food
2026-01-09 14:00:00,5.030224516883876,1.7014135727774513,0.3382380979351282,0,0,13,0,1.137342385344,13,Typeb,Toyota,Food
2026-01-09 15:00:00,5.030224516883876,1.8295765781322426,0.36371668341866153,0,0,13,0,1.137342385344,13,Typeb,Toyota,Food
2026-01-09 16:00:00,5.030224516883876,0.5721087550848576,0.1137342385344,0,0,13,0,1.137342385344,13,Typeb,Toyota,Food
2026-01-09 17:00:00,5.030224516883876,2.5744893978818593,0.5118040734047999,0,0,13,0,1.137342385344,13,Typeb,Toyota,Food
2026-01-09 18:00:00,5.030224516883876,1.771275681003947,0.3521265651381337,0,0,13,0,1.137342385344,13,Typeb,Toyota,Food
2026-01-09 19:00:00,5.030224516883876,1.5871194707959972,0.31551662663741026,0,0,13,0,1.137342385344,13,Typeb,Toyota,Food
2026-01-09 20:00:00,5.030224516883876,1.50929246107739,0.3000447506888553,0,0,13,0,1.137342385344,13,Typeb,Toyota,Food
2026-01-09 21:00:00,0.0,0.0,0.0,1,1,13,100,1.137342385344,13,Typeb,Toyota,Food
2026-01-09 22:00:00,0.0,0.0,0.0,1,1,13,100,1.137342385344,13,Typeb,Toyota,Food
2026-01-09 23:00:00,0.0,0.0,0.0,1,1,13,100,1.137342385344,13,Typeb,Toyota,Food
2026-01-10 00:00:00,0.0,0.0,0.0,1,1,13,100,1.137342385344,13,Typeb,Toyota,Food
2026-01-10 01:00:00,0.0,0.0,0.0,1,1,13,100,1.137342385344,13,Typeb,Toyota,Food
2026-01-10 02:00:00,0.0,0.0,0.0,1,1,13,100,1.137342385344,13,Typeb,Toyota,Food
2026-01-10 03:00:00,0.0,0.0,0.0,1,1,13,100,1.137342385344,13,Typeb,Toyota,Food
2026-01-10 04:00:00,0.0,0.0,0.0,1,1,13,100,1.137342385344,13,Typeb,Toyota,Food
2026-01-10 05:00:00,0.0,0.0,0.0,1,1,13,100,1.137342385344,13,Typeb,Toyota,Food
2026-01-10 06:00:00,0.0,0.0,0.0,1,1,13,100,1.137342385344,13,Typeb,Toyota,Food
2026-01-10 07:00:00,0.0,0.0,0.0,1,1,13,100,1.137342385344,13,Typeb,Toyota,Food
2026-01-10 08:00:00,0.0,0.0,0.0,1,1,13,100,1.137342385344,13,Typeb,Toyota,Food
2026-01-10 09:00:00,0.0,0.0,0.0,1,1,13,100,1.137342385344,13,Typeb,Toyota,Food
2026-01-10 10:00:00,13.333333333333334,5.408610193300576,0.40564576449754314,0,0,13,0,1.18961004,13,Typeb,Toyota,Food
2026-01-10 11:00:00,13.333333333333334,1.5861467200000001,0.11896100400000001,0,0,13,0,1.18961004,13,Typeb,Toyota,Food
2026-01-10 12:00:00,0.0,0.0,0.0,1,1,13,100,1.18961004,13,Typeb,Toyota,Food
2026-01-10 13:00:00,0.0,0.0,0.0,1,1,13,100,1.18961004,13,Typeb,Toyota,Food
2026-01-10 14:00:00,5.217391304347826,2.214623246307246,0.42446945554222215,0,0,13,0,1.18961004,13,Typeb,Toyota,Food
2026-01-10 15:00:00,5.217391304347826,0.9557923521677463,0.1831935341654847,0,0,13,0,1.18961004,13,Typeb,Toyota,Food
2026-01-10 16:00:00,5.217391304347826,1.9822642672955262,0.37993398456497585,0,0,13,0,1.18961004,13,Typeb,Toyota,Food
2026-01-10 17:00:00,5.217391304347826,1.1902366882777038,0.2281286985865599,0,0,13,0,1.18961004,13,Typeb,Toyota,Food
2026-01-10 18:00:00,5.217391304347826,2.7929974852173918,0.535324518,0,0,13,0,1.18961004,13,Typeb,Toyota,Food
2026-01-10 19:00:00,0.0,0.0,0.0,1,1,13,100,1.18961004,13,Typeb,Toyota,Food
2026-01-10 20:00:00,0.0,0.0,0.0,1,1,13,100,1.18961004,13,Typeb,Toyota,Food
2026-01-10 21:00:00,0.0,0.0,0.0,1,1,13,100,1.18961004,13,Typeb,Toyota,Food
2026-01-10 22:00:00,0.0,0.0,0.0,1,1,13,100,1.18961004,13,Typeb,Toyota,Food
2026-01-10 23:00:00,0.0,0.0,0.0,1,1,13,100,1.18961004,13,Typeb,Toyota,Food
2026-01-11 00:00:00,0.0,0.0,0.0,1,1,13,100,1.18961004,13,Typeb,Toyota,Food
2026-01-11 01:00:00,0.0,0.0,0.0,1,1,13,100,1.18961004,13,Typeb,Toyota,Food
2026-01-11 02:00:00,0.0,0.0,0.0,1,1,13,100,1.18961004,13,Typeb,Toyota,Food
2026-01-11 03:00:00,0.0,0.0,0.0,1,1,13,100,1.18961004,13,Typeb,Toyota,Food
2026-01-11 04:00:00,0.0,0.0,0.0,1,1,13,100,1.18961004,13,Typeb,Toyota,Food
2026-01-11 05:00:00,0.0,0.0,0.0,1,1,13,100,1.18961004,13,Typeb,Toyota,Food
2026-01-11 06:00:00,0.0,0.0,0.0,1,1,13,100,1.18961004,13,Typeb,Toyota,Food
2026-01-11 07:00:00,0.0,0.0,0.0,1,1,13,100,1.18961004,13,Typeb,Toyota,Food
2026-01-11 08:00:00,0.0,0.0,0.0,1,1,13,100,1.18961004,13,Typeb,Toyota,Food
2026-01-11 09:00:00,10.0,1.122069513044,0.1122069513044,0,0,13,0,1.122069513044,13,Typeb,Toyota,Food
2026-01-11 10:00:00,10.0,2.392323118687096,0.2392323118687096,0,0,13,0,1.122069513044,13,Typeb,Toyota,Food
2026-01-11 11:00:00,10.0,4.166260104870758,0.41662601048707576,0,0,13,0,1.122069513044,13,Typeb,Toyota,Food
2026-01-11 12:00:00,0.0,0.0,0.0,1,1,13,100,1.122069513044,13,Typeb,Toyota,Food
2026-01-11 13:00:00,0.0,0.0,0.0,1,1,13,100,1.122069513044,13,Typeb,Toyota,Food
2026-01-11 14:00:00,5.0,1.2565003342933676,0.2513000668586735,0,0,13,0,1.122069513044,13,Typeb,Toyota,Food
2026-01-11 15:00:00,5.0,2.524656404349,0.5049312808698,0,0,13,0,1.122069513044,13,Typeb,Toyota,Food
2026-01-11 16:00:00,5.0,0.8753470948936566,0.1750694189787313,0,0,13,0,1.122069513044,13,Typeb,Toyota,Food
2026-01-11 17:00:00,5.0,1.497160623040617,0.2994321246081234,0,0,13,0,1.122069513044,13,Typeb,Toyota,Food
2026-01-11 18:00:00,5.0,2.393930031798512,0.47878600635970237,0,0,13,0,1.122069513044,13,Typeb,Toyota,Food
2026-01-11 19:00:00,5.0,2.164970135031911,0.4329940270063821,0,0,13,0,1.122069513044,13,Typeb,Toyota,Food
2026-01-11 20:00:00,0.0,0.0,0.0,1,1,13,100,1.122069513044,13,Typeb,Toyota,Food
2026-01-11 21:00:00,0.0,0.0,0.0,1,1,13,100,1.122069513044,13,Typeb,Toyota,Food
2026-01-11 22:00:00,0.0,0.0,0.0,1,1,13,100,1.122069513044,13,Typeb,Toyota,Food
2026-01-11 23:00:00,0.0,0.0,0.0,1,1,13,100,1.122069513044,13,Typeb,Toyota,Food
2026-01-12 00:00:00,0.0,0.0,0.0,1,1,13,100,1.122069513044,13,Typeb,Toyota,Food
2026-01-12 01:00:00,0.0,0.0,0.0,1,1,13,100,1.122069513044,13,Typeb,Toyota,Food
2026-01-12 02:00:00,0.0,0.0,0.0,1,1,13,100,1.122069513044,13,Typeb,Toyota,Food
2026-01-12 03:00:00,0.0,0.0,0.0,1,1,13,100,1.122069513044,13,Typeb,Toyota,Food
2026-01-12 04:00:00,0.0,0.0,0.0,1,1,13,100,1.122069513044,13,Typeb,Toyota,Food
2026-01-12 05:00:00,0.0,0.0,0.0,1,1,13,100,1.122069513044,13,Typeb,Toyota,Food
2026-01-12 06:00:00,0.0,0.0,0.0,1,1,13,100,1.122069513044,13,Typeb,Toyota,Food
2026-01-12 07:00:00,5.679386278021625,1.7430829903462848,0.3069139701047902,0,0,13,0,1.119889326784,13,Typeb,Toyota,Food
2026-01-12 08:00:00,5.679386278021625,1.7150481232210464,0.3019777207016233,0,0,13,0,1.119889326784,13,Typeb,Toyota,Food
2026-01-12 09:00:00,5.679386278021625,2.4921879184448352,0.4388128921762601,0,0,13,0,1.119889326784,13,Typeb,Toyota,Food
2026-01-12 10:00:00,5.679386278021625,2.703550439066296,0.4760286246999313,0,0,13,0,1.119889326784,13,Typeb,Toyota,Food
2026-01-12 11:00:00,5.679386278021625,1.8986865221818872,0.3343119184425824,0,0,13,0,1.119889326784,13,Typeb,Toyota,Food
2026-01-12 12:00:00,0.0,0.0,0.0,1,1,13,100,1.119889326784,13,Typeb,Toyota,Food
2026-01-12 13:00:00,6.247324905823787,3.148340617342763,0.5039501970528,0,0,13,0,1.119889326784,13,Typeb,Toyota,Food
2026-01-12 14:00:00,6.247324905823787,0.9828199471226845,0.15731852623936604,0,0,13,0,1.119889326784,13,Typeb,Toyota,Food
2026-01-12 15:00:00,6.247324905823787,1.8201980646017153,0.29135639526366197,0,0,13,0,1.119889326784,13,Typeb,Toyota,Food
2026-01-12 16:00:00,6.247324905823787,1.6744246114408121,0.26802265556572946,0,0,13,0,1.119889326784,13,Typeb,Toyota,Food
2026-01-12 17:00:00,6.247324905823787,1.7253167863449879,0.27616889026159647,0,0,13,0,1.119889326784,13,Typeb,Toyota,Food
2026-01-12 18:00:00,0.0,0.0,0.0,1,1,13,100,1.119889326784,13,Typeb,Toyota,Food
2026-01-12 19:00:00,0.0,0.0,0.0,1,1,13,100,1.119889326784,13,Typeb,Toyota,Food
2026-01-12 20:00:00,0.0,0.0,0.0,1,1,13,100,1.119889326784,13,Typeb,Toyota,Food
2026-01-12 21:00:00,0.0,0.0,0.0,1,1,13,100,1.119889326784,13,Typeb,Toyota,Food
2026-01-12 22:00:00,0.0,0.0,0.0,1,1,13,100,1.119889326784,13,Typeb,Toyota,Food
2026-01-12 23:00:00,0.0,0.0,0.0,1,1,13,100,1.119889326784,13,Typeb,Toyota,Food
2026-01-13 00:00:00,0.0,0.0,0.0,1,1,13,100,1.119889326784,13,Typeb,Toyota,Food
2026-01-13 01:00:00,0.0,0.0,0.0,1,1,13,100,1.119889326784,13,Typeb,Toyota,Food
2026-01-13 02:00:00,0.0,0.0,0.0,1,1,13,100,1.119889326784,13,Typeb,Toyota,Food
2026-01-13 03:00:00,0.0,0.0,0.0,1,1,13,100,1.119889326784,13,Typeb,Toyota,Food
2026-01-13 04:00:00,0.0,0.0,0.0,1,1,13,100,1.119889326784,13,Typeb,Toyota,Food
2026-01-13 05:00:00,0.0,0.0,0.0,1,1,13,100,1.119889326784,13,Typeb,Toyota,Food
2026-01-13 06:00:00,0.0,0.0,0.0,1,1,13,100,1.119889326784,13,Typeb,Toyota,Food
2026-01-13 07:00:00,7.358836722943359,1.5747190168204457,0.21399021015248124,0,0,13,0,1.12425024,13,Typeb,Toyota,Food
2026-01-13 08:00:00,7.358836722943359,0.8273173951889886,0.11242502400000001,0,0,13,0,1.12425024,13,Typeb,Toyota,Food
2026-01-13 09:00:00,7.358836722943359,1.7832539958971865,0.24232824603070244,0,0,13,0,1.12425024,13,Typeb,Toyota,Food
2026-01-13 10:00:00,7.358836722943359,2.207100493355467,0.299925188783463,0,0,13,0,1.12425024,13,Typeb,Toyota,Food
2026-01-13 11:00:00,7.358836722943359,1.879302957782623,0.25538043967239255,0,0,13,0,1.12425024,13,Typeb,Toyota,Food
2026-01-13 12:00:00,0.0,0.0,0.0,1,1,13,100,1.12425024,13,Typeb,Toyota,Food
2026-01-13 13:00:00,7.024344144627751,0.7897120590440344,0.11242502400000001,0,0,13,0,1.12425024,13,Typeb,Toyota,Food
2026-01-13 14:00:00,7.024344144627751,1.8984285364505247,0.2702641694886847,0,0,13,0,1.12425024,13,Typeb,Toyota,Food
2026-01-13 15:00:00,7.024344144627751,2.165396483586588,0.30827027249835026,0,0,13,0,1.12425024,13,Typeb,Toyota,Food
2026-01-13 16:00:00,7.024344144627751,2.275807035890402,0.32398854455770787,0,0,13,0,1.12425024,13,Typeb,Toyota,Food
2026-01-13 17:00:00,7.024344144627751,1.2356123385789533,0.17590429983758057,0,0,13,0,1.12425024,13,Typeb,Toyota,Food
2026-01-13 18:00:00,7.024344144627751,3.4383513872652136,0.48949073628388207,0,0,13,0,1.12425024,13,Typeb,Toyota,Food
2026-01-13 19:00:00,0.0,0.0,0.0,1,1,13,100,1.12425024,13,Typeb,Toyota,Food
2026-01-13 20:00:00,0.0,0.0,0.0,1,1,13,100,1.12425024,13,Typeb,Toyota,Food
2026-01-13 21:00:00,0.0,0.0,0.0,1,1,13,100,1.12425024,13,Typeb,Toyota,Food
2026-01-13 22:00:00,0.0,0.0,0.0,1,1,13,100,1.12425024,13,Typeb,Toyota,Food
2026-01-13 23:00:00,0.0,0.0,0.0,1,1,13,100,1.12425024,13,Typeb,Toyota,Food
2026-01-14 00:00:00,0.0,0.0,0.0,1,1,13,100,1.12425024,13,Typeb,Toyota,Food
2026-01-14 01:00:00,0.0,0.0,0.0,1,1,13,100,1.12425024,13,Typeb,Toyota,Food
2026-01-14 02:00:00,0.0,0.0,0.0,1,1,13,100,1.12425024,13,Typeb,Toyota,Food
2026-01-14 03:00:00,0.0,0.0,0.0,1,1,13,100,1.12425024,13,Typeb,Toyota,Food
2026-01-14 04:00:00,0.0,0.0,0.0,1,1,13,100,1.12425024,13,Typeb,Toyota,Food
2026-01-14 05:00:00,6.767331677781675,1.982273106576532,0.2929179772708169,0,0,13,0,1.102475,13,Typeb,Toyota,Food
2026-01-14 06:00:00,6.767331677781675,0.8238274562209247,0.12173593603010374,0,0,13,0,1.102475,13,Typeb,Toyota,Food
2026-01-14 07:00:00,6.767331677781675,1.833313809652291,0.27090645130803603,0,0,13,0,1.102475,13,Typeb,Toyota,Food
2026-01-14 08:00:00,6.767331677781675,2.4893154100415575,0.3678429739470894,0,0,13,0,1.102475,13,Typeb,Toyota,Food
2026-01-14 09:00:00,6.767331677781675,2.3190245054982466,0.3426793034412673,0,0,13,0,1.102475,13,Typeb,Toyota,Food
2026-01-14 10:00:00,6.767331677781675,1.1095883816106005,0.1639624647412468,0,0,13,0,1.102475,13,Typeb,Toyota,Food
2026-01-14 11:00:00,6.767331677781675,1.1448141972355974,0.1691677387402514,0,0,13,0,1.102475,13,Typeb,Toyota,Food
2026-01-14 12:00:00,6.767331677781675,2.197629188792144,0.3247408717984583,0,0,13,0,1.102475,13,Typeb,Toyota,Food
2026-01-14 13:00:00,0.0,0.0,0.0,1,1,13,100,1.102475,13,Typeb,Toyota,Food
2026-01-14 14:00:00,11.39761124679019,5.653712795298672,0.4960436597529046,0,0,13,0,1.102475,13,Typeb,Toyota,Food
2026-01-14 15:00:00,11.39761124679019,5.654511656687257,0.4961137500000001,0,0,13,0,1.102475,13,Typeb,Toyota,Food
2026-01-14 16:00:00,11.39761124679019,5.654511656687257,0.4961137500000001,0,0,13,0,1.102475,13,Typeb,Toyota,Food
2026-01-14 17:00:00,11.39761124679019,1.2565581459305015,0.11024750000000001,0,0,13,0,1.102475,13,Typeb,Toyota,Food
2026-01-14 18:00:00,0.0,0.0,0.0,1,1,13,100,1.102475,13,Typeb,Toyota,Food
2026-01-14 19:00:00,0.0,0.0,0.0,1,1,13,100,1.102475,13,Typeb,Toyota,Food
2026-01-14 20:00:00,0.0,0.0,0.0,1,1,13,100,1.102475,13,Typeb,Toyota,Food
2026-01-14 21:00:00,0.0,0.0,0.0,1,1,13,100,1.102475,13,Typeb,Toyota,Food
2026-01-14 22:00:00,0.0,0.0,0.0,1,1,13,100,1.102475,13,Typeb,Toyota,Food
2026-01-14 23:00:00,0.0,0.0,0.0,1,1,13,100,1.102475,13,Typeb,Toyota,Food
2026-01-01 00:00:00,0.0,0.0,0.0,1,1,14,100,1.0,14,Typeb,Toyota,Food
2026-01-01 01:00:00,0.0,0.0,0.0,1,1,14,100,1.0,14,Typeb,Toyota,Food
2026-01-01 02:00:00,0.0,0.0,0.0,1,1,14,100,1.0,14,Typeb,Toyota,Food
2026-01-01 03:00:00,0.0,0.0,0.0,1,1,14,100,1.0,14,Typeb,Toyota,Food
2026-01-01 04:00:00,0.0,0.0,0.0,1,1,14,100,1.0,14,Typeb,Toyota,Food
2026-01-01 05:00:00,0.0,0.0,0.0,1,1,14,100,1.0,14,Typeb,Toyota,Food
2026-01-01 06:00:00,0.0,0.0,0.0,1,1,14,100,1.0,14,Typeb,Toyota,Food
2026-01-01 07:00:00,7.83669016297112,2.721471550302092,0.3472730826033196,0,0,14,0,1.1329772784640002,14,Typeb,Toyota,Food
2026-01-01 08:00:00,7.83669016297112,3.99545635185388,0.5098397753088001,0,0,14,0,1.1329772784640002,14,Typeb,Toyota,Food
2026-01-01 09:00:00,7.83669016297112,3.2157012312774578,0.4103392075485973,0,0,14,0,1.1329772784640002,14,Typeb,Toyota,Food
2026-01-01 10:00:00,7.83669016297112,1.8811153160692906,0.24003951629447914,0,0,14,0,1.1329772784640002,14,Typeb,Toyota,Food
2026-01-01 11:00:00,7.83669016297112,2.851327236283879,0.36384330335740317,0,0,14,0,1.1329772784640002,14,Typeb,Toyota,Food
2026-01-01 12:00:00,0.0,0.0,0.0,1,1,14,100,1.1329772784640002,14,Typeb,Toyota,Food
2026-01-01 13:00:00,9.07406229396656,1.0280706402431035,0.11329772784640002,0,0,14,0,1.1329772784640002,14,Typeb,Toyota,Food
2026-01-01 14:00:00,9.07406229396656,3.2237668016176118,0.3552727209908101,0,0,14,0,1.1329772784640002,14,Typeb,Toyota,Food
2026-01-01 15:00:00,9.07406229396656,2.0482299424160377,0.22572359281442533,0,0,14,0,1.1329772784640002,14,Typeb,Toyota,Food
2026-01-01 16:00:00,9.07406229396656,2.3412756845069054,0.25801847162363484,0,0,14,0,1.1329772784640002,14,Typeb,Toyota,Food
2026-01-01 17:00:00,9.07406229396656,4.626317881093965,0.5098397753088001,0,0,14,0,1.1329772784640002,14,Typeb,Toyota,Food
2026-01-01 18:00:00,0.0,0.0,0.0,1,1,14,100,1.1329772784640002,14,Typeb,Toyota,Food
2026-01-01 19:00:00,0.0,0.0,0.0,1,1,14,100,1.1329772784640002,14,Typeb,Toyota,Food
2026-01-01 20:00:00,0.0,0.0,0.0,1,1,14,100,1.1329772784640002,14,Typeb,Toyota,Food
2026-01-01 21:00:00,0.0,0.0,0.0,1,1,14,100,1.1329772784640002,14,Typeb,Toyota,Food
2026-01-01 22:00:00,0.0,0.0,0.0,1,1,14,100,1.1329772784640002,14,Typeb,Toyota,Food
2026-01-01 23:00:00,0.0,0.0,0.0,1,1,14,100,1.1329772784640002,14,Typeb,Toyota,Food
2026-01-02 00:00:00,0.0,0.0,0.0,1,1,14,100,1.1329772784640002,14,Typeb,Toyota,Food
2026-01-02 01:00:00,0.0,0.0,0.0,1,1,14,100,1.1329772784640002,14,Typeb,Toyota,Food
2026-01-02 02:00:00,0.0,0.0,0.0,1,1,14,100,1.1329772784640002,14,Typeb,Toyota,Food
2026-01-02 03:00:00,0.0,0.0,0.0,1,1,14,100,1.1329772784640002,14,Typeb,Toyota,Food
2026-01-02 04:00:00,0.0,0.0,0.0,1,1,14,100,1.1329772784640002,14,Typeb,Toyota,Food
2026-01-02 05:00:00,0.0,0.0,0.0,1,1,14,100,1.1329772784640002,14,Typeb,Toyota,Food
2026-01-02 06:00:00,0.0,0.0,0.0,1,1,14,100,1.1329772784640002,14,Typeb,Toyota,Food
2026-01-02 07:00:00,5.454545454545454,2.6030897158294333,0.47723311456872947,0,0,14,0,1.23259004,14,Typeb,Toyota,Food
2026-01-02 08:00:00,5.454545454545454,1.3059501927331187,0.23942420200107178,0,0,14,0,1.23259004,14,Typeb,Toyota,Food
2026-01-02 09:00:00,5.454545454545454,2.032857342974234,0.3726905128786096,0,0,14,0,1.23259004,14,Typeb,Toyota,Food
2026-01-02 10:00:00,5.454545454545454,3.02544828,0.5546655180000001,0,0,14,0,1.23259004,14,Typeb,Toyota,Food
2026-01-02 11:00:00,5.454545454545454,0.7521418652847057,0.13789267530219607,0,0,14,0,1.23259004,14,Typeb,Toyota,Food
2026-01-02 12:00:00,0.0,0.0,0.0,1,1,14,100,1.23259004,14,Typeb,Toyota,Food
2026-01-02 13:00:00,0.0,0.0,0.0,1,1,14,100,1.23259004,14,Typeb,Toyota,Food
2026-01-02 14:00:00,5.714285714285714,2.2783386133593386,0.3987092573378842,0,0,14,0,1.23259004,14,Typeb,Toyota,Food
2026-01-02 15:00:00,5.714285714285714,0.7043371657142858,0.123259004,0,0,14,0,1.23259004,14,Typeb,Toyota,Food
2026-01-02 16:00:00,5.714285714285714,1.4348280437436667,0.2510949076551417,0,0,14,0,1.23259004,14,Typeb,Toyota,Food
2026-01-02 17:00:00,5.714285714285714,1.3738868134453401,0.24043019235293453,0,0,14,0,1.23259004,14,Typeb,Toyota,Food
2026-01-02 18:00:00,5.714285714285714,3.169517245714286,0.5546655180000001,0,0,14,0,1.23259004,14,Typeb,Toyota,Food
2026-01-02 19:00:00,0.0,0.0,0.0,1,1,14,100,1.23259004,14,Typeb,Toyota,Food
2026-01-02 20:00:00,0.0,0.0,0.0,1,1,14,100,1.23259004,14,Typeb,Toyota,Food
2026-01-02 21:00:00,0.0,0.0,0.0,1,1,14,100,1.23259004,14,Typeb,Toyota,Food
2026-01-02 22:00:00,0.0,0.0,0.0,1,1,14,100,1.23259004,14,Typeb,Toyota,Food
2026-01-02 23:00:00,0.0,0.0,0.0,1,1,14,100,1.23259004,14,Typeb,Toyota,Food
2026-01-03 00:00:00,0.0,0.0,0.0,1,1,14,100,1.23259004,14,Typeb,Toyota,Food
2026-01-03 01:00:00,0.0,0.0,0.0,1,1,14,100,1.23259004,14,Typeb,Toyota,Food
2026-01-03 02:00:00,0.0,0.0,0.0,1,1,14,100,1.23259004,14,Typeb,Toyota,Food
2026-01-03 03:00:00,0.0,0.0,0.0,1,1,14,100,1.23259004,14,Typeb,Toyota,Food
2026-01-03 04:00:00,0.0,0.0,0.0,1,1,14,100,1.23259004,14,Typeb,Toyota,Food
2026-01-03 05:00:00,0.0,0.0,0.0,1,1,14,100,1.23259004,14,Typeb,Toyota,Food
2026-01-03 06:00:00,0.0,0.0,0.0,1,1,14,100,1.23259004,14,Typeb,Toyota,Food
2026-01-03 07:00:00,0.0,0.0,0.0,1,1,14,100,1.23259004,14,Typeb,Toyota,Food
2026-01-03 08:00:00,0.0,0.0,0.0,1,1,14,100,1.23259004,14,Typeb,Toyota,Food
2026-01-03 09:00:00,7.5,2.761805331929999,0.36824071092399985,0,0,14,0,1.209049010004,14,Typeb,Toyota,Food
2026-01-03 10:00:00,7.5,2.296773901405421,0.30623652018738945,0,0,14,0,1.209049010004,14,Typeb,Toyota,Food
2026-01-03 11:00:00,7.5,3.8164870676151694,0.5088649423486893,0,0,14,0,1.209049010004,14,Typeb,Toyota,Food
2026-01-03 12:00:00,7.5,0.906786757503,0.1209049010004,0,0,14,0,1.209049010004,14,Typeb,Toyota,Food
2026-01-03 13:00:00,5.0,0.8521510958641618,0.17043021917283238,0,0,14,0,1.209049010004,14,Typeb,Toyota,Food
2026-01-03 14:00:00,5.0,2.556968245599864,0.5113936491199728,0,0,14,0,1.209049010004,14,Typeb,Toyota,Food
2026-01-03 15:00:00,5.0,1.6959432871337363,0.33918865742674725,0,0,14,0,1.209049010004,14,Typeb,Toyota,Food
2026-01-03 16:00:00,5.0,2.7203602725089997,0.5440720545018,0,0,14,0,1.209049010004,14,Typeb,Toyota,Food
2026-01-03 17:00:00,5.0,0.6435133542460861,0.12870267084921724,0,0,14,0,1.209049010004,14,Typeb,Toyota,Food
2026-01-03 18:00:00,5.0,1.291560541364061,0.2583121082728122,0,0,14,0,1.209049010004,14,Typeb,Toyota,Food
2026-01-03 19:00:00,0.0,0.0,0.0,1,1,14,100,1.209049010004,14,Typeb,Toyota,Food
2026-01-03 20:00:00,0.0,0.0,0.0,1,1,14,100,1.209049010004,14,Typeb,Toyota,Food
2026-01-03 21:00:00,0.0,0.0,0.0,1,1,14,100,1.209049010004,14,Typeb,Toyota,Food
2026-01-03 22:00:00,0.0,0.0,0.0,1,1,14,100,1.209049010004,14,Typeb,Toyota,Food
2026-01-03 23:00:00,0.0,0.0,0.0,1,1,14,100,1.209049010004,14,Typeb,Toyota,Food
2026-01-04 00:00:00,0.0,0.0,0.0,1,1,14,100,1.209049010004,14,Typeb,Toyota,Food
2026-01-04 01:00:00,0.0,0.0,0.0,1,1,14,100,1.209049010004,14,Typeb,Toyota,Food
2026-01-04 02:00:00,0.0,0.0,0.0,1,1,14,100,1.209049010004,14,Typeb,Toyota,Food
2026-01-04 03:00:00,0.0,0.0,0.0,1,1,14,100,1.209049010004,14,Typeb,Toyota,Food
2026-01-04 04:00:00,0.0,0.0,0.0,1,1,14,100,1.209049010004,14,Typeb,Toyota,Food
2026-01-04 05:00:00,0.0,0.0,0.0,1,1,14,100,1.209049010004,14,Typeb,Toyota,Food
2026-01-04 06:00:00,0.0,0.0,0.0,1,1,14,100,1.209049010004,14,Typeb,Toyota,Food
2026-01-04 07:00:00,0.0,0.0,0.0,1,1,14,100,1.209049010004,14,Typeb,Toyota,Food
2026-01-04 08:00:00,0.0,0.0,0.0,1,1,14,100,1.209049010004,14,Typeb,Toyota,Food
2026-01-04 09:00:00,0.0,0.0,0.0,1,1,14,100,1.209049010004,14,Typeb,Toyota,Food
2026-01-04 10:00:00,0.0,0.0,0.0,1,1,14,100,1.209049010004,14,Typeb,Toyota,Food
2026-01-04 11:00:00,20.0,11.745271372500001,0.5872635686250001,0,0,14,0,1.3050301525,14,Typeb,Toyota,Food
2026-01-04 12:00:00,0.0,0.0,0.0,1,1,14,100,1.3050301525,14,Typeb,Toyota,Food
2026-01-04 13:00:00,5.0,0.7199229315470802,0.14398458630941605,0,0,14,0,1.3050301525,14,Typeb,Toyota,Food
2026-01-04 14:00:00,5.0,1.4486823390839263,0.28973646781678525,0,0,14,0,1.3050301525,14,Typeb,Toyota,Food
2026-01-04 15:00:00,5.0,0.9429447839991836,0.18858895679983673,0,0,14,0,1.3050301525,14,Typeb,Toyota,Food
2026-01-04 16:00:00,5.0,0.9513144645320724,0.1902628929064145,0,0,14,0,1.3050301525,14,Typeb,Toyota,Food
2026-01-04 17:00:00,5.0,1.8908031052661312,0.3781606210532262,0,0,14,0,1.3050301525,14,Typeb,Toyota,Food
2026-01-04 18:00:00,5.0,1.593989041759267,0.31879780835185345,0,0,14,0,1.3050301525,14,Typeb,Toyota,Food
2026-01-04 19:00:00,0.0,0.0,0.0,1,1,14,100,1.3050301525,14,Typeb,Toyota,Food
2026-01-04 20:00:00,0.0,0.0,0.0,1,1,14,100,1.3050301525,14,Typeb,Toyota,Food
2026-01-04 21:00:00,0.0,0.0,0.0,1,1,14,100,1.3050301525,14,Typeb,Toyota,Food
2026-01-04 22:00:00,0.0,0.0,0.0,1,1,14,100,1.3050301525,14,Typeb,Toyota,Food
2026-01-04 23:00:00,0.0,0.0,0.0,1,1,14,100,1.3050301525,14,Typeb,Toyota,Food
2026-01-05 00:00:00,0.0,0.0,0.0,1,1,14,100,1.3050301525,14,Typeb,Toyota,Food
2026-01-05 01:00:00,0.0,0.0,0.0,1,1,14,100,1.3050301525,14,Typeb,Toyota,Food
2026-01-05 02:00:00,0.0,0.0,0.0,1,1,14,100,1.3050301525,14,Typeb,Toyota,Food
2026-01-05 03:00:00,0.0,0.0,0.0,1,1,14,100,1.3050301525,14,Typeb,Toyota,Food
2026-01-05 04:00:00,0.0,0.0,0.0,1,1,14,100,1.3050301525,14,Typeb,Toyota,Food
2026-01-05 05:00:00,0.0,0.0,0.0,1,1,14,100,1.3050301525,14,Typeb,Toyota,Food
2026-01-05 06:00:00,0.0,0.0,0.0,1,1,14,100,1.3050301525,14,Typeb,Toyota,Food
2026-01-05 07:00:00,5.454545454545454,1.7983688393306125,0.32970095387727893,0,0,14,0,1.226197579604,14,Typeb,Toyota,Food
2026-01-05 08:00:00,5.454545454545454,2.532659447055824,0.46432089862690107,0,0,14,0,1.226197579604,14,Typeb,Toyota,Food
2026-01-05 09:00:00,5.454545454545454,0.6688350434203636,0.12261975796040002,0,0,14,0,1.226197579604,14,Typeb,Toyota,Food
2026-01-05 10:00:00,5.454545454545454,0.6688350434203636,0.12261975796040002,0,0,14,0,1.226197579604,14,Typeb,Toyota,Food
2026-01-05 11:00:00,5.454545454545454,1.8647691838808362,0.34187435037815334,0,0,14,0,1.226197579604,14,Typeb,Toyota,Food
2026-01-05 12:00:00,0.0,0.0,0.0,1,1,14,100,1.226197579604,14,Typeb,Toyota,Food
2026-01-05 13:00:00,6.315789473684211,3.407574555628391,0.5395326379744952,0,0,14,0,1.226197579604,14,Typeb,Toyota,Food
2026-01-05 14:00:00,6.315789473684211,1.2034956947549238,0.19055348500286293,0,0,14,0,1.226197579604,14,Typeb,Toyota,Food
2026-01-05 15:00:00,6.315789473684211,0.7744405765920002,0.12261975796040002,0,0,14,0,1.226197579604,14,Typeb,Toyota,Food
2026-01-05 16:00:00,6.315789473684211,2.1745271044252092,0.3443001248673248,0,0,14,0,1.226197579604,14,Typeb,Toyota,Food
2026-01-05 17:00:00,6.315789473684211,1.5596792153640782,0.24694920909931237,0,0,14,0,1.226197579604,14,Typeb,Toyota,Food
2026-01-05 18:00:00,0.0,0.0,0.0,1,1,14,100,1.226197579604,14,Typeb,Toyota,Food
2026-01-05 19:00:00,0.0,0.0,0.0,1,1,14,100,1.226197579604,14,Typeb,Toyota,Food
2026-01-05 20:00:00,0.0,0.0,0.0,1,1,14,100,1.226197579604,14,Typeb,Toyota,Food
2026-01-05 21:00:00,0.0,0.0,0.0,1,1,14,100,1.226197579604,14,Typeb,Toyota,Food
2026-01-05 22:00:00,0.0,0.0,0.0,1,1,14,100,1.226197579604,14,Typeb,Toyota,Food
2026-01-05 23:00:00,0.0,0.0,0.0,1,1,14,100,1.226197579604,14,Typeb,Toyota,Food
2026-01-06 00:00:00,0.0,0.0,0.0,1,1,14,100,1.226197579604,14,Typeb,Toyota,Food
2026-01-06 01:00:00,0.0,0.0,0.0,1,1,14,100,1.226197579604,14,Typeb,Toyota,Food
2026-01-06 02:00:00,0.0,0.0,0.0,1,1,14,100,1.226197579604,14,Typeb,Toyota,Food
2026-01-06 03:00:00,0.0,0.0,0.0,1,1,14,100,1.226197579604,14,Typeb,Toyota,Food
2026-01-06 04:00:00,0.0,0.0,0.0,1,1,14,100,1.226197579604,14,Typeb,Toyota,Food
2026-01-06 05:00:00,0.0,0.0,0.0,1,1,14,100,1.226197579604,14,Typeb,Toyota,Food
2026-01-06 06:00:00,0.0,0.0,0.0,1,1,14,100,1.226197579604,14,Typeb,Toyota,Food
2026-01-06 07:00:00,0.0,0.0,0.0,1,1,14,100,1.226197579604,14,Typeb,Toyota,Food
2026-01-06 08:00:00,11.969111283747074,2.8319768355069175,0.23660711045042046,0,0,14,0,1.3306301459840002,14,Typeb,Toyota,Food
2026-01-06 09:00:00,11.969111283747074,3.220800876869305,0.26909273383086085,0,0,14,0,1.3306301459840002,14,Typeb,Toyota,Food
2026-01-06 10:00:00,11.969111283747074,7.166907132656001,0.5987835656928001,0,0,14,0,1.3306301459840002,14,Typeb,Toyota,Food
2026-01-06 11:00:00,11.969111283747074,2.788424298060261,0.2329683659844218,0,0,14,0,1.3306301459840002,14,Typeb,Toyota,Food
2026-01-06 12:00:00,0.0,0.0,0.0,1,1,14,100,1.3306301459840002,14,Typeb,Toyota,Food
2026-01-06 13:00:00,8.478120492654178,3.1557071446934666,0.37221777485088964,0,0,14,0,1.3306301459840002,14,Typeb,Toyota,Food
2026-01-06 14:00:00,8.478120492654178,3.9969715242262813,0.471445472813159,0,0,14,0,1.3306301459840002,14,Typeb,Toyota,Food
2026-01-06 15:00:00,8.478120492654178,2.8283787643333493,0.33360917278587665,0,0,14,0,1.3306301459840002,14,Typeb,Toyota,Food
2026-01-06 16:00:00,8.478120492654178,2.5497804884854562,0.3007483192406501,0,0,14,0,1.3306301459840002,14,Typeb,Toyota,Food
2026-01-06 17:00:00,8.478120492654178,2.2260349662017065,0.2625623176894505,0,0,14,0,1.3306301459840002,14,Typeb,Toyota,Food
2026-01-06 18:00:00,8.478120492654178,4.843937323729355,0.5713456570859495,0,0,14,0,1.3306301459840002,14,Typeb,Toyota,Food
2026-01-06 19:00:00,0.0,0.0,0.0,1,1,14,100,1.3306301459840002,14,Typeb,Toyota,Food
2026-01-06 20:00:00,0.0,0.0,0.0,1,1,14,100,1.3306301459840002,14,Typeb,Toyota,Food
2026-01-06 21:00:00,0.0,0.0,0.0,1,1,14,100,1.3306301459840002,14,Typeb,Toyota,Food
2026-01-06 22:00:00,0.0,0.0,0.0,1,1,14,100,1.3306301459840002,14,Typeb,Toyota,Food
2026-01-06 23:00:00,0.0,0.0,0.0,1,1,14,100,1.3306301459840002,14,Typeb,Toyota,Food
2026-01-07 00:00:00,0.0,0.0,0.0,1,1,14,100,1.3306301459840002,14,Typeb,Toyota,Food
2026-01-07 01:00:00,0.0,0.0,0.0,1,1,14,100,1.3306301459840002,14,Typeb,Toyota,Food
2026-01-07 02:00:00,0.0,0.0,0.0,1,1,14,100,1.3306301459840002,14,Typeb,Toyota,Food
2026-01-07 03:00:00,0.0,0.0,0.0,1,1,14,100,1.3306301459840002,14,Typeb,Toyota,Food
2026-01-07 04:00:00,0.0,0.0,0.0,1,1,14,100,1.3306301459840002,14,Typeb,Toyota,Food
2026-01-07 05:00:00,0.0,0.0,0.0,1,1,14,100,1.3306301459840002,14,Typeb,Toyota,Food
2026-01-07 06:00:00,0.0,0.0,0.0,1,1,14,100,1.3306301459840002,14,Typeb,Toyota,Food
2026-01-07 07:00:00,11.833205095312522,2.3019873457517095,0.19453625008693493,0,0,14,0,1.282756305344,14,Typeb,Toyota,Food
2026-01-07 08:00:00,11.833205095312522,3.629454619138788,0.3067177987624436,0,0,14,0,1.282756305344,14,Typeb,Toyota,Food
2026-01-07 09:00:00,11.833205095312522,3.3987200928768453,0.2872188950923514,0,0,14,0,1.282756305344,14,Typeb,Toyota,Food
2026-01-07 10:00:00,11.833205095312522,1.5179118448440887,0.12827563053440003,0,0,14,0,1.282756305344,14,Typeb,Toyota,Food
2026-01-07 11:00:00,11.833205095312522,3.1467970291653757,0.26592939138796085,0,0,14,0,1.282756305344,14,Typeb,Toyota,Food
2026-01-07 12:00:00,0.0,0.0,0.0,1,1,14,100,1.282756305344,14,Typeb,Toyota,Food
2026-01-07 13:00:00,11.295332136434679,3.899083812018644,0.3451942594447136,0,0,14,0,1.282756305344,14,Typeb,Toyota,Food
2026-01-07 14:00:00,11.295332136434679,1.44891585189663,0.12827563053440003,0,0,14,0,1.282756305344,14,Typeb,Toyota,Food
2026-01-07 15:00:00,11.295332136434679,2.3853119090672767,0.21117678349387517,0,0,14,0,1.282756305344,14,Typeb,Toyota,Food
2026-01-07 16:00:00,11.295332136434679,3.582497364876464,0.31716618171152455,0,0,14,0,1.282756305344,14,Typeb,Toyota,Food
2026-01-07 17:00:00,11.295332136434679,2.0103591886207015,0.17798141429909842,0,0,14,0,1.282756305344,14,Typeb,Toyota,Food
2026-01-07 18:00:00,0.0,0.0,0.0,1,1,14,100,1.282756305344,14,Typeb,Toyota,Food
2026-01-07 19:00:00,0.0,0.0,0.0,1,1,14,100,1.282756305344,14,Typeb,Toyota,Food
2026-01-07 20:00:00,0.0,0.0,0.0,1,1,14,100,1.282756305344,14,Typeb,Toyota,Food
2026-01-07 21:00:00,0.0,0.0,0.0,1,1,14,100,1.282756305344,14,Typeb,Toyota,Food
2026-01-07 22:00:00,0.0,0.0,0.0,1,1,14,100,1.282756305344,14,Typeb,Toyota,Food
2026-01-07 23:00:00,0.0,0.0,0.0,1,1,14,100,1.282756305344,14,Typeb,Toyota,Food
2026-01-08 00:00:00,0.0,0.0,0.0,1,1,14,100,1.282756305344,14,Typeb,Toyota,Food
2026-01-08 01:00:00,0.0,0.0,0.0,1,1,14,100,1.282756305344,14,Typeb,Toyota,Food
2026-01-08 02:00:00,0.0,0.0,0.0,1,1,14,100,1.282756305344,14,Typeb,Toyota,Food
2026-01-08 03:00:00,0.0,0.0,0.0,1,1,14,100,1.282756305344,14,Typeb,Toyota,Food
2026-01-08 04:00:00,0.0,0.0,0.0,1,1,14,100,1.282756305344,14,Typeb,Toyota,Food
2026-01-08 05:00:00,5.806960071625317,2.8139032566290023,0.48457423883085454,0,0,14,0,1.176585222144,14,Typeb,Toyota,Food
2026-01-08 06:00:00,5.806960071625317,0.6832383405854613,0.11765852221440001,0,0,14,0,1.176585222144,14,Typeb,Toyota,Food
2026-01-08 07:00:00,5.806960071625317,1.9388160011006077,0.33387796320045127,0,0,14,0,1.176585222144,14,Typeb,Toyota,Food
2026-01-08 08:00:00,5.806960071625317,2.2758418367361672,0.3919162192722257,0,0,14,0,1.176585222144,14,Typeb,Toyota,Food
2026-01-08 09:00:00,5.806960071625317,1.1256017342284295,0.19383665813865042,0,0,14,0,1.176585222144,14,Typeb,Toyota,Food
2026-01-08 10:00:00,5.806960071625317,1.572567403654367,0.27080733882405,0,0,14,0,1.176585222144,14,Typeb,Toyota,Food
2026-01-08 11:00:00,5.806960071625317,1.220194208771498,0.21012615787281907,0,0,14,0,1.176585222144,14,Typeb,Toyota,Food
2026-01-08 12:00:00,0.0,0.0,0.0,1,1,14,100,1.176585222144,14,Typeb,Toyota,Food
2026-01-08 13:00:00,7.321819220744965,3.876634932452291,0.5294633499648,0,0,14,0,1.176585222144,14,Typeb,Toyota,Food
2026-01-08 14:00:00,7.321819220744965,3.876634932452291,0.5294633499648,0,0,14,0,1.176585222144,14,Typeb,Toyota,Food
2026-01-08 15:00:00,7.321819220744965,2.6540753578355036,0.3624885124609048,0,0,14,0,1.176585222144,14,Typeb,Toyota,Food
2026-01-08 16:00:00,7.321819220744965,3.274987637907588,0.44729151856529603,0,0,14,0,1.176585222144,14,Typeb,Toyota,Food
2026-01-08 17:00:00,7.321819220744965,1.3756928883285533,0.18788949123884296,0,0,14,0,1.176585222144,14,Typeb,Toyota,Food
2026-01-08 18:00:00,7.321819220744965,0.8614744294338424,0.11765852221440001,0,0,14,0,1.176585222144,14,Typeb,Toyota,Food
2026-01-08 19:00:00,0.0,0.0,0.0,1,1,14,100,1.176585222144,14,Typeb,Toyota,Food
2026-01-08 20:00:00,0.0,0.0,0.0,1,1,14,100,1.176585222144,14,Typeb,Toyota,Food
2026-01-08 21:00:00,0.0,0.0,0.0,1,1,14,100,1.176585222144,14,Typeb,Toyota,Food
2026-01-08 22:00:00,0.0,0.0,0.0,1,1,14,100,1.176585222144,14,Typeb,Toyota,Food
2026-01-08 23:00:00,0.0,0.0,0.0,1,1,14,100,1.176585222144,14,Typeb,Toyota,Food
2026-01-09 00:00:00,0.0,0.0,0.0,1,1,14,100,1.176585222144,14,Typeb,Toyota,Food
2026-01-09 01:00:00,0.0,0.0,0.0,1,1,14,100,1.176585222144,14,Typeb,Toyota,Food
2026-01-09 02:00:00,0.0,0.0,0.0,1,1,14,100,1.176585222144,14,Typeb,Toyota,Food
2026-01-09 03:00:00,0.0,0.0,0.0,1,1,14,100,1.176585222144,14,Typeb,Toyota,Food
2026-01-09 04:00:00,0.0,0.0,0.0,1,1,14,100,1.176585222144,14,Typeb,Toyota,Food
2026-01-09 05:00:00,6.528079694394408,2.1231551776501267,0.32523426138214234,0,0,14,0,1.137342385344,14,Typeb,Toyota,Food
2026-01-09 06:00:00,6.528079694394408,3.1644621604238674,0.4847462513579847,0,0,14,0,1.137342385344,14,Typeb,Toyota,Food
2026-01-09 07:00:00,6.528079694394408,1.8980850378526626,0.29075702606426945,0,0,14,0,1.137342385344,14,Typeb,Toyota,Food
2026-01-09 08:00:00,6.528079694394408,0.9909883218256861,0.1518039558672418,0,0,14,0,1.137342385344,14,Typeb,Toyota,Food
2026-01-09 09:00:00,6.528079694394408,1.4753498318623117,0.2260005853067601,0,0,14,0,1.137342385344,14,Typeb,Toyota,Food
2026-01-09 10:00:00,6.528079694394408,2.3992507756229506,0.3675278011209271,0,0,14,0,1.137342385344,14,Typeb,Toyota,Food
2026-01-09 11:00:00,6.528079694394408,0.9661538517086897,0.1479997023532534,0,0,14,0,1.137342385344,14,Typeb,Toyota,Food
2026-01-09 12:00:00,0.0,0.0,0.0,1,1,14,100,1.137342385344,14,Typeb,Toyota,Food
2026-01-09 13:00:00,6.779159682640346,1.7423679446345417,0.25701827751546996,0,0,14,0,1.137342385344,14,Typeb,Toyota,Food
2026-01-09 14:00:00,6.779159682640346,1.7753375437546668,0.2618816530167952,0,0,14,0,1.137342385344,14,Typeb,Toyota,Food
2026-01-09 15:00:00,6.779159682640346,1.1280771414730681,0.16640368338892775,0,0,14,0,1.137342385344,14,Typeb,Toyota,Food
2026-01-09 16:00:00,6.779159682640346,1.7512768908577678,0.2583324442618352,0,0,14,0,1.137342385344,14,Typeb,Toyota,Food
2026-01-09 17:00:00,6.779159682640346,3.46960153983692,0.5118040734047999,0,0,14,0,1.137342385344,14,Typeb,Toyota,Food
2026-01-09 18:00:00,6.779159682640346,1.1186908198305492,0.16501909856102429,0,0,14,0,1.137342385344,14,Typeb,Toyota,Food
2026-01-09 19:00:00,6.779159682640346,1.7435537107746462,0.25719319095542637,0,0,14,0,1.137342385344,14,Typeb,Toyota,Food
2026-01-09 20:00:00,0.0,0.0,0.0,1,1,14,100,1.137342385344,14,Typeb,Toyota,Food
2026-01-09 21:00:00,0.0,0.0,0.0,1,1,14,100,1.137342385344,14,Typeb,Toyota,Food
2026-01-09 22:00:00,0.0,0.0,0.0,1,1,14,100,1.137342385344,14,Typeb,Toyota,Food
2026-01-09 23:00:00,0.0,0.0,0.0,1,1,14,100,1.137342385344,14,Typeb,Toyota,Food
2026-01-10 00:00:00,0.0,0.0,0.0,1,1,14,100,1.137342385344,14,Typeb,Toyota,Food
2026-01-10 01:00:00,0.0,0.0,0.0,1,1,14,100,1.137342385344,14,Typeb,Toyota,Food
2026-01-10 02:00:00,0.0,0.0,0.0,1,1,14,100,1.137342385344,14,Typeb,Toyota,Food
2026-01-10 03:00:00,0.0,0.0,0.0,1,1,14,100,1.137342385344,14,Typeb,Toyota,Food
2026-01-10 04:00:00,0.0,0.0,0.0,1,1,14,100,1.137342385344,14,Typeb,Toyota,Food
2026-01-10 05:00:00,0.0,0.0,0.0,1,1,14,100,1.137342385344,14,Typeb,Toyota,Food
2026-01-10 06:00:00,0.0,0.0,0.0,1,1,14,100,1.137342385344,14,Typeb,Toyota,Food
2026-01-10 07:00:00,0.0,0.0,0.0,1,1,14,100,1.137342385344,14,Typeb,Toyota,Food
2026-01-10 08:00:00,0.0,0.0,0.0,1,1,14,100,1.137342385344,14,Typeb,Toyota,Food
2026-01-10 09:00:00,8.0,2.3025878582239527,0.2878234822779941,0,0,14,0,1.18961004,14,Typeb,Toyota,Food
2026-01-10 10:00:00,8.0,1.5443049309386554,0.19303811636733192,0,0,14,0,1.18961004,14,Typeb,Toyota,Food
2026-01-10 11:00:00,8.0,3.753911565769433,0.46923894572117913,0,0,14,0,1.18961004,14,Typeb,Toyota,Food
2026-01-10 12:00:00,8.0,2.9499745825059933,0.36874682281324916,0,0,14,0,1.18961004,14,Typeb,Toyota,Food
2026-01-10 13:00:00,4.8,1.4821186809709777,0.308774725202287,0,0,14,0,1.18961004,14,Typeb,Toyota,Food
2026-01-10 14:00:00,4.8,1.6262344993355495,0.3387988540282395,0,0,14,0,1.18961004,14,Typeb,Toyota,Food
2026-01-10 15:00:00,4.8,1.1349514640465255,0.2364482216763595,0,0,14,0,1.18961004,14,Typeb,Toyota,Food
2026-01-10 16:00:00,4.8,1.4172669245677414,0.29526394261827943,0,0,14,0,1.18961004,14,Typeb,Toyota,Food
2026-01-10 17:00:00,4.8,1.1610375437677847,0.24188282161828847,0,0,14,0,1.18961004,14,Typeb,Toyota,Food
2026-01-10 18:00:00,4.8,1.3384871625958905,0.2788514922074772,0,0,14,0,1.18961004,14,Typeb,Toyota,Food
2026-01-10 19:00:00,0.0,0.0,0.0,1,1,14,100,1.18961004,14,Typeb,Toyota,Food
2026-01-10 20:00:00,0.0,0.0,0.0,1,1,14,100,1.18961004,14,Typeb,Toyota,Food
2026-01-10 21:00:00,0.0,0.0,0.0,1,1,14,100,1.18961004,14,Typeb,Toyota,Food
2026-01-10 22:00:00,0.0,0.0,0.0,1,1,14,100,1.18961004,14,Typeb,Toyota,Food
2026-01-10 23:00:00,0.0,0.0,0.0,1,1,14,100,1.18961004,14,Typeb,Toyota,Food
2026-01-11 00:00:00,0.0,0.0,0.0,1,1,14,100,1.18961004,14,Typeb,Toyota,Food
2026-01-11 01:00:00,0.0,0.0,0.0,1,1,14,100,1.18961004,14,Typeb,Toyota,Food
2026-01-11 02:00:00,0.0,0.0,0.0,1,1,14,100,1.18961004,14,Typeb,Toyota,Food
2026-01-11 03:00:00,0.0,0.0,0.0,1,1,14,100,1.18961004,14,Typeb,Toyota,Food
2026-01-11 04:00:00,0.0,0.0,0.0,1,1,14,100,1.18961004,14,Typeb,Toyota,Food
2026-01-11 05:00:00,0.0,0.0,0.0,1,1,14,100,1.18961004,14,Typeb,Toyota,Food
2026-01-11 06:00:00,0.0,0.0,0.0,1,1,14,100,1.18961004,14,Typeb,Toyota,Food
2026-01-11 07:00:00,0.0,0.0,0.0,1,1,14,100,1.18961004,14,Typeb,Toyota,Food
2026-01-11 08:00:00,0.0,0.0,0.0,1,1,14,100,1.18961004,14,Typeb,Toyota,Food
2026-01-11 09:00:00,9.23076923076923,2.684402582489148,0.2908102797696577,0,0,14,0,1.122069513044,14,Typeb,Toyota,Food
2026-01-11 10:00:00,9.23076923076923,4.088282456755145,0.4428972661484741,0,0,14,0,1.122069513044,14,Typeb,Toyota,Food
2026-01-11 11:00:00,9.23076923076923,2.7210566751567526,0.2947811398086483,0,0,14,0,1.122069513044,14,Typeb,Toyota,Food
2026-01-11 12:00:00,9.23076923076923,3.0207183780053506,0.32724449095057967,0,0,14,0,1.122069513044,14,Typeb,Toyota,Food
2026-01-11 13:00:00,5.0,0.561034756522,0.1122069513044,0,0,14,0,1.122069513044,14,Typeb,Toyota,Food
2026-01-11 14:00:00,5.0,2.0634789706835925,0.4126957941367185,0,0,14,0,1.122069513044,14,Typeb,Toyota,Food
2026-01-11 15:00:00,5.0,0.6335114709792714,0.12670229419585427,0,0,14,0,1.122069513044,14,Typeb,Toyota,Food
2026-01-11 16:00:00,5.0,1.3499278259991458,0.2699855651998292,0,0,14,0,1.122069513044,14,Typeb,Toyota,Food
2026-01-11 17:00:00,5.0,2.524656404349,0.5049312808698,0,0,14,0,1.122069513044,14,Typeb,Toyota,Food
2026-01-11 18:00:00,5.0,0.9505403708558172,0.19010807417116346,0,0,14,0,1.122069513044,14,Typeb,Toyota,Food
2026-01-11 19:00:00,0.0,0.0,0.0,1,1,14,100,1.122069513044,14,Typeb,Toyota,Food
2026-01-11 20:00:00,0.0,0.0,0.0,1,1,14,100,1.122069513044,14,Typeb,Toyota,Food
2026-01-11 21:00:00,0.0,0.0,0.0,1,1,14,100,1.122069513044,14,Typeb,Toyota,Food
2026-01-11 22:00:00,0.0,0.0,0.0,1,1,14,100,1.122069513044,14,Typeb,Toyota,Food
2026-01-11 23:00:00,0.0,0.0,0.0,1,1,14,100,1.122069513044,14,Typeb,Toyota,Food
2026-01-12 00:00:00,0.0,0.0,0.0,1,1,14,100,1.122069513044,14,Typeb,Toyota,Food
2026-01-12 01:00:00,0.0,0.0,0.0,1,1,14,100,1.122069513044,14,Typeb,Toyota,Food
2026-01-12 02:00:00,0.0,0.0,0.0,1,1,14,100,1.122069513044,14,Typeb,Toyota,Food
2026-01-12 03:00:00,0.0,0.0,0.0,1,1,14,100,1.122069513044,14,Typeb,Toyota,Food
2026-01-12 04:00:00,0.0,0.0,0.0,1,1,14,100,1.122069513044,14,Typeb,Toyota,Food
2026-01-12 05:00:00,0.0,0.0,0.0,1,1,14,100,1.122069513044,14,Typeb,Toyota,Food
2026-01-12 06:00:00,7.615692487707623,3.8379297298737853,0.5039501970528,0,0,14,0,1.119889326784,14,Typeb,Toyota,Food
2026-01-12 07:00:00,7.615692487707623,1.8437009271035671,0.2420923547109416,0,0,14,0,1.119889326784,14,Typeb,Toyota,Food
2026-01-12 08:00:00,7.615692487707623,3.251163885768769,0.4269032515449416,0,0,14,0,1.119889326784,14,Typeb,Toyota,Food
2026-01-12 09:00:00,7.615692487707623,1.679839436200239,0.22057605909267514,0,0,14,0,1.119889326784,14,Typeb,Toyota,Food
2026-01-12 10:00:00,7.615692487707623,3.8379297298737853,0.5039501970528,0,0,14,0,1.119889326784,14,Typeb,Toyota,Food
2026-01-12 11:00:00,7.615692487707623,2.266276829709789,0.29757987646793155,0,0,14,0,1.119889326784,14,Typeb,Toyota,Food
2026-01-12 12:00:00,0.0,0.0,0.0,1,1,14,100,1.119889326784,14,Typeb,Toyota,Food
2026-01-12 13:00:00,7.071714452871364,1.3935462643385388,0.19705918184701451,0,0,14,0,1.119889326784,14,Typeb,Toyota,Food
2026-01-12 14:00:00,7.071714452871364,2.4962514081181375,0.3529909790269561,0,0,14,0,1.119889326784,14,Typeb,Toyota,Food
2026-01-12 15:00:00,7.071714452871364,2.4192419042055975,0.34210118639947357,0,0,14,0,1.119889326784,14,Typeb,Toyota,Food
2026-01-12 16:00:00,7.071714452871364,0.9594575810399714,0.1356753850051734,0,0,14,0,1.119889326784,14,Typeb,Toyota,Food
2026-01-12 17:00:00,7.071714452871364,3.5637918920256575,0.5039501970528,0,0,14,0,1.119889326784,14,Typeb,Toyota,Food
2026-01-12 18:00:00,7.071714452871364,3.5637918920256575,0.5039501970528,0,0,14,0,1.119889326784,14,Typeb,Toyota,Food
2026-01-12 19:00:00,7.071714452871364,3.0456461871386793,0.43068002921159243,0,0,14,0,1.119889326784,14,Typeb,Toyota,Food
2026-01-12 20:00:00,0.0,0.0,0.0,1,1,14,100,1.119889326784,14,Typeb,Toyota,Food
2026-01-12 21:00:00,0.0,0.0,0.0,1,1,14,100,1.119889326784,14,Typeb,Toyota,Food
2026-01-12 22:00:00,0.0,0.0,0.0,1,1,14,100,1.119889326784,14,Typeb,Toyota,Food
2026-01-12 23:00:00,0.0,0.0,0.0,1,1,14,100,1.119889326784,14,Typeb,Toyota,Food
2026-01-13 00:00:00,0.0,0.0,0.0,1,1,14,100,1.119889326784,14,Typeb,Toyota,Food
2026-01-13 01:00:00,0.0,0.0,0.0,1,1,14,100,1.119889326784,14,Typeb,Toyota,Food
2026-01-13 02:00:00,0.0,0.0,0.0,1,1,14,100,1.119889326784,14,Typeb,Toyota,Food
2026-01-13 03:00:00,0.0,0.0,0.0,1,1,14,100,1.119889326784,14,Typeb,Toyota,Food
2026-01-13 04:00:00,0.0,0.0,0.0,1,1,14,100,1.119889326784,14,Typeb,Toyota,Food
2026-01-13 05:00:00,0.0,0.0,0.0,1,1,14,100,1.119889326784,14,Typeb,Toyota,Food
2026-01-13 06:00:00,0.0,0.0,0.0,1,1,14,100,1.119889326784,14,Typeb,Toyota,Food
2026-01-13 07:00:00,6.865080423622504,0.7718068313876904,0.11242502400000001,0,0,14,0,1.12425024,14,Typeb,Toyota,Food
2026-01-13 08:00:00,6.865080423622504,0.7718068313876904,0.11242502400000001,0,0,14,0,1.12425024,14,Typeb,Toyota,Food
2026-01-13 09:00:00,6.865080423622504,1.5498247987203624,0.22575479136230783,0,0,14,0,1.12425024,14,Typeb,Toyota,Food
2026-01-13 10:00:00,6.865080423622504,2.3900950093965694,0.3481525141602617,0,0,14,0,1.12425024,14,Typeb,Toyota,Food
2026-01-13 11:00:00,6.865080423622504,0.7718068313876904,0.11242502400000001,0,0,14,0,1.12425024,14,Typeb,Toyota,Food
2026-01-13 12:00:00,6.865080423622504,0.7718068313876904,0.11242502400000001,0,0,14,0,1.12425024,14,Typeb,Toyota,Food
2026-01-13 13:00:00,5.639173205118486,1.023549576307437,0.18150702932451088,0,0,14,0,1.12425024,14,Typeb,Toyota,Food
2026-01-13 14:00:00,5.639173205118486,1.2921925900054887,0.2291457529328252,0,0,14,0,1.12425024,14,Typeb,Toyota,Food
2026-01-13 15:00:00,5.639173205118486,1.3003374844200573,0.230590094881247,0,0,14,0,1.12425024,14,Typeb,Toyota,Food
2026-01-13 16:00:00,5.639173205118486,2.1084969218890075,0.3739017840372763,0,0,14,0,1.12425024,14,Typeb,Toyota,Food
2026-01-13 17:00:00,5.639173205118486,1.6934327809291847,0.30029806131723585,0,0,14,0,1.12425024,14,Typeb,Toyota,Food
2026-01-13 18:00:00,5.639173205118486,1.944880731464097,0.3448875678616849,0,0,14,0,1.12425024,14,Typeb,Toyota,Food
2026-01-13 19:00:00,5.639173205118486,2.099614989824348,0.37232674249455555,0,0,14,0,1.12425024,14,Typeb,Toyota,Food
2026-01-13 20:00:00,0.0,0.0,0.0,1,1,14,100,1.12425024,14,Typeb,Toyota,Food
2026-01-13 21:00:00,0.0,0.0,0.0,1,1,14,100,1.12425024,14,Typeb,Toyota,Food
2026-01-13 22:00:00,0.0,0.0,0.0,1,1,14,100,1.12425024,14,Typeb,Toyota,Food
2026-01-13 23:00:00,0.0,0.0,0.0,1,1,14,100,1.12425024,14,Typeb,Toyota,Food
2026-01-14 00:00:00,0.0,0.0,0.0,1,1,14,100,1.12425024,14,Typeb,Toyota,Food
2026-01-14 01:00:00,0.0,0.0,0.0,1,1,14,100,1.12425024,14,Typeb,Toyota,Food
2026-01-14 02:00:00,0.0,0.0,0.0,1,1,14,100,1.12425024,14,Typeb,Toyota,Food
2026-01-14 03:00:00,0.0,0.0,0.0,1,1,14,100,1.12425024,14,Typeb,Toyota,Food
2026-01-14 04:00:00,0.0,0.0,0.0,1,1,14,100,1.12425024,14,Typeb,Toyota,Food
2026-01-14 05:00:00,0.0,0.0,0.0,1,1,14,100,1.12425024,14,Typeb,Toyota,Food
2026-01-14 06:00:00,0.0,0.0,0.0,1,1,14,100,1.12425024,14,Typeb,Toyota,Food
2026-01-14 07:00:00,7.697595721747758,0.8486406843333861,0.11024750000000001,0,0,14,0,1.102475,14,Typeb,Toyota,Food
2026-01-14 08:00:00,7.697595721747758,1.9414005793496196,0.25220869600421414,0,0,14,0,1.102475,14,Typeb,Toyota,Food
2026-01-14 09:00:00,7.697595721747758,2.8231591881469265,0.36675856854507827,0,0,14,0,1.102475,14,Typeb,Toyota,Food
2026-01-14 10:00:00,7.697595721747758,1.6438167777612764,0.21354937790731932,0,0,14,0,1.102475,14,Typeb,Toyota,Food
2026-01-14 11:00:00,7.697595721747758,0.8486406843333861,0.11024750000000001,0,0,14,0,1.102475,14,Typeb,Toyota,Food
2026-01-14 12:00:00,0.0,0.0,0.0,1,1,14,100,1.102475,14,Typeb,Toyota,Food
2026-01-14 13:00:00,0.0,0.0,0.0,1,1,14,100,1.102475,14,Typeb,Toyota,Food
2026-01-14 14:00:00,9.621994652184698,2.248884208467703,0.23372328605037085,0,0,14,0,1.102475,14,Typeb,Toyota,Food
2026-01-14 15:00:00,9.621994652184698,1.0608008554167327,0.11024750000000001,0,0,14,0,1.102475,14,Typeb,Toyota,Food
2026-01-14 16:00:00,9.621994652184698,1.0608008554167327,0.11024750000000001,0,0,14,0,1.102475,14,Typeb,Toyota,Food
2026-01-14 17:00:00,9.621994652184698,1.9488716766023597,0.2025434171447875,0,0,14,0,1.102475,14,Typeb,Toyota,Food
2026-01-14 18:00:00,0.0,0.0,0.0,1,1,14,100,1.102475,14,Typeb,Toyota,Food
2026-01-14 19:00:00,0.0,0.0,0.0,1,1,14,100,1.102475,14,Typeb,Toyota,Food
2026-01-14 20:00:00,0.0,0.0,0.0,1,1,14,100,1.102475,14,Typeb,Toyota,Food
2026-01-14 21:00:00,0.0,0.0,0.0,1,1,14,100,1.102475,14,Typeb,Toyota,Food
2026-01-14 22:00:00,0.0,0.0,0.0,1,1,14,100,1.102475,14,Typeb,Toyota,Food
2026-01-14 23:00:00,0.0,0.0,0.0,1,1,14,100,1.102475,14,Typeb,Toyota,Food
2026-01-01 00:00:00,0.0,0.0,0.0,1,1,15,100,1.0,15,Typeb,Toyota,Food
2026-01-01 01:00:00,0.0,0.0,0.0,1,1,15,100,1.0,15,Typeb,Toyota,Food
2026-01-01 02:00:00,0.0,0.0,0.0,1,1,15,100,1.0,15,Typeb,Toyota,Food
2026-01-01 03:00:00,0.0,0.0,0.0,1,1,15,100,1.0,15,Typeb,Toyota,Food
2026-01-01 04:00:00,0.0,0.0,0.0,1,1,15,100,1.0,15,Typeb,Toyota,Food
2026-01-01 05:00:00,0.0,0.0,0.0,1,1,15,100,1.0,15,Typeb,Toyota,Food
2026-01-01 06:00:00,0.0,0.0,0.0,1,1,15,100,1.0,15,Typeb,Toyota,Food
2026-01-01 07:00:00,8.385640249417968,3.4634677852006845,0.41302365498461224,0,0,15,0,1.1329772784640002,15,Typeb,Toyota,Food
2026-01-01 08:00:00,8.385640249417968,2.4847480735910628,0.29630988209439635,0,0,15,0,1.1329772784640002,15,Typeb,Toyota,Food
2026-01-01 09:00:00,8.385640249417968,4.275332940583687,0.5098397753088001,0,0,15,0,1.1329772784640002,15,Typeb,Toyota,Food
2026-01-01 10:00:00,8.385640249417968,1.4581210115793781,0.17388308682578935,0,0,15,0,1.1329772784640002,15,Typeb,Toyota,Food
2026-01-01 11:00:00,8.385640249417968,4.275332940583687,0.5098397753088001,0,0,15,0,1.1329772784640002,15,Typeb,Toyota,Food
2026-01-01 12:00:00,8.385640249417968,2.524219806302004,0.3010169445889603,0,0,15,0,1.1329772784640002,15,Typeb,Toyota,Food
2026-01-01 13:00:00,6.832743906933159,1.6810228972698196,0.24602457228992472,0,0,15,0,1.1329772784640002,15,Typeb,Toyota,Food
2026-01-01 14:00:00,6.832743906933159,2.7565947934125075,0.40343891575028906,0,0,15,0,1.1329772784640002,15,Typeb,Toyota,Food
2026-01-01 15:00:00,6.832743906933159,1.8797727309140533,0.27511242284474546,0,0,15,0,1.1329772784640002,15,Typeb,Toyota,Food
2026-01-01 16:00:00,6.832743906933159,3.4836046182533744,0.5098397753088001,0,0,15,0,1.1329772784640002,15,Typeb,Toyota,Food
2026-01-01 17:00:00,6.832743906933159,1.4914029755537248,0.21827292166480936,0,0,15,0,1.1329772784640002,15,Typeb,Toyota,Food
2026-01-01 18:00:00,6.832743906933159,0.9874626653955647,0.144519197389147,0,0,15,0,1.1329772784640002,15,Typeb,Toyota,Food
2026-01-01 19:00:00,6.832743906933159,2.2915707097345495,0.33538074029224213,0,0,15,0,1.1329772784640002,15,Typeb,Toyota,Food
2026-01-01 20:00:00,0.0,0.0,0.0,1,1,15,100,1.1329772784640002,15,Typeb,Toyota,Food
2026-01-01 21:00:00,0.0,0.0,0.0,1,1,15,100,1.1329772784640002,15,Typeb,Toyota,Food
2026-01-01 22:00:00,0.0,0.0,0.0,1,1,15,100,1.1329772784640002,15,Typeb,Toyota,Food
2026-01-01 23:00:00,0.0,0.0,0.0,1,1,15,100,1.1329772784640002,15,Typeb,Toyota,Food
2026-01-02 00:00:00,0.0,0.0,0.0,1,1,15,100,1.1329772784640002,15,Typeb,Toyota,Food
2026-01-02 01:00:00,0.0,0.0,0.0,1,1,15,100,1.1329772784640002,15,Typeb,Toyota,Food
2026-01-02 02:00:00,0.0,0.0,0.0,1,1,15,100,1.1329772784640002,15,Typeb,Toyota,Food
2026-01-02 03:00:00,0.0,0.0,0.0,1,1,15,100,1.1329772784640002,15,Typeb,Toyota,Food
2026-01-02 04:00:00,0.0,0.0,0.0,1,1,15,100,1.1329772784640002,15,Typeb,Toyota,Food
2026-01-02 05:00:00,0.0,0.0,0.0,1,1,15,100,1.1329772784640002,15,Typeb,Toyota,Food
2026-01-02 06:00:00,0.0,0.0,0.0,1,1,15,100,1.1329772784640002,15,Typeb,Toyota,Food
2026-01-02 07:00:00,5.714285714285714,0.9302511031194165,0.16279394304589787,0,0,15,0,1.23259004,15,Typeb,Toyota,Food
2026-01-02 08:00:00,5.714285714285714,1.7675008709055442,0.3093126524084702,0,0,15,0,1.23259004,15,Typeb,Toyota,Food
2026-01-02 09:00:00,5.714285714285714,3.169517245714286,0.5546655180000001,0,0,15,0,1.23259004,15,Typeb,Toyota,Food
2026-01-02 10:00:00,5.714285714285714,2.1534695295292385,0.37685716766761673,0,0,15,0,1.23259004,15,Typeb,Toyota,Food
2026-01-02 11:00:00,5.714285714285714,3.169517245714286,0.5546655180000001,0,0,15,0,1.23259004,15,Typeb,Toyota,Food
2026-01-02 12:00:00,0.0,0.0,0.0,1,1,15,100,1.23259004,15,Typeb,Toyota,Food
2026-01-02 13:00:00,0.0,0.0,0.0,1,1,15,100,1.23259004,15,Typeb,Toyota,Food
2026-01-02 14:00:00,4.285714285714286,1.8520765560232102,0.4321511964054157,0,0,15,0,1.23259004,15,Typeb,Toyota,Food
2026-01-02 15:00:00,4.285714285714286,1.6810128840120164,0.39223633960280385,0,0,15,0,1.23259004,15,Typeb,Toyota,Food
2026-01-02 16:00:00,4.285714285714286,1.7341333235961824,0.40463110883910924,0,0,15,0,1.23259004,15,Typeb,Toyota,Food
2026-01-02 17:00:00,4.285714285714286,1.6232329269887844,0.3787543496307164,0,0,15,0,1.23259004,15,Typeb,Toyota,Food
2026-01-02 18:00:00,4.285714285714286,1.6105688165693897,0.3757993905328576,0,0,15,0,1.23259004,15,Typeb,Toyota,Food
2026-01-02 19:00:00,4.285714285714286,1.5941007804973066,0.3719568487827049,0,0,15,0,1.23259004,15,Typeb,Toyota,Food
2026-01-02 20:00:00,4.285714285714286,1.6660968029875487,0.3887559206970947,0,0,15,0,1.23259004,15,Typeb,Toyota,Food
2026-01-02 21:00:00,0.0,0.0,0.0,1,1,15,100,1.23259004,15,Typeb,Toyota,Food
2026-01-02 22:00:00,0.0,0.0,0.0,1,1,15,100,1.23259004,15,Typeb,Toyota,Food
2026-01-02 23:00:00,0.0,0.0,0.0,1,1,15,100,1.23259004,15,Typeb,Toyota,Food
2026-01-03 00:00:00,0.0,0.0,0.0,1,1,15,100,1.23259004,15,Typeb,Toyota,Food
2026-01-03 01:00:00,0.0,0.0,0.0,1,1,15,100,1.23259004,15,Typeb,Toyota,Food
2026-01-03 02:00:00,0.0,0.0,0.0,1,1,15,100,1.23259004,15,Typeb,Toyota,Food
2026-01-03 03:00:00,0.0,0.0,0.0,1,1,15,100,1.23259004,15,Typeb,Toyota,Food
2026-01-03 04:00:00,0.0,0.0,0.0,1,1,15,100,1.23259004,15,Typeb,Toyota,Food
2026-01-03 05:00:00,0.0,0.0,0.0,1,1,15,100,1.23259004,15,Typeb,Toyota,Food
2026-01-03 06:00:00,0.0,0.0,0.0,1,1,15,100,1.23259004,15,Typeb,Toyota,Food
2026-01-03 07:00:00,0.0,0.0,0.0,1,1,15,100,1.23259004,15,Typeb,Toyota,Food
2026-01-03 08:00:00,6.315789473684211,0.7636099010551579,0.1209049010004,0,0,15,0,1.209049010004,15,Typeb,Toyota,Food
2026-01-03 09:00:00,6.315789473684211,1.6225833921254507,0.2569090370865297,0,0,15,0,1.209049010004,15,Typeb,Toyota,Food
2026-01-03 10:00:00,6.315789473684211,1.875234826125575,0.2969121808032161,0,0,15,0,1.209049010004,15,Typeb,Toyota,Food
2026-01-03 11:00:00,6.315789473684211,0.7636099010551579,0.1209049010004,0,0,15,0,1.209049010004,15,Typeb,Toyota,Food
2026-01-03 12:00:00,0.0,0.0,0.0,1,1,15,100,1.209049010004,15,Typeb,Toyota,Food
2026-01-03 13:00:00,0.0,0.0,0.0,1,1,15,100,1.209049010004,15,Typeb,Toyota,Food
2026-01-03 14:00:00,4.615384615384615,1.530233532367466,0.33155059867961767,0,0,15,0,1.209049010004,15,Typeb,Toyota,Food
2026-01-03 15:00:00,4.615384615384615,1.4645139408738577,0.31731135385600256,0,0,15,0,1.209049010004,15,Typeb,Toyota,Food
2026-01-03 16:00:00,4.615384615384615,2.1063490817386707,0.456375634376712,0,0,15,0,1.209049010004,15,Typeb,Toyota,Food
2026-01-03 17:00:00,4.615384615384615,0.5580226200018461,0.1209049010004,0,0,15,0,1.209049010004,15,Typeb,Toyota,Food
2026-01-03 18:00:00,4.615384615384615,1.43415750601928,0.31073412630417735,0,0,15,0,1.209049010004,15,Typeb,Toyota,Food
2026-01-03 19:00:00,4.615384615384615,1.0338140730139913,0.2239930491530315,0,0,15,0,1.209049010004,15,Typeb,Toyota,Food
2026-01-03 20:00:00,0.0,0.0,0.0,1,1,15,100,1.209049010004,15,Typeb,Toyota,Food
2026-01-03 21:00:00,0.0,0.0,0.0,1,1,15,100,1.209049010004,15,Typeb,Toyota,Food
2026-01-03 22:00:00,0.0,0.0,0.0,1,1,15,100,1.209049010004,15,Typeb,Toyota,Food
2026-01-03 23:00:00,0.0,0.0,0.0,1,1,15,100,1.209049010004,15,Typeb,Toyota,Food
2026-01-04 00:00:00,0.0,0.0,0.0,1,1,15,100,1.209049010004,15,Typeb,Toyota,Food
2026-01-04 01:00:00,0.0,0.0,0.0,1,1,15,100,1.209049010004,15,Typeb,Toyota,Food
2026-01-04 02:00:00,0.0,0.0,0.0,1,1,15,100,1.209049010004,15,Typeb,Toyota,Food
2026-01-04 03:00:00,0.0,0.0,0.0,1,1,15,100,1.209049010004,15,Typeb,Toyota,Food
2026-01-04 04:00:00,0.0,0.0,0.0,1,1,15,100,1.209049010004,15,Typeb,Toyota,Food
2026-01-04 05:00:00,0.0,0.0,0.0,1,1,15,100,1.209049010004,15,Typeb,Toyota,Food
2026-01-04 06:00:00,0.0,0.0,0.0,1,1,15,100,1.209049010004,15,Typeb,Toyota,Food
2026-01-04 07:00:00,0.0,0.0,0.0,1,1,15,100,1.209049010004,15,Typeb,Toyota,Food
2026-01-04 08:00:00,0.0,0.0,0.0,1,1,15,100,1.209049010004,15,Typeb,Toyota,Food
2026-01-04 09:00:00,0.0,0.0,0.0,1,1,15,100,1.209049010004,15,Typeb,Toyota,Food
2026-01-04 10:00:00,15.0,5.253007197771785,0.35020047985145236,0,0,15,0,1.3050301525,15,Typeb,Toyota,Food
2026-01-04 11:00:00,15.0,6.887441103988449,0.45916274026589654,0,0,15,0,1.3050301525,15,Typeb,Toyota,Food
2026-01-04 12:00:00,0.0,0.0,0.0,1,1,15,100,1.3050301525,15,Typeb,Toyota,Food
2026-01-04 13:00:00,5.454545454545454,2.7273673930803324,0.5000173553980609,0,0,15,0,1.3050301525,15,Typeb,Toyota,Food
2026-01-04 14:00:00,5.454545454545454,2.6761434244573907,0.49062629448385503,0,0,15,0,1.3050301525,15,Typeb,Toyota,Food
2026-01-04 15:00:00,5.454545454545454,3.153843121686665,0.5782045723092218,0,0,15,0,1.3050301525,15,Typeb,Toyota,Food
2026-01-04 16:00:00,5.454545454545454,0.7118346286363636,0.13050301525000002,0,0,15,0,1.3050301525,15,Typeb,Toyota,Food
2026-01-04 17:00:00,5.454545454545454,2.1820493090523216,0.40004237332625897,0,0,15,0,1.3050301525,15,Typeb,Toyota,Food
2026-01-04 18:00:00,5.454545454545454,2.3353652421743476,0.42815029439863045,0,0,15,0,1.3050301525,15,Typeb,Toyota,Food
2026-01-04 19:00:00,0.0,0.0,0.0,1,1,15,100,1.3050301525,15,Typeb,Toyota,Food
2026-01-04 20:00:00,0.0,0.0,0.0,1,1,15,100,1.3050301525,15,Typeb,Toyota,Food
2026-01-04 21:00:00,0.0,0.0,0.0,1,1,15,100,1.3050301525,15,Typeb,Toyota,Food
2026-01-04 22:00:00,0.0,0.0,0.0,1,1,15,100,1.3050301525,15,Typeb,Toyota,Food
2026-01-04 23:00:00,0.0,0.0,0.0,1,1,15,100,1.3050301525,15,Typeb,Toyota,Food
2026-01-05 00:00:00,0.0,0.0,0.0,1,1,15,100,1.3050301525,15,Typeb,Toyota,Food
2026-01-05 01:00:00,0.0,0.0,0.0,1,1,15,100,1.3050301525,15,Typeb,Toyota,Food
2026-01-05 02:00:00,0.0,0.0,0.0,1,1,15,100,1.3050301525,15,Typeb,Toyota,Food
2026-01-05 03:00:00,0.0,0.0,0.0,1,1,15,100,1.3050301525,15,Typeb,Toyota,Food
2026-01-05 04:00:00,0.0,0.0,0.0,1,1,15,100,1.3050301525,15,Typeb,Toyota,Food
2026-01-05 05:00:00,6.890317841154293,3.802000976786544,0.5517889108218,0,0,15,0,1.226197579604,15,Typeb,Toyota,Food
2026-01-05 06:00:00,6.890317841154293,1.6520438047744364,0.23976307666203095,0,0,15,0,1.226197579604,15,Typeb,Toyota,Food
2026-01-05 07:00:00,6.890317841154293,3.140089399557814,0.4557248986110303,0,0,15,0,1.226197579604,15,Typeb,Toyota,Food
2026-01-05 08:00:00,6.890317841154293,0.8448891059525655,0.12261975796040002,0,0,15,0,1.226197579604,15,Typeb,Toyota,Food
2026-01-05 09:00:00,6.890317841154293,1.9826308905784633,0.2877415724912808,0,0,15,0,1.226197579604,15,Typeb,Toyota,Food
2026-01-05 10:00:00,6.890317841154293,3.802000976786544,0.5517889108218,0,0,15,0,1.226197579604,15,Typeb,Toyota,Food
2026-01-05 11:00:00,6.890317841154293,3.088850702644021,0.4482885657603517,0,0,15,0,1.226197579604,15,Typeb,Toyota,Food
2026-01-05 12:00:00,0.0,0.0,0.0,1,1,15,100,1.226197579604,15,Typeb,Toyota,Food
2026-01-05 13:00:00,0.0,0.0,0.0,1,1,15,100,1.226197579604,15,Typeb,Toyota,Food
2026-01-05 14:00:00,8.038704148013343,2.1123235075768285,0.2627691564067401,0,0,15,0,1.226197579604,15,Typeb,Toyota,Food
2026-01-05 15:00:00,8.038704148013343,0.9857039569446597,0.12261975796040002,0,0,15,0,1.226197579604,15,Typeb,Toyota,Food
2026-01-05 16:00:00,8.038704148013343,1.990803050340665,0.247652235196722,0,0,15,0,1.226197579604,15,Typeb,Toyota,Food
2026-01-05 17:00:00,8.038704148013343,2.0980049305469546,0.26098795177895034,0,0,15,0,1.226197579604,15,Typeb,Toyota,Food
2026-01-05 18:00:00,8.038704148013343,3.758650189697819,0.467569165439024,0,0,15,0,1.226197579604,15,Typeb,Toyota,Food
2026-01-05 19:00:00,8.038704148013343,2.90278630363563,0.3611012733131887,0,0,15,0,1.226197579604,15,Typeb,Toyota,Food
2026-01-05 20:00:00,0.0,0.0,0.0,1,1,15,100,1.226197579604,15,Typeb,Toyota,Food
2026-01-05 21:00:00,0.0,0.0,0.0,1,1,15,100,1.226197579604,15,Typeb,Toyota,Food
2026-01-05 22:00:00,0.0,0.0,0.0,1,1,15,100,1.226197579604,15,Typeb,Toyota,Food
2026-01-05 23:00:00,0.0,0.0,0.0,1,1,15,100,1.226197579604,15,Typeb,Toyota,Food
2026-01-06 00:00:00,0.0,0.0,0.0,1,1,15,100,1.226197579604,15,Typeb,Toyota,Food
2026-01-06 01:00:00,0.0,0.0,0.0,1,1,15,100,1.226197579604,15,Typeb,Toyota,Food
2026-01-06 02:00:00,0.0,0.0,0.0,1,1,15,100,1.226197579604,15,Typeb,Toyota,Food
2026-01-06 03:00:00,0.0,0.0,0.0,1,1,15,100,1.226197579604,15,Typeb,Toyota,Food
2026-01-06 04:00:00,0.0,0.0,0.0,1,1,15,100,1.226197579604,15,Typeb,Toyota,Food
2026-01-06 05:00:00,0.0,0.0,0.0,1,1,15,100,1.226197579604,15,Typeb,Toyota,Food
2026-01-06 06:00:00,0.0,0.0,0.0,1,1,15,100,1.226197579604,15,Typeb,Toyota,Food
2026-01-06 07:00:00,7.213484257277471,2.4448656354411913,0.33892991905744285,0,0,15,0,1.3306301459840002,15,Typeb,Toyota,Food
2026-01-06 08:00:00,7.213484257277471,2.268265232072614,0.31444793544592936,0,0,15,0,1.3306301459840002,15,Typeb,Toyota,Food
2026-01-06 09:00:00,7.213484257277471,1.5151356424887625,0.21004213615080491,0,0,15,0,1.3306301459840002,15,Typeb,Toyota,Food
2026-01-06 10:00:00,7.213484257277471,1.9258938369586567,0.2669852415655693,0,0,15,0,1.3306301459840002,15,Typeb,Toyota,Food
2026-01-06 11:00:00,7.213484257277471,3.0646358612988536,0.4248482081605756,0,0,15,0,1.3306301459840002,15,Typeb,Toyota,Food
2026-01-06 12:00:00,7.213484257277471,3.2387067318137426,0.4489795244990391,0,0,15,0,1.3306301459840002,15,Typeb,Toyota,Food
2026-01-06 13:00:00,0.0,0.0,0.0,1,1,15,100,1.3306301459840002,15,Typeb,Toyota,Food
2026-01-06 14:00:00,6.103717448465551,0.8121790439496807,0.13306301459840003,0,0,15,0,1.3306301459840002,15,Typeb,Toyota,Food
2026-01-06 15:00:00,6.103717448465551,2.5465498545762872,0.417212932295298,0,0,15,0,1.3306301459840002,15,Typeb,Toyota,Food
2026-01-06 16:00:00,6.103717448465551,2.099710250884525,0.3440051523702794,0,0,15,0,1.3306301459840002,15,Typeb,Toyota,Food
2026-01-06 17:00:00,6.103717448465551,1.1618054247961325,0.19034390674296453,0,0,15,0,1.3306301459840002,15,Typeb,Toyota,Food
2026-01-06 18:00:00,6.103717448465551,2.2129450545229017,0.3625569291513038,0,0,15,0,1.3306301459840002,15,Typeb,Toyota,Food
2026-01-06 19:00:00,6.103717448465551,1.3113282028905977,0.2148409086695617,0,0,15,0,1.3306301459840002,15,Typeb,Toyota,Food
2026-01-06 20:00:00,0.0,0.0,0.0,1,1,15,100,1.3306301459840002,15,Typeb,Toyota,Food
2026-01-06 21:00:00,0.0,0.0,0.0,1,1,15,100,1.3306301459840002,15,Typeb,Toyota,Food
2026-01-06 22:00:00,0.0,0.0,0.0,1,1,15,100,1.3306301459840002,15,Typeb,Toyota,Food
2026-01-06 23:00:00,0.0,0.0,0.0,1,1,15,100,1.3306301459840002,15,Typeb,Toyota,Food
2026-01-07 00:00:00,0.0,0.0,0.0,1,1,15,100,1.3306301459840002,15,Typeb,Toyota,Food
2026-01-07 01:00:00,0.0,0.0,0.0,1,1,15,100,1.3306301459840002,15,Typeb,Toyota,Food
2026-01-07 02:00:00,0.0,0.0,0.0,1,1,15,100,1.3306301459840002,15,Typeb,Toyota,Food
2026-01-07 03:00:00,0.0,0.0,0.0,1,1,15,100,1.3306301459840002,15,Typeb,Toyota,Food
2026-01-07 04:00:00,0.0,0.0,0.0,1,1,15,100,1.3306301459840002,15,Typeb,Toyota,Food
2026-01-07 05:00:00,6.017627913183426,0.7719150148850098,0.12827563053440003,0,0,15,0,1.282756305344,15,Typeb,Toyota,Food
2026-01-07 06:00:00,6.017627913183426,2.052869901130271,0.3411427111724275,0,0,15,0,1.282756305344,15,Typeb,Toyota,Food
2026-01-07 07:00:00,6.017627913183426,2.6710633069420298,0.4438731250049976,0,0,15,0,1.282756305344,15,Typeb,Toyota,Food
2026-01-07 08:00:00,6.017627913183426,3.0743057712320354,0.5108833273816819,0,0,15,0,1.282756305344,15,Typeb,Toyota,Food
2026-01-07 09:00:00,6.017627913183426,0.7719150148850098,0.12827563053440003,0,0,15,0,1.282756305344,15,Typeb,Toyota,Food
2026-01-07 10:00:00,6.017627913183426,1.6927449379756665,0.28129770773417195,0,0,15,0,1.282756305344,15,Typeb,Toyota,Food
2026-01-07 11:00:00,6.017627913183426,1.7141345025097594,0.28485219213278906,0,0,15,0,1.282756305344,15,Typeb,Toyota,Food
2026-01-07 12:00:00,0.0,0.0,0.0,1,1,15,100,1.282756305344,15,Typeb,Toyota,Food
2026-01-07 13:00:00,0.0,0.0,0.0,1,1,15,100,1.282756305344,15,Typeb,Toyota,Food
2026-01-07 14:00:00,8.725560474115968,2.2678065207906832,0.25990382251295396,0,0,15,0,1.282756305344,15,Typeb,Toyota,Food
2026-01-07 15:00:00,8.725560474115968,4.8587678663963425,0.5568430682257817,0,0,15,0,1.282756305344,15,Typeb,Toyota,Food
2026-01-07 16:00:00,8.725560474115968,1.119276771583264,0.12827563053440003,0,0,15,0,1.282756305344,15,Typeb,Toyota,Food
2026-01-07 17:00:00,8.725560474115968,4.135009464678085,0.47389614420121534,0,0,15,0,1.282756305344,15,Typeb,Toyota,Food
2026-01-07 18:00:00,8.725560474115968,2.0559411687249525,0.2356228204278477,0,0,15,0,1.282756305344,15,Typeb,Toyota,Food
2026-01-07 19:00:00,0.0,0.0,0.0,1,1,15,100,1.282756305344,15,Typeb,Toyota,Food
2026-01-07 20:00:00,0.0,0.0,0.0,1,1,15,100,1.282756305344,15,Typeb,Toyota,Food
2026-01-07 21:00:00,0.0,0.0,0.0,1,1,15,100,1.282756305344,15,Typeb,Toyota,Food
2026-01-07 22:00:00,0.0,0.0,0.0,1,1,15,100,1.282756305344,15,Typeb,Toyota,Food
2026-01-07 23:00:00,0.0,0.0,0.0,1,1,15,100,1.282756305344,15,Typeb,Toyota,Food
2026-01-08 00:00:00,0.0,0.0,0.0,1,1,15,100,1.282756305344,15,Typeb,Toyota,Food
2026-01-08 01:00:00,0.0,0.0,0.0,1,1,15,100,1.282756305344,15,Typeb,Toyota,Food
2026-01-08 02:00:00,0.0,0.0,0.0,1,1,15,100,1.282756305344,15,Typeb,Toyota,Food
2026-01-08 03:00:00,0.0,0.0,0.0,1,1,15,100,1.282756305344,15,Typeb,Toyota,Food
2026-01-08 04:00:00,0.0,0.0,0.0,1,1,15,100,1.282756305344,15,Typeb,Toyota,Food
2026-01-08 05:00:00,0.0,0.0,0.0,1,1,15,100,1.282756305344,15,Typeb,Toyota,Food
2026-01-08 06:00:00,6.826070399273928,3.127865470251308,0.4582234414962979,0,0,15,0,1.176585222144,15,Typeb,Toyota,Food
2026-01-08 07:00:00,6.826070399273928,3.614154100695134,0.5294633499648,0,0,15,0,1.176585222144,15,Typeb,Toyota,Food
2026-01-08 08:00:00,6.826070399273928,1.6465917668959702,0.24122103502933603,0,0,15,0,1.176585222144,15,Typeb,Toyota,Food
2026-01-08 09:00:00,6.826070399273928,2.608328802253586,0.3821127895972224,0,0,15,0,1.176585222144,15,Typeb,Toyota,Food
2026-01-08 10:00:00,6.826070399273928,3.614154100695134,0.5294633499648,0,0,15,0,1.176585222144,15,Typeb,Toyota,Food
2026-01-08 11:00:00,6.826070399273928,1.6252185637937488,0.23808992124760672,0,0,15,0,1.176585222144,15,Typeb,Toyota,Food
2026-01-08 12:00:00,0.0,0.0,0.0,1,1,15,100,1.176585222144,15,Typeb,Toyota,Food
2026-01-08 13:00:00,6.300988060868241,0.7413649437323353,0.11765852221440001,0,0,15,0,1.176585222144,15,Typeb,Toyota,Food
2026-01-08 14:00:00,6.300988060868241,1.1106530880891237,0.17626649620029305,0,0,15,0,1.176585222144,15,Typeb,Toyota,Food
2026-01-08 15:00:00,6.300988060868241,1.7325917701778313,0.2749714415327887,0,0,15,0,1.176585222144,15,Typeb,Toyota,Food
2026-01-08 16:00:00,6.300988060868241,1.5744816828464232,0.2498785377208711,0,0,15,0,1.176585222144,15,Typeb,Toyota,Food
2026-01-08 17:00:00,6.300988060868241,1.5156872423846866,0.2405475502798895,0,0,15,0,1.176585222144,15,Typeb,Toyota,Food
2026-01-08 18:00:00,6.300988060868241,1.827678964146398,0.29006228015206775,0,0,15,0,1.176585222144,15,Typeb,Toyota,Food
2026-01-08 19:00:00,6.300988060868241,2.772703344561457,0.44004262788261717,0,0,15,0,1.176585222144,15,Typeb,Toyota,Food
2026-01-08 20:00:00,0.0,0.0,0.0,1,1,15,100,1.176585222144,15,Typeb,Toyota,Food
2026-01-08 21:00:00,0.0,0.0,0.0,1,1,15,100,1.176585222144,15,Typeb,Toyota,Food
2026-01-08 22:00:00,0.0,0.0,0.0,1,1,15,100,1.176585222144,15,Typeb,Toyota,Food
2026-01-08 23:00:00,0.0,0.0,0.0,1,1,15,100,1.176585222144,15,Typeb,Toyota,Food
2026-01-09 00:00:00,0.0,0.0,0.0,1,1,15,100,1.176585222144,15,Typeb,Toyota,Food
2026-01-09 01:00:00,0.0,0.0,0.0,1,1,15,100,1.176585222144,15,Typeb,Toyota,Food
2026-01-09 02:00:00,0.0,0.0,0.0,1,1,15,100,1.176585222144,15,Typeb,Toyota,Food
2026-01-09 03:00:00,0.0,0.0,0.0,1,1,15,100,1.176585222144,15,Typeb,Toyota,Food
2026-01-09 04:00:00,0.0,0.0,0.0,1,1,15,100,1.176585222144,15,Typeb,Toyota,Food
2026-01-09 05:00:00,0.0,0.0,0.0,1,1,15,100,1.176585222144,15,Typeb,Toyota,Food
2026-01-09 06:00:00,0.0,0.0,0.0,1,1,15,100,1.176585222144,15,Typeb,Toyota,Food
2026-01-09 07:00:00,7.719293951940898,2.8727640262746634,0.37215372858710105,0,0,15,0,1.137342385344,15,Typeb,Toyota,Food
2026-01-09 08:00:00,7.719293951940898,0.8779480196471974,0.1137342385344,0,0,15,0,1.137342385344,15,Typeb,Toyota,Food
2026-01-09 09:00:00,7.719293951940898,3.9507660884123874,0.5118040734047999,0,0,15,0,1.137342385344,15,Typeb,Toyota,Food
2026-01-09 10:00:00,7.719293951940898,1.9658100288925109,0.2546618953924197,0,0,15,0,1.137342385344,15,Typeb,Toyota,Food
2026-01-09 11:00:00,7.719293951940898,2.3078974843829227,0.2989777949578714,0,0,15,0,1.137342385344,15,Typeb,Toyota,Food
2026-01-09 12:00:00,0.0,0.0,0.0,1,1,15,100,1.137342385344,15,Typeb,Toyota,Food
2026-01-09 13:00:00,7.351708525657998,1.4146494738985327,0.1924245866061342,0,0,15,0,1.137342385344,15,Typeb,Toyota,Food
2026-01-09 14:00:00,7.351708525657998,3.697932916112839,0.5030032003046345,0,0,15,0,1.137342385344,15,Typeb,Toyota,Food
2026-01-09 15:00:00,7.351708525657998,2.6868020850351644,0.3654663505303603,0,0,15,0,1.137342385344,15,Typeb,Toyota,Food
2026-01-09 16:00:00,7.351708525657998,1.871798495026222,0.2546072778175996,0,0,15,0,1.137342385344,15,Typeb,Toyota,Food
2026-01-09 17:00:00,7.351708525657998,3.5104137396199744,0.4774963163145512,0,0,15,0,1.137342385344,15,Typeb,Toyota,Food
2026-01-09 18:00:00,7.351708525657998,2.2161369222025207,0.30144515583935916,0,0,15,0,1.137342385344,15,Typeb,Toyota,Food
2026-01-09 19:00:00,0.0,0.0,0.0,1,1,15,100,1.137342385344,15,Typeb,Toyota,Food
2026-01-09 20:00:00,0.0,0.0,0.0,1,1,15,100,1.137342385344,15,Typeb,Toyota,Food
2026-01-09 21:00:00,0.0,0.0,0.0,1,1,15,100,1.137342385344,15,Typeb,Toyota,Food
2026-01-09 22:00:00,0.0,0.0,0.0,1,1,15,100,1.137342385344,15,Typeb,Toyota,Food
2026-01-09 23:00:00,0.0,0.0,0.0,1,1,15,100,1.137342385344,15,Typeb,Toyota,Food
2026-01-10 00:00:00,0.0,0.0,0.0,1,1,15,100,1.137342385344,15,Typeb,Toyota,Food
2026-01-10 01:00:00,0.0,0.0,0.0,1,1,15,100,1.137342385344,15,Typeb,Toyota,Food
2026-01-10 02:00:00,0.0,0.0,0.0,1,1,15,100,1.137342385344,15,Typeb,Toyota,Food
2026-01-10 03:00:00,0.0,0.0,0.0,1,1,15,100,1.137342385344,15,Typeb,Toyota,Food
2026-01-10 04:00:00,0.0,0.0,0.0,1,1,15,100,1.137342385344,15,Typeb,Toyota,Food
2026-01-10 05:00:00,0.0,0.0,0.0,1,1,15,100,1.137342385344,15,Typeb,Toyota,Food
2026-01-10 06:00:00,0.0,0.0,0.0,1,1,15,100,1.137342385344,15,Typeb,Toyota,Food
2026-01-10 07:00:00,0.0,0.0,0.0,1,1,15,100,1.137342385344,15,Typeb,Toyota,Food
2026-01-10 08:00:00,0.0,0.0,0.0,1,1,15,100,1.137342385344,15,Typeb,Toyota,Food
2026-01-10 09:00:00,0.0,0.0,0.0,1,1,15,100,1.137342385344,15,Typeb,Toyota,Food
2026-01-10 10:00:00,10.909090909090908,2.081110453860577,0.1907684582705529,0,0,15,0,1.18961004,15,Typeb,Toyota,Food
2026-01-10 11:00:00,10.909090909090908,3.075579207976455,0.28192809406450836,0,0,15,0,1.18961004,15,Typeb,Toyota,Food
2026-01-10 12:00:00,10.909090909090908,3.782415127471523,0.3467213866848896,0,0,15,0,1.18961004,15,Typeb,Toyota,Food
2026-01-10 13:00:00,4.444444444444445,0.5287155733333334,0.11896100400000001,0,0,15,0,1.18961004,15,Typeb,Toyota,Food
2026-01-10 14:00:00,4.444444444444445,0.6400453375952643,0.14401020095893444,0,0,15,0,1.18961004,15,Typeb,Toyota,Food
2026-01-10 15:00:00,4.444444444444445,0.5287155733333334,0.11896100400000001,0,0,15,0,1.18961004,15,Typeb,Toyota,Food
2026-01-10 16:00:00,4.444444444444445,2.37922008,0.535324518,0,0,15,0,1.18961004,15,Typeb,Toyota,Food
2026-01-10 17:00:00,4.444444444444445,0.9456678657684017,0.21277526979789035,0,0,15,0,1.18961004,15,Typeb,Toyota,Food
2026-01-10 18:00:00,4.444444444444445,2.37922008,0.535324518,0,0,15,0,1.18961004,15,Typeb,Toyota,Food
2026-01-10 19:00:00,4.444444444444445,0.9110595300573133,0.2049883942628955,0,0,15,0,1.18961004,15,Typeb,Toyota,Food
2026-01-10 20:00:00,0.0,0.0,0.0,1,1,15,100,1.18961004,15,Typeb,Toyota,Food
2026-01-10 21:00:00,0.0,0.0,0.0,1,1,15,100,1.18961004,15,Typeb,Toyota,Food
2026-01-10 22:00:00,0.0,0.0,0.0,1,1,15,100,1.18961004,15,Typeb,Toyota,Food
2026-01-10 23:00:00,0.0,0.0,0.0,1,1,15,100,1.18961004,15,Typeb,Toyota,Food
2026-01-11 00:00:00,0.0,0.0,0.0,1,1,15,100,1.18961004,15,Typeb,Toyota,Food
2026-01-11 01:00:00,0.0,0.0,0.0,1,1,15,100,1.18961004,15,Typeb,Toyota,Food
2026-01-11 02:00:00,0.0,0.0,0.0,1,1,15,100,1.18961004,15,Typeb,Toyota,Food
2026-01-11 03:00:00,0.0,0.0,0.0,1,1,15,100,1.18961004,15,Typeb,Toyota,Food
2026-01-11 04:00:00,0.0,0.0,0.0,1,1,15,100,1.18961004,15,Typeb,Toyota,Food
2026-01-11 05:00:00,0.0,0.0,0.0,1,1,15,100,1.18961004,15,Typeb,Toyota,Food
2026-01-11 06:00:00,0.0,0.0,0.0,1,1,15,100,1.18961004,15,Typeb,Toyota,Food
2026-01-11 07:00:00,0.0,0.0,0.0,1,1,15,100,1.18961004,15,Typeb,Toyota,Food
2026-01-11 08:00:00,7.0588235294117645,2.5009056018913474,0.3542949602679409,0,0,15,0,1.122069513044,15,Typeb,Toyota,Food
2026-01-11 09:00:00,7.0588235294117645,3.5642208061397644,0.5049312808698,0,0,15,0,1.122069513044,15,Typeb,Toyota,Food
2026-01-11 10:00:00,7.0588235294117645,2.062482793455991,0.2921850624062654,0,0,15,0,1.122069513044,15,Typeb,Toyota,Food
2026-01-11 11:00:00,7.0588235294117645,3.5642208061397644,0.5049312808698,0,0,15,0,1.122069513044,15,Typeb,Toyota,Food
2026-01-11 12:00:00,0.0,0.0,0.0,1,1,15,100,1.122069513044,15,Typeb,Toyota,Food
2026-01-11 13:00:00,4.285714285714286,1.1661418495253717,0.2720997648892534,0,0,15,0,1.122069513044,15,Typeb,Toyota,Food
2026-01-11 14:00:00,4.285714285714286,1.658157167872664,0.38690333917028824,0,0,15,0,1.122069513044,15,Typeb,Toyota,Food
2026-01-11 15:00:00,4.285714285714286,1.759806603938767,0.4106215409190457,0,0,15,0,1.122069513044,15,Typeb,Toyota,Food
2026-01-11 16:00:00,4.285714285714286,1.2809501911799526,0.2988883779419889,0,0,15,0,1.122069513044,15,Typeb,Toyota,Food
2026-01-11 17:00:00,4.285714285714286,0.4808869341617143,0.1122069513044,0,0,15,0,1.122069513044,15,Typeb,Toyota,Food
2026-01-11 18:00:00,4.285714285714286,1.3347339209051736,0.31143791487787387,0,0,15,0,1.122069513044,15,Typeb,Toyota,Food
2026-01-11 19:00:00,4.285714285714286,1.7339240917505057,0.404582288075118,0,0,15,0,1.122069513044,15,Typeb,Toyota,Food
2026-01-11 20:00:00,0.0,0.0,0.0,1,1,15,100,1.122069513044,15,Typeb,Toyota,Food
2026-01-11 21:00:00,0.0,0.0,0.0,1,1,15,100,1.122069513044,15,Typeb,Toyota,Food
2026-01-11 22:00:00,0.0,0.0,0.0,1,1,15,100,1.122069513044,15,Typeb,Toyota,Food
2026-01-11 23:00:00,0.0,0.0,0.0,1,1,15,100,1.122069513044,15,Typeb,Toyota,Food
2026-01-12 00:00:00,0.0,0.0,0.0,1,1,15,100,1.122069513044,15,Typeb,Toyota,Food
2026-01-12 01:00:00,0.0,0.0,0.0,1,1,15,100,1.122069513044,15,Typeb,Toyota,Food
2026-01-12 02:00:00,0.0,0.0,0.0,1,1,15,100,1.122069513044,15,Typeb,Toyota,Food
2026-01-12 03:00:00,0.0,0.0,0.0,1,1,15,100,1.122069513044,15,Typeb,Toyota,Food
2026-01-12 04:00:00,0.0,0.0,0.0,1,1,15,100,1.122069513044,15,Typeb,Toyota,Food
2026-01-12 05:00:00,4.285714285714286,1.3039478979388008,0.30425450951905353,0,0,15,0,1.119889326784,15,Typeb,Toyota,Food
2026-01-12 06:00:00,4.285714285714286,1.0029157162787314,0.23401366713170402,0,0,15,0,1.119889326784,15,Typeb,Toyota,Food
2026-01-12 07:00:00,4.285714285714286,1.2094606743108502,0.2822074906725317,0,0,15,0,1.119889326784,15,Typeb,Toyota,Food
2026-01-12 08:00:00,4.285714285714286,1.6476778831890195,0.38445817274410454,0,0,15,0,1.119889326784,15,Typeb,Toyota,Food
2026-01-12 09:00:00,4.285714285714286,1.395263415301686,0.3255614635703934,0,0,15,0,1.119889326784,15,Typeb,Toyota,Food
2026-01-12 10:00:00,4.285714285714286,1.1139382581686634,0.2599189269060215,0,0,15,0,1.119889326784,15,Typeb,Toyota,Food
2026-01-12 11:00:00,4.285714285714286,1.4807932015431164,0.3455184136933938,0,0,15,0,1.119889326784,15,Typeb,Toyota,Food
2026-01-12 12:00:00,0.0,0.0,0.0,1,1,15,100,1.119889326784,15,Typeb,Toyota,Food
2026-01-12 13:00:00,4.0,1.9935563287450555,0.4983890821862639,0,0,15,0,1.119889326784,15,Typeb,Toyota,Food
2026-01-12 14:00:00,4.0,0.5237485095699012,0.1309371273924753,0,0,15,0,1.119889326784,15,Typeb,Toyota,Food
2026-01-12 15:00:00,4.0,1.1939755505621317,0.2984938876405329,0,0,15,0,1.119889326784,15,Typeb,Toyota,Food
2026-01-12 16:00:00,4.0,0.4698858005455426,0.11747145013638564,0,0,15,0,1.119889326784,15,Typeb,Toyota,Food
2026-01-12 17:00:00,4.0,0.9511962543133754,0.23779906357834385,0,0,15,0,1.119889326784,15,Typeb,Toyota,Food
2026-01-12 18:00:00,4.0,1.7879027713808473,0.4469756928452118,0,0,15,0,1.119889326784,15,Typeb,Toyota,Food
2026-01-12 19:00:00,4.0,0.7785074918608836,0.1946268729652209,0,0,15,0,1.119889326784,15,Typeb,Toyota,Food
2026-01-12 20:00:00,4.0,0.4479557307136,0.1119889326784,0,0,15,0,1.119889326784,15,Typeb,Toyota,Food
2026-01-12 21:00:00,0.0,0.0,0.0,1,1,15,100,1.119889326784,15,Typeb,Toyota,Food
2026-01-12 22:00:00,0.0,0.0,0.0,1,1,15,100,1.119889326784,15,Typeb,Toyota,Food
2026-01-12 23:00:00,0.0,0.0,0.0,1,1,15,100,1.119889326784,15,Typeb,Toyota,Food
2026-01-13 00:00:00,0.0,0.0,0.0,1,1,15,100,1.119889326784,15,Typeb,Toyota,Food
2026-01-13 01:00:00,0.0,0.0,0.0,1,1,15,100,1.119889326784,15,Typeb,Toyota,Food
2026-01-13 02:00:00,0.0,0.0,0.0,1,1,15,100,1.119889326784,15,Typeb,Toyota,Food
2026-01-13 03:00:00,0.0,0.0,0.0,1,1,15,100,1.119889326784,15,Typeb,Toyota,Food
2026-01-13 04:00:00,0.0,0.0,0.0,1,1,15,100,1.119889326784,15,Typeb,Toyota,Food
2026-01-13 05:00:00,0.0,0.0,0.0,1,1,15,100,1.119889326784,15,Typeb,Toyota,Food
2026-01-13 06:00:00,0.0,0.0,0.0,1,1,15,100,1.119889326784,15,Typeb,Toyota,Food
2026-01-13 07:00:00,6.3319795466797855,0.7118729525029841,0.11242502400000001,0,0,15,0,1.12425024,15,Typeb,Toyota,Food
2026-01-13 08:00:00,6.3319795466797855,3.2034282862634282,0.505912608,0,0,15,0,1.12425024,15,Typeb,Toyota,Food
2026-01-13 09:00:00,6.3319795466797855,0.9655201760725569,0.15248314827214401,0,0,15,0,1.12425024,15,Typeb,Toyota,Food
2026-01-13 10:00:00,6.3319795466797855,3.0516758748038195,0.4819465780498273,0,0,15,0,1.12425024,15,Typeb,Toyota,Food
2026-01-13 11:00:00,6.3319795466797855,1.9939668252032148,0.3149041797282438,0,0,15,0,1.12425024,15,Typeb,Toyota,Food
2026-01-13 12:00:00,0.0,0.0,0.0,1,1,15,100,1.12425024,15,Typeb,Toyota,Food
2026-01-13 13:00:00,0.0,0.0,0.0,1,1,15,100,1.12425024,15,Typeb,Toyota,Food
2026-01-13 14:00:00,6.619796798801594,1.933792887585648,0.29212269596186546,0,0,15,0,1.12425024,15,Typeb,Toyota,Food
2026-01-13 15:00:00,6.619796798801594,1.5740133658661761,0.23777366793964513,0,0,15,0,1.12425024,15,Typeb,Toyota,Food
2026-01-13 16:00:00,6.619796798801594,0.7442308139803924,0.11242502400000001,0,0,15,0,1.12425024,15,Typeb,Toyota,Food
2026-01-13 17:00:00,6.619796798801594,0.7442308139803924,0.11242502400000001,0,0,15,0,1.12425024,15,Typeb,Toyota,Food
2026-01-13 18:00:00,6.619796798801594,3.0056742234300633,0.45404327576553277,0,0,15,0,1.12425024,15,Typeb,Toyota,Food
2026-01-13 19:00:00,0.0,0.0,0.0,1,1,15,100,1.12425024,15,Typeb,Toyota,Food
2026-01-13 20:00:00,0.0,0.0,0.0,1,1,15,100,1.12425024,15,Typeb,Toyota,Food
2026-01-13 21:00:00,0.0,0.0,0.0,1,1,15,100,1.12425024,15,Typeb,Toyota,Food
2026-01-13 22:00:00,0.0,0.0,0.0,1,1,15,100,1.12425024,15,Typeb,Toyota,Food
2026-01-13 23:00:00,0.0,0.0,0.0,1,1,15,100,1.12425024,15,Typeb,Toyota,Food
2026-01-14 00:00:00,0.0,0.0,0.0,1,1,15,100,1.12425024,15,Typeb,Toyota,Food
2026-01-14 01:00:00,0.0,0.0,0.0,1,1,15,100,1.12425024,15,Typeb,Toyota,Food
2026-01-14 02:00:00,0.0,0.0,0.0,1,1,15,100,1.12425024,15,Typeb,Toyota,Food
2026-01-14 03:00:00,0.0,0.0,0.0,1,1,15,100,1.12425024,15,Typeb,Toyota,Food
2026-01-14 04:00:00,0.0,0.0,0.0,1,1,15,100,1.12425024,15,Typeb,Toyota,Food
2026-01-14 05:00:00,0.0,0.0,0.0,1,1,15,100,1.12425024,15,Typeb,Toyota,Food
2026-01-14 06:00:00,0.0,0.0,0.0,1,1,15,100,1.12425024,15,Typeb,Toyota,Food
2026-01-14 07:00:00,6.110638978346155,1.418084321691185,0.23206809086845928,0,0,15,0,1.102475,15,Typeb,Toyota,Food
2026-01-14 08:00:00,6.110638978346155,2.3200699102163096,0.37967713661988206,0,0,15,0,1.102475,15,Typeb,Toyota,Food
2026-01-14 09:00:00,6.110638978346155,1.1323267182727743,0.18530414287038088,0,0,15,0,1.102475,15,Typeb,Toyota,Food
2026-01-14 10:00:00,6.110638978346155,2.9626630072436706,0.48483685875442045,0,0,15,0,1.102475,15,Typeb,Toyota,Food
2026-01-14 11:00:00,6.110638978346155,1.5844103712420987,0.2592871836900631,0,0,15,0,1.102475,15,Typeb,Toyota,Food
2026-01-14 12:00:00,0.0,0.0,0.0,1,1,15,100,1.102475,15,Typeb,Toyota,Food
2026-01-14 13:00:00,4.6848232167320525,2.3242052141400014,0.4961137500000001,0,0,15,0,1.102475,15,Typeb,Toyota,Food
2026-01-14 14:00:00,4.6848232167320525,0.5348520751303892,0.11416697074505215,0,0,15,0,1.102475,15,Typeb,Toyota,Food
2026-01-14 15:00:00,4.6848232167320525,1.955263831983974,0.4173612837728141,0,0,15,0,1.102475,15,Typeb,Toyota,Food
2026-01-14 16:00:00,4.6848232167320525,1.3983088043185663,0.29847632229204396,0,0,15,0,1.102475,15,Typeb,Toyota,Food
2026-01-14 17:00:00,4.6848232167320525,1.9555455047442887,0.41742140829561547,0,0,15,0,1.102475,15,Typeb,Toyota,Food
2026-01-14 18:00:00,4.6848232167320525,1.2715819303317468,0.27142580872427285,0,0,15,0,1.102475,15,Typeb,Toyota,Food
2026-01-14 19:00:00,4.6848232167320525,1.7007308567611497,0.3630298899405456,0,0,15,0,1.102475,15,Typeb,Toyota,Food
2026-01-14 20:00:00,4.6848232167320525,1.8574330079114143,0.3964787830792655,0,0,15,0,1.102475,15,Typeb,Toyota,Food
2026-01-14 21:00:00,0.0,0.0,0.0,1,1,15,100,1.102475,15,Typeb,Toyota,Food
2026-01-14 22:00:00,0.0,0.0,0.0,1,1,15,100,1.102475,15,Typeb,Toyota,Food
2026-01-14 23:00:00,0.0,0.0,0.0,1,1,15,100,1.102475,15,Typeb,Toyota,Food
2026-01-01 00:00:00,0.0,0.0,0.0,1,1,16,100,1.0,16,Typeb,Toyota,Food
2026-01-01 01:00:00,0.0,0.0,0.0,1,1,16,100,1.0,16,Typeb,Toyota,Food
2026-01-01 02:00:00,0.0,0.0,0.0,1,1,16,100,1.0,16,Typeb,Toyota,Food
2026-01-01 03:00:00,0.0,0.0,0.0,1,1,16,100,1.0,16,Typeb,Toyota,Food
2026-01-01 04:00:00,0.0,0.0,0.0,1,1,16,100,1.0,16,Typeb,Toyota,Food
2026-01-01 05:00:00,5.218049785834524,1.3482786548992969,0.258387464711333,0,0,16,0,1.1329772784640002,16,Typeb,Toyota,Food
2026-01-01 06:00:00,5.218049785834524,1.024846866628432,0.19640419480293017,0,0,16,0,1.1329772784640002,16,Typeb,Toyota,Food
2026-01-01 07:00:00,5.218049785834524,1.7929399617945874,0.34360346017814813,0,0,16,0,1.1329772784640002,16,Typeb,Toyota,Food
2026-01-01 08:00:00,5.218049785834524,1.878098625685813,0.35992347769166566,0,0,16,0,1.1329772784640002,16,Typeb,Toyota,Food
2026-01-01 09:00:00,5.218049785834524,1.6111549816073278,0.30876573580825956,0,0,16,0,1.1329772784640002,16,Typeb,Toyota,Food
2026-01-01 10:00:00,5.218049785834524,2.07699783347414,0.39804101507666334,0,0,16,0,1.1329772784640002,16,Typeb,Toyota,Food
2026-01-01 11:00:00,5.218049785834524,1.0975915908538652,0.21034517413641868,0,0,16,0,1.1329772784640002,16,Typeb,Toyota,Food
2026-01-01 12:00:00,5.218049785834524,1.1055133640982788,0.2118633224043633,0,0,16,0,1.1329772784640002,16,Typeb,Toyota,Food
2026-01-01 13:00:00,7.454356836906463,0.9868125661875802,0.13238064500774618,0,0,16,0,1.1329772784640002,16,Typeb,Toyota,Food
2026-01-01 14:00:00,7.454356836906463,3.800527614800009,0.5098397753088001,0,0,16,0,1.1329772784640002,16,Typeb,Toyota,Food
2026-01-01 15:00:00,7.454356836906463,0.8445616921777799,0.11329772784640002,0,0,16,0,1.1329772784640002,16,Typeb,Toyota,Food
2026-01-01 16:00:00,7.454356836906463,3.2418999928500902,0.43490002743086675,0,0,16,0,1.1329772784640002,16,Typeb,Toyota,Food
2026-01-01 17:00:00,7.454356836906463,1.1093607664607017,0.148820453693371,0,0,16,0,1.1329772784640002,16,Typeb,Toyota,Food
2026-01-01 18:00:00,7.454356836906463,1.8010337295726653,0.24160819893350974,0,0,16,0,1.1329772784640002,16,Typeb,Toyota,Food
2026-01-01 19:00:00,0.0,0.0,0.0,1,1,16,100,1.1329772784640002,16,Typeb,Toyota,Food
2026-01-01 20:00:00,0.0,0.0,0.0,1,1,16,100,1.1329772784640002,16,Typeb,Toyota,Food
2026-01-01 21:00:00,0.0,0.0,0.0,1,1,16,100,1.1329772784640002,16,Typeb,Toyota,Food
2026-01-01 22:00:00,0.0,0.0,0.0,1,1,16,100,1.1329772784640002,16,Typeb,Toyota,Food
2026-01-01 23:00:00,0.0,0.0,0.0,1,1,16,100,1.1329772784640002,16,Typeb,Toyota,Food
2026-01-02 00:00:00,0.0,0.0,0.0,1,1,16,100,1.1329772784640002,16,Typeb,Toyota,Food
2026-01-02 01:00:00,0.0,0.0,0.0,1,1,16,100,1.1329772784640002,16,Typeb,Toyota,Food
2026-01-02 02:00:00,0.0,0.0,0.0,1,1,16,100,1.1329772784640002,16,Typeb,Toyota,Food
2026-01-02 03:00:00,0.0,0.0,0.0,1,1,16,100,1.1329772784640002,16,Typeb,Toyota,Food
2026-01-02 04:00:00,0.0,0.0,0.0,1,1,16,100,1.1329772784640002,16,Typeb,Toyota,Food
2026-01-02 05:00:00,0.0,0.0,0.0,1,1,16,100,1.1329772784640002,16,Typeb,Toyota,Food
2026-01-02 06:00:00,6.28307693036111,2.7813253562215356,0.4426693142625079,0,0,16,0,1.23259004,16,Typeb,Toyota,Food
2026-01-02 07:00:00,6.28307693036111,2.3305954037643994,0.37093217695656194,0,0,16,0,1.23259004,16,Typeb,Toyota,Food
2026-01-02 08:00:00,6.28307693036111,1.7227196976200092,0.274184084758771,0,0,16,0,1.23259004,16,Typeb,Toyota,Food
2026-01-02 09:00:00,6.28307693036111,1.7497362051233232,0.27848396964045447,0,0,16,0,1.23259004,16,Typeb,Toyota,Food
2026-01-02 10:00:00,6.28307693036111,2.205935468918624,0.3510915898958827,0,0,16,0,1.23259004,16,Typeb,Toyota,Food
2026-01-02 11:00:00,6.28307693036111,2.1760750054722813,0.3463390675605201,0,0,16,0,1.23259004,16,Typeb,Toyota,Food
2026-01-02 12:00:00,6.28307693036111,1.8827196203558874,0.29964930259857264,0,0,16,0,1.23259004,16,Typeb,Toyota,Food
2026-01-02 13:00:00,7.592051290853008,3.5025760491729936,0.4613477853334498,0,0,16,0,1.23259004,16,Typeb,Toyota,Food
2026-01-02 14:00:00,7.592051290853008,3.8549815424995124,0.5077654766563602,0,0,16,0,1.23259004,16,Typeb,Toyota,Food
2026-01-02 15:00:00,7.592051290853008,0.9357886804274561,0.123259004,0,0,16,0,1.23259004,16,Typeb,Toyota,Food
2026-01-02 16:00:00,7.592051290853008,3.1452805228960874,0.4142859949702339,0,0,16,0,1.23259004,16,Typeb,Toyota,Food
2026-01-02 17:00:00,7.592051290853008,2.0979920346209853,0.2763406033819438,0,0,16,0,1.23259004,16,Typeb,Toyota,Food
2026-01-02 18:00:00,7.592051290853008,4.2110490619235526,0.5546655180000001,0,0,16,0,1.23259004,16,Typeb,Toyota,Food
2026-01-02 19:00:00,0.0,0.0,0.0,1,1,16,100,1.23259004,16,Typeb,Toyota,Food
2026-01-02 20:00:00,0.0,0.0,0.0,1,1,16,100,1.23259004,16,Typeb,Toyota,Food
2026-01-02 21:00:00,0.0,0.0,0.0,1,1,16,100,1.23259004,16,Typeb,Toyota,Food
2026-01-02 22:00:00,0.0,0.0,0.0,1,1,16,100,1.23259004,16,Typeb,Toyota,Food
2026-01-02 23:00:00,0.0,0.0,0.0,1,1,16,100,1.23259004,16,Typeb,Toyota,Food
2026-01-03 00:00:00,0.0,0.0,0.0,1,1,16,100,1.23259004,16,Typeb,Toyota,Food
2026-01-03 01:00:00,0.0,0.0,0.0,1,1,16,100,1.23259004,16,Typeb,Toyota,Food
2026-01-03 02:00:00,0.0,0.0,0.0,1,1,16,100,1.23259004,16,Typeb,Toyota,Food
2026-01-03 03:00:00,0.0,0.0,0.0,1,1,16,100,1.23259004,16,Typeb,Toyota,Food
2026-01-03 04:00:00,0.0,0.0,0.0,1,1,16,100,1.23259004,16,Typeb,Toyota,Food
2026-01-03 05:00:00,0.0,0.0,0.0,1,1,16,100,1.23259004,16,Typeb,Toyota,Food
2026-01-03 06:00:00,0.0,0.0,0.0,1,1,16,100,1.23259004,16,Typeb,Toyota,Food
2026-01-03 07:00:00,0.0,0.0,0.0,1,1,16,100,1.23259004,16,Typeb,Toyota,Food
2026-01-03 08:00:00,6.315789473684211,3.385894417730333,0.5360999494739693,0,0,16,0,1.209049010004,16,Typeb,Toyota,Food
2026-01-03 09:00:00,6.315789473684211,1.4386400548155924,0.22778467534580213,0,0,16,0,1.209049010004,16,Typeb,Toyota,Food
2026-01-03 10:00:00,6.315789473684211,2.9195516468560196,0.4622623440855364,0,0,16,0,1.209049010004,16,Typeb,Toyota,Food
2026-01-03 11:00:00,6.315789473684211,0.7636099010551579,0.1209049010004,0,0,16,0,1.209049010004,16,Typeb,Toyota,Food
2026-01-03 12:00:00,6.315789473684211,0.7636099010551579,0.1209049010004,0,0,16,0,1.209049010004,16,Typeb,Toyota,Food
2026-01-03 13:00:00,4.615384615384615,2.3747460881491627,0.5145283190989852,0,0,16,0,1.209049010004,16,Typeb,Toyota,Food
2026-01-03 14:00:00,4.615384615384615,1.0235355174122012,0.2217660287726436,0,0,16,0,1.209049010004,16,Typeb,Toyota,Food
2026-01-03 15:00:00,4.615384615384615,1.1169995093026945,0.2420165603489172,0,0,16,0,1.209049010004,16,Typeb,Toyota,Food
2026-01-03 16:00:00,4.615384615384615,0.6564178438074066,0.14222386615827146,0,0,16,0,1.209049010004,16,Typeb,Toyota,Food
2026-01-03 17:00:00,4.615384615384615,1.8474459542157544,0.4002799567467468,0,0,16,0,1.209049010004,16,Typeb,Toyota,Food
2026-01-03 18:00:00,4.615384615384615,2.4865389256242865,0.5387501005519287,0,0,16,0,1.209049010004,16,Typeb,Toyota,Food
2026-01-03 19:00:00,4.615384615384615,2.5111017900083072,0.5440720545018,0,0,16,0,1.209049010004,16,Typeb,Toyota,Food
2026-01-03 20:00:00,0.0,0.0,0.0,1,1,16,100,1.209049010004,16,Typeb,Toyota,Food
2026-01-03 21:00:00,0.0,0.0,0.0,1,1,16,100,1.209049010004,16,Typeb,Toyota,Food
2026-01-03 22:00:00,0.0,0.0,0.0,1,1,16,100,1.209049010004,16,Typeb,Toyota,Food
2026-01-03 23:00:00,0.0,0.0,0.0,1,1,16,100,1.209049010004,16,Typeb,Toyota,Food
2026-01-04 00:00:00,0.0,0.0,0.0,1,1,16,100,1.209049010004,16,Typeb,Toyota,Food
2026-01-04 01:00:00,0.0,0.0,0.0,1,1,16,100,1.209049010004,16,Typeb,Toyota,Food
2026-01-04 02:00:00,0.0,0.0,0.0,1,1,16,100,1.209049010004,16,Typeb,Toyota,Food
2026-01-04 03:00:00,0.0,0.0,0.0,1,1,16,100,1.209049010004,16,Typeb,Toyota,Food
2026-01-04 04:00:00,0.0,0.0,0.0,1,1,16,100,1.209049010004,16,Typeb,Toyota,Food
2026-01-04 05:00:00,0.0,0.0,0.0,1,1,16,100,1.209049010004,16,Typeb,Toyota,Food
2026-01-04 06:00:00,0.0,0.0,0.0,1,1,16,100,1.209049010004,16,Typeb,Toyota,Food
2026-01-04 07:00:00,0.0,0.0,0.0,1,1,16,100,1.209049010004,16,Typeb,Toyota,Food
2026-01-04 08:00:00,7.5,4.404476764687501,0.5872635686250001,0,0,16,0,1.3050301525,16,Typeb,Toyota,Food
2026-01-04 09:00:00,7.5,2.310741014007401,0.3080988018676535,0,0,16,0,1.3050301525,16,Typeb,Toyota,Food
2026-01-04 10:00:00,7.5,1.3362167300074883,0.1781622306676651,0,0,16,0,1.3050301525,16,Typeb,Toyota,Food
2026-01-04 11:00:00,7.5,3.5761654246986487,0.47682205662648647,0,0,16,0,1.3050301525,16,Typeb,Toyota,Food
2026-01-04 12:00:00,0.0,0.0,0.0,1,1,16,100,1.3050301525,16,Typeb,Toyota,Food
2026-01-04 13:00:00,0.0,0.0,0.0,1,1,16,100,1.3050301525,16,Typeb,Toyota,Food
2026-01-04 14:00:00,5.714285714285714,1.0956634795863014,0.19174110892760277,0,0,16,0,1.3050301525,16,Typeb,Toyota,Food
2026-01-04 15:00:00,5.714285714285714,1.2436666643273762,0.2176416662572908,0,0,16,0,1.3050301525,16,Typeb,Toyota,Food
2026-01-04 16:00:00,5.714285714285714,0.8824998193524887,0.1544374683866855,0,0,16,0,1.3050301525,16,Typeb,Toyota,Food
2026-01-04 17:00:00,5.714285714285714,2.7496697952033657,0.481192214160589,0,0,16,0,1.3050301525,16,Typeb,Toyota,Food
2026-01-04 18:00:00,5.714285714285714,2.468045421945229,0.43190794884041506,0,0,16,0,1.3050301525,16,Typeb,Toyota,Food
2026-01-04 19:00:00,0.0,0.0,0.0,1,1,16,100,1.3050301525,16,Typeb,Toyota,Food
2026-01-04 20:00:00,0.0,0.0,0.0,1,1,16,100,1.3050301525,16,Typeb,Toyota,Food
2026-01-04 21:00:00,0.0,0.0,0.0,1,1,16,100,1.3050301525,16,Typeb,Toyota,Food
2026-01-04 22:00:00,0.0,0.0,0.0,1,1,16,100,1.3050301525,16,Typeb,Toyota,Food
2026-01-04 23:00:00,0.0,0.0,0.0,1,1,16,100,1.3050301525,16,Typeb,Toyota,Food
2026-01-05 00:00:00,0.0,0.0,0.0,1,1,16,100,1.3050301525,16,Typeb,Toyota,Food
2026-01-05 01:00:00,0.0,0.0,0.0,1,1,16,100,1.3050301525,16,Typeb,Toyota,Food
2026-01-05 02:00:00,0.0,0.0,0.0,1,1,16,100,1.3050301525,16,Typeb,Toyota,Food
2026-01-05 03:00:00,0.0,0.0,0.0,1,1,16,100,1.3050301525,16,Typeb,Toyota,Food
2026-01-05 04:00:00,0.0,0.0,0.0,1,1,16,100,1.3050301525,16,Typeb,Toyota,Food
2026-01-05 05:00:00,0.0,0.0,0.0,1,1,16,100,1.3050301525,16,Typeb,Toyota,Food
2026-01-05 06:00:00,4.8,1.2859722295685747,0.26791088116011974,0,0,16,0,1.226197579604,16,Typeb,Toyota,Food
2026-01-05 07:00:00,4.8,1.626835990529992,0.33892416469374836,0,0,16,0,1.226197579604,16,Typeb,Toyota,Food
2026-01-05 08:00:00,4.8,1.2648486307185784,0.26351013139970386,0,0,16,0,1.226197579604,16,Typeb,Toyota,Food
2026-01-05 09:00:00,4.8,2.371073653829152,0.4939736778810734,0,0,16,0,1.226197579604,16,Typeb,Toyota,Food
2026-01-05 10:00:00,4.8,1.4186954561075282,0.2955615533557351,0,0,16,0,1.226197579604,16,Typeb,Toyota,Food
2026-01-05 11:00:00,4.8,1.579551550247084,0.32907323963480917,0,0,16,0,1.226197579604,16,Typeb,Toyota,Food
2026-01-05 12:00:00,0.0,0.0,0.0,1,1,16,100,1.226197579604,16,Typeb,Toyota,Food
2026-01-05 13:00:00,4.8,0.5885748382099201,0.12261975796040002,0,0,16,0,1.226197579604,16,Typeb,Toyota,Food
2026-01-05 14:00:00,4.8,2.160478533575228,0.45009969449483916,0,0,16,0,1.226197579604,16,Typeb,Toyota,Food
2026-01-05 15:00:00,4.8,2.166765286933551,0.4514094347778232,0,0,16,0,1.226197579604,16,Typeb,Toyota,Food
2026-01-05 16:00:00,4.8,1.9349789887665478,0.40312062265969745,0,0,16,0,1.226197579604,16,Typeb,Toyota,Food
2026-01-05 17:00:00,4.8,1.1823195350897229,0.24631656981035893,0,0,16,0,1.226197579604,16,Typeb,Toyota,Food
2026-01-05 18:00:00,4.8,1.1701871829218262,0.24378899644204713,0,0,16,0,1.226197579604,16,Typeb,Toyota,Food
2026-01-05 19:00:00,0.0,0.0,0.0,1,1,16,100,1.226197579604,16,Typeb,Toyota,Food
2026-01-05 20:00:00,0.0,0.0,0.0,1,1,16,100,1.226197579604,16,Typeb,Toyota,Food
2026-01-05 21:00:00,0.0,0.0,0.0,1,1,16,100,1.226197579604,16,Typeb,Toyota,Food
2026-01-05 22:00:00,0.0,0.0,0.0,1,1,16,100,1.226197579604,16,Typeb,Toyota,Food
2026-01-05 23:00:00,0.0,0.0,0.0,1,1,16,100,1.226197579604,16,Typeb,Toyota,Food
2026-01-06 00:00:00,0.0,0.0,0.0,1,1,16,100,1.226197579604,16,Typeb,Toyota,Food
2026-01-06 01:00:00,0.0,0.0,0.0,1,1,16,100,1.226197579604,16,Typeb,Toyota,Food
2026-01-06 02:00:00,0.0,0.0,0.0,1,1,16,100,1.226197579604,16,Typeb,Toyota,Food
2026-01-06 03:00:00,0.0,0.0,0.0,1,1,16,100,1.226197579604,16,Typeb,Toyota,Food
2026-01-06 04:00:00,0.0,0.0,0.0,1,1,16,100,1.226197579604,16,Typeb,Toyota,Food
2026-01-06 05:00:00,0.0,0.0,0.0,1,1,16,100,1.226197579604,16,Typeb,Toyota,Food
2026-01-06 06:00:00,5.0,2.121617336341494,0.4243234672682988,0,0,16,0,1.3306301459840002,16,Typeb,Toyota,Food
2026-01-06 07:00:00,5.0,1.94759209379494,0.38951841875898796,0,0,16,0,1.3306301459840002,16,Typeb,Toyota,Food
2026-01-06 08:00:00,5.0,2.9939178284640002,0.5987835656928001,0,0,16,0,1.3306301459840002,16,Typeb,Toyota,Food
2026-01-06 09:00:00,5.0,2.9939178284640002,0.5987835656928001,0,0,16,0,1.3306301459840002,16,Typeb,Toyota,Food
2026-01-06 10:00:00,5.0,1.6523227181210733,0.3304645436242147,0,0,16,0,1.3306301459840002,16,Typeb,Toyota,Food
2026-01-06 11:00:00,5.0,1.201002841132499,0.24020056822649982,0,0,16,0,1.3306301459840002,16,Typeb,Toyota,Food
2026-01-06 12:00:00,0.0,0.0,0.0,1,1,16,100,1.3306301459840002,16,Typeb,Toyota,Food
2026-01-06 13:00:00,4.0,1.0000446917463979,0.25001117293659947,0,0,16,0,1.3306301459840002,16,Typeb,Toyota,Food
2026-01-06 14:00:00,4.0,2.3951342627712005,0.5987835656928001,0,0,16,0,1.3306301459840002,16,Typeb,Toyota,Food
2026-01-06 15:00:00,4.0,1.8558986710019036,0.4639746677504759,0,0,16,0,1.3306301459840002,16,Typeb,Toyota,Food
2026-01-06 16:00:00,4.0,2.3951342627712005,0.5987835656928001,0,0,16,0,1.3306301459840002,16,Typeb,Toyota,Food
2026-01-06 17:00:00,4.0,1.3483309261424052,0.3370827315356013,0,0,16,0,1.3306301459840002,16,Typeb,Toyota,Food
2026-01-06 18:00:00,4.0,2.279092718660447,0.5697731796651118,0,0,16,0,1.3306301459840002,16,Typeb,Toyota,Food
2026-01-06 19:00:00,4.0,1.5550904491900839,0.38877261229752097,0,0,16,0,1.3306301459840002,16,Typeb,Toyota,Food
2026-01-06 20:00:00,4.0,1.6169488622839014,0.40423721557097536,0,0,16,0,1.3306301459840002,16,Typeb,Toyota,Food
2026-01-06 21:00:00,0.0,0.0,0.0,1,1,16,100,1.3306301459840002,16,Typeb,Toyota,Food
2026-01-06 22:00:00,0.0,0.0,0.0,1,1,16,100,1.3306301459840002,16,Typeb,Toyota,Food
2026-01-06 23:00:00,0.0,0.0,0.0,1,1,16,100,1.3306301459840002,16,Typeb,Toyota,Food
2026-01-07 00:00:00,0.0,0.0,0.0,1,1,16,100,1.3306301459840002,16,Typeb,Toyota,Food
2026-01-07 01:00:00,0.0,0.0,0.0,1,1,16,100,1.3306301459840002,16,Typeb,Toyota,Food
2026-01-07 02:00:00,0.0,0.0,0.0,1,1,16,100,1.3306301459840002,16,Typeb,Toyota,Food
2026-01-07 03:00:00,0.0,0.0,0.0,1,1,16,100,1.3306301459840002,16,Typeb,Toyota,Food
2026-01-07 04:00:00,0.0,0.0,0.0,1,1,16,100,1.3306301459840002,16,Typeb,Toyota,Food
2026-01-07 05:00:00,4.0,1.904499872661131,0.47612496816528277,0,0,16,0,1.282756305344,16,Typeb,Toyota,Food
2026-01-07 06:00:00,4.0,0.5131025221376001,0.12827563053440003,0,0,16,0,1.282756305344,16,Typeb,Toyota,Food
2026-01-07 07:00:00,4.0,0.7887771391479913,0.19719428478699783,0,0,16,0,1.282756305344,16,Typeb,Toyota,Food
2026-01-07 08:00:00,4.0,1.8204727158817062,0.45511817897042656,0,0,16,0,1.282756305344,16,Typeb,Toyota,Food
2026-01-07 09:00:00,4.0,0.5131025221376001,0.12827563053440003,0,0,16,0,1.282756305344,16,Typeb,Toyota,Food
2026-01-07 10:00:00,4.0,1.8565704679434216,0.4641426169858554,0,0,16,0,1.282756305344,16,Typeb,Toyota,Food
2026-01-07 11:00:00,4.0,1.656106621388272,0.414026655347068,0,0,16,0,1.282756305344,16,Typeb,Toyota,Food
2026-01-07 12:00:00,0.0,0.0,0.0,1,1,16,100,1.282756305344,16,Typeb,Toyota,Food
2026-01-07 13:00:00,4.615384615384615,0.5920413716972308,0.12827563053440003,0,0,16,0,1.282756305344,16,Typeb,Toyota,Food
2026-01-07 14:00:00,4.615384615384615,0.5920413716972308,0.12827563053440003,0,0,16,0,1.282756305344,16,Typeb,Toyota,Food
2026-01-07 15:00:00,4.615384615384615,2.602784400085294,0.5639366200184804,0,0,16,0,1.282756305344,16,Typeb,Toyota,Food
2026-01-07 16:00:00,4.615384615384615,2.6641861726375384,0.5772403374048001,0,0,16,0,1.282756305344,16,Typeb,Toyota,Food
2026-01-07 17:00:00,4.615384615384615,2.6641861726375384,0.5772403374048001,0,0,16,0,1.282756305344,16,Typeb,Toyota,Food
2026-01-07 18:00:00,4.615384615384615,0.7214403932403609,0.15631208520207823,0,0,16,0,1.282756305344,16,Typeb,Toyota,Food
2026-01-07 19:00:00,4.615384615384615,0.6370647211873326,0.13803068959058873,0,0,16,0,1.282756305344,16,Typeb,Toyota,Food
2026-01-07 20:00:00,0.0,0.0,0.0,1,1,16,100,1.282756305344,16,Typeb,Toyota,Food
2026-01-07 21:00:00,0.0,0.0,0.0,1,1,16,100,1.282756305344,16,Typeb,Toyota,Food
2026-01-07 22:00:00,0.0,0.0,0.0,1,1,16,100,1.282756305344,16,Typeb,Toyota,Food
2026-01-07 23:00:00,0.0,0.0,0.0,1,1,16,100,1.282756305344,16,Typeb,Toyota,Food
2026-01-08 00:00:00,0.0,0.0,0.0,1,1,16,100,1.282756305344,16,Typeb,Toyota,Food
2026-01-08 01:00:00,0.0,0.0,0.0,1,1,16,100,1.282756305344,16,Typeb,Toyota,Food
2026-01-08 02:00:00,0.0,0.0,0.0,1,1,16,100,1.282756305344,16,Typeb,Toyota,Food
2026-01-08 03:00:00,0.0,0.0,0.0,1,1,16,100,1.282756305344,16,Typeb,Toyota,Food
2026-01-08 04:00:00,0.0,0.0,0.0,1,1,16,100,1.282756305344,16,Typeb,Toyota,Food
2026-01-08 05:00:00,0.0,0.0,0.0,1,1,16,100,1.282756305344,16,Typeb,Toyota,Food
2026-01-08 06:00:00,6.83623283884485,1.6993412502145335,0.2485786090489099,0,0,16,0,1.176585222144,16,Typeb,Toyota,Food
2026-01-08 07:00:00,6.83623283884485,2.3083622711533396,0.3376658352004573,0,0,16,0,1.176585222144,16,Typeb,Toyota,Food
2026-01-08 08:00:00,6.83623283884485,2.643449645964621,0.3866822134764059,0,0,16,0,1.176585222144,16,Typeb,Toyota,Food
2026-01-08 09:00:00,6.83623283884485,3.075780249414833,0.4499232723522275,0,0,16,0,1.176585222144,16,Typeb,Toyota,Food
2026-01-08 10:00:00,6.83623283884485,2.8797740372881053,0.42125160233347375,0,0,16,0,1.176585222144,16,Typeb,Toyota,Food
2026-01-08 11:00:00,6.83623283884485,2.8099600579926505,0.411039255717841,0,0,16,0,1.176585222144,16,Typeb,Toyota,Food
2026-01-08 12:00:00,6.83623283884485,2.9472167737303048,0.4311170849804334,0,0,16,0,1.176585222144,16,Typeb,Toyota,Food
2026-01-08 13:00:00,7.362096903371377,2.3238353808885672,0.3156485728711879,0,0,16,0,1.176585222144,16,Typeb,Toyota,Food
2026-01-08 14:00:00,7.362096903371377,1.9741879682917582,0.268155661926659,0,0,16,0,1.176585222144,16,Typeb,Toyota,Food
2026-01-08 15:00:00,7.362096903371377,1.7205133243731345,0.23369881529068814,0,0,16,0,1.176585222144,16,Typeb,Toyota,Food
2026-01-08 16:00:00,7.362096903371377,2.79825043786557,0.38008878103521665,0,0,16,0,1.176585222144,16,Typeb,Toyota,Food
2026-01-08 17:00:00,7.362096903371377,1.9195663050229979,0.26073635408737383,0,0,16,0,1.176585222144,16,Typeb,Toyota,Food
2026-01-08 18:00:00,7.362096903371377,3.89796048922449,0.5294633499648,0,0,16,0,1.176585222144,16,Typeb,Toyota,Food
2026-01-08 19:00:00,7.362096903371377,2.4781457626044077,0.3366086856951819,0,0,16,0,1.176585222144,16,Typeb,Toyota,Food
2026-01-08 20:00:00,0.0,0.0,0.0,1,1,16,100,1.176585222144,16,Typeb,Toyota,Food
2026-01-08 21:00:00,0.0,0.0,0.0,1,1,16,100,1.176585222144,16,Typeb,Toyota,Food
2026-01-08 22:00:00,0.0,0.0,0.0,1,1,16,100,1.176585222144,16,Typeb,Toyota,Food
2026-01-08 23:00:00,0.0,0.0,0.0,1,1,16,100,1.176585222144,16,Typeb,Toyota,Food
2026-01-09 00:00:00,0.0,0.0,0.0,1,1,16,100,1.176585222144,16,Typeb,Toyota,Food
2026-01-09 01:00:00,0.0,0.0,0.0,1,1,16,100,1.176585222144,16,Typeb,Toyota,Food
2026-01-09 02:00:00,0.0,0.0,0.0,1,1,16,100,1.176585222144,16,Typeb,Toyota,Food
2026-01-09 03:00:00,0.0,0.0,0.0,1,1,16,100,1.176585222144,16,Typeb,Toyota,Food
2026-01-09 04:00:00,0.0,0.0,0.0,1,1,16,100,1.176585222144,16,Typeb,Toyota,Food
2026-01-09 05:00:00,0.0,0.0,0.0,1,1,16,100,1.176585222144,16,Typeb,Toyota,Food
2026-01-09 06:00:00,0.0,0.0,0.0,1,1,16,100,1.176585222144,16,Typeb,Toyota,Food
2026-01-09 07:00:00,6.480409511118529,1.0523017992217543,0.1623819910479894,0,0,16,0,1.137342385344,16,Typeb,Toyota,Food
2026-01-09 08:00:00,6.480409511118529,2.0454534028370377,0.31563644231550875,0,0,16,0,1.137342385344,16,Typeb,Toyota,Food
2026-01-09 09:00:00,6.480409511118529,0.7535278184035453,0.11627780884999737,0,0,16,0,1.137342385344,16,Typeb,Toyota,Food
2026-01-09 10:00:00,6.480409511118529,1.817280866839237,0.28042685631537684,0,0,16,0,1.137342385344,16,Typeb,Toyota,Food
2026-01-09 11:00:00,6.480409511118529,2.118189585569606,0.32686045255865365,0,0,16,0,1.137342385344,16,Typeb,Toyota,Food
2026-01-09 12:00:00,6.480409511118529,1.4309218173283493,0.22080731393182743,0,0,16,0,1.137342385344,16,Typeb,Toyota,Food
2026-01-09 13:00:00,0.0,0.0,0.0,1,1,16,100,1.137342385344,16,Typeb,Toyota,Food
2026-01-09 14:00:00,6.210392448155257,1.1087284424251227,0.17852791939975723,0,0,16,0,1.137342385344,16,Typeb,Toyota,Food
2026-01-09 15:00:00,6.210392448155257,1.3794404144735606,0.22211807482203666,0,0,16,0,1.137342385344,16,Typeb,Toyota,Food
2026-01-09 16:00:00,6.210392448155257,1.4702186107880262,0.23673521811407292,0,0,16,0,1.137342385344,16,Typeb,Toyota,Food
2026-01-09 17:00:00,6.210392448155257,1.8184302365788765,0.29280440032723304,0,0,16,0,1.137342385344,16,Typeb,Toyota,Food
2026-01-09 18:00:00,6.210392448155257,1.4663267859778644,0.2361085548488041,0,0,16,0,1.137342385344,16,Typeb,Toyota,Food
2026-01-09 19:00:00,6.210392448155257,1.782754044828505,0.28705980494969474,0,0,16,0,1.137342385344,16,Typeb,Toyota,Food
2026-01-09 20:00:00,0.0,0.0,0.0,1,1,16,100,1.137342385344,16,Typeb,Toyota,Food
2026-01-09 21:00:00,0.0,0.0,0.0,1,1,16,100,1.137342385344,16,Typeb,Toyota,Food
2026-01-09 22:00:00,0.0,0.0,0.0,1,1,16,100,1.137342385344,16,Typeb,Toyota,Food
2026-01-09 23:00:00,0.0,0.0,0.0,1,1,16,100,1.137342385344,16,Typeb,Toyota,Food
2026-01-10 00:00:00,0.0,0.0,0.0,1,1,16,100,1.137342385344,16,Typeb,Toyota,Food
2026-01-10 01:00:00,0.0,0.0,0.0,1,1,16,100,1.137342385344,16,Typeb,Toyota,Food
2026-01-10 02:00:00,0.0,0.0,0.0,1,1,16,100,1.137342385344,16,Typeb,Toyota,Food
2026-01-10 03:00:00,0.0,0.0,0.0,1,1,16,100,1.137342385344,16,Typeb,Toyota,Food
2026-01-10 04:00:00,0.0,0.0,0.0,1,1,16,100,1.137342385344,16,Typeb,Toyota,Food
2026-01-10 05:00:00,0.0,0.0,0.0,1,1,16,100,1.137342385344,16,Typeb,Toyota,Food
2026-01-10 06:00:00,0.0,0.0,0.0,1,1,16,100,1.137342385344,16,Typeb,Toyota,Food
2026-01-10 07:00:00,0.0,0.0,0.0,1,1,16,100,1.137342385344,16,Typeb,Toyota,Food
2026-01-10 08:00:00,0.0,0.0,0.0,1,1,16,100,1.137342385344,16,Typeb,Toyota,Food
2026-01-10 09:00:00,7.5,2.8447557176306524,0.37930076235075366,0,0,16,0,1.18961004,16,Typeb,Toyota,Food
2026-01-10 10:00:00,7.5,1.004452900599731,0.13392705341329747,0,0,16,0,1.18961004,16,Typeb,Toyota,Food
2026-01-10 11:00:00,7.5,3.149671395889183,0.4199561861185577,0,0,16,0,1.18961004,16,Typeb,Toyota,Food
2026-01-10 12:00:00,7.5,1.845966158349745,0.24612882111329934,0,0,16,0,1.18961004,16,Typeb,Toyota,Food
2026-01-10 13:00:00,4.137931034482759,2.2151359365517242,0.535324518,0,0,16,0,1.18961004,16,Typeb,Toyota,Food
2026-01-10 14:00:00,4.137931034482759,1.4603019599986218,0.3529063069996669,0,0,16,0,1.18961004,16,Typeb,Toyota,Food
2026-01-10 15:00:00,4.137931034482759,2.2151359365517242,0.535324518,0,0,16,0,1.18961004,16,Typeb,Toyota,Food
2026-01-10 16:00:00,4.137931034482759,1.7923623233508954,0.43315422814313304,0,0,16,0,1.18961004,16,Typeb,Toyota,Food
2026-01-10 17:00:00,4.137931034482759,2.040408442763371,0.49309870700114794,0,0,16,0,1.18961004,16,Typeb,Toyota,Food
2026-01-10 18:00:00,4.137931034482759,0.7027058064653154,0.16982056989578456,0,0,16,0,1.18961004,16,Typeb,Toyota,Food
2026-01-10 19:00:00,4.137931034482759,0.4922524303448277,0.11896100400000001,0,0,16,0,1.18961004,16,Typeb,Toyota,Food
2026-01-10 20:00:00,4.137931034482759,2.0542466398766064,0.49644293797017985,0,0,16,0,1.18961004,16,Typeb,Toyota,Food
2026-01-10 21:00:00,0.0,0.0,0.0,1,1,16,100,1.18961004,16,Typeb,Toyota,Food
2026-01-10 22:00:00,0.0,0.0,0.0,1,1,16,100,1.18961004,16,Typeb,Toyota,Food
2026-01-10 23:00:00,0.0,0.0,0.0,1,1,16,100,1.18961004,16,Typeb,Toyota,Food
2026-01-11 00:00:00,0.0,0.0,0.0,1,1,16,100,1.18961004,16,Typeb,Toyota,Food
2026-01-11 01:00:00,0.0,0.0,0.0,1,1,16,100,1.18961004,16,Typeb,Toyota,Food
2026-01-11 02:00:00,0.0,0.0,0.0,1,1,16,100,1.18961004,16,Typeb,Toyota,Food
2026-01-11 03:00:00,0.0,0.0,0.0,1,1,16,100,1.18961004,16,Typeb,Toyota,Food
2026-01-11 04:00:00,0.0,0.0,0.0,1,1,16,100,1.18961004,16,Typeb,Toyota,Food
2026-01-11 05:00:00,0.0,0.0,0.0,1,1,16,100,1.18961004,16,Typeb,Toyota,Food
2026-01-11 06:00:00,0.0,0.0,0.0,1,1,16,100,1.18961004,16,Typeb,Toyota,Food
2026-01-11 07:00:00,0.0,0.0,0.0,1,1,16,100,1.18961004,16,Typeb,Toyota,Food
2026-01-11 08:00:00,0.0,0.0,0.0,1,1,16,100,1.18961004,16,Typeb,Toyota,Food
2026-01-11 09:00:00,9.23076923076923,3.0567535207772227,0.33114829808419916,0,0,16,0,1.122069513044,16,Typeb,Toyota,Food
2026-01-11 10:00:00,9.23076923076923,1.7212595310767582,0.1864697825333155,0,0,16,0,1.122069513044,16,Typeb,Toyota,Food
2026-01-11 11:00:00,9.23076923076923,2.3501651744101237,0.2546012272277634,0,0,16,0,1.122069513044,16,Typeb,Toyota,Food
2026-01-11 12:00:00,0.0,0.0,0.0,1,1,16,100,1.122069513044,16,Typeb,Toyota,Food
2026-01-11 13:00:00,0.0,0.0,0.0,1,1,16,100,1.122069513044,16,Typeb,Toyota,Food
2026-01-11 14:00:00,5.217391304347826,0.5854275720229565,0.1122069513044,0,0,16,0,1.122069513044,16,Typeb,Toyota,Food
2026-01-11 15:00:00,5.217391304347826,1.5712466896815418,0.3011556155222955,0,0,16,0,1.122069513044,16,Typeb,Toyota,Food
2026-01-11 16:00:00,5.217391304347826,1.640537292814852,0.31443631445618,0,0,16,0,1.122069513044,16,Typeb,Toyota,Food
2026-01-11 17:00:00,5.217391304347826,1.0866689394653535,0.20827821339752606,0,0,16,0,1.122069513044,16,Typeb,Toyota,Food
2026-01-11 18:00:00,5.217391304347826,2.6344240741033045,0.5049312808698,0,0,16,0,1.122069513044,16,Typeb,Toyota,Food
2026-01-11 19:00:00,0.0,0.0,0.0,1,1,16,100,1.122069513044,16,Typeb,Toyota,Food
2026-01-11 20:00:00,0.0,0.0,0.0,1,1,16,100,1.122069513044,16,Typeb,Toyota,Food
2026-01-11 21:00:00,0.0,0.0,0.0,1,1,16,100,1.122069513044,16,Typeb,Toyota,Food
2026-01-11 22:00:00,0.0,0.0,0.0,1,1,16,100,1.122069513044,16,Typeb,Toyota,Food
2026-01-11 23:00:00,0.0,0.0,0.0,1,1,16,100,1.122069513044,16,Typeb,Toyota,Food
2026-01-12 00:00:00,0.0,0.0,0.0,1,1,16,100,1.122069513044,16,Typeb,Toyota,Food
2026-01-12 01:00:00,0.0,0.0,0.0,1,1,16,100,1.122069513044,16,Typeb,Toyota,Food
2026-01-12 02:00:00,0.0,0.0,0.0,1,1,16,100,1.122069513044,16,Typeb,Toyota,Food
2026-01-12 03:00:00,0.0,0.0,0.0,1,1,16,100,1.122069513044,16,Typeb,Toyota,Food
2026-01-12 04:00:00,0.0,0.0,0.0,1,1,16,100,1.122069513044,16,Typeb,Toyota,Food
2026-01-12 05:00:00,5.500800666107245,1.5295895966874207,0.27806671965262586,0,0,16,0,1.119889326784,16,Typeb,Toyota,Food
2026-01-12 06:00:00,5.500800666107245,2.5834061106218558,0.4696418335133122,0,0,16,0,1.119889326784,16,Typeb,Toyota,Food
2026-01-12 07:00:00,5.500800666107245,0.6160287954739821,0.1119889326784,0,0,16,0,1.119889326784,16,Typeb,Toyota,Food
2026-01-12 08:00:00,5.500800666107245,2.7721295796329195,0.5039501970528,0,0,16,0,1.119889326784,16,Typeb,Toyota,Food
2026-01-12 09:00:00,5.500800666107245,1.7231029532758964,0.31324584508081904,0,0,16,0,1.119889326784,16,Typeb,Toyota,Food
2026-01-12 10:00:00,5.500800666107245,1.147071561675561,0.20852810914293857,0,0,16,0,1.119889326784,16,Typeb,Toyota,Food
2026-01-12 11:00:00,5.500800666107245,1.391354979821317,0.252936811252595,0,0,16,0,1.119889326784,16,Typeb,Toyota,Food
2026-01-12 12:00:00,0.0,0.0,0.0,1,1,16,100,1.119889326784,16,Typeb,Toyota,Food
2026-01-12 13:00:00,7.174957390574668,3.6158211908255478,0.5039501970528,0,0,16,0,1.119889326784,16,Typeb,Toyota,Food
2026-01-12 14:00:00,7.174957390574668,3.518555417792951,0.4903939112467869,0,0,16,0,1.119889326784,16,Typeb,Toyota,Food
2026-01-12 15:00:00,7.174957390574668,0.803515820183455,0.1119889326784,0,0,16,0,1.119889326784,16,Typeb,Toyota,Food
2026-01-12 16:00:00,7.174957390574668,0.803515820183455,0.1119889326784,0,0,16,0,1.119889326784,16,Typeb,Toyota,Food
2026-01-12 17:00:00,7.174957390574668,1.0935904338711147,0.15241769035558345,0,0,16,0,1.119889326784,16,Typeb,Toyota,Food
2026-01-12 18:00:00,7.174957390574668,2.7043711494374603,0.3769180780069912,0,0,16,0,1.119889326784,16,Typeb,Toyota,Food
2026-01-12 19:00:00,0.0,0.0,0.0,1,1,16,100,1.119889326784,16,Typeb,Toyota,Food
2026-01-12 20:00:00,0.0,0.0,0.0,1,1,16,100,1.119889326784,16,Typeb,Toyota,Food
2026-01-12 21:00:00,0.0,0.0,0.0,1,1,16,100,1.119889326784,16,Typeb,Toyota,Food
2026-01-12 22:00:00,0.0,0.0,0.0,1,1,16,100,1.119889326784,16,Typeb,Toyota,Food
2026-01-12 23:00:00,0.0,0.0,0.0,1,1,16,100,1.119889326784,16,Typeb,Toyota,Food
2026-01-13 00:00:00,0.0,0.0,0.0,1,1,16,100,1.119889326784,16,Typeb,Toyota,Food
2026-01-13 01:00:00,0.0,0.0,0.0,1,1,16,100,1.119889326784,16,Typeb,Toyota,Food
2026-01-13 02:00:00,0.0,0.0,0.0,1,1,16,100,1.119889326784,16,Typeb,Toyota,Food
2026-01-13 03:00:00,0.0,0.0,0.0,1,1,16,100,1.119889326784,16,Typeb,Toyota,Food
2026-01-13 04:00:00,0.0,0.0,0.0,1,1,16,100,1.119889326784,16,Typeb,Toyota,Food
2026-01-13 05:00:00,0.0,0.0,0.0,1,1,16,100,1.119889326784,16,Typeb,Toyota,Food
2026-01-13 06:00:00,4.8,2.0081593362306647,0.4183665283813885,0,0,16,0,1.12425024,16,Typeb,Toyota,Food
2026-01-13 07:00:00,4.8,1.5035616730312262,0.3132420152148388,0,0,16,0,1.12425024,16,Typeb,Toyota,Food
2026-01-13 08:00:00,4.8,1.1001769651067832,0.22920353439724647,0,0,16,0,1.12425024,16,Typeb,Toyota,Food
2026-01-13 09:00:00,4.8,1.8381600363578794,0.3829500075745582,0,0,16,0,1.12425024,16,Typeb,Toyota,Food
2026-01-13 10:00:00,4.8,1.7451374063144698,0.36357029298218124,0,0,16,0,1.12425024,16,Typeb,Toyota,Food
2026-01-13 11:00:00,4.8,0.5396401152,0.11242502400000001,0,0,16,0,1.12425024,16,Typeb,Toyota,Food
2026-01-13 12:00:00,4.8,1.9185583351443345,0.39969965315506967,0,0,16,0,1.12425024,16,Typeb,Toyota,Food
2026-01-13 13:00:00,6.0,0.984660546406535,0.16411009106775584,0,0,16,0,1.12425024,16,Typeb,Toyota,Food
2026-01-13 14:00:00,6.0,2.7417396576255495,0.4569566096042582,0,0,16,0,1.12425024,16,Typeb,Toyota,Food
2026-01-13 15:00:00,6.0,0.9236961057374623,0.15394935095624374,0,0,16,0,1.12425024,16,Typeb,Toyota,Food
2026-01-13 16:00:00,6.0,3.0354756480000002,0.505912608,0,0,16,0,1.12425024,16,Typeb,Toyota,Food
2026-01-13 17:00:00,6.0,0.6745501440000001,0.11242502400000001,0,0,16,0,1.12425024,16,Typeb,Toyota,Food
2026-01-13 18:00:00,0.0,0.0,0.0,1,1,16,100,1.12425024,16,Typeb,Toyota,Food
2026-01-13 19:00:00,0.0,0.0,0.0,1,1,16,100,1.12425024,16,Typeb,Toyota,Food
2026-01-13 20:00:00,0.0,0.0,0.0,1,1,16,100,1.12425024,16,Typeb,Toyota,Food
2026-01-13 21:00:00,0.0,0.0,0.0,1,1,16,100,1.12425024,16,Typeb,Toyota,Food
2026-01-13 22:00:00,0.0,0.0,0.0,1,1,16,100,1.12425024,16,Typeb,Toyota,Food
2026-01-13 23:00:00,0.0,0.0,0.0,1,1,16,100,1.12425024,16,Typeb,Toyota,Food
2026-01-14 00:00:00,0.0,0.0,0.0,1,1,16,100,1.12425024,16,Typeb,Toyota,Food
2026-01-14 01:00:00,0.0,0.0,0.0,1,1,16,100,1.12425024,16,Typeb,Toyota,Food
2026-01-14 02:00:00,0.0,0.0,0.0,1,1,16,100,1.12425024,16,Typeb,Toyota,Food
2026-01-14 03:00:00,0.0,0.0,0.0,1,1,16,100,1.12425024,16,Typeb,Toyota,Food
2026-01-14 04:00:00,0.0,0.0,0.0,1,1,16,100,1.12425024,16,Typeb,Toyota,Food
2026-01-14 05:00:00,0.0,0.0,0.0,1,1,16,100,1.12425024,16,Typeb,Toyota,Food
2026-01-14 06:00:00,0.0,0.0,0.0,1,1,16,100,1.12425024,16,Typeb,Toyota,Food
2026-01-14 07:00:00,7.837003453328967,2.431009149697525,0.310196258579533,0,0,16,0,1.102475,16,Typeb,Toyota,Food
2026-01-14 08:00:00,7.837003453328967,2.6759721840166586,0.34145349047664014,0,0,16,0,1.102475,16,Typeb,Toyota,Food
2026-01-14 09:00:00,7.837003453328967,0.8640100382208855,0.11024750000000001,0,0,16,0,1.102475,16,Typeb,Toyota,Food
2026-01-14 10:00:00,7.837003453328967,2.0505376896291474,0.2616481799249596,0,0,16,0,1.102475,16,Typeb,Toyota,Food
2026-01-14 11:00:00,7.837003453328967,1.2690347531721424,0.16192856883750478,0,0,16,0,1.102475,16,Typeb,Toyota,Food
2026-01-14 12:00:00,7.837003453328967,1.9260859650224298,0.24576816591860448,0,0,16,0,1.102475,16,Typeb,Toyota,Food
2026-01-14 13:00:00,7.837003453328967,3.495293363122164,0.4459987014089485,0,0,16,0,1.102475,16,Typeb,Toyota,Food
2026-01-14 14:00:00,7.837003453328967,2.7384845113400873,0.34943005035640834,0,0,16,0,1.102475,16,Typeb,Toyota,Food
2026-01-14 15:00:00,7.837003453328967,3.8880451719939844,0.4961137500000001,0,0,16,0,1.102475,16,Typeb,Toyota,Food
2026-01-14 16:00:00,7.837003453328967,2.355914053040109,0.30061413996689945,0,0,16,0,1.102475,16,Typeb,Toyota,Food
2026-01-14 17:00:00,7.837003453328967,3.6475496708991204,0.46542657440704976,0,0,16,0,1.102475,16,Typeb,Toyota,Food
2026-01-14 18:00:00,7.837003453328967,3.8499627684950837,0.49125444328593654,0,0,16,0,1.102475,16,Typeb,Toyota,Food
2026-01-14 19:00:00,0.0,0.0,0.0,1,1,16,100,1.102475,16,Typeb,Toyota,Food
2026-01-14 20:00:00,0.0,0.0,0.0,1,1,16,100,1.102475,16,Typeb,Toyota,Food
2026-01-14 21:00:00,0.0,0.0,0.0,1,1,16,100,1.102475,16,Typeb,Toyota,Food
2026-01-14 22:00:00,0.0,0.0,0.0,1,1,16,100,1.102475,16,Typeb,Toyota,Food
2026-01-14 23:00:00,0.0,0.0,0.0,1,1,16,100,1.102475,16,Typeb,Toyota,Food
2026-01-01 00:00:00,0.0,0.0,0.0,1,1,17,100,1.0,17,Typeb,Toyota,Food
2026-01-01 01:00:00,0.0,0.0,0.0,1,1,17,100,1.0,17,Typeb,Toyota,Food
2026-01-01 02:00:00,0.0,0.0,0.0,1,1,17,100,1.0,17,Typeb,Toyota,Food
2026-01-01 03:00:00,0.0,0.0,0.0,1,1,17,100,1.0,17,Typeb,Toyota,Food
2026-01-01 04:00:00,0.0,0.0,0.0,1,1,17,100,1.0,17,Typeb,Toyota,Food
2026-01-01 05:00:00,0.0,0.0,0.0,1,1,17,100,1.0,17,Typeb,Toyota,Food
2026-01-01 06:00:00,7.4633353208274915,2.4263288699759396,0.3250998066782456,0,0,17,0,1.1329772784640002,17,Typeb,Toyota,Food
2026-01-01 07:00:00,7.4633353208274915,0.8455789340055377,0.11329772784640002,0,0,17,0,1.1329772784640002,17,Typeb,Toyota,Food
2026-01-01 08:00:00,7.4633353208274915,2.7041773275983485,0.36232826361854054,0,0,17,0,1.1329772784640002,17,Typeb,Toyota,Food
2026-01-01 09:00:00,7.4633353208274915,3.8051052030249197,0.5098397753088001,0,0,17,0,1.1329772784640002,17,Typeb,Toyota,Food
2026-01-01 10:00:00,7.4633353208274915,1.6009829861516327,0.21451307188139646,0,0,17,0,1.1329772784640002,17,Typeb,Toyota,Food
2026-01-01 11:00:00,7.4633353208274915,3.042162730099711,0.40761437069698936,0,0,17,0,1.1329772784640002,17,Typeb,Toyota,Food
2026-01-01 12:00:00,0.0,0.0,0.0,1,1,17,100,1.1329772784640002,17,Typeb,Toyota,Food
2026-01-01 13:00:00,7.186915494130177,0.8142611957090363,0.11329772784640002,0,0,17,0,1.1329772784640002,17,Typeb,Toyota,Food
2026-01-01 14:00:00,7.186915494130177,2.384365597844461,0.3317648022704402,0,0,17,0,1.1329772784640002,17,Typeb,Toyota,Food
2026-01-01 15:00:00,7.186915494130177,2.003331824997744,0.27874709625206257,0,0,17,0,1.1329772784640002,17,Typeb,Toyota,Food
2026-01-01 16:00:00,7.186915494130177,1.8406186420855377,0.25610689920993784,0,0,17,0,1.1329772784640002,17,Typeb,Toyota,Food
2026-01-01 17:00:00,7.186915494130177,0.8142611957090363,0.11329772784640002,0,0,17,0,1.1329772784640002,17,Typeb,Toyota,Food
2026-01-01 18:00:00,7.186915494130177,2.010438251886879,0.2797358969266968,0,0,17,0,1.1329772784640002,17,Typeb,Toyota,Food
2026-01-01 19:00:00,7.186915494130177,1.9308530764599134,0.26866227633216416,0,0,17,0,1.1329772784640002,17,Typeb,Toyota,Food
2026-01-01 20:00:00,0.0,0.0,0.0,1,1,17,100,1.1329772784640002,17,Typeb,Toyota,Food
2026-01-01 21:00:00,0.0,0.0,0.0,1,1,17,100,1.1329772784640002,17,Typeb,Toyota,Food
2026-01-01 22:00:00,0.0,0.0,0.0,1,1,17,100,1.1329772784640002,17,Typeb,Toyota,Food
2026-01-01 23:00:00,0.0,0.0,0.0,1,1,17,100,1.1329772784640002,17,Typeb,Toyota,Food
2026-01-02 00:00:00,0.0,0.0,0.0,1,1,17,100,1.1329772784640002,17,Typeb,Toyota,Food
2026-01-02 01:00:00,0.0,0.0,0.0,1,1,17,100,1.1329772784640002,17,Typeb,Toyota,Food
2026-01-02 02:00:00,0.0,0.0,0.0,1,1,17,100,1.1329772784640002,17,Typeb,Toyota,Food
2026-01-02 03:00:00,0.0,0.0,0.0,1,1,17,100,1.1329772784640002,17,Typeb,Toyota,Food
2026-01-02 04:00:00,0.0,0.0,0.0,1,1,17,100,1.1329772784640002,17,Typeb,Toyota,Food
2026-01-02 05:00:00,0.0,0.0,0.0,1,1,17,100,1.1329772784640002,17,Typeb,Toyota,Food
2026-01-02 06:00:00,0.0,0.0,0.0,1,1,17,100,1.1329772784640002,17,Typeb,Toyota,Food
2026-01-02 07:00:00,6.0,2.8893752636732275,0.48156254394553794,0,0,17,0,1.23259004,17,Typeb,Toyota,Food
2026-01-02 08:00:00,6.0,2.7571249238259625,0.45952082063766037,0,0,17,0,1.23259004,17,Typeb,Toyota,Food
2026-01-02 09:00:00,6.0,3.1276423421252386,0.5212737236875398,0,0,17,0,1.23259004,17,Typeb,Toyota,Food
2026-01-02 10:00:00,6.0,0.7395540240000001,0.123259004,0,0,17,0,1.23259004,17,Typeb,Toyota,Food
2026-01-02 11:00:00,6.0,1.5787397433220351,0.2631232905536725,0,0,17,0,1.23259004,17,Typeb,Toyota,Food
2026-01-02 12:00:00,0.0,0.0,0.0,1,1,17,100,1.23259004,17,Typeb,Toyota,Food
2026-01-02 13:00:00,4.137931034482759,0.7214282308663289,0.1743451557926961,0,0,17,0,1.23259004,17,Typeb,Toyota,Food
2026-01-02 14:00:00,4.137931034482759,1.2349111685072165,0.2984368657225773,0,0,17,0,1.23259004,17,Typeb,Toyota,Food
2026-01-02 15:00:00,4.137931034482759,1.76769317157697,0.42719251646443435,0,0,17,0,1.23259004,17,Typeb,Toyota,Food
2026-01-02 16:00:00,4.137931034482759,0.996563667415634,0.24083621962544485,0,0,17,0,1.23259004,17,Typeb,Toyota,Food
2026-01-02 17:00:00,4.137931034482759,1.485239339484867,0.35893284037550954,0,0,17,0,1.23259004,17,Typeb,Toyota,Food
2026-01-02 18:00:00,4.137931034482759,1.8486561855040866,0.44675857816348763,0,0,17,0,1.23259004,17,Typeb,Toyota,Food
2026-01-02 19:00:00,4.137931034482759,0.9201520833851053,0.2223700868180671,0,0,17,0,1.23259004,17,Typeb,Toyota,Food
2026-01-02 20:00:00,0.0,0.0,0.0,1,1,17,100,1.23259004,17,Typeb,Toyota,Food
2026-01-02 21:00:00,0.0,0.0,0.0,1,1,17,100,1.23259004,17,Typeb,Toyota,Food
2026-01-02 22:00:00,0.0,0.0,0.0,1,1,17,100,1.23259004,17,Typeb,Toyota,Food
2026-01-02 23:00:00,0.0,0.0,0.0,1,1,17,100,1.23259004,17,Typeb,Toyota,Food
2026-01-03 00:00:00,0.0,0.0,0.0,1,1,17,100,1.23259004,17,Typeb,Toyota,Food
2026-01-03 01:00:00,0.0,0.0,0.0,1,1,17,100,1.23259004,17,Typeb,Toyota,Food
2026-01-03 02:00:00,0.0,0.0,0.0,1,1,17,100,1.23259004,17,Typeb,Toyota,Food
2026-01-03 03:00:00,0.0,0.0,0.0,1,1,17,100,1.23259004,17,Typeb,Toyota,Food
2026-01-03 04:00:00,0.0,0.0,0.0,1,1,17,100,1.23259004,17,Typeb,Toyota,Food
2026-01-03 05:00:00,0.0,0.0,0.0,1,1,17,100,1.23259004,17,Typeb,Toyota,Food
2026-01-03 06:00:00,0.0,0.0,0.0,1,1,17,100,1.23259004,17,Typeb,Toyota,Food
2026-01-03 07:00:00,0.0,0.0,0.0,1,1,17,100,1.23259004,17,Typeb,Toyota,Food
2026-01-03 08:00:00,0.0,0.0,0.0,1,1,17,100,1.23259004,17,Typeb,Toyota,Food
2026-01-03 09:00:00,16.995130498361988,5.414463171300644,0.31858909067055985,0,0,17,0,1.209049010004,17,Typeb,Toyota,Food
2026-01-03 10:00:00,16.995130498361988,5.417488086710041,0.31876707785398795,0,0,17,0,1.209049010004,17,Typeb,Toyota,Food
2026-01-03 11:00:00,16.995130498361988,8.276135885951302,0.4869710112993228,0,0,17,0,1.209049010004,17,Typeb,Toyota,Food
2026-01-03 12:00:00,0.0,0.0,0.0,1,1,17,100,1.209049010004,17,Typeb,Toyota,Food
2026-01-03 13:00:00,6.923942054888217,0.8371385286787659,0.1209049010004,0,0,17,0,1.209049010004,17,Typeb,Toyota,Food
2026-01-03 14:00:00,6.923942054888217,2.3069522097986037,0.33318479437157106,0,0,17,0,1.209049010004,17,Typeb,Toyota,Food
2026-01-03 15:00:00,6.923942054888217,2.680862653750233,0.3871873323748539,0,0,17,0,1.209049010004,17,Typeb,Toyota,Food
2026-01-03 16:00:00,6.923942054888217,1.4382385159571103,0.20771960605039028,0,0,17,0,1.209049010004,17,Typeb,Toyota,Food
2026-01-03 17:00:00,6.923942054888217,3.390450482494879,0.4896705454230749,0,0,17,0,1.209049010004,17,Typeb,Toyota,Food
2026-01-03 18:00:00,6.923942054888217,0.8371385286787659,0.1209049010004,0,0,17,0,1.209049010004,17,Typeb,Toyota,Food
2026-01-03 19:00:00,6.923942054888217,1.6996057874050763,0.24546793920743107,0,0,17,0,1.209049010004,17,Typeb,Toyota,Food
2026-01-03 20:00:00,0.0,0.0,0.0,1,1,17,100,1.209049010004,17,Typeb,Toyota,Food
2026-01-03 21:00:00,0.0,0.0,0.0,1,1,17,100,1.209049010004,17,Typeb,Toyota,Food
2026-01-03 22:00:00,0.0,0.0,0.0,1,1,17,100,1.209049010004,17,Typeb,Toyota,Food
2026-01-03 23:00:00,0.0,0.0,0.0,1,1,17,100,1.209049010004,17,Typeb,Toyota,Food
2026-01-04 00:00:00,0.0,0.0,0.0,1,1,17,100,1.209049010004,17,Typeb,Toyota,Food
2026-01-04 01:00:00,0.0,0.0,0.0,1,1,17,100,1.209049010004,17,Typeb,Toyota,Food
2026-01-04 02:00:00,0.0,0.0,0.0,1,1,17,100,1.209049010004,17,Typeb,Toyota,Food
2026-01-04 03:00:00,0.0,0.0,0.0,1,1,17,100,1.209049010004,17,Typeb,Toyota,Food
2026-01-04 04:00:00,0.0,0.0,0.0,1,1,17,100,1.209049010004,17,Typeb,Toyota,Food
2026-01-04 05:00:00,0.0,0.0,0.0,1,1,17,100,1.209049010004,17,Typeb,Toyota,Food
2026-01-04 06:00:00,0.0,0.0,0.0,1,1,17,100,1.209049010004,17,Typeb,Toyota,Food
2026-01-04 07:00:00,0.0,0.0,0.0,1,1,17,100,1.209049010004,17,Typeb,Toyota,Food
2026-01-04 08:00:00,0.0,0.0,0.0,1,1,17,100,1.209049010004,17,Typeb,Toyota,Food
2026-01-04 09:00:00,8.571428571428571,1.1185972735714287,0.13050301525000002,0,0,17,0,1.3050301525,17,Typeb,Toyota,Food
2026-01-04 10:00:00,8.571428571428571,4.248893979135052,0.49570429756575607,0,0,17,0,1.3050301525,17,Typeb,Toyota,Food
2026-01-04 11:00:00,8.571428571428571,1.7112086593162694,0.1996410102535648,0,0,17,0,1.3050301525,17,Typeb,Toyota,Food
2026-01-04 12:00:00,0.0,0.0,0.0,1,1,17,100,1.3050301525,17,Typeb,Toyota,Food
2026-01-04 13:00:00,4.444444444444445,0.5800134011111112,0.13050301525000002,0,0,17,0,1.3050301525,17,Typeb,Toyota,Food
2026-01-04 14:00:00,4.444444444444445,0.7773301518866538,0.1748992841744971,0,0,17,0,1.3050301525,17,Typeb,Toyota,Food
2026-01-04 15:00:00,4.444444444444445,1.9807766837489291,0.4456747538435091,0,0,17,0,1.3050301525,17,Typeb,Toyota,Food
2026-01-04 16:00:00,4.444444444444445,0.5800134011111112,0.13050301525000002,0,0,17,0,1.3050301525,17,Typeb,Toyota,Food
2026-01-04 17:00:00,4.444444444444445,1.6270314429546262,0.36608207466479087,0,0,17,0,1.3050301525,17,Typeb,Toyota,Food
2026-01-04 18:00:00,4.444444444444445,1.9224029393459376,0.4325406613528359,0,0,17,0,1.3050301525,17,Typeb,Toyota,Food
2026-01-04 19:00:00,4.444444444444445,1.0151320200985405,0.22840470452217163,0,0,17,0,1.3050301525,17,Typeb,Toyota,Food
2026-01-04 20:00:00,0.0,0.0,0.0,1,1,17,100,1.3050301525,17,Typeb,Toyota,Food
2026-01-04 21:00:00,0.0,0.0,0.0,1,1,17,100,1.3050301525,17,Typeb,Toyota,Food
2026-01-04 22:00:00,0.0,0.0,0.0,1,1,17,100,1.3050301525,17,Typeb,Toyota,Food
2026-01-04 23:00:00,0.0,0.0,0.0,1,1,17,100,1.3050301525,17,Typeb,Toyota,Food
2026-01-05 00:00:00,0.0,0.0,0.0,1,1,17,100,1.3050301525,17,Typeb,Toyota,Food
2026-01-05 01:00:00,0.0,0.0,0.0,1,1,17,100,1.3050301525,17,Typeb,Toyota,Food
2026-01-05 02:00:00,0.0,0.0,0.0,1,1,17,100,1.3050301525,17,Typeb,Toyota,Food
2026-01-05 03:00:00,0.0,0.0,0.0,1,1,17,100,1.3050301525,17,Typeb,Toyota,Food
2026-01-05 04:00:00,0.0,0.0,0.0,1,1,17,100,1.3050301525,17,Typeb,Toyota,Food
2026-01-05 05:00:00,0.0,0.0,0.0,1,1,17,100,1.3050301525,17,Typeb,Toyota,Food
2026-01-05 06:00:00,0.0,0.0,0.0,1,1,17,100,1.3050301525,17,Typeb,Toyota,Food
2026-01-05 07:00:00,9.097649524183943,2.1371633272885844,0.23491378972199828,0,0,17,0,1.226197579604,17,Typeb,Toyota,Food
2026-01-05 08:00:00,9.097649524183943,3.1297382088017915,0.3440161330112932,0,0,17,0,1.226197579604,17,Typeb,Toyota,Food
2026-01-05 09:00:00,9.097649524183943,2.9611997683421185,0.3254906402439961,0,0,17,0,1.226197579604,17,Typeb,Toyota,Food
2026-01-05 10:00:00,9.097649524183943,5.019982121987925,0.5517889108218,0,0,17,0,1.226197579604,17,Typeb,Toyota,Food
2026-01-05 11:00:00,9.097649524183943,3.186970799309861,0.35030705357884534,0,0,17,0,1.226197579604,17,Typeb,Toyota,Food
2026-01-05 12:00:00,0.0,0.0,0.0,1,1,17,100,1.226197579604,17,Typeb,Toyota,Food
2026-01-05 13:00:00,7.581374603486619,3.5541643378924825,0.46880210038136727,0,0,17,0,1.226197579604,17,Typeb,Toyota,Food
2026-01-05 14:00:00,7.581374603486619,3.9907122641622688,0.5263837328822888,0,0,17,0,1.226197579604,17,Typeb,Toyota,Food
2026-01-05 15:00:00,7.581374603486619,3.582085440557131,0.47248495528894663,0,0,17,0,1.226197579604,17,Typeb,Toyota,Food
2026-01-05 16:00:00,7.581374603486619,3.280329633663381,0.43268270006797727,0,0,17,0,1.226197579604,17,Typeb,Toyota,Food
2026-01-05 17:00:00,7.581374603486619,4.183318434989938,0.5517889108218,0,0,17,0,1.226197579604,17,Typeb,Toyota,Food
2026-01-05 18:00:00,7.581374603486619,1.407308471975058,0.18562708553246357,0,0,17,0,1.226197579604,17,Typeb,Toyota,Food
2026-01-05 19:00:00,0.0,0.0,0.0,1,1,17,100,1.226197579604,17,Typeb,Toyota,Food
2026-01-05 20:00:00,0.0,0.0,0.0,1,1,17,100,1.226197579604,17,Typeb,Toyota,Food
2026-01-05 21:00:00,0.0,0.0,0.0,1,1,17,100,1.226197579604,17,Typeb,Toyota,Food
2026-01-05 22:00:00,0.0,0.0,0.0,1,1,17,100,1.226197579604,17,Typeb,Toyota,Food
2026-01-05 23:00:00,0.0,0.0,0.0,1,1,17,100,1.226197579604,17,Typeb,Toyota,Food
2026-01-06 00:00:00,0.0,0.0,0.0,1,1,17,100,1.226197579604,17,Typeb,Toyota,Food
2026-01-06 01:00:00,0.0,0.0,0.0,1,1,17,100,1.226197579604,17,Typeb,Toyota,Food
2026-01-06 02:00:00,0.0,0.0,0.0,1,1,17,100,1.226197579604,17,Typeb,Toyota,Food
2026-01-06 03:00:00,0.0,0.0,0.0,1,1,17,100,1.226197579604,17,Typeb,Toyota,Food
2026-01-06 04:00:00,0.0,0.0,0.0,1,1,17,100,1.226197579604,17,Typeb,Toyota,Food
2026-01-06 05:00:00,0.0,0.0,0.0,1,1,17,100,1.226197579604,17,Typeb,Toyota,Food
2026-01-06 06:00:00,0.0,0.0,0.0,1,1,17,100,1.226197579604,17,Typeb,Toyota,Food
2026-01-06 07:00:00,7.576103620481831,1.9778407779102125,0.2610630578709567,0,0,17,0,1.3306301459840002,17,Typeb,Toyota,Food
2026-01-06 08:00:00,7.576103620481831,4.206240651886404,0.5551984057497477,0,0,17,0,1.3306301459840002,17,Typeb,Toyota,Food
2026-01-06 09:00:00,7.576103620481831,2.931220516065119,0.38690343518278025,0,0,17,0,1.3306301459840002,17,Typeb,Toyota,Food
2026-01-06 10:00:00,7.576103620481831,2.414679468293656,0.3187231312102995,0,0,17,0,1.3306301459840002,17,Typeb,Toyota,Food
2026-01-06 11:00:00,7.576103620481831,4.513564764528902,0.5957633356975977,0,0,17,0,1.3306301459840002,17,Typeb,Toyota,Food
2026-01-06 12:00:00,7.576103620481831,4.174375821427932,0.5509924402489161,0,0,17,0,1.3306301459840002,17,Typeb,Toyota,Food
2026-01-06 13:00:00,7.905499430067998,1.0519295860707811,0.13306301459840003,0,0,17,0,1.3306301459840002,17,Typeb,Toyota,Food
2026-01-06 14:00:00,7.905499430067998,1.657763408889573,0.2096974926826747,0,0,17,0,1.3306301459840002,17,Typeb,Toyota,Food
2026-01-06 15:00:00,7.905499430067998,1.0519295860707811,0.13306301459840003,0,0,17,0,1.3306301459840002,17,Typeb,Toyota,Food
2026-01-06 16:00:00,7.905499430067998,3.4120669275508373,0.4316067514435946,0,0,17,0,1.3306301459840002,17,Typeb,Toyota,Food
2026-01-06 17:00:00,7.905499430067998,3.2174171520197663,0.40698467952354184,0,0,17,0,1.3306301459840002,17,Typeb,Toyota,Food
2026-01-06 18:00:00,7.905499430067998,2.4723500418747673,0.3127379950811662,0,0,17,0,1.3306301459840002,17,Typeb,Toyota,Food
2026-01-06 19:00:00,0.0,0.0,0.0,1,1,17,100,1.3306301459840002,17,Typeb,Toyota,Food
2026-01-06 20:00:00,0.0,0.0,0.0,1,1,17,100,1.3306301459840002,17,Typeb,Toyota,Food
2026-01-06 21:00:00,0.0,0.0,0.0,1,1,17,100,1.3306301459840002,17,Typeb,Toyota,Food
2026-01-06 22:00:00,0.0,0.0,0.0,1,1,17,100,1.3306301459840002,17,Typeb,Toyota,Food
2026-01-06 23:00:00,0.0,0.0,0.0,1,1,17,100,1.3306301459840002,17,Typeb,Toyota,Food
2026-01-07 00:00:00,0.0,0.0,0.0,1,1,17,100,1.3306301459840002,17,Typeb,Toyota,Food
2026-01-07 01:00:00,0.0,0.0,0.0,1,1,17,100,1.3306301459840002,17,Typeb,Toyota,Food
2026-01-07 02:00:00,0.0,0.0,0.0,1,1,17,100,1.3306301459840002,17,Typeb,Toyota,Food
2026-01-07 03:00:00,0.0,0.0,0.0,1,1,17,100,1.3306301459840002,17,Typeb,Toyota,Food
2026-01-07 04:00:00,0.0,0.0,0.0,1,1,17,100,1.3306301459840002,17,Typeb,Toyota,Food
2026-01-07 05:00:00,0.0,0.0,0.0,1,1,17,100,1.3306301459840002,17,Typeb,Toyota,Food
2026-01-07 06:00:00,0.0,0.0,0.0,1,1,17,100,1.3306301459840002,17,Typeb,Toyota,Food
2026-01-07 07:00:00,0.0,0.0,0.0,1,1,17,100,1.3306301459840002,17,Typeb,Toyota,Food
2026-01-07 08:00:00,0.0,0.0,0.0,1,1,17,100,1.3306301459840002,17,Typeb,Toyota,Food
2026-01-07 09:00:00,11.14795740225465,5.614449472252679,0.5036303306215691,0,0,17,0,1.282756305344,17,Typeb,Toyota,Food
2026-01-07 10:00:00,11.14795740225465,6.435050692251814,0.5772403374048001,0,0,17,0,1.282756305344,17,Typeb,Toyota,Food
2026-01-07 11:00:00,11.14795740225465,5.650267276026524,0.5068432782927362,0,0,17,0,1.282756305344,17,Typeb,Toyota,Food
2026-01-07 12:00:00,11.14795740225465,3.85279558529686,0.3456055173405704,0,0,17,0,1.282756305344,17,Typeb,Toyota,Food
2026-01-07 13:00:00,5.573978701127325,1.3344998440835625,0.23941602859258557,0,0,17,0,1.282756305344,17,Typeb,Toyota,Food
2026-01-07 14:00:00,5.573978701127325,2.737951094451687,0.49120228857314113,0,0,17,0,1.282756305344,17,Typeb,Toyota,Food
2026-01-07 15:00:00,5.573978701127325,1.69722528787576,0.30449080968545855,0,0,17,0,1.282756305344,17,Typeb,Toyota,Food
2026-01-07 16:00:00,5.573978701127325,2.6487991923465377,0.47520798595997926,0,0,17,0,1.282756305344,17,Typeb,Toyota,Food
2026-01-07 17:00:00,5.573978701127325,1.5521614797554186,0.2784656280515563,0,0,17,0,1.282756305344,17,Typeb,Toyota,Food
2026-01-07 18:00:00,5.573978701127325,1.6324298903574632,0.2928661873120017,0,0,17,0,1.282756305344,17,Typeb,Toyota,Food
2026-01-07 19:00:00,5.573978701127325,1.925384717316249,0.34542376649678336,0,0,17,0,1.282756305344,17,Typeb,Toyota,Food
2026-01-07 20:00:00,0.0,0.0,0.0,1,1,17,100,1.282756305344,17,Typeb,Toyota,Food
2026-01-07 21:00:00,0.0,0.0,0.0,1,1,17,100,1.282756305344,17,Typeb,Toyota,Food
2026-01-07 22:00:00,0.0,0.0,0.0,1,1,17,100,1.282756305344,17,Typeb,Toyota,Food
2026-01-07 23:00:00,0.0,0.0,0.0,1,1,17,100,1.282756305344,17,Typeb,Toyota,Food
2026-01-08 00:00:00,0.0,0.0,0.0,1,1,17,100,1.282756305344,17,Typeb,Toyota,Food
2026-01-08 01:00:00,0.0,0.0,0.0,1,1,17,100,1.282756305344,17,Typeb,Toyota,Food
2026-01-08 02:00:00,0.0,0.0,0.0,1,1,17,100,1.282756305344,17,Typeb,Toyota,Food
2026-01-08 03:00:00,0.0,0.0,0.0,1,1,17,100,1.282756305344,17,Typeb,Toyota,Food
2026-01-08 04:00:00,3.75,0.441219458304,0.11765852221440001,0,0,17,0,1.176585222144,17,Typeb,Toyota,Food
2026-01-08 05:00:00,3.75,0.6305076252444681,0.16813536673185817,0,0,17,0,1.176585222144,17,Typeb,Toyota,Food
2026-01-08 06:00:00,3.75,1.3526601815346393,0.3607093817425705,0,0,17,0,1.176585222144,17,Typeb,Toyota,Food
2026-01-08 07:00:00,3.75,1.7444394615728778,0.4651838564194341,0,0,17,0,1.176585222144,17,Typeb,Toyota,Food
2026-01-08 08:00:00,3.75,0.6738946998187746,0.17970525328500656,0,0,17,0,1.176585222144,17,Typeb,Toyota,Food
2026-01-08 09:00:00,3.75,0.441219458304,0.11765852221440001,0,0,17,0,1.176585222144,17,Typeb,Toyota,Food
2026-01-08 10:00:00,3.75,1.3474976825126195,0.3593327153366985,0,0,17,0,1.176585222144,17,Typeb,Toyota,Food
2026-01-08 11:00:00,3.75,1.1230746812025056,0.2994865816540015,0,0,17,0,1.176585222144,17,Typeb,Toyota,Food
2026-01-08 12:00:00,0.0,0.0,0.0,1,1,17,100,1.176585222144,17,Typeb,Toyota,Food
2026-01-08 13:00:00,0.0,0.0,0.0,1,1,17,100,1.176585222144,17,Typeb,Toyota,Food
2026-01-08 14:00:00,5.0,1.9656028859772456,0.3931205771954491,0,0,17,0,1.176585222144,17,Typeb,Toyota,Food
2026-01-08 15:00:00,5.0,1.943025070378266,0.3886050140756532,0,0,17,0,1.176585222144,17,Typeb,Toyota,Food
2026-01-08 16:00:00,5.0,0.9424983593765689,0.18849967187531375,0,0,17,0,1.176585222144,17,Typeb,Toyota,Food
2026-01-08 17:00:00,5.0,0.588292611072,0.11765852221440001,0,0,17,0,1.176585222144,17,Typeb,Toyota,Food
2026-01-08 18:00:00,5.0,0.588292611072,0.11765852221440001,0,0,17,0,1.176585222144,17,Typeb,Toyota,Food
2026-01-08 19:00:00,5.0,2.091179390421344,0.4182358780842688,0,0,17,0,1.176585222144,17,Typeb,Toyota,Food
2026-01-08 20:00:00,0.0,0.0,0.0,1,1,17,100,1.176585222144,17,Typeb,Toyota,Food
2026-01-08 21:00:00,0.0,0.0,0.0,1,1,17,100,1.176585222144,17,Typeb,Toyota,Food
2026-01-08 22:00:00,0.0,0.0,0.0,1,1,17,100,1.176585222144,17,Typeb,Toyota,Food
2026-01-08 23:00:00,0.0,0.0,0.0,1,1,17,100,1.176585222144,17,Typeb,Toyota,Food
2026-01-09 00:00:00,0.0,0.0,0.0,1,1,17,100,1.176585222144,17,Typeb,Toyota,Food
2026-01-09 01:00:00,0.0,0.0,0.0,1,1,17,100,1.176585222144,17,Typeb,Toyota,Food
2026-01-09 02:00:00,0.0,0.0,0.0,1,1,17,100,1.176585222144,17,Typeb,Toyota,Food
2026-01-09 03:00:00,0.0,0.0,0.0,1,1,17,100,1.176585222144,17,Typeb,Toyota,Food
2026-01-09 04:00:00,0.0,0.0,0.0,1,1,17,100,1.176585222144,17,Typeb,Toyota,Food
2026-01-09 05:00:00,0.0,0.0,0.0,1,1,17,100,1.176585222144,17,Typeb,Toyota,Food
2026-01-09 06:00:00,0.0,0.0,0.0,1,1,17,100,1.176585222144,17,Typeb,Toyota,Food
2026-01-09 07:00:00,7.799754304849067,2.326421464489665,0.29826855738819114,0,0,17,0,1.137342385344,17,Typeb,Toyota,Food
2026-01-09 08:00:00,7.799754304849067,3.9919460247783762,0.5118040734047999,0,0,17,0,1.137342385344,17,Typeb,Toyota,Food
2026-01-09 09:00:00,7.799754304849067,2.432922010950688,0.3119229037045632,0,0,17,0,1.137342385344,17,Typeb,Toyota,Food
2026-01-09 10:00:00,7.799754304849067,3.666433380301348,0.4700703685014725,0,0,17,0,1.137342385344,17,Typeb,Toyota,Food
2026-01-09 11:00:00,7.799754304849067,2.8805968666339763,0.3693189239106062,0,0,17,0,1.137342385344,17,Typeb,Toyota,Food
2026-01-09 12:00:00,0.0,0.0,0.0,1,1,17,100,1.137342385344,17,Typeb,Toyota,Food
2026-01-09 13:00:00,0.0,0.0,0.0,1,1,17,100,1.137342385344,17,Typeb,Toyota,Food
2026-01-09 14:00:00,6.239803443879254,0.9328215499592584,0.14949534201662737,0,0,17,0,1.137342385344,17,Typeb,Toyota,Food
2026-01-09 15:00:00,6.239803443879254,1.781154109372422,0.28545035519020895,0,0,17,0,1.137342385344,17,Typeb,Toyota,Food
2026-01-09 16:00:00,6.239803443879254,0.7096792932939335,0.1137342385344,0,0,17,0,1.137342385344,17,Typeb,Toyota,Food
2026-01-09 17:00:00,6.239803443879254,2.1601495412138765,0.3461887158212988,0,0,17,0,1.137342385344,17,Typeb,Toyota,Food
2026-01-09 18:00:00,6.239803443879254,0.7096792932939335,0.1137342385344,0,0,17,0,1.137342385344,17,Typeb,Toyota,Food
2026-01-09 19:00:00,6.239803443879254,1.3702476303675917,0.21959788360187768,0,0,17,0,1.137342385344,17,Typeb,Toyota,Food
2026-01-09 20:00:00,0.0,0.0,0.0,1,1,17,100,1.137342385344,17,Typeb,Toyota,Food
2026-01-09 21:00:00,0.0,0.0,0.0,1,1,17,100,1.137342385344,17,Typeb,Toyota,Food
2026-01-09 22:00:00,0.0,0.0,0.0,1,1,17,100,1.137342385344,17,Typeb,Toyota,Food
2026-01-09 23:00:00,0.0,0.0,0.0,1,1,17,100,1.137342385344,17,Typeb,Toyota,Food
2026-01-10 00:00:00,0.0,0.0,0.0,1,1,17,100,1.137342385344,17,Typeb,Toyota,Food
2026-01-10 01:00:00,0.0,0.0,0.0,1,1,17,100,1.137342385344,17,Typeb,Toyota,Food
2026-01-10 02:00:00,0.0,0.0,0.0,1,1,17,100,1.137342385344,17,Typeb,Toyota,Food
2026-01-10 03:00:00,0.0,0.0,0.0,1,1,17,100,1.137342385344,17,Typeb,Toyota,Food
2026-01-10 04:00:00,0.0,0.0,0.0,1,1,17,100,1.137342385344,17,Typeb,Toyota,Food
2026-01-10 05:00:00,0.0,0.0,0.0,1,1,17,100,1.137342385344,17,Typeb,Toyota,Food
2026-01-10 06:00:00,0.0,0.0,0.0,1,1,17,100,1.137342385344,17,Typeb,Toyota,Food
2026-01-10 07:00:00,0.0,0.0,0.0,1,1,17,100,1.137342385344,17,Typeb,Toyota,Food
2026-01-10 08:00:00,0.0,0.0,0.0,1,1,17,100,1.137342385344,17,Typeb,Toyota,Food
2026-01-10 09:00:00,0.0,0.0,0.0,1,1,17,100,1.137342385344,17,Typeb,Toyota,Food
2026-01-10 10:00:00,16.050971390500244,5.448774766911016,0.3394669789353602,0,0,17,0,1.18961004,17,Typeb,Toyota,Food
2026-01-10 11:00:00,16.050971390500244,4.89026822804628,0.3046711696801467,0,0,17,0,1.18961004,17,Typeb,Toyota,Food
2026-01-10 12:00:00,0.0,0.0,0.0,1,1,17,100,1.18961004,17,Typeb,Toyota,Food
2026-01-10 13:00:00,4.755843374963035,1.6641370616536417,0.3499141856551523,0,0,17,0,1.18961004,17,Typeb,Toyota,Food
2026-01-10 14:00:00,4.755843374963035,1.17862728109365,0.24782718608827414,0,0,17,0,1.18961004,17,Typeb,Toyota,Food
2026-01-10 15:00:00,4.755843374963035,2.5459195623855804,0.535324518,0,0,17,0,1.18961004,17,Typeb,Toyota,Food
2026-01-10 16:00:00,4.755843374963035,1.107365249623615,0.23284308635000456,0,0,17,0,1.18961004,17,Typeb,Toyota,Food
2026-01-10 17:00:00,4.755843374963035,1.1044881621483265,0.2322381279339148,0,0,17,0,1.18961004,17,Typeb,Toyota,Food
2026-01-10 18:00:00,4.755843374963035,1.4323652259915478,0.30118006693243565,0,0,17,0,1.18961004,17,Typeb,Toyota,Food
2026-01-10 19:00:00,4.755843374963035,1.3788503003909212,0.2899276094014846,0,0,17,0,1.18961004,17,Typeb,Toyota,Food
2026-01-10 20:00:00,0.0,0.0,0.0,1,1,17,100,1.18961004,17,Typeb,Toyota,Food
2026-01-10 21:00:00,0.0,0.0,0.0,1,1,17,100,1.18961004,17,Typeb,Toyota,Food
2026-01-10 22:00:00,0.0,0.0,0.0,1,1,17,100,1.18961004,17,Typeb,Toyota,Food
2026-01-10 23:00:00,0.0,0.0,0.0,1,1,17,100,1.18961004,17,Typeb,Toyota,Food
2026-01-11 00:00:00,0.0,0.0,0.0,1,1,17,100,1.18961004,17,Typeb,Toyota,Food
2026-01-11 01:00:00,0.0,0.0,0.0,1,1,17,100,1.18961004,17,Typeb,Toyota,Food
2026-01-11 02:00:00,0.0,0.0,0.0,1,1,17,100,1.18961004,17,Typeb,Toyota,Food
2026-01-11 03:00:00,0.0,0.0,0.0,1,1,17,100,1.18961004,17,Typeb,Toyota,Food
2026-01-11 04:00:00,0.0,0.0,0.0,1,1,17,100,1.18961004,17,Typeb,Toyota,Food
2026-01-11 05:00:00,0.0,0.0,0.0,1,1,17,100,1.18961004,17,Typeb,Toyota,Food
2026-01-11 06:00:00,0.0,0.0,0.0,1,1,17,100,1.18961004,17,Typeb,Toyota,Food
2026-01-11 07:00:00,0.0,0.0,0.0,1,1,17,100,1.18961004,17,Typeb,Toyota,Food
2026-01-11 08:00:00,7.5,2.584787030138423,0.34463827068512304,0,0,17,0,1.122069513044,17,Typeb,Toyota,Food
2026-01-11 09:00:00,7.5,0.841552134783,0.1122069513044,0,0,17,0,1.122069513044,17,Typeb,Toyota,Food
2026-01-11 10:00:00,7.5,0.841552134783,0.1122069513044,0,0,17,0,1.122069513044,17,Typeb,Toyota,Food
2026-01-11 11:00:00,7.5,1.3108607582162302,0.1747814344288307,0,0,17,0,1.122069513044,17,Typeb,Toyota,Food
2026-01-11 12:00:00,0.0,0.0,0.0,1,1,17,100,1.122069513044,17,Typeb,Toyota,Food
2026-01-11 13:00:00,5.0,1.6945573819543456,0.3389114763908691,0,0,17,0,1.122069513044,17,Typeb,Toyota,Food
2026-01-11 14:00:00,5.0,0.561034756522,0.1122069513044,0,0,17,0,1.122069513044,17,Typeb,Toyota,Food
2026-01-11 15:00:00,5.0,0.561034756522,0.1122069513044,0,0,17,0,1.122069513044,17,Typeb,Toyota,Food
2026-01-11 16:00:00,5.0,1.2569632828534456,0.2513926565706891,0,0,17,0,1.122069513044,17,Typeb,Toyota,Food
2026-01-11 17:00:00,5.0,1.0003362707266934,0.20006725414533869,0,0,17,0,1.122069513044,17,Typeb,Toyota,Food
2026-01-11 18:00:00,5.0,0.9557248195346453,0.19114496390692906,0,0,17,0,1.122069513044,17,Typeb,Toyota,Food
2026-01-11 19:00:00,0.0,0.0,0.0,1,1,17,100,1.122069513044,17,Typeb,Toyota,Food
2026-01-11 20:00:00,0.0,0.0,0.0,1,1,17,100,1.122069513044,17,Typeb,Toyota,Food
2026-01-11 21:00:00,0.0,0.0,0.0,1,1,17,100,1.122069513044,17,Typeb,Toyota,Food
2026-01-11 22:00:00,0.0,0.0,0.0,1,1,17,100,1.122069513044,17,Typeb,Toyota,Food
2026-01-11 23:00:00,0.0,0.0,0.0,1,1,17,100,1.122069513044,17,Typeb,Toyota,Food
2026-01-12 00:00:00,0.0,0.0,0.0,1,1,17,100,1.122069513044,17,Typeb,Toyota,Food
2026-01-12 01:00:00,0.0,0.0,0.0,1,1,17,100,1.122069513044,17,Typeb,Toyota,Food
2026-01-12 02:00:00,0.0,0.0,0.0,1,1,17,100,1.122069513044,17,Typeb,Toyota,Food
2026-01-12 03:00:00,0.0,0.0,0.0,1,1,17,100,1.122069513044,17,Typeb,Toyota,Food
2026-01-12 04:00:00,0.0,0.0,0.0,1,1,17,100,1.122069513044,17,Typeb,Toyota,Food
2026-01-12 05:00:00,0.0,0.0,0.0,1,1,17,100,1.122069513044,17,Typeb,Toyota,Food
2026-01-12 06:00:00,10.4160572945955,3.1781834660096644,0.30512346237368565,0,0,17,0,1.119889326784,17,Typeb,Toyota,Food
2026-01-12 07:00:00,10.4160572945955,2.0331074248863445,0.19518973133349096,0,0,17,0,1.119889326784,17,Typeb,Toyota,Food
2026-01-12 08:00:00,10.4160572945955,3.4672643921846564,0.3328768548521415,0,0,17,0,1.119889326784,17,Typeb,Toyota,Food
2026-01-12 09:00:00,10.4160572945955,1.7960099806197611,0.17242704507315287,0,0,17,0,1.119889326784,17,Typeb,Toyota,Food
2026-01-12 10:00:00,10.4160572945955,2.162611092206111,0.20762281072783734,0,0,17,0,1.119889326784,17,Typeb,Toyota,Food
2026-01-12 11:00:00,10.4160572945955,5.146063098373646,0.49405095928607684,0,0,17,0,1.119889326784,17,Typeb,Toyota,Food
2026-01-12 12:00:00,0.0,0.0,0.0,1,1,17,100,1.119889326784,17,Typeb,Toyota,Food
2026-01-12 13:00:00,0.0,0.0,0.0,1,1,17,100,1.119889326784,17,Typeb,Toyota,Food
2026-01-12 14:00:00,12.4992687535146,1.3997797669665752,0.1119889326784,0,0,17,0,1.119889326784,17,Typeb,Toyota,Food
2026-01-12 15:00:00,12.4992687535146,1.82491985457758,0.14600212944972807,0,0,17,0,1.119889326784,17,Typeb,Toyota,Food
2026-01-12 16:00:00,12.4992687535146,6.299008951349589,0.5039501970528,0,0,17,0,1.119889326784,17,Typeb,Toyota,Food
2026-01-12 17:00:00,12.4992687535146,3.472874220088343,0.27784619153115053,0,0,17,0,1.119889326784,17,Typeb,Toyota,Food
2026-01-12 18:00:00,12.4992687535146,2.146165588007681,0.17170329163489767,0,0,17,0,1.119889326784,17,Typeb,Toyota,Food
2026-01-12 19:00:00,0.0,0.0,0.0,1,1,17,100,1.119889326784,17,Typeb,Toyota,Food
2026-01-12 20:00:00,0.0,0.0,0.0,1,1,17,100,1.119889326784,17,Typeb,Toyota,Food
2026-01-12 21:00:00,0.0,0.0,0.0,1,1,17,100,1.119889326784,17,Typeb,Toyota,Food
2026-01-12 22:00:00,0.0,0.0,0.0,1,1,17,100,1.119889326784,17,Typeb,Toyota,Food
2026-01-12 23:00:00,0.0,0.0,0.0,1,1,17,100,1.119889326784,17,Typeb,Toyota,Food
2026-01-13 00:00:00,0.0,0.0,0.0,1,1,17,100,1.119889326784,17,Typeb,Toyota,Food
2026-01-13 01:00:00,0.0,0.0,0.0,1,1,17,100,1.119889326784,17,Typeb,Toyota,Food
2026-01-13 02:00:00,0.0,0.0,0.0,1,1,17,100,1.119889326784,17,Typeb,Toyota,Food
2026-01-13 03:00:00,0.0,0.0,0.0,1,1,17,100,1.119889326784,17,Typeb,Toyota,Food
2026-01-13 04:00:00,0.0,0.0,0.0,1,1,17,100,1.119889326784,17,Typeb,Toyota,Food
2026-01-13 05:00:00,4.137931034482759,2.0934314813793105,0.505912608,0,0,17,0,1.12425024,17,Typeb,Toyota,Food
2026-01-13 06:00:00,4.137931034482759,1.6966702711029285,0.41002864884987433,0,0,17,0,1.12425024,17,Typeb,Toyota,Food
2026-01-13 07:00:00,4.137931034482759,1.280200673680907,0.3093818294728859,0,0,17,0,1.12425024,17,Typeb,Toyota,Food
2026-01-13 08:00:00,4.137931034482759,0.758786185978022,0.18337332827802197,0,0,17,0,1.12425024,17,Typeb,Toyota,Food
2026-01-13 09:00:00,4.137931034482759,1.7940773985869072,0.43356870465850256,0,0,17,0,1.12425024,17,Typeb,Toyota,Food
2026-01-13 10:00:00,4.137931034482759,1.0518939364869755,0.2542077013176858,0,0,17,0,1.12425024,17,Typeb,Toyota,Food
2026-01-13 11:00:00,4.137931034482759,0.46520699586206904,0.11242502400000001,0,0,17,0,1.12425024,17,Typeb,Toyota,Food
2026-01-13 12:00:00,0.0,0.0,0.0,1,1,17,100,1.12425024,17,Typeb,Toyota,Food
2026-01-13 13:00:00,4.615384615384615,2.0806378979660565,0.4508048778926457,0,0,17,0,1.12425024,17,Typeb,Toyota,Food
2026-01-13 14:00:00,4.615384615384615,0.5188847261538462,0.11242502400000001,0,0,17,0,1.12425024,17,Typeb,Toyota,Food
2026-01-13 15:00:00,4.615384615384615,1.9070343846244784,0.4131907833353037,0,0,17,0,1.12425024,17,Typeb,Toyota,Food
2026-01-13 16:00:00,4.615384615384615,1.8503765124308509,0.4009149110266844,0,0,17,0,1.12425024,17,Typeb,Toyota,Food
2026-01-13 17:00:00,4.615384615384615,0.9936337049320862,0.21528730273528537,0,0,17,0,1.12425024,17,Typeb,Toyota,Food
2026-01-13 18:00:00,4.615384615384615,1.4377614386000912,0.31151497836335307,0,0,17,0,1.12425024,17,Typeb,Toyota,Food
2026-01-13 19:00:00,4.615384615384615,1.9557650744858137,0.42374909947192635,0,0,17,0,1.12425024,17,Typeb,Toyota,Food
2026-01-13 20:00:00,0.0,0.0,0.0,1,1,17,100,1.12425024,17,Typeb,Toyota,Food
2026-01-13 21:00:00,0.0,0.0,0.0,1,1,17,100,1.12425024,17,Typeb,Toyota,Food
2026-01-13 22:00:00,0.0,0.0,0.0,1,1,17,100,1.12425024,17,Typeb,Toyota,Food
2026-01-13 23:00:00,0.0,0.0,0.0,1,1,17,100,1.12425024,17,Typeb,Toyota,Food
2026-01-14 00:00:00,0.0,0.0,0.0,1,1,17,100,1.12425024,17,Typeb,Toyota,Food
2026-01-14 01:00:00,0.0,0.0,0.0,1,1,17,100,1.12425024,17,Typeb,Toyota,Food
2026-01-14 02:00:00,0.0,0.0,0.0,1,1,17,100,1.12425024,17,Typeb,Toyota,Food
2026-01-14 03:00:00,0.0,0.0,0.0,1,1,17,100,1.12425024,17,Typeb,Toyota,Food
2026-01-14 04:00:00,0.0,0.0,0.0,1,1,17,100,1.12425024,17,Typeb,Toyota,Food
2026-01-14 05:00:00,0.0,0.0,0.0,1,1,17,100,1.12425024,17,Typeb,Toyota,Food
2026-01-14 06:00:00,5.0,2.4386025626058125,0.48772051252116255,0,0,17,0,1.102475,17,Typeb,Toyota,Food
2026-01-14 07:00:00,5.0,1.2730109541425119,0.2546021908285024,0,0,17,0,1.102475,17,Typeb,Toyota,Food
2026-01-14 08:00:00,5.0,2.48056875,0.4961137500000001,0,0,17,0,1.102475,17,Typeb,Toyota,Food
2026-01-14 09:00:00,5.0,1.579170106391347,0.3158340212782694,0,0,17,0,1.102475,17,Typeb,Toyota,Food
2026-01-14 10:00:00,5.0,2.302925616901501,0.4605851233803001,0,0,17,0,1.102475,17,Typeb,Toyota,Food
2026-01-14 11:00:00,5.0,2.449254711540735,0.48985094230814696,0,0,17,0,1.102475,17,Typeb,Toyota,Food
2026-01-14 12:00:00,0.0,0.0,0.0,1,1,17,100,1.102475,17,Typeb,Toyota,Food
2026-01-14 13:00:00,4.444444444444445,1.9189830806602948,0.4317711931485663,0,0,17,0,1.102475,17,Typeb,Toyota,Food
2026-01-14 14:00:00,4.444444444444445,1.4846377506965274,0.33404349390671867,0,0,17,0,1.102475,17,Typeb,Toyota,Food
2026-01-14 15:00:00,4.444444444444445,0.937712625070049,0.21098534064076102,0,0,17,0,1.102475,17,Typeb,Toyota,Food
2026-01-14 16:00:00,4.444444444444445,2.1050407434689977,0.47363416728052443,0,0,17,0,1.102475,17,Typeb,Toyota,Food
2026-01-14 17:00:00,4.444444444444445,1.1910336390805227,0.2679825687931176,0,0,17,0,1.102475,17,Typeb,Toyota,Food
2026-01-14 18:00:00,4.444444444444445,1.6895279846148583,0.3801437965383431,0,0,17,0,1.102475,17,Typeb,Toyota,Food
2026-01-14 19:00:00,4.444444444444445,0.9023635905239709,0.20303180786789343,0,0,17,0,1.102475,17,Typeb,Toyota,Food
2026-01-14 20:00:00,0.0,0.0,0.0,1,1,17,100,1.102475,17,Typeb,Toyota,Food
2026-01-14 21:00:00,0.0,0.0,0.0,1,1,17,100,1.102475,17,Typeb,Toyota,Food
2026-01-14 22:00:00,0.0,0.0,0.0,1,1,17,100,1.102475,17,Typeb,Toyota,Food
2026-01-14 23:00:00,0.0,0.0,0.0,1,1,17,100,1.102475,17,Typeb,Toyota,Food
2026-01-01 00:00:00,0.0,0.0,0.0,1,1,18,100,1.0,18,Typeb,Toyota,Food
2026-01-01 01:00:00,0.0,0.0,0.0,1,1,18,100,1.0,18,Typeb,Toyota,Food
2026-01-01 02:00:00,0.0,0.0,0.0,1,1,18,100,1.0,18,Typeb,Toyota,Food
2026-01-01 03:00:00,0.0,0.0,0.0,1,1,18,100,1.0,18,Typeb,Toyota,Food
2026-01-01 04:00:00,0.0,0.0,0.0,1,1,18,100,1.0,18,Typeb,Toyota,Food
2026-01-01 05:00:00,0.0,0.0,0.0,1,1,18,100,1.0,18,Typeb,Toyota,Food
2026-01-01 06:00:00,8.855563311314473,3.4029858390385144,0.38427660888501886,0,0,18,0,1.1329772784640002,18,Typeb,Toyota,Food
2026-01-01 07:00:00,8.855563311314473,1.997333182311942,0.22554558214947348,0,0,18,0,1.1329772784640002,18,Typeb,Toyota,Food
2026-01-01 08:00:00,8.855563311314473,3.2985207966179555,0.372480064865387,0,0,18,0,1.1329772784640002,18,Typeb,Toyota,Food
2026-01-01 09:00:00,8.855563311314473,3.6356437254813154,0.41054912010353634,0,0,18,0,1.1329772784640002,18,Typeb,Toyota,Food
2026-01-01 10:00:00,8.855563311314473,3.387746976697997,0.3825557852846673,0,0,18,0,1.1329772784640002,18,Typeb,Toyota,Food
2026-01-01 11:00:00,8.855563311314473,2.257077687064219,0.25487680542924046,0,0,18,0,1.1329772784640002,18,Typeb,Toyota,Food
2026-01-01 12:00:00,0.0,0.0,0.0,1,1,18,100,1.1329772784640002,18,Typeb,Toyota,Food
2026-01-01 13:00:00,0.0,0.0,0.0,1,1,18,100,1.1329772784640002,18,Typeb,Toyota,Food
2026-01-01 14:00:00,8.514964722417762,1.5861725157623738,0.18628057396249456,0,0,18,0,1.1329772784640002,18,Typeb,Toyota,Food
2026-01-01 15:00:00,8.514964722417762,2.6749664613298343,0.3141488600988939,0,0,18,0,1.1329772784640002,18,Typeb,Toyota,Food
2026-01-01 16:00:00,8.514964722417762,2.265428766203209,0.2660526308745478,0,0,18,0,1.1329772784640002,18,Typeb,Toyota,Food
2026-01-01 17:00:00,8.514964722417762,3.2315236461917145,0.379511102105206,0,0,18,0,1.1329772784640002,18,Typeb,Toyota,Food
2026-01-01 18:00:00,8.514964722417762,1.1022546416935721,0.12944911430949477,0,0,18,0,1.1329772784640002,18,Typeb,Toyota,Food
2026-01-01 19:00:00,8.514964722417762,2.2090406280315804,0.25943039108732086,0,0,18,0,1.1329772784640002,18,Typeb,Toyota,Food
2026-01-01 20:00:00,8.514964722417762,1.4785652362750357,0.1736431429225238,0,0,18,0,1.1329772784640002,18,Typeb,Toyota,Food
2026-01-01 21:00:00,0.0,0.0,0.0,1,1,18,100,1.1329772784640002,18,Typeb,Toyota,Food
2026-01-01 22:00:00,0.0,0.0,0.0,1,1,18,100,1.1329772784640002,18,Typeb,Toyota,Food
2026-01-01 23:00:00,0.0,0.0,0.0,1,1,18,100,1.1329772784640002,18,Typeb,Toyota,Food
2026-01-02 00:00:00,0.0,0.0,0.0,1,1,18,100,1.1329772784640002,18,Typeb,Toyota,Food
2026-01-02 01:00:00,0.0,0.0,0.0,1,1,18,100,1.1329772784640002,18,Typeb,Toyota,Food
2026-01-02 02:00:00,0.0,0.0,0.0,1,1,18,100,1.1329772784640002,18,Typeb,Toyota,Food
2026-01-02 03:00:00,0.0,0.0,0.0,1,1,18,100,1.1329772784640002,18,Typeb,Toyota,Food
2026-01-02 04:00:00,0.0,0.0,0.0,1,1,18,100,1.1329772784640002,18,Typeb,Toyota,Food
2026-01-02 05:00:00,0.0,0.0,0.0,1,1,18,100,1.1329772784640002,18,Typeb,Toyota,Food
2026-01-02 06:00:00,4.8,0.5916432192,0.123259004,0,0,18,0,1.23259004,18,Typeb,Toyota,Food
2026-01-02 07:00:00,4.8,1.9438575077287819,0.40497031411016293,0,0,18,0,1.23259004,18,Typeb,Toyota,Food
2026-01-02 08:00:00,4.8,0.5916432192,0.123259004,0,0,18,0,1.23259004,18,Typeb,Toyota,Food
2026-01-02 09:00:00,4.8,1.5914012417103196,0.3315419253563166,0,0,18,0,1.23259004,18,Typeb,Toyota,Food
2026-01-02 10:00:00,4.8,1.8409698396133358,0.3835353832527783,0,0,18,0,1.23259004,18,Typeb,Toyota,Food
2026-01-02 11:00:00,4.8,1.521421622211086,0.3169628379606429,0,0,18,0,1.23259004,18,Typeb,Toyota,Food
2026-01-02 12:00:00,0.0,0.0,0.0,1,1,18,100,1.23259004,18,Typeb,Toyota,Food
2026-01-02 13:00:00,6.666666666666667,2.73260222548258,0.409890333822387,0,0,18,0,1.23259004,18,Typeb,Toyota,Food
2026-01-02 14:00:00,6.666666666666667,1.2204994666422337,0.18307491999633507,0,0,18,0,1.23259004,18,Typeb,Toyota,Food
2026-01-02 15:00:00,6.666666666666667,1.0652353102905179,0.15978529654357768,0,0,18,0,1.23259004,18,Typeb,Toyota,Food
2026-01-02 16:00:00,6.666666666666667,1.2253459805464197,0.18380189708196293,0,0,18,0,1.23259004,18,Typeb,Toyota,Food
2026-01-02 17:00:00,6.666666666666667,0.9072650939629284,0.13608976409443926,0,0,18,0,1.23259004,18,Typeb,Toyota,Food
2026-01-02 18:00:00,0.0,0.0,0.0,1,1,18,100,1.23259004,18,Typeb,Toyota,Food
2026-01-02 19:00:00,0.0,0.0,0.0,1,1,18,100,1.23259004,18,Typeb,Toyota,Food
2026-01-02 20:00:00,0.0,0.0,0.0,1,1,18,100,1.23259004,18,Typeb,Toyota,Food
2026-01-02 21:00:00,0.0,0.0,0.0,1,1,18,100,1.23259004,18,Typeb,Toyota,Food
2026-01-02 22:00:00,0.0,0.0,0.0,1,1,18,100,1.23259004,18,Typeb,Toyota,Food
2026-01-02 23:00:00,0.0,0.0,0.0,1,1,18,100,1.23259004,18,Typeb,Toyota,Food
2026-01-03 00:00:00,0.0,0.0,0.0,1,1,18,100,1.23259004,18,Typeb,Toyota,Food
2026-01-03 01:00:00,0.0,0.0,0.0,1,1,18,100,1.23259004,18,Typeb,Toyota,Food
2026-01-03 02:00:00,0.0,0.0,0.0,1,1,18,100,1.23259004,18,Typeb,Toyota,Food
2026-01-03 03:00:00,0.0,0.0,0.0,1,1,18,100,1.23259004,18,Typeb,Toyota,Food
2026-01-03 04:00:00,0.0,0.0,0.0,1,1,18,100,1.23259004,18,Typeb,Toyota,Food
2026-01-03 05:00:00,0.0,0.0,0.0,1,1,18,100,1.23259004,18,Typeb,Toyota,Food
2026-01-03 06:00:00,0.0,0.0,0.0,1,1,18,100,1.23259004,18,Typeb,Toyota,Food
2026-01-03 07:00:00,0.0,0.0,0.0,1,1,18,100,1.23259004,18,Typeb,Toyota,Food
2026-01-03 08:00:00,0.0,0.0,0.0,1,1,18,100,1.23259004,18,Typeb,Toyota,Food
2026-01-03 09:00:00,0.0,0.0,0.0,1,1,18,100,1.23259004,18,Typeb,Toyota,Food
2026-01-03 10:00:00,0.0,0.0,0.0,1,1,18,100,1.23259004,18,Typeb,Toyota,Food
2026-01-03 11:00:00,20.832737595903247,4.357350895448679,0.20915882396106938,0,0,18,0,1.209049010004,18,Typeb,Toyota,Food
2026-01-03 12:00:00,20.832737595903247,7.177739115239615,0.34454132982748825,0,0,18,0,1.209049010004,18,Typeb,Toyota,Food
2026-01-03 13:00:00,6.410073106431768,2.947617913716832,0.4598415438911669,0,0,18,0,1.209049010004,18,Typeb,Toyota,Food
2026-01-03 14:00:00,6.410073106431768,2.2022488459262757,0.34356064421739174,0,0,18,0,1.209049010004,18,Typeb,Toyota,Food
2026-01-03 15:00:00,6.410073106431768,0.7750092543384594,0.1209049010004,0,0,18,0,1.209049010004,18,Typeb,Toyota,Food
2026-01-03 16:00:00,6.410073106431768,1.6366602019499104,0.2553262926607983,0,0,18,0,1.209049010004,18,Typeb,Toyota,Food
2026-01-03 17:00:00,6.410073106431768,0.7750092543384594,0.1209049010004,0,0,18,0,1.209049010004,18,Typeb,Toyota,Food
2026-01-03 18:00:00,6.410073106431768,2.5482508050037165,0.39753849335147845,0,0,18,0,1.209049010004,18,Typeb,Toyota,Food
2026-01-03 19:00:00,6.410073106431768,1.5660047417672824,0.24430372567763348,0,0,18,0,1.209049010004,18,Typeb,Toyota,Food
2026-01-03 20:00:00,0.0,0.0,0.0,1,1,18,100,1.209049010004,18,Typeb,Toyota,Food
2026-01-03 21:00:00,0.0,0.0,0.0,1,1,18,100,1.209049010004,18,Typeb,Toyota,Food
2026-01-03 22:00:00,0.0,0.0,0.0,1,1,18,100,1.209049010004,18,Typeb,Toyota,Food
2026-01-03 23:00:00,0.0,0.0,0.0,1,1,18,100,1.209049010004,18,Typeb,Toyota,Food
2026-01-04 00:00:00,0.0,0.0,0.0,1,1,18,100,1.209049010004,18,Typeb,Toyota,Food
2026-01-04 01:00:00,0.0,0.0,0.0,1,1,18,100,1.209049010004,18,Typeb,Toyota,Food
2026-01-04 02:00:00,0.0,0.0,0.0,1,1,18,100,1.209049010004,18,Typeb,Toyota,Food
2026-01-04 03:00:00,0.0,0.0,0.0,1,1,18,100,1.209049010004,18,Typeb,Toyota,Food
2026-01-04 04:00:00,0.0,0.0,0.0,1,1,18,100,1.209049010004,18,Typeb,Toyota,Food
2026-01-04 05:00:00,0.0,0.0,0.0,1,1,18,100,1.209049010004,18,Typeb,Toyota,Food
2026-01-04 06:00:00,0.0,0.0,0.0,1,1,18,100,1.209049010004,18,Typeb,Toyota,Food
2026-01-04 07:00:00,0.0,0.0,0.0,1,1,18,100,1.209049010004,18,Typeb,Toyota,Food
2026-01-04 08:00:00,0.0,0.0,0.0,1,1,18,100,1.209049010004,18,Typeb,Toyota,Food
2026-01-04 09:00:00,0.0,0.0,0.0,1,1,18,100,1.209049010004,18,Typeb,Toyota,Food
2026-01-04 10:00:00,0.0,0.0,0.0,1,1,18,100,1.209049010004,18,Typeb,Toyota,Food
2026-01-04 11:00:00,17.142857142857142,6.581586173030587,0.3839258600934509,0,0,18,0,1.3050301525,18,Typeb,Toyota,Food
2026-01-04 12:00:00,17.142857142857142,4.765069867414833,0.27796240893253193,0,0,18,0,1.3050301525,18,Typeb,Toyota,Food
2026-01-04 13:00:00,0.0,0.0,0.0,1,1,18,100,1.3050301525,18,Typeb,Toyota,Food
2026-01-04 14:00:00,5.217391304347826,2.07280427068284,0.3972874852142109,0,0,18,0,1.3050301525,18,Typeb,Toyota,Food
2026-01-04 15:00:00,5.217391304347826,3.0639838363043483,0.5872635686250001,0,0,18,0,1.3050301525,18,Typeb,Toyota,Food
2026-01-04 16:00:00,5.217391304347826,3.0639838363043483,0.5872635686250001,0,0,18,0,1.3050301525,18,Typeb,Toyota,Food
2026-01-04 17:00:00,5.217391304347826,3.0639838363043483,0.5872635686250001,0,0,18,0,1.3050301525,18,Typeb,Toyota,Food
2026-01-04 18:00:00,5.217391304347826,0.6808852969565218,0.13050301525000002,0,0,18,0,1.3050301525,18,Typeb,Toyota,Food
2026-01-04 19:00:00,0.0,0.0,0.0,1,1,18,100,1.3050301525,18,Typeb,Toyota,Food
2026-01-04 20:00:00,0.0,0.0,0.0,1,1,18,100,1.3050301525,18,Typeb,Toyota,Food
2026-01-04 21:00:00,0.0,0.0,0.0,1,1,18,100,1.3050301525,18,Typeb,Toyota,Food
2026-01-04 22:00:00,0.0,0.0,0.0,1,1,18,100,1.3050301525,18,Typeb,Toyota,Food
2026-01-04 23:00:00,0.0,0.0,0.0,1,1,18,100,1.3050301525,18,Typeb,Toyota,Food
2026-01-05 00:00:00,0.0,0.0,0.0,1,1,18,100,1.3050301525,18,Typeb,Toyota,Food
2026-01-05 01:00:00,0.0,0.0,0.0,1,1,18,100,1.3050301525,18,Typeb,Toyota,Food
2026-01-05 02:00:00,0.0,0.0,0.0,1,1,18,100,1.3050301525,18,Typeb,Toyota,Food
2026-01-05 03:00:00,0.0,0.0,0.0,1,1,18,100,1.3050301525,18,Typeb,Toyota,Food
2026-01-05 04:00:00,0.0,0.0,0.0,1,1,18,100,1.3050301525,18,Typeb,Toyota,Food
2026-01-05 05:00:00,0.0,0.0,0.0,1,1,18,100,1.3050301525,18,Typeb,Toyota,Food
2026-01-05 06:00:00,8.007506743322455,4.418453424296117,0.5517889108218,0,0,18,0,1.226197579604,18,Typeb,Toyota,Food
2026-01-05 07:00:00,8.007506743322455,3.172718896891885,0.3962180736891229,0,0,18,0,1.226197579604,18,Typeb,Toyota,Food
2026-01-05 08:00:00,8.007506743322455,2.6847613119692704,0.33528055586192557,0,0,18,0,1.226197579604,18,Typeb,Toyota,Food
2026-01-05 09:00:00,8.007506743322455,0.9818785387324704,0.12261975796040002,0,0,18,0,1.226197579604,18,Typeb,Toyota,Food
2026-01-05 10:00:00,8.007506743322455,2.196943575250122,0.2743605026723426,0,0,18,0,1.226197579604,18,Typeb,Toyota,Food
2026-01-05 11:00:00,8.007506743322455,3.06385650044087,0.3826230309447885,0,0,18,0,1.226197579604,18,Typeb,Toyota,Food
2026-01-05 12:00:00,8.007506743322455,3.6647030651998076,0.4576584425927387,0,0,18,0,1.226197579604,18,Typeb,Toyota,Food
2026-01-05 13:00:00,10.295365812843157,5.680868688380722,0.5517889108218,0,0,18,0,1.226197579604,18,Typeb,Toyota,Food
2026-01-05 14:00:00,10.295365812843157,4.264209464796651,0.4141872704976815,0,0,18,0,1.226197579604,18,Typeb,Toyota,Food
2026-01-05 15:00:00,10.295365812843157,2.363843799382776,0.22960270109430717,0,0,18,0,1.226197579604,18,Typeb,Toyota,Food
2026-01-05 16:00:00,10.295365812843157,4.3067793536110415,0.41832212977206357,0,0,18,0,1.226197579604,18,Typeb,Toyota,Food
2026-01-05 17:00:00,10.295365812843157,2.9027605820604614,0.2819482702051593,0,0,18,0,1.226197579604,18,Typeb,Toyota,Food
2026-01-05 18:00:00,10.295365812843157,3.3873736434936523,0.3290192602256062,0,0,18,0,1.226197579604,18,Typeb,Toyota,Food
2026-01-05 19:00:00,0.0,0.0,0.0,1,1,18,100,1.226197579604,18,Typeb,Toyota,Food
2026-01-05 20:00:00,0.0,0.0,0.0,1,1,18,100,1.226197579604,18,Typeb,Toyota,Food
2026-01-05 21:00:00,0.0,0.0,0.0,1,1,18,100,1.226197579604,18,Typeb,Toyota,Food
2026-01-05 22:00:00,0.0,0.0,0.0,1,1,18,100,1.226197579604,18,Typeb,Toyota,Food
2026-01-05 23:00:00,0.0,0.0,0.0,1,1,18,100,1.226197579604,18,Typeb,Toyota,Food
2026-01-06 00:00:00,0.0,0.0,0.0,1,1,18,100,1.226197579604,18,Typeb,Toyota,Food
2026-01-06 01:00:00,0.0,0.0,0.0,1,1,18,100,1.226197579604,18,Typeb,Toyota,Food
2026-01-06 02:00:00,0.0,0.0,0.0,1,1,18,100,1.226197579604,18,Typeb,Toyota,Food
2026-01-06 03:00:00,0.0,0.0,0.0,1,1,18,100,1.226197579604,18,Typeb,Toyota,Food
2026-01-06 04:00:00,0.0,0.0,0.0,1,1,18,100,1.226197579604,18,Typeb,Toyota,Food
2026-01-06 05:00:00,0.0,0.0,0.0,1,1,18,100,1.226197579604,18,Typeb,Toyota,Food
2026-01-06 06:00:00,5.429333191193454,1.8256138799367974,0.3362501094790056,0,0,18,0,1.3306301459840002,18,Typeb,Toyota,Food
2026-01-06 07:00:00,5.429333191193454,2.001953279136723,0.36872912540787756,0,0,18,0,1.3306301459840002,18,Typeb,Toyota,Food
2026-01-06 08:00:00,5.429333191193454,2.9896968014101764,0.5506563506287581,0,0,18,0,1.3306301459840002,18,Typeb,Toyota,Food
2026-01-06 09:00:00,5.429333191193454,0.7224434416793524,0.13306301459840003,0,0,18,0,1.3306301459840002,18,Typeb,Toyota,Food
2026-01-06 10:00:00,5.429333191193454,2.280234275899978,0.419984221929608,0,0,18,0,1.3306301459840002,18,Typeb,Toyota,Food
2026-01-06 11:00:00,5.429333191193454,1.7490109093652773,0.32214101580691845,0,0,18,0,1.3306301459840002,18,Typeb,Toyota,Food
2026-01-06 12:00:00,0.0,0.0,0.0,1,1,18,100,1.3306301459840002,18,Typeb,Toyota,Food
2026-01-06 13:00:00,5.665391156027952,2.343280848697276,0.41361325002317545,0,0,18,0,1.3306301459840002,18,Typeb,Toyota,Food
2026-01-06 14:00:00,5.665391156027952,0.8286969923002386,0.14627357043449835,0,0,18,0,1.3306301459840002,18,Typeb,Toyota,Food
2026-01-06 15:00:00,5.665391156027952,1.4490295087835594,0.2557686607820182,0,0,18,0,1.3306301459840002,18,Typeb,Toyota,Food
2026-01-06 16:00:00,5.665391156027952,0.7538540261001938,0.13306301459840003,0,0,18,0,1.3306301459840002,18,Typeb,Toyota,Food
2026-01-06 17:00:00,5.665391156027952,3.3923431174508716,0.5987835656928001,0,0,18,0,1.3306301459840002,18,Typeb,Toyota,Food
2026-01-06 18:00:00,5.665391156027952,0.7538540261001938,0.13306301459840003,0,0,18,0,1.3306301459840002,18,Typeb,Toyota,Food
2026-01-06 19:00:00,0.0,0.0,0.0,1,1,18,100,1.3306301459840002,18,Typeb,Toyota,Food
2026-01-06 20:00:00,0.0,0.0,0.0,1,1,18,100,1.3306301459840002,18,Typeb,Toyota,Food
2026-01-06 21:00:00,0.0,0.0,0.0,1,1,18,100,1.3306301459840002,18,Typeb,Toyota,Food
2026-01-06 22:00:00,0.0,0.0,0.0,1,1,18,100,1.3306301459840002,18,Typeb,Toyota,Food
2026-01-06 23:00:00,0.0,0.0,0.0,1,1,18,100,1.3306301459840002,18,Typeb,Toyota,Food
2026-01-07 00:00:00,0.0,0.0,0.0,1,1,18,100,1.3306301459840002,18,Typeb,Toyota,Food
2026-01-07 01:00:00,0.0,0.0,0.0,1,1,18,100,1.3306301459840002,18,Typeb,Toyota,Food
2026-01-07 02:00:00,0.0,0.0,0.0,1,1,18,100,1.3306301459840002,18,Typeb,Toyota,Food
2026-01-07 03:00:00,0.0,0.0,0.0,1,1,18,100,1.3306301459840002,18,Typeb,Toyota,Food
2026-01-07 04:00:00,0.0,0.0,0.0,1,1,18,100,1.3306301459840002,18,Typeb,Toyota,Food
2026-01-07 05:00:00,0.0,0.0,0.0,1,1,18,100,1.3306301459840002,18,Typeb,Toyota,Food
2026-01-07 06:00:00,7.3814615629838105,2.810451213215795,0.3807445435074141,0,0,18,0,1.282756305344,18,Typeb,Toyota,Food
2026-01-07 07:00:00,7.3814615629838105,1.6643068366501186,0.22547117836340194,0,0,18,0,1.282756305344,18,Typeb,Toyota,Food
2026-01-07 08:00:00,7.3814615629838105,2.8056555815797544,0.38009485758883005,0,0,18,0,1.282756305344,18,Typeb,Toyota,Food
2026-01-07 09:00:00,7.3814615629838105,3.6039897999787462,0.48824880672031895,0,0,18,0,1.282756305344,18,Typeb,Toyota,Food
2026-01-07 10:00:00,7.3814615629838105,2.9186390406839786,0.3954012380583577,0,0,18,0,1.282756305344,18,Typeb,Toyota,Food
2026-01-07 11:00:00,7.3814615629838105,3.0922453165338104,0.41892046583845255,0,0,18,0,1.282756305344,18,Typeb,Toyota,Food
2026-01-07 12:00:00,0.0,0.0,0.0,1,1,18,100,1.282756305344,18,Typeb,Toyota,Food
2026-01-07 13:00:00,6.1909032463735185,1.6638899077453801,0.26876367494840864,0,0,18,0,1.282756305344,18,Typeb,Toyota,Food
2026-01-07 14:00:00,6.1909032463735185,3.14262035553082,0.5076190388489258,0,0,18,0,1.282756305344,18,Typeb,Toyota,Food
2026-01-07 15:00:00,6.1909032463735185,2.929355136235275,0.47317087986332534,0,0,18,0,1.282756305344,18,Typeb,Toyota,Food
2026-01-07 16:00:00,6.1909032463735185,2.1170476100700393,0.34196102342742224,0,0,18,0,1.282756305344,18,Typeb,Toyota,Food
2026-01-07 17:00:00,6.1909032463735185,2.1179418142132174,0.34210546182479207,0,0,18,0,1.282756305344,18,Typeb,Toyota,Food
2026-01-07 18:00:00,6.1909032463735185,3.149359296279877,0.5087075618771293,0,0,18,0,1.282756305344,18,Typeb,Toyota,Food
2026-01-07 19:00:00,6.1909032463735185,1.7965648184249683,0.29019429749243014,0,0,18,0,1.282756305344,18,Typeb,Toyota,Food
2026-01-07 20:00:00,6.1909032463735185,2.106979039822797,0.34033467427503644,0,0,18,0,1.282756305344,18,Typeb,Toyota,Food
2026-01-07 21:00:00,0.0,0.0,0.0,1,1,18,100,1.282756305344,18,Typeb,Toyota,Food
2026-01-07 22:00:00,0.0,0.0,0.0,1,1,18,100,1.282756305344,18,Typeb,Toyota,Food
2026-01-07 23:00:00,0.0,0.0,0.0,1,1,18,100,1.282756305344,18,Typeb,Toyota,Food
2026-01-08 00:00:00,0.0,0.0,0.0,1,1,18,100,1.282756305344,18,Typeb,Toyota,Food
2026-01-08 01:00:00,0.0,0.0,0.0,1,1,18,100,1.282756305344,18,Typeb,Toyota,Food
2026-01-08 02:00:00,0.0,0.0,0.0,1,1,18,100,1.282756305344,18,Typeb,Toyota,Food
2026-01-08 03:00:00,0.0,0.0,0.0,1,1,18,100,1.282756305344,18,Typeb,Toyota,Food
2026-01-08 04:00:00,0.0,0.0,0.0,1,1,18,100,1.282756305344,18,Typeb,Toyota,Food
2026-01-08 05:00:00,0.0,0.0,0.0,1,1,18,100,1.282756305344,18,Typeb,Toyota,Food
2026-01-08 06:00:00,6.01018043771664,0.7071489485436356,0.11765852221440001,0,0,18,0,1.176585222144,18,Typeb,Toyota,Food
2026-01-08 07:00:00,6.01018043771664,2.3180852568906394,0.38569312201403977,0,0,18,0,1.176585222144,18,Typeb,Toyota,Food
2026-01-08 08:00:00,6.01018043771664,2.766697606907263,0.4603351988477693,0,0,18,0,1.176585222144,18,Typeb,Toyota,Food
2026-01-08 09:00:00,6.01018043771664,0.7399332109294825,0.12311331058982224,0,0,18,0,1.176585222144,18,Typeb,Toyota,Food
2026-01-08 10:00:00,6.01018043771664,2.1863821717821335,0.36377978904952374,0,0,18,0,1.176585222144,18,Typeb,Toyota,Food
2026-01-08 11:00:00,6.01018043771664,2.508770066697593,0.4174200912428368,0,0,18,0,1.176585222144,18,Typeb,Toyota,Food
2026-01-08 12:00:00,0.0,0.0,0.0,1,1,18,100,1.176585222144,18,Typeb,Toyota,Food
2026-01-08 13:00:00,5.0084836980972,1.4819370978458226,0.29588537912359253,0,0,18,0,1.176585222144,18,Typeb,Toyota,Food
2026-01-08 14:00:00,5.0084836980972,0.605683631148099,0.12093153689972226,0,0,18,0,1.176585222144,18,Typeb,Toyota,Food
2026-01-08 15:00:00,5.0084836980972,2.036060717410544,0.40652238085232756,0,0,18,0,1.176585222144,18,Typeb,Toyota,Food
2026-01-08 16:00:00,5.0084836980972,1.1878651946817658,0.2371706221451922,0,0,18,0,1.176585222144,18,Typeb,Toyota,Food
2026-01-08 17:00:00,5.0084836980972,1.126769960053288,0.22497227264238984,0,0,18,0,1.176585222144,18,Typeb,Toyota,Food
2026-01-08 18:00:00,5.0084836980972,2.2501528151576955,0.44926827175509493,0,0,18,0,1.176585222144,18,Typeb,Toyota,Food
2026-01-08 19:00:00,5.0084836980972,0.5892907904530298,0.11765852221440001,0,0,18,0,1.176585222144,18,Typeb,Toyota,Food
2026-01-08 20:00:00,5.0084836980972,2.4618235180798096,0.49153070399632015,0,0,18,0,1.176585222144,18,Typeb,Toyota,Food
2026-01-08 21:00:00,0.0,0.0,0.0,1,1,18,100,1.176585222144,18,Typeb,Toyota,Food
2026-01-08 22:00:00,0.0,0.0,0.0,1,1,18,100,1.176585222144,18,Typeb,Toyota,Food
2026-01-08 23:00:00,0.0,0.0,0.0,1,1,18,100,1.176585222144,18,Typeb,Toyota,Food
2026-01-09 00:00:00,0.0,0.0,0.0,1,1,18,100,1.176585222144,18,Typeb,Toyota,Food
2026-01-09 01:00:00,0.0,0.0,0.0,1,1,18,100,1.176585222144,18,Typeb,Toyota,Food
2026-01-09 02:00:00,0.0,0.0,0.0,1,1,18,100,1.176585222144,18,Typeb,Toyota,Food
2026-01-09 03:00:00,0.0,0.0,0.0,1,1,18,100,1.176585222144,18,Typeb,Toyota,Food
2026-01-09 04:00:00,0.0,0.0,0.0,1,1,18,100,1.176585222144,18,Typeb,Toyota,Food
2026-01-09 05:00:00,0.0,0.0,0.0,1,1,18,100,1.176585222144,18,Typeb,Toyota,Food
2026-01-09 06:00:00,6.087431164643972,2.086901279293211,0.34282133511652857,0,0,18,0,1.137342385344,18,Typeb,Toyota,Food
2026-01-09 07:00:00,6.087431164643972,1.8045497163954138,0.29643862371311996,0,0,18,0,1.137342385344,18,Typeb,Toyota,Food
2026-01-09 08:00:00,6.087431164643972,0.692349348141358,0.1137342385344,0,0,18,0,1.137342385344,18,Typeb,Toyota,Food
2026-01-09 09:00:00,6.087431164643972,0.8083100165549566,0.13278343437370618,0,0,18,0,1.137342385344,18,Typeb,Toyota,Food
2026-01-09 10:00:00,6.087431164643972,2.3230583470858552,0.38161554262465675,0,0,18,0,1.137342385344,18,Typeb,Toyota,Food
2026-01-09 11:00:00,6.087431164643972,1.2098612317435502,0.19874741890642963,0,0,18,0,1.137342385344,18,Typeb,Toyota,Food
2026-01-09 12:00:00,6.087431164643972,2.176183617271191,0.3574880041207771,0,0,18,0,1.137342385344,18,Typeb,Toyota,Food
2026-01-09 13:00:00,5.652614652883687,1.398353244639597,0.24738166857459945,0,0,18,0,1.137342385344,18,Typeb,Toyota,Food
2026-01-09 14:00:00,5.652614652883687,2.2910606184617723,0.40530988916659744,0,0,18,0,1.137342385344,18,Typeb,Toyota,Food
2026-01-09 15:00:00,5.652614652883687,2.841521298483591,0.502691492871177,0,0,18,0,1.137342385344,18,Typeb,Toyota,Food
2026-01-09 16:00:00,5.652614652883687,2.6574224996512275,0.47012270654174887,0,0,18,0,1.137342385344,18,Typeb,Toyota,Food
2026-01-09 17:00:00,5.652614652883687,0.9961330331158605,0.17622517972416218,0,0,18,0,1.137342385344,18,Typeb,Toyota,Food
2026-01-09 18:00:00,5.652614652883687,1.3359836329529224,0.23634790534878738,0,0,18,0,1.137342385344,18,Typeb,Toyota,Food
2026-01-09 19:00:00,5.652614652883687,1.3374910820022297,0.23661458707784147,0,0,18,0,1.137342385344,18,Typeb,Toyota,Food
2026-01-09 20:00:00,0.0,0.0,0.0,1,1,18,100,1.137342385344,18,Typeb,Toyota,Food
2026-01-09 21:00:00,0.0,0.0,0.0,1,1,18,100,1.137342385344,18,Typeb,Toyota,Food
2026-01-09 22:00:00,0.0,0.0,0.0,1,1,18,100,1.137342385344,18,Typeb,Toyota,Food
2026-01-09 23:00:00,0.0,0.0,0.0,1,1,18,100,1.137342385344,18,Typeb,Toyota,Food
2026-01-10 00:00:00,0.0,0.0,0.0,1,1,18,100,1.137342385344,18,Typeb,Toyota,Food
2026-01-10 01:00:00,0.0,0.0,0.0,1,1,18,100,1.137342385344,18,Typeb,Toyota,Food
2026-01-10 02:00:00,0.0,0.0,0.0,1,1,18,100,1.137342385344,18,Typeb,Toyota,Food
2026-01-10 03:00:00,0.0,0.0,0.0,1,1,18,100,1.137342385344,18,Typeb,Toyota,Food
2026-01-10 04:00:00,0.0,0.0,0.0,1,1,18,100,1.137342385344,18,Typeb,Toyota,Food
2026-01-10 05:00:00,0.0,0.0,0.0,1,1,18,100,1.137342385344,18,Typeb,Toyota,Food
2026-01-10 06:00:00,0.0,0.0,0.0,1,1,18,100,1.137342385344,18,Typeb,Toyota,Food
2026-01-10 07:00:00,0.0,0.0,0.0,1,1,18,100,1.137342385344,18,Typeb,Toyota,Food
2026-01-10 08:00:00,0.0,0.0,0.0,1,1,18,100,1.137342385344,18,Typeb,Toyota,Food
2026-01-10 09:00:00,8.0,2.790478774387628,0.3488098467984535,0,0,18,0,1.18961004,18,Typeb,Toyota,Food
2026-01-10 10:00:00,8.0,0.9516880320000001,0.11896100400000001,0,0,18,0,1.18961004,18,Typeb,Toyota,Food
2026-01-10 11:00:00,8.0,0.9516880320000001,0.11896100400000001,0,0,18,0,1.18961004,18,Typeb,Toyota,Food
2026-01-10 12:00:00,8.0,4.282596144,0.535324518,0,0,18,0,1.18961004,18,Typeb,Toyota,Food
2026-01-10 13:00:00,0.0,0.0,0.0,1,1,18,100,1.18961004,18,Typeb,Toyota,Food
2026-01-10 14:00:00,5.0,1.725558559704565,0.345111711940913,0,0,18,0,1.18961004,18,Typeb,Toyota,Food
2026-01-10 15:00:00,5.0,1.2150835836419933,0.24301671672839864,0,0,18,0,1.18961004,18,Typeb,Toyota,Food
2026-01-10 16:00:00,5.0,2.67662259,0.535324518,0,0,18,0,1.18961004,18,Typeb,Toyota,Food
2026-01-10 17:00:00,5.0,1.3656182585644665,0.27312365171289327,0,0,18,0,1.18961004,18,Typeb,Toyota,Food
2026-01-10 18:00:00,5.0,2.67662259,0.535324518,0,0,18,0,1.18961004,18,Typeb,Toyota,Food
2026-01-10 19:00:00,5.0,1.6928432449154809,0.3385686489830962,0,0,18,0,1.18961004,18,Typeb,Toyota,Food
2026-01-10 20:00:00,0.0,0.0,0.0,1,1,18,100,1.18961004,18,Typeb,Toyota,Food
2026-01-10 21:00:00,0.0,0.0,0.0,1,1,18,100,1.18961004,18,Typeb,Toyota,Food
2026-01-10 22:00:00,0.0,0.0,0.0,1,1,18,100,1.18961004,18,Typeb,Toyota,Food
2026-01-10 23:00:00,0.0,0.0,0.0,1,1,18,100,1.18961004,18,Typeb,Toyota,Food
2026-01-11 00:00:00,0.0,0.0,0.0,1,1,18,100,1.18961004,18,Typeb,Toyota,Food
2026-01-11 01:00:00,0.0,0.0,0.0,1,1,18,100,1.18961004,18,Typeb,Toyota,Food
2026-01-11 02:00:00,0.0,0.0,0.0,1,1,18,100,1.18961004,18,Typeb,Toyota,Food
2026-01-11 03:00:00,0.0,0.0,0.0,1,1,18,100,1.18961004,18,Typeb,Toyota,Food
2026-01-11 04:00:00,0.0,0.0,0.0,1,1,18,100,1.18961004,18,Typeb,Toyota,Food
2026-01-11 05:00:00,0.0,0.0,0.0,1,1,18,100,1.18961004,18,Typeb,Toyota,Food
2026-01-11 06:00:00,0.0,0.0,0.0,1,1,18,100,1.18961004,18,Typeb,Toyota,Food
2026-01-11 07:00:00,0.0,0.0,0.0,1,1,18,100,1.18961004,18,Typeb,Toyota,Food
2026-01-11 08:00:00,0.0,0.0,0.0,1,1,18,100,1.18961004,18,Typeb,Toyota,Food
2026-01-11 09:00:00,8.684598414543292,3.443580176644621,0.39651576414609757,0,0,18,0,1.122069513044,18,Typeb,Toyota,Food
2026-01-11 10:00:00,8.684598414543292,1.0733775793656934,0.12359553408574511,0,0,18,0,1.122069513044,18,Typeb,Toyota,Food
2026-01-11 11:00:00,8.684598414543292,3.5366116893680872,0.4072280053209658,0,0,18,0,1.122069513044,18,Typeb,Toyota,Food
2026-01-11 12:00:00,0.0,0.0,0.0,1,1,18,100,1.122069513044,18,Typeb,Toyota,Food
2026-01-11 13:00:00,4.863375112144243,2.0269361362511584,0.41677561148629766,0,0,18,0,1.122069513044,18,Typeb,Toyota,Food
2026-01-11 14:00:00,4.863375112144243,1.2668060857958106,0.26047879437316956,0,0,18,0,1.122069513044,18,Typeb,Toyota,Food
2026-01-11 15:00:00,4.863375112144243,0.5457044943834,0.1122069513044,0,0,18,0,1.122069513044,18,Typeb,Toyota,Food
2026-01-11 16:00:00,4.863375112144243,1.4542949972775912,0.29902998714742324,0,0,18,0,1.122069513044,18,Typeb,Toyota,Food
2026-01-11 17:00:00,4.863375112144243,0.5457044943834,0.1122069513044,0,0,18,0,1.122069513044,18,Typeb,Toyota,Food
2026-01-11 18:00:00,4.863375112144243,1.6150738946692518,0.3320891063155464,0,0,18,0,1.122069513044,18,Typeb,Toyota,Food
2026-01-11 19:00:00,4.863375112144243,1.147052343283168,0.235855206895081,0,0,18,0,1.122069513044,18,Typeb,Toyota,Food
2026-01-11 20:00:00,0.0,0.0,0.0,1,1,18,100,1.122069513044,18,Typeb,Toyota,Food
2026-01-11 21:00:00,0.0,0.0,0.0,1,1,18,100,1.122069513044,18,Typeb,Toyota,Food
2026-01-11 22:00:00,0.0,0.0,0.0,1,1,18,100,1.122069513044,18,Typeb,Toyota,Food
2026-01-11 23:00:00,0.0,0.0,0.0,1,1,18,100,1.122069513044,18,Typeb,Toyota,Food
2026-01-12 00:00:00,0.0,0.0,0.0,1,1,18,100,1.122069513044,18,Typeb,Toyota,Food
2026-01-12 01:00:00,0.0,0.0,0.0,1,1,18,100,1.122069513044,18,Typeb,Toyota,Food
2026-01-12 02:00:00,0.0,0.0,0.0,1,1,18,100,1.122069513044,18,Typeb,Toyota,Food
2026-01-12 03:00:00,0.0,0.0,0.0,1,1,18,100,1.122069513044,18,Typeb,Toyota,Food
2026-01-12 04:00:00,0.0,0.0,0.0,1,1,18,100,1.122069513044,18,Typeb,Toyota,Food
2026-01-12 05:00:00,4.405661634367891,1.8786838589550288,0.4264249084177741,0,0,18,0,1.119889326784,18,Typeb,Toyota,Food
2026-01-12 06:00:00,4.405661634367891,1.5461855134536424,0.3509542134130516,0,0,18,0,1.119889326784,18,Typeb,Toyota,Food
2026-01-12 07:00:00,4.405661634367891,1.2056055527550513,0.27364914803041324,0,0,18,0,1.119889326784,18,Typeb,Toyota,Food
2026-01-12 08:00:00,4.405661634367891,0.8583268435976453,0.19482359627938042,0,0,18,0,1.119889326784,18,Typeb,Toyota,Food
2026-01-12 09:00:00,4.405661634367891,2.1779109873714644,0.49434368050008987,0,0,18,0,1.119889326784,18,Typeb,Toyota,Food
2026-01-12 10:00:00,4.405661634367891,1.6188076974035142,0.36743804489555976,0,0,18,0,1.119889326784,18,Typeb,Toyota,Food
2026-01-12 11:00:00,4.405661634367891,0.4933853441750355,0.1119889326784,0,0,18,0,1.119889326784,18,Typeb,Toyota,Food
2026-01-12 12:00:00,0.0,0.0,0.0,1,1,18,100,1.119889326784,18,Typeb,Toyota,Food
2026-01-12 13:00:00,0.0,0.0,0.0,1,1,18,100,1.119889326784,18,Typeb,Toyota,Food
2026-01-12 14:00:00,5.8074630634849465,0.6503715900489103,0.1119889326784,0,0,18,0,1.119889326784,18,Typeb,Toyota,Food
2026-01-12 15:00:00,5.8074630634849465,1.755136873910928,0.30222092757619784,0,0,18,0,1.119889326784,18,Typeb,Toyota,Food
2026-01-12 16:00:00,5.8074630634849465,0.6503715900489103,0.1119889326784,0,0,18,0,1.119889326784,18,Typeb,Toyota,Food
2026-01-12 17:00:00,5.8074630634849465,2.1838643833989866,0.37604447234977195,0,0,18,0,1.119889326784,18,Typeb,Toyota,Food
2026-01-12 18:00:00,5.8074630634849465,2.2996231314586195,0.3959772290103314,0,0,18,0,1.119889326784,18,Typeb,Toyota,Food
2026-01-12 19:00:00,0.0,0.0,0.0,1,1,18,100,1.119889326784,18,Typeb,Toyota,Food
2026-01-12 20:00:00,0.0,0.0,0.0,1,1,18,100,1.119889326784,18,Typeb,Toyota,Food
2026-01-12 21:00:00,0.0,0.0,0.0,1,1,18,100,1.119889326784,18,Typeb,Toyota,Food
2026-01-12 22:00:00,0.0,0.0,0.0,1,1,18,100,1.119889326784,18,Typeb,Toyota,Food
2026-01-12 23:00:00,0.0,0.0,0.0,1,1,18,100,1.119889326784,18,Typeb,Toyota,Food
2026-01-13 00:00:00,0.0,0.0,0.0,1,1,18,100,1.119889326784,18,Typeb,Toyota,Food
2026-01-13 01:00:00,0.0,0.0,0.0,1,1,18,100,1.119889326784,18,Typeb,Toyota,Food
2026-01-13 02:00:00,0.0,0.0,0.0,1,1,18,100,1.119889326784,18,Typeb,Toyota,Food
2026-01-13 03:00:00,0.0,0.0,0.0,1,1,18,100,1.119889326784,18,Typeb,Toyota,Food
2026-01-13 04:00:00,0.0,0.0,0.0,1,1,18,100,1.119889326784,18,Typeb,Toyota,Food
2026-01-13 05:00:00,0.0,0.0,0.0,1,1,18,100,1.119889326784,18,Typeb,Toyota,Food
2026-01-13 06:00:00,8.73482986840807,1.5906356293916635,0.18210264577042737,0,0,18,0,1.12425024,18,Typeb,Toyota,Food
2026-01-13 07:00:00,8.73482986840807,2.2222468325214826,0.2544121483761067,0,0,18,0,1.12425024,18,Typeb,Toyota,Food
2026-01-13 08:00:00,8.73482986840807,2.805319897290044,0.32116480109546947,0,0,18,0,1.12425024,18,Typeb,Toyota,Food
2026-01-13 09:00:00,8.73482986840807,2.5839350697324956,0.29581973646424553,0,0,18,0,1.12425024,18,Typeb,Toyota,Food
2026-01-13 10:00:00,8.73482986840807,2.10976502878571,0.24153475918475065,0,0,18,0,1.12425024,18,Typeb,Toyota,Food
2026-01-13 11:00:00,8.73482986840807,4.419060559162625,0.505912608,0,0,18,0,1.12425024,18,Typeb,Toyota,Food
2026-01-13 12:00:00,0.0,0.0,0.0,1,1,18,100,1.12425024,18,Typeb,Toyota,Food
2026-01-13 13:00:00,9.98266270675208,3.105961655496496,0.3111355904467936,0,0,18,0,1.12425024,18,Typeb,Toyota,Food
2026-01-13 14:00:00,9.98266270675208,3.6230448262397474,0.3629337114424581,0,0,18,0,1.12425024,18,Typeb,Toyota,Food
2026-01-13 15:00:00,9.98266270675208,1.5736681075924888,0.15764011605121048,0,0,18,0,1.12425024,18,Typeb,Toyota,Food
2026-01-13 16:00:00,9.98266270675208,1.9406581326166152,0.1944028551925321,0,0,18,0,1.12425024,18,Typeb,Toyota,Food
2026-01-13 17:00:00,9.98266270675208,2.7043823334523904,0.27090791434064965,0,0,18,0,1.12425024,18,Typeb,Toyota,Food
2026-01-13 18:00:00,9.98266270675208,5.0503549247572845,0.505912608,0,0,18,0,1.12425024,18,Typeb,Toyota,Food
2026-01-13 19:00:00,0.0,0.0,0.0,1,1,18,100,1.12425024,18,Typeb,Toyota,Food
2026-01-13 20:00:00,0.0,0.0,0.0,1,1,18,100,1.12425024,18,Typeb,Toyota,Food
2026-01-13 21:00:00,0.0,0.0,0.0,1,1,18,100,1.12425024,18,Typeb,Toyota,Food
2026-01-13 22:00:00,0.0,0.0,0.0,1,1,18,100,1.12425024,18,Typeb,Toyota,Food
2026-01-13 23:00:00,0.0,0.0,0.0,1,1,18,100,1.12425024,18,Typeb,Toyota,Food
2026-01-14 00:00:00,0.0,0.0,0.0,1,1,18,100,1.12425024,18,Typeb,Toyota,Food
2026-01-14 01:00:00,0.0,0.0,0.0,1,1,18,100,1.12425024,18,Typeb,Toyota,Food
2026-01-14 02:00:00,0.0,0.0,0.0,1,1,18,100,1.12425024,18,Typeb,Toyota,Food
2026-01-14 03:00:00,0.0,0.0,0.0,1,1,18,100,1.12425024,18,Typeb,Toyota,Food
2026-01-14 04:00:00,0.0,0.0,0.0,1,1,18,100,1.12425024,18,Typeb,Toyota,Food
2026-01-14 05:00:00,0.0,0.0,0.0,1,1,18,100,1.12425024,18,Typeb,Toyota,Food
2026-01-14 06:00:00,0.0,0.0,0.0,1,1,18,100,1.12425024,18,Typeb,Toyota,Food
2026-01-14 07:00:00,7.240552216155109,1.6324298684509817,0.22545654250082012,0,0,18,0,1.102475,18,Typeb,Toyota,Food
2026-01-14 08:00:00,7.240552216155109,2.6680138916980125,0.36848210081893257,0,0,18,0,1.102475,18,Typeb,Toyota,Food
2026-01-14 09:00:00,7.240552216155109,2.1110483197861907,0.2915590215724186,0,0,18,0,1.102475,18,Typeb,Toyota,Food
2026-01-14 10:00:00,7.240552216155109,1.905811045597907,0.26321349376442094,0,0,18,0,1.102475,18,Typeb,Toyota,Food
2026-01-14 11:00:00,7.240552216155109,2.391871021447288,0.3303437293236487,0,0,18,0,1.102475,18,Typeb,Toyota,Food
2026-01-14 12:00:00,7.240552216155109,1.6465589261960711,0.22740792097628565,0,0,18,0,1.102475,18,Typeb,Toyota,Food
2026-01-14 13:00:00,6.206187613847236,0.6842166689576232,0.11024750000000001,0,0,18,0,1.102475,18,Typeb,Toyota,Food
2026-01-14 14:00:00,6.206187613847236,0.6842166689576232,0.11024750000000001,0,0,18,0,1.102475,18,Typeb,Toyota,Food
2026-01-14 15:00:00,6.206187613847236,1.2125391697054613,0.19537584829051022,0,0,18,0,1.102475,18,Typeb,Toyota,Food
2026-01-14 16:00:00,6.206187613847236,1.8295035258742307,0.2947870157505786,0,0,18,0,1.102475,18,Typeb,Toyota,Food
2026-01-14 17:00:00,6.206187613847236,3.0789750103093043,0.4961137500000001,0,0,18,0,1.102475,18,Typeb,Toyota,Food
2026-01-14 18:00:00,6.206187613847236,2.3271293488247307,0.3749692232365717,0,0,18,0,1.102475,18,Typeb,Toyota,Food
2026-01-14 19:00:00,6.206187613847236,1.4048830340096388,0.2263681218523053,0,0,18,0,1.102475,18,Typeb,Toyota,Food
2026-01-14 20:00:00,0.0,0.0,0.0,1,1,18,100,1.102475,18,Typeb,Toyota,Food
2026-01-14 21:00:00,0.0,0.0,0.0,1,1,18,100,1.102475,18,Typeb,Toyota,Food
2026-01-14 22:00:00,0.0,0.0,0.0,1,1,18,100,1.102475,18,Typeb,Toyota,Food
2026-01-14 23:00:00,0.0,0.0,0.0,1,1,18,100,1.102475,18,Typeb,Toyota,Food
2026-01-01 00:00:00,0.0,0.0,0.0,1,1,19,100,1.0,19,Typeb,Toyota,Food
2026-01-01 01:00:00,0.0,0.0,0.0,1,1,19,100,1.0,19,Typeb,Toyota,Food
2026-01-01 02:00:00,0.0,0.0,0.0,1,1,19,100,1.0,19,Typeb,Toyota,Food
2026-01-01 03:00:00,0.0,0.0,0.0,1,1,19,100,1.0,19,Typeb,Toyota,Food
2026-01-01 04:00:00,0.0,0.0,0.0,1,1,19,100,1.0,19,Typeb,Toyota,Food
2026-01-01 05:00:00,0.0,0.0,0.0,1,1,19,100,1.0,19,Typeb,Toyota,Food
2026-01-01 06:00:00,7.425699017325267,2.8856094290350027,0.38859768249459664,0,0,19,0,1.1329772784640002,19,Typeb,Toyota,Food
2026-01-01 07:00:00,7.425699017325267,3.785916718503892,0.5098397753088001,0,0,19,0,1.1329772784640002,19,Typeb,Toyota,Food
2026-01-01 08:00:00,7.425699017325267,2.620942949699219,0.35295572088017135,0,0,19,0,1.1329772784640002,19,Typeb,Toyota,Food
2026-01-01 09:00:00,7.425699017325267,1.3304790780408813,0.17917223347413816,0,0,19,0,1.1329772784640002,19,Typeb,Toyota,Food
2026-01-01 10:00:00,7.425699017325267,2.5948358207663227,0.3494399402281432,0,0,19,0,1.1329772784640002,19,Typeb,Toyota,Food
2026-01-01 11:00:00,7.425699017325267,0.8413148263341983,0.11329772784640002,0,0,19,0,1.1329772784640002,19,Typeb,Toyota,Food
2026-01-01 12:00:00,0.0,0.0,0.0,1,1,19,100,1.1329772784640002,19,Typeb,Toyota,Food
2026-01-01 13:00:00,8.775826111384406,2.6185946923525854,0.29838725826114804,0,0,19,0,1.1329772784640002,19,Typeb,Toyota,Food
2026-01-01 14:00:00,8.775826111384406,2.425939080405528,0.2764342695052364,0,0,19,0,1.1329772784640002,19,Typeb,Toyota,Food
2026-01-01 15:00:00,8.775826111384406,1.746082991158258,0.1989650853374543,0,0,19,0,1.1329772784640002,19,Typeb,Toyota,Food
2026-01-01 16:00:00,8.775826111384406,1.3428356773167827,0.1530153013828287,0,0,19,0,1.1329772784640002,19,Typeb,Toyota,Food
2026-01-01 17:00:00,8.775826111384406,3.1449307849304993,0.3583629330178671,0,0,19,0,1.1329772784640002,19,Typeb,Toyota,Food
2026-01-01 18:00:00,8.775826111384406,1.9880991225640166,0.22654267499500277,0,0,19,0,1.1329772784640002,19,Typeb,Toyota,Food
2026-01-01 19:00:00,0.0,0.0,0.0,1,1,19,100,1.1329772784640002,19,Typeb,Toyota,Food
2026-01-01 20:00:00,0.0,0.0,0.0,1,1,19,100,1.1329772784640002,19,Typeb,Toyota,Food
2026-01-01 21:00:00,0.0,0.0,0.0,1,1,19,100,1.1329772784640002,19,Typeb,Toyota,Food
2026-01-01 22:00:00,0.0,0.0,0.0,1,1,19,100,1.1329772784640002,19,Typeb,Toyota,Food
2026-01-01 23:00:00,0.0,0.0,0.0,1,1,19,100,1.1329772784640002,19,Typeb,Toyota,Food
2026-01-02 00:00:00,0.0,0.0,0.0,1,1,19,100,1.1329772784640002,19,Typeb,Toyota,Food
2026-01-02 01:00:00,0.0,0.0,0.0,1,1,19,100,1.1329772784640002,19,Typeb,Toyota,Food
2026-01-02 02:00:00,0.0,0.0,0.0,1,1,19,100,1.1329772784640002,19,Typeb,Toyota,Food
2026-01-02 03:00:00,0.0,0.0,0.0,1,1,19,100,1.1329772784640002,19,Typeb,Toyota,Food
2026-01-02 04:00:00,0.0,0.0,0.0,1,1,19,100,1.1329772784640002,19,Typeb,Toyota,Food
2026-01-02 05:00:00,0.0,0.0,0.0,1,1,19,100,1.1329772784640002,19,Typeb,Toyota,Food
2026-01-02 06:00:00,0.0,0.0,0.0,1,1,19,100,1.1329772784640002,19,Typeb,Toyota,Food
2026-01-02 07:00:00,10.582222894926282,2.859395774724412,0.2702074793846356,0,0,19,0,1.23259004,19,Typeb,Toyota,Food
2026-01-02 08:00:00,10.582222894926282,3.130491228950865,0.29582548582035634,0,0,19,0,1.23259004,19,Typeb,Toyota,Food
2026-01-02 09:00:00,10.582222894926282,4.0047890662114725,0.37844497379955927,0,0,19,0,1.23259004,19,Typeb,Toyota,Food
2026-01-02 10:00:00,10.582222894926282,2.9540273180615153,0.2791499808114837,0,0,19,0,1.23259004,19,Typeb,Toyota,Food
2026-01-02 11:00:00,10.582222894926282,4.63859729168269,0.4383386494256038,0,0,19,0,1.23259004,19,Typeb,Toyota,Food
2026-01-02 12:00:00,0.0,0.0,0.0,1,1,19,100,1.23259004,19,Typeb,Toyota,Food
2026-01-02 13:00:00,7.446749444577755,1.0820815831274615,0.14530925085916027,0,0,19,0,1.23259004,19,Typeb,Toyota,Food
2026-01-02 14:00:00,7.446749444577755,1.3648947589071696,0.1832873214098802,0,0,19,0,1.23259004,19,Typeb,Toyota,Food
2026-01-02 15:00:00,7.446749444577755,1.1509877404692532,0.15456243681024193,0,0,19,0,1.23259004,19,Typeb,Toyota,Food
2026-01-02 16:00:00,7.446749444577755,2.784318518222687,0.3738971666691497,0,0,19,0,1.23259004,19,Typeb,Toyota,Food
2026-01-02 17:00:00,7.446749444577755,3.162500869183803,0.42468205661015396,0,0,19,0,1.23259004,19,Typeb,Toyota,Food
2026-01-02 18:00:00,7.446749444577755,4.130455138092933,0.5546655180000001,0,0,19,0,1.23259004,19,Typeb,Toyota,Food
2026-01-02 19:00:00,7.446749444577755,2.7921929942294126,0.3749546046916495,0,0,19,0,1.23259004,19,Typeb,Toyota,Food
2026-01-02 20:00:00,0.0,0.0,0.0,1,1,19,100,1.23259004,19,Typeb,Toyota,Food
2026-01-02 21:00:00,0.0,0.0,0.0,1,1,19,100,1.23259004,19,Typeb,Toyota,Food
2026-01-02 22:00:00,0.0,0.0,0.0,1,1,19,100,1.23259004,19,Typeb,Toyota,Food
2026-01-02 23:00:00,0.0,0.0,0.0,1,1,19,100,1.23259004,19,Typeb,Toyota,Food
2026-01-03 00:00:00,0.0,0.0,0.0,1,1,19,100,1.23259004,19,Typeb,Toyota,Food
2026-01-03 01:00:00,0.0,0.0,0.0,1,1,19,100,1.23259004,19,Typeb,Toyota,Food
2026-01-03 02:00:00,0.0,0.0,0.0,1,1,19,100,1.23259004,19,Typeb,Toyota,Food
2026-01-03 03:00:00,0.0,0.0,0.0,1,1,19,100,1.23259004,19,Typeb,Toyota,Food
2026-01-03 04:00:00,0.0,0.0,0.0,1,1,19,100,1.23259004,19,Typeb,Toyota,Food
2026-01-03 05:00:00,0.0,0.0,0.0,1,1,19,100,1.23259004,19,Typeb,Toyota,Food
2026-01-03 06:00:00,0.0,0.0,0.0,1,1,19,100,1.23259004,19,Typeb,Toyota,Food
2026-01-03 07:00:00,0.0,0.0,0.0,1,1,19,100,1.23259004,19,Typeb,Toyota,Food
2026-01-03 08:00:00,0.0,0.0,0.0,1,1,19,100,1.23259004,19,Typeb,Toyota,Food
2026-01-03 09:00:00,0.0,0.0,0.0,1,1,19,100,1.23259004,19,Typeb,Toyota,Food
2026-01-03 10:00:00,13.333333333333334,6.97794629422836,0.523345972067127,0,0,19,0,1.209049010004,19,Typeb,Toyota,Food
2026-01-03 11:00:00,13.333333333333334,6.768747713924297,0.5076560785443223,0,0,19,0,1.209049010004,19,Typeb,Toyota,Food
2026-01-03 12:00:00,0.0,0.0,0.0,1,1,19,100,1.209049010004,19,Typeb,Toyota,Food
2026-01-03 13:00:00,0.0,0.0,0.0,1,1,19,100,1.209049010004,19,Typeb,Toyota,Food
2026-01-03 14:00:00,5.0,1.3812279775823262,0.27624559551646527,0,0,19,0,1.209049010004,19,Typeb,Toyota,Food
2026-01-03 15:00:00,5.0,1.1922484685216612,0.23844969370433222,0,0,19,0,1.209049010004,19,Typeb,Toyota,Food
2026-01-03 16:00:00,5.0,2.3624470198805283,0.47248940397610567,0,0,19,0,1.209049010004,19,Typeb,Toyota,Food
2026-01-03 17:00:00,5.0,1.6583006739726673,0.3316601347945335,0,0,19,0,1.209049010004,19,Typeb,Toyota,Food
2026-01-03 18:00:00,5.0,2.1438356753333845,0.42876713506667685,0,0,19,0,1.209049010004,19,Typeb,Toyota,Food
2026-01-03 19:00:00,5.0,1.8224615951830465,0.3644923190366093,0,0,19,0,1.209049010004,19,Typeb,Toyota,Food
2026-01-03 20:00:00,0.0,0.0,0.0,1,1,19,100,1.209049010004,19,Typeb,Toyota,Food
2026-01-03 21:00:00,0.0,0.0,0.0,1,1,19,100,1.209049010004,19,Typeb,Toyota,Food
2026-01-03 22:00:00,0.0,0.0,0.0,1,1,19,100,1.209049010004,19,Typeb,Toyota,Food
2026-01-03 23:00:00,0.0,0.0,0.0,1,1,19,100,1.209049010004,19,Typeb,Toyota,Food
2026-01-04 00:00:00,0.0,0.0,0.0,1,1,19,100,1.209049010004,19,Typeb,Toyota,Food
2026-01-04 01:00:00,0.0,0.0,0.0,1,1,19,100,1.209049010004,19,Typeb,Toyota,Food
2026-01-04 02:00:00,0.0,0.0,0.0,1,1,19,100,1.209049010004,19,Typeb,Toyota,Food
2026-01-04 03:00:00,0.0,0.0,0.0,1,1,19,100,1.209049010004,19,Typeb,Toyota,Food
2026-01-04 04:00:00,0.0,0.0,0.0,1,1,19,100,1.209049010004,19,Typeb,Toyota,Food
2026-01-04 05:00:00,0.0,0.0,0.0,1,1,19,100,1.209049010004,19,Typeb,Toyota,Food
2026-01-04 06:00:00,0.0,0.0,0.0,1,1,19,100,1.209049010004,19,Typeb,Toyota,Food
2026-01-04 07:00:00,0.0,0.0,0.0,1,1,19,100,1.209049010004,19,Typeb,Toyota,Food
2026-01-04 08:00:00,0.0,0.0,0.0,1,1,19,100,1.209049010004,19,Typeb,Toyota,Food
2026-01-04 09:00:00,0.0,0.0,0.0,1,1,19,100,1.209049010004,19,Typeb,Toyota,Food
2026-01-04 10:00:00,13.333333333333334,6.32422475156382,0.4743168563672865,0,0,19,0,1.3050301525,19,Typeb,Toyota,Food
2026-01-04 11:00:00,13.333333333333334,3.0404370249185573,0.22803277686889178,0,0,19,0,1.3050301525,19,Typeb,Toyota,Food
2026-01-04 12:00:00,0.0,0.0,0.0,1,1,19,100,1.3050301525,19,Typeb,Toyota,Food
2026-01-04 13:00:00,4.8,1.863055100793445,0.3881364793319677,0,0,19,0,1.3050301525,19,Typeb,Toyota,Food
2026-01-04 14:00:00,4.8,2.1098162291608817,0.4395450477418504,0,0,19,0,1.3050301525,19,Typeb,Toyota,Food
2026-01-04 15:00:00,4.8,0.6348867181636321,0.13226806628409002,0,0,19,0,1.3050301525,19,Typeb,Toyota,Food
2026-01-04 16:00:00,4.8,1.4324347248918905,0.2984239010191439,0,0,19,0,1.3050301525,19,Typeb,Toyota,Food
2026-01-04 17:00:00,4.8,2.4947111016406573,0.5197314795084703,0,0,19,0,1.3050301525,19,Typeb,Toyota,Food
2026-01-04 18:00:00,4.8,1.1372211385435114,0.23692107052989822,0,0,19,0,1.3050301525,19,Typeb,Toyota,Food
2026-01-04 19:00:00,4.8,1.6459268172886636,0.3429014202684716,0,0,19,0,1.3050301525,19,Typeb,Toyota,Food
2026-01-04 20:00:00,0.0,0.0,0.0,1,1,19,100,1.3050301525,19,Typeb,Toyota,Food
2026-01-04 21:00:00,0.0,0.0,0.0,1,1,19,100,1.3050301525,19,Typeb,Toyota,Food
2026-01-04 22:00:00,0.0,0.0,0.0,1,1,19,100,1.3050301525,19,Typeb,Toyota,Food
2026-01-04 23:00:00,0.0,0.0,0.0,1,1,19,100,1.3050301525,19,Typeb,Toyota,Food
2026-01-05 00:00:00,0.0,0.0,0.0,1,1,19,100,1.3050301525,19,Typeb,Toyota,Food
2026-01-05 01:00:00,0.0,0.0,0.0,1,1,19,100,1.3050301525,19,Typeb,Toyota,Food
2026-01-05 02:00:00,0.0,0.0,0.0,1,1,19,100,1.3050301525,19,Typeb,Toyota,Food
2026-01-05 03:00:00,0.0,0.0,0.0,1,1,19,100,1.3050301525,19,Typeb,Toyota,Food
2026-01-05 04:00:00,0.0,0.0,0.0,1,1,19,100,1.3050301525,19,Typeb,Toyota,Food
2026-01-05 05:00:00,0.0,0.0,0.0,1,1,19,100,1.3050301525,19,Typeb,Toyota,Food
2026-01-05 06:00:00,0.0,0.0,0.0,1,1,19,100,1.3050301525,19,Typeb,Toyota,Food
2026-01-05 07:00:00,8.362978989377735,2.6031744828239103,0.31127358876906674,0,0,19,0,1.226197579604,19,Typeb,Toyota,Food
2026-01-05 08:00:00,8.362978989377735,1.5188028255138109,0.1816102644097185,0,0,19,0,1.226197579604,19,Typeb,Toyota,Food
2026-01-05 09:00:00,8.362978989377735,4.614599067774339,0.5517889108218,0,0,19,0,1.226197579604,19,Typeb,Toyota,Food
2026-01-05 10:00:00,8.362978989377735,1.0254664595054086,0.12261975796040002,0,0,19,0,1.226197579604,19,Typeb,Toyota,Food
2026-01-05 11:00:00,8.362978989377735,2.531315814715445,0.30268111613464577,0,0,19,0,1.226197579604,19,Typeb,Toyota,Food
2026-01-05 12:00:00,0.0,0.0,0.0,1,1,19,100,1.226197579604,19,Typeb,Toyota,Food
2026-01-05 13:00:00,7.398019875218766,3.0629243898422165,0.41401948649829,0,0,19,0,1.226197579604,19,Typeb,Toyota,Food
2026-01-05 14:00:00,7.398019875218766,3.1874681837549423,0.4308542336351437,0,0,19,0,1.226197579604,19,Typeb,Toyota,Food
2026-01-05 15:00:00,7.398019875218766,1.9101939458953985,0.25820340822467885,0,0,19,0,1.226197579604,19,Typeb,Toyota,Food
2026-01-05 16:00:00,7.398019875218766,1.565995367110483,0.21167763719534147,0,0,19,0,1.226197579604,19,Typeb,Toyota,Food
2026-01-05 17:00:00,7.398019875218766,1.92344589465048,0.2599946914299959,0,0,19,0,1.226197579604,19,Typeb,Toyota,Food
2026-01-05 18:00:00,7.398019875218766,3.2527453347983264,0.4396778313199841,0,0,19,0,1.226197579604,19,Typeb,Toyota,Food
2026-01-05 19:00:00,7.398019875218766,1.1422773620944624,0.15440312155969765,0,0,19,0,1.226197579604,19,Typeb,Toyota,Food
2026-01-05 20:00:00,0.0,0.0,0.0,1,1,19,100,1.226197579604,19,Typeb,Toyota,Food
2026-01-05 21:00:00,0.0,0.0,0.0,1,1,19,100,1.226197579604,19,Typeb,Toyota,Food
2026-01-05 22:00:00,0.0,0.0,0.0,1,1,19,100,1.226197579604,19,Typeb,Toyota,Food
2026-01-05 23:00:00,0.0,0.0,0.0,1,1,19,100,1.226197579604,19,Typeb,Toyota,Food
2026-01-06 00:00:00,0.0,0.0,0.0,1,1,19,100,1.226197579604,19,Typeb,Toyota,Food
2026-01-06 01:00:00,0.0,0.0,0.0,1,1,19,100,1.226197579604,19,Typeb,Toyota,Food
2026-01-06 02:00:00,0.0,0.0,0.0,1,1,19,100,1.226197579604,19,Typeb,Toyota,Food
2026-01-06 03:00:00,0.0,0.0,0.0,1,1,19,100,1.226197579604,19,Typeb,Toyota,Food
2026-01-06 04:00:00,0.0,0.0,0.0,1,1,19,100,1.226197579604,19,Typeb,Toyota,Food
2026-01-06 05:00:00,0.0,0.0,0.0,1,1,19,100,1.226197579604,19,Typeb,Toyota,Food
2026-01-06 06:00:00,7.097127880820108,2.293064990023377,0.3230976006815875,0,0,19,0,1.3306301459840002,19,Typeb,Toyota,Food
2026-01-06 07:00:00,7.097127880820108,2.9312398282690175,0.413017755561465,0,0,19,0,1.3306301459840002,19,Typeb,Toyota,Food
2026-01-06 08:00:00,7.097127880820108,2.434890909207497,0.34308116608519296,0,0,19,0,1.3306301459840002,19,Typeb,Toyota,Food
2026-01-06 09:00:00,7.097127880820108,4.065575275526181,0.5728479666420191,0,0,19,0,1.3306301459840002,19,Typeb,Toyota,Food
2026-01-06 10:00:00,7.097127880820108,0.944365230812278,0.13306301459840003,0,0,19,0,1.3306301459840002,19,Typeb,Toyota,Food
2026-01-06 11:00:00,7.097127880820108,4.240480865522692,0.5974925260939055,0,0,19,0,1.3306301459840002,19,Typeb,Toyota,Food
2026-01-06 12:00:00,0.0,0.0,0.0,1,1,19,100,1.3306301459840002,19,Typeb,Toyota,Food
2026-01-06 13:00:00,6.529357650354499,1.0342717478705967,0.15840329221580363,0,0,19,0,1.3306301459840002,19,Typeb,Toyota,Food
2026-01-06 14:00:00,6.529357650354499,2.227505681245458,0.3411523461461052,0,0,19,0,1.3306301459840002,19,Typeb,Toyota,Food
2026-01-06 15:00:00,6.529357650354499,2.101141979118806,0.3217991863265031,0,0,19,0,1.3306301459840002,19,Typeb,Toyota,Food
2026-01-06 16:00:00,6.529357650354499,2.346488500166861,0.35937509106113413,0,0,19,0,1.3306301459840002,19,Typeb,Toyota,Food
2026-01-06 17:00:00,6.529357650354499,1.4203710895985435,0.21753611391182212,0,0,19,0,1.3306301459840002,19,Typeb,Toyota,Food
2026-01-06 18:00:00,6.529357650354499,3.3614331679091487,0.514818355481974,0,0,19,0,1.3306301459840002,19,Typeb,Toyota,Food
2026-01-06 19:00:00,0.0,0.0,0.0,1,1,19,100,1.3306301459840002,19,Typeb,Toyota,Food
2026-01-06 20:00:00,0.0,0.0,0.0,1,1,19,100,1.3306301459840002,19,Typeb,Toyota,Food
2026-01-06 21:00:00,0.0,0.0,0.0,1,1,19,100,1.3306301459840002,19,Typeb,Toyota,Food
2026-01-06 22:00:00,0.0,0.0,0.0,1,1,19,100,1.3306301459840002,19,Typeb,Toyota,Food
2026-01-06 23:00:00,0.0,0.0,0.0,1,1,19,100,1.3306301459840002,19,Typeb,Toyota,Food
2026-01-07 00:00:00,0.0,0.0,0.0,1,1,19,100,1.3306301459840002,19,Typeb,Toyota,Food
2026-01-07 01:00:00,0.0,0.0,0.0,1,1,19,100,1.3306301459840002,19,Typeb,Toyota,Food
2026-01-07 02:00:00,0.0,0.0,0.0,1,1,19,100,1.3306301459840002,19,Typeb,Toyota,Food
2026-01-07 03:00:00,0.0,0.0,0.0,1,1,19,100,1.3306301459840002,19,Typeb,Toyota,Food
2026-01-07 04:00:00,0.0,0.0,0.0,1,1,19,100,1.3306301459840002,19,Typeb,Toyota,Food
2026-01-07 05:00:00,6.234276788173776,1.5536822989191688,0.24921612429311035,0,0,19,0,1.282756305344,19,Typeb,Toyota,Food
2026-01-07 06:00:00,6.234276788173776,2.50226878102203,0.40137274395143224,0,0,19,0,1.282756305344,19,Typeb,Toyota,Food
2026-01-07 07:00:00,6.234276788173776,1.4031073607153886,0.22506337276795896,0,0,19,0,1.282756305344,19,Typeb,Toyota,Food
2026-01-07 08:00:00,6.234276788173776,1.758919912964667,0.28213696194902377,0,0,19,0,1.282756305344,19,Typeb,Toyota,Food
2026-01-07 09:00:00,6.234276788173776,3.0394852505727434,0.4875441617123176,0,0,19,0,1.282756305344,19,Typeb,Toyota,Food
2026-01-07 10:00:00,6.234276788173776,0.7997057859289654,0.12827563053440003,0,0,19,0,1.282756305344,19,Typeb,Toyota,Food
2026-01-07 11:00:00,6.234276788173776,1.8485823718593843,0.2965191368092745,0,0,19,0,1.282756305344,19,Typeb,Toyota,Food
2026-01-07 12:00:00,0.0,0.0,0.0,1,1,19,100,1.282756305344,19,Typeb,Toyota,Food
2026-01-07 13:00:00,0.0,0.0,0.0,1,1,19,100,1.282756305344,19,Typeb,Toyota,Food
2026-01-07 14:00:00,8.052607518057794,1.3302434654747042,0.16519412655983332,0,0,19,0,1.282756305344,19,Typeb,Toyota,Food
2026-01-07 15:00:00,8.052607518057794,2.6860588023689793,0.3335638544838491,0,0,19,0,1.282756305344,19,Typeb,Toyota,Food
2026-01-07 16:00:00,8.052607518057794,4.3041204634638195,0.5345002167076844,0,0,19,0,1.282756305344,19,Typeb,Toyota,Food
2026-01-07 17:00:00,8.052607518057794,2.9136993471887274,0.3618330262160202,0,0,19,0,1.282756305344,19,Typeb,Toyota,Food
2026-01-07 18:00:00,8.052607518057794,3.508708332506595,0.43572325170926246,0,0,19,0,1.282756305344,19,Typeb,Toyota,Food
2026-01-07 19:00:00,8.052607518057794,2.4378645805041947,0.30274225771432883,0,0,19,0,1.282756305344,19,Typeb,Toyota,Food
2026-01-07 20:00:00,0.0,0.0,0.0,1,1,19,100,1.282756305344,19,Typeb,Toyota,Food
2026-01-07 21:00:00,0.0,0.0,0.0,1,1,19,100,1.282756305344,19,Typeb,Toyota,Food
2026-01-07 22:00:00,0.0,0.0,0.0,1,1,19,100,1.282756305344,19,Typeb,Toyota,Food
2026-01-07 23:00:00,0.0,0.0,0.0,1,1,19,100,1.282756305344,19,Typeb,Toyota,Food
2026-01-08 00:00:00,0.0,0.0,0.0,1,1,19,100,1.282756305344,19,Typeb,Toyota,Food
2026-01-08 01:00:00,0.0,0.0,0.0,1,1,19,100,1.282756305344,19,Typeb,Toyota,Food
2026-01-08 02:00:00,0.0,0.0,0.0,1,1,19,100,1.282756305344,19,Typeb,Toyota,Food
2026-01-08 03:00:00,0.0,0.0,0.0,1,1,19,100,1.282756305344,19,Typeb,Toyota,Food
2026-01-08 04:00:00,0.0,0.0,0.0,1,1,19,100,1.282756305344,19,Typeb,Toyota,Food
2026-01-08 05:00:00,0.0,0.0,0.0,1,1,19,100,1.282756305344,19,Typeb,Toyota,Food
2026-01-08 06:00:00,7.028505128869824,2.798779258615592,0.39820405723537294,0,0,19,0,1.176585222144,19,Typeb,Toyota,Food
2026-01-08 07:00:00,7.028505128869824,3.2341728133655705,0.4601508790370083,0,0,19,0,1.176585222144,19,Typeb,Toyota,Food
2026-01-08 08:00:00,7.028505128869824,1.0479251533115033,0.1490964485473753,0,0,19,0,1.176585222144,19,Typeb,Toyota,Food
2026-01-08 09:00:00,7.028505128869824,1.6545156568361081,0.2354007895704776,0,0,19,0,1.176585222144,19,Typeb,Toyota,Food
2026-01-08 10:00:00,7.028505128869824,3.31106147528841,0.47109042599799955,0,0,19,0,1.176585222144,19,Typeb,Toyota,Food
2026-01-08 11:00:00,7.028505128869824,2.25104145684147,0.32027314707294446,0,0,19,0,1.176585222144,19,Typeb,Toyota,Food
2026-01-08 12:00:00,0.0,0.0,0.0,1,1,19,100,1.176585222144,19,Typeb,Toyota,Food
2026-01-08 13:00:00,0.0,0.0,0.0,1,1,19,100,1.176585222144,19,Typeb,Toyota,Food
2026-01-08 14:00:00,7.028505128869824,3.289218585248846,0.46798266842522007,0,0,19,0,1.176585222144,19,Typeb,Toyota,Food
2026-01-08 15:00:00,7.028505128869824,3.5958162651337835,0.5116047010286505,0,0,19,0,1.176585222144,19,Typeb,Toyota,Food
2026-01-08 16:00:00,7.028505128869824,2.5007341471979565,0.35579886495723045,0,0,19,0,1.176585222144,19,Typeb,Toyota,Food
2026-01-08 17:00:00,7.028505128869824,2.611012159818333,0.3714889741053914,0,0,19,0,1.176585222144,19,Typeb,Toyota,Food
2026-01-08 18:00:00,7.028505128869824,2.52257140954566,0.3589058218345907,0,0,19,0,1.176585222144,19,Typeb,Toyota,Food
2026-01-08 19:00:00,7.028505128869824,1.7118042797958266,0.24355168679674605,0,0,19,0,1.176585222144,19,Typeb,Toyota,Food
2026-01-08 20:00:00,0.0,0.0,0.0,1,1,19,100,1.176585222144,19,Typeb,Toyota,Food
2026-01-08 21:00:00,0.0,0.0,0.0,1,1,19,100,1.176585222144,19,Typeb,Toyota,Food
2026-01-08 22:00:00,0.0,0.0,0.0,1,1,19,100,1.176585222144,19,Typeb,Toyota,Food
2026-01-08 23:00:00,0.0,0.0,0.0,1,1,19,100,1.176585222144,19,Typeb,Toyota,Food
2026-01-09 00:00:00,0.0,0.0,0.0,1,1,19,100,1.176585222144,19,Typeb,Toyota,Food
2026-01-09 01:00:00,0.0,0.0,0.0,1,1,19,100,1.176585222144,19,Typeb,Toyota,Food
2026-01-09 02:00:00,0.0,0.0,0.0,1,1,19,100,1.176585222144,19,Typeb,Toyota,Food
2026-01-09 03:00:00,0.0,0.0,0.0,1,1,19,100,1.176585222144,19,Typeb,Toyota,Food
2026-01-09 04:00:00,0.0,0.0,0.0,1,1,19,100,1.176585222144,19,Typeb,Toyota,Food
2026-01-09 05:00:00,0.0,0.0,0.0,1,1,19,100,1.176585222144,19,Typeb,Toyota,Food
2026-01-09 06:00:00,0.0,0.0,0.0,1,1,19,100,1.176585222144,19,Typeb,Toyota,Food
2026-01-09 07:00:00,0.0,0.0,0.0,1,1,19,100,1.176585222144,19,Typeb,Toyota,Food
2026-01-09 08:00:00,13.441535608174204,5.062616618832989,0.3766397505768804,0,0,19,0,1.137342385344,19,Typeb,Toyota,Food
2026-01-09 09:00:00,13.441535608174204,3.3093453632327883,0.24620292351271794,0,0,19,0,1.137342385344,19,Typeb,Toyota,Food
2026-01-09 10:00:00,13.441535608174204,1.602595611429648,0.11922712241710398,0,0,19,0,1.137342385344,19,Typeb,Toyota,Food
2026-01-09 11:00:00,13.441535608174204,6.879432677079223,0.5118040734047999,0,0,19,0,1.137342385344,19,Typeb,Toyota,Food
2026-01-09 12:00:00,0.0,0.0,0.0,1,1,19,100,1.137342385344,19,Typeb,Toyota,Food
2026-01-09 13:00:00,8.271714220414895,3.448134754988916,0.4168585450496818,0,0,19,0,1.137342385344,19,Typeb,Toyota,Food
2026-01-09 14:00:00,8.271714220414895,3.8087697096854076,0.4604571202768616,0,0,19,0,1.137342385344,19,Typeb,Toyota,Food
2026-01-09 15:00:00,8.271714220414895,3.6961769475879915,0.44684533932104314,0,0,19,0,1.137342385344,19,Typeb,Toyota,Food
2026-01-09 16:00:00,8.271714220414895,3.303042781269196,0.3993178068358751,0,0,19,0,1.137342385344,19,Typeb,Toyota,Food
2026-01-09 17:00:00,8.271714220414895,3.2491911075001423,0.39280746661689775,0,0,19,0,1.137342385344,19,Typeb,Toyota,Food
2026-01-09 18:00:00,8.271714220414895,1.8813064319293031,0.22743851900566991,0,0,19,0,1.137342385344,19,Typeb,Toyota,Food
2026-01-09 19:00:00,8.271714220414895,0.9407771182330561,0.1137342385344,0,0,19,0,1.137342385344,19,Typeb,Toyota,Food
2026-01-09 20:00:00,0.0,0.0,0.0,1,1,19,100,1.137342385344,19,Typeb,Toyota,Food
2026-01-09 21:00:00,0.0,0.0,0.0,1,1,19,100,1.137342385344,19,Typeb,Toyota,Food
2026-01-09 22:00:00,0.0,0.0,0.0,1,1,19,100,1.137342385344,19,Typeb,Toyota,Food
2026-01-09 23:00:00,0.0,0.0,0.0,1,1,19,100,1.137342385344,19,Typeb,Toyota,Food
2026-01-10 00:00:00,0.0,0.0,0.0,1,1,19,100,1.137342385344,19,Typeb,Toyota,Food
2026-01-10 01:00:00,0.0,0.0,0.0,1,1,19,100,1.137342385344,19,Typeb,Toyota,Food
2026-01-10 02:00:00,0.0,0.0,0.0,1,1,19,100,1.137342385344,19,Typeb,Toyota,Food
2026-01-10 03:00:00,0.0,0.0,0.0,1,1,19,100,1.137342385344,19,Typeb,Toyota,Food
2026-01-10 04:00:00,0.0,0.0,0.0,1,1,19,100,1.137342385344,19,Typeb,Toyota,Food
2026-01-10 05:00:00,0.0,0.0,0.0,1,1,19,100,1.137342385344,19,Typeb,Toyota,Food
2026-01-10 06:00:00,0.0,0.0,0.0,1,1,19,100,1.137342385344,19,Typeb,Toyota,Food
2026-01-10 07:00:00,0.0,0.0,0.0,1,1,19,100,1.137342385344,19,Typeb,Toyota,Food
2026-01-10 08:00:00,0.0,0.0,0.0,1,1,19,100,1.137342385344,19,Typeb,Toyota,Food
2026-01-10 09:00:00,0.0,0.0,0.0,1,1,19,100,1.137342385344,19,Typeb,Toyota,Food
2026-01-10 10:00:00,12.0,5.6130418852941,0.467753490441175,0,0,19,0,1.18961004,19,Typeb,Toyota,Food
2026-01-10 11:00:00,12.0,5.904507556089304,0.49204229634077534,0,0,19,0,1.18961004,19,Typeb,Toyota,Food
2026-01-10 12:00:00,0.0,0.0,0.0,1,1,19,100,1.18961004,19,Typeb,Toyota,Food
2026-01-10 13:00:00,4.8,2.0810276276583006,0.4335474224288126,0,0,19,0,1.18961004,19,Typeb,Toyota,Food
2026-01-10 14:00:00,4.8,1.906972960082948,0.39728603335061413,0,0,19,0,1.18961004,19,Typeb,Toyota,Food
2026-01-10 15:00:00,4.8,2.015976104797961,0.41999502183290854,0,0,19,0,1.18961004,19,Typeb,Toyota,Food
2026-01-10 16:00:00,4.8,2.5695576864,0.535324518,0,0,19,0,1.18961004,19,Typeb,Toyota,Food
2026-01-10 17:00:00,4.8,1.7088475129386478,0.3560098985288849,0,0,19,0,1.18961004,19,Typeb,Toyota,Food
2026-01-10 18:00:00,4.8,2.3436454194660223,0.4882594623887547,0,0,19,0,1.18961004,19,Typeb,Toyota,Food
2026-01-10 19:00:00,0.0,0.0,0.0,1,1,19,100,1.18961004,19,Typeb,Toyota,Food
2026-01-10 20:00:00,0.0,0.0,0.0,1,1,19,100,1.18961004,19,Typeb,Toyota,Food
2026-01-10 21:00:00,0.0,0.0,0.0,1,1,19,100,1.18961004,19,Typeb,Toyota,Food
2026-01-10 22:00:00,0.0,0.0,0.0,1,1,19,100,1.18961004,19,Typeb,Toyota,Food
2026-01-10 23:00:00,0.0,0.0,0.0,1,1,19,100,1.18961004,19,Typeb,Toyota,Food
2026-01-11 00:00:00,0.0,0.0,0.0,1,1,19,100,1.18961004,19,Typeb,Toyota,Food
2026-01-11 01:00:00,0.0,0.0,0.0,1,1,19,100,1.18961004,19,Typeb,Toyota,Food
2026-01-11 02:00:00,0.0,0.0,0.0,1,1,19,100,1.18961004,19,Typeb,Toyota,Food
2026-01-11 03:00:00,0.0,0.0,0.0,1,1,19,100,1.18961004,19,Typeb,Toyota,Food
2026-01-11 04:00:00,0.0,0.0,0.0,1,1,19,100,1.18961004,19,Typeb,Toyota,Food
2026-01-11 05:00:00,0.0,0.0,0.0,1,1,19,100,1.18961004,19,Typeb,Toyota,Food
2026-01-11 06:00:00,0.0,0.0,0.0,1,1,19,100,1.18961004,19,Typeb,Toyota,Food
2026-01-11 07:00:00,0.0,0.0,0.0,1,1,19,100,1.18961004,19,Typeb,Toyota,Food
2026-01-11 08:00:00,0.0,0.0,0.0,1,1,19,100,1.18961004,19,Typeb,Toyota,Food
2026-01-11 09:00:00,8.0,1.6249753063047372,0.20312191328809215,0,0,19,0,1.122069513044,19,Typeb,Toyota,Food
2026-01-11 10:00:00,8.0,4.0394502469584,0.5049312808698,0,0,19,0,1.122069513044,19,Typeb,Toyota,Food
2026-01-11 11:00:00,8.0,3.9057057210746167,0.4882132151343271,0,0,19,0,1.122069513044,19,Typeb,Toyota,Food
2026-01-11 12:00:00,8.0,3.8909246578316536,0.4863655822289567,0,0,19,0,1.122069513044,19,Typeb,Toyota,Food
2026-01-11 13:00:00,5.217391304347826,0.5854275720229565,0.1122069513044,0,0,19,0,1.122069513044,19,Typeb,Toyota,Food
2026-01-11 14:00:00,5.217391304347826,1.1001965988540658,0.21087101478036263,0,0,19,0,1.122069513044,19,Typeb,Toyota,Food
2026-01-11 15:00:00,5.217391304347826,1.047597120741441,0.20078944814210953,0,0,19,0,1.122069513044,19,Typeb,Toyota,Food
2026-01-11 16:00:00,5.217391304347826,0.5854275720229565,0.1122069513044,0,0,19,0,1.122069513044,19,Typeb,Toyota,Food
2026-01-11 17:00:00,5.217391304347826,1.7314323305082018,0.3318578633474053,0,0,19,0,1.122069513044,19,Typeb,Toyota,Food
2026-01-11 18:00:00,5.217391304347826,2.6344240741033045,0.5049312808698,0,0,19,0,1.122069513044,19,Typeb,Toyota,Food
2026-01-11 19:00:00,0.0,0.0,0.0,1,1,19,100,1.122069513044,19,Typeb,Toyota,Food
2026-01-11 20:00:00,0.0,0.0,0.0,1,1,19,100,1.122069513044,19,Typeb,Toyota,Food
2026-01-11 21:00:00,0.0,0.0,0.0,1,1,19,100,1.122069513044,19,Typeb,Toyota,Food
2026-01-11 22:00:00,0.0,0.0,0.0,1,1,19,100,1.122069513044,19,Typeb,Toyota,Food
2026-01-11 23:00:00,0.0,0.0,0.0,1,1,19,100,1.122069513044,19,Typeb,Toyota,Food
2026-01-12 00:00:00,0.0,0.0,0.0,1,1,19,100,1.122069513044,19,Typeb,Toyota,Food
2026-01-12 01:00:00,0.0,0.0,0.0,1,1,19,100,1.122069513044,19,Typeb,Toyota,Food
2026-01-12 02:00:00,0.0,0.0,0.0,1,1,19,100,1.122069513044,19,Typeb,Toyota,Food
2026-01-12 03:00:00,0.0,0.0,0.0,1,1,19,100,1.122069513044,19,Typeb,Toyota,Food
2026-01-12 04:00:00,0.0,0.0,0.0,1,1,19,100,1.122069513044,19,Typeb,Toyota,Food
2026-01-12 05:00:00,0.0,0.0,0.0,1,1,19,100,1.122069513044,19,Typeb,Toyota,Food
2026-01-12 06:00:00,0.0,0.0,0.0,1,1,19,100,1.122069513044,19,Typeb,Toyota,Food
2026-01-12 07:00:00,6.3988807231761315,3.2247172013619747,0.5039501970528,0,0,19,0,1.119889326784,19,Typeb,Toyota,Food
2026-01-12 08:00:00,6.3988807231761315,2.099881057867464,0.3281638068767083,0,0,19,0,1.119889326784,19,Typeb,Toyota,Food
2026-01-12 09:00:00,6.3988807231761315,3.010550214849721,0.47048075203930545,0,0,19,0,1.119889326784,19,Typeb,Toyota,Food
2026-01-12 10:00:00,6.3988807231761315,1.6636843700491633,0.2599961527683206,0,0,19,0,1.119889326784,19,Typeb,Toyota,Food
2026-01-12 11:00:00,6.3988807231761315,2.8197496943389213,0.4406629559644797,0,0,19,0,1.119889326784,19,Typeb,Toyota,Food
2026-01-12 12:00:00,0.0,0.0,0.0,1,1,19,100,1.119889326784,19,Typeb,Toyota,Food
2026-01-12 13:00:00,6.7035893290416615,1.4213948464554458,0.21203489305312903,0,0,19,0,1.119889326784,19,Typeb,Toyota,Food
2026-01-12 14:00:00,6.7035893290416615,2.6867888695441504,0.4007985480113309,0,0,19,0,1.119889326784,19,Typeb,Toyota,Food
2026-01-12 15:00:00,6.7035893290416615,3.378275163331593,0.5039501970528,0,0,19,0,1.119889326784,19,Typeb,Toyota,Food
2026-01-12 16:00:00,6.7035893290416615,2.706880853988127,0.40379574599852464,0,0,19,0,1.119889326784,19,Typeb,Toyota,Food
2026-01-12 17:00:00,6.7035893290416615,0.7507278140736873,0.1119889326784,0,0,19,0,1.119889326784,19,Typeb,Toyota,Food
2026-01-12 18:00:00,6.7035893290416615,1.762130475630806,0.26286372704795724,0,0,19,0,1.119889326784,19,Typeb,Toyota,Food
2026-01-12 19:00:00,0.0,0.0,0.0,1,1,19,100,1.119889326784,19,Typeb,Toyota,Food
2026-01-12 20:00:00,0.0,0.0,0.0,1,1,19,100,1.119889326784,19,Typeb,Toyota,Food
2026-01-12 21:00:00,0.0,0.0,0.0,1,1,19,100,1.119889326784,19,Typeb,Toyota,Food
2026-01-12 22:00:00,0.0,0.0,0.0,1,1,19,100,1.119889326784,19,Typeb,Toyota,Food
2026-01-12 23:00:00,0.0,0.0,0.0,1,1,19,100,1.119889326784,19,Typeb,Toyota,Food
2026-01-13 00:00:00,0.0,0.0,0.0,1,1,19,100,1.119889326784,19,Typeb,Toyota,Food
2026-01-13 01:00:00,0.0,0.0,0.0,1,1,19,100,1.119889326784,19,Typeb,Toyota,Food
2026-01-13 02:00:00,0.0,0.0,0.0,1,1,19,100,1.119889326784,19,Typeb,Toyota,Food
2026-01-13 03:00:00,0.0,0.0,0.0,1,1,19,100,1.119889326784,19,Typeb,Toyota,Food
2026-01-13 04:00:00,0.0,0.0,0.0,1,1,19,100,1.119889326784,19,Typeb,Toyota,Food
2026-01-13 05:00:00,0.0,0.0,0.0,1,1,19,100,1.119889326784,19,Typeb,Toyota,Food
2026-01-13 06:00:00,0.0,0.0,0.0,1,1,19,100,1.119889326784,19,Typeb,Toyota,Food
2026-01-13 07:00:00,7.6742064779963295,2.3303850719883465,0.3036646301699183,0,0,19,0,1.12425024,19,Typeb,Toyota,Food
2026-01-13 08:00:00,7.6742064779963295,3.3089105824122336,0.4311729938332545,0,0,19,0,1.12425024,19,Typeb,Toyota,Food
2026-01-13 09:00:00,7.6742064779963295,3.1756932994240725,0.41381389835281307,0,0,19,0,1.12425024,19,Typeb,Toyota,Food
2026-01-13 10:00:00,7.6742064779963295,3.753164791999749,0.4890622636699851,0,0,19,0,1.12425024,19,Typeb,Toyota,Food
2026-01-13 11:00:00,7.6742064779963295,2.064880267795602,0.2690675933356858,0,0,19,0,1.12425024,19,Typeb,Toyota,Food
2026-01-13 12:00:00,0.0,0.0,0.0,1,1,19,100,1.12425024,19,Typeb,Toyota,Food
2026-01-13 13:00:00,5.83239692327721,2.1338859658178984,0.3658677545249909,0,0,19,0,1.12425024,19,Typeb,Toyota,Food
2026-01-13 14:00:00,5.83239692327721,0.6557073640769666,0.11242502400000001,0,0,19,0,1.12425024,19,Typeb,Toyota,Food
2026-01-13 15:00:00,5.83239692327721,1.378340350011666,0.2363248537682137,0,0,19,0,1.12425024,19,Typeb,Toyota,Food
2026-01-13 16:00:00,5.83239692327721,2.3401882740040962,0.40123954264229844,0,0,19,0,1.12425024,19,Typeb,Toyota,Food
2026-01-13 17:00:00,5.83239692327721,1.7581255065494645,0.30144133358495395,0,0,19,0,1.12425024,19,Typeb,Toyota,Food
2026-01-13 18:00:00,5.83239692327721,0.9114048941546925,0.15626592396639838,0,0,19,0,1.12425024,19,Typeb,Toyota,Food
2026-01-13 19:00:00,0.0,0.0,0.0,1,1,19,100,1.12425024,19,Typeb,Toyota,Food
2026-01-13 20:00:00,0.0,0.0,0.0,1,1,19,100,1.12425024,19,Typeb,Toyota,Food
2026-01-13 21:00:00,0.0,0.0,0.0,1,1,19,100,1.12425024,19,Typeb,Toyota,Food
2026-01-13 22:00:00,0.0,0.0,0.0,1,1,19,100,1.12425024,19,Typeb,Toyota,Food
2026-01-13 23:00:00,0.0,0.0,0.0,1,1,19,100,1.12425024,19,Typeb,Toyota,Food
2026-01-14 00:00:00,0.0,0.0,0.0,1,1,19,100,1.12425024,19,Typeb,Toyota,Food
2026-01-14 01:00:00,0.0,0.0,0.0,1,1,19,100,1.12425024,19,Typeb,Toyota,Food
2026-01-14 02:00:00,0.0,0.0,0.0,1,1,19,100,1.12425024,19,Typeb,Toyota,Food
2026-01-14 03:00:00,0.0,0.0,0.0,1,1,19,100,1.12425024,19,Typeb,Toyota,Food
2026-01-14 04:00:00,0.0,0.0,0.0,1,1,19,100,1.12425024,19,Typeb,Toyota,Food
2026-01-14 05:00:00,0.0,0.0,0.0,1,1,19,100,1.12425024,19,Typeb,Toyota,Food
2026-01-14 06:00:00,0.0,0.0,0.0,1,1,19,100,1.12425024,19,Typeb,Toyota,Food
2026-01-14 07:00:00,7.325452365719778,3.6342576436036107,0.4961137500000001,0,0,19,0,1.102475,19,Typeb,Toyota,Food
2026-01-14 08:00:00,7.325452365719778,3.5394068180823774,0.4831656314694506,0,0,19,0,1.102475,19,Typeb,Toyota,Food
2026-01-14 09:00:00,7.325452365719778,1.297294536833819,0.17709411952559337,0,0,19,0,1.102475,19,Typeb,Toyota,Food
2026-01-14 10:00:00,7.325452365719778,1.9282783360728362,0.2632299330886945,0,0,19,0,1.102475,19,Typeb,Toyota,Food
2026-01-14 11:00:00,7.325452365719778,2.334874660098403,0.31873453590725587,0,0,19,0,1.102475,19,Typeb,Toyota,Food
2026-01-14 12:00:00,7.325452365719778,2.5870993204940214,0.35316581029188365,0,0,19,0,1.102475,19,Typeb,Toyota,Food
2026-01-14 13:00:00,4.604570058452432,2.0275245282393173,0.44032873916587906,0,0,19,0,1.102475,19,Typeb,Toyota,Food
2026-01-14 14:00:00,4.604570058452432,0.7956097622575342,0.17278698166337245,0,0,19,0,1.102475,19,Typeb,Toyota,Food
2026-01-14 15:00:00,4.604570058452432,0.995491498372946,0.21619640612168786,0,0,19,0,1.102475,19,Typeb,Toyota,Food
2026-01-14 16:00:00,4.604570058452432,2.284390518836555,0.4961137500000001,0,0,19,0,1.102475,19,Typeb,Toyota,Food
2026-01-14 17:00:00,4.604570058452432,1.0910878394752601,0.23695759335280225,0,0,19,0,1.102475,19,Typeb,Toyota,Food
2026-01-14 18:00:00,4.604570058452432,1.7667202689622075,0.3836884326950585,0,0,19,0,1.102475,19,Typeb,Toyota,Food
2026-01-14 19:00:00,4.604570058452432,0.7218388480602815,0.1567657433586508,0,0,19,0,1.102475,19,Typeb,Toyota,Food
2026-01-14 20:00:00,4.604570058452432,2.1608208865201335,0.46927744807652516,0,0,19,0,1.102475,19,Typeb,Toyota,Food
2026-01-14 21:00:00,4.604570058452432,0.5076423375192346,0.11024750000000001,0,0,19,0,1.102475,19,Typeb,Toyota,Food
2026-01-14 22:00:00,0.0,0.0,0.0,1,1,19,100,1.102475,19,Typeb,Toyota,Food
2026-01-14 23:00:00,0.0,0.0,0.0,1,1,19,100,1.102475,19,Typeb,Toyota,Food
2026-01-01 00:00:00,0.0,0.0,0.0,1,1,20,100,1.0,20,Typeb,Toyota,Food
2026-01-01 01:00:00,0.0,0.0,0.0,1,1,20,100,1.0,20,Typeb,Toyota,Food
2026-01-01 02:00:00,0.0,0.0,0.0,1,1,20,100,1.0,20,Typeb,Toyota,Food
2026-01-01 03:00:00,0.0,0.0,0.0,1,1,20,100,1.0,20,Typeb,Toyota,Food
2026-01-01 04:00:00,0.0,0.0,0.0,1,1,20,100,1.0,20,Typeb,Toyota,Food
2026-01-01 05:00:00,0.0,0.0,0.0,1,1,20,100,1.0,20,Typeb,Toyota,Food
2026-01-01 06:00:00,0.0,0.0,0.0,1,1,20,100,1.0,20,Typeb,Toyota,Food
2026-01-01 07:00:00,6.0,1.8180417626830334,0.30300696044717224,0,0,20,0,1.1329772784640002,20,Typeb,Toyota,Food
2026-01-01 08:00:00,6.0,2.570676964735597,0.4284461607892661,0,0,20,0,1.1329772784640002,20,Typeb,Toyota,Food
2026-01-01 09:00:00,6.0,1.5450049580987375,0.2575008263497896,0,0,20,0,1.1329772784640002,20,Typeb,Toyota,Food
2026-01-01 10:00:00,6.0,2.1699037916600687,0.3616506319433448,0,0,20,0,1.1329772784640002,20,Typeb,Toyota,Food
2026-01-01 11:00:00,6.0,0.6797863670784002,0.11329772784640002,0,0,20,0,1.1329772784640002,20,Typeb,Toyota,Food
2026-01-01 12:00:00,0.0,0.0,0.0,1,1,20,100,1.1329772784640002,20,Typeb,Toyota,Food
2026-01-01 13:00:00,5.454545454545454,0.6179876064349091,0.11329772784640002,0,0,20,0,1.1329772784640002,20,Typeb,Toyota,Food
2026-01-01 14:00:00,5.454545454545454,2.754612345892174,0.5050122634135652,0,0,20,0,1.1329772784640002,20,Typeb,Toyota,Food
2026-01-01 15:00:00,5.454545454545454,2.082140443692327,0.38172574801026,0,0,20,0,1.1329772784640002,20,Typeb,Toyota,Food
2026-01-01 16:00:00,5.454545454545454,1.2553139129836044,0.23014088404699412,0,0,20,0,1.1329772784640002,20,Typeb,Toyota,Food
2026-01-01 17:00:00,5.454545454545454,1.1149195950527353,0.20440192575966817,0,0,20,0,1.1329772784640002,20,Typeb,Toyota,Food
2026-01-01 18:00:00,5.454545454545454,1.1395873498678613,0.2089243474757746,0,0,20,0,1.1329772784640002,20,Typeb,Toyota,Food
2026-01-01 19:00:00,0.0,0.0,0.0,1,1,20,100,1.1329772784640002,20,Typeb,Toyota,Food
2026-01-01 20:00:00,0.0,0.0,0.0,1,1,20,100,1.1329772784640002,20,Typeb,Toyota,Food
2026-01-01 21:00:00,0.0,0.0,0.0,1,1,20,100,1.1329772784640002,20,Typeb,Toyota,Food
2026-01-01 22:00:00,0.0,0.0,0.0,1,1,20,100,1.1329772784640002,20,Typeb,Toyota,Food
2026-01-01 23:00:00,0.0,0.0,0.0,1,1,20,100,1.1329772784640002,20,Typeb,Toyota,Food
2026-01-02 00:00:00,0.0,0.0,0.0,1,1,20,100,1.1329772784640002,20,Typeb,Toyota,Food
2026-01-02 01:00:00,0.0,0.0,0.0,1,1,20,100,1.1329772784640002,20,Typeb,Toyota,Food
2026-01-02 02:00:00,0.0,0.0,0.0,1,1,20,100,1.1329772784640002,20,Typeb,Toyota,Food
2026-01-02 03:00:00,0.0,0.0,0.0,1,1,20,100,1.1329772784640002,20,Typeb,Toyota,Food
2026-01-02 04:00:00,0.0,0.0,0.0,1,1,20,100,1.1329772784640002,20,Typeb,Toyota,Food
2026-01-02 05:00:00,4.419026947647763,2.451081870973005,0.5546655180000001,0,0,20,0,1.23259004,20,Typeb,Toyota,Food
2026-01-02 06:00:00,4.419026947647763,1.3421214956295058,0.3037142591637541,0,0,20,0,1.23259004,20,Typeb,Toyota,Food
2026-01-02 07:00:00,4.419026947647763,0.9618718619692544,0.2176659869615089,0,0,20,0,1.23259004,20,Typeb,Toyota,Food
2026-01-02 08:00:00,4.419026947647763,0.833718207786652,0.18866556318024674,0,0,20,0,1.23259004,20,Typeb,Toyota,Food
2026-01-02 09:00:00,4.419026947647763,1.8498968983749853,0.41862086841531504,0,0,20,0,1.23259004,20,Typeb,Toyota,Food
2026-01-02 10:00:00,4.419026947647763,2.3361209072964115,0.5286505230613999,0,0,20,0,1.23259004,20,Typeb,Toyota,Food
2026-01-02 11:00:00,4.419026947647763,1.04038462824532,0.2354329676127262,0,0,20,0,1.23259004,20,Typeb,Toyota,Food
2026-01-02 12:00:00,0.0,0.0,0.0,1,1,20,100,1.23259004,20,Typeb,Toyota,Food
2026-01-02 13:00:00,6.186637726706867,2.0902940212222716,0.3378723813419297,0,0,20,0,1.23259004,20,Typeb,Toyota,Food
2026-01-02 14:00:00,6.186637726706867,1.620026043502415,0.2618588828159413,0,0,20,0,1.23259004,20,Typeb,Toyota,Food
2026-01-02 15:00:00,6.186637726706867,1.6914157449837581,0.2733982204392134,0,0,20,0,1.23259004,20,Typeb,Toyota,Food
2026-01-02 16:00:00,6.186637726706867,1.934343524352636,0.3126647477679742,0,0,20,0,1.23259004,20,Typeb,Toyota,Food
2026-01-02 17:00:00,6.186637726706867,0.8711728401637349,0.14081523416233038,0,0,20,0,1.23259004,20,Typeb,Toyota,Food
2026-01-02 18:00:00,0.0,0.0,0.0,1,1,20,100,1.23259004,20,Typeb,Toyota,Food
2026-01-02 19:00:00,0.0,0.0,0.0,1,1,20,100,1.23259004,20,Typeb,Toyota,Food
2026-01-02 20:00:00,0.0,0.0,0.0,1,1,20,100,1.23259004,20,Typeb,Toyota,Food
2026-01-02 21:00:00,0.0,0.0,0.0,1,1,20,100,1.23259004,20,Typeb,Toyota,Food
2026-01-02 22:00:00,0.0,0.0,0.0,1,1,20,100,1.23259004,20,Typeb,Toyota,Food
2026-01-02 23:00:00,0.0,0.0,0.0,1,1,20,100,1.23259004,20,Typeb,Toyota,Food
2026-01-03 00:00:00,0.0,0.0,0.0,1,1,20,100,1.23259004,20,Typeb,Toyota,Food
2026-01-03 01:00:00,0.0,0.0,0.0,1,1,20,100,1.23259004,20,Typeb,Toyota,Food
2026-01-03 02:00:00,0.0,0.0,0.0,1,1,20,100,1.23259004,20,Typeb,Toyota,Food
2026-01-03 03:00:00,0.0,0.0,0.0,1,1,20,100,1.23259004,20,Typeb,Toyota,Food
2026-01-03 04:00:00,0.0,0.0,0.0,1,1,20,100,1.23259004,20,Typeb,Toyota,Food
2026-01-03 05:00:00,0.0,0.0,0.0,1,1,20,100,1.23259004,20,Typeb,Toyota,Food
2026-01-03 06:00:00,0.0,0.0,0.0,1,1,20,100,1.23259004,20,Typeb,Toyota,Food
2026-01-03 07:00:00,0.0,0.0,0.0,1,1,20,100,1.23259004,20,Typeb,Toyota,Food
2026-01-03 08:00:00,0.0,0.0,0.0,1,1,20,100,1.23259004,20,Typeb,Toyota,Food
2026-01-03 09:00:00,0.0,0.0,0.0,1,1,20,100,1.23259004,20,Typeb,Toyota,Food
2026-01-03 10:00:00,10.909090909090908,1.3189625563679999,0.1209049010004,0,0,20,0,1.209049010004,20,Typeb,Toyota,Food
2026-01-03 11:00:00,10.909090909090908,2.090925910531652,0.19166820846540145,0,0,20,0,1.209049010004,20,Typeb,Toyota,Food
2026-01-03 12:00:00,10.909090909090908,1.3189625563679999,0.1209049010004,0,0,20,0,1.209049010004,20,Typeb,Toyota,Food
2026-01-03 13:00:00,0.0,0.0,0.0,1,1,20,100,1.209049010004,20,Typeb,Toyota,Food
2026-01-03 14:00:00,5.714285714285714,2.1879282629952512,0.382887446024169,0,0,20,0,1.209049010004,20,Typeb,Toyota,Food
2026-01-03 15:00:00,5.714285714285714,2.9549777916527606,0.5171211135392331,0,0,20,0,1.209049010004,20,Typeb,Toyota,Food
2026-01-03 16:00:00,5.714285714285714,1.5352941487073626,0.2686764760237884,0,0,20,0,1.209049010004,20,Typeb,Toyota,Food
2026-01-03 17:00:00,5.714285714285714,2.4672073229950833,0.4317612815241396,0,0,20,0,1.209049010004,20,Typeb,Toyota,Food
2026-01-03 18:00:00,5.714285714285714,2.057383759579018,0.36004215792632815,0,0,20,0,1.209049010004,20,Typeb,Toyota,Food
2026-01-03 19:00:00,0.0,0.0,0.0,1,1,20,100,1.209049010004,20,Typeb,Toyota,Food
2026-01-03 20:00:00,0.0,0.0,0.0,1,1,20,100,1.209049010004,20,Typeb,Toyota,Food
2026-01-03 21:00:00,0.0,0.0,0.0,1,1,20,100,1.209049010004,20,Typeb,Toyota,Food
2026-01-03 22:00:00,0.0,0.0,0.0,1,1,20,100,1.209049010004,20,Typeb,Toyota,Food
2026-01-03 23:00:00,0.0,0.0,0.0,1,1,20,100,1.209049010004,20,Typeb,Toyota,Food
2026-01-04 00:00:00,0.0,0.0,0.0,1,1,20,100,1.209049010004,20,Typeb,Toyota,Food
2026-01-04 01:00:00,0.0,0.0,0.0,1,1,20,100,1.209049010004,20,Typeb,Toyota,Food
2026-01-04 02:00:00,0.0,0.0,0.0,1,1,20,100,1.209049010004,20,Typeb,Toyota,Food
2026-01-04 03:00:00,0.0,0.0,0.0,1,1,20,100,1.209049010004,20,Typeb,Toyota,Food
2026-01-04 04:00:00,0.0,0.0,0.0,1,1,20,100,1.209049010004,20,Typeb,Toyota,Food
2026-01-04 05:00:00,0.0,0.0,0.0,1,1,20,100,1.209049010004,20,Typeb,Toyota,Food
2026-01-04 06:00:00,0.0,0.0,0.0,1,1,20,100,1.209049010004,20,Typeb,Toyota,Food
2026-01-04 07:00:00,0.0,0.0,0.0,1,1,20,100,1.209049010004,20,Typeb,Toyota,Food
2026-01-04 08:00:00,0.0,0.0,0.0,1,1,20,100,1.209049010004,20,Typeb,Toyota,Food
2026-01-04 09:00:00,0.0,0.0,0.0,1,1,20,100,1.209049010004,20,Typeb,Toyota,Food
2026-01-04 10:00:00,10.909090909090908,1.4236692572727272,0.13050301525000002,0,0,20,0,1.3050301525,20,Typeb,Toyota,Food
2026-01-04 11:00:00,10.909090909090908,5.788658034858878,0.5306269865287305,0,0,20,0,1.3050301525,20,Typeb,Toyota,Food
2026-01-04 12:00:00,0.0,0.0,0.0,1,1,20,100,1.3050301525,20,Typeb,Toyota,Food
2026-01-04 13:00:00,0.0,0.0,0.0,1,1,20,100,1.3050301525,20,Typeb,Toyota,Food
2026-01-04 14:00:00,5.454545454545454,0.7118346286363636,0.13050301525000002,0,0,20,0,1.3050301525,20,Typeb,Toyota,Food
2026-01-04 15:00:00,5.454545454545454,1.1678187088522944,0.21410009662292065,0,0,20,0,1.3050301525,20,Typeb,Toyota,Food
2026-01-04 16:00:00,5.454545454545454,1.4100682494986985,0.25851251240809475,0,0,20,0,1.3050301525,20,Typeb,Toyota,Food
2026-01-04 17:00:00,5.454545454545454,2.285153151002823,0.4189447443505176,0,0,20,0,1.3050301525,20,Typeb,Toyota,Food
2026-01-04 18:00:00,5.454545454545454,0.7118346286363636,0.13050301525000002,0,0,20,0,1.3050301525,20,Typeb,Toyota,Food
2026-01-04 19:00:00,0.0,0.0,0.0,1,1,20,100,1.3050301525,20,Typeb,Toyota,Food
2026-01-04 20:00:00,0.0,0.0,0.0,1,1,20,100,1.3050301525,20,Typeb,Toyota,Food
2026-01-04 21:00:00,0.0,0.0,0.0,1,1,20,100,1.3050301525,20,Typeb,Toyota,Food
2026-01-04 22:00:00,0.0,0.0,0.0,1,1,20,100,1.3050301525,20,Typeb,Toyota,Food
2026-01-04 23:00:00,0.0,0.0,0.0,1,1,20,100,1.3050301525,20,Typeb,Toyota,Food
2026-01-05 00:00:00,0.0,0.0,0.0,1,1,20,100,1.3050301525,20,Typeb,Toyota,Food
2026-01-05 01:00:00,0.0,0.0,0.0,1,1,20,100,1.3050301525,20,Typeb,Toyota,Food
2026-01-05 02:00:00,0.0,0.0,0.0,1,1,20,100,1.3050301525,20,Typeb,Toyota,Food
2026-01-05 03:00:00,0.0,0.0,0.0,1,1,20,100,1.3050301525,20,Typeb,Toyota,Food
2026-01-05 04:00:00,0.0,0.0,0.0,1,1,20,100,1.3050301525,20,Typeb,Toyota,Food
2026-01-05 05:00:00,0.0,0.0,0.0,1,1,20,100,1.3050301525,20,Typeb,Toyota,Food
2026-01-05 06:00:00,0.0,0.0,0.0,1,1,20,100,1.3050301525,20,Typeb,Toyota,Food
2026-01-05 07:00:00,6.614320999790758,3.649708980300302,0.5517889108218,0,0,20,0,1.226197579604,20,Typeb,Toyota,Food
2026-01-05 08:00:00,6.614320999790758,3.649708980300302,0.5517889108218,0,0,20,0,1.226197579604,20,Typeb,Toyota,Food
2026-01-05 09:00:00,6.614320999790758,3.649708980300302,0.5517889108218,0,0,20,0,1.226197579604,20,Typeb,Toyota,Food
2026-01-05 10:00:00,6.614320999790758,3.649708980300302,0.5517889108218,0,0,20,0,1.226197579604,20,Typeb,Toyota,Food
2026-01-05 11:00:00,6.614320999790758,2.307705294470087,0.3488952674874852,0,0,20,0,1.226197579604,20,Typeb,Toyota,Food
2026-01-05 12:00:00,6.614320999790758,3.649708980300302,0.5517889108218,0,0,20,0,1.226197579604,20,Typeb,Toyota,Food
2026-01-05 13:00:00,5.196966499835596,2.1042971135630224,0.4049087315897824,0,0,20,0,1.226197579604,20,Typeb,Toyota,Food
2026-01-05 14:00:00,5.196966499835596,2.3305304217732012,0.44844053196166006,0,0,20,0,1.226197579604,20,Typeb,Toyota,Food
2026-01-05 15:00:00,5.196966499835596,1.6249415938397789,0.3126711695931046,0,0,20,0,1.226197579604,20,Typeb,Toyota,Food
2026-01-05 16:00:00,5.196966499835596,1.2972356142205286,0.2496140035271665,0,0,20,0,1.226197579604,20,Typeb,Toyota,Food
2026-01-05 17:00:00,5.196966499835596,2.393042269603265,0.4604690581859567,0,0,20,0,1.226197579604,20,Typeb,Toyota,Food
2026-01-05 18:00:00,5.196966499835596,2.4834853562244947,0.4778721117988847,0,0,20,0,1.226197579604,20,Typeb,Toyota,Food
2026-01-05 19:00:00,5.196966499835596,1.700428767873031,0.3271964073516394,0,0,20,0,1.226197579604,20,Typeb,Toyota,Food
2026-01-05 20:00:00,0.0,0.0,0.0,1,1,20,100,1.226197579604,20,Typeb,Toyota,Food
2026-01-05 21:00:00,0.0,0.0,0.0,1,1,20,100,1.226197579604,20,Typeb,Toyota,Food
2026-01-05 22:00:00,0.0,0.0,0.0,1,1,20,100,1.226197579604,20,Typeb,Toyota,Food
2026-01-05 23:00:00,0.0,0.0,0.0,1,1,20,100,1.226197579604,20,Typeb,Toyota,Food
2026-01-06 00:00:00,0.0,0.0,0.0,1,1,20,100,1.226197579604,20,Typeb,Toyota,Food
2026-01-06 01:00:00,0.0,0.0,0.0,1,1,20,100,1.226197579604,20,Typeb,Toyota,Food
2026-01-06 02:00:00,0.0,0.0,0.0,1,1,20,100,1.226197579604,20,Typeb,Toyota,Food
2026-01-06 03:00:00,0.0,0.0,0.0,1,1,20,100,1.226197579604,20,Typeb,Toyota,Food
2026-01-06 04:00:00,0.0,0.0,0.0,1,1,20,100,1.226197579604,20,Typeb,Toyota,Food
2026-01-06 05:00:00,0.0,0.0,0.0,1,1,20,100,1.226197579604,20,Typeb,Toyota,Food
2026-01-06 06:00:00,0.0,0.0,0.0,1,1,20,100,1.226197579604,20,Typeb,Toyota,Food
2026-01-06 07:00:00,9.462332697561918,2.4383737320265655,0.2576926652193113,0,0,20,0,1.3306301459840002,20,Typeb,Toyota,Food
2026-01-06 08:00:00,9.462332697561918,3.827292332788108,0.40447661851651606,0,0,20,0,1.3306301459840002,20,Typeb,Toyota,Food
2026-01-06 09:00:00,9.462332697561918,2.9455232518712395,0.31128933488358407,0,0,20,0,1.3306301459840002,20,Typeb,Toyota,Food
2026-01-06 10:00:00,9.462332697561918,5.070181576632314,0.5358278702183772,0,0,20,0,1.3306301459840002,20,Typeb,Toyota,Food
2026-01-06 11:00:00,9.462332697561918,4.522138553171753,0.47790948571666014,0,0,20,0,1.3306301459840002,20,Typeb,Toyota,Food
2026-01-06 12:00:00,9.462332697561918,2.160957254669636,0.22837468558111806,0,0,20,0,1.3306301459840002,20,Typeb,Toyota,Food
2026-01-06 13:00:00,6.122685863128299,0.8147030383868584,0.13306301459840003,0,0,20,0,1.3306301459840002,20,Typeb,Toyota,Food
2026-01-06 14:00:00,6.122685863128299,3.267764131840764,0.5337141582781035,0,0,20,0,1.3306301459840002,20,Typeb,Toyota,Food
2026-01-06 15:00:00,6.122685863128299,1.5896487763733371,0.25963258803565803,0,0,20,0,1.3306301459840002,20,Typeb,Toyota,Food
2026-01-06 16:00:00,6.122685863128299,1.6577895997456,0.27076182525205955,0,0,20,0,1.3306301459840002,20,Typeb,Toyota,Food
2026-01-06 17:00:00,6.122685863128299,2.1369764299316185,0.34902597939913915,0,0,20,0,1.3306301459840002,20,Typeb,Toyota,Food
2026-01-06 18:00:00,6.122685863128299,2.3244105124840493,0.37963902843390773,0,0,20,0,1.3306301459840002,20,Typeb,Toyota,Food
2026-01-06 19:00:00,6.122685863128299,2.421831434727181,0.3955504967700206,0,0,20,0,1.3306301459840002,20,Typeb,Toyota,Food
2026-01-06 20:00:00,6.122685863128299,0.9955253406016382,0.16259618129305572,0,0,20,0,1.3306301459840002,20,Typeb,Toyota,Food
2026-01-06 21:00:00,6.122685863128299,2.7987714977331217,0.4571149917371605,0,0,20,0,1.3306301459840002,20,Typeb,Toyota,Food
2026-01-06 22:00:00,0.0,0.0,0.0,1,1,20,100,1.3306301459840002,20,Typeb,Toyota,Food
2026-01-06 23:00:00,0.0,0.0,0.0,1,1,20,100,1.3306301459840002,20,Typeb,Toyota,Food
2026-01-07 00:00:00,0.0,0.0,0.0,1,1,20,100,1.3306301459840002,20,Typeb,Toyota,Food
2026-01-07 01:00:00,0.0,0.0,0.0,1,1,20,100,1.3306301459840002,20,Typeb,Toyota,Food
2026-01-07 02:00:00,0.0,0.0,0.0,1,1,20,100,1.3306301459840002,20,Typeb,Toyota,Food
2026-01-07 03:00:00,0.0,0.0,0.0,1,1,20,100,1.3306301459840002,20,Typeb,Toyota,Food
2026-01-07 04:00:00,0.0,0.0,0.0,1,1,20,100,1.3306301459840002,20,Typeb,Toyota,Food
2026-01-07 05:00:00,0.0,0.0,0.0,1,1,20,100,1.3306301459840002,20,Typeb,Toyota,Food
2026-01-07 06:00:00,0.0,0.0,0.0,1,1,20,100,1.3306301459840002,20,Typeb,Toyota,Food
2026-01-07 07:00:00,5.454545454545454,0.6996852574603636,0.12827563053440003,0,0,20,0,1.282756305344,20,Typeb,Toyota,Food
2026-01-07 08:00:00,5.454545454545454,1.7618257551339003,0.32300138844121506,0,0,20,0,1.282756305344,20,Typeb,Toyota,Food
2026-01-07 09:00:00,5.454545454545454,1.9902606326330428,0.3648811159827245,0,0,20,0,1.282756305344,20,Typeb,Toyota,Food
2026-01-07 10:00:00,5.454545454545454,2.6142782321388527,0.47928434255878977,0,0,20,0,1.282756305344,20,Typeb,Toyota,Food
2026-01-07 11:00:00,5.454545454545454,1.2366684930332668,0.2267225570560989,0,0,20,0,1.282756305344,20,Typeb,Toyota,Food
2026-01-07 12:00:00,0.0,0.0,0.0,1,1,20,100,1.282756305344,20,Typeb,Toyota,Food
2026-01-07 13:00:00,5.454545454545454,2.287889602342442,0.4194464270961144,0,0,20,0,1.282756305344,20,Typeb,Toyota,Food
2026-01-07 14:00:00,5.454545454545454,0.6996852574603636,0.12827563053440003,0,0,20,0,1.282756305344,20,Typeb,Toyota,Food
2026-01-07 15:00:00,5.454545454545454,2.0841962233415656,0.3821026409459537,0,0,20,0,1.282756305344,20,Typeb,Toyota,Food
2026-01-07 16:00:00,5.454545454545454,2.304377669770204,0.4224692394578708,0,0,20,0,1.282756305344,20,Typeb,Toyota,Food
2026-01-07 17:00:00,5.454545454545454,0.6996852574603636,0.12827563053440003,0,0,20,0,1.282756305344,20,Typeb,Toyota,Food
2026-01-07 18:00:00,5.454545454545454,0.6996852574603636,0.12827563053440003,0,0,20,0,1.282756305344,20,Typeb,Toyota,Food
2026-01-07 19:00:00,0.0,0.0,0.0,1,1,20,100,1.282756305344,20,Typeb,Toyota,Food
2026-01-07 20:00:00,0.0,0.0,0.0,1,1,20,100,1.282756305344,20,Typeb,Toyota,Food
2026-01-07 21:00:00,0.0,0.0,0.0,1,1,20,100,1.282756305344,20,Typeb,Toyota,Food
2026-01-07 22:00:00,0.0,0.0,0.0,1,1,20,100,1.282756305344,20,Typeb,Toyota,Food
2026-01-07 23:00:00,0.0,0.0,0.0,1,1,20,100,1.282756305344,20,Typeb,Toyota,Food
2026-01-08 00:00:00,0.0,0.0,0.0,1,1,20,100,1.282756305344,20,Typeb,Toyota,Food
2026-01-08 01:00:00,0.0,0.0,0.0,1,1,20,100,1.282756305344,20,Typeb,Toyota,Food
2026-01-08 02:00:00,0.0,0.0,0.0,1,1,20,100,1.282756305344,20,Typeb,Toyota,Food
2026-01-08 03:00:00,0.0,0.0,0.0,1,1,20,100,1.282756305344,20,Typeb,Toyota,Food
2026-01-08 04:00:00,0.0,0.0,0.0,1,1,20,100,1.282756305344,20,Typeb,Toyota,Food
2026-01-08 05:00:00,0.0,0.0,0.0,1,1,20,100,1.282756305344,20,Typeb,Toyota,Food
2026-01-08 06:00:00,0.0,0.0,0.0,1,1,20,100,1.282756305344,20,Typeb,Toyota,Food
2026-01-08 07:00:00,6.0,3.1767800997888003,0.5294633499648,0,0,20,0,1.176585222144,20,Typeb,Toyota,Food
2026-01-08 08:00:00,6.0,2.651610953710952,0.4419351589518252,0,0,20,0,1.176585222144,20,Typeb,Toyota,Food
2026-01-08 09:00:00,6.0,1.1136353822238776,0.18560589703731292,0,0,20,0,1.176585222144,20,Typeb,Toyota,Food
2026-01-08 10:00:00,6.0,0.8901241910543354,0.14835403184238924,0,0,20,0,1.176585222144,20,Typeb,Toyota,Food
2026-01-08 11:00:00,6.0,0.9569384218066939,0.15948973696778232,0,0,20,0,1.176585222144,20,Typeb,Toyota,Food
2026-01-08 12:00:00,0.0,0.0,0.0,1,1,20,100,1.176585222144,20,Typeb,Toyota,Food
2026-01-08 13:00:00,3.75,1.1798665708603202,0.31463108556275204,0,0,20,0,1.176585222144,20,Typeb,Toyota,Food
2026-01-08 14:00:00,3.75,1.2844229377673724,0.34251278340463265,0,0,20,0,1.176585222144,20,Typeb,Toyota,Food
2026-01-08 15:00:00,3.75,1.9854875623680002,0.5294633499648,0,0,20,0,1.176585222144,20,Typeb,Toyota,Food
2026-01-08 16:00:00,3.75,1.5156179520372353,0.4041647872099294,0,0,20,0,1.176585222144,20,Typeb,Toyota,Food
2026-01-08 17:00:00,3.75,1.8375441968219202,0.4900117858191787,0,0,20,0,1.176585222144,20,Typeb,Toyota,Food
2026-01-08 18:00:00,3.75,0.441219458304,0.11765852221440001,0,0,20,0,1.176585222144,20,Typeb,Toyota,Food
2026-01-08 19:00:00,3.75,1.297493677212486,0.34599831392332964,0,0,20,0,1.176585222144,20,Typeb,Toyota,Food
2026-01-08 20:00:00,3.75,0.8211680385116573,0.2189781436031086,0,0,20,0,1.176585222144,20,Typeb,Toyota,Food
2026-01-08 21:00:00,0.0,0.0,0.0,1,1,20,100,1.176585222144,20,Typeb,Toyota,Food
2026-01-08 22:00:00,0.0,0.0,0.0,1,1,20,100,1.176585222144,20,Typeb,Toyota,Food
2026-01-08 23:00:00,0.0,0.0,0.0,1,1,20,100,1.176585222144,20,Typeb,Toyota,Food
2026-01-09 00:00:00,0.0,0.0,0.0,1,1,20,100,1.176585222144,20,Typeb,Toyota,Food
2026-01-09 01:00:00,0.0,0.0,0.0,1,1,20,100,1.176585222144,20,Typeb,Toyota,Food
2026-01-09 02:00:00,0.0,0.0,0.0,1,1,20,100,1.176585222144,20,Typeb,Toyota,Food
2026-01-09 03:00:00,0.0,0.0,0.0,1,1,20,100,1.176585222144,20,Typeb,Toyota,Food
2026-01-09 04:00:00,0.0,0.0,0.0,1,1,20,100,1.176585222144,20,Typeb,Toyota,Food
2026-01-09 05:00:00,0.0,0.0,0.0,1,1,20,100,1.176585222144,20,Typeb,Toyota,Food
2026-01-09 06:00:00,0.0,0.0,0.0,1,1,20,100,1.176585222144,20,Typeb,Toyota,Food
2026-01-09 07:00:00,5.454545454545454,2.3024378848604883,0.4221136122244229,0,0,20,0,1.137342385344,20,Typeb,Toyota,Food
2026-01-09 08:00:00,5.454545454545454,1.8593807125945263,0.3408864639756632,0,0,20,0,1.137342385344,20,Typeb,Toyota,Food
2026-01-09 09:00:00,5.454545454545454,2.121103322720278,0.3888689424987176,0,0,20,0,1.137342385344,20,Typeb,Toyota,Food
2026-01-09 10:00:00,5.454545454545454,2.626888083354013,0.48159614861490246,0,0,20,0,1.137342385344,20,Typeb,Toyota,Food
2026-01-09 11:00:00,5.454545454545454,1.2125466935637899,0.2223002271533615,0,0,20,0,1.137342385344,20,Typeb,Toyota,Food
2026-01-09 12:00:00,5.454545454545454,1.7914716218124127,0.3284364639989424,0,0,20,0,1.137342385344,20,Typeb,Toyota,Food
2026-01-09 13:00:00,0.0,0.0,0.0,1,1,20,100,1.137342385344,20,Typeb,Toyota,Food
2026-01-09 14:00:00,4.615384615384615,1.4907605609192993,0.32299812153251484,0,0,20,0,1.137342385344,20,Typeb,Toyota,Food
2026-01-09 15:00:00,4.615384615384615,1.8390461593692624,0.3984600011966736,0,0,20,0,1.137342385344,20,Typeb,Toyota,Food
2026-01-09 16:00:00,4.615384615384615,2.3621726464836916,0.5118040734047999,0,0,20,0,1.137342385344,20,Typeb,Toyota,Food
2026-01-09 17:00:00,4.615384615384615,1.4214755074715808,0.3079863599521758,0,0,20,0,1.137342385344,20,Typeb,Toyota,Food
2026-01-09 18:00:00,4.615384615384615,1.4507609056009945,0.31433152954688215,0,0,20,0,1.137342385344,20,Typeb,Toyota,Food
2026-01-09 19:00:00,4.615384615384615,0.5249272547741538,0.1137342385344,0,0,20,0,1.137342385344,20,Typeb,Toyota,Food
2026-01-09 20:00:00,0.0,0.0,0.0,1,1,20,100,1.137342385344,20,Typeb,Toyota,Food
2026-01-09 21:00:00,0.0,0.0,0.0,1,1,20,100,1.137342385344,20,Typeb,Toyota,Food
2026-01-09 22:00:00,0.0,0.0,0.0,1,1,20,100,1.137342385344,20,Typeb,Toyota,Food
2026-01-09 23:00:00,0.0,0.0,0.0,1,1,20,100,1.137342385344,20,Typeb,Toyota,Food
2026-01-10 00:00:00,0.0,0.0,0.0,1,1,20,100,1.137342385344,20,Typeb,Toyota,Food
2026-01-10 01:00:00,0.0,0.0,0.0,1,1,20,100,1.137342385344,20,Typeb,Toyota,Food
2026-01-10 02:00:00,0.0,0.0,0.0,1,1,20,100,1.137342385344,20,Typeb,Toyota,Food
2026-01-10 03:00:00,0.0,0.0,0.0,1,1,20,100,1.137342385344,20,Typeb,Toyota,Food
2026-01-10 04:00:00,0.0,0.0,0.0,1,1,20,100,1.137342385344,20,Typeb,Toyota,Food
2026-01-10 05:00:00,0.0,0.0,0.0,1,1,20,100,1.137342385344,20,Typeb,Toyota,Food
2026-01-10 06:00:00,0.0,0.0,0.0,1,1,20,100,1.137342385344,20,Typeb,Toyota,Food
2026-01-10 07:00:00,0.0,0.0,0.0,1,1,20,100,1.137342385344,20,Typeb,Toyota,Food
2026-01-10 08:00:00,0.0,0.0,0.0,1,1,20,100,1.137342385344,20,Typeb,Toyota,Food
2026-01-10 09:00:00,0.0,0.0,0.0,1,1,20,100,1.137342385344,20,Typeb,Toyota,Food
2026-01-10 10:00:00,10.0,2.7665023415659613,0.2766502341565962,0,0,20,0,1.18961004,20,Typeb,Toyota,Food
2026-01-10 11:00:00,10.0,1.4672784926177482,0.14672784926177482,0,0,20,0,1.18961004,20,Typeb,Toyota,Food
2026-01-10 12:00:00,10.0,3.0782022916100265,0.30782022916100266,0,0,20,0,1.18961004,20,Typeb,Toyota,Food
2026-01-10 13:00:00,5.454545454545454,0.8781633130107276,0.16099660738530006,0,0,20,0,1.18961004,20,Typeb,Toyota,Food
2026-01-10 14:00:00,5.454545454545454,2.075950713917685,0.3805909642182423,0,0,20,0,1.18961004,20,Typeb,Toyota,Food
2026-01-10 15:00:00,5.454545454545454,1.222839454931567,0.22418723340412067,0,0,20,0,1.18961004,20,Typeb,Toyota,Food
2026-01-10 16:00:00,5.454545454545454,1.909518714331297,0.3500784309607378,0,0,20,0,1.18961004,20,Typeb,Toyota,Food
2026-01-10 17:00:00,5.454545454545454,1.3158808441862224,0.24124482143414078,0,0,20,0,1.18961004,20,Typeb,Toyota,Food
2026-01-10 18:00:00,5.454545454545454,1.6385466839524545,0.3004002253912833,0,0,20,0,1.18961004,20,Typeb,Toyota,Food
2026-01-10 19:00:00,0.0,0.0,0.0,1,1,20,100,1.18961004,20,Typeb,Toyota,Food
2026-01-10 20:00:00,0.0,0.0,0.0,1,1,20,100,1.18961004,20,Typeb,Toyota,Food
2026-01-10 21:00:00,0.0,0.0,0.0,1,1,20,100,1.18961004,20,Typeb,Toyota,Food
2026-01-10 22:00:00,0.0,0.0,0.0,1,1,20,100,1.18961004,20,Typeb,Toyota,Food
2026-01-10 23:00:00,0.0,0.0,0.0,1,1,20,100,1.18961004,20,Typeb,Toyota,Food
2026-01-11 00:00:00,0.0,0.0,0.0,1,1,20,100,1.18961004,20,Typeb,Toyota,Food
2026-01-11 01:00:00,0.0,0.0,0.0,1,1,20,100,1.18961004,20,Typeb,Toyota,Food
2026-01-11 02:00:00,0.0,0.0,0.0,1,1,20,100,1.18961004,20,Typeb,Toyota,Food
2026-01-11 03:00:00,0.0,0.0,0.0,1,1,20,100,1.18961004,20,Typeb,Toyota,Food
2026-01-11 04:00:00,0.0,0.0,0.0,1,1,20,100,1.18961004,20,Typeb,Toyota,Food
2026-01-11 05:00:00,0.0,0.0,0.0,1,1,20,100,1.18961004,20,Typeb,Toyota,Food
2026-01-11 06:00:00,0.0,0.0,0.0,1,1,20,100,1.18961004,20,Typeb,Toyota,Food
2026-01-11 07:00:00,0.0,0.0,0.0,1,1,20,100,1.18961004,20,Typeb,Toyota,Food
2026-01-11 08:00:00,6.666666666666667,2.1193125895096365,0.3178968884264454,0,0,20,0,1.122069513044,20,Typeb,Toyota,Food
2026-01-11 09:00:00,6.666666666666667,2.141735708901851,0.32126035633527766,0,0,20,0,1.122069513044,20,Typeb,Toyota,Food
2026-01-11 10:00:00,6.666666666666667,3.1010237531941094,0.46515356297911636,0,0,20,0,1.122069513044,20,Typeb,Toyota,Food
2026-01-11 11:00:00,6.666666666666667,3.366208539132,0.5049312808698,0,0,20,0,1.122069513044,20,Typeb,Toyota,Food
2026-01-11 12:00:00,6.666666666666667,2.672218615144105,0.4008327922716157,0,0,20,0,1.122069513044,20,Typeb,Toyota,Food
2026-01-11 13:00:00,4.8,2.4236701481750402,0.5049312808698,0,0,20,0,1.122069513044,20,Typeb,Toyota,Food
2026-01-11 14:00:00,4.8,2.4236701481750402,0.5049312808698,0,0,20,0,1.122069513044,20,Typeb,Toyota,Food
2026-01-11 15:00:00,4.8,1.7197757258635138,0.3582866095548987,0,0,20,0,1.122069513044,20,Typeb,Toyota,Food
2026-01-11 16:00:00,4.8,2.2039375949045215,0.45915366560510873,0,0,20,0,1.122069513044,20,Typeb,Toyota,Food
2026-01-11 17:00:00,4.8,0.7555010443115392,0.15739605089823733,0,0,20,0,1.122069513044,20,Typeb,Toyota,Food
2026-01-11 18:00:00,4.8,2.0266377451080393,0.4222161968975082,0,0,20,0,1.122069513044,20,Typeb,Toyota,Food
2026-01-11 19:00:00,0.0,0.0,0.0,1,1,20,100,1.122069513044,20,Typeb,Toyota,Food
2026-01-11 20:00:00,0.0,0.0,0.0,1,1,20,100,1.122069513044,20,Typeb,Toyota,Food
2026-01-11 21:00:00,0.0,0.0,0.0,1,1,20,100,1.122069513044,20,Typeb,Toyota,Food
2026-01-11 22:00:00,0.0,0.0,0.0,1,1,20,100,1.122069513044,20,Typeb,Toyota,Food
2026-01-11 23:00:00,0.0,0.0,0.0,1,1,20,100,1.122069513044,20,Typeb,Toyota,Food
2026-01-12 00:00:00,0.0,0.0,0.0,1,1,20,100,1.122069513044,20,Typeb,Toyota,Food
2026-01-12 01:00:00,0.0,0.0,0.0,1,1,20,100,1.122069513044,20,Typeb,Toyota,Food
2026-01-12 02:00:00,0.0,0.0,0.0,1,1,20,100,1.122069513044,20,Typeb,Toyota,Food
2026-01-12 03:00:00,0.0,0.0,0.0,1,1,20,100,1.122069513044,20,Typeb,Toyota,Food
2026-01-12 04:00:00,0.0,0.0,0.0,1,1,20,100,1.122069513044,20,Typeb,Toyota,Food
2026-01-12 05:00:00,0.0,0.0,0.0,1,1,20,100,1.122069513044,20,Typeb,Toyota,Food
2026-01-12 06:00:00,0.0,0.0,0.0,1,1,20,100,1.122069513044,20,Typeb,Toyota,Food
2026-01-12 07:00:00,6.0,1.5445637995119657,0.2574272999186609,0,0,20,0,1.119889326784,20,Typeb,Toyota,Food
2026-01-12 08:00:00,6.0,0.6719335960704,0.1119889326784,0,0,20,0,1.119889326784,20,Typeb,Toyota,Food
2026-01-12 09:00:00,6.0,1.4153643640636326,0.2358940606772721,0,0,20,0,1.119889326784,20,Typeb,Toyota,Food
2026-01-12 10:00:00,6.0,1.6945886715276028,0.2824314452546005,0,0,20,0,1.119889326784,20,Typeb,Toyota,Food
2026-01-12 11:00:00,6.0,2.5209816634651556,0.42016361057752594,0,0,20,0,1.119889326784,20,Typeb,Toyota,Food
2026-01-12 12:00:00,0.0,0.0,0.0,1,1,20,100,1.119889326784,20,Typeb,Toyota,Food
2026-01-12 13:00:00,4.8,0.53754687685632,0.1119889326784,0,0,20,0,1.119889326784,20,Typeb,Toyota,Food
2026-01-12 14:00:00,4.8,0.831141484949609,0.17315447603116854,0,0,20,0,1.119889326784,20,Typeb,Toyota,Food
2026-01-12 15:00:00,4.8,1.8825907418545538,0.3922064045530321,0,0,20,0,1.119889326784,20,Typeb,Toyota,Food
2026-01-12 16:00:00,4.8,2.4189609458534402,0.5039501970528,0,0,20,0,1.119889326784,20,Typeb,Toyota,Food
2026-01-12 17:00:00,4.8,1.5603719387169055,0.32507748723268864,0,0,20,0,1.119889326784,20,Typeb,Toyota,Food
2026-01-12 18:00:00,4.8,1.8724496424644037,0.39009367551341745,0,0,20,0,1.119889326784,20,Typeb,Toyota,Food
2026-01-12 19:00:00,4.8,1.242553356395953,0.2588652825824902,0,0,20,0,1.119889326784,20,Typeb,Toyota,Food
2026-01-12 20:00:00,0.0,0.0,0.0,1,1,20,100,1.119889326784,20,Typeb,Toyota,Food
2026-01-12 21:00:00,0.0,0.0,0.0,1,1,20,100,1.119889326784,20,Typeb,Toyota,Food
2026-01-12 22:00:00,0.0,0.0,0.0,1,1,20,100,1.119889326784,20,Typeb,Toyota,Food
2026-01-12 23:00:00,0.0,0.0,0.0,1,1,20,100,1.119889326784,20,Typeb,Toyota,Food
2026-01-13 00:00:00,0.0,0.0,0.0,1,1,20,100,1.119889326784,20,Typeb,Toyota,Food
2026-01-13 01:00:00,0.0,0.0,0.0,1,1,20,100,1.119889326784,20,Typeb,Toyota,Food
2026-01-13 02:00:00,0.0,0.0,0.0,1,1,20,100,1.119889326784,20,Typeb,Toyota,Food
2026-01-13 03:00:00,0.0,0.0,0.0,1,1,20,100,1.119889326784,20,Typeb,Toyota,Food
2026-01-13 04:00:00,0.0,0.0,0.0,1,1,20,100,1.119889326784,20,Typeb,Toyota,Food
2026-01-13 05:00:00,0.0,0.0,0.0,1,1,20,100,1.119889326784,20,Typeb,Toyota,Food
2026-01-13 06:00:00,5.568062124351929,1.5146242731514037,0.27202000252963987,0,0,20,0,1.12425024,20,Typeb,Toyota,Food
2026-01-13 07:00:00,5.568062124351929,1.1120925960014243,0.19972704527445653,0,0,20,0,1.12425024,20,Typeb,Toyota,Food
2026-01-13 08:00:00,5.568062124351929,1.4472099675756611,0.2599126833097436,0,0,20,0,1.12425024,20,Typeb,Toyota,Food
2026-01-13 09:00:00,5.568062124351929,0.7714048595276323,0.138540993670651,0,0,20,0,1.12425024,20,Typeb,Toyota,Food
2026-01-13 10:00:00,5.568062124351929,0.6259895179637567,0.11242502400000001,0,0,20,0,1.12425024,20,Typeb,Toyota,Food
2026-01-13 11:00:00,5.568062124351929,1.8911800888016586,0.3396478068250315,0,0,20,0,1.12425024,20,Typeb,Toyota,Food
2026-01-13 12:00:00,5.568062124351929,1.431533303481371,0.2570972218899207,0,0,20,0,1.12425024,20,Typeb,Toyota,Food
2026-01-13 13:00:00,0.0,0.0,0.0,1,1,20,100,1.12425024,20,Typeb,Toyota,Food
2026-01-13 14:00:00,4.386958037368187,0.4932038626381114,0.11242502400000001,0,0,20,0,1.12425024,20,Typeb,Toyota,Food
2026-01-13 15:00:00,4.386958037368187,2.219417381871501,0.505912608,0,0,20,0,1.12425024,20,Typeb,Toyota,Food
2026-01-13 16:00:00,4.386958037368187,1.4685482406787027,0.3347531998641388,0,0,20,0,1.12425024,20,Typeb,Toyota,Food
2026-01-13 17:00:00,4.386958037368187,0.5507265505490879,0.12553722781435092,0,0,20,0,1.12425024,20,Typeb,Toyota,Food
2026-01-13 18:00:00,4.386958037368187,2.0966793245982247,0.47793466605759,0,0,20,0,1.12425024,20,Typeb,Toyota,Food
2026-01-13 19:00:00,4.386958037368187,0.4932038626381114,0.11242502400000001,0,0,20,0,1.12425024,20,Typeb,Toyota,Food
2026-01-13 20:00:00,4.386958037368187,0.6109424322075836,0.13926334079413688,0,0,20,0,1.12425024,20,Typeb,Toyota,Food
2026-01-13 21:00:00,4.386958037368187,1.5681723037465924,0.3574623441548501,0,0,20,0,1.12425024,20,Typeb,Toyota,Food
2026-01-13 22:00:00,0.0,0.0,0.0,1,1,20,100,1.12425024,20,Typeb,Toyota,Food
2026-01-13 23:00:00,0.0,0.0,0.0,1,1,20,100,1.12425024,20,Typeb,Toyota,Food
2026-01-14 00:00:00,0.0,0.0,0.0,1,1,20,100,1.12425024,20,Typeb,Toyota,Food
2026-01-14 01:00:00,0.0,0.0,0.0,1,1,20,100,1.12425024,20,Typeb,Toyota,Food
2026-01-14 02:00:00,0.0,0.0,0.0,1,1,20,100,1.12425024,20,Typeb,Toyota,Food
2026-01-14 03:00:00,0.0,0.0,0.0,1,1,20,100,1.12425024,20,Typeb,Toyota,Food
2026-01-14 04:00:00,0.0,0.0,0.0,1,1,20,100,1.12425024,20,Typeb,Toyota,Food
2026-01-14 05:00:00,0.0,0.0,0.0,1,1,20,100,1.12425024,20,Typeb,Toyota,Food
2026-01-14 06:00:00,5.797745801428729,1.2791115148233363,0.2206222139832566,0,0,20,0,1.102475,20,Typeb,Toyota,Food
2026-01-14 07:00:00,5.797745801428729,1.042890617515997,0.17987863787663808,0,0,20,0,1.102475,20,Typeb,Toyota,Food
2026-01-14 08:00:00,5.797745801428729,2.2602365398204074,0.38984747128158354,0,0,20,0,1.102475,20,Typeb,Toyota,Food
2026-01-14 09:00:00,5.797745801428729,1.0294116369668538,0.17755377214247262,0,0,20,0,1.102475,20,Typeb,Toyota,Food
2026-01-14 10:00:00,5.797745801428729,2.076583016628585,0.3581707594211626,0,0,20,0,1.102475,20,Typeb,Toyota,Food
2026-01-14 11:00:00,5.797745801428729,0.8553441659943389,0.1475304705121011,0,0,20,0,1.102475,20,Typeb,Toyota,Food
2026-01-14 12:00:00,0.0,0.0,0.0,1,1,20,100,1.102475,20,Typeb,Toyota,Food
2026-01-14 13:00:00,5.565835969371579,1.6218129955692175,0.29138713474380945,0,0,20,0,1.102475,20,Typeb,Toyota,Food
2026-01-14 14:00:00,5.565835969371579,0.7983002848737808,0.14342864023783192,0,0,20,0,1.102475,20,Typeb,Toyota,Food
2026-01-14 15:00:00,5.565835969371579,1.3012180100150978,0.23378662561663924,0,0,20,0,1.102475,20,Typeb,Toyota,Food
2026-01-14 16:00:00,5.565835969371579,2.238564056295181,0.40219727433827523,0,0,20,0,1.102475,20,Typeb,Toyota,Food
2026-01-14 17:00:00,5.565835969371579,2.24834123262037,0.4039539154572359,0,0,20,0,1.102475,20,Typeb,Toyota,Food
2026-01-14 18:00:00,5.565835969371579,2.7612877546498193,0.4961137500000001,0,0,20,0,1.102475,20,Typeb,Toyota,Food
2026-01-14 19:00:00,5.565835969371579,1.7629222465008905,0.31673988529344616,0,0,20,0,1.102475,20,Typeb,Toyota,Food
2026-01-14 20:00:00,0.0,0.0,0.0,1,1,20,100,1.102475,20,Typeb,Toyota,Food
2026-01-14 21:00:00,0.0,0.0,0.0,1,1,20,100,1.102475,20,Typeb,Toyota,Food
2026-01-14 22:00:00,0.0,0.0,0.0,1,1,20,100,1.102475,20,Typeb,Toyota,Food
2026-01-14 23:00:00,0.0,0.0,0.0,1,1,20,100,1.102475,20,Typeb,Toyota,Food
2026-01-01 00:00:00,0.0,0.0,0.0,1,1,21,100,1.0,21,Typeb,Toyota,Food
2026-01-01 01:00:00,0.0,0.0,0.0,1,1,21,100,1.0,21,Typeb,Toyota,Food
2026-01-01 02:00:00,0.0,0.0,0.0,1,1,21,100,1.0,21,Typeb,Toyota,Food
2026-01-01 03:00:00,0.0,0.0,0.0,1,1,21,100,1.0,21,Typeb,Toyota,Food
2026-01-01 04:00:00,0.0,0.0,0.0,1,1,21,100,1.0,21,Typeb,Toyota,Food
2026-01-01 05:00:00,0.0,0.0,0.0,1,1,21,100,1.0,21,Typeb,Toyota,Food
2026-01-01 06:00:00,0.0,0.0,0.0,1,1,21,100,1.0,21,Typeb,Toyota,Food
2026-01-01 07:00:00,10.273674737332405,1.163984004372722,0.11329772784640002,0,0,21,0,1.1329772784640002,21,Typeb,Toyota,Food
2026-01-01 08:00:00,10.273674737332405,3.0633795588229558,0.29817758855955107,0,0,21,0,1.1329772784640002,21,Typeb,Toyota,Food
2026-01-01 09:00:00,10.273674737332405,5.237928019677248,0.5098397753088001,0,0,21,0,1.1329772784640002,21,Typeb,Toyota,Food
2026-01-01 10:00:00,10.273674737332405,4.012246769630597,0.39053667477430676,0,0,21,0,1.1329772784640002,21,Typeb,Toyota,Food
2026-01-01 11:00:00,10.273674737332405,1.163984004372722,0.11329772784640002,0,0,21,0,1.1329772784640002,21,Typeb,Toyota,Food
2026-01-01 12:00:00,10.273674737332405,2.2086235932444938,0.21497892912832967,0,0,21,0,1.1329772784640002,21,Typeb,Toyota,Food
2026-01-01 13:00:00,0.0,0.0,0.0,1,1,21,100,1.1329772784640002,21,Typeb,Toyota,Food
2026-01-01 14:00:00,7.43955756841312,2.0301988964498894,0.2728924237470397,0,0,21,0,1.1329772784640002,21,Typeb,Toyota,Food
2026-01-01 15:00:00,7.43955756841312,2.999576322947964,0.403192837122945,0,0,21,0,1.1329772784640002,21,Typeb,Toyota,Food
2026-01-01 16:00:00,7.43955756841312,3.4117515634592945,0.45859602968124236,0,0,21,0,1.1329772784640002,21,Typeb,Toyota,Food
2026-01-01 17:00:00,7.43955756841312,2.3963209790034177,0.32210530760293055,0,0,21,0,1.1329772784640002,21,Typeb,Toyota,Food
2026-01-01 18:00:00,7.43955756841312,2.672924929874215,0.3592854689669884,0,0,21,0,1.1329772784640002,21,Typeb,Toyota,Food
2026-01-01 19:00:00,7.43955756841312,1.4414541857590775,0.193755364146815,0,0,21,0,1.1329772784640002,21,Typeb,Toyota,Food
2026-01-01 20:00:00,7.43955756841312,2.47514612653764,0.33270071557032066,0,0,21,0,1.1329772784640002,21,Typeb,Toyota,Food
2026-01-01 21:00:00,0.0,0.0,0.0,1,1,21,100,1.1329772784640002,21,Typeb,Toyota,Food
2026-01-01 22:00:00,0.0,0.0,0.0,1,1,21,100,1.1329772784640002,21,Typeb,Toyota,Food
2026-01-01 23:00:00,0.0,0.0,0.0,1,1,21,100,1.1329772784640002,21,Typeb,Toyota,Food
2026-01-02 00:00:00,0.0,0.0,0.0,1,1,21,100,1.1329772784640002,21,Typeb,Toyota,Food
2026-01-02 01:00:00,0.0,0.0,0.0,1,1,21,100,1.1329772784640002,21,Typeb,Toyota,Food
2026-01-02 02:00:00,0.0,0.0,0.0,1,1,21,100,1.1329772784640002,21,Typeb,Toyota,Food
2026-01-02 03:00:00,0.0,0.0,0.0,1,1,21,100,1.1329772784640002,21,Typeb,Toyota,Food
2026-01-02 04:00:00,0.0,0.0,0.0,1,1,21,100,1.1329772784640002,21,Typeb,Toyota,Food
2026-01-02 05:00:00,0.0,0.0,0.0,1,1,21,100,1.1329772784640002,21,Typeb,Toyota,Food
2026-01-02 06:00:00,0.0,0.0,0.0,1,1,21,100,1.1329772784640002,21,Typeb,Toyota,Food
2026-01-02 07:00:00,8.181306688660472,1.7884294745569098,0.21859949059674352,0,0,21,0,1.23259004,21,Typeb,Toyota,Food
2026-01-02 08:00:00,8.181306688660472,1.008419713862828,0.123259004,0,0,21,0,1.23259004,21,Typeb,Toyota,Food
2026-01-02 09:00:00,8.181306688660472,3.5037495578856235,0.42826283028136836,0,0,21,0,1.23259004,21,Typeb,Toyota,Food
2026-01-02 10:00:00,8.181306688660472,3.1725386143222924,0.3877789618520869,0,0,21,0,1.23259004,21,Typeb,Toyota,Food
2026-01-02 11:00:00,8.181306688660472,1.5336885280699306,0.18746253947375757,0,0,21,0,1.23259004,21,Typeb,Toyota,Food
2026-01-02 12:00:00,0.0,0.0,0.0,1,1,21,100,1.23259004,21,Typeb,Toyota,Food
2026-01-02 13:00:00,0.0,0.0,0.0,1,1,21,100,1.23259004,21,Typeb,Toyota,Food
2026-01-02 14:00:00,7.526802153567635,3.121604788982019,0.4147318775347917,0,0,21,0,1.23259004,21,Typeb,Toyota,Food
2026-01-02 15:00:00,7.526802153567635,0.9277461367538018,0.123259004,0,0,21,0,1.23259004,21,Typeb,Toyota,Food
2026-01-02 16:00:00,7.526802153567635,1.4356028860336703,0.19073211395004022,0,0,21,0,1.23259004,21,Typeb,Toyota,Food
2026-01-02 17:00:00,7.526802153567635,4.133267817116959,0.5491399578183184,0,0,21,0,1.23259004,21,Typeb,Toyota,Food
2026-01-02 18:00:00,7.526802153567635,2.467347526258115,0.32780820804338734,0,0,21,0,1.23259004,21,Typeb,Toyota,Food
2026-01-02 19:00:00,7.526802153567635,4.174857615392108,0.5546655180000001,0,0,21,0,1.23259004,21,Typeb,Toyota,Food
2026-01-02 20:00:00,0.0,0.0,0.0,1,1,21,100,1.23259004,21,Typeb,Toyota,Food
2026-01-02 21:00:00,0.0,0.0,0.0,1,1,21,100,1.23259004,21,Typeb,Toyota,Food
2026-01-02 22:00:00,0.0,0.0,0.0,1,1,21,100,1.23259004,21,Typeb,Toyota,Food
2026-01-02 23:00:00,0.0,0.0,0.0,1,1,21,100,1.23259004,21,Typeb,Toyota,Food
2026-01-03 00:00:00,0.0,0.0,0.0,1,1,21,100,1.23259004,21,Typeb,Toyota,Food
2026-01-03 01:00:00,0.0,0.0,0.0,1,1,21,100,1.23259004,21,Typeb,Toyota,Food
2026-01-03 02:00:00,0.0,0.0,0.0,1,1,21,100,1.23259004,21,Typeb,Toyota,Food
2026-01-03 03:00:00,0.0,0.0,0.0,1,1,21,100,1.23259004,21,Typeb,Toyota,Food
2026-01-03 04:00:00,0.0,0.0,0.0,1,1,21,100,1.23259004,21,Typeb,Toyota,Food
2026-01-03 05:00:00,0.0,0.0,0.0,1,1,21,100,1.23259004,21,Typeb,Toyota,Food
2026-01-03 06:00:00,0.0,0.0,0.0,1,1,21,100,1.23259004,21,Typeb,Toyota,Food
2026-01-03 07:00:00,0.0,0.0,0.0,1,1,21,100,1.23259004,21,Typeb,Toyota,Food
2026-01-03 08:00:00,0.0,0.0,0.0,1,1,21,100,1.23259004,21,Typeb,Toyota,Food
2026-01-03 09:00:00,0.0,0.0,0.0,1,1,21,100,1.23259004,21,Typeb,Toyota,Food
2026-01-03 10:00:00,17.142857142857142,3.1593144984450126,0.18429334574262574,0,0,21,0,1.209049010004,21,Typeb,Toyota,Food
2026-01-03 11:00:00,17.142857142857142,4.431939292121911,0.25852979204044485,0,0,21,0,1.209049010004,21,Typeb,Toyota,Food
2026-01-03 12:00:00,0.0,0.0,0.0,1,1,21,100,1.209049010004,21,Typeb,Toyota,Food
2026-01-03 13:00:00,0.0,0.0,0.0,1,1,21,100,1.209049010004,21,Typeb,Toyota,Food
2026-01-03 14:00:00,7.5,2.628293408662676,0.35043912115502346,0,0,21,0,1.209049010004,21,Typeb,Toyota,Food
2026-01-03 15:00:00,7.5,2.8942035816926075,0.3858938108923477,0,0,21,0,1.209049010004,21,Typeb,Toyota,Food
2026-01-03 16:00:00,7.5,0.906786757503,0.1209049010004,0,0,21,0,1.209049010004,21,Typeb,Toyota,Food
2026-01-03 17:00:00,7.5,1.7321295357756539,0.2309506047700872,0,0,21,0,1.209049010004,21,Typeb,Toyota,Food
2026-01-03 18:00:00,0.0,0.0,0.0,1,1,21,100,1.209049010004,21,Typeb,Toyota,Food
2026-01-03 19:00:00,0.0,0.0,0.0,1,1,21,100,1.209049010004,21,Typeb,Toyota,Food
2026-01-03 20:00:00,0.0,0.0,0.0,1,1,21,100,1.209049010004,21,Typeb,Toyota,Food
2026-01-03 21:00:00,0.0,0.0,0.0,1,1,21,100,1.209049010004,21,Typeb,Toyota,Food
2026-01-03 22:00:00,0.0,0.0,0.0,1,1,21,100,1.209049010004,21,Typeb,Toyota,Food
2026-01-03 23:00:00,0.0,0.0,0.0,1,1,21,100,1.209049010004,21,Typeb,Toyota,Food
2026-01-04 00:00:00,0.0,0.0,0.0,1,1,21,100,1.209049010004,21,Typeb,Toyota,Food
2026-01-04 01:00:00,0.0,0.0,0.0,1,1,21,100,1.209049010004,21,Typeb,Toyota,Food
2026-01-04 02:00:00,0.0,0.0,0.0,1,1,21,100,1.209049010004,21,Typeb,Toyota,Food
2026-01-04 03:00:00,0.0,0.0,0.0,1,1,21,100,1.209049010004,21,Typeb,Toyota,Food
2026-01-04 04:00:00,0.0,0.0,0.0,1,1,21,100,1.209049010004,21,Typeb,Toyota,Food
2026-01-04 05:00:00,0.0,0.0,0.0,1,1,21,100,1.209049010004,21,Typeb,Toyota,Food
2026-01-04 06:00:00,0.0,0.0,0.0,1,1,21,100,1.209049010004,21,Typeb,Toyota,Food
2026-01-04 07:00:00,0.0,0.0,0.0,1,1,21,100,1.209049010004,21,Typeb,Toyota,Food
2026-01-04 08:00:00,0.0,0.0,0.0,1,1,21,100,1.209049010004,21,Typeb,Toyota,Food
2026-01-04 09:00:00,9.23076923076923,1.2046432176923076,0.13050301525000002,0,0,21,0,1.3050301525,21,Typeb,Toyota,Food
2026-01-04 10:00:00,9.23076923076923,3.958126867359664,0.42879707729729694,0,0,21,0,1.3050301525,21,Typeb,Toyota,Food
2026-01-04 11:00:00,9.23076923076923,4.293536417416601,0.46513311188679846,0,0,21,0,1.3050301525,21,Typeb,Toyota,Food
2026-01-04 12:00:00,0.0,0.0,0.0,1,1,21,100,1.3050301525,21,Typeb,Toyota,Food
2026-01-04 13:00:00,5.217391304347826,1.628984349566757,0.31222200033362846,0,0,21,0,1.3050301525,21,Typeb,Toyota,Food
2026-01-04 14:00:00,5.217391304347826,2.923825810664943,0.560399947044114,0,0,21,0,1.3050301525,21,Typeb,Toyota,Food
2026-01-04 15:00:00,5.217391304347826,0.9702210464292225,0.18595903389893428,0,0,21,0,1.3050301525,21,Typeb,Toyota,Food
2026-01-04 16:00:00,5.217391304347826,0.6808852969565218,0.13050301525000002,0,0,21,0,1.3050301525,21,Typeb,Toyota,Food
2026-01-04 17:00:00,5.217391304347826,2.4809335820937894,0.4755122699013096,0,0,21,0,1.3050301525,21,Typeb,Toyota,Food
2026-01-04 18:00:00,5.217391304347826,0.6808852969565218,0.13050301525000002,0,0,21,0,1.3050301525,21,Typeb,Toyota,Food
2026-01-04 19:00:00,0.0,0.0,0.0,1,1,21,100,1.3050301525,21,Typeb,Toyota,Food
2026-01-04 20:00:00,0.0,0.0,0.0,1,1,21,100,1.3050301525,21,Typeb,Toyota,Food
2026-01-04 21:00:00,0.0,0.0,0.0,1,1,21,100,1.3050301525,21,Typeb,Toyota,Food
2026-01-04 22:00:00,0.0,0.0,0.0,1,1,21,100,1.3050301525,21,Typeb,Toyota,Food
2026-01-04 23:00:00,0.0,0.0,0.0,1,1,21,100,1.3050301525,21,Typeb,Toyota,Food
2026-01-05 00:00:00,0.0,0.0,0.0,1,1,21,100,1.3050301525,21,Typeb,Toyota,Food
2026-01-05 01:00:00,0.0,0.0,0.0,1,1,21,100,1.3050301525,21,Typeb,Toyota,Food
2026-01-05 02:00:00,0.0,0.0,0.0,1,1,21,100,1.3050301525,21,Typeb,Toyota,Food
2026-01-05 03:00:00,0.0,0.0,0.0,1,1,21,100,1.3050301525,21,Typeb,Toyota,Food
2026-01-05 04:00:00,0.0,0.0,0.0,1,1,21,100,1.3050301525,21,Typeb,Toyota,Food
2026-01-05 05:00:00,0.0,0.0,0.0,1,1,21,100,1.3050301525,21,Typeb,Toyota,Food
2026-01-05 06:00:00,0.0,0.0,0.0,1,1,21,100,1.3050301525,21,Typeb,Toyota,Food
2026-01-05 07:00:00,5.934347993480524,3.2745074157601533,0.5517889108218,0,0,21,0,1.226197579604,21,Typeb,Toyota,Food
2026-01-05 08:00:00,5.934347993480524,2.169432645367738,0.36557219895952797,0,0,21,0,1.226197579604,21,Typeb,Toyota,Food
2026-01-05 09:00:00,5.934347993480524,3.2745074157601533,0.5517889108218,0,0,21,0,1.226197579604,21,Typeb,Toyota,Food
2026-01-05 10:00:00,5.934347993480524,2.738439171487194,0.4614557782077566,0,0,21,0,1.226197579604,21,Typeb,Toyota,Food
2026-01-05 11:00:00,5.934347993480524,2.3252983903856252,0.391837214962823,0,0,21,0,1.226197579604,21,Typeb,Toyota,Food
2026-01-05 12:00:00,0.0,0.0,0.0,1,1,21,100,1.226197579604,21,Typeb,Toyota,Food
2026-01-05 13:00:00,5.24961553269431,1.1066205829463054,0.21080031024259485,0,0,21,0,1.226197579604,21,Typeb,Toyota,Food
2026-01-05 14:00:00,5.24961553269431,1.380954917517554,0.26305829615846044,0,0,21,0,1.226197579604,21,Typeb,Toyota,Food
2026-01-05 15:00:00,5.24961553269431,1.464900332566955,0.27904907005925256,0,0,21,0,1.226197579604,21,Typeb,Toyota,Food
2026-01-05 16:00:00,5.24961553269431,0.8517955719433083,0.1622586581128415,0,0,21,0,1.226197579604,21,Typeb,Toyota,Food
2026-01-05 17:00:00,5.24961553269431,1.0546571585930014,0.20090179024057211,0,0,21,0,1.226197579604,21,Typeb,Toyota,Food
2026-01-05 18:00:00,5.24961553269431,2.674114058321206,0.5093923624819711,0,0,21,0,1.226197579604,21,Typeb,Toyota,Food
2026-01-05 19:00:00,5.24961553269431,2.8966796370185977,0.5517889108218,0,0,21,0,1.226197579604,21,Typeb,Toyota,Food
2026-01-05 20:00:00,0.0,0.0,0.0,1,1,21,100,1.226197579604,21,Typeb,Toyota,Food
2026-01-05 21:00:00,0.0,0.0,0.0,1,1,21,100,1.226197579604,21,Typeb,Toyota,Food
2026-01-05 22:00:00,0.0,0.0,0.0,1,1,21,100,1.226197579604,21,Typeb,Toyota,Food
2026-01-05 23:00:00,0.0,0.0,0.0,1,1,21,100,1.226197579604,21,Typeb,Toyota,Food
2026-01-06 00:00:00,0.0,0.0,0.0,1,1,21,100,1.226197579604,21,Typeb,Toyota,Food
2026-01-06 01:00:00,0.0,0.0,0.0,1,1,21,100,1.226197579604,21,Typeb,Toyota,Food
2026-01-06 02:00:00,0.0,0.0,0.0,1,1,21,100,1.226197579604,21,Typeb,Toyota,Food
2026-01-06 03:00:00,0.0,0.0,0.0,1,1,21,100,1.226197579604,21,Typeb,Toyota,Food
2026-01-06 04:00:00,0.0,0.0,0.0,1,1,21,100,1.226197579604,21,Typeb,Toyota,Food
2026-01-06 05:00:00,0.0,0.0,0.0,1,1,21,100,1.226197579604,21,Typeb,Toyota,Food
2026-01-06 06:00:00,5.217391304347826,2.023053714088064,0.3877519618668789,0,0,21,0,1.3306301459840002,21,Typeb,Toyota,Food
2026-01-06 07:00:00,5.217391304347826,2.657857778120806,0.5094227408064879,0,0,21,0,1.3306301459840002,21,Typeb,Toyota,Food
2026-01-06 08:00:00,5.217391304347826,1.772331527110143,0.33969687602944404,0,0,21,0,1.3306301459840002,21,Typeb,Toyota,Food
2026-01-06 09:00:00,5.217391304347826,1.3814884022001939,0.2647852770883705,0,0,21,0,1.3306301459840002,21,Typeb,Toyota,Food
2026-01-06 10:00:00,5.217391304347826,0.8440853080918529,0.1617830173842718,0,0,21,0,1.3306301459840002,21,Typeb,Toyota,Food
2026-01-06 11:00:00,5.217391304347826,0.7337679952599976,0.14063886575816623,0,0,21,0,1.3306301459840002,21,Typeb,Toyota,Food
2026-01-06 12:00:00,0.0,0.0,0.0,1,1,21,100,1.3306301459840002,21,Typeb,Toyota,Food
2026-01-06 13:00:00,5.454545454545454,2.3490631165901825,0.43066157137486677,0,0,21,0,1.3306301459840002,21,Typeb,Toyota,Food
2026-01-06 14:00:00,5.454545454545454,1.2215719404616976,0.22395485575131124,0,0,21,0,1.3306301459840002,21,Typeb,Toyota,Food
2026-01-06 15:00:00,5.454545454545454,2.9831598809540263,0.5469126448415715,0,0,21,0,1.3306301459840002,21,Typeb,Toyota,Food
2026-01-06 16:00:00,5.454545454545454,2.4798932458401426,0.4546470950706928,0,0,21,0,1.3306301459840002,21,Typeb,Toyota,Food
2026-01-06 17:00:00,5.454545454545454,3.071893622235967,0.5631804974099273,0,0,21,0,1.3306301459840002,21,Typeb,Toyota,Food
2026-01-06 18:00:00,5.454545454545454,2.542595656287776,0.4661425369860923,0,0,21,0,1.3306301459840002,21,Typeb,Toyota,Food
2026-01-06 19:00:00,0.0,0.0,0.0,1,1,21,100,1.3306301459840002,21,Typeb,Toyota,Food
2026-01-06 20:00:00,0.0,0.0,0.0,1,1,21,100,1.3306301459840002,21,Typeb,Toyota,Food
2026-01-06 21:00:00,0.0,0.0,0.0,1,1,21,100,1.3306301459840002,21,Typeb,Toyota,Food
2026-01-06 22:00:00,0.0,0.0,0.0,1,1,21,100,1.3306301459840002,21,Typeb,Toyota,Food
2026-01-06 23:00:00,0.0,0.0,0.0,1,1,21,100,1.3306301459840002,21,Typeb,Toyota,Food
2026-01-07 00:00:00,0.0,0.0,0.0,1,1,21,100,1.3306301459840002,21,Typeb,Toyota,Food
2026-01-07 01:00:00,0.0,0.0,0.0,1,1,21,100,1.3306301459840002,21,Typeb,Toyota,Food
2026-01-07 02:00:00,0.0,0.0,0.0,1,1,21,100,1.3306301459840002,21,Typeb,Toyota,Food
2026-01-07 03:00:00,0.0,0.0,0.0,1,1,21,100,1.3306301459840002,21,Typeb,Toyota,Food
2026-01-07 04:00:00,0.0,0.0,0.0,1,1,21,100,1.3306301459840002,21,Typeb,Toyota,Food
2026-01-07 05:00:00,0.0,0.0,0.0,1,1,21,100,1.3306301459840002,21,Typeb,Toyota,Food
2026-01-07 06:00:00,10.00710564546721,1.2836677864966604,0.12827563053440003,0,0,21,0,1.282756305344,21,Typeb,Toyota,Food
2026-01-07 07:00:00,10.00710564546721,4.998375171608771,0.4994826025318141,0,0,21,0,1.282756305344,21,Typeb,Toyota,Food
2026-01-07 08:00:00,10.00710564546721,2.982743978580347,0.2980626051381203,0,0,21,0,1.282756305344,21,Typeb,Toyota,Food
2026-01-07 09:00:00,10.00710564546721,2.5163395085584197,0.2514552756518778,0,0,21,0,1.282756305344,21,Typeb,Toyota,Food
2026-01-07 10:00:00,10.00710564546721,3.06032766404146,0.3058154647770364,0,0,21,0,1.282756305344,21,Typeb,Toyota,Food
2026-01-07 11:00:00,10.00710564546721,3.892332798216007,0.38895690083766304,0,0,21,0,1.282756305344,21,Typeb,Toyota,Food
2026-01-07 12:00:00,0.0,0.0,0.0,1,1,21,100,1.282756305344,21,Typeb,Toyota,Food
2026-01-07 13:00:00,0.0,0.0,0.0,1,1,21,100,1.282756305344,21,Typeb,Toyota,Food
2026-01-07 14:00:00,10.00710564546721,4.234647276112141,0.42316404224534737,0,0,21,0,1.282756305344,21,Typeb,Toyota,Food
2026-01-07 15:00:00,10.00710564546721,1.2836677864966604,0.12827563053440003,0,0,21,0,1.282756305344,21,Typeb,Toyota,Food
2026-01-07 16:00:00,10.00710564546721,2.3470295937770453,0.2345363061936045,0,0,21,0,1.282756305344,21,Typeb,Toyota,Food
2026-01-07 17:00:00,10.00710564546721,4.84546323913526,0.48420226694918994,0,0,21,0,1.282756305344,21,Typeb,Toyota,Food
2026-01-07 18:00:00,10.00710564546721,5.431186460098812,0.5427329991823266,0,0,21,0,1.282756305344,21,Typeb,Toyota,Food
2026-01-07 19:00:00,10.00710564546721,5.776505039234972,0.5772403374048001,0,0,21,0,1.282756305344,21,Typeb,Toyota,Food
2026-01-07 20:00:00,0.0,0.0,0.0,1,1,21,100,1.282756305344,21,Typeb,Toyota,Food
2026-01-07 21:00:00,0.0,0.0,0.0,1,1,21,100,1.282756305344,21,Typeb,Toyota,Food
2026-01-07 22:00:00,0.0,0.0,0.0,1,1,21,100,1.282756305344,21,Typeb,Toyota,Food
2026-01-07 23:00:00,0.0,0.0,0.0,1,1,21,100,1.282756305344,21,Typeb,Toyota,Food
2026-01-08 00:00:00,0.0,0.0,0.0,1,1,21,100,1.282756305344,21,Typeb,Toyota,Food
2026-01-08 01:00:00,0.0,0.0,0.0,1,1,21,100,1.282756305344,21,Typeb,Toyota,Food
2026-01-08 02:00:00,0.0,0.0,0.0,1,1,21,100,1.282756305344,21,Typeb,Toyota,Food
2026-01-08 03:00:00,0.0,0.0,0.0,1,1,21,100,1.282756305344,21,Typeb,Toyota,Food
2026-01-08 04:00:00,0.0,0.0,0.0,1,1,21,100,1.282756305344,21,Typeb,Toyota,Food
2026-01-08 05:00:00,0.0,0.0,0.0,1,1,21,100,1.282756305344,21,Typeb,Toyota,Food
2026-01-08 06:00:00,0.0,0.0,0.0,1,1,21,100,1.282756305344,21,Typeb,Toyota,Food
2026-01-08 07:00:00,7.097530038219701,1.9625635165541344,0.2765135907824085,0,0,21,0,1.176585222144,21,Typeb,Toyota,Food
2026-01-08 08:00:00,7.097530038219701,3.757882030511598,0.5294633499648,0,0,21,0,1.176585222144,21,Typeb,Toyota,Food
2026-01-08 09:00:00,7.097530038219701,1.2872062654319139,0.18135974888452722,0,0,21,0,1.176585222144,21,Typeb,Toyota,Food
2026-01-08 10:00:00,7.097530038219701,3.757882030511598,0.5294633499648,0,0,21,0,1.176585222144,21,Typeb,Toyota,Food
2026-01-08 11:00:00,7.097530038219701,2.727187121994984,0.3842445339870734,0,0,21,0,1.176585222144,21,Typeb,Toyota,Food
2026-01-08 12:00:00,0.0,0.0,0.0,1,1,21,100,1.176585222144,21,Typeb,Toyota,Food
2026-01-08 13:00:00,6.788941775688409,0.985825575453708,0.14521049200687006,0,0,21,0,1.176585222144,21,Typeb,Toyota,Food
2026-01-08 14:00:00,6.788941775688409,0.8909865005870397,0.13124085167112695,0,0,21,0,1.176585222144,21,Typeb,Toyota,Food
2026-01-08 15:00:00,6.788941775688409,2.075634162097236,0.3057375111877084,0,0,21,0,1.176585222144,21,Typeb,Toyota,Food
2026-01-08 16:00:00,6.788941775688409,1.9813566770021966,0.2918505921051715,0,0,21,0,1.176585222144,21,Typeb,Toyota,Food
2026-01-08 17:00:00,6.788941775688409,2.0238057916760743,0.29810327714452334,0,0,21,0,1.176585222144,21,Typeb,Toyota,Food
2026-01-08 18:00:00,6.788941775688409,3.3242034514230303,0.4896497217470908,0,0,21,0,1.176585222144,21,Typeb,Toyota,Food
2026-01-08 19:00:00,0.0,0.0,0.0,1,1,21,100,1.176585222144,21,Typeb,Toyota,Food
2026-01-08 20:00:00,0.0,0.0,0.0,1,1,21,100,1.176585222144,21,Typeb,Toyota,Food
2026-01-08 21:00:00,0.0,0.0,0.0,1,1,21,100,1.176585222144,21,Typeb,Toyota,Food
2026-01-08 22:00:00,0.0,0.0,0.0,1,1,21,100,1.176585222144,21,Typeb,Toyota,Food
2026-01-08 23:00:00,0.0,0.0,0.0,1,1,21,100,1.176585222144,21,Typeb,Toyota,Food
2026-01-09 00:00:00,0.0,0.0,0.0,1,1,21,100,1.176585222144,21,Typeb,Toyota,Food
2026-01-09 01:00:00,0.0,0.0,0.0,1,1,21,100,1.176585222144,21,Typeb,Toyota,Food
2026-01-09 02:00:00,0.0,0.0,0.0,1,1,21,100,1.176585222144,21,Typeb,Toyota,Food
2026-01-09 03:00:00,0.0,0.0,0.0,1,1,21,100,1.176585222144,21,Typeb,Toyota,Food
2026-01-09 04:00:00,0.0,0.0,0.0,1,1,21,100,1.176585222144,21,Typeb,Toyota,Food
2026-01-09 05:00:00,4.0,1.1171326133291564,0.2792831533322891,0,0,21,0,1.137342385344,21,Typeb,Toyota,Food
2026-01-09 06:00:00,4.0,1.5528241005861998,0.38820602514654995,0,0,21,0,1.137342385344,21,Typeb,Toyota,Food
2026-01-09 07:00:00,4.0,1.2331256939017237,0.3082814234754309,0,0,21,0,1.137342385344,21,Typeb,Toyota,Food
2026-01-09 08:00:00,4.0,1.6642642129805367,0.4160660532451342,0,0,21,0,1.137342385344,21,Typeb,Toyota,Food
2026-01-09 09:00:00,4.0,0.4549369541376,0.1137342385344,0,0,21,0,1.137342385344,21,Typeb,Toyota,Food
2026-01-09 10:00:00,4.0,1.345214446733177,0.33630361168329426,0,0,21,0,1.137342385344,21,Typeb,Toyota,Food
2026-01-09 11:00:00,4.0,1.2387806705148248,0.3096951676287062,0,0,21,0,1.137342385344,21,Typeb,Toyota,Food
2026-01-09 12:00:00,4.0,1.9931528224165698,0.49828820560414244,0,0,21,0,1.137342385344,21,Typeb,Toyota,Food
2026-01-09 13:00:00,4.444444444444445,1.9523194922905436,0.4392718857653723,0,0,21,0,1.137342385344,21,Typeb,Toyota,Food
2026-01-09 14:00:00,4.444444444444445,0.628761385552545,0.14147131174932262,0,0,21,0,1.137342385344,21,Typeb,Toyota,Food
2026-01-09 15:00:00,4.444444444444445,2.274684770688,0.5118040734047999,0,0,21,0,1.137342385344,21,Typeb,Toyota,Food
2026-01-09 16:00:00,4.444444444444445,0.5054855045973333,0.1137342385344,0,0,21,0,1.137342385344,21,Typeb,Toyota,Food
2026-01-09 17:00:00,4.444444444444445,2.274684770688,0.5118040734047999,0,0,21,0,1.137342385344,21,Typeb,Toyota,Food
2026-01-09 18:00:00,4.444444444444445,0.7453735214099825,0.16770904231724604,0,0,21,0,1.137342385344,21,Typeb,Toyota,Food
2026-01-09 19:00:00,4.444444444444445,0.626787145345601,0.14102710770276022,0,0,21,0,1.137342385344,21,Typeb,Toyota,Food
2026-01-09 20:00:00,0.0,0.0,0.0,1,1,21,100,1.137342385344,21,Typeb,Toyota,Food
2026-01-09 21:00:00,0.0,0.0,0.0,1,1,21,100,1.137342385344,21,Typeb,Toyota,Food
2026-01-09 22:00:00,0.0,0.0,0.0,1,1,21,100,1.137342385344,21,Typeb,Toyota,Food
2026-01-09 23:00:00,0.0,0.0,0.0,1,1,21,100,1.137342385344,21,Typeb,Toyota,Food
2026-01-10 00:00:00,0.0,0.0,0.0,1,1,21,100,1.137342385344,21,Typeb,Toyota,Food
2026-01-10 01:00:00,0.0,0.0,0.0,1,1,21,100,1.137342385344,21,Typeb,Toyota,Food
2026-01-10 02:00:00,0.0,0.0,0.0,1,1,21,100,1.137342385344,21,Typeb,Toyota,Food
2026-01-10 03:00:00,0.0,0.0,0.0,1,1,21,100,1.137342385344,21,Typeb,Toyota,Food
2026-01-10 04:00:00,0.0,0.0,0.0,1,1,21,100,1.137342385344,21,Typeb,Toyota,Food
2026-01-10 05:00:00,0.0,0.0,0.0,1,1,21,100,1.137342385344,21,Typeb,Toyota,Food
2026-01-10 06:00:00,0.0,0.0,0.0,1,1,21,100,1.137342385344,21,Typeb,Toyota,Food
2026-01-10 07:00:00,0.0,0.0,0.0,1,1,21,100,1.137342385344,21,Typeb,Toyota,Food
2026-01-10 08:00:00,0.0,0.0,0.0,1,1,21,100,1.137342385344,21,Typeb,Toyota,Food
2026-01-10 09:00:00,8.0,3.7160879680503593,0.4645109960062949,0,0,21,0,1.18961004,21,Typeb,Toyota,Food
2026-01-10 10:00:00,8.0,2.3814282982697845,0.29767853728372307,0,0,21,0,1.18961004,21,Typeb,Toyota,Food
2026-01-10 11:00:00,8.0,4.282596144,0.535324518,0,0,21,0,1.18961004,21,Typeb,Toyota,Food
2026-01-10 12:00:00,0.0,0.0,0.0,1,1,21,100,1.18961004,21,Typeb,Toyota,Food
2026-01-10 13:00:00,4.8,0.5710128192,0.11896100400000001,0,0,21,0,1.18961004,21,Typeb,Toyota,Food
2026-01-10 14:00:00,4.8,1.7672796507443305,0.36818326057173556,0,0,21,0,1.18961004,21,Typeb,Toyota,Food
2026-01-10 15:00:00,4.8,2.1215718318643955,0.4419941316384158,0,0,21,0,1.18961004,21,Typeb,Toyota,Food
2026-01-10 16:00:00,4.8,1.13836104069347,0.23715855014447296,0,0,21,0,1.18961004,21,Typeb,Toyota,Food
2026-01-10 17:00:00,4.8,0.7933807723109552,0.16528766089811567,0,0,21,0,1.18961004,21,Typeb,Toyota,Food
2026-01-10 18:00:00,4.8,2.2633026032004535,0.4715213756667612,0,0,21,0,1.18961004,21,Typeb,Toyota,Food
2026-01-10 19:00:00,0.0,0.0,0.0,1,1,21,100,1.18961004,21,Typeb,Toyota,Food
2026-01-10 20:00:00,0.0,0.0,0.0,1,1,21,100,1.18961004,21,Typeb,Toyota,Food
2026-01-10 21:00:00,0.0,0.0,0.0,1,1,21,100,1.18961004,21,Typeb,Toyota,Food
2026-01-10 22:00:00,0.0,0.0,0.0,1,1,21,100,1.18961004,21,Typeb,Toyota,Food
2026-01-10 23:00:00,0.0,0.0,0.0,1,1,21,100,1.18961004,21,Typeb,Toyota,Food
2026-01-11 00:00:00,0.0,0.0,0.0,1,1,21,100,1.18961004,21,Typeb,Toyota,Food
2026-01-11 01:00:00,0.0,0.0,0.0,1,1,21,100,1.18961004,21,Typeb,Toyota,Food
2026-01-11 02:00:00,0.0,0.0,0.0,1,1,21,100,1.18961004,21,Typeb,Toyota,Food
2026-01-11 03:00:00,0.0,0.0,0.0,1,1,21,100,1.18961004,21,Typeb,Toyota,Food
2026-01-11 04:00:00,0.0,0.0,0.0,1,1,21,100,1.18961004,21,Typeb,Toyota,Food
2026-01-11 05:00:00,0.0,0.0,0.0,1,1,21,100,1.18961004,21,Typeb,Toyota,Food
2026-01-11 06:00:00,0.0,0.0,0.0,1,1,21,100,1.18961004,21,Typeb,Toyota,Food
2026-01-11 07:00:00,0.0,0.0,0.0,1,1,21,100,1.18961004,21,Typeb,Toyota,Food
2026-01-11 08:00:00,7.658051968056369,2.4258023359890255,0.3167649352743554,0,0,21,0,1.122069513044,21,Typeb,Toyota,Food
2026-01-11 09:00:00,7.658051968056369,2.8259235851613593,0.3690133727152788,0,0,21,0,1.122069513044,21,Typeb,Toyota,Food
2026-01-11 10:00:00,7.658051968056369,3.2970641137697303,0.4305356150000811,0,0,21,0,1.122069513044,21,Typeb,Toyota,Food
2026-01-11 11:00:00,7.658051968056369,1.210054229397403,0.15801071009244114,0,0,21,0,1.122069513044,21,Typeb,Toyota,Food
2026-01-11 12:00:00,0.0,0.0,0.0,1,1,21,100,1.122069513044,21,Typeb,Toyota,Food
2026-01-11 13:00:00,5.207475338278331,1.9469533571568007,0.37387663516050224,0,0,21,0,1.122069513044,21,Typeb,Toyota,Food
2026-01-11 14:00:00,5.207475338278331,0.7822137757799278,0.15020978976705807,0,0,21,0,1.122069513044,21,Typeb,Toyota,Food
2026-01-11 15:00:00,5.207475338278331,2.140003479752827,0.41094836571234605,0,0,21,0,1.122069513044,21,Typeb,Toyota,Food
2026-01-11 16:00:00,5.207475338278331,2.152389467557256,0.4133268671933582,0,0,21,0,1.122069513044,21,Typeb,Toyota,Food
2026-01-11 17:00:00,5.207475338278331,1.6983904060141206,0.32614468541595315,0,0,21,0,1.122069513044,21,Typeb,Toyota,Food
2026-01-11 18:00:00,5.207475338278331,1.9085413309835733,0.36650031099610847,0,0,21,0,1.122069513044,21,Typeb,Toyota,Food
2026-01-11 19:00:00,0.0,0.0,0.0,1,1,21,100,1.122069513044,21,Typeb,Toyota,Food
2026-01-11 20:00:00,0.0,0.0,0.0,1,1,21,100,1.122069513044,21,Typeb,Toyota,Food
2026-01-11 21:00:00,0.0,0.0,0.0,1,1,21,100,1.122069513044,21,Typeb,Toyota,Food
2026-01-11 22:00:00,0.0,0.0,0.0,1,1,21,100,1.122069513044,21,Typeb,Toyota,Food
2026-01-11 23:00:00,0.0,0.0,0.0,1,1,21,100,1.122069513044,21,Typeb,Toyota,Food
2026-01-12 00:00:00,0.0,0.0,0.0,1,1,21,100,1.122069513044,21,Typeb,Toyota,Food
2026-01-12 01:00:00,0.0,0.0,0.0,1,1,21,100,1.122069513044,21,Typeb,Toyota,Food
2026-01-12 02:00:00,0.0,0.0,0.0,1,1,21,100,1.122069513044,21,Typeb,Toyota,Food
2026-01-12 03:00:00,0.0,0.0,0.0,1,1,21,100,1.122069513044,21,Typeb,Toyota,Food
2026-01-12 04:00:00,0.0,0.0,0.0,1,1,21,100,1.122069513044,21,Typeb,Toyota,Food
2026-01-12 05:00:00,0.0,0.0,0.0,1,1,21,100,1.122069513044,21,Typeb,Toyota,Food
2026-01-12 06:00:00,0.0,0.0,0.0,1,1,21,100,1.122069513044,21,Typeb,Toyota,Food
2026-01-12 07:00:00,10.590707404527425,2.4652804281644594,0.2327776921785768,0,0,21,0,1.119889326784,21,Typeb,Toyota,Food
2026-01-12 08:00:00,10.590707404527425,1.1860420185422544,0.1119889326784,0,0,21,0,1.119889326784,21,Typeb,Toyota,Food
2026-01-12 09:00:00,10.590707404527425,1.1860420185422544,0.1119889326784,0,0,21,0,1.119889326784,21,Typeb,Toyota,Food
2026-01-12 10:00:00,10.590707404527425,4.022880834273565,0.37985005917110143,0,0,21,0,1.119889326784,21,Typeb,Toyota,Food
2026-01-12 11:00:00,10.590707404527425,2.7334959497656652,0.2581032451710565,0,0,21,0,1.119889326784,21,Typeb,Toyota,Food
2026-01-12 12:00:00,0.0,0.0,0.0,1,1,21,100,1.119889326784,21,Typeb,Toyota,Food
2026-01-12 13:00:00,6.707448022867369,1.7329558850642413,0.2583629241935474,0,0,21,0,1.119889326784,21,Typeb,Toyota,Food
2026-01-12 14:00:00,6.707448022867369,2.204201236942107,0.3286199504532027,0,0,21,0,1.119889326784,21,Typeb,Toyota,Food
2026-01-12 15:00:00,6.707448022867369,3.3802197528454245,0.5039501970528,0,0,21,0,1.119889326784,21,Typeb,Toyota,Food
2026-01-12 16:00:00,6.707448022867369,1.0773631950015197,0.16062192227632907,0,0,21,0,1.119889326784,21,Typeb,Toyota,Food
2026-01-12 17:00:00,6.707448022867369,1.4773288122438142,0.22025199557376077,0,0,21,0,1.119889326784,21,Typeb,Toyota,Food
2026-01-12 18:00:00,6.707448022867369,2.666690346145929,0.39757152601921236,0,0,21,0,1.119889326784,21,Typeb,Toyota,Food
2026-01-12 19:00:00,6.707448022867369,2.6522827022603472,0.39542351923086866,0,0,21,0,1.119889326784,21,Typeb,Toyota,Food
2026-01-12 20:00:00,6.707448022867369,2.0388732504290217,0.3039715318669623,0,0,21,0,1.119889326784,21,Typeb,Toyota,Food
2026-01-12 21:00:00,0.0,0.0,0.0,1,1,21,100,1.119889326784,21,Typeb,Toyota,Food
2026-01-12 22:00:00,0.0,0.0,0.0,1,1,21,100,1.119889326784,21,Typeb,Toyota,Food
2026-01-12 23:00:00,0.0,0.0,0.0,1,1,21,100,1.119889326784,21,Typeb,Toyota,Food
2026-01-13 00:00:00,0.0,0.0,0.0,1,1,21,100,1.119889326784,21,Typeb,Toyota,Food
2026-01-13 01:00:00,0.0,0.0,0.0,1,1,21,100,1.119889326784,21,Typeb,Toyota,Food
2026-01-13 02:00:00,0.0,0.0,0.0,1,1,21,100,1.119889326784,21,Typeb,Toyota,Food
2026-01-13 03:00:00,0.0,0.0,0.0,1,1,21,100,1.119889326784,21,Typeb,Toyota,Food
2026-01-13 04:00:00,0.0,0.0,0.0,1,1,21,100,1.119889326784,21,Typeb,Toyota,Food
2026-01-13 05:00:00,0.0,0.0,0.0,1,1,21,100,1.119889326784,21,Typeb,Toyota,Food
2026-01-13 06:00:00,0.0,0.0,0.0,1,1,21,100,1.119889326784,21,Typeb,Toyota,Food
2026-01-13 07:00:00,9.979209722941464,5.048608016712274,0.505912608,0,0,21,0,1.12425024,21,Typeb,Toyota,Food
2026-01-13 08:00:00,9.979209722941464,4.379591165039505,0.4388715426003273,0,0,21,0,1.12425024,21,Typeb,Toyota,Food
2026-01-13 09:00:00,9.979209722941464,2.036456128324755,0.20406987976644014,0,0,21,0,1.12425024,21,Typeb,Toyota,Food
2026-01-13 10:00:00,9.979209722941464,1.8212498549038258,0.1825044172302449,0,0,21,0,1.12425024,21,Typeb,Toyota,Food
2026-01-13 11:00:00,9.979209722941464,3.3743847953804575,0.33814148505397146,0,0,21,0,1.12425024,21,Typeb,Toyota,Food
2026-01-13 12:00:00,0.0,0.0,0.0,1,1,21,100,1.12425024,21,Typeb,Toyota,Food
2026-01-13 13:00:00,8.31600810245122,2.4514702626698655,0.29478930665631176,0,0,21,0,1.12425024,21,Typeb,Toyota,Food
2026-01-13 14:00:00,8.31600810245122,3.7460054742338507,0.4504571698444692,0,0,21,0,1.12425024,21,Typeb,Toyota,Food
2026-01-13 15:00:00,8.31600810245122,2.2105413564100806,0.26581760493457235,0,0,21,0,1.12425024,21,Typeb,Toyota,Food
2026-01-13 16:00:00,8.31600810245122,0.9349274105022729,0.11242502400000001,0,0,21,0,1.12425024,21,Typeb,Toyota,Food
2026-01-13 17:00:00,8.31600810245122,4.207173347260228,0.505912608,0,0,21,0,1.12425024,21,Typeb,Toyota,Food
2026-01-13 18:00:00,8.31600810245122,0.9349274105022729,0.11242502400000001,0,0,21,0,1.12425024,21,Typeb,Toyota,Food
2026-01-13 19:00:00,0.0,0.0,0.0,1,1,21,100,1.12425024,21,Typeb,Toyota,Food
2026-01-13 20:00:00,0.0,0.0,0.0,1,1,21,100,1.12425024,21,Typeb,Toyota,Food
2026-01-13 21:00:00,0.0,0.0,0.0,1,1,21,100,1.12425024,21,Typeb,Toyota,Food
2026-01-13 22:00:00,0.0,0.0,0.0,1,1,21,100,1.12425024,21,Typeb,Toyota,Food
2026-01-13 23:00:00,0.0,0.0,0.0,1,1,21,100,1.12425024,21,Typeb,Toyota,Food
2026-01-14 00:00:00,0.0,0.0,0.0,1,1,21,100,1.12425024,21,Typeb,Toyota,Food
2026-01-14 01:00:00,0.0,0.0,0.0,1,1,21,100,1.12425024,21,Typeb,Toyota,Food
2026-01-14 02:00:00,0.0,0.0,0.0,1,1,21,100,1.12425024,21,Typeb,Toyota,Food
2026-01-14 03:00:00,0.0,0.0,0.0,1,1,21,100,1.12425024,21,Typeb,Toyota,Food
2026-01-14 04:00:00,0.0,0.0,0.0,1,1,21,100,1.12425024,21,Typeb,Toyota,Food
2026-01-14 05:00:00,0.0,0.0,0.0,1,1,21,100,1.12425024,21,Typeb,Toyota,Food
2026-01-14 06:00:00,5.974807797805476,1.4843143516062847,0.24842880337530987,0,0,21,0,1.102475,21,Typeb,Toyota,Food
2026-01-14 07:00:00,5.974807797805476,1.1104205035672023,0.18585041412964873,0,0,21,0,1.102475,21,Typeb,Toyota,Food
2026-01-14 08:00:00,5.974807797805476,0.6587076226885593,0.11024750000000001,0,0,21,0,1.102475,21,Typeb,Toyota,Food
2026-01-14 09:00:00,5.974807797805476,1.113521071511487,0.1863693543280972,0,0,21,0,1.102475,21,Typeb,Toyota,Food
2026-01-14 10:00:00,5.974807797805476,2.2682104560401712,0.3796290245308437,0,0,21,0,1.102475,21,Typeb,Toyota,Food
2026-01-14 11:00:00,5.974807797805476,1.4988232533517658,0.2508571495642551,0,0,21,0,1.102475,21,Typeb,Toyota,Food
2026-01-14 12:00:00,0.0,0.0,0.0,1,1,21,100,1.102475,21,Typeb,Toyota,Food
2026-01-14 13:00:00,5.515207197974286,0.6666488315315657,0.12087466664469527,0,0,21,0,1.102475,21,Typeb,Toyota,Food
2026-01-14 14:00:00,5.515207197974286,2.4685712436317977,0.4475935635815268,0,0,21,0,1.102475,21,Typeb,Toyota,Food
2026-01-14 15:00:00,5.515207197974286,1.5080905789848222,0.2734422343259811,0,0,21,0,1.102475,21,Typeb,Toyota,Food
2026-01-14 16:00:00,5.515207197974286,2.2354201078720353,0.4053193339124405,0,0,21,0,1.102475,21,Typeb,Toyota,Food
2026-01-14 17:00:00,5.515207197974286,0.8735486648383096,0.1583890928266776,0,0,21,0,1.102475,21,Typeb,Toyota,Food
2026-01-14 18:00:00,5.515207197974286,2.0889319893069107,0.37875856959175846,0,0,21,0,1.102475,21,Typeb,Toyota,Food
2026-01-14 19:00:00,5.515207197974286,1.7644534479436431,0.31992514235761077,0,0,21,0,1.102475,21,Typeb,Toyota,Food
2026-01-14 20:00:00,0.0,0.0,0.0,1,1,21,100,1.102475,21,Typeb,Toyota,Food
2026-01-14 21:00:00,0.0,0.0,0.0,1,1,21,100,1.102475,21,Typeb,Toyota,Food
2026-01-14 22:00:00,0.0,0.0,0.0,1,1,21,100,1.102475,21,Typeb,Toyota,Food
2026-01-14 23:00:00,0.0,0.0,0.0,1,1,21,100,1.102475,21,Typeb,Toyota,Food
2026-01-01 00:00:00,0.0,0.0,0.0,1,1,22,100,1.0,22,Typeb,Toyota,Food
2026-01-01 01:00:00,0.0,0.0,0.0,1,1,22,100,1.0,22,Typeb,Toyota,Food
2026-01-01 02:00:00,0.0,0.0,0.0,1,1,22,100,1.0,22,Typeb,Toyota,Food
2026-01-01 03:00:00,0.0,0.0,0.0,1,1,22,100,1.0,22,Typeb,Toyota,Food
2026-01-01 04:00:00,0.0,0.0,0.0,1,1,22,100,1.0,22,Typeb,Toyota,Food
2026-01-01 05:00:00,0.0,0.0,0.0,1,1,22,100,1.0,22,Typeb,Toyota,Food
2026-01-01 06:00:00,0.0,0.0,0.0,1,1,22,100,1.0,22,Typeb,Toyota,Food
2026-01-01 07:00:00,6.743047416822077,3.437873779889153,0.5098397753088001,0,0,22,0,1.1329772784640002,22,Typeb,Toyota,Food
2026-01-01 08:00:00,6.743047416822077,3.437873779889153,0.5098397753088001,0,0,22,0,1.1329772784640002,22,Typeb,Toyota,Food
2026-01-01 09:00:00,6.743047416822077,2.45434519802096,0.36398160153790904,0,0,22,0,1.1329772784640002,22,Typeb,Toyota,Food
2026-01-01 10:00:00,6.743047416822077,3.062431260986164,0.45416131189382225,0,0,22,0,1.1329772784640002,22,Typeb,Toyota,Food
2026-01-01 11:00:00,6.743047416822077,1.3687598308502584,0.20298831466549877,0,0,22,0,1.1329772784640002,22,Typeb,Toyota,Food
2026-01-01 12:00:00,6.743047416822077,0.984205500283889,0.14595856138109942,0,0,22,0,1.1329772784640002,22,Typeb,Toyota,Food
2026-01-01 13:00:00,6.203603623476311,1.3410967615621916,0.2161802789087098,0,0,22,0,1.1329772784640002,22,Typeb,Toyota,Food
2026-01-01 14:00:00,6.203603623476311,2.263310339584281,0.3648380001293491,0,0,22,0,1.1329772784640002,22,Typeb,Toyota,Food
2026-01-01 15:00:00,6.203603623476311,1.8916139492265351,0.30492179449829715,0,0,22,0,1.1329772784640002,22,Typeb,Toyota,Food
2026-01-01 16:00:00,6.203603623476311,2.6456893460187416,0.42647620747506393,0,0,22,0,1.1329772784640002,22,Typeb,Toyota,Food
2026-01-01 17:00:00,6.203603623476311,2.2100706993314514,0.35625594952067474,0,0,22,0,1.1329772784640002,22,Typeb,Toyota,Food
2026-01-01 18:00:00,6.203603623476311,3.1628438774980205,0.5098397753088001,0,0,22,0,1.1329772784640002,22,Typeb,Toyota,Food
2026-01-01 19:00:00,6.203603623476311,2.6898552328772998,0.43359559961214716,0,0,22,0,1.1329772784640002,22,Typeb,Toyota,Food
2026-01-01 20:00:00,0.0,0.0,0.0,1,1,22,100,1.1329772784640002,22,Typeb,Toyota,Food
2026-01-01 21:00:00,0.0,0.0,0.0,1,1,22,100,1.1329772784640002,22,Typeb,Toyota,Food
2026-01-01 22:00:00,0.0,0.0,0.0,1,1,22,100,1.1329772784640002,22,Typeb,Toyota,Food
2026-01-01 23:00:00,0.0,0.0,0.0,1,1,22,100,1.1329772784640002,22,Typeb,Toyota,Food
2026-01-02 00:00:00,0.0,0.0,0.0,1,1,22,100,1.1329772784640002,22,Typeb,Toyota,Food
2026-01-02 01:00:00,0.0,0.0,0.0,1,1,22,100,1.1329772784640002,22,Typeb,Toyota,Food
2026-01-02 02:00:00,0.0,0.0,0.0,1,1,22,100,1.1329772784640002,22,Typeb,Toyota,Food
2026-01-02 03:00:00,0.0,0.0,0.0,1,1,22,100,1.1329772784640002,22,Typeb,Toyota,Food
2026-01-02 04:00:00,0.0,0.0,0.0,1,1,22,100,1.1329772784640002,22,Typeb,Toyota,Food
2026-01-02 05:00:00,0.0,0.0,0.0,1,1,22,100,1.1329772784640002,22,Typeb,Toyota,Food
2026-01-02 06:00:00,0.0,0.0,0.0,1,1,22,100,1.1329772784640002,22,Typeb,Toyota,Food
2026-01-02 07:00:00,7.090074414808966,2.4119574792147795,0.3401878933988265,0,0,22,0,1.23259004,22,Typeb,Toyota,Food
2026-01-02 08:00:00,7.090074414808966,3.1954123093635087,0.4506881200977642,0,0,22,0,1.23259004,22,Typeb,Toyota,Food
2026-01-02 09:00:00,7.090074414808966,2.1944922389636115,0.30951610809330826,0,0,22,0,1.23259004,22,Typeb,Toyota,Food
2026-01-02 10:00:00,7.090074414808966,1.4468337712112573,0.20406468064556138,0,0,22,0,1.23259004,22,Typeb,Toyota,Food
2026-01-02 11:00:00,7.090074414808966,2.5940690860522326,0.3658733229420028,0,0,22,0,1.23259004,22,Typeb,Toyota,Food
2026-01-02 12:00:00,0.0,0.0,0.0,1,1,22,100,1.23259004,22,Typeb,Toyota,Food
2026-01-02 13:00:00,7.090074414808966,3.5166519798079836,0.49599648382572525,0,0,22,0,1.23259004,22,Typeb,Toyota,Food
2026-01-02 14:00:00,7.090074414808966,0.8739155106552361,0.123259004,0,0,22,0,1.23259004,22,Typeb,Toyota,Food
2026-01-02 15:00:00,7.090074414808966,3.932619797948562,0.5546655180000001,0,0,22,0,1.23259004,22,Typeb,Toyota,Food
2026-01-02 16:00:00,7.090074414808966,2.906092456765685,0.4098817990817923,0,0,22,0,1.23259004,22,Typeb,Toyota,Food
2026-01-02 17:00:00,7.090074414808966,2.258768413865856,0.31858176398656546,0,0,22,0,1.23259004,22,Typeb,Toyota,Food
2026-01-02 18:00:00,7.090074414808966,0.8739155106552361,0.123259004,0,0,22,0,1.23259004,22,Typeb,Toyota,Food
2026-01-02 19:00:00,0.0,0.0,0.0,1,1,22,100,1.23259004,22,Typeb,Toyota,Food
2026-01-02 20:00:00,0.0,0.0,0.0,1,1,22,100,1.23259004,22,Typeb,Toyota,Food
2026-01-02 21:00:00,0.0,0.0,0.0,1,1,22,100,1.23259004,22,Typeb,Toyota,Food
2026-01-02 22:00:00,0.0,0.0,0.0,1,1,22,100,1.23259004,22,Typeb,Toyota,Food
2026-01-02 23:00:00,0.0,0.0,0.0,1,1,22,100,1.23259004,22,Typeb,Toyota,Food
2026-01-03 00:00:00,0.0,0.0,0.0,1,1,22,100,1.23259004,22,Typeb,Toyota,Food
2026-01-03 01:00:00,0.0,0.0,0.0,1,1,22,100,1.23259004,22,Typeb,Toyota,Food
2026-01-03 02:00:00,0.0,0.0,0.0,1,1,22,100,1.23259004,22,Typeb,Toyota,Food
2026-01-03 03:00:00,0.0,0.0,0.0,1,1,22,100,1.23259004,22,Typeb,Toyota,Food
2026-01-03 04:00:00,0.0,0.0,0.0,1,1,22,100,1.23259004,22,Typeb,Toyota,Food
2026-01-03 05:00:00,0.0,0.0,0.0,1,1,22,100,1.23259004,22,Typeb,Toyota,Food
2026-01-03 06:00:00,0.0,0.0,0.0,1,1,22,100,1.23259004,22,Typeb,Toyota,Food
2026-01-03 07:00:00,0.0,0.0,0.0,1,1,22,100,1.23259004,22,Typeb,Toyota,Food
2026-01-03 08:00:00,0.0,0.0,0.0,1,1,22,100,1.23259004,22,Typeb,Toyota,Food
2026-01-03 09:00:00,0.0,0.0,0.0,1,1,22,100,1.23259004,22,Typeb,Toyota,Food
2026-01-03 10:00:00,0.0,0.0,0.0,1,1,22,100,1.23259004,22,Typeb,Toyota,Food
2026-01-03 11:00:00,17.142857142857142,3.8603591184525663,0.22518761524306638,0,0,22,0,1.209049010004,22,Typeb,Toyota,Food
2026-01-03 12:00:00,0.0,0.0,0.0,1,1,22,100,1.209049010004,22,Typeb,Toyota,Food
2026-01-03 13:00:00,5.217391304347826,0.7885049676503406,0.15113011879964863,0,0,22,0,1.209049010004,22,Typeb,Toyota,Food
2026-01-03 14:00:00,5.217391304347826,1.7107497748929392,0.32789370685448,0,0,22,0,1.209049010004,22,Typeb,Toyota,Food
2026-01-03 15:00:00,5.217391304347826,0.8180195953339972,0.1567870891056828,0,0,22,0,1.209049010004,22,Typeb,Toyota,Food
2026-01-03 16:00:00,5.217391304347826,0.6628868233735803,0.12705330781326957,0,0,22,0,1.209049010004,22,Typeb,Toyota,Food
2026-01-03 17:00:00,5.217391304347826,1.6708475892805883,0.32024578794544606,0,0,22,0,1.209049010004,22,Typeb,Toyota,Food
2026-01-03 18:00:00,5.217391304347826,0.9092019192548882,0.17426370119052023,0,0,22,0,1.209049010004,22,Typeb,Toyota,Food
2026-01-03 19:00:00,0.0,0.0,0.0,1,1,22,100,1.209049010004,22,Typeb,Toyota,Food
2026-01-03 20:00:00,0.0,0.0,0.0,1,1,22,100,1.209049010004,22,Typeb,Toyota,Food
2026-01-03 21:00:00,0.0,0.0,0.0,1,1,22,100,1.209049010004,22,Typeb,Toyota,Food
2026-01-03 22:00:00,0.0,0.0,0.0,1,1,22,100,1.209049010004,22,Typeb,Toyota,Food
2026-01-03 23:00:00,0.0,0.0,0.0,1,1,22,100,1.209049010004,22,Typeb,Toyota,Food
2026-01-04 00:00:00,0.0,0.0,0.0,1,1,22,100,1.209049010004,22,Typeb,Toyota,Food
2026-01-04 01:00:00,0.0,0.0,0.0,1,1,22,100,1.209049010004,22,Typeb,Toyota,Food
2026-01-04 02:00:00,0.0,0.0,0.0,1,1,22,100,1.209049010004,22,Typeb,Toyota,Food
2026-01-04 03:00:00,0.0,0.0,0.0,1,1,22,100,1.209049010004,22,Typeb,Toyota,Food
2026-01-04 04:00:00,0.0,0.0,0.0,1,1,22,100,1.209049010004,22,Typeb,Toyota,Food
2026-01-04 05:00:00,0.0,0.0,0.0,1,1,22,100,1.209049010004,22,Typeb,Toyota,Food
2026-01-04 06:00:00,0.0,0.0,0.0,1,1,22,100,1.209049010004,22,Typeb,Toyota,Food
2026-01-04 07:00:00,0.0,0.0,0.0,1,1,22,100,1.209049010004,22,Typeb,Toyota,Food
2026-01-04 08:00:00,0.0,0.0,0.0,1,1,22,100,1.209049010004,22,Typeb,Toyota,Food
2026-01-04 09:00:00,0.0,0.0,0.0,1,1,22,100,1.209049010004,22,Typeb,Toyota,Food
2026-01-04 10:00:00,13.471390609462384,5.903833043285646,0.43824971114257194,0,0,22,0,1.3050301525,22,Typeb,Toyota,Food
2026-01-04 11:00:00,13.471390609462384,1.7580570941453766,0.13050301525000002,0,0,22,0,1.3050301525,22,Typeb,Toyota,Food
2026-01-04 12:00:00,0.0,0.0,0.0,1,1,22,100,1.3050301525,22,Typeb,Toyota,Food
2026-01-04 13:00:00,0.0,0.0,0.0,1,1,22,100,1.3050301525,22,Typeb,Toyota,Food
2026-01-04 14:00:00,6.735695304731192,3.955628461827097,0.5872635686250001,0,0,22,0,1.3050301525,22,Typeb,Toyota,Food
2026-01-04 15:00:00,6.735695304731192,2.190068135566001,0.32514358748200567,0,0,22,0,1.3050301525,22,Typeb,Toyota,Food
2026-01-04 16:00:00,6.735695304731192,3.492896298250477,0.5185650686718335,0,0,22,0,1.3050301525,22,Typeb,Toyota,Food
2026-01-04 17:00:00,6.735695304731192,2.261714409310038,0.33578039192500236,0,0,22,0,1.3050301525,22,Typeb,Toyota,Food
2026-01-04 18:00:00,6.735695304731192,3.917342823414288,0.5815795765973445,0,0,22,0,1.3050301525,22,Typeb,Toyota,Food
2026-01-04 19:00:00,0.0,0.0,0.0,1,1,22,100,1.3050301525,22,Typeb,Toyota,Food
2026-01-04 20:00:00,0.0,0.0,0.0,1,1,22,100,1.3050301525,22,Typeb,Toyota,Food
2026-01-04 21:00:00,0.0,0.0,0.0,1,1,22,100,1.3050301525,22,Typeb,Toyota,Food
2026-01-04 22:00:00,0.0,0.0,0.0,1,1,22,100,1.3050301525,22,Typeb,Toyota,Food
2026-01-04 23:00:00,0.0,0.0,0.0,1,1,22,100,1.3050301525,22,Typeb,Toyota,Food
2026-01-05 00:00:00,0.0,0.0,0.0,1,1,22,100,1.3050301525,22,Typeb,Toyota,Food
2026-01-05 01:00:00,0.0,0.0,0.0,1,1,22,100,1.3050301525,22,Typeb,Toyota,Food
2026-01-05 02:00:00,0.0,0.0,0.0,1,1,22,100,1.3050301525,22,Typeb,Toyota,Food
2026-01-05 03:00:00,0.0,0.0,0.0,1,1,22,100,1.3050301525,22,Typeb,Toyota,Food
2026-01-05 04:00:00,0.0,0.0,0.0,1,1,22,100,1.3050301525,22,Typeb,Toyota,Food
2026-01-05 05:00:00,5.9898529992714975,1.9338983311140125,0.322862402691555,0,0,22,0,1.226197579604,22,Typeb,Toyota,Food
2026-01-05 06:00:00,5.9898529992714975,0.8000297249078874,0.13356416676756327,0,0,22,0,1.226197579604,22,Typeb,Toyota,Food
2026-01-05 07:00:00,5.9898529992714975,1.7931668999022483,0.2993674302391625,0,0,22,0,1.226197579604,22,Typeb,Toyota,Food
2026-01-05 08:00:00,5.9898529992714975,1.3312622518785242,0.22225290871753212,0,0,22,0,1.226197579604,22,Typeb,Toyota,Food
2026-01-05 09:00:00,5.9898529992714975,2.349877265771063,0.3923096720498586,0,0,22,0,1.226197579604,22,Typeb,Toyota,Food
2026-01-05 10:00:00,5.9898529992714975,2.0726449515137,0.34602601295320284,0,0,22,0,1.226197579604,22,Typeb,Toyota,Food
2026-01-05 11:00:00,5.9898529992714975,3.3051344624507117,0.5517889108218,0,0,22,0,1.226197579604,22,Typeb,Toyota,Food
2026-01-05 12:00:00,5.9898529992714975,2.4153297185054967,0.40323689392698886,0,0,22,0,1.226197579604,22,Typeb,Toyota,Food
2026-01-05 13:00:00,7.736893457392351,0.9486960031108524,0.12261975796040002,0,0,22,0,1.226197579604,22,Typeb,Toyota,Food
2026-01-05 14:00:00,7.736893457392351,2.648416502668308,0.3423100650478561,0,0,22,0,1.226197579604,22,Typeb,Toyota,Food
2026-01-05 15:00:00,7.736893457392351,1.4920337358682565,0.192846617842807,0,0,22,0,1.226197579604,22,Typeb,Toyota,Food
2026-01-05 16:00:00,7.736893457392351,1.961478838298672,0.2535227929789498,0,0,22,0,1.226197579604,22,Typeb,Toyota,Food
2026-01-05 17:00:00,7.736893457392351,4.269132013998837,0.5517889108218,0,0,22,0,1.226197579604,22,Typeb,Toyota,Food
2026-01-05 18:00:00,7.736893457392351,3.4013472425167226,0.4396269977411729,0,0,22,0,1.226197579604,22,Typeb,Toyota,Food
2026-01-05 19:00:00,0.0,0.0,0.0,1,1,22,100,1.226197579604,22,Typeb,Toyota,Food
2026-01-05 20:00:00,0.0,0.0,0.0,1,1,22,100,1.226197579604,22,Typeb,Toyota,Food
2026-01-05 21:00:00,0.0,0.0,0.0,1,1,22,100,1.226197579604,22,Typeb,Toyota,Food
2026-01-05 22:00:00,0.0,0.0,0.0,1,1,22,100,1.226197579604,22,Typeb,Toyota,Food
2026-01-05 23:00:00,0.0,0.0,0.0,1,1,22,100,1.226197579604,22,Typeb,Toyota,Food
2026-01-06 00:00:00,0.0,0.0,0.0,1,1,22,100,1.226197579604,22,Typeb,Toyota,Food
2026-01-06 01:00:00,0.0,0.0,0.0,1,1,22,100,1.226197579604,22,Typeb,Toyota,Food
2026-01-06 02:00:00,0.0,0.0,0.0,1,1,22,100,1.226197579604,22,Typeb,Toyota,Food
2026-01-06 03:00:00,0.0,0.0,0.0,1,1,22,100,1.226197579604,22,Typeb,Toyota,Food
2026-01-06 04:00:00,0.0,0.0,0.0,1,1,22,100,1.226197579604,22,Typeb,Toyota,Food
2026-01-06 05:00:00,0.0,0.0,0.0,1,1,22,100,1.226197579604,22,Typeb,Toyota,Food
2026-01-06 06:00:00,0.0,0.0,0.0,1,1,22,100,1.226197579604,22,Typeb,Toyota,Food
2026-01-06 07:00:00,5.984066288472502,1.197202585382965,0.20006506072454688,0,0,22,0,1.3306301459840002,22,Typeb,Toyota,Food
2026-01-06 08:00:00,5.984066288472502,3.5831605495536447,0.5987835656928001,0,0,22,0,1.3306301459840002,22,Typeb,Toyota,Food
2026-01-06 09:00:00,5.984066288472502,1.7944466462159385,0.2998707834625258,0,0,22,0,1.3306301459840002,22,Typeb,Toyota,Food
2026-01-06 10:00:00,5.984066288472502,0.7987746511253038,0.13348359002373278,0,0,22,0,1.3306301459840002,22,Typeb,Toyota,Food
2026-01-06 11:00:00,5.984066288472502,0.7962578999008101,0.13306301459840003,0,0,22,0,1.3306301459840002,22,Typeb,Toyota,Food
2026-01-06 12:00:00,0.0,0.0,0.0,1,1,22,100,1.3306301459840002,22,Typeb,Toyota,Food
2026-01-06 13:00:00,5.984066288472502,3.0847842308282596,0.5154996756587875,0,0,22,0,1.3306301459840002,22,Typeb,Toyota,Food
2026-01-06 14:00:00,5.984066288472502,3.5096533316262137,0.586499741553179,0,0,22,0,1.3306301459840002,22,Typeb,Toyota,Food
2026-01-06 15:00:00,5.984066288472502,2.5839494301261423,0.4318049475995566,0,0,22,0,1.3306301459840002,22,Typeb,Toyota,Food
2026-01-06 16:00:00,5.984066288472502,3.5831605495536447,0.5987835656928001,0,0,22,0,1.3306301459840002,22,Typeb,Toyota,Food
2026-01-06 17:00:00,5.984066288472502,3.5831605495536447,0.5987835656928001,0,0,22,0,1.3306301459840002,22,Typeb,Toyota,Food
2026-01-06 18:00:00,5.984066288472502,2.693072157892415,0.4500404955540442,0,0,22,0,1.3306301459840002,22,Typeb,Toyota,Food
2026-01-06 19:00:00,0.0,0.0,0.0,1,1,22,100,1.3306301459840002,22,Typeb,Toyota,Food
2026-01-06 20:00:00,0.0,0.0,0.0,1,1,22,100,1.3306301459840002,22,Typeb,Toyota,Food
2026-01-06 21:00:00,0.0,0.0,0.0,1,1,22,100,1.3306301459840002,22,Typeb,Toyota,Food
2026-01-06 22:00:00,0.0,0.0,0.0,1,1,22,100,1.3306301459840002,22,Typeb,Toyota,Food
2026-01-06 23:00:00,0.0,0.0,0.0,1,1,22,100,1.3306301459840002,22,Typeb,Toyota,Food
2026-01-07 00:00:00,0.0,0.0,0.0,1,1,22,100,1.3306301459840002,22,Typeb,Toyota,Food
2026-01-07 01:00:00,0.0,0.0,0.0,1,1,22,100,1.3306301459840002,22,Typeb,Toyota,Food
2026-01-07 02:00:00,0.0,0.0,0.0,1,1,22,100,1.3306301459840002,22,Typeb,Toyota,Food
2026-01-07 03:00:00,0.0,0.0,0.0,1,1,22,100,1.3306301459840002,22,Typeb,Toyota,Food
2026-01-07 04:00:00,0.0,0.0,0.0,1,1,22,100,1.3306301459840002,22,Typeb,Toyota,Food
2026-01-07 05:00:00,6.942847662668045,1.397448863953913,0.20127891779450216,0,0,22,0,1.282756305344,22,Typeb,Toyota,Food
2026-01-07 06:00:00,6.942847662668045,1.5909214688556959,0.22914538041935456,0,0,22,0,1.282756305344,22,Typeb,Toyota,Food
2026-01-07 07:00:00,6.942847662668045,3.454697049713637,0.4975907894810474,0,0,22,0,1.282756305344,22,Typeb,Toyota,Food
2026-01-07 08:00:00,6.942847662668045,3.1205915549632617,0.4494685331701574,0,0,22,0,1.282756305344,22,Typeb,Toyota,Food
2026-01-07 09:00:00,6.942847662668045,1.8822016202298326,0.2710993689736997,0,0,22,0,1.282756305344,22,Typeb,Toyota,Food
2026-01-07 10:00:00,6.942847662668045,2.56996626859042,0.3701602560587964,0,0,22,0,1.282756305344,22,Typeb,Toyota,Food
2026-01-07 11:00:00,6.942847662668045,3.4371580719620956,0.49506459582050527,0,0,22,0,1.282756305344,22,Typeb,Toyota,Food
2026-01-07 12:00:00,0.0,0.0,0.0,1,1,22,100,1.282756305344,22,Typeb,Toyota,Food
2026-01-07 13:00:00,7.810703620501552,2.448064442807183,0.3134243163934038,0,0,22,0,1.282756305344,22,Typeb,Toyota,Food
2026-01-07 14:00:00,7.810703620501552,3.1802669257804936,0.4071677892671439,0,0,22,0,1.282756305344,22,Typeb,Toyota,Food
2026-01-07 15:00:00,7.810703620501552,2.714928805112391,0.3475908108952233,0,0,22,0,1.282756305344,22,Typeb,Toyota,Food
2026-01-07 16:00:00,7.810703620501552,3.0500467952369594,0.390495779052631,0,0,22,0,1.282756305344,22,Typeb,Toyota,Food
2026-01-07 17:00:00,7.810703620501552,3.6509587220544377,0.46743019572159844,0,0,22,0,1.282756305344,22,Typeb,Toyota,Food
2026-01-07 18:00:00,7.810703620501552,1.9775555603888408,0.2531853282972034,0,0,22,0,1.282756305344,22,Typeb,Toyota,Food
2026-01-07 19:00:00,0.0,0.0,0.0,1,1,22,100,1.282756305344,22,Typeb,Toyota,Food
2026-01-07 20:00:00,0.0,0.0,0.0,1,1,22,100,1.282756305344,22,Typeb,Toyota,Food
2026-01-07 21:00:00,0.0,0.0,0.0,1,1,22,100,1.282756305344,22,Typeb,Toyota,Food
2026-01-07 22:00:00,0.0,0.0,0.0,1,1,22,100,1.282756305344,22,Typeb,Toyota,Food
2026-01-07 23:00:00,0.0,0.0,0.0,1,1,22,100,1.282756305344,22,Typeb,Toyota,Food
2026-01-08 00:00:00,0.0,0.0,0.0,1,1,22,100,1.282756305344,22,Typeb,Toyota,Food
2026-01-08 01:00:00,0.0,0.0,0.0,1,1,22,100,1.282756305344,22,Typeb,Toyota,Food
2026-01-08 02:00:00,0.0,0.0,0.0,1,1,22,100,1.282756305344,22,Typeb,Toyota,Food
2026-01-08 03:00:00,0.0,0.0,0.0,1,1,22,100,1.282756305344,22,Typeb,Toyota,Food
2026-01-08 04:00:00,0.0,0.0,0.0,1,1,22,100,1.282756305344,22,Typeb,Toyota,Food
2026-01-08 05:00:00,0.0,0.0,0.0,1,1,22,100,1.282756305344,22,Typeb,Toyota,Food
2026-01-08 06:00:00,0.0,0.0,0.0,1,1,22,100,1.282756305344,22,Typeb,Toyota,Food
2026-01-08 07:00:00,8.909656065869065,1.5766467325728937,0.1769593260297309,0,0,22,0,1.176585222144,22,Typeb,Toyota,Food
2026-01-08 08:00:00,8.909656065869065,1.9595835115298115,0.21993929923249736,0,0,22,0,1.176585222144,22,Typeb,Toyota,Food
2026-01-08 09:00:00,8.909656065869065,3.006922343552317,0.33749028260149977,0,0,22,0,1.176585222144,22,Typeb,Toyota,Food
2026-01-08 10:00:00,8.909656065869065,2.0834374038024843,0.23384038490370862,0,0,22,0,1.176585222144,22,Typeb,Toyota,Food
2026-01-08 11:00:00,8.909656065869065,2.080211054828262,0.2334782666636363,0,0,22,0,1.176585222144,22,Typeb,Toyota,Food
2026-01-08 12:00:00,8.909656065869065,4.717336347669236,0.5294633499648,0,0,22,0,1.176585222144,22,Typeb,Toyota,Food
2026-01-08 13:00:00,7.318646054106732,3.0832349674240023,0.4212848858422246,0,0,22,0,1.176585222144,22,Typeb,Toyota,Food
2026-01-08 14:00:00,7.318646054106732,2.4731242720226594,0.33792101076331027,0,0,22,0,1.176585222144,22,Typeb,Toyota,Food
2026-01-08 15:00:00,7.318646054106732,3.025148189039167,0.41334806556762743,0,0,22,0,1.176585222144,22,Typeb,Toyota,Food
2026-01-08 16:00:00,7.318646054106732,3.441527324483386,0.47024098433510564,0,0,22,0,1.176585222144,22,Typeb,Toyota,Food
2026-01-08 17:00:00,7.318646054106732,2.8417893384979083,0.3882944082127441,0,0,22,0,1.176585222144,22,Typeb,Toyota,Food
2026-01-08 18:00:00,7.318646054106732,0.8611010793364479,0.11765852221440001,0,0,22,0,1.176585222144,22,Typeb,Toyota,Food
2026-01-08 19:00:00,7.318646054106732,2.197411551951897,0.3002483704918148,0,0,22,0,1.176585222144,22,Typeb,Toyota,Food
2026-01-08 20:00:00,0.0,0.0,0.0,1,1,22,100,1.176585222144,22,Typeb,Toyota,Food
2026-01-08 21:00:00,0.0,0.0,0.0,1,1,22,100,1.176585222144,22,Typeb,Toyota,Food
2026-01-08 22:00:00,0.0,0.0,0.0,1,1,22,100,1.176585222144,22,Typeb,Toyota,Food
2026-01-08 23:00:00,0.0,0.0,0.0,1,1,22,100,1.176585222144,22,Typeb,Toyota,Food
2026-01-09 00:00:00,0.0,0.0,0.0,1,1,22,100,1.176585222144,22,Typeb,Toyota,Food
2026-01-09 01:00:00,0.0,0.0,0.0,1,1,22,100,1.176585222144,22,Typeb,Toyota,Food
2026-01-09 02:00:00,0.0,0.0,0.0,1,1,22,100,1.176585222144,22,Typeb,Toyota,Food
2026-01-09 03:00:00,0.0,0.0,0.0,1,1,22,100,1.176585222144,22,Typeb,Toyota,Food
2026-01-09 04:00:00,6.324806532462552,1.6540956318654014,0.2615250954121094,0,0,22,0,1.137342385344,22,Typeb,Toyota,Food
2026-01-09 05:00:00,6.324806532462552,1.6100839177700084,0.25456650879455833,0,0,22,0,1.137342385344,22,Typeb,Toyota,Food
2026-01-09 06:00:00,6.324806532462552,1.5703270990353508,0.24828065348331643,0,0,22,0,1.137342385344,22,Typeb,Toyota,Food
2026-01-09 07:00:00,6.324806532462552,1.3742807753604083,0.21728423917898632,0,0,22,0,1.137342385344,22,Typeb,Toyota,Food
2026-01-09 08:00:00,6.324806532462552,3.237061746811622,0.5118040734047999,0,0,22,0,1.137342385344,22,Typeb,Toyota,Food
2026-01-09 09:00:00,6.324806532462552,0.7193470548470272,0.1137342385344,0,0,22,0,1.137342385344,22,Typeb,Toyota,Food
2026-01-09 10:00:00,6.324806532462552,2.2759017916975357,0.3598373768456467,0,0,22,0,1.137342385344,22,Typeb,Toyota,Food
2026-01-09 11:00:00,6.324806532462552,0.9849118775970771,0.15572205608850512,0,0,22,0,1.137342385344,22,Typeb,Toyota,Food
2026-01-09 12:00:00,6.324806532462552,3.237061746811622,0.5118040734047999,0,0,22,0,1.137342385344,22,Typeb,Toyota,Food
2026-01-09 13:00:00,5.973428391770188,2.836731807521232,0.4748917408015641,0,0,22,0,1.137342385344,22,Typeb,Toyota,Food
2026-01-09 14:00:00,5.973428391770188,1.248126694089593,0.20894645624432076,0,0,22,0,1.137342385344,22,Typeb,Toyota,Food
2026-01-09 15:00:00,5.973428391770188,1.8199811132368426,0.3046794895447809,0,0,22,0,1.137342385344,22,Typeb,Toyota,Food
2026-01-09 16:00:00,5.973428391770188,0.6793833295777478,0.1137342385344,0,0,22,0,1.137342385344,22,Typeb,Toyota,Food
2026-01-09 17:00:00,5.973428391770188,2.8984805091763604,0.48522897054724945,0,0,22,0,1.137342385344,22,Typeb,Toyota,Food
2026-01-09 18:00:00,5.973428391770188,0.9432989122931416,0.1579158316508421,0,0,22,0,1.137342385344,22,Typeb,Toyota,Food
2026-01-09 19:00:00,5.973428391770188,0.9298145205474587,0.15565843592073497,0,0,22,0,1.137342385344,22,Typeb,Toyota,Food
2026-01-09 20:00:00,5.973428391770188,2.2687235633366676,0.37980258815228646,0,0,22,0,1.137342385344,22,Typeb,Toyota,Food
2026-01-09 21:00:00,5.973428391770188,3.0572249830998652,0.5118040734047999,0,0,22,0,1.137342385344,22,Typeb,Toyota,Food
2026-01-09 22:00:00,0.0,0.0,0.0,1,1,22,100,1.137342385344,22,Typeb,Toyota,Food
2026-01-09 23:00:00,0.0,0.0,0.0,1,1,22,100,1.137342385344,22,Typeb,Toyota,Food
2026-01-10 00:00:00,0.0,0.0,0.0,1,1,22,100,1.137342385344,22,Typeb,Toyota,Food
2026-01-10 01:00:00,0.0,0.0,0.0,1,1,22,100,1.137342385344,22,Typeb,Toyota,Food
2026-01-10 02:00:00,0.0,0.0,0.0,1,1,22,100,1.137342385344,22,Typeb,Toyota,Food
2026-01-10 03:00:00,0.0,0.0,0.0,1,1,22,100,1.137342385344,22,Typeb,Toyota,Food
2026-01-10 04:00:00,0.0,0.0,0.0,1,1,22,100,1.137342385344,22,Typeb,Toyota,Food
2026-01-10 05:00:00,0.0,0.0,0.0,1,1,22,100,1.137342385344,22,Typeb,Toyota,Food
2026-01-10 06:00:00,0.0,0.0,0.0,1,1,22,100,1.137342385344,22,Typeb,Toyota,Food
2026-01-10 07:00:00,0.0,0.0,0.0,1,1,22,100,1.137342385344,22,Typeb,Toyota,Food
2026-01-10 08:00:00,0.0,0.0,0.0,1,1,22,100,1.137342385344,22,Typeb,Toyota,Food
2026-01-10 09:00:00,0.0,0.0,0.0,1,1,22,100,1.137342385344,22,Typeb,Toyota,Food
2026-01-10 10:00:00,13.333333333333334,3.8045574576204775,0.2853418093215358,0,0,22,0,1.18961004,22,Typeb,Toyota,Food
2026-01-10 11:00:00,13.333333333333334,4.727431103122015,0.3545573327341511,0,0,22,0,1.18961004,22,Typeb,Toyota,Food
2026-01-10 12:00:00,0.0,0.0,0.0,1,1,22,100,1.18961004,22,Typeb,Toyota,Food
2026-01-10 13:00:00,0.0,0.0,0.0,1,1,22,100,1.18961004,22,Typeb,Toyota,Food
2026-01-10 14:00:00,4.444444444444445,0.5287155733333334,0.11896100400000001,0,0,22,0,1.18961004,22,Typeb,Toyota,Food
2026-01-10 15:00:00,4.444444444444445,1.7605466537410972,0.3961229970917468,0,0,22,0,1.18961004,22,Typeb,Toyota,Food
2026-01-10 16:00:00,4.444444444444445,0.541689890650248,0.12188022539630579,0,0,22,0,1.18961004,22,Typeb,Toyota,Food
2026-01-10 17:00:00,4.444444444444445,2.266644631451655,0.5099950420766224,0,0,22,0,1.18961004,22,Typeb,Toyota,Food
2026-01-10 18:00:00,4.444444444444445,1.9225003639284293,0.43256258188389657,0,0,22,0,1.18961004,22,Typeb,Toyota,Food
2026-01-10 19:00:00,4.444444444444445,0.8756721456305943,0.19702623276688372,0,0,22,0,1.18961004,22,Typeb,Toyota,Food
2026-01-10 20:00:00,4.444444444444445,1.8599017199155035,0.41847788698098826,0,0,22,0,1.18961004,22,Typeb,Toyota,Food
2026-01-10 21:00:00,0.0,0.0,0.0,1,1,22,100,1.18961004,22,Typeb,Toyota,Food
2026-01-10 22:00:00,0.0,0.0,0.0,1,1,22,100,1.18961004,22,Typeb,Toyota,Food
2026-01-10 23:00:00,0.0,0.0,0.0,1,1,22,100,1.18961004,22,Typeb,Toyota,Food
2026-01-11 00:00:00,0.0,0.0,0.0,1,1,22,100,1.18961004,22,Typeb,Toyota,Food
2026-01-11 01:00:00,0.0,0.0,0.0,1,1,22,100,1.18961004,22,Typeb,Toyota,Food
2026-01-11 02:00:00,0.0,0.0,0.0,1,1,22,100,1.18961004,22,Typeb,Toyota,Food
2026-01-11 03:00:00,0.0,0.0,0.0,1,1,22,100,1.18961004,22,Typeb,Toyota,Food
2026-01-11 04:00:00,0.0,0.0,0.0,1,1,22,100,1.18961004,22,Typeb,Toyota,Food
2026-01-11 05:00:00,0.0,0.0,0.0,1,1,22,100,1.18961004,22,Typeb,Toyota,Food
2026-01-11 06:00:00,0.0,0.0,0.0,1,1,22,100,1.18961004,22,Typeb,Toyota,Food
2026-01-11 07:00:00,0.0,0.0,0.0,1,1,22,100,1.18961004,22,Typeb,Toyota,Food
2026-01-11 08:00:00,0.0,0.0,0.0,1,1,22,100,1.18961004,22,Typeb,Toyota,Food
2026-01-11 09:00:00,0.0,0.0,0.0,1,1,22,100,1.18961004,22,Typeb,Toyota,Food
2026-01-11 10:00:00,13.333333333333334,2.349687107916395,0.17622653309372963,0,0,22,0,1.122069513044,22,Typeb,Toyota,Food
2026-01-11 11:00:00,13.333333333333334,4.101384285462411,0.30760382140968084,0,0,22,0,1.122069513044,22,Typeb,Toyota,Food
2026-01-11 12:00:00,0.0,0.0,0.0,1,1,22,100,1.122069513044,22,Typeb,Toyota,Food
2026-01-11 13:00:00,4.444444444444445,1.4189407710707316,0.3192616734909146,0,0,22,0,1.122069513044,22,Typeb,Toyota,Food
2026-01-11 14:00:00,4.444444444444445,1.500321985710259,0.33757244678480824,0,0,22,0,1.122069513044,22,Typeb,Toyota,Food
2026-01-11 15:00:00,4.444444444444445,0.4986975613528889,0.1122069513044,0,0,22,0,1.122069513044,22,Typeb,Toyota,Food
2026-01-11 16:00:00,4.444444444444445,1.7379207857563659,0.3910321767951823,0,0,22,0,1.122069513044,22,Typeb,Toyota,Food
2026-01-11 17:00:00,4.444444444444445,0.8153096302598244,0.18344466680846047,0,0,22,0,1.122069513044,22,Typeb,Toyota,Food
2026-01-11 18:00:00,4.444444444444445,0.8120957886464482,0.18272155244545082,0,0,22,0,1.122069513044,22,Typeb,Toyota,Food
2026-01-11 19:00:00,4.444444444444445,0.8962713445841193,0.20166105253142683,0,0,22,0,1.122069513044,22,Typeb,Toyota,Food
2026-01-11 20:00:00,0.0,0.0,0.0,1,1,22,100,1.122069513044,22,Typeb,Toyota,Food
2026-01-11 21:00:00,0.0,0.0,0.0,1,1,22,100,1.122069513044,22,Typeb,Toyota,Food
2026-01-11 22:00:00,0.0,0.0,0.0,1,1,22,100,1.122069513044,22,Typeb,Toyota,Food
2026-01-11 23:00:00,0.0,0.0,0.0,1,1,22,100,1.122069513044,22,Typeb,Toyota,Food
2026-01-12 00:00:00,0.0,0.0,0.0,1,1,22,100,1.122069513044,22,Typeb,Toyota,Food
2026-01-12 01:00:00,0.0,0.0,0.0,1,1,22,100,1.122069513044,22,Typeb,Toyota,Food
2026-01-12 02:00:00,0.0,0.0,0.0,1,1,22,100,1.122069513044,22,Typeb,Toyota,Food
2026-01-12 03:00:00,0.0,0.0,0.0,1,1,22,100,1.122069513044,22,Typeb,Toyota,Food
2026-01-12 04:00:00,0.0,0.0,0.0,1,1,22,100,1.122069513044,22,Typeb,Toyota,Food
2026-01-12 05:00:00,4.0,0.8365314633768955,0.2091328658442239,0,0,22,0,1.119889326784,22,Typeb,Toyota,Food
2026-01-12 06:00:00,4.0,0.4479557307136,0.1119889326784,0,0,22,0,1.119889326784,22,Typeb,Toyota,Food
2026-01-12 07:00:00,4.0,1.08927235881706,0.272318089704265,0,0,22,0,1.119889326784,22,Typeb,Toyota,Food
2026-01-12 08:00:00,4.0,1.6198467154201757,0.4049616788550439,0,0,22,0,1.119889326784,22,Typeb,Toyota,Food
2026-01-12 09:00:00,4.0,1.1353481395711285,0.2838370348927821,0,0,22,0,1.119889326784,22,Typeb,Toyota,Food
2026-01-12 10:00:00,4.0,1.3537070346936988,0.3384267586734247,0,0,22,0,1.119889326784,22,Typeb,Toyota,Food
2026-01-12 11:00:00,4.0,1.4795338117894645,0.36988345294736613,0,0,22,0,1.119889326784,22,Typeb,Toyota,Food
2026-01-12 12:00:00,4.0,1.620118505847657,0.40502962646191426,0,0,22,0,1.119889326784,22,Typeb,Toyota,Food
2026-01-12 13:00:00,5.217391304347826,1.2676860855903385,0.24297316640481487,0,0,22,0,1.119889326784,22,Typeb,Toyota,Food
2026-01-12 14:00:00,5.217391304347826,0.5842900835394782,0.1119889326784,0,0,22,0,1.119889326784,22,Typeb,Toyota,Food
2026-01-12 15:00:00,5.217391304347826,1.786158199007417,0.3423469881430882,0,0,22,0,1.119889326784,22,Typeb,Toyota,Food
2026-01-12 16:00:00,5.217391304347826,2.3681467250529242,0.4538947889684772,0,0,22,0,1.119889326784,22,Typeb,Toyota,Food
2026-01-12 17:00:00,5.217391304347826,1.6475504414660895,0.3157805012810005,0,0,22,0,1.119889326784,22,Typeb,Toyota,Food
2026-01-12 18:00:00,5.217391304347826,1.7311602437449156,0.33180571338444215,0,0,22,0,1.119889326784,22,Typeb,Toyota,Food
2026-01-12 19:00:00,0.0,0.0,0.0,1,1,22,100,1.119889326784,22,Typeb,Toyota,Food
2026-01-12 20:00:00,0.0,0.0,0.0,1,1,22,100,1.119889326784,22,Typeb,Toyota,Food
2026-01-12 21:00:00,0.0,0.0,0.0,1,1,22,100,1.119889326784,22,Typeb,Toyota,Food
2026-01-12 22:00:00,0.0,0.0,0.0,1,1,22,100,1.119889326784,22,Typeb,Toyota,Food
2026-01-12 23:00:00,0.0,0.0,0.0,1,1,22,100,1.119889326784,22,Typeb,Toyota,Food
2026-01-13 00:00:00,0.0,0.0,0.0,1,1,22,100,1.119889326784,22,Typeb,Toyota,Food
2026-01-13 01:00:00,0.0,0.0,0.0,1,1,22,100,1.119889326784,22,Typeb,Toyota,Food
2026-01-13 02:00:00,0.0,0.0,0.0,1,1,22,100,1.119889326784,22,Typeb,Toyota,Food
2026-01-13 03:00:00,0.0,0.0,0.0,1,1,22,100,1.119889326784,22,Typeb,Toyota,Food
2026-01-13 04:00:00,0.0,0.0,0.0,1,1,22,100,1.119889326784,22,Typeb,Toyota,Food
2026-01-13 05:00:00,0.0,0.0,0.0,1,1,22,100,1.119889326784,22,Typeb,Toyota,Food
2026-01-13 06:00:00,0.0,0.0,0.0,1,1,22,100,1.119889326784,22,Typeb,Toyota,Food
2026-01-13 07:00:00,5.366324166352478,1.0776810789459466,0.2008229554418537,0,0,22,0,1.12425024,22,Typeb,Toyota,Food
2026-01-13 08:00:00,5.366324166352478,2.5213121126270326,0.46983969556590977,0,0,22,0,1.12425024,22,Typeb,Toyota,Food
2026-01-13 09:00:00,5.366324166352478,2.074116265786216,0.3865059585462958,0,0,22,0,1.12425024,22,Typeb,Toyota,Food
2026-01-13 10:00:00,5.366324166352478,1.7358584986228045,0.32347253814945687,0,0,22,0,1.12425024,22,Typeb,Toyota,Food
2026-01-13 11:00:00,5.366324166352478,2.305801803379382,0.42967993209151367,0,0,22,0,1.12425024,22,Typeb,Toyota,Food
2026-01-13 12:00:00,5.366324166352478,2.550955002883235,0.4753635680226031,0,0,22,0,1.12425024,22,Typeb,Toyota,Food
2026-01-13 13:00:00,5.366324166352478,1.1268283678680364,0.20998141985782204,0,0,22,0,1.12425024,22,Typeb,Toyota,Food
2026-01-13 14:00:00,5.366324166352478,0.8628617403508065,0.16079195248044412,0,0,22,0,1.12425024,22,Typeb,Toyota,Food
2026-01-13 15:00:00,5.366324166352478,1.2314889659669916,0.22948463935305677,0,0,22,0,1.12425024,22,Typeb,Toyota,Food
2026-01-13 16:00:00,5.366324166352478,1.7968531241067494,0.334838721703255,0,0,22,0,1.12425024,22,Typeb,Toyota,Food
2026-01-13 17:00:00,5.366324166352478,2.599565877442423,0.48442207307229496,0,0,22,0,1.12425024,22,Typeb,Toyota,Food
2026-01-13 18:00:00,5.366324166352478,1.278336876876028,0.23821462089289344,0,0,22,0,1.12425024,22,Typeb,Toyota,Food
2026-01-13 19:00:00,0.0,0.0,0.0,1,1,22,100,1.12425024,22,Typeb,Toyota,Food
2026-01-13 20:00:00,0.0,0.0,0.0,1,1,22,100,1.12425024,22,Typeb,Toyota,Food
2026-01-13 21:00:00,0.0,0.0,0.0,1,1,22,100,1.12425024,22,Typeb,Toyota,Food
2026-01-13 22:00:00,0.0,0.0,0.0,1,1,22,100,1.12425024,22,Typeb,Toyota,Food
2026-01-13 23:00:00,0.0,0.0,0.0,1,1,22,100,1.12425024,22,Typeb,Toyota,Food
2026-01-14 00:00:00,0.0,0.0,0.0,1,1,22,100,1.12425024,22,Typeb,Toyota,Food
2026-01-14 01:00:00,0.0,0.0,0.0,1,1,22,100,1.12425024,22,Typeb,Toyota,Food
2026-01-14 02:00:00,0.0,0.0,0.0,1,1,22,100,1.12425024,22,Typeb,Toyota,Food
2026-01-14 03:00:00,0.0,0.0,0.0,1,1,22,100,1.12425024,22,Typeb,Toyota,Food
2026-01-14 04:00:00,0.0,0.0,0.0,1,1,22,100,1.12425024,22,Typeb,Toyota,Food
2026-01-14 05:00:00,5.77459783939374,2.7468403293722017,0.47567647233085675,0,0,22,0,1.102475,22,Typeb,Toyota,Food
2026-01-14 06:00:00,5.77459783939374,2.3276121819980786,0.4030777980969232,0,0,22,0,1.102475,22,Typeb,Toyota,Food
2026-01-14 07:00:00,5.77459783939374,1.7474187559385974,0.30260440718795656,0,0,22,0,1.102475,22,Typeb,Toyota,Food
2026-01-14 08:00:00,5.77459783939374,0.6366349752985614,0.11024750000000001,0,0,22,0,1.102475,22,Typeb,Toyota,Food
2026-01-14 09:00:00,5.77459783939374,1.6012219167426427,0.2772871741507718,0,0,22,0,1.102475,22,Typeb,Toyota,Food
2026-01-14 10:00:00,5.77459783939374,2.2449191472128196,0.3887576606457685,0,0,22,0,1.102475,22,Typeb,Toyota,Food
2026-01-14 11:00:00,5.77459783939374,2.16303102205856,0.37457691119242525,0,0,22,0,1.102475,22,Typeb,Toyota,Food
2026-01-14 12:00:00,5.77459783939374,1.2434732318096053,0.21533503568452037,0,0,22,0,1.102475,22,Typeb,Toyota,Food
2026-01-14 13:00:00,0.0,0.0,0.0,1,1,22,100,1.102475,22,Typeb,Toyota,Food
2026-01-14 14:00:00,7.6119698792008395,0.8392006492571946,0.11024750000000001,0,0,22,0,1.102475,22,Typeb,Toyota,Food
2026-01-14 15:00:00,7.6119698792008395,1.8554757355115115,0.2437576297538257,0,0,22,0,1.102475,22,Typeb,Toyota,Food
2026-01-14 16:00:00,7.6119698792008395,1.3339382402770659,0.1752421858528311,0,0,22,0,1.102475,22,Typeb,Toyota,Food
2026-01-14 17:00:00,7.6119698792008395,2.277709898784004,0.2992273925055435,0,0,22,0,1.102475,22,Typeb,Toyota,Food
2026-01-14 18:00:00,7.6119698792008395,2.517997612342821,0.3307944792612841,0,0,22,0,1.102475,22,Typeb,Toyota,Food
2026-01-14 19:00:00,0.0,0.0,0.0,1,1,22,100,1.102475,22,Typeb,Toyota,Food
2026-01-14 20:00:00,0.0,0.0,0.0,1,1,22,100,1.102475,22,Typeb,Toyota,Food
2026-01-14 21:00:00,0.0,0.0,0.0,1,1,22,100,1.102475,22,Typeb,Toyota,Food
2026-01-14 22:00:00,0.0,0.0,0.0,1,1,22,100,1.102475,22,Typeb,Toyota,Food
2026-01-14 23:00:00,0.0,0.0,0.0,1,1,22,100,1.102475,22,Typeb,Toyota,Food
2026-01-01 00:00:00,0.0,0.0,0.0,1,1,23,100,1.0,23,Typeb,Toyota,Food
2026-01-01 01:00:00,0.0,0.0,0.0,1,1,23,100,1.0,23,Typeb,Toyota,Food
2026-01-01 02:00:00,0.0,0.0,0.0,1,1,23,100,1.0,23,Typeb,Toyota,Food
2026-01-01 03:00:00,0.0,0.0,0.0,1,1,23,100,1.0,23,Typeb,Toyota,Food
2026-01-01 04:00:00,0.0,0.0,0.0,1,1,23,100,1.0,23,Typeb,Toyota,Food
2026-01-01 05:00:00,0.0,0.0,0.0,1,1,23,100,1.0,23,Typeb,Toyota,Food
2026-01-01 06:00:00,0.0,0.0,0.0,1,1,23,100,1.0,23,Typeb,Toyota,Food
2026-01-01 07:00:00,9.09830439710361,1.0308172154467494,0.11329772784640002,0,0,23,0,1.1329772784640002,23,Typeb,Toyota,Food
2026-01-01 08:00:00,9.09830439710361,4.042034783915264,0.4442624259968728,0,0,23,0,1.1329772784640002,23,Typeb,Toyota,Food
2026-01-01 09:00:00,9.09830439710361,1.9972591222290865,0.21951992756638283,0,0,23,0,1.1329772784640002,23,Typeb,Toyota,Food
2026-01-01 10:00:00,9.09830439710361,2.898168366601096,0.3185393937274411,0,0,23,0,1.1329772784640002,23,Typeb,Toyota,Food
2026-01-01 11:00:00,9.09830439710361,3.993557929810063,0.4389343063836585,0,0,23,0,1.1329772784640002,23,Typeb,Toyota,Food
2026-01-01 12:00:00,0.0,0.0,0.0,1,1,23,100,1.1329772784640002,23,Typeb,Toyota,Food
2026-01-01 13:00:00,9.511863687881046,1.3807886500581448,0.14516489043229155,0,0,23,0,1.1329772784640002,23,Typeb,Toyota,Food
2026-01-01 14:00:00,9.511863687881046,2.2022289696135964,0.23152444587903742,0,0,23,0,1.1329772784640002,23,Typeb,Toyota,Food
2026-01-01 15:00:00,9.511863687881046,3.074340075429583,0.3232111157508032,0,0,23,0,1.1329772784640002,23,Typeb,Toyota,Food
2026-01-01 16:00:00,9.511863687881046,2.435096320189787,0.25600622549840724,0,0,23,0,1.1329772784640002,23,Typeb,Toyota,Food
2026-01-01 17:00:00,9.511863687881046,3.44313559271638,0.36198327748359543,0,0,23,0,1.1329772784640002,23,Typeb,Toyota,Food
2026-01-01 18:00:00,9.511863687881046,3.18103152433467,0.3344277870999755,0,0,23,0,1.1329772784640002,23,Typeb,Toyota,Food
2026-01-01 19:00:00,0.0,0.0,0.0,1,1,23,100,1.1329772784640002,23,Typeb,Toyota,Food
2026-01-01 20:00:00,0.0,0.0,0.0,1,1,23,100,1.1329772784640002,23,Typeb,Toyota,Food
2026-01-01 21:00:00,0.0,0.0,0.0,1,1,23,100,1.1329772784640002,23,Typeb,Toyota,Food
2026-01-01 22:00:00,0.0,0.0,0.0,1,1,23,100,1.1329772784640002,23,Typeb,Toyota,Food
2026-01-01 23:00:00,0.0,0.0,0.0,1,1,23,100,1.1329772784640002,23,Typeb,Toyota,Food
2026-01-02 00:00:00,0.0,0.0,0.0,1,1,23,100,1.1329772784640002,23,Typeb,Toyota,Food
2026-01-02 01:00:00,0.0,0.0,0.0,1,1,23,100,1.1329772784640002,23,Typeb,Toyota,Food
2026-01-02 02:00:00,0.0,0.0,0.0,1,1,23,100,1.1329772784640002,23,Typeb,Toyota,Food
2026-01-02 03:00:00,0.0,0.0,0.0,1,1,23,100,1.1329772784640002,23,Typeb,Toyota,Food
2026-01-02 04:00:00,0.0,0.0,0.0,1,1,23,100,1.1329772784640002,23,Typeb,Toyota,Food
2026-01-02 05:00:00,0.0,0.0,0.0,1,1,23,100,1.1329772784640002,23,Typeb,Toyota,Food
2026-01-02 06:00:00,4.821141775336536,1.9552287357952252,0.4055530467487117,0,0,23,0,1.23259004,23,Typeb,Toyota,Food
2026-01-02 07:00:00,4.821141775336536,2.6741211001684797,0.5546655180000001,0,0,23,0,1.23259004,23,Typeb,Toyota,Food
2026-01-02 08:00:00,4.821141775336536,2.267232315094803,0.47026874975825417,0,0,23,0,1.23259004,23,Typeb,Toyota,Food
2026-01-02 09:00:00,4.821141775336536,2.5102654168104754,0.5206786138611841,0,0,23,0,1.23259004,23,Typeb,Toyota,Food
2026-01-02 10:00:00,4.821141775336536,0.613624738150793,0.12727788701214027,0,0,23,0,1.23259004,23,Typeb,Toyota,Food
2026-01-02 11:00:00,4.821141775336536,1.9330570455860279,0.4009542004084898,0,0,23,0,1.23259004,23,Typeb,Toyota,Food
2026-01-02 12:00:00,4.821141775336536,0.5942491333707732,0.123259004,0,0,23,0,1.23259004,23,Typeb,Toyota,Food
2026-01-02 13:00:00,4.9997025818304826,0.6162583605326538,0.123259004,0,0,23,0,1.23259004,23,Typeb,Toyota,Food
2026-01-02 14:00:00,4.9997025818304826,1.2314524272060534,0.24630513656578273,0,0,23,0,1.23259004,23,Typeb,Toyota,Food
2026-01-02 15:00:00,4.9997025818304826,0.6162583605326538,0.123259004,0,0,23,0,1.23259004,23,Typeb,Toyota,Food
2026-01-02 16:00:00,4.9997025818304826,2.1117722689783403,0.422379578467882,0,0,23,0,1.23259004,23,Typeb,Toyota,Food
2026-01-02 17:00:00,4.9997025818304826,2.116376775785594,0.42330053461115075,0,0,23,0,1.23259004,23,Typeb,Toyota,Food
2026-01-02 18:00:00,4.9997025818304826,2.2575777405131503,0.45154240748588886,0,0,23,0,1.23259004,23,Typeb,Toyota,Food
2026-01-02 19:00:00,4.9997025818304826,1.1959166075054461,0.23919754984057454,0,0,23,0,1.23259004,23,Typeb,Toyota,Food
2026-01-02 20:00:00,0.0,0.0,0.0,1,1,23,100,1.23259004,23,Typeb,Toyota,Food
2026-01-02 21:00:00,0.0,0.0,0.0,1,1,23,100,1.23259004,23,Typeb,Toyota,Food
2026-01-02 22:00:00,0.0,0.0,0.0,1,1,23,100,1.23259004,23,Typeb,Toyota,Food
2026-01-02 23:00:00,0.0,0.0,0.0,1,1,23,100,1.23259004,23,Typeb,Toyota,Food
2026-01-03 00:00:00,0.0,0.0,0.0,1,1,23,100,1.23259004,23,Typeb,Toyota,Food
2026-01-03 01:00:00,0.0,0.0,0.0,1,1,23,100,1.23259004,23,Typeb,Toyota,Food
2026-01-03 02:00:00,0.0,0.0,0.0,1,1,23,100,1.23259004,23,Typeb,Toyota,Food
2026-01-03 03:00:00,0.0,0.0,0.0,1,1,23,100,1.23259004,23,Typeb,Toyota,Food
2026-01-03 04:00:00,0.0,0.0,0.0,1,1,23,100,1.23259004,23,Typeb,Toyota,Food
2026-01-03 05:00:00,0.0,0.0,0.0,1,1,23,100,1.23259004,23,Typeb,Toyota,Food
2026-01-03 06:00:00,0.0,0.0,0.0,1,1,23,100,1.23259004,23,Typeb,Toyota,Food
2026-01-03 07:00:00,0.0,0.0,0.0,1,1,23,100,1.23259004,23,Typeb,Toyota,Food
2026-01-03 08:00:00,0.0,0.0,0.0,1,1,23,100,1.23259004,23,Typeb,Toyota,Food
2026-01-03 09:00:00,0.0,0.0,0.0,1,1,23,100,1.23259004,23,Typeb,Toyota,Food
2026-01-03 10:00:00,10.909090909090908,3.1758237666778304,0.2911171786121345,0,0,23,0,1.209049010004,23,Typeb,Toyota,Food
2026-01-03 11:00:00,10.909090909090908,2.8261149631141405,0.2590605382854629,0,0,23,0,1.209049010004,23,Typeb,Toyota,Food
2026-01-03 12:00:00,0.0,0.0,0.0,1,1,23,100,1.209049010004,23,Typeb,Toyota,Food
2026-01-03 13:00:00,4.615384615384615,2.060672317105922,0.44647900203961643,0,0,23,0,1.209049010004,23,Typeb,Toyota,Food
2026-01-03 14:00:00,4.615384615384615,1.6249192075183232,0.3520658282956367,0,0,23,0,1.209049010004,23,Typeb,Toyota,Food
2026-01-03 15:00:00,4.615384615384615,1.822324597218756,0.3948369960640639,0,0,23,0,1.209049010004,23,Typeb,Toyota,Food
2026-01-03 16:00:00,4.615384615384615,1.8281217120406543,0.3960930376088085,0,0,23,0,1.209049010004,23,Typeb,Toyota,Food
2026-01-03 17:00:00,4.615384615384615,0.9551627806581418,0.20695193580926405,0,0,23,0,1.209049010004,23,Typeb,Toyota,Food
2026-01-03 18:00:00,4.615384615384615,1.5719168383799778,0.3405819816489952,0,0,23,0,1.209049010004,23,Typeb,Toyota,Food
2026-01-03 19:00:00,4.615384615384615,1.9544555977265992,0.4234653795074299,0,0,23,0,1.209049010004,23,Typeb,Toyota,Food
2026-01-03 20:00:00,0.0,0.0,0.0,1,1,23,100,1.209049010004,23,Typeb,Toyota,Food
2026-01-03 21:00:00,0.0,0.0,0.0,1,1,23,100,1.209049010004,23,Typeb,Toyota,Food
2026-01-03 22:00:00,0.0,0.0,0.0,1,1,23,100,1.209049010004,23,Typeb,Toyota,Food
2026-01-03 23:00:00,0.0,0.0,0.0,1,1,23,100,1.209049010004,23,Typeb,Toyota,Food
2026-01-04 00:00:00,0.0,0.0,0.0,1,1,23,100,1.209049010004,23,Typeb,Toyota,Food
2026-01-04 01:00:00,0.0,0.0,0.0,1,1,23,100,1.209049010004,23,Typeb,Toyota,Food
2026-01-04 02:00:00,0.0,0.0,0.0,1,1,23,100,1.209049010004,23,Typeb,Toyota,Food
2026-01-04 03:00:00,0.0,0.0,0.0,1,1,23,100,1.209049010004,23,Typeb,Toyota,Food
2026-01-04 04:00:00,0.0,0.0,0.0,1,1,23,100,1.209049010004,23,Typeb,Toyota,Food
2026-01-04 05:00:00,0.0,0.0,0.0,1,1,23,100,1.209049010004,23,Typeb,Toyota,Food
2026-01-04 06:00:00,0.0,0.0,0.0,1,1,23,100,1.209049010004,23,Typeb,Toyota,Food
2026-01-04 07:00:00,0.0,0.0,0.0,1,1,23,100,1.209049010004,23,Typeb,Toyota,Food
2026-01-04 08:00:00,0.0,0.0,0.0,1,1,23,100,1.209049010004,23,Typeb,Toyota,Food
2026-01-04 09:00:00,0.0,0.0,0.0,1,1,23,100,1.209049010004,23,Typeb,Toyota,Food
2026-01-04 10:00:00,10.909090909090908,5.046463733027467,0.4625925088608512,0,0,23,0,1.3050301525,23,Typeb,Toyota,Food
2026-01-04 11:00:00,10.909090909090908,6.406511657727274,0.5872635686250001,0,0,23,0,1.3050301525,23,Typeb,Toyota,Food
2026-01-04 12:00:00,10.909090909090908,1.4236692572727272,0.13050301525000002,0,0,23,0,1.3050301525,23,Typeb,Toyota,Food
2026-01-04 13:00:00,5.217391304347826,1.7902795174887907,0.34313690751868486,0,0,23,0,1.3050301525,23,Typeb,Toyota,Food
2026-01-04 14:00:00,5.217391304347826,0.6825675132670377,0.1308254400428489,0,0,23,0,1.3050301525,23,Typeb,Toyota,Food
2026-01-04 15:00:00,5.217391304347826,2.8349544521947885,0.5433662700040012,0,0,23,0,1.3050301525,23,Typeb,Toyota,Food
2026-01-04 16:00:00,5.217391304347826,0.8350650045912904,0.16005412587999734,0,0,23,0,1.3050301525,23,Typeb,Toyota,Food
2026-01-04 17:00:00,5.217391304347826,1.6484530497651417,0.3159535012049855,0,0,23,0,1.3050301525,23,Typeb,Toyota,Food
2026-01-04 18:00:00,5.217391304347826,1.2054637085136612,0.23104721079845175,0,0,23,0,1.3050301525,23,Typeb,Toyota,Food
2026-01-04 19:00:00,0.0,0.0,0.0,1,1,23,100,1.3050301525,23,Typeb,Toyota,Food
2026-01-04 20:00:00,0.0,0.0,0.0,1,1,23,100,1.3050301525,23,Typeb,Toyota,Food
2026-01-04 21:00:00,0.0,0.0,0.0,1,1,23,100,1.3050301525,23,Typeb,Toyota,Food
2026-01-04 22:00:00,0.0,0.0,0.0,1,1,23,100,1.3050301525,23,Typeb,Toyota,Food
2026-01-04 23:00:00,0.0,0.0,0.0,1,1,23,100,1.3050301525,23,Typeb,Toyota,Food
2026-01-05 00:00:00,0.0,0.0,0.0,1,1,23,100,1.3050301525,23,Typeb,Toyota,Food
2026-01-05 01:00:00,0.0,0.0,0.0,1,1,23,100,1.3050301525,23,Typeb,Toyota,Food
2026-01-05 02:00:00,0.0,0.0,0.0,1,1,23,100,1.3050301525,23,Typeb,Toyota,Food
2026-01-05 03:00:00,0.0,0.0,0.0,1,1,23,100,1.3050301525,23,Typeb,Toyota,Food
2026-01-05 04:00:00,0.0,0.0,0.0,1,1,23,100,1.3050301525,23,Typeb,Toyota,Food
2026-01-05 05:00:00,5.203563630440351,0.6380597128961364,0.12261975796040002,0,0,23,0,1.226197579604,23,Typeb,Toyota,Food
2026-01-05 06:00:00,5.203563630440351,0.907494237661217,0.1743986049007765,0,0,23,0,1.226197579604,23,Typeb,Toyota,Food
2026-01-05 07:00:00,5.203563630440351,1.9571988157727453,0.37612662297878297,0,0,23,0,1.226197579604,23,Typeb,Toyota,Food
2026-01-05 08:00:00,5.203563630440351,1.1281116256901507,0.21679597018681682,0,0,23,0,1.226197579604,23,Typeb,Toyota,Food
2026-01-05 09:00:00,5.203563630440351,1.5270222859834985,0.29345702184759764,0,0,23,0,1.226197579604,23,Typeb,Toyota,Food
2026-01-05 10:00:00,5.203563630440351,2.6512545442185513,0.509507470747348,0,0,23,0,1.226197579604,23,Typeb,Toyota,Food
2026-01-05 11:00:00,5.203563630440351,2.4125359641726156,0.4636314909381544,0,0,23,0,1.226197579604,23,Typeb,Toyota,Food
2026-01-05 12:00:00,5.203563630440351,0.7362874042346301,0.1414967619358816,0,0,23,0,1.226197579604,23,Typeb,Toyota,Food
2026-01-05 13:00:00,6.404386006695817,2.784306297933751,0.4347499190434094,0,0,23,0,1.226197579604,23,Typeb,Toyota,Food
2026-01-05 14:00:00,6.404386006695817,2.319469666146113,0.36216893605742945,0,0,23,0,1.226197579604,23,Typeb,Toyota,Food
2026-01-05 15:00:00,6.404386006695817,1.8926280642352244,0.29552061075901304,0,0,23,0,1.226197579604,23,Typeb,Toyota,Food
2026-01-05 16:00:00,6.404386006695817,2.066726104086697,0.32270479979281774,0,0,23,0,1.226197579604,23,Typeb,Toyota,Food
2026-01-05 17:00:00,6.404386006695817,2.3351775460588993,0.3646216114421367,0,0,23,0,1.226197579604,23,Typeb,Toyota,Food
2026-01-05 18:00:00,6.404386006695817,1.6369908115709746,0.2556046449822813,0,0,23,0,1.226197579604,23,Typeb,Toyota,Food
2026-01-05 19:00:00,6.404386006695817,2.0503743843811604,0.3201515933357989,0,0,23,0,1.226197579604,23,Typeb,Toyota,Food
2026-01-05 20:00:00,0.0,0.0,0.0,1,1,23,100,1.226197579604,23,Typeb,Toyota,Food
2026-01-05 21:00:00,0.0,0.0,0.0,1,1,23,100,1.226197579604,23,Typeb,Toyota,Food
2026-01-05 22:00:00,0.0,0.0,0.0,1,1,23,100,1.226197579604,23,Typeb,Toyota,Food
2026-01-05 23:00:00,0.0,0.0,0.0,1,1,23,100,1.226197579604,23,Typeb,Toyota,Food
2026-01-06 00:00:00,0.0,0.0,0.0,1,1,23,100,1.226197579604,23,Typeb,Toyota,Food
2026-01-06 01:00:00,0.0,0.0,0.0,1,1,23,100,1.226197579604,23,Typeb,Toyota,Food
2026-01-06 02:00:00,0.0,0.0,0.0,1,1,23,100,1.226197579604,23,Typeb,Toyota,Food
2026-01-06 03:00:00,0.0,0.0,0.0,1,1,23,100,1.226197579604,23,Typeb,Toyota,Food
2026-01-06 04:00:00,0.0,0.0,0.0,1,1,23,100,1.226197579604,23,Typeb,Toyota,Food
2026-01-06 05:00:00,0.0,0.0,0.0,1,1,23,100,1.226197579604,23,Typeb,Toyota,Food
2026-01-06 06:00:00,7.276778852025813,1.0401185285892176,0.14293666878438316,0,0,23,0,1.3306301459840002,23,Typeb,Toyota,Food
2026-01-06 07:00:00,7.276778852025813,3.146810941796099,0.43244559245057246,0,0,23,0,1.3306301459840002,23,Typeb,Toyota,Food
2026-01-06 08:00:00,7.276778852025813,3.353037037223168,0.46078589241305606,0,0,23,0,1.3306301459840002,23,Typeb,Toyota,Food
2026-01-06 09:00:00,7.276778852025813,4.357215587773976,0.5987835656928001,0,0,23,0,1.3306301459840002,23,Typeb,Toyota,Food
2026-01-06 10:00:00,7.276778852025813,2.2161722393973884,0.3045540182632346,0,0,23,0,1.3306301459840002,23,Typeb,Toyota,Food
2026-01-06 11:00:00,7.276778852025813,1.9795144787605392,0.27203169410727024,0,0,23,0,1.3306301459840002,23,Typeb,Toyota,Food
2026-01-06 12:00:00,0.0,0.0,0.0,1,1,23,100,1.3306301459840002,23,Typeb,Toyota,Food
2026-01-06 13:00:00,0.0,0.0,0.0,1,1,23,100,1.3306301459840002,23,Typeb,Toyota,Food
2026-01-06 14:00:00,7.276778852025813,2.915822856511726,0.4007024145992808,0,0,23,0,1.3306301459840002,23,Typeb,Toyota,Food
2026-01-06 15:00:00,7.276778852025813,1.2596153198344715,0.17310067345028657,0,0,23,0,1.3306301459840002,23,Typeb,Toyota,Food
2026-01-06 16:00:00,7.276778852025813,0.9682701306164394,0.13306301459840003,0,0,23,0,1.3306301459840002,23,Typeb,Toyota,Food
2026-01-06 17:00:00,7.276778852025813,2.975900694175519,0.4089585178677026,0,0,23,0,1.3306301459840002,23,Typeb,Toyota,Food
2026-01-06 18:00:00,7.276778852025813,4.357215587773976,0.5987835656928001,0,0,23,0,1.3306301459840002,23,Typeb,Toyota,Food
2026-01-06 19:00:00,7.276778852025813,4.32262082464355,0.5940294342516892,0,0,23,0,1.3306301459840002,23,Typeb,Toyota,Food
2026-01-06 20:00:00,0.0,0.0,0.0,1,1,23,100,1.3306301459840002,23,Typeb,Toyota,Food
2026-01-06 21:00:00,0.0,0.0,0.0,1,1,23,100,1.3306301459840002,23,Typeb,Toyota,Food
2026-01-06 22:00:00,0.0,0.0,0.0,1,1,23,100,1.3306301459840002,23,Typeb,Toyota,Food
2026-01-06 23:00:00,0.0,0.0,0.0,1,1,23,100,1.3306301459840002,23,Typeb,Toyota,Food
2026-01-07 00:00:00,0.0,0.0,0.0,1,1,23,100,1.3306301459840002,23,Typeb,Toyota,Food
2026-01-07 01:00:00,0.0,0.0,0.0,1,1,23,100,1.3306301459840002,23,Typeb,Toyota,Food
2026-01-07 02:00:00,0.0,0.0,0.0,1,1,23,100,1.3306301459840002,23,Typeb,Toyota,Food
2026-01-07 03:00:00,0.0,0.0,0.0,1,1,23,100,1.3306301459840002,23,Typeb,Toyota,Food
2026-01-07 04:00:00,0.0,0.0,0.0,1,1,23,100,1.3306301459840002,23,Typeb,Toyota,Food
2026-01-07 05:00:00,0.0,0.0,0.0,1,1,23,100,1.3306301459840002,23,Typeb,Toyota,Food
2026-01-07 06:00:00,0.0,0.0,0.0,1,1,23,100,1.3306301459840002,23,Typeb,Toyota,Food
2026-01-07 07:00:00,9.104582106455439,2.2434021832780786,0.2464036412706339,0,0,23,0,1.282756305344,23,Typeb,Toyota,Food
2026-01-07 08:00:00,9.104582106455439,3.1723376383969066,0.34843308581374843,0,0,23,0,1.282756305344,23,Typeb,Toyota,Food
2026-01-07 09:00:00,9.104582106455439,4.149940166408345,0.4558078688165056,0,0,23,0,1.282756305344,23,Typeb,Toyota,Food
2026-01-07 10:00:00,9.104582106455439,3.78329418194545,0.4155373786198242,0,0,23,0,1.282756305344,23,Typeb,Toyota,Food
2026-01-07 11:00:00,9.104582106455439,4.588408635497401,0.5039669676045948,0,0,23,0,1.282756305344,23,Typeb,Toyota,Food
2026-01-07 12:00:00,0.0,0.0,0.0,1,1,23,100,1.282756305344,23,Typeb,Toyota,Food
2026-01-07 13:00:00,7.003524697273415,0.9361985033074262,0.13367533403172027,0,0,23,0,1.282756305344,23,Typeb,Toyota,Food
2026-01-07 14:00:00,7.003524697273415,2.3793961182417926,0.3397426611728991,0,0,23,0,1.282756305344,23,Typeb,Toyota,Food
2026-01-07 15:00:00,7.003524697273415,3.750479879921773,0.5355131940038558,0,0,23,0,1.282756305344,23,Typeb,Toyota,Food
2026-01-07 16:00:00,7.003524697273415,3.4259301308589207,0.48917227809487,0,0,23,0,1.282756305344,23,Typeb,Toyota,Food
2026-01-07 17:00:00,7.003524697273415,2.74987276750452,0.39264126084614076,0,0,23,0,1.282756305344,23,Typeb,Toyota,Food
2026-01-07 18:00:00,7.003524697273415,2.6717736931911307,0.38148986527188167,0,0,23,0,1.282756305344,23,Typeb,Toyota,Food
2026-01-07 19:00:00,7.003524697273415,3.0836181121610124,0.4402951721383256,0,0,23,0,1.282756305344,23,Typeb,Toyota,Food
2026-01-07 20:00:00,0.0,0.0,0.0,1,1,23,100,1.282756305344,23,Typeb,Toyota,Food
2026-01-07 21:00:00,0.0,0.0,0.0,1,1,23,100,1.282756305344,23,Typeb,Toyota,Food
2026-01-07 22:00:00,0.0,0.0,0.0,1,1,23,100,1.282756305344,23,Typeb,Toyota,Food
2026-01-07 23:00:00,0.0,0.0,0.0,1,1,23,100,1.282756305344,23,Typeb,Toyota,Food
2026-01-08 00:00:00,0.0,0.0,0.0,1,1,23,100,1.282756305344,23,Typeb,Toyota,Food
2026-01-08 01:00:00,0.0,0.0,0.0,1,1,23,100,1.282756305344,23,Typeb,Toyota,Food
2026-01-08 02:00:00,0.0,0.0,0.0,1,1,23,100,1.282756305344,23,Typeb,Toyota,Food
2026-01-08 03:00:00,0.0,0.0,0.0,1,1,23,100,1.282756305344,23,Typeb,Toyota,Food
2026-01-08 04:00:00,0.0,0.0,0.0,1,1,23,100,1.282756305344,23,Typeb,Toyota,Food
2026-01-08 05:00:00,0.0,0.0,0.0,1,1,23,100,1.282756305344,23,Typeb,Toyota,Food
2026-01-08 06:00:00,4.615384615384615,1.9888064740540081,0.4309080693783685,0,0,23,0,1.176585222144,23,Typeb,Toyota,Food
2026-01-08 07:00:00,4.615384615384615,1.956985107877547,0.42401344004013525,0,0,23,0,1.176585222144,23,Typeb,Toyota,Food
2026-01-08 08:00:00,4.615384615384615,2.3536975691398796,0.509967806646974,0,0,23,0,1.176585222144,23,Typeb,Toyota,Food
2026-01-08 09:00:00,4.615384615384615,1.0216725202124404,0.22136237937936212,0,0,23,0,1.176585222144,23,Typeb,Toyota,Food
2026-01-08 10:00:00,4.615384615384615,1.5502637135193567,0.3358904712625273,0,0,23,0,1.176585222144,23,Typeb,Toyota,Food
2026-01-08 11:00:00,4.615384615384615,1.207974491038034,0.261727806391574,0,0,23,0,1.176585222144,23,Typeb,Toyota,Food
2026-01-08 12:00:00,0.0,0.0,0.0,1,1,23,100,1.176585222144,23,Typeb,Toyota,Food
2026-01-08 13:00:00,4.8,1.5582137700705534,0.3246278687646986,0,0,23,0,1.176585222144,23,Typeb,Toyota,Food
2026-01-08 14:00:00,4.8,1.212773678855651,0.2526611830949273,0,0,23,0,1.176585222144,23,Typeb,Toyota,Food
2026-01-08 15:00:00,4.8,2.2780901375912967,0.4746021119981869,0,0,23,0,1.176585222144,23,Typeb,Toyota,Food
2026-01-08 16:00:00,4.8,2.059046144550853,0.42896794678142774,0,0,23,0,1.176585222144,23,Typeb,Toyota,Food
2026-01-08 17:00:00,4.8,0.7911129439205642,0.16481519665011754,0,0,23,0,1.176585222144,23,Typeb,Toyota,Food
2026-01-08 18:00:00,4.8,0.56476090662912,0.11765852221440001,0,0,23,0,1.176585222144,23,Typeb,Toyota,Food
2026-01-08 19:00:00,0.0,0.0,0.0,1,1,23,100,1.176585222144,23,Typeb,Toyota,Food
2026-01-08 20:00:00,0.0,0.0,0.0,1,1,23,100,1.176585222144,23,Typeb,Toyota,Food
2026-01-08 21:00:00,0.0,0.0,0.0,1,1,23,100,1.176585222144,23,Typeb,Toyota,Food
2026-01-08 22:00:00,0.0,0.0,0.0,1,1,23,100,1.176585222144,23,Typeb,Toyota,Food
2026-01-08 23:00:00,0.0,0.0,0.0,1,1,23,100,1.176585222144,23,Typeb,Toyota,Food
2026-01-09 00:00:00,0.0,0.0,0.0,1,1,23,100,1.176585222144,23,Typeb,Toyota,Food
2026-01-09 01:00:00,0.0,0.0,0.0,1,1,23,100,1.176585222144,23,Typeb,Toyota,Food
2026-01-09 02:00:00,0.0,0.0,0.0,1,1,23,100,1.176585222144,23,Typeb,Toyota,Food
2026-01-09 03:00:00,0.0,0.0,0.0,1,1,23,100,1.176585222144,23,Typeb,Toyota,Food
2026-01-09 04:00:00,0.0,0.0,0.0,1,1,23,100,1.176585222144,23,Typeb,Toyota,Food
2026-01-09 05:00:00,0.0,0.0,0.0,1,1,23,100,1.176585222144,23,Typeb,Toyota,Food
2026-01-09 06:00:00,0.0,0.0,0.0,1,1,23,100,1.176585222144,23,Typeb,Toyota,Food
2026-01-09 07:00:00,0.0,0.0,0.0,1,1,23,100,1.176585222144,23,Typeb,Toyota,Food
2026-01-09 08:00:00,9.939873111533595,2.263254709940103,0.22769452733898246,0,0,23,0,1.137342385344,23,Typeb,Toyota,Food
2026-01-09 09:00:00,9.939873111533595,1.1305038994688306,0.1137342385344,0,0,23,0,1.137342385344,23,Typeb,Toyota,Food
2026-01-09 10:00:00,9.939873111533595,2.3985048110633835,0.24130135104846676,0,0,23,0,1.137342385344,23,Typeb,Toyota,Food
2026-01-09 11:00:00,9.939873111533595,3.317103804027764,0.3337169163838528,0,0,23,0,1.137342385344,23,Typeb,Toyota,Food
2026-01-09 12:00:00,9.939873111533595,2.097886728988904,0.2110576971606056,0,0,23,0,1.137342385344,23,Typeb,Toyota,Food
2026-01-09 13:00:00,8.211199526919057,4.20252536541674,0.5118040734047999,0,0,23,0,1.137342385344,23,Typeb,Toyota,Food
2026-01-09 14:00:00,8.211199526919057,2.531646360388993,0.30831626391362316,0,0,23,0,1.137342385344,23,Typeb,Toyota,Food
2026-01-09 15:00:00,8.211199526919057,0.9588052058218025,0.11676798288465877,0,0,23,0,1.137342385344,23,Typeb,Toyota,Food
2026-01-09 16:00:00,8.211199526919057,4.20252536541674,0.5118040734047999,0,0,23,0,1.137342385344,23,Typeb,Toyota,Food
2026-01-09 17:00:00,8.211199526919057,4.172118987037639,0.508101036073967,0,0,23,0,1.137342385344,23,Typeb,Toyota,Food
2026-01-09 18:00:00,8.211199526919057,2.224506310554921,0.2709112478952979,0,0,23,0,1.137342385344,23,Typeb,Toyota,Food
2026-01-09 19:00:00,0.0,0.0,0.0,1,1,23,100,1.137342385344,23,Typeb,Toyota,Food
2026-01-09 20:00:00,0.0,0.0,0.0,1,1,23,100,1.137342385344,23,Typeb,Toyota,Food
2026-01-09 21:00:00,0.0,0.0,0.0,1,1,23,100,1.137342385344,23,Typeb,Toyota,Food
2026-01-09 22:00:00,0.0,0.0,0.0,1,1,23,100,1.137342385344,23,Typeb,Toyota,Food
2026-01-09 23:00:00,0.0,0.0,0.0,1,1,23,100,1.137342385344,23,Typeb,Toyota,Food
2026-01-10 00:00:00,0.0,0.0,0.0,1,1,23,100,1.137342385344,23,Typeb,Toyota,Food
2026-01-10 01:00:00,0.0,0.0,0.0,1,1,23,100,1.137342385344,23,Typeb,Toyota,Food
2026-01-10 02:00:00,0.0,0.0,0.0,1,1,23,100,1.137342385344,23,Typeb,Toyota,Food
2026-01-10 03:00:00,0.0,0.0,0.0,1,1,23,100,1.137342385344,23,Typeb,Toyota,Food
2026-01-10 04:00:00,0.0,0.0,0.0,1,1,23,100,1.137342385344,23,Typeb,Toyota,Food
2026-01-10 05:00:00,0.0,0.0,0.0,1,1,23,100,1.137342385344,23,Typeb,Toyota,Food
2026-01-10 06:00:00,0.0,0.0,0.0,1,1,23,100,1.137342385344,23,Typeb,Toyota,Food
2026-01-10 07:00:00,0.0,0.0,0.0,1,1,23,100,1.137342385344,23,Typeb,Toyota,Food
2026-01-10 08:00:00,0.0,0.0,0.0,1,1,23,100,1.137342385344,23,Typeb,Toyota,Food
2026-01-10 09:00:00,0.0,0.0,0.0,1,1,23,100,1.137342385344,23,Typeb,Toyota,Food
2026-01-10 10:00:00,0.0,0.0,0.0,1,1,23,100,1.137342385344,23,Typeb,Toyota,Food
2026-01-10 11:00:00,24.0,2.8550640960000004,0.11896100400000001,0,0,23,0,1.18961004,23,Typeb,Toyota,Food
2026-01-10 12:00:00,0.0,0.0,0.0,1,1,23,100,1.18961004,23,Typeb,Toyota,Food
2026-01-10 13:00:00,5.454545454545454,2.532514154571028,0.4642942616713551,0,0,23,0,1.18961004,23,Typeb,Toyota,Food
2026-01-10 14:00:00,5.454545454545454,2.1127909199804997,0.38734500199642496,0,0,23,0,1.18961004,23,Typeb,Toyota,Food
2026-01-10 15:00:00,5.454545454545454,2.205324762296537,0.4043095397543652,0,0,23,0,1.18961004,23,Typeb,Toyota,Food
2026-01-10 16:00:00,5.454545454545454,1.6768137741798146,0.3074158585996327,0,0,23,0,1.18961004,23,Typeb,Toyota,Food
2026-01-10 17:00:00,5.454545454545454,2.247126012683538,0.4119731023253153,0,0,23,0,1.18961004,23,Typeb,Toyota,Food
2026-01-10 18:00:00,5.454545454545454,0.6488782036363636,0.11896100400000001,0,0,23,0,1.18961004,23,Typeb,Toyota,Food
2026-01-10 19:00:00,0.0,0.0,0.0,1,1,23,100,1.18961004,23,Typeb,Toyota,Food
2026-01-10 20:00:00,0.0,0.0,0.0,1,1,23,100,1.18961004,23,Typeb,Toyota,Food
2026-01-10 21:00:00,0.0,0.0,0.0,1,1,23,100,1.18961004,23,Typeb,Toyota,Food
2026-01-10 22:00:00,0.0,0.0,0.0,1,1,23,100,1.18961004,23,Typeb,Toyota,Food
2026-01-10 23:00:00,0.0,0.0,0.0,1,1,23,100,1.18961004,23,Typeb,Toyota,Food
2026-01-11 00:00:00,0.0,0.0,0.0,1,1,23,100,1.18961004,23,Typeb,Toyota,Food
2026-01-11 01:00:00,0.0,0.0,0.0,1,1,23,100,1.18961004,23,Typeb,Toyota,Food
2026-01-11 02:00:00,0.0,0.0,0.0,1,1,23,100,1.18961004,23,Typeb,Toyota,Food
2026-01-11 03:00:00,0.0,0.0,0.0,1,1,23,100,1.18961004,23,Typeb,Toyota,Food
2026-01-11 04:00:00,0.0,0.0,0.0,1,1,23,100,1.18961004,23,Typeb,Toyota,Food
2026-01-11 05:00:00,0.0,0.0,0.0,1,1,23,100,1.18961004,23,Typeb,Toyota,Food
2026-01-11 06:00:00,0.0,0.0,0.0,1,1,23,100,1.18961004,23,Typeb,Toyota,Food
2026-01-11 07:00:00,0.0,0.0,0.0,1,1,23,100,1.18961004,23,Typeb,Toyota,Food
2026-01-11 08:00:00,0.0,0.0,0.0,1,1,23,100,1.18961004,23,Typeb,Toyota,Food
2026-01-11 09:00:00,9.23076923076923,2.559045797898848,0.2772299614390419,0,0,23,0,1.122069513044,23,Typeb,Toyota,Food
2026-01-11 10:00:00,9.23076923076923,4.133232022453267,0.44776680243243727,0,0,23,0,1.122069513044,23,Typeb,Toyota,Food
2026-01-11 11:00:00,9.23076923076923,1.1657908678577462,0.12629401068458918,0,0,23,0,1.122069513044,23,Typeb,Toyota,Food
2026-01-11 12:00:00,0.0,0.0,0.0,1,1,23,100,1.122069513044,23,Typeb,Toyota,Food
2026-01-11 13:00:00,0.0,0.0,0.0,1,1,23,100,1.122069513044,23,Typeb,Toyota,Food
2026-01-11 14:00:00,5.0,1.8546777846492095,0.37093555692984187,0,0,23,0,1.122069513044,23,Typeb,Toyota,Food
2026-01-11 15:00:00,5.0,0.561034756522,0.1122069513044,0,0,23,0,1.122069513044,23,Typeb,Toyota,Food
2026-01-11 16:00:00,5.0,1.5858345663511555,0.3171669132702311,0,0,23,0,1.122069513044,23,Typeb,Toyota,Food
2026-01-11 17:00:00,5.0,1.5623425083896942,0.3124685016779389,0,0,23,0,1.122069513044,23,Typeb,Toyota,Food
2026-01-11 18:00:00,5.0,1.7748565548486726,0.35497131096973455,0,0,23,0,1.122069513044,23,Typeb,Toyota,Food
2026-01-11 19:00:00,5.0,0.8568720347339441,0.17137440694678882,0,0,23,0,1.122069513044,23,Typeb,Toyota,Food
2026-01-11 20:00:00,0.0,0.0,0.0,1,1,23,100,1.122069513044,23,Typeb,Toyota,Food
2026-01-11 21:00:00,0.0,0.0,0.0,1,1,23,100,1.122069513044,23,Typeb,Toyota,Food
2026-01-11 22:00:00,0.0,0.0,0.0,1,1,23,100,1.122069513044,23,Typeb,Toyota,Food
2026-01-11 23:00:00,0.0,0.0,0.0,1,1,23,100,1.122069513044,23,Typeb,Toyota,Food
2026-01-12 00:00:00,0.0,0.0,0.0,1,1,23,100,1.122069513044,23,Typeb,Toyota,Food
2026-01-12 01:00:00,0.0,0.0,0.0,1,1,23,100,1.122069513044,23,Typeb,Toyota,Food
2026-01-12 02:00:00,0.0,0.0,0.0,1,1,23,100,1.122069513044,23,Typeb,Toyota,Food
2026-01-12 03:00:00,0.0,0.0,0.0,1,1,23,100,1.122069513044,23,Typeb,Toyota,Food
2026-01-12 04:00:00,0.0,0.0,0.0,1,1,23,100,1.122069513044,23,Typeb,Toyota,Food
2026-01-12 05:00:00,9.523875817022745,3.508056889097406,0.368343409395069,0,0,23,0,1.119889326784,23,Typeb,Toyota,Food
2026-01-12 06:00:00,9.523875817022745,4.615467984365802,0.4846207650163,0,0,23,0,1.119889326784,23,Typeb,Toyota,Food
2026-01-12 07:00:00,9.523875817022745,4.673682617557136,0.49073325895361947,0,0,23,0,1.119889326784,23,Typeb,Toyota,Food
2026-01-12 08:00:00,9.523875817022745,1.9662098714218494,0.20645059944056532,0,0,23,0,1.119889326784,23,Typeb,Toyota,Food
2026-01-12 09:00:00,9.523875817022745,1.5471514878351804,0.1624497754443458,0,0,23,0,1.119889326784,23,Typeb,Toyota,Food
2026-01-12 10:00:00,9.523875817022745,3.0698188651083256,0.3223287371745656,0,0,23,0,1.119889326784,23,Typeb,Toyota,Food
2026-01-12 11:00:00,9.523875817022745,4.105224438087238,0.4310455655826234,0,0,23,0,1.119889326784,23,Typeb,Toyota,Food
2026-01-12 12:00:00,0.0,0.0,0.0,1,1,23,100,1.119889326784,23,Typeb,Toyota,Food
2026-01-12 13:00:00,9.864014239059271,3.4728682089821796,0.3520745332291193,0,0,23,0,1.119889326784,23,Typeb,Toyota,Food
2026-01-12 14:00:00,9.864014239059271,3.8302853851145997,0.3883089878304853,0,0,23,0,1.119889326784,23,Typeb,Toyota,Food
2026-01-12 15:00:00,9.864014239059271,1.1988140099873854,0.12153409159126641,0,0,23,0,1.119889326784,23,Typeb,Toyota,Food
2026-01-12 16:00:00,9.864014239059271,1.1046604265567876,0.1119889326784,0,0,23,0,1.119889326784,23,Typeb,Toyota,Food
2026-01-12 17:00:00,9.864014239059271,1.2518367190325217,0.12690945985008117,0,0,23,0,1.119889326784,23,Typeb,Toyota,Food
2026-01-12 18:00:00,9.864014239059271,3.481880013110498,0.35298813735720685,0,0,23,0,1.119889326784,23,Typeb,Toyota,Food
2026-01-12 19:00:00,9.864014239059271,2.1715885267889368,0.22015261476305825,0,0,23,0,1.119889326784,23,Typeb,Toyota,Food
2026-01-12 20:00:00,0.0,0.0,0.0,1,1,23,100,1.119889326784,23,Typeb,Toyota,Food
2026-01-12 21:00:00,0.0,0.0,0.0,1,1,23,100,1.119889326784,23,Typeb,Toyota,Food
2026-01-12 22:00:00,0.0,0.0,0.0,1,1,23,100,1.119889326784,23,Typeb,Toyota,Food
2026-01-12 23:00:00,0.0,0.0,0.0,1,1,23,100,1.119889326784,23,Typeb,Toyota,Food
2026-01-13 00:00:00,0.0,0.0,0.0,1,1,23,100,1.119889326784,23,Typeb,Toyota,Food
2026-01-13 01:00:00,0.0,0.0,0.0,1,1,23,100,1.119889326784,23,Typeb,Toyota,Food
2026-01-13 02:00:00,0.0,0.0,0.0,1,1,23,100,1.119889326784,23,Typeb,Toyota,Food
2026-01-13 03:00:00,0.0,0.0,0.0,1,1,23,100,1.119889326784,23,Typeb,Toyota,Food
2026-01-13 04:00:00,0.0,0.0,0.0,1,1,23,100,1.119889326784,23,Typeb,Toyota,Food
2026-01-13 05:00:00,0.0,0.0,0.0,1,1,23,100,1.119889326784,23,Typeb,Toyota,Food
2026-01-13 06:00:00,0.0,0.0,0.0,1,1,23,100,1.119889326784,23,Typeb,Toyota,Food
2026-01-13 07:00:00,5.7828573680410695,1.5383748713131231,0.26602331224957126,0,0,23,0,1.12425024,23,Typeb,Toyota,Food
2026-01-13 08:00:00,5.7828573680410695,0.9116285420517893,0.15764326941381948,0,0,23,0,1.12425024,23,Typeb,Toyota,Food
2026-01-13 09:00:00,5.7828573680410695,2.1756674074380333,0.37622705679407686,0,0,23,0,1.12425024,23,Typeb,Toyota,Food
2026-01-13 10:00:00,5.7828573680410695,1.611479974743997,0.2786650045442643,0,0,23,0,1.12425024,23,Typeb,Toyota,Food
2026-01-13 11:00:00,5.7828573680410695,1.8761505744540568,0.32443314006369806,0,0,23,0,1.12425024,23,Typeb,Toyota,Food
2026-01-13 12:00:00,0.0,0.0,0.0,1,1,23,100,1.12425024,23,Typeb,Toyota,Food
2026-01-13 13:00:00,4.386995244720811,0.5500803027636807,0.1253888532078151,0,0,23,0,1.12425024,23,Typeb,Toyota,Food
2026-01-13 14:00:00,4.386995244720811,0.8418099246867883,0.19188758540365392,0,0,23,0,1.12425024,23,Typeb,Toyota,Food
2026-01-13 15:00:00,4.386995244720811,0.8764526941547097,0.19978428178362143,0,0,23,0,1.12425024,23,Typeb,Toyota,Food
2026-01-13 16:00:00,4.386995244720811,0.829035558454238,0.1889757139472345,0,0,23,0,1.12425024,23,Typeb,Toyota,Food
2026-01-13 17:00:00,4.386995244720811,2.0602365829061275,0.46962361889618165,0,0,23,0,1.12425024,23,Typeb,Toyota,Food
2026-01-13 18:00:00,4.386995244720811,1.7065141164047033,0.38899383774310564,0,0,23,0,1.12425024,23,Typeb,Toyota,Food
2026-01-13 19:00:00,4.386995244720811,1.0918560614591508,0.24888471506164958,0,0,23,0,1.12425024,23,Typeb,Toyota,Food
2026-01-13 20:00:00,0.0,0.0,0.0,1,1,23,100,1.12425024,23,Typeb,Toyota,Food
2026-01-13 21:00:00,0.0,0.0,0.0,1,1,23,100,1.12425024,23,Typeb,Toyota,Food
2026-01-13 22:00:00,0.0,0.0,0.0,1,1,23,100,1.12425024,23,Typeb,Toyota,Food
2026-01-13 23:00:00,0.0,0.0,0.0,1,1,23,100,1.12425024,23,Typeb,Toyota,Food
2026-01-14 00:00:00,0.0,0.0,0.0,1,1,23,100,1.12425024,23,Typeb,Toyota,Food
2026-01-14 01:00:00,0.0,0.0,0.0,1,1,23,100,1.12425024,23,Typeb,Toyota,Food
2026-01-14 02:00:00,0.0,0.0,0.0,1,1,23,100,1.12425024,23,Typeb,Toyota,Food
2026-01-14 03:00:00,0.0,0.0,0.0,1,1,23,100,1.12425024,23,Typeb,Toyota,Food
2026-01-14 04:00:00,0.0,0.0,0.0,1,1,23,100,1.12425024,23,Typeb,Toyota,Food
2026-01-14 05:00:00,4.444444444444445,0.7222880395859413,0.16251480890683678,0,0,23,0,1.102475,23,Typeb,Toyota,Food
2026-01-14 06:00:00,4.444444444444445,0.6775418763315525,0.1524469221745993,0,0,23,0,1.102475,23,Typeb,Toyota,Food
2026-01-14 07:00:00,4.444444444444445,0.489988888888889,0.11024750000000001,0,0,23,0,1.102475,23,Typeb,Toyota,Food
2026-01-14 08:00:00,4.444444444444445,1.5544737467840444,0.34975659302641,0,0,23,0,1.102475,23,Typeb,Toyota,Food
2026-01-14 09:00:00,4.444444444444445,1.5902835719492132,0.35781380368857296,0,0,23,0,1.102475,23,Typeb,Toyota,Food
2026-01-14 10:00:00,4.444444444444445,1.674077211083911,0.37666737249388,0,0,23,0,1.102475,23,Typeb,Toyota,Food
2026-01-14 11:00:00,4.444444444444445,2.20495,0.4961137500000001,0,0,23,0,1.102475,23,Typeb,Toyota,Food
2026-01-14 12:00:00,0.0,0.0,0.0,1,1,23,100,1.102475,23,Typeb,Toyota,Food
2026-01-14 13:00:00,0.0,0.0,0.0,1,1,23,100,1.102475,23,Typeb,Toyota,Food
2026-01-14 14:00:00,8.571428571428571,1.5339578243756522,0.17896174617715943,0,0,23,0,1.102475,23,Typeb,Toyota,Food
2026-01-14 15:00:00,8.571428571428571,2.2320206883083085,0.2604024136359693,0,0,23,0,1.102475,23,Typeb,Toyota,Food
2026-01-14 16:00:00,8.571428571428571,4.252403571428572,0.4961137500000001,0,0,23,0,1.102475,23,Typeb,Toyota,Food
2026-01-14 17:00:00,0.0,0.0,0.0,1,1,23,100,1.102475,23,Typeb,Toyota,Food
2026-01-14 18:00:00,0.0,0.0,0.0,1,1,23,100,1.102475,23,Typeb,Toyota,Food
2026-01-14 19:00:00,0.0,0.0,0.0,1,1,23,100,1.102475,23,Typeb,Toyota,Food
2026-01-14 20:00:00,0.0,0.0,0.0,1,1,23,100,1.102475,23,Typeb,Toyota,Food
2026-01-14 21:00:00,0.0,0.0,0.0,1,1,23,100,1.102475,23,Typeb,Toyota,Food
2026-01-14 22:00:00,0.0,0.0,0.0,1,1,23,100,1.102475,23,Typeb,Toyota,Food
2026-01-14 23:00:00,0.0,0.0,0.0,1,1,23,100,1.102475,23,Typeb,Toyota,Food
