date,Distance_km,Consumption_kWh,Consumption_km,Location,ChargingStation,ID,PowerRating_kW,consumption_factor,VehicleID,ScheduleType,VehicleType,CompanyType
2026-01-01 00:00:00,0.0,0.0,0.0,1,1,0,80,1.0,0,Typeb,Renault,Food
2026-01-01 01:00:00,0.0,0.0,0.0,1,1,0,80,1.0,0,Typeb,Renault,Food
2026-01-01 02:00:00,0.0,0.0,0.0,1,1,0,80,1.0,0,Typeb,Renault,Food
2026-01-01 03:00:00,0.0,0.0,0.0,1,1,0,80,1.0,0,Typeb,Renault,Food
2026-01-01 04:00:00,0.0,0.0,0.0,1,1,0,80,1.0,0,Typeb,Renault,Food
2026-01-01 05:00:00,0.0,0.0,0.0,1,1,0,80,1.0,0,Typeb,Renault,Food
2026-01-01 06:00:00,0.0,0.0,0.0,1,1,0,80,1.0,0,Typeb,Renault,Food
2026-01-01 07:00:00,7.245978964839042,1.3138556125604879,0.18132202962994293,0,0,0,0,1.1329772784640002,0,Typeb,Renault,Food
2026-01-01 08:00:00,7.245978964839042,3.3458967828745734,0.4617591079287514,0,0,0,0,1.1329772784640002,0,Typeb,Renault,Food
2026-01-01 09:00:00,7.245978964839042,2.4362176257220076,0.33621649159398637,0,0,0,0,1.1329772784640002,0,Typeb,Renault,Food
2026-01-01 10:00:00,7.245978964839042,1.0501363059607964,0.14492676711546645,0,0,0,0,1.1329772784640002,0,Typeb,Renault,Food
2026-01-01 11:00:00,7.245978964839042,2.184222877563508,0.30143930698148635,0,0,0,0,1.1329772784640002,0,Typeb,Renault,Food
2026-01-01 12:00:00,0.0,0.0,0.0,1,1,0,80,1.1329772784640002,0,Typeb,Renault,Food
2026-01-01 13:00:00,0.0,0.0,0.0,1,1,0,80,1.1329772784640002,0,Typeb,Renault,Food
2026-01-01 14:00:00,5.247088215917927,0.7653583538283393,0.14586344317720742,0,0,0,0,1.1329772784640002,0,Typeb,Renault,Food
2026-01-01 15:00:00,5.247088215917927,0.7634821869702646,0.14550587974757365,0,0,0,0,1.1329772784640002,0,Typeb,Renault,Food
2026-01-01 16:00:00,5.247088215917927,1.337752702486902,0.25495144114951296,0,0,0,0,1.1329772784640002,0,Typeb,Renault,Food
2026-01-01 17:00:00,5.247088215917927,0.5944831726731219,0.11329772784640002,0,0,0,0,1.1329772784640002,0,Typeb,Renault,Food
2026-01-01 18:00:00,5.247088215917927,0.5944831726731219,0.11329772784640002,0,0,0,0,1.1329772784640002,0,Typeb,Renault,Food
2026-01-01 19:00:00,5.247088215917927,0.6851284940614278,0.13057308470305015,0,0,0,0,1.1329772784640002,0,Typeb,Renault,Food
2026-01-01 20:00:00,5.247088215917927,0.5944831726731219,0.11329772784640002,0,0,0,0,1.1329772784640002,0,Typeb,Renault,Food
2026-01-01 21:00:00,0.0,0.0,0.0,1,1,0,80,1.1329772784640002,0,Typeb,Renault,Food
2026-01-01 22:00:00,0.0,0.0,0.0,1,1,0,80,1.1329772784640002,0,Typeb,Renault,Food
2026-01-01 23:00:00,0.0,0.0,0.0,1,1,0,80,1.1329772784640002,0,Typeb,Renault,Food
2026-01-02 00:00:00,0.0,0.0,0.0,1,1,0,80,1.1329772784640002,0,Typeb,Renault,Food
2026-01-02 01:00:00,0.0,0.0,0.0,1,1,0,80,1.1329772784640002,0,Typeb,Renault,Food
2026-01-02 02:00:00,0.0,0.0,0.0,1,1,0,80,1.1329772784640002,0,Typeb,Renault,Food
2026-01-02 03:00:00,0.0,0.0,0.0,1,1,0,80,1.1329772784640002,0,Typeb,Renault,Food
2026-01-02 04:00:00,0.0,0.0,0.0,1,1,0,80,1.1329772784640002,0,Typeb,Renault,Food
2026-01-02 05:00:00,0.0,0.0,0.0,1,1,0,80,1.1329772784640002,0,Typeb,Renault,Food
2026-01-02 06:00:00,0.0,0.0,0.0,1,1,0,80,1.1329772784640002,0,Typeb,Renault,Food
2026-01-02 07:00:00,6.932608880889341,1.719417401773742,0.24801880955862732,0,0,0,0,1.23259004,0,Typeb,Renault,Food
2026-01-02 08:00:00,6.932608880889341,0.8545064657799749,0.123259004,0,0,0,0,1.23259004,0,Typeb,Renault,Food
2026-01-02 09:00:00,6.932608880889341,1.0056836826743885,0.14506568882699977,0,0,0,0,1.23259004,0,Typeb,Renault,Food
2026-01-02 10:00:00,6.932608880889341,1.7700326699951627,0.2553198515027284,0,0,0,0,1.23259004,0,Typeb,Renault,Food
2026-01-02 11:00:00,6.932608880889341,0.8545064657799749,0.123259004,0,0,0,0,1.23259004,0,Typeb,Renault,Food
2026-01-02 12:00:00,0.0,0.0,0.0,1,1,0,80,1.23259004,0,Typeb,Renault,Food
2026-01-02 13:00:00,4.9199159799859835,1.4753250252204793,0.2998679309203736,0,0,0,0,1.23259004,0,Typeb,Renault,Food
2026-01-02 14:00:00,4.9199159799859835,0.66714407423307,0.13560070475735456,0,0,0,0,1.23259004,0,Typeb,Renault,Food
2026-01-02 15:00:00,4.9199159799859835,0.9228790203842104,0.18758024001597676,0,0,0,0,1.23259004,0,Typeb,Renault,Food
2026-01-02 16:00:00,4.9199159799859835,0.6662600815886788,0.13542102838727277,0,0,0,0,1.23259004,0,Typeb,Renault,Food
2026-01-02 17:00:00,4.9199159799859835,2.697591844441327,0.5483003887495275,0,0,0,0,1.23259004,0,Typeb,Renault,Food
2026-01-02 18:00:00,4.9199159799859835,1.1531613914939476,0.23438639931758204,0,0,0,0,1.23259004,0,Typeb,Renault,Food
2026-01-02 19:00:00,4.9199159799859835,0.6064239434567563,0.123259004,0,0,0,0,1.23259004,0,Typeb,Renault,Food
2026-01-02 20:00:00,4.9199159799859835,1.845210889887665,0.37504926860416055,0,0,0,0,1.23259004,0,Typeb,Renault,Food
2026-01-02 21:00:00,0.0,0.0,0.0,1,1,0,80,1.23259004,0,Typeb,Renault,Food
2026-01-02 22:00:00,0.0,0.0,0.0,1,1,0,80,1.23259004,0,Typeb,Renault,Food
2026-01-02 23:00:00,0.0,0.0,0.0,1,1,0,80,1.23259004,0,Typeb,Renault,Food
2026-01-03 00:00:00,0.0,0.0,0.0,1,1,0,80,1.23259004,0,Typeb,Renault,Food
2026-01-03 01:00:00,0.0,0.0,0.0,1,1,0,80,1.23259004,0,Typeb,Renault,Food
2026-01-03 02:00:00,0.0,0.0,0.0,1,1,0,80,1.23259004,0,Typeb,Renault,Food
2026-01-03 03:00:00,0.0,0.0,0.0,1,1,0,80,1.23259004,0,Typeb,Renault,Food
2026-01-03 04:00:00,0.0,0.0,0.0,1,1,0,80,1.23259004,0,Typeb,Renault,Food
2026-01-03 05:00:00,0.0,0.0,0.0,1,1,0,80,1.23259004,0,Typeb,Renault,Food
2026-01-03 06:00:00,0.0,0.0,0.0,1,1,0,80,1.23259004,0,Typeb,Renault,Food
2026-01-03 07:00:00,0.0,0.0,0.0,1,1,0,80,1.23259004,0,Typeb,Renault,Food
2026-01-03 08:00:00,7.0588235294117645,2.498896815244736,0.35401038215967096,0,0,0,0,1.209049010004,0,Typeb,Renault,Food
2026-01-03 09:00:00,7.0588235294117645,1.8382532240744969,0.260419206743887,0,0,0,0,1.209049010004,0,Typeb,Renault,Food
2026-01-03 10:00:00,7.0588235294117645,1.5038920495002384,0.21305137367920043,0,0,0,0,1.209049010004,0,Typeb,Renault,Food
2026-01-03 11:00:00,7.0588235294117645,1.2878449718821563,0.18244470434997215,0,0,0,0,1.209049010004,0,Typeb,Renault,Food
2026-01-03 12:00:00,0.0,0.0,0.0,1,1,0,80,1.209049010004,0,Typeb,Renault,Food
2026-01-03 13:00:00,5.217391304347826,0.6308081791325216,0.1209049010004,0,0,0,0,1.209049010004,0,Typeb,Renault,Food
2026-01-03 14:00:00,5.217391304347826,0.6308081791325216,0.1209049010004,0,0,0,0,1.209049010004,0,Typeb,Renault,Food
2026-01-03 15:00:00,5.217391304347826,0.8145172325008053,0.15611580289598767,0,0,0,0,1.209049010004,0,Typeb,Renault,Food
2026-01-03 16:00:00,5.217391304347826,2.121390142100324,0.4065997772358954,0,0,0,0,1.209049010004,0,Typeb,Renault,Food
2026-01-03 17:00:00,5.217391304347826,1.5070253195529035,0.2888465195809732,0,0,0,0,1.209049010004,0,Typeb,Renault,Food
2026-01-03 18:00:00,5.217391304347826,0.6308081791325216,0.1209049010004,0,0,0,0,1.209049010004,0,Typeb,Renault,Food
2026-01-03 19:00:00,0.0,0.0,0.0,1,1,0,80,1.209049010004,0,Typeb,Renault,Food
2026-01-03 20:00:00,0.0,0.0,0.0,1,1,0,80,1.209049010004,0,Typeb,Renault,Food
2026-01-03 21:00:00,0.0,0.0,0.0,1,1,0,80,1.209049010004,0,Typeb,Renault,Food
2026-01-03 22:00:00,0.0,0.0,0.0,1,1,0,80,1.209049010004,0,Typeb,Renault,Food
2026-01-03 23:00:00,0.0,0.0,0.0,1,1,0,80,1.209049010004,0,Typeb,Renault,Food
2026-01-04 00:00:00,0.0,0.0,0.0,1,1,0,80,1.209049010004,0,Typeb,Renault,Food
2026-01-04 01:00:00,0.0,0.0,0.0,1,1,0,80,1.209049010004,0,Typeb,Renault,Food
2026-01-04 02:00:00,0.0,0.0,0.0,1,1,0,80,1.209049010004,0,Typeb,Renault,Food
2026-01-04 03:00:00,0.0,0.0,0.0,1,1,0,80,1.209049010004,0,Typeb,Renault,Food
2026-01-04 04:00:00,0.0,0.0,0.0,1,1,0,80,1.209049010004,0,Typeb,Renault,Food
2026-01-04 05:00:00,0.0,0.0,0.0,1,1,0,80,1.209049010004,0,Typeb,Renault,Food
2026-01-04 06:00:00,0.0,0.0,0.0,1,1,0,80,1.209049010004,0,Typeb,Renault,Food
2026-01-04 07:00:00,0.0,0.0,0.0,1,1,0,80,1.209049010004,0,Typeb,Renault,Food
2026-01-04 08:00:00,0.0,0.0,0.0,1,1,0,80,1.209049010004,0,Typeb,Renault,Food
2026-01-04 09:00:00,0.0,0.0,0.0,1,1,0,80,1.209049010004,0,Typeb,Renault,Food
2026-01-04 10:00:00,13.930197994482995,5.801382488559295,0.4164608780763139,0,0,0,0,1.3050301525,0,Typeb,Renault,Food
2026-01-04 11:00:00,13.930197994482995,1.817932841309534,0.13050301525000002,0,0,0,0,1.3050301525,0,Typeb,Renault,Food
2026-01-04 12:00:00,0.0,0.0,0.0,1,1,0,80,1.3050301525,0,Typeb,Renault,Food
2026-01-04 13:00:00,5.357768459416537,1.0473566329885777,0.19548374307736233,0,0,0,0,1.3050301525,0,Typeb,Renault,Food
2026-01-04 14:00:00,5.357768459416537,1.6586361851267435,0.30957593589390936,0,0,0,0,1.3050301525,0,Typeb,Renault,Food
2026-01-04 15:00:00,5.357768459416537,2.2735481333201855,0.42434609680161056,0,0,0,0,1.3050301525,0,Typeb,Renault,Food
2026-01-04 16:00:00,5.357768459416537,0.8851425263767746,0.1652073121639092,0,0,0,0,1.3050301525,0,Typeb,Renault,Food
2026-01-04 17:00:00,5.357768459416537,1.1652778185586308,0.2174931274811995,0,0,0,0,1.3050301525,0,Typeb,Renault,Food
2026-01-04 18:00:00,5.357768459416537,0.6992049389652054,0.13050301525000002,0,0,0,0,1.3050301525,0,Typeb,Renault,Food
2026-01-04 19:00:00,5.357768459416537,0.6992049389652054,0.13050301525000002,0,0,0,0,1.3050301525,0,Typeb,Renault,Food
2026-01-04 20:00:00,0.0,0.0,0.0,1,1,0,80,1.3050301525,0,Typeb,Renault,Food
2026-01-04 21:00:00,0.0,0.0,0.0,1,1,0,80,1.3050301525,0,Typeb,Renault,Food
2026-01-04 22:00:00,0.0,0.0,0.0,1,1,0,80,1.3050301525,0,Typeb,Renault,Food
2026-01-04 23:00:00,0.0,0.0,0.0,1,1,0,80,1.3050301525,0,Typeb,Renault,Food
2026-01-05 00:00:00,0.0,0.0,0.0,1,1,0,80,1.3050301525,0,Typeb,Renault,Food
2026-01-05 01:00:00,0.0,0.0,0.0,1,1,0,80,1.3050301525,0,Typeb,Renault,Food
2026-01-05 02:00:00,0.0,0.0,0.0,1,1,0,80,1.3050301525,0,Typeb,Renault,Food
2026-01-05 03:00:00,0.0,0.0,0.0,1,1,0,80,1.3050301525,0,Typeb,Renault,Food
2026-01-05 04:00:00,0.0,0.0,0.0,1,1,0,80,1.3050301525,0,Typeb,Renault,Food
2026-01-05 05:00:00,0.0,0.0,0.0,1,1,0,80,1.3050301525,0,Typeb,Renault,Food
2026-01-05 06:00:00,0.0,0.0,0.0,1,1,0,80,1.3050301525,0,Typeb,Renault,Food
2026-01-05 07:00:00,8.054032411454573,1.0265056867309303,0.12745239083853419,0,0,0,0,1.226197579604,0,Typeb,Renault,Food
2026-01-05 08:00:00,8.054032411454573,2.3833402117874534,0.2959188751708807,0,0,0,0,1.226197579604,0,Typeb,Renault,Food
2026-01-05 09:00:00,8.054032411454573,3.9695128055596975,0.49286029690099,0,0,0,0,1.226197579604,0,Typeb,Renault,Food
2026-01-05 10:00:00,8.054032411454573,1.8478649842090742,0.22943351725044106,0,0,0,0,1.226197579604,0,Typeb,Renault,Food
2026-01-05 11:00:00,8.054032411454573,4.005380531845174,0.49731368427927586,0,0,0,0,1.226197579604,0,Typeb,Renault,Food
2026-01-05 12:00:00,8.054032411454573,0.9875835048977767,0.12261975796040002,0,0,0,0,1.226197579604,0,Typeb,Renault,Food
2026-01-05 13:00:00,6.10995562248278,2.278993063662588,0.3729966638835454,0,0,0,0,1.226197579604,0,Typeb,Renault,Food
2026-01-05 14:00:00,6.10995562248278,1.5274859895378003,0.24999952273255735,0,0,0,0,1.226197579604,0,Typeb,Renault,Food
2026-01-05 15:00:00,6.10995562248278,1.1326836755230625,0.18538329007744847,0,0,0,0,1.226197579604,0,Typeb,Renault,Food
2026-01-05 16:00:00,6.10995562248278,1.532306509270806,0.2507884842293099,0,0,0,0,1.226197579604,0,Typeb,Renault,Food
2026-01-05 17:00:00,6.10995562248278,0.7492012795776238,0.12261975796040002,0,0,0,0,1.226197579604,0,Typeb,Renault,Food
2026-01-05 18:00:00,6.10995562248278,1.2138168596328311,0.19866214005979912,0,0,0,0,1.226197579604,0,Typeb,Renault,Food
2026-01-05 19:00:00,6.10995562248278,1.803671108687291,0.29520199820279047,0,0,0,0,1.226197579604,0,Typeb,Renault,Food
2026-01-05 20:00:00,0.0,0.0,0.0,1,1,0,80,1.226197579604,0,Typeb,Renault,Food
2026-01-05 21:00:00,0.0,0.0,0.0,1,1,0,80,1.226197579604,0,Typeb,Renault,Food
2026-01-05 22:00:00,0.0,0.0,0.0,1,1,0,80,1.226197579604,0,Typeb,Renault,Food
2026-01-05 23:00:00,0.0,0.0,0.0,1,1,0,80,1.226197579604,0,Typeb,Renault,Food
2026-01-06 00:00:00,0.0,0.0,0.0,1,1,0,80,1.226197579604,0,Typeb,Renault,Food
2026-01-06 01:00:00,0.0,0.0,0.0,1,1,0,80,1.226197579604,0,Typeb,Renault,Food
2026-01-06 02:00:00,0.0,0.0,0.0,1,1,0,80,1.226197579604,0,Typeb,Renault,Food
2026-01-06 03:00:00,0.0,0.0,0.0,1,1,0,80,1.226197579604,0,Typeb,Renault,Food
2026-01-06 04:00:00,0.0,0.0,0.0,1,1,0,80,1.226197579604,0,Typeb,Renault,Food
2026-01-06 05:00:00,0.0,0.0,0.0,1,1,0,80,1.226197579604,0,Typeb,Renault,Food
2026-01-06 06:00:00,0.0,0.0,0.0,1,1,0,80,1.226197579604,0,Typeb,Renault,Food
2026-01-06 07:00:00,0.0,0.0,0.0,1,1,0,80,1.226197579604,0,Typeb,Renault,Food
2026-01-06 08:00:00,11.790993467263949,3.716431361129582,0.31519238573473357,0,0,0,0,1.3306301459840002,0,Typeb,Renault,Food
2026-01-06 09:00:00,11.790993467263949,1.8778348523552457,0.1592601045508839,0,0,0,0,1.3306301459840002,0,Typeb,Renault,Food
2026-01-06 10:00:00,11.790993467263949,4.1115933849818775,0.3487062728341886,0,0,0,0,1.3306301459840002,0,Typeb,Renault,Food
2026-01-06 11:00:00,11.790993467263949,3.220276922041149,0.27311328184362066,0,0,0,0,1.3306301459840002,0,Typeb,Renault,Food
2026-01-06 12:00:00,0.0,0.0,0.0,1,1,0,80,1.3306301459840002,0,Typeb,Renault,Food
2026-01-06 13:00:00,8.7150821279777,3.7598342444537582,0.43141696076319286,0,0,0,0,1.3306301459840002,0,Typeb,Renault,Food
2026-01-06 14:00:00,8.7150821279777,1.1596551004213518,0.13306301459840003,0,0,0,0,1.3306301459840002,0,Typeb,Renault,Food
2026-01-06 15:00:00,8.7150821279777,1.7078718092681393,0.1959673797892762,0,0,0,0,1.3306301459840002,0,Typeb,Renault,Food
2026-01-06 16:00:00,8.7150821279777,1.605858342923269,0.18426198621445486,0,0,0,0,1.3306301459840002,0,Typeb,Renault,Food
2026-01-06 17:00:00,8.7150821279777,1.1596551004213518,0.13306301459840003,0,0,0,0,1.3306301459840002,0,Typeb,Renault,Food
2026-01-06 18:00:00,8.7150821279777,2.6952752296622986,0.30926561449257695,0,0,0,0,1.3306301459840002,0,Typeb,Renault,Food
2026-01-06 19:00:00,0.0,0.0,0.0,1,1,0,80,1.3306301459840002,0,Typeb,Renault,Food
2026-01-06 20:00:00,0.0,0.0,0.0,1,1,0,80,1.3306301459840002,0,Typeb,Renault,Food
2026-01-06 21:00:00,0.0,0.0,0.0,1,1,0,80,1.3306301459840002,0,Typeb,Renault,Food
2026-01-06 22:00:00,0.0,0.0,0.0,1,1,0,80,1.3306301459840002,0,Typeb,Renault,Food
2026-01-06 23:00:00,0.0,0.0,0.0,1,1,0,80,1.3306301459840002,0,Typeb,Renault,Food
2026-01-07 00:00:00,0.0,0.0,0.0,1,1,0,80,1.3306301459840002,0,Typeb,Renault,Food
2026-01-07 01:00:00,0.0,0.0,0.0,1,1,0,80,1.3306301459840002,0,Typeb,Renault,Food
2026-01-07 02:00:00,0.0,0.0,0.0,1,1,0,80,1.3306301459840002,0,Typeb,Renault,Food
2026-01-07 03:00:00,0.0,0.0,0.0,1,1,0,80,1.3306301459840002,0,Typeb,Renault,Food
2026-01-07 04:00:00,0.0,0.0,0.0,1,1,0,80,1.3306301459840002,0,Typeb,Renault,Food
2026-01-07 05:00:00,0.0,0.0,0.0,1,1,0,80,1.3306301459840002,0,Typeb,Renault,Food
2026-01-07 06:00:00,0.0,0.0,0.0,1,1,0,80,1.3306301459840002,0,Typeb,Renault,Food
2026-01-07 07:00:00,6.275343323645865,1.1689784148930686,0.18628118886950595,0,0,0,0,1.282756305344,0,Typeb,Renault,Food
2026-01-07 08:00:00,6.275343323645865,0.8049736216605108,0.12827563053440003,0,0,0,0,1.282756305344,0,Typeb,Renault,Food
2026-01-07 09:00:00,6.275343323645865,1.3683303887900142,0.21804868964444768,0,0,0,0,1.282756305344,0,Typeb,Renault,Food
2026-01-07 10:00:00,6.275343323645865,1.9895159878971487,0.3170369946773326,0,0,0,0,1.282756305344,0,Typeb,Renault,Food
2026-01-07 11:00:00,6.275343323645865,3.6180696616588044,0.5765532617196741,0,0,0,0,1.282756305344,0,Typeb,Renault,Food
2026-01-07 12:00:00,0.0,0.0,0.0,1,1,0,80,1.282756305344,0,Typeb,Renault,Food
2026-01-07 13:00:00,7.596468233887101,2.1031363818695215,0.27685712848605565,0,0,0,0,1.282756305344,0,Typeb,Renault,Food
2026-01-07 14:00:00,7.596468233887101,2.2134992857195797,0.29138531453937716,0,0,0,0,1.282756305344,0,Typeb,Renault,Food
2026-01-07 15:00:00,7.596468233887101,1.7719066850921894,0.2332540110136823,0,0,0,0,1.282756305344,0,Typeb,Renault,Food
2026-01-07 16:00:00,7.596468233887101,0.974441752536408,0.12827563053440003,0,0,0,0,1.282756305344,0,Typeb,Renault,Food
2026-01-07 17:00:00,7.596468233887101,1.8356617146610037,0.2416467308416162,0,0,0,0,1.282756305344,0,Typeb,Renault,Food
2026-01-07 18:00:00,0.0,0.0,0.0,1,1,0,80,1.282756305344,0,Typeb,Renault,Food
2026-01-07 19:00:00,0.0,0.0,0.0,1,1,0,80,1.282756305344,0,Typeb,Renault,Food
2026-01-07 20:00:00,0.0,0.0,0.0,1,1,0,80,1.282756305344,0,Typeb,Renault,Food
2026-01-07 21:00:00,0.0,0.0,0.0,1,1,0,80,1.282756305344,0,Typeb,Renault,Food
2026-01-07 22:00:00,0.0,0.0,0.0,1,1,0,80,1.282756305344,0,Typeb,Renault,Food
2026-01-07 23:00:00,0.0,0.0,0.0,1,1,0,80,1.282756305344,0,Typeb,Renault,Food
2026-01-08 00:00:00,0.0,0.0,0.0,1,1,0,80,1.282756305344,0,Typeb,Renault,Food
2026-01-08 01:00:00,0.0,0.0,0.0,1,1,0,80,1.282756305344,0,Typeb,Renault,Food
2026-01-08 02:00:00,0.0,0.0,0.0,1,1,0,80,1.282756305344,0,Typeb,Renault,Food
2026-01-08 03:00:00,0.0,0.0,0.0,1,1,0,80,1.282756305344,0,Typeb,Renault,Food
2026-01-08 04:00:00,0.0,0.0,0.0,1,1,0,80,1.282756305344,0,Typeb,Renault,Food
2026-01-08 05:00:00,0.0,0.0,0.0,1,1,0,80,1.282756305344,0,Typeb,Renault,Food
2026-01-08 06:00:00,6.1746963720146075,0.7265056502538558,0.11765852221440001,0,0,0,0,1.176585222144,0,Typeb,Renault,Food
2026-01-08 07:00:00,6.1746963720146075,2.5282056201458043,0.4094461440410763,0,0,0,0,1.176585222144,0,Typeb,Renault,Food
2026-01-08 08:00:00,6.1746963720146075,2.1405679582005646,0.34666772732375906,0,0,0,0,1.176585222144,0,Typeb,Renault,Food
2026-01-08 09:00:00,6.1746963720146075,2.179341577901686,0.352947164783527,0,0,0,0,1.176585222144,0,Typeb,Renault,Food
2026-01-08 10:00:00,6.1746963720146075,0.7265056502538558,0.11765852221440001,0,0,0,0,1.176585222144,0,Typeb,Renault,Food
2026-01-08 11:00:00,6.1746963720146075,2.7860142089856934,0.45119857578951783,0,0,0,0,1.176585222144,0,Typeb,Renault,Food
2026-01-08 12:00:00,6.1746963720146075,0.7265056502538558,0.11765852221440001,0,0,0,0,1.176585222144,0,Typeb,Renault,Food
2026-01-08 13:00:00,6.1746963720146075,1.9768654160310273,0.3201558905779911,0,0,0,0,1.176585222144,0,Typeb,Renault,Food
2026-01-08 14:00:00,6.1746963720146075,3.2692754261423516,0.5294633499648,0,0,0,0,1.176585222144,0,Typeb,Renault,Food
2026-01-08 15:00:00,6.1746963720146075,0.7265056502538558,0.11765852221440001,0,0,0,0,1.176585222144,0,Typeb,Renault,Food
2026-01-08 16:00:00,6.1746963720146075,0.8333045956020035,0.1349547484437883,0,0,0,0,1.176585222144,0,Typeb,Renault,Food
2026-01-08 17:00:00,6.1746963720146075,1.493713135403048,0.24190875881330126,0,0,0,0,1.176585222144,0,Typeb,Renault,Food
2026-01-08 18:00:00,6.1746963720146075,0.8956040047762822,0.14504421769390988,0,0,0,0,1.176585222144,0,Typeb,Renault,Food
2026-01-08 19:00:00,6.1746963720146075,0.7265056502538558,0.11765852221440001,0,0,0,0,1.176585222144,0,Typeb,Renault,Food
2026-01-08 20:00:00,0.0,0.0,0.0,1,1,0,80,1.176585222144,0,Typeb,Renault,Food
2026-01-08 21:00:00,0.0,0.0,0.0,1,1,0,80,1.176585222144,0,Typeb,Renault,Food
2026-01-08 22:00:00,0.0,0.0,0.0,1,1,0,80,1.176585222144,0,Typeb,Renault,Food
2026-01-08 23:00:00,0.0,0.0,0.0,1,1,0,80,1.176585222144,0,Typeb,Renault,Food
2026-01-09 00:00:00,0.0,0.0,0.0,1,1,0,80,1.176585222144,0,Typeb,Renault,Food
2026-01-09 01:00:00,0.0,0.0,0.0,1,1,0,80,1.176585222144,0,Typeb,Renault,Food
2026-01-09 02:00:00,0.0,0.0,0.0,1,1,0,80,1.176585222144,0,Typeb,Renault,Food
2026-01-09 03:00:00,0.0,0.0,0.0,1,1,0,80,1.176585222144,0,Typeb,Renault,Food
2026-01-09 04:00:00,0.0,0.0,0.0,1,1,0,80,1.176585222144,0,Typeb,Renault,Food
2026-01-09 05:00:00,0.0,0.0,0.0,1,1,0,80,1.176585222144,0,Typeb,Renault,Food
2026-01-09 06:00:00,9.873793261336376,1.1229883580241826,0.1137342385344,0,0,0,0,1.137342385344,0,Typeb,Renault,Food
2026-01-09 07:00:00,9.873793261336376,1.6624562774975349,0.16837057790214746,0,0,0,0,1.137342385344,0,Typeb,Renault,Food
2026-01-09 08:00:00,9.873793261336376,3.403161194482602,0.34466603709525095,0,0,0,0,1.137342385344,0,Typeb,Renault,Food
2026-01-09 09:00:00,9.873793261336376,1.1229883580241826,0.1137342385344,0,0,0,0,1.137342385344,0,Typeb,Renault,Food
2026-01-09 10:00:00,9.873793261336376,2.504806229228053,0.2536822640429721,0,0,0,0,1.137342385344,0,Typeb,Renault,Food
2026-01-09 11:00:00,9.873793261336376,4.159829467538475,0.4213000371222539,0,0,0,0,1.137342385344,0,Typeb,Renault,Food
2026-01-09 12:00:00,0.0,0.0,0.0,1,1,0,80,1.137342385344,0,Typeb,Renault,Food
2026-01-09 13:00:00,11.354862250536833,1.29143661172781,0.1137342385344,0,0,0,0,1.137342385344,0,Typeb,Renault,Food
2026-01-09 14:00:00,11.354862250536833,2.8050328866963006,0.24703363412124923,0,0,0,0,1.137342385344,0,Typeb,Renault,Food
2026-01-09 15:00:00,11.354862250536833,2.937682536434382,0.25871582337297794,0,0,0,0,1.137342385344,0,Typeb,Renault,Food
2026-01-09 16:00:00,11.354862250536833,3.8577642333990707,0.33974557755790336,0,0,0,0,1.137342385344,0,Typeb,Renault,Food
2026-01-09 17:00:00,11.354862250536833,1.29143661172781,0.1137342385344,0,0,0,0,1.137342385344,0,Typeb,Renault,Food
2026-01-09 18:00:00,0.0,0.0,0.0,1,1,0,80,1.137342385344,0,Typeb,Renault,Food
2026-01-09 19:00:00,0.0,0.0,0.0,1,1,0,80,1.137342385344,0,Typeb,Renault,Food
2026-01-09 20:00:00,0.0,0.0,0.0,1,1,0,80,1.137342385344,0,Typeb,Renault,Food
2026-01-09 21:00:00,0.0,0.0,0.0,1,1,0,80,1.137342385344,0,Typeb,Renault,Food
2026-01-09 22:00:00,0.0,0.0,0.0,1,1,0,80,1.137342385344,0,Typeb,Renault,Food
2026-01-09 23:00:00,0.0,0.0,0.0,1,1,0,80,1.137342385344,0,Typeb,Renault,Food
2026-01-10 00:00:00,0.0,0.0,0.0,1,1,0,80,1.137342385344,0,Typeb,Renault,Food
2026-01-10 01:00:00,0.0,0.0,0.0,1,1,0,80,1.137342385344,0,Typeb,Renault,Food
2026-01-10 02:00:00,0.0,0.0,0.0,1,1,0,80,1.137342385344,0,Typeb,Renault,Food
2026-01-10 03:00:00,0.0,0.0,0.0,1,1,0,80,1.137342385344,0,Typeb,Renault,Food
2026-01-10 04:00:00,0.0,0.0,0.0,1,1,0,80,1.137342385344,0,Typeb,Renault,Food
2026-01-10 05:00:00,0.0,0.0,0.0,1,1,0,80,1.137342385344,0,Typeb,Renault,Food
2026-01-10 06:00:00,0.0,0.0,0.0,1,1,0,80,1.137342385344,0,Typeb,Renault,Food
2026-01-10 07:00:00,0.0,0.0,0.0,1,1,0,80,1.137342385344,0,Typeb,Renault,Food
2026-01-10 08:00:00,7.0588235294117645,0.8397247341176471,0.11896100400000001,0,0,0,0,1.18961004,0,Typeb,Renault,Food
2026-01-10 09:00:00,7.0588235294117645,1.8784863121474198,0.26611889422088447,0,0,0,0,1.18961004,0,Typeb,Renault,Food
2026-01-10 10:00:00,7.0588235294117645,1.9481982689458655,0.275994754767331,0,0,0,0,1.18961004,0,Typeb,Renault,Food
2026-01-10 11:00:00,7.0588235294117645,0.8397247341176471,0.11896100400000001,0,0,0,0,1.18961004,0,Typeb,Renault,Food
2026-01-10 12:00:00,0.0,0.0,0.0,1,1,0,80,1.18961004,0,Typeb,Renault,Food
2026-01-10 13:00:00,5.0,2.656864480394133,0.5313728960788267,0,0,0,0,1.18961004,0,Typeb,Renault,Food
2026-01-10 14:00:00,5.0,1.5267347813994463,0.3053469562798892,0,0,0,0,1.18961004,0,Typeb,Renault,Food
2026-01-10 15:00:00,5.0,0.59480502,0.11896100400000001,0,0,0,0,1.18961004,0,Typeb,Renault,Food
2026-01-10 16:00:00,5.0,1.6750873252593161,0.3350174650518632,0,0,0,0,1.18961004,0,Typeb,Renault,Food
2026-01-10 17:00:00,5.0,0.59480502,0.11896100400000001,0,0,0,0,1.18961004,0,Typeb,Renault,Food
2026-01-10 18:00:00,5.0,1.781066595687535,0.3562133191375069,0,0,0,0,1.18961004,0,Typeb,Renault,Food
2026-01-10 19:00:00,0.0,0.0,0.0,1,1,0,80,1.18961004,0,Typeb,Renault,Food
2026-01-10 20:00:00,0.0,0.0,0.0,1,1,0,80,1.18961004,0,Typeb,Renault,Food
2026-01-10 21:00:00,0.0,0.0,0.0,1,1,0,80,1.18961004,0,Typeb,Renault,Food
2026-01-10 22:00:00,0.0,0.0,0.0,1,1,0,80,1.18961004,0,Typeb,Renault,Food
2026-01-10 23:00:00,0.0,0.0,0.0,1,1,0,80,1.18961004,0,Typeb,Renault,Food
2026-01-11 00:00:00,0.0,0.0,0.0,1,1,0,80,1.18961004,0,Typeb,Renault,Food
2026-01-11 01:00:00,0.0,0.0,0.0,1,1,0,80,1.18961004,0,Typeb,Renault,Food
2026-01-11 02:00:00,0.0,0.0,0.0,1,1,0,80,1.18961004,0,Typeb,Renault,Food
2026-01-11 03:00:00,0.0,0.0,0.0,1,1,0,80,1.18961004,0,Typeb,Renault,Food
2026-01-11 04:00:00,0.0,0.0,0.0,1,1,0,80,1.18961004,0,Typeb,Renault,Food
2026-01-11 05:00:00,0.0,0.0,0.0,1,1,0,80,1.18961004,0,Typeb,Renault,Food
2026-01-11 06:00:00,0.0,0.0,0.0,1,1,0,80,1.18961004,0,Typeb,Renault,Food
2026-01-11 07:00:00,0.0,0.0,0.0,1,1,0,80,1.18961004,0,Typeb,Renault,Food
2026-01-11 08:00:00,0.0,0.0,0.0,1,1,0,80,1.18961004,0,Typeb,Renault,Food
2026-01-11 09:00:00,0.0,0.0,0.0,1,1,0,80,1.18961004,0,Typeb,Renault,Food
2026-01-11 10:00:00,0.0,0.0,0.0,1,1,0,80,1.18961004,0,Typeb,Renault,Food
2026-01-11 11:00:00,21.75442111996143,10.984487720683154,0.5049312808698,0,0,0,0,1.122069513044,0,Typeb,Renault,Food
2026-01-11 12:00:00,0.0,0.0,0.0,1,1,0,80,1.122069513044,0,Typeb,Renault,Food
2026-01-11 13:00:00,0.0,0.0,0.0,1,1,0,80,1.122069513044,0,Typeb,Renault,Food
2026-01-11 14:00:00,5.438605279990358,0.9672727652227077,0.17785309200163585,0,0,0,0,1.122069513044,0,Typeb,Renault,Food
2026-01-11 15:00:00,5.438605279990358,0.6102493178157309,0.1122069513044,0,0,0,0,1.122069513044,0,Typeb,Renault,Food
2026-01-11 16:00:00,5.438605279990358,0.6102493178157309,0.1122069513044,0,0,0,0,1.122069513044,0,Typeb,Renault,Food
2026-01-11 17:00:00,5.438605279990358,0.6102493178157309,0.1122069513044,0,0,0,0,1.122069513044,0,Typeb,Renault,Food
2026-01-11 18:00:00,5.438605279990358,1.1074537126998991,0.20362825682062785,0,0,0,0,1.122069513044,0,Typeb,Renault,Food
2026-01-11 19:00:00,5.438605279990358,1.4558549824742708,0.2676890319344617,0,0,0,0,1.122069513044,0,Typeb,Renault,Food
2026-01-11 20:00:00,0.0,0.0,0.0,1,1,0,80,1.122069513044,0,Typeb,Renault,Food
2026-01-11 21:00:00,0.0,0.0,0.0,1,1,0,80,1.122069513044,0,Typeb,Renault,Food
2026-01-11 22:00:00,0.0,0.0,0.0,1,1,0,80,1.122069513044,0,Typeb,Renault,Food
2026-01-11 23:00:00,0.0,0.0,0.0,1,1,0,80,1.122069513044,0,Typeb,Renault,Food
2026-01-12 00:00:00,0.0,0.0,0.0,1,1,0,80,1.122069513044,0,Typeb,Renault,Food
2026-01-12 01:00:00,0.0,0.0,0.0,1,1,0,80,1.122069513044,0,Typeb,Renault,Food
2026-01-12 02:00:00,0.0,0.0,0.0,1,1,0,80,1.122069513044,0,Typeb,Renault,Food
2026-01-12 03:00:00,0.0,0.0,0.0,1,1,0,80,1.122069513044,0,Typeb,Renault,Food
2026-01-12 04:00:00,0.0,0.0,0.0,1,1,0,80,1.122069513044,0,Typeb,Renault,Food
2026-01-12 05:00:00,0.0,0.0,0.0,1,1,0,80,1.122069513044,0,Typeb,Renault,Food
2026-01-12 06:00:00,0.0,0.0,0.0,1,1,0,80,1.122069513044,0,Typeb,Renault,Food
2026-01-12 07:00:00,6.2868505418335765,3.1682595693985336,0.5039501970528,0,0,0,0,1.119889326784,0,Typeb,Renault,Food
2026-01-12 08:00:00,6.2868505418335765,1.9530813066944341,0.3106613229785502,0,0,0,0,1.119889326784,0,Typeb,Renault,Food
2026-01-12 09:00:00,6.2868505418335765,0.704057682088563,0.1119889326784,0,0,0,0,1.119889326784,0,Typeb,Renault,Food
2026-01-12 10:00:00,6.2868505418335765,0.704057682088563,0.1119889326784,0,0,0,0,1.119889326784,0,Typeb,Renault,Food
2026-01-12 11:00:00,6.2868505418335765,1.8154654297347712,0.2887718449252789,0,0,0,0,1.119889326784,0,Typeb,Renault,Food
2026-01-12 12:00:00,6.2868505418335765,1.137034356846074,0.1808591359505192,0,0,0,0,1.119889326784,0,Typeb,Renault,Food
2026-01-12 13:00:00,5.029480433466861,1.6303783055936119,0.3241643599495583,0,0,0,0,1.119889326784,0,Typeb,Renault,Food
2026-01-12 14:00:00,5.029480433466861,1.4452723505455403,0.28736016963670785,0,0,0,0,1.119889326784,0,Typeb,Renault,Food
2026-01-12 15:00:00,5.029480433466861,1.0254394747538556,0.20388576679420778,0,0,0,0,1.119889326784,0,Typeb,Renault,Food
2026-01-12 16:00:00,5.029480433466861,0.5632461456708503,0.1119889326784,0,0,0,0,1.119889326784,0,Typeb,Renault,Food
2026-01-12 17:00:00,5.029480433466861,0.5632461456708503,0.1119889326784,0,0,0,0,1.119889326784,0,Typeb,Renault,Food
2026-01-12 18:00:00,5.029480433466861,0.7381380675581823,0.14676229032456498,0,0,0,0,1.119889326784,0,Typeb,Renault,Food
2026-01-12 19:00:00,5.029480433466861,1.7398585315697404,0.3459320608929066,0,0,0,0,1.119889326784,0,Typeb,Renault,Food
2026-01-12 20:00:00,5.029480433466861,1.2460345046922676,0.24774616805365837,0,0,0,0,1.119889326784,0,Typeb,Renault,Food
2026-01-12 21:00:00,0.0,0.0,0.0,1,1,0,80,1.119889326784,0,Typeb,Renault,Food
2026-01-12 22:00:00,0.0,0.0,0.0,1,1,0,80,1.119889326784,0,Typeb,Renault,Food
2026-01-12 23:00:00,0.0,0.0,0.0,1,1,0,80,1.119889326784,0,Typeb,Renault,Food
2026-01-13 00:00:00,0.0,0.0,0.0,1,1,0,80,1.119889326784,0,Typeb,Renault,Food
2026-01-13 01:00:00,0.0,0.0,0.0,1,1,0,80,1.119889326784,0,Typeb,Renault,Food
2026-01-13 02:00:00,0.0,0.0,0.0,1,1,0,80,1.119889326784,0,Typeb,Renault,Food
2026-01-13 03:00:00,0.0,0.0,0.0,1,1,0,80,1.119889326784,0,Typeb,Renault,Food
2026-01-13 04:00:00,0.0,0.0,0.0,1,1,0,80,1.119889326784,0,Typeb,Renault,Food
2026-01-13 05:00:00,5.808843256886626,1.3057627029310908,0.22478876519573057,0,0,0,0,1.12425024,0,Typeb,Renault,Food
2026-01-13 06:00:00,5.808843256886626,0.6530593425677172,0.11242502400000001,0,0,0,0,1.12425024,0,Typeb,Renault,Food
2026-01-13 07:00:00,5.808843256886626,1.5728148941478581,0.2707621508435815,0,0,0,0,1.12425024,0,Typeb,Renault,Food
2026-01-13 08:00:00,5.808843256886626,1.7537718463931533,0.30191412796583617,0,0,0,0,1.12425024,0,Typeb,Renault,Food
2026-01-13 09:00:00,5.808843256886626,2.2193339780500585,0.3820612607198422,0,0,0,0,1.12425024,0,Typeb,Renault,Food
2026-01-13 10:00:00,5.808843256886626,2.1932604885123674,0.377572675233088,0,0,0,0,1.12425024,0,Typeb,Renault,Food
2026-01-13 11:00:00,5.808843256886626,0.6530593425677172,0.11242502400000001,0,0,0,0,1.12425024,0,Typeb,Renault,Food
2026-01-13 12:00:00,0.0,0.0,0.0,1,1,0,80,1.12425024,0,Typeb,Renault,Food
2026-01-13 13:00:00,8.42282272248561,0.9469360467231901,0.11242502400000001,0,0,0,0,1.12425024,0,Typeb,Renault,Food
2026-01-13 14:00:00,8.42282272248561,2.4838351624086754,0.2948934394378047,0,0,0,0,1.12425024,0,Typeb,Renault,Food
2026-01-13 15:00:00,8.42282272248561,2.4822203365120803,0.2947017191618592,0,0,0,0,1.12425024,0,Typeb,Renault,Food
2026-01-13 16:00:00,8.42282272248561,2.4838512149328698,0.29489534527444916,0,0,0,0,1.12425024,0,Typeb,Renault,Food
2026-01-13 17:00:00,8.42282272248561,4.261212210254355,0.505912608,0,0,0,0,1.12425024,0,Typeb,Renault,Food
2026-01-13 18:00:00,0.0,0.0,0.0,1,1,0,80,1.12425024,0,Typeb,Renault,Food
2026-01-13 19:00:00,0.0,0.0,0.0,1,1,0,80,1.12425024,0,Typeb,Renault,Food
2026-01-13 20:00:00,0.0,0.0,0.0,1,1,0,80,1.12425024,0,Typeb,Renault,Food
2026-01-13 21:00:00,0.0,0.0,0.0,1,1,0,80,1.12425024,0,Typeb,Renault,Food
2026-01-13 22:00:00,0.0,0.0,0.0,1,1,0,80,1.12425024,0,Typeb,Renault,Food
2026-01-13 23:00:00,0.0,0.0,0.0,1,1,0,80,1.12425024,0,Typeb,Renault,Food
2026-01-14 00:00:00,0.0,0.0,0.0,1,1,0,80,1.12425024,0,Typeb,Renault,Food
2026-01-14 01:00:00,0.0,0.0,0.0,1,1,0,80,1.12425024,0,Typeb,Renault,Food
2026-01-14 02:00:00,0.0,0.0,0.0,1,1,0,80,1.12425024,0,Typeb,Renault,Food
2026-01-14 03:00:00,0.0,0.0,0.0,1,1,0,80,1.12425024,0,Typeb,Renault,Food
2026-01-14 04:00:00,0.0,0.0,0.0,1,1,0,80,1.12425024,0,Typeb,Renault,Food
2026-01-14 05:00:00,0.0,0.0,0.0,1,1,0,80,1.12425024,0,Typeb,Renault,Food
2026-01-14 06:00:00,0.0,0.0,0.0,1,1,0,80,1.12425024,0,Typeb,Renault,Food
2026-01-14 07:00:00,6.467769205439368,2.1077867180795518,0.32589083672109254,0,0,0,0,1.102475,0,Typeb,Renault,Food
2026-01-14 08:00:00,6.467769205439368,0.7130553854766769,0.11024750000000001,0,0,0,0,1.102475,0,Typeb,Renault,Food
2026-01-14 09:00:00,6.467769205439368,1.138565911433451,0.17603687999193315,0,0,0,0,1.102475,0,Typeb,Renault,Food
2026-01-14 10:00:00,6.467769205439368,0.8966519999534436,0.13863388928587042,0,0,0,0,1.102475,0,Typeb,Renault,Food
2026-01-14 11:00:00,6.467769205439368,1.448756126683455,0.22399626218342128,0,0,0,0,1.102475,0,Typeb,Renault,Food
2026-01-14 12:00:00,6.467769205439368,3.2087492346450457,0.4961137500000001,0,0,0,0,1.102475,0,Typeb,Renault,Food
2026-01-14 13:00:00,0.0,0.0,0.0,1,1,0,80,1.102475,0,Typeb,Renault,Food
2026-01-14 14:00:00,5.721488143273287,0.6307797640755218,0.11024750000000001,0,0,0,0,1.102475,0,Typeb,Renault,Food
2026-01-14 15:00:00,5.721488143273287,1.8019770379611435,0.31494901201179887,0,0,0,0,1.102475,0,Typeb,Renault,Food
2026-01-14 16:00:00,5.721488143273287,0.6307797640755218,0.11024750000000001,0,0,0,0,1.102475,0,Typeb,Renault,Food
2026-01-14 17:00:00,5.721488143273287,0.8047570251613535,0.14065519407000793,0,0,0,0,1.102475,0,Typeb,Renault,Food
2026-01-14 18:00:00,5.721488143273287,2.148699267905391,0.375549020481953,0,0,0,0,1.102475,0,Typeb,Renault,Food
2026-01-14 19:00:00,5.721488143273287,1.266443167681937,0.2213485610681349,0,0,0,0,1.102475,0,Typeb,Renault,Food
2026-01-14 20:00:00,0.0,0.0,0.0,1,1,0,80,1.102475,0,Typeb,Renault,Food
2026-01-14 21:00:00,0.0,0.0,0.0,1,1,0,80,1.102475,0,Typeb,Renault,Food
2026-01-14 22:00:00,0.0,0.0,0.0,1,1,0,80,1.102475,0,Typeb,Renault,Food
2026-01-14 23:00:00,0.0,0.0,0.0,1,1,0,80,1.102475,0,Typeb,Renault,Food
2026-01-01 00:00:00,0.0,0.0,0.0,1,1,1,80,1.0,1,Typeb,Renault,Food
2026-01-01 01:00:00,0.0,0.0,0.0,1,1,1,80,1.0,1,Typeb,Renault,Food
2026-01-01 02:00:00,0.0,0.0,0.0,1,1,1,80,1.0,1,Typeb,Renault,Food
2026-01-01 03:00:00,0.0,0.0,0.0,1,1,1,80,1.0,1,Typeb,Renault,Food
2026-01-01 04:00:00,0.0,0.0,0.0,1,1,1,80,1.0,1,Typeb,Renault,Food
2026-01-01 05:00:00,0.0,0.0,0.0,1,1,1,80,1.0,1,Typeb,Renault,Food
2026-01-01 06:00:00,6.001606651793873,1.6678246193769914,0.2778963561163211,0,0,1,0,1.1329772784640002,1,Typeb,Renault,Food
2026-01-01 07:00:00,6.001606651793873,1.723875973616315,0.2872357476311865,0,0,1,0,1.1329772784640002,1,Typeb,Renault,Food
2026-01-01 08:00:00,6.001606651793873,0.6799683970760864,0.11329772784640002,0,0,1,0,1.1329772784640002,1,Typeb,Renault,Food
2026-01-01 09:00:00,6.001606651793873,1.1990020623330881,0.19978018085785545,0,0,1,0,1.1329772784640002,1,Typeb,Renault,Food
2026-01-01 10:00:00,6.001606651793873,1.5800588531834863,0.263272644286211,0,0,1,0,1.1329772784640002,1,Typeb,Renault,Food
2026-01-01 11:00:00,6.001606651793873,0.6799683970760864,0.11329772784640002,0,0,1,0,1.1329772784640002,1,Typeb,Renault,Food
2026-01-01 12:00:00,0.0,0.0,0.0,1,1,1,80,1.1329772784640002,1,Typeb,Renault,Food
2026-01-01 13:00:00,6.001606651793873,0.7419912546782857,0.12363210348957233,0,0,1,0,1.1329772784640002,1,Typeb,Renault,Food
2026-01-01 14:00:00,6.001606651793873,1.6923877772672515,0.28198911982367236,0,0,1,0,1.1329772784640002,1,Typeb,Renault,Food
2026-01-01 15:00:00,6.001606651793873,0.6799683970760864,0.11329772784640002,0,0,1,0,1.1329772784640002,1,Typeb,Renault,Food
2026-01-01 16:00:00,6.001606651793873,0.8311752879530512,0.13849212988735507,0,0,1,0,1.1329772784640002,1,Typeb,Renault,Food
2026-01-01 17:00:00,6.001606651793873,0.9843850055247251,0.16402024701677068,0,0,1,0,1.1329772784640002,1,Typeb,Renault,Food
2026-01-01 18:00:00,6.001606651793873,2.397531541363181,0.3994816189172547,0,0,1,0,1.1329772784640002,1,Typeb,Renault,Food
2026-01-01 19:00:00,6.001606651793873,2.1153678701866747,0.3524669297602824,0,0,1,0,1.1329772784640002,1,Typeb,Renault,Food
2026-01-01 20:00:00,0.0,0.0,0.0,1,1,1,80,1.1329772784640002,1,Typeb,Renault,Food
2026-01-01 21:00:00,0.0,0.0,0.0,1,1,1,80,1.1329772784640002,1,Typeb,Renault,Food
2026-01-01 22:00:00,0.0,0.0,0.0,1,1,1,80,1.1329772784640002,1,Typeb,Renault,Food
2026-01-01 23:00:00,0.0,0.0,0.0,1,1,1,80,1.1329772784640002,1,Typeb,Renault,Food
2026-01-02 00:00:00,0.0,0.0,0.0,1,1,1,80,1.1329772784640002,1,Typeb,Renault,Food
2026-01-02 01:00:00,0.0,0.0,0.0,1,1,1,80,1.1329772784640002,1,Typeb,Renault,Food
2026-01-02 02:00:00,0.0,0.0,0.0,1,1,1,80,1.1329772784640002,1,Typeb,Renault,Food
2026-01-02 03:00:00,0.0,0.0,0.0,1,1,1,80,1.1329772784640002,1,Typeb,Renault,Food
2026-01-02 04:00:00,0.0,0.0,0.0,1,1,1,80,1.1329772784640002,1,Typeb,Renault,Food
2026-01-02 05:00:00,4.544976752979863,0.9936303576053459,0.21862165894553443,0,0,1,0,1.23259004,1,Typeb,Renault,Food
2026-01-02 06:00:00,4.544976752979863,1.88770093997439,0.4153378647617373,0,0,1,0,1.23259004,1,Typeb,Renault,Food
2026-01-02 07:00:00,4.544976752979863,0.6554918407603298,0.1442233649117268,0,0,1,0,1.23259004,1,Typeb,Renault,Food
2026-01-02 08:00:00,4.544976752979863,1.2098440382680231,0.26619366919199366,0,0,1,0,1.23259004,1,Typeb,Renault,Food
2026-01-02 09:00:00,4.544976752979863,1.456112846718411,0.32037850265432644,0,0,1,0,1.23259004,1,Typeb,Renault,Food
2026-01-02 10:00:00,4.544976752979863,2.5209418849895338,0.5546655180000001,0,0,1,0,1.23259004,1,Typeb,Renault,Food
2026-01-02 11:00:00,4.544976752979863,1.6300333312460178,0.35864503161150485,0,0,1,0,1.23259004,1,Typeb,Renault,Food
2026-01-02 12:00:00,0.0,0.0,0.0,1,1,1,80,1.23259004,1,Typeb,Renault,Food
2026-01-02 13:00:00,4.090479077681876,0.9821840887915464,0.24011468342435865,0,0,1,0,1.23259004,1,Typeb,Renault,Food
2026-01-02 14:00:00,4.090479077681876,0.5041883769979068,0.123259004,0,0,1,0,1.23259004,1,Typeb,Renault,Food
2026-01-02 15:00:00,4.090479077681876,1.9060599166859158,0.465974738041223,0,0,1,0,1.23259004,1,Typeb,Renault,Food
2026-01-02 16:00:00,4.090479077681876,2.2688476964905804,0.5546655180000001,0,0,1,0,1.23259004,1,Typeb,Renault,Food
2026-01-02 17:00:00,4.090479077681876,0.5041883769979068,0.123259004,0,0,1,0,1.23259004,1,Typeb,Renault,Food
2026-01-02 18:00:00,4.090479077681876,1.8156000230955358,0.44385999503130524,0,0,1,0,1.23259004,1,Typeb,Renault,Food
2026-01-02 19:00:00,4.090479077681876,0.5041883769979068,0.123259004,0,0,1,0,1.23259004,1,Typeb,Renault,Food
2026-01-02 20:00:00,4.090479077681876,0.819824913471908,0.20042271281742202,0,0,1,0,1.23259004,1,Typeb,Renault,Food
2026-01-02 21:00:00,0.0,0.0,0.0,1,1,1,80,1.23259004,1,Typeb,Renault,Food
2026-01-02 22:00:00,0.0,0.0,0.0,1,1,1,80,1.23259004,1,Typeb,Renault,Food
2026-01-02 23:00:00,0.0,0.0,0.0,1,1,1,80,1.23259004,1,Typeb,Renault,Food
2026-01-03 00:00:00,0.0,0.0,0.0,1,1,1,80,1.23259004,1,Typeb,Renault,Food
2026-01-03 01:00:00,0.0,0.0,0.0,1,1,1,80,1.23259004,1,Typeb,Renault,Food
2026-01-03 02:00:00,0.0,0.0,0.0,1,1,1,80,1.23259004,1,Typeb,Renault,Food
2026-01-03 03:00:00,0.0,0.0,0.0,1,1,1,80,1.23259004,1,Typeb,Renault,Food
2026-01-03 04:00:00,0.0,0.0,0.0,1,1,1,80,1.23259004,1,Typeb,Renault,Food
2026-01-03 05:00:00,0.0,0.0,0.0,1,1,1,80,1.23259004,1,Typeb,Renault,Food
2026-01-03 06:00:00,0.0,0.0,0.0,1,1,1,80,1.23259004,1,Typeb,Renault,Food
2026-01-03 07:00:00,0.0,0.0,0.0,1,1,1,80,1.23259004,1,Typeb,Renault,Food
2026-01-03 08:00:00,0.0,0.0,0.0,1,1,1,80,1.23259004,1,Typeb,Renault,Food
2026-01-03 09:00:00,13.53164569280217,4.153303478162053,0.3069326209428689,0,0,1,0,1.209049010004,1,Typeb,Renault,Food
2026-01-03 10:00:00,13.53164569280217,5.758093561019563,0.4255279580725677,0,0,1,0,1.209049010004,1,Typeb,Renault,Food
2026-01-03 11:00:00,13.53164569280217,4.172234815834296,0.3083316627225626,0,0,1,0,1.209049010004,1,Typeb,Renault,Food
2026-01-03 12:00:00,13.53164569280217,4.462698800831059,0.32979719556246456,0,0,1,0,1.209049010004,1,Typeb,Renault,Food
2026-01-03 13:00:00,7.32964141693451,3.9878530644730428,0.5440720545018,0,0,1,0,1.209049010004,1,Typeb,Renault,Food
2026-01-03 14:00:00,7.32964141693451,2.062403079609594,0.281378441630799,0,0,1,0,1.209049010004,1,Typeb,Renault,Food
2026-01-03 15:00:00,7.32964141693451,1.1686298361380414,0.1594388824312772,0,0,1,0,1.209049010004,1,Typeb,Renault,Food
2026-01-03 16:00:00,7.32964141693451,0.8861895698828984,0.1209049010004,0,0,1,0,1.209049010004,1,Typeb,Renault,Food
2026-01-03 17:00:00,7.32964141693451,1.1902688197680973,0.16239113921972814,0,0,1,0,1.209049010004,1,Typeb,Renault,Food
2026-01-03 18:00:00,7.32964141693451,0.8861895698828984,0.1209049010004,0,0,1,0,1.209049010004,1,Typeb,Renault,Food
2026-01-03 19:00:00,0.0,0.0,0.0,1,1,1,80,1.209049010004,1,Typeb,Renault,Food
2026-01-03 20:00:00,0.0,0.0,0.0,1,1,1,80,1.209049010004,1,Typeb,Renault,Food
2026-01-03 21:00:00,0.0,0.0,0.0,1,1,1,80,1.209049010004,1,Typeb,Renault,Food
2026-01-03 22:00:00,0.0,0.0,0.0,1,1,1,80,1.209049010004,1,Typeb,Renault,Food
2026-01-03 23:00:00,0.0,0.0,0.0,1,1,1,80,1.209049010004,1,Typeb,Renault,Food
2026-01-04 00:00:00,0.0,0.0,0.0,1,1,1,80,1.209049010004,1,Typeb,Renault,Food
2026-01-04 01:00:00,0.0,0.0,0.0,1,1,1,80,1.209049010004,1,Typeb,Renault,Food
2026-01-04 02:00:00,0.0,0.0,0.0,1,1,1,80,1.209049010004,1,Typeb,Renault,Food
2026-01-04 03:00:00,0.0,0.0,0.0,1,1,1,80,1.209049010004,1,Typeb,Renault,Food
2026-01-04 04:00:00,0.0,0.0,0.0,1,1,1,80,1.209049010004,1,Typeb,Renault,Food
2026-01-04 05:00:00,0.0,0.0,0.0,1,1,1,80,1.209049010004,1,Typeb,Renault,Food
2026-01-04 06:00:00,0.0,0.0,0.0,1,1,1,80,1.209049010004,1,Typeb,Renault,Food
2026-01-04 07:00:00,0.0,0.0,0.0,1,1,1,80,1.209049010004,1,Typeb,Renault,Food
2026-01-04 08:00:00,0.0,0.0,0.0,1,1,1,80,1.209049010004,1,Typeb,Renault,Food
2026-01-04 09:00:00,10.0,1.3050301525,0.13050301525000002,0,0,1,0,1.3050301525,1,Typeb,Renault,Food
2026-01-04 10:00:00,10.0,2.5864127926749734,0.2586412792674973,0,0,1,0,1.3050301525,1,Typeb,Renault,Food
2026-01-04 11:00:00,10.0,1.5294731478879031,0.15294731478879034,0,0,1,0,1.3050301525,1,Typeb,Renault,Food
2026-01-04 12:00:00,0.0,0.0,0.0,1,1,1,80,1.3050301525,1,Typeb,Renault,Food
2026-01-04 13:00:00,5.454545454545454,2.2946431051072906,0.42068456926967,0,0,1,0,1.3050301525,1,Typeb,Renault,Food
2026-01-04 14:00:00,5.454545454545454,2.739767928533609,0.5022907868978284,0,0,1,0,1.3050301525,1,Typeb,Renault,Food
2026-01-04 15:00:00,5.454545454545454,1.4998272268875872,0.274968324929391,0,0,1,0,1.3050301525,1,Typeb,Renault,Food
2026-01-04 16:00:00,5.454545454545454,0.7118346286363636,0.13050301525000002,0,0,1,0,1.3050301525,1,Typeb,Renault,Food
2026-01-04 17:00:00,5.454545454545454,2.211870720248833,0.4055096320456194,0,0,1,0,1.3050301525,1,Typeb,Renault,Food
2026-01-04 18:00:00,5.454545454545454,1.019885974868912,0.18697909539263388,0,0,1,0,1.3050301525,1,Typeb,Renault,Food
2026-01-04 19:00:00,0.0,0.0,0.0,1,1,1,80,1.3050301525,1,Typeb,Renault,Food
2026-01-04 20:00:00,0.0,0.0,0.0,1,1,1,80,1.3050301525,1,Typeb,Renault,Food
2026-01-04 21:00:00,0.0,0.0,0.0,1,1,1,80,1.3050301525,1,Typeb,Renault,Food
2026-01-04 22:00:00,0.0,0.0,0.0,1,1,1,80,1.3050301525,1,Typeb,Renault,Food
2026-01-04 23:00:00,0.0,0.0,0.0,1,1,1,80,1.3050301525,1,Typeb,Renault,Food
2026-01-05 00:00:00,0.0,0.0,0.0,1,1,1,80,1.3050301525,1,Typeb,Renault,Food
2026-01-05 01:00:00,0.0,0.0,0.0,1,1,1,80,1.3050301525,1,Typeb,Renault,Food
2026-01-05 02:00:00,0.0,0.0,0.0,1,1,1,80,1.3050301525,1,Typeb,Renault,Food
2026-01-05 03:00:00,0.0,0.0,0.0,1,1,1,80,1.3050301525,1,Typeb,Renault,Food
2026-01-05 04:00:00,0.0,0.0,0.0,1,1,1,80,1.3050301525,1,Typeb,Renault,Food
2026-01-05 05:00:00,0.0,0.0,0.0,1,1,1,80,1.3050301525,1,Typeb,Renault,Food
2026-01-05 06:00:00,0.0,0.0,0.0,1,1,1,80,1.3050301525,1,Typeb,Renault,Food
2026-01-05 07:00:00,8.094017746000583,4.072172927240002,0.5031089694919615,0,0,1,0,1.226197579604,1,Typeb,Renault,Food
2026-01-05 08:00:00,8.094017746000583,2.7571327797233334,0.34063834133372,0,0,1,0,1.226197579604,1,Typeb,Renault,Food
2026-01-05 09:00:00,8.094017746000583,4.135617260076323,0.5109473922416113,0,0,1,0,1.226197579604,1,Typeb,Renault,Food
2026-01-05 10:00:00,8.094017746000583,4.175144189884228,0.5158308668086687,0,0,1,0,1.226197579604,1,Typeb,Renault,Food
2026-01-05 11:00:00,8.094017746000583,2.154117999505014,0.2661370492508998,0,0,1,0,1.226197579604,1,Typeb,Renault,Food
2026-01-05 12:00:00,0.0,0.0,0.0,1,1,1,80,1.226197579604,1,Typeb,Renault,Food
2026-01-05 13:00:00,7.160092621462054,1.9028858987076167,0.26576274907447456,0,0,1,0,1.226197579604,1,Typeb,Renault,Food
2026-01-05 14:00:00,7.160092621462054,0.8779688242177232,0.12261975796040002,0,0,1,0,1.226197579604,1,Typeb,Renault,Food
2026-01-05 15:00:00,7.160092621462054,1.7502683421152314,0.24444772360470327,0,0,1,0,1.226197579604,1,Typeb,Renault,Food
2026-01-05 16:00:00,7.160092621462054,0.8779688242177232,0.12261975796040002,0,0,1,0,1.226197579604,1,Typeb,Renault,Food
2026-01-05 17:00:00,7.160092621462054,1.331041279150306,0.1858972152344189,0,0,1,0,1.226197579604,1,Typeb,Renault,Food
2026-01-05 18:00:00,7.160092621462054,2.06441329536282,0.288322149517289,0,0,1,0,1.226197579604,1,Typeb,Renault,Food
2026-01-05 19:00:00,7.160092621462054,1.787679111717901,0.24967262383721317,0,0,1,0,1.226197579604,1,Typeb,Renault,Food
2026-01-05 20:00:00,0.0,0.0,0.0,1,1,1,80,1.226197579604,1,Typeb,Renault,Food
2026-01-05 21:00:00,0.0,0.0,0.0,1,1,1,80,1.226197579604,1,Typeb,Renault,Food
2026-01-05 22:00:00,0.0,0.0,0.0,1,1,1,80,1.226197579604,1,Typeb,Renault,Food
2026-01-05 23:00:00,0.0,0.0,0.0,1,1,1,80,1.226197579604,1,Typeb,Renault,Food
2026-01-06 00:00:00,0.0,0.0,0.0,1,1,1,80,1.226197579604,1,Typeb,Renault,Food
2026-01-06 01:00:00,0.0,0.0,0.0,1,1,1,80,1.226197579604,1,Typeb,Renault,Food
2026-01-06 02:00:00,0.0,0.0,0.0,1,1,1,80,1.226197579604,1,Typeb,Renault,Food
2026-01-06 03:00:00,0.0,0.0,0.0,1,1,1,80,1.226197579604,1,Typeb,Renault,Food
2026-01-06 04:00:00,0.0,0.0,0.0,1,1,1,80,1.226197579604,1,Typeb,Renault,Food
2026-01-06 05:00:00,0.0,0.0,0.0,1,1,1,80,1.226197579604,1,Typeb,Renault,Food
2026-01-06 06:00:00,6.647759517081572,3.9805691475063503,0.5987835656928001,0,0,1,0,1.3306301459840002,1,Typeb,Renault,Food
2026-01-06 07:00:00,6.647759517081572,2.8377770080191222,0.4268772058807766,0,0,1,0,1.3306301459840002,1,Typeb,Renault,Food
2026-01-06 08:00:00,6.647759517081572,0.884570921668078,0.13306301459840003,0,0,1,0,1.3306301459840002,1,Typeb,Renault,Food
2026-01-06 09:00:00,6.647759517081572,0.884570921668078,0.13306301459840003,0,0,1,0,1.3306301459840002,1,Typeb,Renault,Food
2026-01-06 10:00:00,6.647759517081572,2.4289646933921443,0.36538095085281935,0,0,1,0,1.3306301459840002,1,Typeb,Renault,Food
2026-01-06 11:00:00,6.647759517081572,2.51884806120157,0.3789018021378979,0,0,1,0,1.3306301459840002,1,Typeb,Renault,Food
2026-01-06 12:00:00,0.0,0.0,0.0,1,1,1,80,1.3306301459840002,1,Typeb,Renault,Food
2026-01-06 13:00:00,6.924749496959971,3.0572221864233473,0.4414920984167725,0,0,1,0,1.3306301459840002,1,Typeb,Renault,Food
2026-01-06 14:00:00,6.924749496959971,2.3473568311707447,0.3389807576723542,0,0,1,0,1.3306301459840002,1,Typeb,Renault,Food
2026-01-06 15:00:00,6.924749496959971,4.1464261953191155,0.5987835656928001,0,0,1,0,1.3306301459840002,1,Typeb,Renault,Food
2026-01-06 16:00:00,6.924749496959971,1.8764354180570566,0.27097520551188586,0,0,1,0,1.3306301459840002,1,Typeb,Renault,Food
2026-01-06 17:00:00,6.924749496959971,0.9330428360315999,0.13474030164429981,0,0,1,0,1.3306301459840002,1,Typeb,Renault,Food
2026-01-06 18:00:00,6.924749496959971,1.3844501694285118,0.19992783421787289,0,0,1,0,1.3306301459840002,1,Typeb,Renault,Food
2026-01-06 19:00:00,0.0,0.0,0.0,1,1,1,80,1.3306301459840002,1,Typeb,Renault,Food
2026-01-06 20:00:00,0.0,0.0,0.0,1,1,1,80,1.3306301459840002,1,Typeb,Renault,Food
2026-01-06 21:00:00,0.0,0.0,0.0,1,1,1,80,1.3306301459840002,1,Typeb,Renault,Food
2026-01-06 22:00:00,0.0,0.0,0.0,1,1,1,80,1.3306301459840002,1,Typeb,Renault,Food
2026-01-06 23:00:00,0.0,0.0,0.0,1,1,1,80,1.3306301459840002,1,Typeb,Renault,Food
2026-01-07 00:00:00,0.0,0.0,0.0,1,1,1,80,1.3306301459840002,1,Typeb,Renault,Food
2026-01-07 01:00:00,0.0,0.0,0.0,1,1,1,80,1.3306301459840002,1,Typeb,Renault,Food
2026-01-07 02:00:00,0.0,0.0,0.0,1,1,1,80,1.3306301459840002,1,Typeb,Renault,Food
2026-01-07 03:00:00,0.0,0.0,0.0,1,1,1,80,1.3306301459840002,1,Typeb,Renault,Food
2026-01-07 04:00:00,0.0,0.0,0.0,1,1,1,80,1.3306301459840002,1,Typeb,Renault,Food
2026-01-07 05:00:00,0.0,0.0,0.0,1,1,1,80,1.3306301459840002,1,Typeb,Renault,Food
2026-01-07 06:00:00,0.0,0.0,0.0,1,1,1,80,1.3306301459840002,1,Typeb,Renault,Food
2026-01-07 07:00:00,6.569471583253685,2.923875542029934,0.44507012550038555,0,0,1,0,1.282756305344,1,Typeb,Renault,Food
2026-01-07 08:00:00,6.569471583253685,1.371932679103225,0.2088345556742241,0,0,1,0,1.282756305344,1,Typeb,Renault,Food
2026-01-07 09:00:00,6.569471583253685,0.8427031096196896,0.12827563053440003,0,0,1,0,1.282756305344,1,Typeb,Renault,Food
2026-01-07 10:00:00,6.569471583253685,0.8427031096196896,0.12827563053440003,0,0,1,0,1.282756305344,1,Typeb,Renault,Food
2026-01-07 11:00:00,6.569471583253685,2.717994452516266,0.4137310616343537,0,0,1,0,1.282756305344,1,Typeb,Renault,Food
2026-01-07 12:00:00,0.0,0.0,0.0,1,1,1,80,1.282756305344,1,Typeb,Renault,Food
2026-01-07 13:00:00,5.712583985437988,3.147540053549564,0.5509835936894747,0,0,1,0,1.282756305344,1,Typeb,Renault,Food
2026-01-07 14:00:00,5.712583985437988,0.7327853127127737,0.12827563053440003,0,0,1,0,1.282756305344,1,Typeb,Renault,Food
2026-01-07 15:00:00,5.712583985437988,0.7327853127127737,0.12827563053440003,0,0,1,0,1.282756305344,1,Typeb,Renault,Food
2026-01-07 16:00:00,5.712583985437988,0.866127626762906,0.15161748675743966,0,0,1,0,1.282756305344,1,Typeb,Renault,Food
2026-01-07 17:00:00,5.712583985437988,2.146925098514278,0.37582381352939914,0,0,1,0,1.282756305344,1,Typeb,Renault,Food
2026-01-07 18:00:00,5.712583985437988,2.597356426847578,0.45467277741010526,0,0,1,0,1.282756305344,1,Typeb,Renault,Food
2026-01-07 19:00:00,0.0,0.0,0.0,1,1,1,80,1.282756305344,1,Typeb,Renault,Food
2026-01-07 20:00:00,0.0,0.0,0.0,1,1,1,80,1.282756305344,1,Typeb,Renault,Food
2026-01-07 21:00:00,0.0,0.0,0.0,1,1,1,80,1.282756305344,1,Typeb,Renault,Food
2026-01-07 22:00:00,0.0,0.0,0.0,1,1,1,80,1.282756305344,1,Typeb,Renault,Food
2026-01-07 23:00:00,0.0,0.0,0.0,1,1,1,80,1.282756305344,1,Typeb,Renault,Food
2026-01-08 00:00:00,0.0,0.0,0.0,1,1,1,80,1.282756305344,1,Typeb,Renault,Food
2026-01-08 01:00:00,0.0,0.0,0.0,1,1,1,80,1.282756305344,1,Typeb,Renault,Food
2026-01-08 02:00:00,0.0,0.0,0.0,1,1,1,80,1.282756305344,1,Typeb,Renault,Food
2026-01-08 03:00:00,0.0,0.0,0.0,1,1,1,80,1.282756305344,1,Typeb,Renault,Food
2026-01-08 04:00:00,0.0,0.0,0.0,1,1,1,80,1.282756305344,1,Typeb,Renault,Food
2026-01-08 05:00:00,0.0,0.0,0.0,1,1,1,80,1.282756305344,1,Typeb,Renault,Food
2026-01-08 06:00:00,5.300527441535028,0.6236522257278859,0.11765852221440001,0,0,1,0,1.176585222144,1,Typeb,Renault,Food
2026-01-08 07:00:00,5.300527441535028,0.9573831208896835,0.18062034985190573,0,0,1,0,1.176585222144,1,Typeb,Renault,Food
2026-01-08 08:00:00,5.300527441535028,0.7047072908427782,0.13295040891981413,0,0,1,0,1.176585222144,1,Typeb,Renault,Food
2026-01-08 09:00:00,5.300527441535028,1.998933422599673,0.3771197196218616,0,0,1,0,1.176585222144,1,Typeb,Renault,Food
2026-01-08 10:00:00,5.300527441535028,1.0895437444939906,0.20555383525728146,0,0,1,0,1.176585222144,1,Typeb,Renault,Food
2026-01-08 11:00:00,5.300527441535028,1.6978176422081495,0.32031107487606236,0,0,1,0,1.176585222144,1,Typeb,Renault,Food
2026-01-08 12:00:00,0.0,0.0,0.0,1,1,1,80,1.176585222144,1,Typeb,Renault,Food
2026-01-08 13:00:00,5.300527441535028,1.4449060914589487,0.2725966627654144,0,0,1,0,1.176585222144,1,Typeb,Renault,Food
2026-01-08 14:00:00,5.300527441535028,2.684729278165038,0.5065022882680412,0,0,1,0,1.176585222144,1,Typeb,Renault,Food
2026-01-08 15:00:00,5.300527441535028,1.176853917267119,0.22202581351532505,0,0,1,0,1.176585222144,1,Typeb,Renault,Food
2026-01-08 16:00:00,5.300527441535028,1.7118485424601804,0.32295815111645393,0,0,1,0,1.176585222144,1,Typeb,Renault,Food
2026-01-08 17:00:00,5.300527441535028,1.374555539756894,0.25932429459488354,0,0,1,0,1.176585222144,1,Typeb,Renault,Food
2026-01-08 18:00:00,5.300527441535028,1.5847211036480442,0.29897422872111584,0,0,1,0,1.176585222144,1,Typeb,Renault,Food
2026-01-08 19:00:00,0.0,0.0,0.0,1,1,1,80,1.176585222144,1,Typeb,Renault,Food
2026-01-08 20:00:00,0.0,0.0,0.0,1,1,1,80,1.176585222144,1,Typeb,Renault,Food
2026-01-08 21:00:00,0.0,0.0,0.0,1,1,1,80,1.176585222144,1,Typeb,Renault,Food
2026-01-08 22:00:00,0.0,0.0,0.0,1,1,1,80,1.176585222144,1,Typeb,Renault,Food
2026-01-08 23:00:00,0.0,0.0,0.0,1,1,1,80,1.176585222144,1,Typeb,Renault,Food
2026-01-09 00:00:00,0.0,0.0,0.0,1,1,1,80,1.176585222144,1,Typeb,Renault,Food
2026-01-09 01:00:00,0.0,0.0,0.0,1,1,1,80,1.176585222144,1,Typeb,Renault,Food
2026-01-09 02:00:00,0.0,0.0,0.0,1,1,1,80,1.176585222144,1,Typeb,Renault,Food
2026-01-09 03:00:00,0.0,0.0,0.0,1,1,1,80,1.176585222144,1,Typeb,Renault,Food
2026-01-09 04:00:00,0.0,0.0,0.0,1,1,1,80,1.176585222144,1,Typeb,Renault,Food
2026-01-09 05:00:00,0.0,0.0,0.0,1,1,1,80,1.176585222144,1,Typeb,Renault,Food
2026-01-09 06:00:00,0.0,0.0,0.0,1,1,1,80,1.176585222144,1,Typeb,Renault,Food
2026-01-09 07:00:00,9.104885352198856,1.0355372024753493,0.1137342385344,0,0,1,0,1.137342385344,1,Typeb,Renault,Food
2026-01-09 08:00:00,9.104885352198856,1.0355372024753493,0.1137342385344,0,0,1,0,1.137342385344,1,Typeb,Renault,Food
2026-01-09 09:00:00,9.104885352198856,1.0355372024753493,0.1137342385344,0,0,1,0,1.137342385344,1,Typeb,Renault,Food
2026-01-09 10:00:00,9.104885352198856,2.8627614445897107,0.3144203725638726,0,0,1,0,1.137342385344,1,Typeb,Renault,Food
2026-01-09 11:00:00,9.104885352198856,2.800481244632883,0.3075800667777281,0,0,1,0,1.137342385344,1,Typeb,Renault,Food
2026-01-09 12:00:00,9.104885352198856,1.9938722947173133,0.21898928076406668,0,0,1,0,1.137342385344,1,Typeb,Renault,Food
2026-01-09 13:00:00,10.83914922880816,3.542881507623611,0.3268597408187151,0,0,1,0,1.137342385344,1,Typeb,Renault,Food
2026-01-09 14:00:00,10.83914922880816,1.232782383899225,0.1137342385344,0,0,1,0,1.137342385344,1,Typeb,Renault,Food
2026-01-09 15:00:00,10.83914922880816,4.757025521608649,0.4388744375772117,0,0,1,0,1.137342385344,1,Typeb,Renault,Food
2026-01-09 16:00:00,10.83914922880816,2.7384370057918606,0.2526431685720938,0,0,1,0,1.137342385344,1,Typeb,Renault,Food
2026-01-09 17:00:00,10.83914922880816,5.427598648577923,0.5007402826554428,0,0,1,0,1.137342385344,1,Typeb,Renault,Food
2026-01-09 18:00:00,0.0,0.0,0.0,1,1,1,80,1.137342385344,1,Typeb,Renault,Food
2026-01-09 19:00:00,0.0,0.0,0.0,1,1,1,80,1.137342385344,1,Typeb,Renault,Food
2026-01-09 20:00:00,0.0,0.0,0.0,1,1,1,80,1.137342385344,1,Typeb,Renault,Food
2026-01-09 21:00:00,0.0,0.0,0.0,1,1,1,80,1.137342385344,1,Typeb,Renault,Food
2026-01-09 22:00:00,0.0,0.0,0.0,1,1,1,80,1.137342385344,1,Typeb,Renault,Food
2026-01-09 23:00:00,0.0,0.0,0.0,1,1,1,80,1.137342385344,1,Typeb,Renault,Food
2026-01-10 00:00:00,0.0,0.0,0.0,1,1,1,80,1.137342385344,1,Typeb,Renault,Food
2026-01-10 01:00:00,0.0,0.0,0.0,1,1,1,80,1.137342385344,1,Typeb,Renault,Food
2026-01-10 02:00:00,0.0,0.0,0.0,1,1,1,80,1.137342385344,1,Typeb,Renault,Food
2026-01-10 03:00:00,0.0,0.0,0.0,1,1,1,80,1.137342385344,1,Typeb,Renault,Food
2026-01-10 04:00:00,0.0,0.0,0.0,1,1,1,80,1.137342385344,1,Typeb,Renault,Food
2026-01-10 05:00:00,0.0,0.0,0.0,1,1,1,80,1.137342385344,1,Typeb,Renault,Food
2026-01-10 06:00:00,0.0,0.0,0.0,1,1,1,80,1.137342385344,1,Typeb,Renault,Food
2026-01-10 07:00:00,0.0,0.0,0.0,1,1,1,80,1.137342385344,1,Typeb,Renault,Food
2026-01-10 08:00:00,0.0,0.0,0.0,1,1,1,80,1.137342385344,1,Typeb,Renault,Food
2026-01-10 09:00:00,0.0,0.0,0.0,1,1,1,80,1.137342385344,1,Typeb,Renault,Food
2026-01-10 10:00:00,13.333333333333334,4.278811482433715,0.32091086118252865,0,0,1,0,1.18961004,1,Typeb,Renault,Food
2026-01-10 11:00:00,13.333333333333334,2.641157905599014,0.19808684291992604,0,0,1,0,1.18961004,1,Typeb,Renault,Food
2026-01-10 12:00:00,0.0,0.0,0.0,1,1,1,80,1.18961004,1,Typeb,Renault,Food
2026-01-10 13:00:00,5.217391304347826,0.620666107826087,0.11896100400000001,0,0,1,0,1.18961004,1,Typeb,Renault,Food
2026-01-10 14:00:00,5.217391304347826,0.620666107826087,0.11896100400000001,0,0,1,0,1.18961004,1,Typeb,Renault,Food
2026-01-10 15:00:00,5.217391304347826,0.620666107826087,0.11896100400000001,0,0,1,0,1.18961004,1,Typeb,Renault,Food
2026-01-10 16:00:00,5.217391304347826,0.9350831722048099,0.17922427467258856,0,0,1,0,1.18961004,1,Typeb,Renault,Food
2026-01-10 17:00:00,5.217391304347826,0.7190267970410326,0.13781346943286457,0,0,1,0,1.18961004,1,Typeb,Renault,Food
2026-01-10 18:00:00,5.217391304347826,2.1051331842630727,0.403483860317089,0,0,1,0,1.18961004,1,Typeb,Renault,Food
2026-01-10 19:00:00,0.0,0.0,0.0,1,1,1,80,1.18961004,1,Typeb,Renault,Food
2026-01-10 20:00:00,0.0,0.0,0.0,1,1,1,80,1.18961004,1,Typeb,Renault,Food
2026-01-10 21:00:00,0.0,0.0,0.0,1,1,1,80,1.18961004,1,Typeb,Renault,Food
2026-01-10 22:00:00,0.0,0.0,0.0,1,1,1,80,1.18961004,1,Typeb,Renault,Food
2026-01-10 23:00:00,0.0,0.0,0.0,1,1,1,80,1.18961004,1,Typeb,Renault,Food
2026-01-11 00:00:00,0.0,0.0,0.0,1,1,1,80,1.18961004,1,Typeb,Renault,Food
2026-01-11 01:00:00,0.0,0.0,0.0,1,1,1,80,1.18961004,1,Typeb,Renault,Food
2026-01-11 02:00:00,0.0,0.0,0.0,1,1,1,80,1.18961004,1,Typeb,Renault,Food
2026-01-11 03:00:00,0.0,0.0,0.0,1,1,1,80,1.18961004,1,Typeb,Renault,Food
2026-01-11 04:00:00,0.0,0.0,0.0,1,1,1,80,1.18961004,1,Typeb,Renault,Food
2026-01-11 05:00:00,0.0,0.0,0.0,1,1,1,80,1.18961004,1,Typeb,Renault,Food
2026-01-11 06:00:00,0.0,0.0,0.0,1,1,1,80,1.18961004,1,Typeb,Renault,Food
2026-01-11 07:00:00,0.0,0.0,0.0,1,1,1,80,1.18961004,1,Typeb,Renault,Food
2026-01-11 08:00:00,0.0,0.0,0.0,1,1,1,80,1.18961004,1,Typeb,Renault,Food
2026-01-11 09:00:00,10.0,1.122069513044,0.1122069513044,0,0,1,0,1.122069513044,1,Typeb,Renault,Food
2026-01-11 10:00:00,10.0,2.7754474994777296,0.27754474994777295,0,0,1,0,1.122069513044,1,Typeb,Renault,Food
2026-01-11 11:00:00,10.0,2.8807917753907666,0.28807917753907664,0,0,1,0,1.122069513044,1,Typeb,Renault,Food
2026-01-11 12:00:00,0.0,0.0,0.0,1,1,1,80,1.122069513044,1,Typeb,Renault,Food
2026-01-11 13:00:00,4.444444444444445,1.498585668318409,0.337181775371642,0,0,1,0,1.122069513044,1,Typeb,Renault,Food
2026-01-11 14:00:00,4.444444444444445,0.7329891940927465,0.16492256867086796,0,0,1,0,1.122069513044,1,Typeb,Renault,Food
2026-01-11 15:00:00,4.444444444444445,0.4986975613528889,0.1122069513044,0,0,1,0,1.122069513044,1,Typeb,Renault,Food
2026-01-11 16:00:00,4.444444444444445,0.4986975613528889,0.1122069513044,0,0,1,0,1.122069513044,1,Typeb,Renault,Food
2026-01-11 17:00:00,4.444444444444445,1.0290783776593126,0.23154263497334535,0,0,1,0,1.122069513044,1,Typeb,Renault,Food
2026-01-11 18:00:00,4.444444444444445,0.9755166413386881,0.2194912443012048,0,0,1,0,1.122069513044,1,Typeb,Renault,Food
2026-01-11 19:00:00,4.444444444444445,0.4986975613528889,0.1122069513044,0,0,1,0,1.122069513044,1,Typeb,Renault,Food
2026-01-11 20:00:00,0.0,0.0,0.0,1,1,1,80,1.122069513044,1,Typeb,Renault,Food
2026-01-11 21:00:00,0.0,0.0,0.0,1,1,1,80,1.122069513044,1,Typeb,Renault,Food
2026-01-11 22:00:00,0.0,0.0,0.0,1,1,1,80,1.122069513044,1,Typeb,Renault,Food
2026-01-11 23:00:00,0.0,0.0,0.0,1,1,1,80,1.122069513044,1,Typeb,Renault,Food
2026-01-12 00:00:00,0.0,0.0,0.0,1,1,1,80,1.122069513044,1,Typeb,Renault,Food
2026-01-12 01:00:00,0.0,0.0,0.0,1,1,1,80,1.122069513044,1,Typeb,Renault,Food
2026-01-12 02:00:00,0.0,0.0,0.0,1,1,1,80,1.122069513044,1,Typeb,Renault,Food
2026-01-12 03:00:00,0.0,0.0,0.0,1,1,1,80,1.122069513044,1,Typeb,Renault,Food
2026-01-12 04:00:00,0.0,0.0,0.0,1,1,1,80,1.122069513044,1,Typeb,Renault,Food
2026-01-12 05:00:00,0.0,0.0,0.0,1,1,1,80,1.122069513044,1,Typeb,Renault,Food
2026-01-12 06:00:00,0.0,0.0,0.0,1,1,1,80,1.122069513044,1,Typeb,Renault,Food
2026-01-12 07:00:00,7.139071355708971,3.5977364164835364,0.5039501970528,0,0,1,0,1.119889326784,1,Typeb,Renault,Food
2026-01-12 08:00:00,7.139071355708971,3.033085974282536,0.42485721505739515,0,0,1,0,1.119889326784,1,Typeb,Renault,Food
2026-01-12 09:00:00,7.139071355708971,0.7994969814407858,0.1119889326784,0,0,1,0,1.119889326784,1,Typeb,Renault,Food
2026-01-12 10:00:00,7.139071355708971,0.7994969814407858,0.1119889326784,0,0,1,0,1.119889326784,1,Typeb,Renault,Food
2026-01-12 11:00:00,7.139071355708971,2.687468443501874,0.37644510183425456,0,0,1,0,1.119889326784,1,Typeb,Renault,Food
2026-01-12 12:00:00,0.0,0.0,0.0,1,1,1,80,1.119889326784,1,Typeb,Renault,Food
2026-01-12 13:00:00,7.932301506343301,2.3495327863203994,0.296198119100935,0,0,1,0,1.119889326784,1,Typeb,Renault,Food
2026-01-12 14:00:00,7.932301506343301,0.888329979378651,0.1119889326784,0,0,1,0,1.119889326784,1,Typeb,Renault,Food
2026-01-12 15:00:00,7.932301506343301,1.7467050204424706,0.22020154163903957,0,0,1,0,1.119889326784,1,Typeb,Renault,Food
2026-01-12 16:00:00,7.932301506343301,2.463057875350587,0.31050986569042155,0,0,1,0,1.119889326784,1,Typeb,Renault,Food
2026-01-12 17:00:00,7.932301506343301,1.2772186327690942,0.16101488726162616,0,0,1,0,1.119889326784,1,Typeb,Renault,Food
2026-01-12 18:00:00,0.0,0.0,0.0,1,1,1,80,1.119889326784,1,Typeb,Renault,Food
2026-01-12 19:00:00,0.0,0.0,0.0,1,1,1,80,1.119889326784,1,Typeb,Renault,Food
2026-01-12 20:00:00,0.0,0.0,0.0,1,1,1,80,1.119889326784,1,Typeb,Renault,Food
2026-01-12 21:00:00,0.0,0.0,0.0,1,1,1,80,1.119889326784,1,Typeb,Renault,Food
2026-01-12 22:00:00,0.0,0.0,0.0,1,1,1,80,1.119889326784,1,Typeb,Renault,Food
2026-01-12 23:00:00,0.0,0.0,0.0,1,1,1,80,1.119889326784,1,Typeb,Renault,Food
2026-01-13 00:00:00,0.0,0.0,0.0,1,1,1,80,1.119889326784,1,Typeb,Renault,Food
2026-01-13 01:00:00,0.0,0.0,0.0,1,1,1,80,1.119889326784,1,Typeb,Renault,Food
2026-01-13 02:00:00,0.0,0.0,0.0,1,1,1,80,1.119889326784,1,Typeb,Renault,Food
2026-01-13 03:00:00,0.0,0.0,0.0,1,1,1,80,1.119889326784,1,Typeb,Renault,Food
2026-01-13 04:00:00,0.0,0.0,0.0,1,1,1,80,1.119889326784,1,Typeb,Renault,Food
2026-01-13 05:00:00,0.0,0.0,0.0,1,1,1,80,1.119889326784,1,Typeb,Renault,Food
2026-01-13 06:00:00,5.96762756139993,1.00900846950604,0.16908033538026948,0,0,1,0,1.12425024,1,Typeb,Renault,Food
2026-01-13 07:00:00,5.96762756139993,2.780116134498558,0.4658662267198152,0,0,1,0,1.12425024,1,Typeb,Renault,Food
2026-01-13 08:00:00,5.96762756139993,2.0251006588191816,0.3393476952077281,0,0,1,0,1.12425024,1,Typeb,Renault,Food
2026-01-13 09:00:00,5.96762756139993,1.2336307872732883,0.20672047217770645,0,0,1,0,1.12425024,1,Typeb,Renault,Food
2026-01-13 10:00:00,5.96762756139993,0.6709106718134488,0.11242502400000001,0,0,1,0,1.12425024,1,Typeb,Renault,Food
2026-01-13 11:00:00,5.96762756139993,3.019098023160519,0.505912608,0,0,1,0,1.12425024,1,Typeb,Renault,Food
2026-01-13 12:00:00,0.0,0.0,0.0,1,1,1,80,1.12425024,1,Typeb,Renault,Food
2026-01-13 13:00:00,0.0,0.0,0.0,1,1,1,80,1.12425024,1,Typeb,Renault,Food
2026-01-13 14:00:00,7.104318525476107,2.4807057357318785,0.34918278605274533,0,0,1,0,1.12425024,1,Typeb,Renault,Food
2026-01-13 15:00:00,7.104318525476107,0.7987031807302961,0.11242502400000001,0,0,1,0,1.12425024,1,Typeb,Renault,Food
2026-01-13 16:00:00,7.104318525476107,2.6526511109922075,0.373385723272372,0,0,1,0,1.12425024,1,Typeb,Renault,Food
2026-01-13 17:00:00,7.104318525476107,0.7987031807302961,0.11242502400000001,0,0,1,0,1.12425024,1,Typeb,Renault,Food
2026-01-13 18:00:00,7.104318525476107,0.7987031807302961,0.11242502400000001,0,0,1,0,1.12425024,1,Typeb,Renault,Food
2026-01-13 19:00:00,0.0,0.0,0.0,1,1,1,80,1.12425024,1,Typeb,Renault,Food
2026-01-13 20:00:00,0.0,0.0,0.0,1,1,1,80,1.12425024,1,Typeb,Renault,Food
2026-01-13 21:00:00,0.0,0.0,0.0,1,1,1,80,1.12425024,1,Typeb,Renault,Food
2026-01-13 22:00:00,0.0,0.0,0.0,1,1,1,80,1.12425024,1,Typeb,Renault,Food
2026-01-13 23:00:00,0.0,0.0,0.0,1,1,1,80,1.12425024,1,Typeb,Renault,Food
2026-01-14 00:00:00,0.0,0.0,0.0,1,1,1,80,1.12425024,1,Typeb,Renault,Food
2026-01-14 01:00:00,0.0,0.0,0.0,1,1,1,80,1.12425024,1,Typeb,Renault,Food
2026-01-14 02:00:00,0.0,0.0,0.0,1,1,1,80,1.12425024,1,Typeb,Renault,Food
2026-01-14 03:00:00,0.0,0.0,0.0,1,1,1,80,1.12425024,1,Typeb,Renault,Food
2026-01-14 04:00:00,0.0,0.0,0.0,1,1,1,80,1.12425024,1,Typeb,Renault,Food
2026-01-14 05:00:00,0.0,0.0,0.0,1,1,1,80,1.12425024,1,Typeb,Renault,Food
2026-01-14 06:00:00,0.0,0.0,0.0,1,1,1,80,1.12425024,1,Typeb,Renault,Food
2026-01-14 07:00:00,0.0,0.0,0.0,1,1,1,80,1.12425024,1,Typeb,Renault,Food
2026-01-14 08:00:00,9.674855743636503,1.7663033886129533,0.18256637984237792,0,0,1,0,1.102475,1,Typeb,Renault,Food
2026-01-14 09:00:00,9.674855743636503,4.119060734640434,0.4257490596022258,0,0,1,0,1.102475,1,Typeb,Renault,Food
2026-01-14 10:00:00,9.674855743636503,2.4033282744389894,0.2484097270411235,0,0,1,0,1.102475,1,Typeb,Renault,Food
2026-01-14 11:00:00,9.674855743636503,1.0666286585965654,0.11024750000000001,0,0,1,0,1.102475,1,Typeb,Renault,Food
2026-01-14 12:00:00,9.674855743636503,2.537013970310233,0.26222757605237856,0,0,1,0,1.102475,1,Typeb,Renault,Food
2026-01-14 13:00:00,7.5716262341503064,1.1685828938690777,0.15433710774026563,0,0,1,0,1.102475,1,Typeb,Renault,Food
2026-01-14 14:00:00,7.5716262341503064,1.1679719207487704,0.15425641528379552,0,0,1,0,1.102475,1,Typeb,Renault,Food
2026-01-14 15:00:00,7.5716262341503064,3.2146451552873434,0.4245646913721558,0,0,1,0,1.102475,1,Typeb,Renault,Food
2026-01-14 16:00:00,7.5716262341503064,1.916696207027813,0.2531419470209633,0,0,1,0,1.102475,1,Typeb,Renault,Food
2026-01-14 17:00:00,7.5716262341503064,1.5394762110806577,0.2033217387484287,0,0,1,0,1.102475,1,Typeb,Renault,Food
2026-01-14 18:00:00,7.5716262341503064,1.1462860699959194,0.15139232108761858,0,0,1,0,1.102475,1,Typeb,Renault,Food
2026-01-14 19:00:00,0.0,0.0,0.0,1,1,1,80,1.102475,1,Typeb,Renault,Food
2026-01-14 20:00:00,0.0,0.0,0.0,1,1,1,80,1.102475,1,Typeb,Renault,Food
2026-01-14 21:00:00,0.0,0.0,0.0,1,1,1,80,1.102475,1,Typeb,Renault,Food
2026-01-14 22:00:00,0.0,0.0,0.0,1,1,1,80,1.102475,1,Typeb,Renault,Food
2026-01-14 23:00:00,0.0,0.0,0.0,1,1,1,80,1.102475,1,Typeb,Renault,Food
2026-01-01 00:00:00,0.0,0.0,0.0,1,1,2,80,1.0,2,Typeb,Renault,Food
2026-01-01 01:00:00,0.0,0.0,0.0,1,1,2,80,1.0,2,Typeb,Renault,Food
2026-01-01 02:00:00,0.0,0.0,0.0,1,1,2,80,1.0,2,Typeb,Renault,Food
2026-01-01 03:00:00,0.0,0.0,0.0,1,1,2,80,1.0,2,Typeb,Renault,Food
2026-01-01 04:00:00,0.0,0.0,0.0,1,1,2,80,1.0,2,Typeb,Renault,Food
2026-01-01 05:00:00,0.0,0.0,0.0,1,1,2,80,1.0,2,Typeb,Renault,Food
2026-01-01 06:00:00,0.0,0.0,0.0,1,1,2,80,1.0,2,Typeb,Renault,Food
2026-01-01 07:00:00,6.584583255511025,2.0710139943766266,0.314524688049661,0,0,2,0,1.1329772784640002,2,Typeb,Renault,Food
2026-01-01 08:00:00,6.584583255511025,1.2414267664512473,0.18853535877342337,0,0,2,0,1.1329772784640002,2,Typeb,Renault,Food
2026-01-01 09:00:00,6.584583255511025,2.1558074581656856,0.3274022629087974,0,0,2,0,1.1329772784640002,2,Typeb,Renault,Food
2026-01-01 10:00:00,6.584583255511025,2.4944869472285642,0.378837483016223,0,0,2,0,1.1329772784640002,2,Typeb,Renault,Food
2026-01-01 11:00:00,6.584583255511025,3.3570824474918286,0.5098397753088001,0,0,2,0,1.1329772784640002,2,Typeb,Renault,Food
2026-01-01 12:00:00,6.584583255511025,1.2327910251831324,0.18722384961133828,0,0,2,0,1.1329772784640002,2,Typeb,Renault,Food
2026-01-01 13:00:00,0.0,0.0,0.0,1,1,2,80,1.1329772784640002,2,Typeb,Renault,Food
2026-01-01 14:00:00,6.057816595070143,0.6863368559316627,0.11329772784640002,0,0,2,0,1.1329772784640002,2,Typeb,Renault,Food
2026-01-01 15:00:00,6.057816595070143,0.6863368559316627,0.11329772784640002,0,0,2,0,1.1329772784640002,2,Typeb,Renault,Food
2026-01-01 16:00:00,6.057816595070143,1.4823291473114408,0.24469693396095243,0,0,2,0,1.1329772784640002,2,Typeb,Renault,Food
2026-01-01 17:00:00,6.057816595070143,2.101805036068149,0.3469575222496172,0,0,2,0,1.1329772784640002,2,Typeb,Renault,Food
2026-01-01 18:00:00,6.057816595070143,1.5273862206355044,0.2521347744133576,0,0,2,0,1.1329772784640002,2,Typeb,Renault,Food
2026-01-01 19:00:00,6.057816595070143,0.6863368559316627,0.11329772784640002,0,0,2,0,1.1329772784640002,2,Typeb,Renault,Food
2026-01-01 20:00:00,0.0,0.0,0.0,1,1,2,80,1.1329772784640002,2,Typeb,Renault,Food
2026-01-01 21:00:00,0.0,0.0,0.0,1,1,2,80,1.1329772784640002,2,Typeb,Renault,Food
2026-01-01 22:00:00,0.0,0.0,0.0,1,1,2,80,1.1329772784640002,2,Typeb,Renault,Food
2026-01-01 23:00:00,0.0,0.0,0.0,1,1,2,80,1.1329772784640002,2,Typeb,Renault,Food
2026-01-02 00:00:00,0.0,0.0,0.0,1,1,2,80,1.1329772784640002,2,Typeb,Renault,Food
2026-01-02 01:00:00,0.0,0.0,0.0,1,1,2,80,1.1329772784640002,2,Typeb,Renault,Food
2026-01-02 02:00:00,0.0,0.0,0.0,1,1,2,80,1.1329772784640002,2,Typeb,Renault,Food
2026-01-02 03:00:00,0.0,0.0,0.0,1,1,2,80,1.1329772784640002,2,Typeb,Renault,Food
2026-01-02 04:00:00,0.0,0.0,0.0,1,1,2,80,1.1329772784640002,2,Typeb,Renault,Food
2026-01-02 05:00:00,0.0,0.0,0.0,1,1,2,80,1.1329772784640002,2,Typeb,Renault,Food
2026-01-02 06:00:00,0.0,0.0,0.0,1,1,2,80,1.1329772784640002,2,Typeb,Renault,Food
2026-01-02 07:00:00,0.0,0.0,0.0,1,1,2,80,1.1329772784640002,2,Typeb,Renault,Food
2026-01-02 08:00:00,10.215839178991235,4.613457604687874,0.4515984956160431,0,0,2,0,1.23259004,2,Typeb,Renault,Food
2026-01-02 09:00:00,10.215839178991235,1.2591941622266374,0.123259004,0,0,2,0,1.23259004,2,Typeb,Renault,Food
2026-01-02 10:00:00,10.215839178991235,1.2591941622266374,0.123259004,0,0,2,0,1.23259004,2,Typeb,Renault,Food
2026-01-02 11:00:00,10.215839178991235,3.8536380910421952,0.3772218829528132,0,0,2,0,1.23259004,2,Typeb,Renault,Food
2026-01-02 12:00:00,0.0,0.0,0.0,1,1,2,80,1.23259004,2,Typeb,Renault,Food
2026-01-02 13:00:00,0.0,0.0,0.0,1,1,2,80,1.23259004,2,Typeb,Renault,Food
2026-01-02 14:00:00,8.68346330214255,1.070315037892642,0.123259004,0,0,2,0,1.23259004,2,Typeb,Renault,Food
2026-01-02 15:00:00,8.68346330214255,4.816417670516889,0.5546655180000001,0,0,2,0,1.23259004,2,Typeb,Renault,Food
2026-01-02 16:00:00,8.68346330214255,1.2231045091984878,0.1408544571031584,0,0,2,0,1.23259004,2,Typeb,Renault,Food
2026-01-02 17:00:00,8.68346330214255,2.0392745088165474,0.234845756567357,0,0,2,0,1.23259004,2,Typeb,Renault,Food
2026-01-02 18:00:00,8.68346330214255,2.3451084711259886,0.27006603120524025,0,0,2,0,1.23259004,2,Typeb,Renault,Food
2026-01-02 19:00:00,0.0,0.0,0.0,1,1,2,80,1.23259004,2,Typeb,Renault,Food
2026-01-02 20:00:00,0.0,0.0,0.0,1,1,2,80,1.23259004,2,Typeb,Renault,Food
2026-01-02 21:00:00,0.0,0.0,0.0,1,1,2,80,1.23259004,2,Typeb,Renault,Food
2026-01-02 22:00:00,0.0,0.0,0.0,1,1,2,80,1.23259004,2,Typeb,Renault,Food
2026-01-02 23:00:00,0.0,0.0,0.0,1,1,2,80,1.23259004,2,Typeb,Renault,Food
2026-01-03 00:00:00,0.0,0.0,0.0,1,1,2,80,1.23259004,2,Typeb,Renault,Food
2026-01-03 01:00:00,0.0,0.0,0.0,1,1,2,80,1.23259004,2,Typeb,Renault,Food
2026-01-03 02:00:00,0.0,0.0,0.0,1,1,2,80,1.23259004,2,Typeb,Renault,Food
2026-01-03 03:00:00,0.0,0.0,0.0,1,1,2,80,1.23259004,2,Typeb,Renault,Food
2026-01-03 04:00:00,0.0,0.0,0.0,1,1,2,80,1.23259004,2,Typeb,Renault,Food
2026-01-03 05:00:00,0.0,0.0,0.0,1,1,2,80,1.23259004,2,Typeb,Renault,Food
2026-01-03 06:00:00,0.0,0.0,0.0,1,1,2,80,1.23259004,2,Typeb,Renault,Food
2026-01-03 07:00:00,0.0,0.0,0.0,1,1,2,80,1.23259004,2,Typeb,Renault,Food
2026-01-03 08:00:00,0.0,0.0,0.0,1,1,2,80,1.23259004,2,Typeb,Renault,Food
2026-01-03 09:00:00,11.086496592845279,2.1388744273558684,0.19292608890857377,0,0,2,0,1.209049010004,2,Typeb,Renault,Food
2026-01-03 10:00:00,11.086496592845279,1.3404117729992302,0.1209049010004,0,0,2,0,1.209049010004,2,Typeb,Renault,Food
2026-01-03 11:00:00,11.086496592845279,3.962189440824342,0.35738877540280484,0,0,2,0,1.209049010004,2,Typeb,Renault,Food
2026-01-03 12:00:00,0.0,0.0,0.0,1,1,2,80,1.209049010004,2,Typeb,Renault,Food
2026-01-03 13:00:00,0.0,0.0,0.0,1,1,2,80,1.209049010004,2,Typeb,Renault,Food
2026-01-03 14:00:00,5.5432482964226395,0.6702058864996151,0.1209049010004,0,0,2,0,1.209049010004,2,Typeb,Renault,Food
2026-01-03 15:00:00,5.5432482964226395,1.192504513529794,0.21512738556188837,0,0,2,0,1.209049010004,2,Typeb,Renault,Food
2026-01-03 16:00:00,5.5432482964226395,2.2694314744357476,0.40940462217799906,0,0,2,0,1.209049010004,2,Typeb,Renault,Food
2026-01-03 17:00:00,5.5432482964226395,2.036865440078595,0.3674497931822927,0,0,2,0,1.209049010004,2,Typeb,Renault,Food
2026-01-03 18:00:00,5.5432482964226395,0.859296341439415,0.15501675109772114,0,0,2,0,1.209049010004,2,Typeb,Renault,Food
2026-01-03 19:00:00,5.5432482964226395,1.1700357714144076,0.2110740325612864,0,0,2,0,1.209049010004,2,Typeb,Renault,Food
2026-01-03 20:00:00,0.0,0.0,0.0,1,1,2,80,1.209049010004,2,Typeb,Renault,Food
2026-01-03 21:00:00,0.0,0.0,0.0,1,1,2,80,1.209049010004,2,Typeb,Renault,Food
2026-01-03 22:00:00,0.0,0.0,0.0,1,1,2,80,1.209049010004,2,Typeb,Renault,Food
2026-01-03 23:00:00,0.0,0.0,0.0,1,1,2,80,1.209049010004,2,Typeb,Renault,Food
2026-01-04 00:00:00,0.0,0.0,0.0,1,1,2,80,1.209049010004,2,Typeb,Renault,Food
2026-01-04 01:00:00,0.0,0.0,0.0,1,1,2,80,1.209049010004,2,Typeb,Renault,Food
2026-01-04 02:00:00,0.0,0.0,0.0,1,1,2,80,1.209049010004,2,Typeb,Renault,Food
2026-01-04 03:00:00,0.0,0.0,0.0,1,1,2,80,1.209049010004,2,Typeb,Renault,Food
2026-01-04 04:00:00,0.0,0.0,0.0,1,1,2,80,1.209049010004,2,Typeb,Renault,Food
2026-01-04 05:00:00,0.0,0.0,0.0,1,1,2,80,1.209049010004,2,Typeb,Renault,Food
2026-01-04 06:00:00,0.0,0.0,0.0,1,1,2,80,1.209049010004,2,Typeb,Renault,Food
2026-01-04 07:00:00,0.0,0.0,0.0,1,1,2,80,1.209049010004,2,Typeb,Renault,Food
2026-01-04 08:00:00,0.0,0.0,0.0,1,1,2,80,1.209049010004,2,Typeb,Renault,Food
2026-01-04 09:00:00,10.909090909090908,2.9987671683804447,0.2748869904348741,0,0,2,0,1.3050301525,2,Typeb,Renault,Food
2026-01-04 10:00:00,10.909090909090908,5.55786923913675,0.5094713469208688,0,0,2,0,1.3050301525,2,Typeb,Renault,Food
2026-01-04 11:00:00,10.909090909090908,4.138273387257456,0.3793417271652669,0,0,2,0,1.3050301525,2,Typeb,Renault,Food
2026-01-04 12:00:00,0.0,0.0,0.0,1,1,2,80,1.3050301525,2,Typeb,Renault,Food
2026-01-04 13:00:00,4.8,0.6264144732,0.13050301525000002,0,0,2,0,1.3050301525,2,Typeb,Renault,Food
2026-01-04 14:00:00,4.8,0.6264144732,0.13050301525000002,0,0,2,0,1.3050301525,2,Typeb,Renault,Food
2026-01-04 15:00:00,4.8,0.6264144732,0.13050301525000002,0,0,2,0,1.3050301525,2,Typeb,Renault,Food
2026-01-04 16:00:00,4.8,0.9339973982423253,0.19458279130048448,0,0,2,0,1.3050301525,2,Typeb,Renault,Food
2026-01-04 17:00:00,4.8,1.5526831465591635,0.32347565553315905,0,0,2,0,1.3050301525,2,Typeb,Renault,Food
2026-01-04 18:00:00,4.8,0.6264144732,0.13050301525000002,0,0,2,0,1.3050301525,2,Typeb,Renault,Food
2026-01-04 19:00:00,4.8,2.8188651294000002,0.5872635686250001,0,0,2,0,1.3050301525,2,Typeb,Renault,Food
2026-01-04 20:00:00,0.0,0.0,0.0,1,1,2,80,1.3050301525,2,Typeb,Renault,Food
2026-01-04 21:00:00,0.0,0.0,0.0,1,1,2,80,1.3050301525,2,Typeb,Renault,Food
2026-01-04 22:00:00,0.0,0.0,0.0,1,1,2,80,1.3050301525,2,Typeb,Renault,Food
2026-01-04 23:00:00,0.0,0.0,0.0,1,1,2,80,1.3050301525,2,Typeb,Renault,Food
2026-01-05 00:00:00,0.0,0.0,0.0,1,1,2,80,1.3050301525,2,Typeb,Renault,Food
2026-01-05 01:00:00,0.0,0.0,0.0,1,1,2,80,1.3050301525,2,Typeb,Renault,Food
2026-01-05 02:00:00,0.0,0.0,0.0,1,1,2,80,1.3050301525,2,Typeb,Renault,Food
2026-01-05 03:00:00,0.0,0.0,0.0,1,1,2,80,1.3050301525,2,Typeb,Renault,Food
2026-01-05 04:00:00,0.0,0.0,0.0,1,1,2,80,1.3050301525,2,Typeb,Renault,Food
2026-01-05 05:00:00,0.0,0.0,0.0,1,1,2,80,1.3050301525,2,Typeb,Renault,Food
2026-01-05 06:00:00,0.0,0.0,0.0,1,1,2,80,1.3050301525,2,Typeb,Renault,Food
2026-01-05 07:00:00,10.08565240473553,1.3037055509978266,0.12926338313877406,0,0,2,0,1.226197579604,2,Typeb,Renault,Food
2026-01-05 08:00:00,10.08565240473553,2.8856792138320544,0.286117258262553,0,0,2,0,1.226197579604,2,Typeb,Renault,Food
2026-01-05 09:00:00,10.08565240473553,2.3559862164702836,0.23359780031325234,0,0,2,0,1.226197579604,2,Typeb,Renault,Food
2026-01-05 10:00:00,10.08565240473553,2.771900734595842,0.2748360367143277,0,0,2,0,1.226197579604,2,Typeb,Renault,Food
2026-01-05 11:00:00,10.08565240473553,2.0504126393146285,0.20329995096320147,0,0,2,0,1.226197579604,2,Typeb,Renault,Food
2026-01-05 12:00:00,0.0,0.0,0.0,1,1,2,80,1.226197579604,2,Typeb,Renault,Food
2026-01-05 13:00:00,0.0,0.0,0.0,1,1,2,80,1.226197579604,2,Typeb,Renault,Food
2026-01-05 14:00:00,8.82494585414359,1.0821127246487225,0.12261975796040002,0,0,2,0,1.226197579604,2,Typeb,Renault,Food
2026-01-05 15:00:00,8.82494585414359,3.2981296039640515,0.3737280271714615,0,0,2,0,1.226197579604,2,Typeb,Renault,Food
2026-01-05 16:00:00,8.82494585414359,2.4438024120719817,0.27691981939181415,0,0,2,0,1.226197579604,2,Typeb,Renault,Food
2026-01-05 17:00:00,8.82494585414359,3.4899366625864103,0.3954626714165929,0,0,2,0,1.226197579604,2,Typeb,Renault,Food
2026-01-05 18:00:00,8.82494585414359,1.928864574597818,0.21856956478573242,0,0,2,0,1.226197579604,2,Typeb,Renault,Food
2026-01-05 19:00:00,8.82494585414359,1.0821127246487225,0.12261975796040002,0,0,2,0,1.226197579604,2,Typeb,Renault,Food
2026-01-05 20:00:00,0.0,0.0,0.0,1,1,2,80,1.226197579604,2,Typeb,Renault,Food
2026-01-05 21:00:00,0.0,0.0,0.0,1,1,2,80,1.226197579604,2,Typeb,Renault,Food
2026-01-05 22:00:00,0.0,0.0,0.0,1,1,2,80,1.226197579604,2,Typeb,Renault,Food
2026-01-05 23:00:00,0.0,0.0,0.0,1,1,2,80,1.226197579604,2,Typeb,Renault,Food
2026-01-06 00:00:00,0.0,0.0,0.0,1,1,2,80,1.226197579604,2,Typeb,Renault,Food
2026-01-06 01:00:00,0.0,0.0,0.0,1,1,2,80,1.226197579604,2,Typeb,Renault,Food
2026-01-06 02:00:00,0.0,0.0,0.0,1,1,2,80,1.226197579604,2,Typeb,Renault,Food
2026-01-06 03:00:00,0.0,0.0,0.0,1,1,2,80,1.226197579604,2,Typeb,Renault,Food
2026-01-06 04:00:00,0.0,0.0,0.0,1,1,2,80,1.226197579604,2,Typeb,Renault,Food
2026-01-06 05:00:00,0.0,0.0,0.0,1,1,2,80,1.226197579604,2,Typeb,Renault,Food
2026-01-06 06:00:00,7.287728781808659,0.9697271612829858,0.13306301459840003,0,0,2,0,1.3306301459840002,2,Typeb,Renault,Food
2026-01-06 07:00:00,7.287728781808659,2.490126177905301,0.34168754799452133,0,0,2,0,1.3306301459840002,2,Typeb,Renault,Food
2026-01-06 08:00:00,7.287728781808659,2.708538739900596,0.37165745611465995,0,0,2,0,1.3306301459840002,2,Typeb,Renault,Food
2026-01-06 09:00:00,7.287728781808659,2.674520895517668,0.3669896308701418,0,0,2,0,1.3306301459840002,2,Typeb,Renault,Food
2026-01-06 10:00:00,7.287728781808659,0.9888744068004736,0.1356903414502558,0,0,2,0,1.3306301459840002,2,Typeb,Renault,Food
2026-01-06 11:00:00,7.287728781808659,1.8941022823349085,0.25990296003645086,0,0,2,0,1.3306301459840002,2,Typeb,Renault,Food
2026-01-06 12:00:00,0.0,0.0,0.0,1,1,2,80,1.3306301459840002,2,Typeb,Renault,Food
2026-01-06 13:00:00,8.238302101175007,4.11153753760217,0.4990758395489955,0,0,2,0,1.3306301459840002,2,Typeb,Renault,Food
2026-01-06 14:00:00,8.238302101175007,2.8818604825119545,0.34981243065860895,0,0,2,0,1.3306301459840002,2,Typeb,Renault,Food
2026-01-06 15:00:00,8.238302101175007,2.3779848757863804,0.28864987549403104,0,0,2,0,1.3306301459840002,2,Typeb,Renault,Food
2026-01-06 16:00:00,8.238302101175007,4.932959907396058,0.5987835656928001,0,0,2,0,1.3306301459840002,2,Typeb,Renault,Food
2026-01-06 17:00:00,8.238302101175007,1.2604623063043905,0.15300025306484138,0,0,2,0,1.3306301459840002,2,Typeb,Renault,Food
2026-01-06 18:00:00,8.238302101175007,1.0962133127546796,0.13306301459840003,0,0,2,0,1.3306301459840002,2,Typeb,Renault,Food
2026-01-06 19:00:00,0.0,0.0,0.0,1,1,2,80,1.3306301459840002,2,Typeb,Renault,Food
2026-01-06 20:00:00,0.0,0.0,0.0,1,1,2,80,1.3306301459840002,2,Typeb,Renault,Food
2026-01-06 21:00:00,0.0,0.0,0.0,1,1,2,80,1.3306301459840002,2,Typeb,Renault,Food
2026-01-06 22:00:00,0.0,0.0,0.0,1,1,2,80,1.3306301459840002,2,Typeb,Renault,Food
2026-01-06 23:00:00,0.0,0.0,0.0,1,1,2,80,1.3306301459840002,2,Typeb,Renault,Food
2026-01-07 00:00:00,0.0,0.0,0.0,1,1,2,80,1.3306301459840002,2,Typeb,Renault,Food
2026-01-07 01:00:00,0.0,0.0,0.0,1,1,2,80,1.3306301459840002,2,Typeb,Renault,Food
2026-01-07 02:00:00,0.0,0.0,0.0,1,1,2,80,1.3306301459840002,2,Typeb,Renault,Food
2026-01-07 03:00:00,0.0,0.0,0.0,1,1,2,80,1.3306301459840002,2,Typeb,Renault,Food
2026-01-07 04:00:00,0.0,0.0,0.0,1,1,2,80,1.3306301459840002,2,Typeb,Renault,Food
2026-01-07 05:00:00,0.0,0.0,0.0,1,1,2,80,1.3306301459840002,2,Typeb,Renault,Food
2026-01-07 06:00:00,0.0,0.0,0.0,1,1,2,80,1.3306301459840002,2,Typeb,Renault,Food
2026-01-07 07:00:00,7.578615753218081,4.374682714448938,0.5772403374048001,0,0,2,0,1.282756305344,2,Typeb,Renault,Food
2026-01-07 08:00:00,7.578615753218081,2.9236254545291547,0.3857730157763581,0,0,2,0,1.282756305344,2,Typeb,Renault,Food
2026-01-07 09:00:00,7.578615753218081,2.8254650097139042,0.3728207236940515,0,0,2,0,1.282756305344,2,Typeb,Renault,Food
2026-01-07 10:00:00,7.578615753218081,2.0536926963830635,0.270985198782642,0,0,2,0,1.282756305344,2,Typeb,Renault,Food
2026-01-07 11:00:00,7.578615753218081,2.3101711968260616,0.30482759280216865,0,0,2,0,1.282756305344,2,Typeb,Renault,Food
2026-01-07 12:00:00,0.0,0.0,0.0,1,1,2,80,1.282756305344,2,Typeb,Renault,Food
2026-01-07 13:00:00,7.234133218980896,1.2942789102697012,0.1789127834795434,0,0,2,0,1.282756305344,2,Typeb,Renault,Food
2026-01-07 14:00:00,7.234133218980896,1.2615008319672876,0.1743817529731642,0,0,2,0,1.282756305344,2,Typeb,Renault,Food
2026-01-07 15:00:00,7.234133218980896,1.603245860987792,0.22162238549619193,0,0,2,0,1.282756305344,2,Typeb,Renault,Food
2026-01-07 16:00:00,7.234133218980896,0.9279630000346233,0.12827563053440003,0,0,2,0,1.282756305344,2,Typeb,Renault,Food
2026-01-07 17:00:00,7.234133218980896,0.9279630000346233,0.12827563053440003,0,0,2,0,1.282756305344,2,Typeb,Renault,Food
2026-01-07 18:00:00,0.0,0.0,0.0,1,1,2,80,1.282756305344,2,Typeb,Renault,Food
2026-01-07 19:00:00,0.0,0.0,0.0,1,1,2,80,1.282756305344,2,Typeb,Renault,Food
2026-01-07 20:00:00,0.0,0.0,0.0,1,1,2,80,1.282756305344,2,Typeb,Renault,Food
2026-01-07 21:00:00,0.0,0.0,0.0,1,1,2,80,1.282756305344,2,Typeb,Renault,Food
2026-01-07 22:00:00,0.0,0.0,0.0,1,1,2,80,1.282756305344,2,Typeb,Renault,Food
2026-01-07 23:00:00,0.0,0.0,0.0,1,1,2,80,1.282756305344,2,Typeb,Renault,Food
2026-01-08 00:00:00,0.0,0.0,0.0,1,1,2,80,1.282756305344,2,Typeb,Renault,Food
2026-01-08 01:00:00,0.0,0.0,0.0,1,1,2,80,1.282756305344,2,Typeb,Renault,Food
2026-01-08 02:00:00,0.0,0.0,0.0,1,1,2,80,1.282756305344,2,Typeb,Renault,Food
2026-01-08 03:00:00,0.0,0.0,0.0,1,1,2,80,1.282756305344,2,Typeb,Renault,Food
2026-01-08 04:00:00,0.0,0.0,0.0,1,1,2,80,1.282756305344,2,Typeb,Renault,Food
2026-01-08 05:00:00,0.0,0.0,0.0,1,1,2,80,1.282756305344,2,Typeb,Renault,Food
2026-01-08 06:00:00,0.0,0.0,0.0,1,1,2,80,1.282756305344,2,Typeb,Renault,Food
2026-01-08 07:00:00,0.0,0.0,0.0,1,1,2,80,1.282756305344,2,Typeb,Renault,Food
2026-01-08 08:00:00,6.666666666666667,2.9155131632763744,0.43732697449145613,0,0,2,0,1.176585222144,2,Typeb,Renault,Food
2026-01-08 09:00:00,6.666666666666667,1.7394325128445618,0.26091487692668425,0,0,2,0,1.176585222144,2,Typeb,Renault,Food
2026-01-08 10:00:00,6.666666666666667,1.3528218229999702,0.20292327344999553,0,0,2,0,1.176585222144,2,Typeb,Renault,Food
2026-01-08 11:00:00,6.666666666666667,3.067111437570424,0.4600667156355636,0,0,2,0,1.176585222144,2,Typeb,Renault,Food
2026-01-08 12:00:00,0.0,0.0,0.0,1,1,2,80,1.176585222144,2,Typeb,Renault,Food
2026-01-08 13:00:00,0.0,0.0,0.0,1,1,2,80,1.176585222144,2,Typeb,Renault,Food
2026-01-08 14:00:00,5.0,2.245705285370822,0.4491410570741644,0,0,2,0,1.176585222144,2,Typeb,Renault,Food
2026-01-08 15:00:00,5.0,1.1721714799474547,0.23443429598949098,0,0,2,0,1.176585222144,2,Typeb,Renault,Food
2026-01-08 16:00:00,5.0,0.588292611072,0.11765852221440001,0,0,2,0,1.176585222144,2,Typeb,Renault,Food
2026-01-08 17:00:00,5.0,1.368089345683076,0.2736178691366152,0,0,2,0,1.176585222144,2,Typeb,Renault,Food
2026-01-08 18:00:00,5.0,0.6538728148819698,0.13077456297639395,0,0,2,0,1.176585222144,2,Typeb,Renault,Food
2026-01-08 19:00:00,5.0,1.3900381927301286,0.2780076385460257,0,0,2,0,1.176585222144,2,Typeb,Renault,Food
2026-01-08 20:00:00,0.0,0.0,0.0,1,1,2,80,1.176585222144,2,Typeb,Renault,Food
2026-01-08 21:00:00,0.0,0.0,0.0,1,1,2,80,1.176585222144,2,Typeb,Renault,Food
2026-01-08 22:00:00,0.0,0.0,0.0,1,1,2,80,1.176585222144,2,Typeb,Renault,Food
2026-01-08 23:00:00,0.0,0.0,0.0,1,1,2,80,1.176585222144,2,Typeb,Renault,Food
2026-01-09 00:00:00,0.0,0.0,0.0,1,1,2,80,1.176585222144,2,Typeb,Renault,Food
2026-01-09 01:00:00,0.0,0.0,0.0,1,1,2,80,1.176585222144,2,Typeb,Renault,Food
2026-01-09 02:00:00,0.0,0.0,0.0,1,1,2,80,1.176585222144,2,Typeb,Renault,Food
2026-01-09 03:00:00,0.0,0.0,0.0,1,1,2,80,1.176585222144,2,Typeb,Renault,Food
2026-01-09 04:00:00,0.0,0.0,0.0,1,1,2,80,1.176585222144,2,Typeb,Renault,Food
2026-01-09 05:00:00,0.0,0.0,0.0,1,1,2,80,1.176585222144,2,Typeb,Renault,Food
2026-01-09 06:00:00,0.0,0.0,0.0,1,1,2,80,1.176585222144,2,Typeb,Renault,Food
2026-01-09 07:00:00,6.463016439945606,0.750570359065331,0.1161331347428304,0,0,2,0,1.137342385344,2,Typeb,Renault,Food
2026-01-09 08:00:00,6.463016439945606,2.1973887497024505,0.3399942998939585,0,0,2,0,1.137342385344,2,Typeb,Renault,Food
2026-01-09 09:00:00,6.463016439945606,0.8712144541571802,0.1347999749424299,0,0,2,0,1.137342385344,2,Typeb,Renault,Food
2026-01-09 10:00:00,6.463016439945606,3.013683221071259,0.4662966973818533,0,0,2,0,1.137342385344,2,Typeb,Renault,Food
2026-01-09 11:00:00,6.463016439945606,1.7119862573926614,0.2648896646481484,0,0,2,0,1.137342385344,2,Typeb,Renault,Food
2026-01-09 12:00:00,0.0,0.0,0.0,1,1,2,80,1.137342385344,2,Typeb,Renault,Food
2026-01-09 13:00:00,0.0,0.0,0.0,1,1,2,80,1.137342385344,2,Typeb,Renault,Food
2026-01-09 14:00:00,5.901015010385118,1.5072181191818004,0.25541675737636105,0,0,2,0,1.137342385344,2,Typeb,Renault,Food
2026-01-09 15:00:00,5.901015010385118,2.0389317984189512,0.34552221860657234,0,0,2,0,1.137342385344,2,Typeb,Renault,Food
2026-01-09 16:00:00,5.901015010385118,1.948846045288832,0.3302560732109788,0,0,2,0,1.137342385344,2,Typeb,Renault,Food
2026-01-09 17:00:00,5.901015010385118,2.0042735246162846,0.3396489453236418,0,0,2,0,1.137342385344,2,Typeb,Renault,Food
2026-01-09 18:00:00,5.901015010385118,1.0816489341558801,0.1832987938943217,0,0,2,0,1.137342385344,2,Typeb,Renault,Food
2026-01-09 19:00:00,0.0,0.0,0.0,1,1,2,80,1.137342385344,2,Typeb,Renault,Food
2026-01-09 20:00:00,0.0,0.0,0.0,1,1,2,80,1.137342385344,2,Typeb,Renault,Food
2026-01-09 21:00:00,0.0,0.0,0.0,1,1,2,80,1.137342385344,2,Typeb,Renault,Food
2026-01-09 22:00:00,0.0,0.0,0.0,1,1,2,80,1.137342385344,2,Typeb,Renault,Food
2026-01-09 23:00:00,0.0,0.0,0.0,1,1,2,80,1.137342385344,2,Typeb,Renault,Food
2026-01-10 00:00:00,0.0,0.0,0.0,1,1,2,80,1.137342385344,2,Typeb,Renault,Food
2026-01-10 01:00:00,0.0,0.0,0.0,1,1,2,80,1.137342385344,2,Typeb,Renault,Food
2026-01-10 02:00:00,0.0,0.0,0.0,1,1,2,80,1.137342385344,2,Typeb,Renault,Food
2026-01-10 03:00:00,0.0,0.0,0.0,1,1,2,80,1.137342385344,2,Typeb,Renault,Food
2026-01-10 04:00:00,0.0,0.0,0.0,1,1,2,80,1.137342385344,2,Typeb,Renault,Food
2026-01-10 05:00:00,0.0,0.0,0.0,1,1,2,80,1.137342385344,2,Typeb,Renault,Food
2026-01-10 06:00:00,0.0,0.0,0.0,1,1,2,80,1.137342385344,2,Typeb,Renault,Food
2026-01-10 07:00:00,0.0,0.0,0.0,1,1,2,80,1.137342385344,2,Typeb,Renault,Food
2026-01-10 08:00:00,0.0,0.0,0.0,1,1,2,80,1.137342385344,2,Typeb,Renault,Food
2026-01-10 09:00:00,0.0,0.0,0.0,1,1,2,80,1.137342385344,2,Typeb,Renault,Food
2026-01-10 10:00:00,17.142857142857142,2.0393314971428573,0.11896100400000001,0,0,2,0,1.18961004,2,Typeb,Renault,Food
2026-01-10 11:00:00,17.142857142857142,3.2624663315093447,0.1903105360047118,0,0,2,0,1.18961004,2,Typeb,Renault,Food
2026-01-10 12:00:00,0.0,0.0,0.0,1,1,2,80,1.18961004,2,Typeb,Renault,Food
2026-01-10 13:00:00,4.285714285714286,1.6879236453120559,0.39384885057281305,0,0,2,0,1.18961004,2,Typeb,Renault,Food
2026-01-10 14:00:00,4.285714285714286,0.5098328742857143,0.11896100400000001,0,0,2,0,1.18961004,2,Typeb,Renault,Food
2026-01-10 15:00:00,4.285714285714286,0.5829509339252531,0.13602188458255907,0,0,2,0,1.18961004,2,Typeb,Renault,Food
2026-01-10 16:00:00,4.285714285714286,0.5098328742857143,0.11896100400000001,0,0,2,0,1.18961004,2,Typeb,Renault,Food
2026-01-10 17:00:00,4.285714285714286,0.5098328742857143,0.11896100400000001,0,0,2,0,1.18961004,2,Typeb,Renault,Food
2026-01-10 18:00:00,4.285714285714286,0.9865687335376375,0.23019937115878208,0,0,2,0,1.18961004,2,Typeb,Renault,Food
2026-01-10 19:00:00,4.285714285714286,1.4393917684350135,0.33585807930150313,0,0,2,0,1.18961004,2,Typeb,Renault,Food
2026-01-10 20:00:00,0.0,0.0,0.0,1,1,2,80,1.18961004,2,Typeb,Renault,Food
2026-01-10 21:00:00,0.0,0.0,0.0,1,1,2,80,1.18961004,2,Typeb,Renault,Food
2026-01-10 22:00:00,0.0,0.0,0.0,1,1,2,80,1.18961004,2,Typeb,Renault,Food
2026-01-10 23:00:00,0.0,0.0,0.0,1,1,2,80,1.18961004,2,Typeb,Renault,Food
2026-01-11 00:00:00,0.0,0.0,0.0,1,1,2,80,1.18961004,2,Typeb,Renault,Food
2026-01-11 01:00:00,0.0,0.0,0.0,1,1,2,80,1.18961004,2,Typeb,Renault,Food
2026-01-11 02:00:00,0.0,0.0,0.0,1,1,2,80,1.18961004,2,Typeb,Renault,Food
2026-01-11 03:00:00,0.0,0.0,0.0,1,1,2,80,1.18961004,2,Typeb,Renault,Food
2026-01-11 04:00:00,0.0,0.0,0.0,1,1,2,80,1.18961004,2,Typeb,Renault,Food
2026-01-11 05:00:00,0.0,0.0,0.0,1,1,2,80,1.18961004,2,Typeb,Renault,Food
2026-01-11 06:00:00,0.0,0.0,0.0,1,1,2,80,1.18961004,2,Typeb,Renault,Food
2026-01-11 07:00:00,0.0,0.0,0.0,1,1,2,80,1.18961004,2,Typeb,Renault,Food
2026-01-11 08:00:00,0.0,0.0,0.0,1,1,2,80,1.18961004,2,Typeb,Renault,Food
2026-01-11 09:00:00,0.0,0.0,0.0,1,1,2,80,1.18961004,2,Typeb,Renault,Food
2026-01-11 10:00:00,14.167833220748879,6.697122974962532,0.47269916794013034,0,0,2,0,1.122069513044,2,Typeb,Renault,Food
2026-01-11 11:00:00,14.167833220748879,1.8090484111046699,0.12768702051456304,0,0,2,0,1.122069513044,2,Typeb,Renault,Food
2026-01-11 12:00:00,0.0,0.0,0.0,1,1,2,80,1.122069513044,2,Typeb,Renault,Food
2026-01-11 13:00:00,0.0,0.0,0.0,1,1,2,80,1.122069513044,2,Typeb,Renault,Food
2026-01-11 14:00:00,6.43992419124949,1.8228986334231991,0.28306212608839976,0,0,2,0,1.122069513044,2,Typeb,Renault,Food
2026-01-11 15:00:00,6.43992419124949,0.722604260131559,0.1122069513044,0,0,2,0,1.122069513044,2,Typeb,Renault,Food
2026-01-11 16:00:00,6.43992419124949,0.722604260131559,0.1122069513044,0,0,2,0,1.122069513044,2,Typeb,Renault,Food
2026-01-11 17:00:00,6.43992419124949,1.798408212795693,0.2792592209764447,0,0,2,0,1.122069513044,2,Typeb,Renault,Food
2026-01-11 18:00:00,6.43992419124949,0.9501037069707079,0.14753336821288984,0,0,2,0,1.122069513044,2,Typeb,Renault,Food
2026-01-11 19:00:00,0.0,0.0,0.0,1,1,2,80,1.122069513044,2,Typeb,Renault,Food
2026-01-11 20:00:00,0.0,0.0,0.0,1,1,2,80,1.122069513044,2,Typeb,Renault,Food
2026-01-11 21:00:00,0.0,0.0,0.0,1,1,2,80,1.122069513044,2,Typeb,Renault,Food
2026-01-11 22:00:00,0.0,0.0,0.0,1,1,2,80,1.122069513044,2,Typeb,Renault,Food
2026-01-11 23:00:00,0.0,0.0,0.0,1,1,2,80,1.122069513044,2,Typeb,Renault,Food
2026-01-12 00:00:00,0.0,0.0,0.0,1,1,2,80,1.122069513044,2,Typeb,Renault,Food
2026-01-12 01:00:00,0.0,0.0,0.0,1,1,2,80,1.122069513044,2,Typeb,Renault,Food
2026-01-12 02:00:00,0.0,0.0,0.0,1,1,2,80,1.122069513044,2,Typeb,Renault,Food
2026-01-12 03:00:00,0.0,0.0,0.0,1,1,2,80,1.122069513044,2,Typeb,Renault,Food
2026-01-12 04:00:00,0.0,0.0,0.0,1,1,2,80,1.122069513044,2,Typeb,Renault,Food
2026-01-12 05:00:00,0.0,0.0,0.0,1,1,2,80,1.122069513044,2,Typeb,Renault,Food
2026-01-12 06:00:00,4.634316820533834,0.8968790940328081,0.1935299481595424,0,0,2,0,1.119889326784,2,Typeb,Renault,Food
2026-01-12 07:00:00,4.634316820533834,0.6385193286216819,0.1377806812414111,0,0,2,0,1.119889326784,2,Typeb,Renault,Food
2026-01-12 08:00:00,4.634316820533834,1.1519509734010387,0.24856974997845396,0,0,2,0,1.119889326784,2,Typeb,Renault,Food
2026-01-12 09:00:00,4.634316820533834,0.5189921944251403,0.1119889326784,0,0,2,0,1.119889326784,2,Typeb,Renault,Food
2026-01-12 10:00:00,4.634316820533834,0.8730671158173473,0.18839176293449386,0,0,2,0,1.119889326784,2,Typeb,Renault,Food
2026-01-12 11:00:00,4.634316820533834,0.5189921944251403,0.1119889326784,0,0,2,0,1.119889326784,2,Typeb,Renault,Food
2026-01-12 12:00:00,0.0,0.0,0.0,1,1,2,80,1.119889326784,2,Typeb,Renault,Food
2026-01-12 13:00:00,5.020509888911653,1.3490259509283422,0.2687029765458313,0,0,2,0,1.119889326784,2,Typeb,Renault,Food
2026-01-12 14:00:00,5.020509888911653,0.5622415439605687,0.1119889326784,0,0,2,0,1.119889326784,2,Typeb,Renault,Food
2026-01-12 15:00:00,5.020509888911653,0.5622415439605687,0.1119889326784,0,0,2,0,1.119889326784,2,Typeb,Renault,Food
2026-01-12 16:00:00,5.020509888911653,0.8673302326401724,0.1727573995134969,0,0,2,0,1.119889326784,2,Typeb,Renault,Food
2026-01-12 17:00:00,5.020509888911653,1.6788815625480804,0.3344045923016853,0,0,2,0,1.119889326784,2,Typeb,Renault,Food
2026-01-12 18:00:00,5.020509888911653,2.182091225342132,0.4346353803946327,0,0,2,0,1.119889326784,2,Typeb,Renault,Food
2026-01-12 19:00:00,0.0,0.0,0.0,1,1,2,80,1.119889326784,2,Typeb,Renault,Food
2026-01-12 20:00:00,0.0,0.0,0.0,1,1,2,80,1.119889326784,2,Typeb,Renault,Food
2026-01-12 21:00:00,0.0,0.0,0.0,1,1,2,80,1.119889326784,2,Typeb,Renault,Food
2026-01-12 22:00:00,0.0,0.0,0.0,1,1,2,80,1.119889326784,2,Typeb,Renault,Food
2026-01-12 23:00:00,0.0,0.0,0.0,1,1,2,80,1.119889326784,2,Typeb,Renault,Food
2026-01-13 00:00:00,0.0,0.0,0.0,1,1,2,80,1.119889326784,2,Typeb,Renault,Food
2026-01-13 01:00:00,0.0,0.0,0.0,1,1,2,80,1.119889326784,2,Typeb,Renault,Food
2026-01-13 02:00:00,0.0,0.0,0.0,1,1,2,80,1.119889326784,2,Typeb,Renault,Food
2026-01-13 03:00:00,0.0,0.0,0.0,1,1,2,80,1.119889326784,2,Typeb,Renault,Food
2026-01-13 04:00:00,0.0,0.0,0.0,1,1,2,80,1.119889326784,2,Typeb,Renault,Food
2026-01-13 05:00:00,0.0,0.0,0.0,1,1,2,80,1.119889326784,2,Typeb,Renault,Food
2026-01-13 06:00:00,0.0,0.0,0.0,1,1,2,80,1.119889326784,2,Typeb,Renault,Food
2026-01-13 07:00:00,10.31814376929704,1.9976580325265036,0.1936063382321529,0,0,2,0,1.12425024,2,Typeb,Renault,Food
2026-01-13 08:00:00,10.31814376929704,3.4588597905000213,0.3352211277373652,0,0,2,0,1.12425024,2,Typeb,Renault,Food
2026-01-13 09:00:00,10.31814376929704,1.1600175608986703,0.11242502400000001,0,0,2,0,1.12425024,2,Typeb,Renault,Food
2026-01-13 10:00:00,10.31814376929704,1.9994365299040011,0.1937787042523657,0,0,2,0,1.12425024,2,Typeb,Renault,Food
2026-01-13 11:00:00,10.31814376929704,3.0964854264848434,0.30010101581437865,0,0,2,0,1.12425024,2,Typeb,Renault,Food
2026-01-13 12:00:00,0.0,0.0,0.0,1,1,2,80,1.12425024,2,Typeb,Renault,Food
2026-01-13 13:00:00,8.407376404612402,0.9451994940655831,0.11242502400000001,0,0,2,0,1.12425024,2,Typeb,Renault,Food
2026-01-13 14:00:00,8.407376404612402,1.8228735384258012,0.2168183569639808,0,0,2,0,1.12425024,2,Typeb,Renault,Food
2026-01-13 15:00:00,8.407376404612402,1.2632154351062335,0.15025084810205672,0,0,2,0,1.12425024,2,Typeb,Renault,Food
2026-01-13 16:00:00,8.407376404612402,2.793540137148644,0.3322725191197661,0,0,2,0,1.12425024,2,Typeb,Renault,Food
2026-01-13 17:00:00,8.407376404612402,4.253397723295124,0.505912608,0,0,2,0,1.12425024,2,Typeb,Renault,Food
2026-01-13 18:00:00,8.407376404612402,2.088444597993452,0.24840622061927697,0,0,2,0,1.12425024,2,Typeb,Renault,Food
2026-01-13 19:00:00,8.407376404612402,0.9451994940655831,0.11242502400000001,0,0,2,0,1.12425024,2,Typeb,Renault,Food
2026-01-13 20:00:00,0.0,0.0,0.0,1,1,2,80,1.12425024,2,Typeb,Renault,Food
2026-01-13 21:00:00,0.0,0.0,0.0,1,1,2,80,1.12425024,2,Typeb,Renault,Food
2026-01-13 22:00:00,0.0,0.0,0.0,1,1,2,80,1.12425024,2,Typeb,Renault,Food
2026-01-13 23:00:00,0.0,0.0,0.0,1,1,2,80,1.12425024,2,Typeb,Renault,Food
2026-01-14 00:00:00,0.0,0.0,0.0,1,1,2,80,1.12425024,2,Typeb,Renault,Food
2026-01-14 01:00:00,0.0,0.0,0.0,1,1,2,80,1.12425024,2,Typeb,Renault,Food
2026-01-14 02:00:00,0.0,0.0,0.0,1,1,2,80,1.12425024,2,Typeb,Renault,Food
2026-01-14 03:00:00,0.0,0.0,0.0,1,1,2,80,1.12425024,2,Typeb,Renault,Food
2026-01-14 04:00:00,0.0,0.0,0.0,1,1,2,80,1.12425024,2,Typeb,Renault,Food
2026-01-14 05:00:00,0.0,0.0,0.0,1,1,2,80,1.12425024,2,Typeb,Renault,Food
2026-01-14 06:00:00,5.7699279093084685,1.084494557139239,0.18795634437471104,0,0,2,0,1.102475,2,Typeb,Renault,Food
2026-01-14 07:00:00,5.7699279093084685,1.1418924634463252,0.19790411273668443,0,0,2,0,1.102475,2,Typeb,Renault,Food
2026-01-14 08:00:00,5.7699279093084685,0.6361201271814855,0.11024750000000001,0,0,2,0,1.102475,2,Typeb,Renault,Food
2026-01-14 09:00:00,5.7699279093084685,2.5626848757696172,0.444145042373113,0,0,2,0,1.102475,2,Typeb,Renault,Food
2026-01-14 10:00:00,5.7699279093084685,1.588109020012678,0.2752389709151521,0,0,2,0,1.102475,2,Typeb,Renault,Food
2026-01-14 11:00:00,5.7699279093084685,1.4338239907445098,0.24849946364691322,0,0,2,0,1.102475,2,Typeb,Renault,Food
2026-01-14 12:00:00,5.7699279093084685,1.999131096033054,0.34647418953153813,0,0,2,0,1.102475,2,Typeb,Renault,Food
2026-01-14 13:00:00,0.0,0.0,0.0,1,1,2,80,1.102475,2,Typeb,Renault,Food
2026-01-14 14:00:00,8.503051655823006,2.1661568172684187,0.2547505183959461,0,0,2,0,1.102475,2,Typeb,Renault,Food
2026-01-14 15:00:00,8.503051655823006,1.7880107466204709,0.21027871157245254,0,0,2,0,1.102475,2,Typeb,Renault,Food
2026-01-14 16:00:00,8.503051655823006,2.077694293597092,0.24434689776043625,0,0,2,0,1.102475,2,Typeb,Renault,Food
2026-01-14 17:00:00,8.503051655823006,2.1259762461601475,0.25002508889902486,0,0,2,0,1.102475,2,Typeb,Renault,Food
2026-01-14 18:00:00,8.503051655823006,2.4129641939980395,0.2837762595909445,0,0,2,0,1.102475,2,Typeb,Renault,Food
2026-01-14 19:00:00,0.0,0.0,0.0,1,1,2,80,1.102475,2,Typeb,Renault,Food
2026-01-14 20:00:00,0.0,0.0,0.0,1,1,2,80,1.102475,2,Typeb,Renault,Food
2026-01-14 21:00:00,0.0,0.0,0.0,1,1,2,80,1.102475,2,Typeb,Renault,Food
2026-01-14 22:00:00,0.0,0.0,0.0,1,1,2,80,1.102475,2,Typeb,Renault,Food
2026-01-14 23:00:00,0.0,0.0,0.0,1,1,2,80,1.102475,2,Typeb,Renault,Food
2026-01-01 00:00:00,0.0,0.0,0.0,1,1,3,100,1.0,3,Typeb,Toyota,Food
2026-01-01 01:00:00,0.0,0.0,0.0,1,1,3,100,1.0,3,Typeb,Toyota,Food
2026-01-01 02:00:00,0.0,0.0,0.0,1,1,3,100,1.0,3,Typeb,Toyota,Food
2026-01-01 03:00:00,0.0,0.0,0.0,1,1,3,100,1.0,3,Typeb,Toyota,Food
2026-01-01 04:00:00,0.0,0.0,0.0,1,1,3,100,1.0,3,Typeb,Toyota,Food
2026-01-01 05:00:00,6.504488519015648,2.3643538486222746,0.3634957370914204,0,0,3,0,1.1329772784640002,3,Typeb,Toyota,Food
2026-01-01 06:00:00,6.504488519015648,3.2225312412729727,0.49543192087310384,0,0,3,0,1.1329772784640002,3,Typeb,Toyota,Food
2026-01-01 07:00:00,6.504488519015648,3.1884302380478977,0.49018923297760186,0,0,3,0,1.1329772784640002,3,Typeb,Toyota,Food
2026-01-01 08:00:00,6.504488519015648,2.409208576134409,0.37039170245149494,0,0,3,0,1.1329772784640002,3,Typeb,Toyota,Food
2026-01-01 09:00:00,6.504488519015648,0.7369437700074684,0.11329772784640002,0,0,3,0,1.1329772784640002,3,Typeb,Toyota,Food
2026-01-01 10:00:00,6.504488519015648,1.304370848770537,0.20053396127262796,0,0,3,0,1.1329772784640002,3,Typeb,Toyota,Food
2026-01-01 11:00:00,6.504488519015648,2.7673005371450126,0.4254447569635806,0,0,3,0,1.1329772784640002,3,Typeb,Toyota,Food
2026-01-01 12:00:00,0.0,0.0,0.0,1,1,3,100,1.1329772784640002,3,Typeb,Toyota,Food
2026-01-01 13:00:00,8.278439933292644,3.8409947587887823,0.46397567533730666,0,0,3,0,1.1329772784640002,3,Typeb,Toyota,Food
2026-01-01 14:00:00,8.278439933292644,3.41443709213597,0.4124493406546855,0,0,3,0,1.1329772784640002,3,Typeb,Toyota,Food
2026-01-01 15:00:00,8.278439933292644,1.821049935782896,0.21997501346350853,0,0,3,0,1.1329772784640002,3,Typeb,Toyota,Food
2026-01-01 16:00:00,8.278439933292644,3.117475832364287,0.3765776954939324,0,0,3,0,1.1329772784640002,3,Typeb,Toyota,Food
2026-01-01 17:00:00,8.278439933292644,4.22067795549732,0.5098397753088001,0,0,3,0,1.1329772784640002,3,Typeb,Toyota,Food
2026-01-01 18:00:00,8.278439933292644,2.422892574095202,0.2926750201268329,0,0,3,0,1.1329772784640002,3,Typeb,Toyota,Food
2026-01-01 19:00:00,0.0,0.0,0.0,1,1,3,100,1.1329772784640002,3,Typeb,Toyota,Food
2026-01-01 20:00:00,0.0,0.0,0.0,1,1,3,100,1.1329772784640002,3,Typeb,Toyota,Food
2026-01-01 21:00:00,0.0,0.0,0.0,1,1,3,100,1.1329772784640002,3,Typeb,Toyota,Food
2026-01-01 22:00:00,0.0,0.0,0.0,1,1,3,100,1.1329772784640002,3,Typeb,Toyota,Food
2026-01-01 23:00:00,0.0,0.0,0.0,1,1,3,100,1.1329772784640002,3,Typeb,Toyota,Food
2026-01-02 00:00:00,0.0,0.0,0.0,1,1,3,100,1.1329772784640002,3,Typeb,Toyota,Food
2026-01-02 01:00:00,0.0,0.0,0.0,1,1,3,100,1.1329772784640002,3,Typeb,Toyota,Food
2026-01-02 02:00:00,0.0,0.0,0.0,1,1,3,100,1.1329772784640002,3,Typeb,Toyota,Food
2026-01-02 03:00:00,0.0,0.0,0.0,1,1,3,100,1.1329772784640002,3,Typeb,Toyota,Food
2026-01-02 04:00:00,0.0,0.0,0.0,1,1,3,100,1.1329772784640002,3,Typeb,Toyota,Food
2026-01-02 05:00:00,0.0,0.0,0.0,1,1,3,100,1.1329772784640002,3,Typeb,Toyota,Food
2026-01-02 06:00:00,6.132577099588058,2.7665628132706725,0.4511256472350767,0,0,3,0,1.23259004,3,Typeb,Toyota,Food
2026-01-02 07:00:00,6.132577099588058,1.3520200560849074,0.22046523576127988,0,0,3,0,1.23259004,3,Typeb,Toyota,Food
2026-01-02 08:00:00,6.132577099588058,3.4015290536179483,0.5546655180000001,0,0,3,0,1.23259004,3,Typeb,Toyota,Food
2026-01-02 09:00:00,6.132577099588058,2.2148424475309714,0.3611601471230991,0,0,3,0,1.23259004,3,Typeb,Toyota,Food
2026-01-02 10:00:00,6.132577099588058,0.755895345248433,0.123259004,0,0,3,0,1.23259004,3,Typeb,Toyota,Food
2026-01-02 11:00:00,6.132577099588058,0.755895345248433,0.123259004,0,0,3,0,1.23259004,3,Typeb,Toyota,Food
2026-01-02 12:00:00,6.132577099588058,2.708890068441486,0.44172132277365894,0,0,3,0,1.23259004,3,Typeb,Toyota,Food
2026-01-02 13:00:00,0.0,0.0,0.0,1,1,3,100,1.23259004,3,Typeb,Toyota,Food
2026-01-02 14:00:00,6.899149237036565,2.930340233334442,0.42473936026830017,0,0,3,0,1.23259004,3,Typeb,Toyota,Food
2026-01-02 15:00:00,6.899149237036565,3.655441176735497,0.5298394122440583,0,0,3,0,1.23259004,3,Typeb,Toyota,Food
2026-01-02 16:00:00,6.899149237036565,1.2904108386832576,0.18703912531069353,0,0,3,0,1.23259004,3,Typeb,Toyota,Food
2026-01-02 17:00:00,6.899149237036565,0.8503822634044871,0.123259004,0,0,3,0,1.23259004,3,Typeb,Toyota,Food
2026-01-02 18:00:00,6.899149237036565,3.0251665222176833,0.4384839953856546,0,0,3,0,1.23259004,3,Typeb,Toyota,Food
2026-01-02 19:00:00,6.899149237036565,2.5601340416267475,0.37107967282157506,0,0,3,0,1.23259004,3,Typeb,Toyota,Food
2026-01-02 20:00:00,0.0,0.0,0.0,1,1,3,100,1.23259004,3,Typeb,Toyota,Food
2026-01-02 21:00:00,0.0,0.0,0.0,1,1,3,100,1.23259004,3,Typeb,Toyota,Food
2026-01-02 22:00:00,0.0,0.0,0.0,1,1,3,100,1.23259004,3,Typeb,Toyota,Food
2026-01-02 23:00:00,0.0,0.0,0.0,1,1,3,100,1.23259004,3,Typeb,Toyota,Food
2026-01-03 00:00:00,0.0,0.0,0.0,1,1,3,100,1.23259004,3,Typeb,Toyota,Food
2026-01-03 01:00:00,0.0,0.0,0.0,1,1,3,100,1.23259004,3,Typeb,Toyota,Food
2026-01-03 02:00:00,0.0,0.0,0.0,1,1,3,100,1.23259004,3,Typeb,Toyota,Food
2026-01-03 03:00:00,0.0,0.0,0.0,1,1,3,100,1.23259004,3,Typeb,Toyota,Food
2026-01-03 04:00:00,0.0,0.0,0.0,1,1,3,100,1.23259004,3,Typeb,Toyota,Food
2026-01-03 05:00:00,0.0,0.0,0.0,1,1,3,100,1.23259004,3,Typeb,Toyota,Food
2026-01-03 06:00:00,0.0,0.0,0.0,1,1,3,100,1.23259004,3,Typeb,Toyota,Food
2026-01-03 07:00:00,0.0,0.0,0.0,1,1,3,100,1.23259004,3,Typeb,Toyota,Food
2026-01-03 08:00:00,0.0,0.0,0.0,1,1,3,100,1.23259004,3,Typeb,Toyota,Food
2026-01-03 09:00:00,0.0,0.0,0.0,1,1,3,100,1.23259004,3,Typeb,Toyota,Food
2026-01-03 10:00:00,10.0,1.8773427938811165,0.18773427938811163,0,0,3,0,1.209049010004,3,Typeb,Toyota,Food
2026-01-03 11:00:00,10.0,3.204968344544683,0.3204968344544683,0,0,3,0,1.209049010004,3,Typeb,Toyota,Food
2026-01-03 12:00:00,10.0,1.209049010004,0.1209049010004,0,0,3,0,1.209049010004,3,Typeb,Toyota,Food
2026-01-03 13:00:00,5.0,0.6248516621433554,0.12497033242867109,0,0,3,0,1.209049010004,3,Typeb,Toyota,Food
2026-01-03 14:00:00,5.0,1.734563894151038,0.3469127788302076,0,0,3,0,1.209049010004,3,Typeb,Toyota,Food
2026-01-03 15:00:00,5.0,2.7203602725089997,0.5440720545018,0,0,3,0,1.209049010004,3,Typeb,Toyota,Food
2026-01-03 16:00:00,5.0,0.815280893987534,0.16305617879750678,0,0,3,0,1.209049010004,3,Typeb,Toyota,Food
2026-01-03 17:00:00,5.0,1.9104957277654768,0.3820991455530954,0,0,3,0,1.209049010004,3,Typeb,Toyota,Food
2026-01-03 18:00:00,5.0,1.1919205025424786,0.23838410050849573,0,0,3,0,1.209049010004,3,Typeb,Toyota,Food
2026-01-03 19:00:00,0.0,0.0,0.0,1,1,3,100,1.209049010004,3,Typeb,Toyota,Food
2026-01-03 20:00:00,0.0,0.0,0.0,1,1,3,100,1.209049010004,3,Typeb,Toyota,Food
2026-01-03 21:00:00,0.0,0.0,0.0,1,1,3,100,1.209049010004,3,Typeb,Toyota,Food
2026-01-03 22:00:00,0.0,0.0,0.0,1,1,3,100,1.209049010004,3,Typeb,Toyota,Food
2026-01-03 23:00:00,0.0,0.0,0.0,1,1,3,100,1.209049010004,3,Typeb,Toyota,Food
2026-01-04 00:00:00,0.0,0.0,0.0,1,1,3,100,1.209049010004,3,Typeb,Toyota,Food
2026-01-04 01:00:00,0.0,0.0,0.0,1,1,3,100,1.209049010004,3,Typeb,Toyota,Food
2026-01-04 02:00:00,0.0,0.0,0.0,1,1,3,100,1.209049010004,3,Typeb,Toyota,Food
2026-01-04 03:00:00,0.0,0.0,0.0,1,1,3,100,1.209049010004,3,Typeb,Toyota,Food
2026-01-04 04:00:00,0.0,0.0,0.0,1,1,3,100,1.209049010004,3,Typeb,Toyota,Food
2026-01-04 05:00:00,0.0,0.0,0.0,1,1,3,100,1.209049010004,3,Typeb,Toyota,Food
2026-01-04 06:00:00,0.0,0.0,0.0,1,1,3,100,1.209049010004,3,Typeb,Toyota,Food
2026-01-04 07:00:00,0.0,0.0,0.0,1,1,3,100,1.209049010004,3,Typeb,Toyota,Food
2026-01-04 08:00:00,0.0,0.0,0.0,1,1,3,100,1.209049010004,3,Typeb,Toyota,Food
2026-01-04 09:00:00,9.898200702581017,5.8128526675642105,0.5872635686250001,0,0,3,0,1.3050301525,3,Typeb,Toyota,Food
2026-01-04 10:00:00,9.898200702581017,1.526509753596797,0.15422093362875036,0,0,3,0,1.3050301525,3,Typeb,Toyota,Food
2026-01-04 11:00:00,9.898200702581017,4.385277648122904,0.4430378590908362,0,0,3,0,1.3050301525,3,Typeb,Toyota,Food
2026-01-04 12:00:00,0.0,0.0,0.0,1,1,3,100,1.3050301525,3,Typeb,Toyota,Food
2026-01-04 13:00:00,4.778441718487387,2.1254404000979497,0.44479780759380205,0,0,3,0,1.3050301525,3,Typeb,Toyota,Food
2026-01-04 14:00:00,4.778441718487387,0.6236010524589958,0.13050301525000002,0,0,3,0,1.3050301525,3,Typeb,Toyota,Food
2026-01-04 15:00:00,4.778441718487387,1.0106570780902036,0.21150348536847416,0,0,3,0,1.3050301525,3,Typeb,Toyota,Food
2026-01-04 16:00:00,4.778441718487387,0.6236010524589958,0.13050301525000002,0,0,3,0,1.3050301525,3,Typeb,Toyota,Food
2026-01-04 17:00:00,4.778441718487387,1.1474167990612731,0.24012363583341712,0,0,3,0,1.3050301525,3,Typeb,Toyota,Food
2026-01-04 18:00:00,4.778441718487387,2.560499963667,0.5358441338230917,0,0,3,0,1.3050301525,3,Typeb,Toyota,Food
2026-01-04 19:00:00,4.778441718487387,1.9723854391777922,0.4127674994019075,0,0,3,0,1.3050301525,3,Typeb,Toyota,Food
2026-01-04 20:00:00,0.0,0.0,0.0,1,1,3,100,1.3050301525,3,Typeb,Toyota,Food
2026-01-04 21:00:00,0.0,0.0,0.0,1,1,3,100,1.3050301525,3,Typeb,Toyota,Food
2026-01-04 22:00:00,0.0,0.0,0.0,1,1,3,100,1.3050301525,3,Typeb,Toyota,Food
2026-01-04 23:00:00,0.0,0.0,0.0,1,1,3,100,1.3050301525,3,Typeb,Toyota,Food
2026-01-05 00:00:00,0.0,0.0,0.0,1,1,3,100,1.3050301525,3,Typeb,Toyota,Food
2026-01-05 01:00:00,0.0,0.0,0.0,1,1,3,100,1.3050301525,3,Typeb,Toyota,Food
2026-01-05 02:00:00,0.0,0.0,0.0,1,1,3,100,1.3050301525,3,Typeb,Toyota,Food
2026-01-05 03:00:00,0.0,0.0,0.0,1,1,3,100,1.3050301525,3,Typeb,Toyota,Food
2026-01-05 04:00:00,0.0,0.0,0.0,1,1,3,100,1.3050301525,3,Typeb,Toyota,Food
2026-01-05 05:00:00,0.0,0.0,0.0,1,1,3,100,1.3050301525,3,Typeb,Toyota,Food
2026-01-05 06:00:00,6.048097028046989,0.7416161937001364,0.12261975796040002,0,0,3,0,1.226197579604,3,Typeb,Toyota,Food
2026-01-05 07:00:00,6.048097028046989,2.256210363416105,0.3730446705721362,0,0,3,0,1.226197579604,3,Typeb,Toyota,Food
2026-01-05 08:00:00,6.048097028046989,3.3372728716506144,0.5517889108218,0,0,3,0,1.226197579604,3,Typeb,Toyota,Food
2026-01-05 09:00:00,6.048097028046989,2.4274740430538904,0.40136162363085537,0,0,3,0,1.226197579604,3,Typeb,Toyota,Food
2026-01-05 10:00:00,6.048097028046989,1.5543607772512886,0.256999973717884,0,0,3,0,1.226197579604,3,Typeb,Toyota,Food
2026-01-05 11:00:00,6.048097028046989,2.7703639723693194,0.45805547753652803,0,0,3,0,1.226197579604,3,Typeb,Toyota,Food
2026-01-05 12:00:00,0.0,0.0,0.0,1,1,3,100,1.226197579604,3,Typeb,Toyota,Food
2026-01-05 13:00:00,7.639701509111986,0.9367783499370145,0.12261975796040002,0,0,3,0,1.226197579604,3,Typeb,Toyota,Food
2026-01-05 14:00:00,7.639701509111986,2.6645710634851447,0.34877947264131604,0,0,3,0,1.226197579604,3,Typeb,Toyota,Food
2026-01-05 15:00:00,7.639701509111986,1.6191900778318833,0.2119441546113616,0,0,3,0,1.226197579604,3,Typeb,Toyota,Food
2026-01-05 16:00:00,7.639701509111986,1.346041048197506,0.17619026693543757,0,0,3,0,1.226197579604,3,Typeb,Toyota,Food
2026-01-05 17:00:00,7.639701509111986,4.215502574716565,0.5517889108218,0,0,3,0,1.226197579604,3,Typeb,Toyota,Food
2026-01-05 18:00:00,0.0,0.0,0.0,1,1,3,100,1.226197579604,3,Typeb,Toyota,Food
2026-01-05 19:00:00,0.0,0.0,0.0,1,1,3,100,1.226197579604,3,Typeb,Toyota,Food
2026-01-05 20:00:00,0.0,0.0,0.0,1,1,3,100,1.226197579604,3,Typeb,Toyota,Food
2026-01-05 21:00:00,0.0,0.0,0.0,1,1,3,100,1.226197579604,3,Typeb,Toyota,Food
2026-01-05 22:00:00,0.0,0.0,0.0,1,1,3,100,1.226197579604,3,Typeb,Toyota,Food
2026-01-05 23:00:00,0.0,0.0,0.0,1,1,3,100,1.226197579604,3,Typeb,Toyota,Food
2026-01-06 00:00:00,0.0,0.0,0.0,1,1,3,100,1.226197579604,3,Typeb,Toyota,Food
2026-01-06 01:00:00,0.0,0.0,0.0,1,1,3,100,1.226197579604,3,Typeb,Toyota,Food
2026-01-06 02:00:00,0.0,0.0,0.0,1,1,3,100,1.226197579604,3,Typeb,Toyota,Food
2026-01-06 03:00:00,0.0,0.0,0.0,1,1,3,100,1.226197579604,3,Typeb,Toyota,Food
2026-01-06 04:00:00,0.0,0.0,0.0,1,1,3,100,1.226197579604,3,Typeb,Toyota,Food
2026-01-06 05:00:00,0.0,0.0,0.0,1,1,3,100,1.226197579604,3,Typeb,Toyota,Food
2026-01-06 06:00:00,6.121693424259519,2.2640560029695025,0.36984145497997767,0,0,3,0,1.3306301459840002,3,Typeb,Toyota,Food
2026-01-06 07:00:00,6.121693424259519,2.70509883348453,0.4418873416242237,0,0,3,0,1.3306301459840002,3,Typeb,Toyota,Food
2026-01-06 08:00:00,6.121693424259519,0.8145709814791737,0.13306301459840003,0,0,3,0,1.3306301459840002,3,Typeb,Toyota,Food
2026-01-06 09:00:00,6.121693424259519,3.665569416656282,0.5987835656928001,0,0,3,0,1.3306301459840002,3,Typeb,Toyota,Food
2026-01-06 10:00:00,6.121693424259519,1.3373209489895965,0.21845604742144684,0,0,3,0,1.3306301459840002,3,Typeb,Toyota,Food
2026-01-06 11:00:00,6.121693424259519,2.762441041198845,0.4512543915138956,0,0,3,0,1.3306301459840002,3,Typeb,Toyota,Food
2026-01-06 12:00:00,0.0,0.0,0.0,1,1,3,100,1.3306301459840002,3,Typeb,Toyota,Food
2026-01-06 13:00:00,5.5095240818335665,1.9910193577282513,0.36137773937556533,0,0,3,0,1.3306301459840002,3,Typeb,Toyota,Food
2026-01-06 14:00:00,5.5095240818335665,3.0031483048383496,0.5450830707393702,0,0,3,0,1.3306301459840002,3,Typeb,Toyota,Food
2026-01-06 15:00:00,5.5095240818335665,1.0984972055379105,0.19938150541168545,0,0,3,0,1.3306301459840002,3,Typeb,Toyota,Food
2026-01-06 16:00:00,5.5095240818335665,0.8951039159529484,0.16246483410506454,0,0,3,0,1.3306301459840002,3,Typeb,Toyota,Food
2026-01-06 17:00:00,5.5095240818335665,1.422561626458783,0.2582004553078122,0,0,3,0,1.3306301459840002,3,Typeb,Toyota,Food
2026-01-06 18:00:00,5.5095240818335665,0.9467362462947115,0.17183630241609513,0,0,3,0,1.3306301459840002,3,Typeb,Toyota,Food
2026-01-06 19:00:00,5.5095240818335665,0.7331138833312564,0.13306301459840003,0,0,3,0,1.3306301459840002,3,Typeb,Toyota,Food
2026-01-06 20:00:00,5.5095240818335665,1.8005831227062519,0.32681282375065307,0,0,3,0,1.3306301459840002,3,Typeb,Toyota,Food
2026-01-06 21:00:00,0.0,0.0,0.0,1,1,3,100,1.3306301459840002,3,Typeb,Toyota,Food
2026-01-06 22:00:00,0.0,0.0,0.0,1,1,3,100,1.3306301459840002,3,Typeb,Toyota,Food
2026-01-06 23:00:00,0.0,0.0,0.0,1,1,3,100,1.3306301459840002,3,Typeb,Toyota,Food
2026-01-07 00:00:00,0.0,0.0,0.0,1,1,3,100,1.3306301459840002,3,Typeb,Toyota,Food
2026-01-07 01:00:00,0.0,0.0,0.0,1,1,3,100,1.3306301459840002,3,Typeb,Toyota,Food
2026-01-07 02:00:00,0.0,0.0,0.0,1,1,3,100,1.3306301459840002,3,Typeb,Toyota,Food
2026-01-07 03:00:00,0.0,0.0,0.0,1,1,3,100,1.3306301459840002,3,Typeb,Toyota,Food
2026-01-07 04:00:00,0.0,0.0,0.0,1,1,3,100,1.3306301459840002,3,Typeb,Toyota,Food
2026-01-07 05:00:00,0.0,0.0,0.0,1,1,3,100,1.3306301459840002,3,Typeb,Toyota,Food
2026-01-07 06:00:00,0.0,0.0,0.0,1,1,3,100,1.3306301459840002,3,Typeb,Toyota,Food
2026-01-07 07:00:00,0.0,0.0,0.0,1,1,3,100,1.3306301459840002,3,Typeb,Toyota,Food
2026-01-07 08:00:00,9.401254311884017,3.0599416878707597,0.32548227995521006,0,0,3,0,1.282756305344,3,Typeb,Toyota,Food
2026-01-07 09:00:00,9.401254311884017,3.698034245750108,0.3933554101472892,0,0,3,0,1.282756305344,3,Typeb,Toyota,Food
2026-01-07 10:00:00,9.401254311884017,4.178664103612986,0.4444794242328691,0,0,3,0,1.282756305344,3,Typeb,Toyota,Food
2026-01-07 11:00:00,9.401254311884017,5.426783211020262,0.5772403374048001,0,0,3,0,1.282756305344,3,Typeb,Toyota,Food
2026-01-07 12:00:00,0.0,0.0,0.0,1,1,3,100,1.282756305344,3,Typeb,Toyota,Food
2026-01-07 13:00:00,5.919308270445493,2.932925620733488,0.49548452061151954,0,0,3,0,1.282756305344,3,Typeb,Toyota,Food
2026-01-07 14:00:00,5.919308270445493,1.7468305291630166,0.29510720667899065,0,0,3,0,1.282756305344,3,Typeb,Toyota,Food
2026-01-07 15:00:00,5.919308270445493,3.381669813542617,0.5712947626713331,0,0,3,0,1.282756305344,3,Typeb,Toyota,Food
2026-01-07 16:00:00,5.919308270445493,2.367961808278717,0.40004029188709617,0,0,3,0,1.282756305344,3,Typeb,Toyota,Food
2026-01-07 17:00:00,5.919308270445493,2.9521167450366774,0.49872664341140965,0,0,3,0,1.282756305344,3,Typeb,Toyota,Food
2026-01-07 18:00:00,5.919308270445493,3.4168635032349797,0.5772403374048001,0,0,3,0,1.282756305344,3,Typeb,Toyota,Food
2026-01-07 19:00:00,5.919308270445493,2.219621430621879,0.3749798674456987,0,0,3,0,1.282756305344,3,Typeb,Toyota,Food
2026-01-07 20:00:00,0.0,0.0,0.0,1,1,3,100,1.282756305344,3,Typeb,Toyota,Food
2026-01-07 21:00:00,0.0,0.0,0.0,1,1,3,100,1.282756305344,3,Typeb,Toyota,Food
2026-01-07 22:00:00,0.0,0.0,0.0,1,1,3,100,1.282756305344,3,Typeb,Toyota,Food
2026-01-07 23:00:00,0.0,0.0,0.0,1,1,3,100,1.282756305344,3,Typeb,Toyota,Food
2026-01-08 00:00:00,0.0,0.0,0.0,1,1,3,100,1.282756305344,3,Typeb,Toyota,Food
2026-01-08 01:00:00,0.0,0.0,0.0,1,1,3,100,1.282756305344,3,Typeb,Toyota,Food
2026-01-08 02:00:00,0.0,0.0,0.0,1,1,3,100,1.282756305344,3,Typeb,Toyota,Food
2026-01-08 03:00:00,0.0,0.0,0.0,1,1,3,100,1.282756305344,3,Typeb,Toyota,Food
2026-01-08 04:00:00,7.076644701592093,2.357540923324307,0.3331438870731932,0,0,3,0,1.176585222144,3,Typeb,Toyota,Food
2026-01-08 05:00:00,7.076644701592093,1.4295155383673068,0.20200470684160485,0,0,3,0,1.176585222144,3,Typeb,Toyota,Food
2026-01-08 06:00:00,7.076644701592093,3.201864901400214,0.4524552293376921,0,0,3,0,1.176585222144,3,Typeb,Toyota,Food
2026-01-08 07:00:00,7.076644701592093,0.8326275578256894,0.11765852221440001,0,0,3,0,1.176585222144,3,Typeb,Toyota,Food
2026-01-08 08:00:00,7.076644701592093,2.655502579631094,0.37524882081951394,0,0,3,0,1.176585222144,3,Typeb,Toyota,Food
2026-01-08 09:00:00,7.076644701592093,1.6367249445061667,0.23128544861633912,0,0,3,0,1.176585222144,3,Typeb,Toyota,Food
2026-01-08 10:00:00,7.076644701592093,1.8257637123709494,0.2579984991983831,0,0,3,0,1.176585222144,3,Typeb,Toyota,Food
2026-01-08 11:00:00,7.076644701592093,0.8326275578256894,0.11765852221440001,0,0,3,0,1.176585222144,3,Typeb,Toyota,Food
2026-01-08 12:00:00,0.0,0.0,0.0,1,1,3,100,1.176585222144,3,Typeb,Toyota,Food
2026-01-08 13:00:00,8.087593944676678,1.3033526178734864,0.16115455681740354,0,0,3,0,1.176585222144,3,Typeb,Toyota,Food
2026-01-08 14:00:00,8.087593944676678,4.186976746257065,0.5177036303872511,0,0,3,0,1.176585222144,3,Typeb,Toyota,Food
2026-01-08 15:00:00,8.087593944676678,0.951574351800788,0.11765852221440001,0,0,3,0,1.176585222144,3,Typeb,Toyota,Food
2026-01-08 16:00:00,8.087593944676678,1.617849071161352,0.2000408381316218,0,0,3,0,1.176585222144,3,Typeb,Toyota,Food
2026-01-08 17:00:00,8.087593944676678,2.9778209295152576,0.36819614707230497,0,0,3,0,1.176585222144,3,Typeb,Toyota,Food
2026-01-08 18:00:00,8.087593944676678,1.3049493937883347,0.16135199204050832,0,0,3,0,1.176585222144,3,Typeb,Toyota,Food
2026-01-08 19:00:00,8.087593944676678,2.3357728175769656,0.2888093583276879,0,0,3,0,1.176585222144,3,Typeb,Toyota,Food
2026-01-08 20:00:00,0.0,0.0,0.0,1,1,3,100,1.176585222144,3,Typeb,Toyota,Food
2026-01-08 21:00:00,0.0,0.0,0.0,1,1,3,100,1.176585222144,3,Typeb,Toyota,Food
2026-01-08 22:00:00,0.0,0.0,0.0,1,1,3,100,1.176585222144,3,Typeb,Toyota,Food
2026-01-08 23:00:00,0.0,0.0,0.0,1,1,3,100,1.176585222144,3,Typeb,Toyota,Food
2026-01-09 00:00:00,0.0,0.0,0.0,1,1,3,100,1.176585222144,3,Typeb,Toyota,Food
2026-01-09 01:00:00,0.0,0.0,0.0,1,1,3,100,1.176585222144,3,Typeb,Toyota,Food
2026-01-09 02:00:00,0.0,0.0,0.0,1,1,3,100,1.176585222144,3,Typeb,Toyota,Food
2026-01-09 03:00:00,0.0,0.0,0.0,1,1,3,100,1.176585222144,3,Typeb,Toyota,Food
2026-01-09 04:00:00,0.0,0.0,0.0,1,1,3,100,1.176585222144,3,Typeb,Toyota,Food
2026-01-09 05:00:00,0.0,0.0,0.0,1,1,3,100,1.176585222144,3,Typeb,Toyota,Food
2026-01-09 06:00:00,0.0,0.0,0.0,1,1,3,100,1.176585222144,3,Typeb,Toyota,Food
2026-01-09 07:00:00,0.0,0.0,0.0,1,1,3,100,1.176585222144,3,Typeb,Toyota,Food
2026-01-09 08:00:00,8.77289392768298,2.0396081293085464,0.23248977431181936,0,0,3,0,1.137342385344,3,Typeb,Toyota,Food
2026-01-09 09:00:00,8.77289392768298,4.042614467680344,0.4608074030080111,0,0,3,0,1.137342385344,3,Typeb,Toyota,Food
2026-01-09 10:00:00,8.77289392768298,2.584007821512822,0.2945445189253858,0,0,3,0,1.137342385344,3,Typeb,Toyota,Food
2026-01-09 11:00:00,8.77289392768298,4.490002847736383,0.5118040734047999,0,0,3,0,1.137342385344,3,Typeb,Toyota,Food
2026-01-09 12:00:00,0.0,0.0,0.0,1,1,3,100,1.137342385344,3,Typeb,Toyota,Food
2026-01-09 13:00:00,4.7852148696452605,0.5442427694225919,0.1137342385344,0,0,3,0,1.137342385344,3,Typeb,Toyota,Food
2026-01-09 14:00:00,4.7852148696452605,1.7674922833806506,0.369365291116317,0,0,3,0,1.137342385344,3,Typeb,Toyota,Food
2026-01-09 15:00:00,4.7852148696452605,1.5456922594061449,0.3230141804522,0,0,3,0,1.137342385344,3,Typeb,Toyota,Food
2026-01-09 16:00:00,4.7852148696452605,0.5442427694225919,0.1137342385344,0,0,3,0,1.137342385344,3,Typeb,Toyota,Food
2026-01-09 17:00:00,4.7852148696452605,0.8706425608938643,0.18194429813731794,0,0,3,0,1.137342385344,3,Typeb,Toyota,Food
2026-01-09 18:00:00,4.7852148696452605,1.3054485101658428,0.27280875482663935,0,0,3,0,1.137342385344,3,Typeb,Toyota,Food
2026-01-09 19:00:00,4.7852148696452605,1.8383322792045953,0.3841692231765708,0,0,3,0,1.137342385344,3,Typeb,Toyota,Food
2026-01-09 20:00:00,4.7852148696452605,0.8562670056562619,0.17894013727323788,0,0,3,0,1.137342385344,3,Typeb,Toyota,Food
2026-01-09 21:00:00,0.0,0.0,0.0,1,1,3,100,1.137342385344,3,Typeb,Toyota,Food
2026-01-09 22:00:00,0.0,0.0,0.0,1,1,3,100,1.137342385344,3,Typeb,Toyota,Food
2026-01-09 23:00:00,0.0,0.0,0.0,1,1,3,100,1.137342385344,3,Typeb,Toyota,Food
2026-01-10 00:00:00,0.0,0.0,0.0,1,1,3,100,1.137342385344,3,Typeb,Toyota,Food
2026-01-10 01:00:00,0.0,0.0,0.0,1,1,3,100,1.137342385344,3,Typeb,Toyota,Food
2026-01-10 02:00:00,0.0,0.0,0.0,1,1,3,100,1.137342385344,3,Typeb,Toyota,Food
2026-01-10 03:00:00,0.0,0.0,0.0,1,1,3,100,1.137342385344,3,Typeb,Toyota,Food
2026-01-10 04:00:00,0.0,0.0,0.0,1,1,3,100,1.137342385344,3,Typeb,Toyota,Food
2026-01-10 05:00:00,0.0,0.0,0.0,1,1,3,100,1.137342385344,3,Typeb,Toyota,Food
2026-01-10 06:00:00,0.0,0.0,0.0,1,1,3,100,1.137342385344,3,Typeb,Toyota,Food
2026-01-10 07:00:00,0.0,0.0,0.0,1,1,3,100,1.137342385344,3,Typeb,Toyota,Food
2026-01-10 08:00:00,0.0,0.0,0.0,1,1,3,100,1.137342385344,3,Typeb,Toyota,Food
2026-01-10 09:00:00,0.0,0.0,0.0,1,1,3,100,1.137342385344,3,Typeb,Toyota,Food
2026-01-10 10:00:00,12.492871754746501,2.8209224938500035,0.22580256559331374,0,0,3,0,1.18961004,3,Typeb,Toyota,Food
2026-01-10 11:00:00,12.492871754746501,3.8892745153605772,0.31131949416537463,0,0,3,0,1.18961004,3,Typeb,Toyota,Food
2026-01-10 12:00:00,0.0,0.0,0.0,1,1,3,100,1.18961004,3,Typeb,Toyota,Food
2026-01-10 13:00:00,0.0,0.0,0.0,1,1,3,100,1.18961004,3,Typeb,Toyota,Food
2026-01-10 14:00:00,5.431683371628914,1.2821101976207676,0.23604288208652965,0,0,3,0,1.18961004,3,Typeb,Toyota,Food
2026-01-10 15:00:00,5.431683371628914,2.341192538916518,0.4310252234408897,0,0,3,0,1.18961004,3,Typeb,Toyota,Food
2026-01-10 16:00:00,5.431683371628914,0.6461585072990808,0.11896100400000001,0,0,3,0,1.18961004,3,Typeb,Toyota,Food
2026-01-10 17:00:00,5.431683371628914,1.4707410753160701,0.2707707674932105,0,0,3,0,1.18961004,3,Typeb,Toyota,Food
2026-01-10 18:00:00,5.431683371628914,2.490815730864507,0.458571599345183,0,0,3,0,1.18961004,3,Typeb,Toyota,Food
2026-01-10 19:00:00,0.0,0.0,0.0,1,1,3,100,1.18961004,3,Typeb,Toyota,Food
2026-01-10 20:00:00,0.0,0.0,0.0,1,1,3,100,1.18961004,3,Typeb,Toyota,Food
2026-01-10 21:00:00,0.0,0.0,0.0,1,1,3,100,1.18961004,3,Typeb,Toyota,Food
2026-01-10 22:00:00,0.0,0.0,0.0,1,1,3,100,1.18961004,3,Typeb,Toyota,Food
2026-01-10 23:00:00,0.0,0.0,0.0,1,1,3,100,1.18961004,3,Typeb,Toyota,Food
2026-01-11 00:00:00,0.0,0.0,0.0,1,1,3,100,1.18961004,3,Typeb,Toyota,Food
2026-01-11 01:00:00,0.0,0.0,0.0,1,1,3,100,1.18961004,3,Typeb,Toyota,Food
2026-01-11 02:00:00,0.0,0.0,0.0,1,1,3,100,1.18961004,3,Typeb,Toyota,Food
2026-01-11 03:00:00,0.0,0.0,0.0,1,1,3,100,1.18961004,3,Typeb,Toyota,Food
2026-01-11 04:00:00,0.0,0.0,0.0,1,1,3,100,1.18961004,3,Typeb,Toyota,Food
2026-01-11 05:00:00,0.0,0.0,0.0,1,1,3,100,1.18961004,3,Typeb,Toyota,Food
2026-01-11 06:00:00,0.0,0.0,0.0,1,1,3,100,1.18961004,3,Typeb,Toyota,Food
2026-01-11 07:00:00,0.0,0.0,0.0,1,1,3,100,1.18961004,3,Typeb,Toyota,Food
2026-01-11 08:00:00,0.0,0.0,0.0,1,1,3,100,1.18961004,3,Typeb,Toyota,Food
2026-01-11 09:00:00,0.0,0.0,0.0,1,1,3,100,1.18961004,3,Typeb,Toyota,Food
2026-01-11 10:00:00,13.333333333333334,5.857777923161826,0.43933334423713694,0,0,3,0,1.122069513044,3,Typeb,Toyota,Food
2026-01-11 11:00:00,13.333333333333334,1.4960926840586668,0.1122069513044,0,0,3,0,1.122069513044,3,Typeb,Toyota,Food
2026-01-11 12:00:00,0.0,0.0,0.0,1,1,3,100,1.122069513044,3,Typeb,Toyota,Food
2026-01-11 13:00:00,4.444444444444445,0.4986975613528889,0.1122069513044,0,0,3,0,1.122069513044,3,Typeb,Toyota,Food
2026-01-11 14:00:00,4.444444444444445,1.1727649779126035,0.2638721200303357,0,0,3,0,1.122069513044,3,Typeb,Toyota,Food
2026-01-11 15:00:00,4.444444444444445,1.2742682953173128,0.28671036644639536,0,0,3,0,1.122069513044,3,Typeb,Toyota,Food
2026-01-11 16:00:00,4.444444444444445,1.7482220427681245,0.39334995962282804,0,0,3,0,1.122069513044,3,Typeb,Toyota,Food
2026-01-11 17:00:00,4.444444444444445,1.0731152914509445,0.24145094057646255,0,0,3,0,1.122069513044,3,Typeb,Toyota,Food
2026-01-11 18:00:00,4.444444444444445,0.827223589387668,0.18612530761222532,0,0,3,0,1.122069513044,3,Typeb,Toyota,Food
2026-01-11 19:00:00,4.444444444444445,0.9792149527629703,0.22032336437166833,0,0,3,0,1.122069513044,3,Typeb,Toyota,Food
2026-01-11 20:00:00,0.0,0.0,0.0,1,1,3,100,1.122069513044,3,Typeb,Toyota,Food
2026-01-11 21:00:00,0.0,0.0,0.0,1,1,3,100,1.122069513044,3,Typeb,Toyota,Food
2026-01-11 22:00:00,0.0,0.0,0.0,1,1,3,100,1.122069513044,3,Typeb,Toyota,Food
2026-01-11 23:00:00,0.0,0.0,0.0,1,1,3,100,1.122069513044,3,Typeb,Toyota,Food
2026-01-12 00:00:00,0.0,0.0,0.0,1,1,3,100,1.122069513044,3,Typeb,Toyota,Food
2026-01-12 01:00:00,0.0,0.0,0.0,1,1,3,100,1.122069513044,3,Typeb,Toyota,Food
2026-01-12 02:00:00,0.0,0.0,0.0,1,1,3,100,1.122069513044,3,Typeb,Toyota,Food
2026-01-12 03:00:00,0.0,0.0,0.0,1,1,3,100,1.122069513044,3,Typeb,Toyota,Food
2026-01-12 04:00:00,0.0,0.0,0.0,1,1,3,100,1.122069513044,3,Typeb,Toyota,Food
2026-01-12 05:00:00,0.0,0.0,0.0,1,1,3,100,1.122069513044,3,Typeb,Toyota,Food
2026-01-12 06:00:00,0.0,0.0,0.0,1,1,3,100,1.122069513044,3,Typeb,Toyota,Food
2026-01-12 07:00:00,7.485700622856994,3.0102103827689133,0.4021280751700748,0,0,3,0,1.119889326784,3,Typeb,Toyota,Food
2026-01-12 08:00:00,7.485700622856994,2.0274646042252398,0.27084500254185123,0,0,3,0,1.119889326784,3,Typeb,Toyota,Food
2026-01-12 09:00:00,7.485700622856994,3.698862760573463,0.4941237897330917,0,0,3,0,1.119889326784,3,Typeb,Toyota,Food
2026-01-12 10:00:00,7.485700622856994,2.610502128675843,0.3487318368977891,0,0,3,0,1.119889326784,3,Typeb,Toyota,Food
2026-01-12 11:00:00,7.485700622856994,0.8383156231037889,0.1119889326784,0,0,3,0,1.119889326784,3,Typeb,Toyota,Food
2026-01-12 12:00:00,0.0,0.0,0.0,1,1,3,100,1.119889326784,3,Typeb,Toyota,Food
2026-01-12 13:00:00,7.485700622856994,0.8383156231037889,0.1119889326784,0,0,3,0,1.119889326784,3,Typeb,Toyota,Food
2026-01-12 14:00:00,7.485700622856994,3.341671779149159,0.4464073501611363,0,0,3,0,1.119889326784,3,Typeb,Toyota,Food
2026-01-12 15:00:00,7.485700622856994,2.920715233454289,0.39017259447113295,0,0,3,0,1.119889326784,3,Typeb,Toyota,Food
2026-01-12 16:00:00,7.485700622856994,1.849078607683748,0.24701476866944597,0,0,3,0,1.119889326784,3,Typeb,Toyota,Food
2026-01-12 17:00:00,7.485700622856994,0.8383156231037889,0.1119889326784,0,0,3,0,1.119889326784,3,Typeb,Toyota,Food
2026-01-12 18:00:00,7.485700622856994,3.77242030396705,0.5039501970528,0,0,3,0,1.119889326784,3,Typeb,Toyota,Food
2026-01-12 19:00:00,0.0,0.0,0.0,1,1,3,100,1.119889326784,3,Typeb,Toyota,Food
2026-01-12 20:00:00,0.0,0.0,0.0,1,1,3,100,1.119889326784,3,Typeb,Toyota,Food
2026-01-12 21:00:00,0.0,0.0,0.0,1,1,3,100,1.119889326784,3,Typeb,Toyota,Food
2026-01-12 22:00:00,0.0,0.0,0.0,1,1,3,100,1.119889326784,3,Typeb,Toyota,Food
2026-01-12 23:00:00,0.0,0.0,0.0,1,1,3,100,1.119889326784,3,Typeb,Toyota,Food
2026-01-13 00:00:00,0.0,0.0,0.0,1,1,3,100,1.119889326784,3,Typeb,Toyota,Food
2026-01-13 01:00:00,0.0,0.0,0.0,1,1,3,100,1.119889326784,3,Typeb,Toyota,Food
2026-01-13 02:00:00,0.0,0.0,0.0,1,1,3,100,1.119889326784,3,Typeb,Toyota,Food
2026-01-13 03:00:00,0.0,0.0,0.0,1,1,3,100,1.119889326784,3,Typeb,Toyota,Food
2026-01-13 04:00:00,0.0,0.0,0.0,1,1,3,100,1.119889326784,3,Typeb,Toyota,Food
2026-01-13 05:00:00,0.0,0.0,0.0,1,1,3,100,1.119889326784,3,Typeb,Toyota,Food
2026-01-13 06:00:00,0.0,0.0,0.0,1,1,3,100,1.119889326784,3,Typeb,Toyota,Food
2026-01-13 07:00:00,8.036484184515983,4.065758672939235,0.505912608,0,0,3,0,1.12425024,3,Typeb,Toyota,Food
2026-01-13 08:00:00,8.036484184515983,4.065758672939235,0.505912608,0,0,3,0,1.12425024,3,Typeb,Toyota,Food
2026-01-13 09:00:00,8.036484184515983,2.1750517954411768,0.27064718171559177,0,0,3,0,1.12425024,3,Typeb,Toyota,Food
2026-01-13 10:00:00,8.036484184515983,3.4071664458267765,0.42396231580862387,0,0,3,0,1.12425024,3,Typeb,Toyota,Food
2026-01-13 11:00:00,8.036484184515983,2.774635632116368,0.3452549110296641,0,0,3,0,1.12425024,3,Typeb,Toyota,Food
2026-01-13 12:00:00,0.0,0.0,0.0,1,1,3,100,1.12425024,3,Typeb,Toyota,Food
2026-01-13 13:00:00,7.3058947131963485,3.4392361527675357,0.4707481133769118,0,0,3,0,1.12425024,3,Typeb,Toyota,Food
2026-01-13 14:00:00,7.3058947131963485,1.7782902732092234,0.24340485909236662,0,0,3,0,1.12425024,3,Typeb,Toyota,Food
2026-01-13 15:00:00,7.3058947131963485,1.1910998207972776,0.1630327109212019,0,0,3,0,1.12425024,3,Typeb,Toyota,Food
2026-01-13 16:00:00,7.3058947131963485,3.5554980977119466,0.4866615571792722,0,0,3,0,1.12425024,3,Typeb,Toyota,Food
2026-01-13 17:00:00,7.3058947131963485,2.1016427065908436,0.2876639739681342,0,0,3,0,1.12425024,3,Typeb,Toyota,Food
2026-01-13 18:00:00,7.3058947131963485,3.696144248126577,0.505912608,0,0,3,0,1.12425024,3,Typeb,Toyota,Food
2026-01-13 19:00:00,0.0,0.0,0.0,1,1,3,100,1.12425024,3,Typeb,Toyota,Food
2026-01-13 20:00:00,0.0,0.0,0.0,1,1,3,100,1.12425024,3,Typeb,Toyota,Food
2026-01-13 21:00:00,0.0,0.0,0.0,1,1,3,100,1.12425024,3,Typeb,Toyota,Food
2026-01-13 22:00:00,0.0,0.0,0.0,1,1,3,100,1.12425024,3,Typeb,Toyota,Food
2026-01-13 23:00:00,0.0,0.0,0.0,1,1,3,100,1.12425024,3,Typeb,Toyota,Food
2026-01-14 00:00:00,0.0,0.0,0.0,1,1,3,100,1.12425024,3,Typeb,Toyota,Food
2026-01-14 01:00:00,0.0,0.0,0.0,1,1,3,100,1.12425024,3,Typeb,Toyota,Food
2026-01-14 02:00:00,0.0,0.0,0.0,1,1,3,100,1.12425024,3,Typeb,Toyota,Food
2026-01-14 03:00:00,0.0,0.0,0.0,1,1,3,100,1.12425024,3,Typeb,Toyota,Food
2026-01-14 04:00:00,0.0,0.0,0.0,1,1,3,100,1.12425024,3,Typeb,Toyota,Food
2026-01-14 05:00:00,0.0,0.0,0.0,1,1,3,100,1.12425024,3,Typeb,Toyota,Food
2026-01-14 06:00:00,0.0,0.0,0.0,1,1,3,100,1.12425024,3,Typeb,Toyota,Food
2026-01-14 07:00:00,6.705694662359552,0.7392860722884849,0.11024750000000001,0,0,3,0,1.102475,3,Typeb,Toyota,Food
2026-01-14 08:00:00,6.705694662359552,1.1191603511486283,0.16689700433732935,0,0,3,0,1.102475,3,Typeb,Toyota,Food
2026-01-14 09:00:00,6.705694662359552,0.7392860722884849,0.11024750000000001,0,0,3,0,1.102475,3,Typeb,Toyota,Food
2026-01-14 10:00:00,6.705694662359552,0.7392860722884849,0.11024750000000001,0,0,3,0,1.102475,3,Typeb,Toyota,Food
2026-01-14 11:00:00,6.705694662359552,2.7999908805260483,0.41755418662931004,0,0,3,0,1.102475,3,Typeb,Toyota,Food
2026-01-14 12:00:00,6.705694662359552,0.9590416521776889,0.14301898617021552,0,0,3,0,1.102475,3,Typeb,Toyota,Food
2026-01-14 13:00:00,5.416137996521177,2.2660604553201145,0.41839045769801675,0,0,3,0,1.102475,3,Typeb,Toyota,Food
2026-01-14 14:00:00,5.416137996521177,1.423279207677243,0.2627848863140904,0,0,3,0,1.102475,3,Typeb,Toyota,Food
2026-01-14 15:00:00,5.416137996521177,2.265788520044046,0.4183402493620691,0,0,3,0,1.102475,3,Typeb,Toyota,Food
2026-01-14 16:00:00,5.416137996521177,1.303238980575829,0.24062145045287037,0,0,3,0,1.102475,3,Typeb,Toyota,Food
2026-01-14 17:00:00,5.416137996521177,2.455336710215118,0.45333717711627697,0,0,3,0,1.102475,3,Typeb,Toyota,Food
2026-01-14 18:00:00,5.416137996521177,2.6146664808558047,0.4827547751802526,0,0,3,0,1.102475,3,Typeb,Toyota,Food
2026-01-14 19:00:00,5.416137996521177,1.5369657615848267,0.2837752218595668,0,0,3,0,1.102475,3,Typeb,Toyota,Food
2026-01-14 20:00:00,0.0,0.0,0.0,1,1,3,100,1.102475,3,Typeb,Toyota,Food
2026-01-14 21:00:00,0.0,0.0,0.0,1,1,3,100,1.102475,3,Typeb,Toyota,Food
2026-01-14 22:00:00,0.0,0.0,0.0,1,1,3,100,1.102475,3,Typeb,Toyota,Food
2026-01-14 23:00:00,0.0,0.0,0.0,1,1,3,100,1.102475,3,Typeb,Toyota,Food
2026-01-01 00:00:00,0.0,0.0,0.0,1,1,4,100,1.0,4,Typeb,Toyota,Food
2026-01-01 01:00:00,0.0,0.0,0.0,1,1,4,100,1.0,4,Typeb,Toyota,Food
2026-01-01 02:00:00,0.0,0.0,0.0,1,1,4,100,1.0,4,Typeb,Toyota,Food
2026-01-01 03:00:00,0.0,0.0,0.0,1,1,4,100,1.0,4,Typeb,Toyota,Food
2026-01-01 04:00:00,0.0,0.0,0.0,1,1,4,100,1.0,4,Typeb,Toyota,Food
2026-01-01 05:00:00,0.0,0.0,0.0,1,1,4,100,1.0,4,Typeb,Toyota,Food
2026-01-01 06:00:00,0.0,0.0,0.0,1,1,4,100,1.0,4,Typeb,Toyota,Food
2026-01-01 07:00:00,5.217391304347826,2.5550412750554754,0.4897162443856328,0,0,4,0,1.1329772784640002,4,Typeb,Toyota,Food
2026-01-01 08:00:00,5.217391304347826,1.7009576721762223,0.3260168871671093,0,0,4,0,1.1329772784640002,4,Typeb,Toyota,Food
2026-01-01 09:00:00,5.217391304347826,1.9202896314236786,0.3680555126895384,0,0,4,0,1.1329772784640002,4,Typeb,Toyota,Food
2026-01-01 10:00:00,5.217391304347826,0.9258291868778097,0.1774505941515802,0,0,4,0,1.1329772784640002,4,Typeb,Toyota,Food
2026-01-01 11:00:00,5.217391304347826,2.0604499651564216,0.39491957665498084,0,0,4,0,1.1329772784640002,4,Typeb,Toyota,Food
2026-01-01 12:00:00,5.217391304347826,1.6657152006275722,0.3192620801202846,0,0,4,0,1.1329772784640002,4,Typeb,Toyota,Food
2026-01-01 13:00:00,4.444444444444445,1.7256683118905407,0.3882753701753716,0,0,4,0,1.1329772784640002,4,Typeb,Toyota,Food
2026-01-01 14:00:00,4.444444444444445,1.9254704150780422,0.43323084339255946,0,0,4,0,1.1329772784640002,4,Typeb,Toyota,Food
2026-01-01 15:00:00,4.444444444444445,1.0430511813417982,0.23468651580190458,0,0,4,0,1.1329772784640002,4,Typeb,Toyota,Food
2026-01-01 16:00:00,4.444444444444445,0.5035454570951112,0.11329772784640002,0,0,4,0,1.1329772784640002,4,Typeb,Toyota,Food
2026-01-01 17:00:00,4.444444444444445,2.2659545569280004,0.5098397753088001,0,0,4,0,1.1329772784640002,4,Typeb,Toyota,Food
2026-01-01 18:00:00,4.444444444444445,1.4294127959009462,0.3216178790777129,0,0,4,0,1.1329772784640002,4,Typeb,Toyota,Food
2026-01-01 19:00:00,4.444444444444445,2.2659545569280004,0.5098397753088001,0,0,4,0,1.1329772784640002,4,Typeb,Toyota,Food
2026-01-01 20:00:00,0.0,0.0,0.0,1,1,4,100,1.1329772784640002,4,Typeb,Toyota,Food
2026-01-01 21:00:00,0.0,0.0,0.0,1,1,4,100,1.1329772784640002,4,Typeb,Toyota,Food
2026-01-01 22:00:00,0.0,0.0,0.0,1,1,4,100,1.1329772784640002,4,Typeb,Toyota,Food
2026-01-01 23:00:00,0.0,0.0,0.0,1,1,4,100,1.1329772784640002,4,Typeb,Toyota,Food
2026-01-02 00:00:00,0.0,0.0,0.0,1,1,4,100,1.1329772784640002,4,Typeb,Toyota,Food
2026-01-02 01:00:00,0.0,0.0,0.0,1,1,4,100,1.1329772784640002,4,Typeb,Toyota,Food
2026-01-02 02:00:00,0.0,0.0,0.0,1,1,4,100,1.1329772784640002,4,Typeb,Toyota,Food
2026-01-02 03:00:00,0.0,0.0,0.0,1,1,4,100,1.1329772784640002,4,Typeb,Toyota,Food
2026-01-02 04:00:00,0.0,0.0,0.0,1,1,4,100,1.1329772784640002,4,Typeb,Toyota,Food
2026-01-02 05:00:00,0.0,0.0,0.0,1,1,4,100,1.1329772784640002,4,Typeb,Toyota,Food
2026-01-02 06:00:00,0.0,0.0,0.0,1,1,4,100,1.1329772784640002,4,Typeb,Toyota,Food
2026-01-02 07:00:00,10.191883727978908,1.8203472560146117,0.17860753758575246,0,0,4,0,1.23259004,4,Typeb,Toyota,Food
2026-01-02 08:00:00,10.191883727978908,4.001147851429102,0.39258177960224294,0,0,4,0,1.23259004,4,Typeb,Toyota,Food
2026-01-02 09:00:00,10.191883727978908,5.116736653207768,0.5020403283409943,0,0,4,0,1.23259004,4,Typeb,Toyota,Food
2026-01-02 10:00:00,10.191883727978908,3.390288653206737,0.3326459311834246,0,0,4,0,1.23259004,4,Typeb,Toyota,Food
2026-01-02 11:00:00,10.191883727978908,3.284916831990704,0.3223071337610438,0,0,4,0,1.23259004,4,Typeb,Toyota,Food
2026-01-02 12:00:00,0.0,0.0,0.0,1,1,4,100,1.23259004,4,Typeb,Toyota,Food
2026-01-02 13:00:00,9.265348843617188,4.4808485684404245,0.48361358477368493,0,0,4,0,1.23259004,4,Typeb,Toyota,Food
2026-01-02 14:00:00,9.265348843617188,1.4303377512239335,0.15437494857080095,0,0,4,0,1.23259004,4,Typeb,Toyota,Food
2026-01-02 15:00:00,9.265348843617188,2.1760473897849573,0.2348586574032791,0,0,4,0,1.23259004,4,Typeb,Toyota,Food
2026-01-02 16:00:00,9.265348843617188,1.1420376701768065,0.123259004,0,0,4,0,1.23259004,4,Typeb,Toyota,Food
2026-01-02 17:00:00,9.265348843617188,2.126069698834393,0.2294646143085074,0,0,4,0,1.23259004,4,Typeb,Toyota,Food
2026-01-02 18:00:00,9.265348843617188,4.255484942528538,0.4592903099876376,0,0,4,0,1.23259004,4,Typeb,Toyota,Food
2026-01-02 19:00:00,0.0,0.0,0.0,1,1,4,100,1.23259004,4,Typeb,Toyota,Food
2026-01-02 20:00:00,0.0,0.0,0.0,1,1,4,100,1.23259004,4,Typeb,Toyota,Food
2026-01-02 21:00:00,0.0,0.0,0.0,1,1,4,100,1.23259004,4,Typeb,Toyota,Food
2026-01-02 22:00:00,0.0,0.0,0.0,1,1,4,100,1.23259004,4,Typeb,Toyota,Food
2026-01-02 23:00:00,0.0,0.0,0.0,1,1,4,100,1.23259004,4,Typeb,Toyota,Food
2026-01-03 00:00:00,0.0,0.0,0.0,1,1,4,100,1.23259004,4,Typeb,Toyota,Food
2026-01-03 01:00:00,0.0,0.0,0.0,1,1,4,100,1.23259004,4,Typeb,Toyota,Food
2026-01-03 02:00:00,0.0,0.0,0.0,1,1,4,100,1.23259004,4,Typeb,Toyota,Food
2026-01-03 03:00:00,0.0,0.0,0.0,1,1,4,100,1.23259004,4,Typeb,Toyota,Food
2026-01-03 04:00:00,0.0,0.0,0.0,1,1,4,100,1.23259004,4,Typeb,Toyota,Food
2026-01-03 05:00:00,0.0,0.0,0.0,1,1,4,100,1.23259004,4,Typeb,Toyota,Food
2026-01-03 06:00:00,0.0,0.0,0.0,1,1,4,100,1.23259004,4,Typeb,Toyota,Food
2026-01-03 07:00:00,0.0,0.0,0.0,1,1,4,100,1.23259004,4,Typeb,Toyota,Food
2026-01-03 08:00:00,0.0,0.0,0.0,1,1,4,100,1.23259004,4,Typeb,Toyota,Food
2026-01-03 09:00:00,0.0,0.0,0.0,1,1,4,100,1.23259004,4,Typeb,Toyota,Food
2026-01-03 10:00:00,13.333333333333334,2.789523906699069,0.20921429300243016,0,0,4,0,1.209049010004,4,Typeb,Toyota,Food
2026-01-03 11:00:00,13.333333333333334,5.2851161972479135,0.3963837147935935,0,0,4,0,1.209049010004,4,Typeb,Toyota,Food
2026-01-03 12:00:00,0.0,0.0,0.0,1,1,4,100,1.209049010004,4,Typeb,Toyota,Food
2026-01-03 13:00:00,0.0,0.0,0.0,1,1,4,100,1.209049010004,4,Typeb,Toyota,Food
2026-01-03 14:00:00,5.454545454545454,0.9324756407437894,0.17095386746969474,0,0,4,0,1.209049010004,4,Typeb,Toyota,Food
2026-01-03 15:00:00,5.454545454545454,0.6594812781839999,0.1209049010004,0,0,4,0,1.209049010004,4,Typeb,Toyota,Food
2026-01-03 16:00:00,5.454545454545454,1.534388833346509,0.28130461944686,0,0,4,0,1.209049010004,4,Typeb,Toyota,Food
2026-01-03 17:00:00,5.454545454545454,1.8302300946681895,0.3355421840225014,0,0,4,0,1.209049010004,4,Typeb,Toyota,Food
2026-01-03 18:00:00,5.454545454545454,0.8235127820842434,0.1509773433821113,0,0,4,0,1.209049010004,4,Typeb,Toyota,Food
2026-01-03 19:00:00,0.0,0.0,0.0,1,1,4,100,1.209049010004,4,Typeb,Toyota,Food
2026-01-03 20:00:00,0.0,0.0,0.0,1,1,4,100,1.209049010004,4,Typeb,Toyota,Food
2026-01-03 21:00:00,0.0,0.0,0.0,1,1,4,100,1.209049010004,4,Typeb,Toyota,Food
2026-01-03 22:00:00,0.0,0.0,0.0,1,1,4,100,1.209049010004,4,Typeb,Toyota,Food
2026-01-03 23:00:00,0.0,0.0,0.0,1,1,4,100,1.209049010004,4,Typeb,Toyota,Food
2026-01-04 00:00:00,0.0,0.0,0.0,1,1,4,100,1.209049010004,4,Typeb,Toyota,Food
2026-01-04 01:00:00,0.0,0.0,0.0,1,1,4,100,1.209049010004,4,Typeb,Toyota,Food
2026-01-04 02:00:00,0.0,0.0,0.0,1,1,4,100,1.209049010004,4,Typeb,Toyota,Food
2026-01-04 03:00:00,0.0,0.0,0.0,1,1,4,100,1.209049010004,4,Typeb,Toyota,Food
2026-01-04 04:00:00,0.0,0.0,0.0,1,1,4,100,1.209049010004,4,Typeb,Toyota,Food
2026-01-04 05:00:00,0.0,0.0,0.0,1,1,4,100,1.209049010004,4,Typeb,Toyota,Food
2026-01-04 06:00:00,0.0,0.0,0.0,1,1,4,100,1.209049010004,4,Typeb,Toyota,Food
2026-01-04 07:00:00,0.0,0.0,0.0,1,1,4,100,1.209049010004,4,Typeb,Toyota,Food
2026-01-04 08:00:00,0.0,0.0,0.0,1,1,4,100,1.209049010004,4,Typeb,Toyota,Food
2026-01-04 09:00:00,0.0,0.0,0.0,1,1,4,100,1.209049010004,4,Typeb,Toyota,Food
2026-01-04 10:00:00,15.0,3.2031373768565836,0.2135424917904389,0,0,4,0,1.3050301525,4,Typeb,Toyota,Food
2026-01-04 11:00:00,15.0,6.975099234082282,0.46500661560548545,0,0,4,0,1.3050301525,4,Typeb,Toyota,Food
2026-01-04 12:00:00,0.0,0.0,0.0,1,1,4,100,1.3050301525,4,Typeb,Toyota,Food
2026-01-04 13:00:00,4.285714285714286,1.4582765339786243,0.34026452459501233,0,0,4,0,1.3050301525,4,Typeb,Toyota,Food
2026-01-04 14:00:00,4.285714285714286,1.7363288060276272,0.40514338807311306,0,0,4,0,1.3050301525,4,Typeb,Toyota,Food
2026-01-04 15:00:00,4.285714285714286,1.3933333230105391,0.3251111087024591,0,0,4,0,1.3050301525,4,Typeb,Toyota,Food
2026-01-04 16:00:00,4.285714285714286,0.8096579255938774,0.1889201826385714,0,0,4,0,1.3050301525,4,Typeb,Toyota,Food
2026-01-04 17:00:00,4.285714285714286,1.6569581136821967,0.38662355985917923,0,0,4,0,1.3050301525,4,Typeb,Toyota,Food
2026-01-04 18:00:00,4.285714285714286,2.5168438655357144,0.5872635686250001,0,0,4,0,1.3050301525,4,Typeb,Toyota,Food
2026-01-04 19:00:00,4.285714285714286,0.9145029172168045,0.21338401401725438,0,0,4,0,1.3050301525,4,Typeb,Toyota,Food
2026-01-04 20:00:00,0.0,0.0,0.0,1,1,4,100,1.3050301525,4,Typeb,Toyota,Food
2026-01-04 21:00:00,0.0,0.0,0.0,1,1,4,100,1.3050301525,4,Typeb,Toyota,Food
2026-01-04 22:00:00,0.0,0.0,0.0,1,1,4,100,1.3050301525,4,Typeb,Toyota,Food
2026-01-04 23:00:00,0.0,0.0,0.0,1,1,4,100,1.3050301525,4,Typeb,Toyota,Food
2026-01-05 00:00:00,0.0,0.0,0.0,1,1,4,100,1.3050301525,4,Typeb,Toyota,Food
2026-01-05 01:00:00,0.0,0.0,0.0,1,1,4,100,1.3050301525,4,Typeb,Toyota,Food
2026-01-05 02:00:00,0.0,0.0,0.0,1,1,4,100,1.3050301525,4,Typeb,Toyota,Food
2026-01-05 03:00:00,0.0,0.0,0.0,1,1,4,100,1.3050301525,4,Typeb,Toyota,Food
2026-01-05 04:00:00,0.0,0.0,0.0,1,1,4,100,1.3050301525,4,Typeb,Toyota,Food
2026-01-05 05:00:00,0.0,0.0,0.0,1,1,4,100,1.3050301525,4,Typeb,Toyota,Food
2026-01-05 06:00:00,0.0,0.0,0.0,1,1,4,100,1.3050301525,4,Typeb,Toyota,Food
2026-01-05 07:00:00,0.0,0.0,0.0,1,1,4,100,1.3050301525,4,Typeb,Toyota,Food
2026-01-05 08:00:00,9.98082452961958,5.507308296302293,0.5517889108218,0,0,4,0,1.226197579604,4,Typeb,Toyota,Food
2026-01-05 09:00:00,9.98082452961958,1.6118968834645764,0.16149937098693928,0,0,4,0,1.226197579604,4,Typeb,Toyota,Food
2026-01-05 10:00:00,9.98082452961958,4.641637378660854,0.4650555036696723,0,0,4,0,1.226197579604,4,Typeb,Toyota,Food
2026-01-05 11:00:00,9.98082452961958,5.507308296302293,0.5517889108218,0,0,4,0,1.226197579604,4,Typeb,Toyota,Food
2026-01-05 12:00:00,0.0,0.0,0.0,1,1,4,100,1.226197579604,4,Typeb,Toyota,Food
2026-01-05 13:00:00,7.8110800666588025,1.4836535039919476,0.18994217077928147,0,0,4,0,1.226197579604,4,Typeb,Toyota,Food
2026-01-05 14:00:00,7.8110800666588025,1.7945763216398034,0.22974752611996146,0,0,4,0,1.226197579604,4,Typeb,Toyota,Food
2026-01-05 15:00:00,7.8110800666588025,0.9577927471830077,0.12261975796040002,0,0,4,0,1.226197579604,4,Typeb,Toyota,Food
2026-01-05 16:00:00,7.8110800666588025,2.716522892271047,0.34777813939795427,0,0,4,0,1.226197579604,4,Typeb,Toyota,Food
2026-01-05 17:00:00,7.8110800666588025,4.310067362323534,0.5517889108218,0,0,4,0,1.226197579604,4,Typeb,Toyota,Food
2026-01-05 18:00:00,7.8110800666588025,1.9847633819346977,0.25409589518952175,0,0,4,0,1.226197579604,4,Typeb,Toyota,Food
2026-01-05 19:00:00,0.0,0.0,0.0,1,1,4,100,1.226197579604,4,Typeb,Toyota,Food
2026-01-05 20:00:00,0.0,0.0,0.0,1,1,4,100,1.226197579604,4,Typeb,Toyota,Food
2026-01-05 21:00:00,0.0,0.0,0.0,1,1,4,100,1.226197579604,4,Typeb,Toyota,Food
2026-01-05 22:00:00,0.0,0.0,0.0,1,1,4,100,1.226197579604,4,Typeb,Toyota,Food
2026-01-05 23:00:00,0.0,0.0,0.0,1,1,4,100,1.226197579604,4,Typeb,Toyota,Food
2026-01-06 00:00:00,0.0,0.0,0.0,1,1,4,100,1.226197579604,4,Typeb,Toyota,Food
2026-01-06 01:00:00,0.0,0.0,0.0,1,1,4,100,1.226197579604,4,Typeb,Toyota,Food
2026-01-06 02:00:00,0.0,0.0,0.0,1,1,4,100,1.226197579604,4,Typeb,Toyota,Food
2026-01-06 03:00:00,0.0,0.0,0.0,1,1,4,100,1.226197579604,4,Typeb,Toyota,Food
2026-01-06 04:00:00,0.0,0.0,0.0,1,1,4,100,1.226197579604,4,Typeb,Toyota,Food
2026-01-06 05:00:00,0.0,0.0,0.0,1,1,4,100,1.226197579604,4,Typeb,Toyota,Food
2026-01-06 06:00:00,5.238903405528134,2.7507833417303433,0.5250685360657144,0,0,4,0,1.3306301459840002,4,Typeb,Toyota,Food
2026-01-06 07:00:00,5.238903405528134,2.8612001522866524,0.5461448571980713,0,0,4,0,1.3306301459840002,4,Typeb,Toyota,Food
2026-01-06 08:00:00,5.238903405528134,0.7198395324701773,0.13740271135951787,0,0,4,0,1.3306301459840002,4,Typeb,Toyota,Food
2026-01-06 09:00:00,5.238903405528134,2.3282019667512506,0.44440635501973796,0,0,4,0,1.3306301459840002,4,Typeb,Toyota,Food
2026-01-06 10:00:00,5.238903405528134,0.6971042803293978,0.13306301459840003,0,0,4,0,1.3306301459840002,4,Typeb,Toyota,Food
2026-01-06 11:00:00,5.238903405528134,1.261372146312552,0.24077026214713976,0,0,4,0,1.3306301459840002,4,Typeb,Toyota,Food
2026-01-06 12:00:00,0.0,0.0,0.0,1,1,4,100,1.3306301459840002,4,Typeb,Toyota,Food
2026-01-06 13:00:00,4.656803027136119,2.2852032710739953,0.49072362686539683,0,0,4,0,1.3306301459840002,4,Typeb,Toyota,Food
2026-01-06 14:00:00,4.656803027136119,2.788417121317591,0.5987835656928001,0,0,4,0,1.3306301459840002,4,Typeb,Toyota,Food
2026-01-06 15:00:00,4.656803027136119,1.0289349192176005,0.22095306870868098,0,0,4,0,1.3306301459840002,4,Typeb,Toyota,Food
2026-01-06 16:00:00,4.656803027136119,1.029329438251776,0.22103778756663495,0,0,4,0,1.3306301459840002,4,Typeb,Toyota,Food
2026-01-06 17:00:00,4.656803027136119,2.5348734858327524,0.5443377078784608,0,0,4,0,1.3306301459840002,4,Typeb,Toyota,Food
2026-01-06 18:00:00,4.656803027136119,2.022571416401644,0.43432616853573525,0,0,4,0,1.3306301459840002,4,Typeb,Toyota,Food
2026-01-06 19:00:00,4.656803027136119,2.788417121317591,0.5987835656928001,0,0,4,0,1.3306301459840002,4,Typeb,Toyota,Food
2026-01-06 20:00:00,0.0,0.0,0.0,1,1,4,100,1.3306301459840002,4,Typeb,Toyota,Food
2026-01-06 21:00:00,0.0,0.0,0.0,1,1,4,100,1.3306301459840002,4,Typeb,Toyota,Food
2026-01-06 22:00:00,0.0,0.0,0.0,1,1,4,100,1.3306301459840002,4,Typeb,Toyota,Food
2026-01-06 23:00:00,0.0,0.0,0.0,1,1,4,100,1.3306301459840002,4,Typeb,Toyota,Food
2026-01-07 00:00:00,0.0,0.0,0.0,1,1,4,100,1.3306301459840002,4,Typeb,Toyota,Food
2026-01-07 01:00:00,0.0,0.0,0.0,1,1,4,100,1.3306301459840002,4,Typeb,Toyota,Food
2026-01-07 02:00:00,0.0,0.0,0.0,1,1,4,100,1.3306301459840002,4,Typeb,Toyota,Food
2026-01-07 03:00:00,0.0,0.0,0.0,1,1,4,100,1.3306301459840002,4,Typeb,Toyota,Food
2026-01-07 04:00:00,5.615168688193652,3.2413018681577723,0.5772403374048001,0,0,4,0,1.282756305344,4,Typeb,Toyota,Food
2026-01-07 05:00:00,5.615168688193652,2.797268967385015,0.4981629444662099,0,0,4,0,1.282756305344,4,Typeb,Toyota,Food
2026-01-07 06:00:00,5.615168688193652,2.5094240934500376,0.44690092725554365,0,0,4,0,1.282756305344,4,Typeb,Toyota,Food
2026-01-07 07:00:00,5.615168688193652,2.6909050471950957,0.47922069605013684,0,0,4,0,1.282756305344,4,Typeb,Toyota,Food
2026-01-07 08:00:00,5.615168688193652,2.470732266819852,0.4400103370028343,0,0,4,0,1.282756305344,4,Typeb,Toyota,Food
2026-01-07 09:00:00,5.615168688193652,0.7202893040350605,0.12827563053440003,0,0,4,0,1.282756305344,4,Typeb,Toyota,Food
2026-01-07 10:00:00,5.615168688193652,2.4821636728421916,0.44204614512492607,0,0,4,0,1.282756305344,4,Typeb,Toyota,Food
2026-01-07 11:00:00,5.615168688193652,1.8014094631291038,0.3208112815767607,0,0,4,0,1.282756305344,4,Typeb,Toyota,Food
2026-01-07 12:00:00,5.615168688193652,3.2413018681577723,0.5772403374048001,0,0,4,0,1.282756305344,4,Typeb,Toyota,Food
2026-01-07 13:00:00,7.486891584258202,3.991192709709344,0.5330907579991075,0,0,4,0,1.282756305344,4,Typeb,Toyota,Food
2026-01-07 14:00:00,7.486891584258202,2.3681041839416674,0.3163000501998452,0,0,4,0,1.282756305344,4,Typeb,Toyota,Food
2026-01-07 15:00:00,7.486891584258202,0.9603857387134138,0.12827563053440003,0,0,4,0,1.282756305344,4,Typeb,Toyota,Food
2026-01-07 16:00:00,7.486891584258202,1.7974736192221432,0.2400827631859232,0,0,4,0,1.282756305344,4,Typeb,Toyota,Food
2026-01-07 17:00:00,7.486891584258202,2.167724150157469,0.28953593434093333,0,0,4,0,1.282756305344,4,Typeb,Toyota,Food
2026-01-07 18:00:00,7.486891584258202,0.9603857387134138,0.12827563053440003,0,0,4,0,1.282756305344,4,Typeb,Toyota,Food
2026-01-07 19:00:00,7.486891584258202,3.432208807532711,0.45842907819704626,0,0,4,0,1.282756305344,4,Typeb,Toyota,Food
2026-01-07 20:00:00,0.0,0.0,0.0,1,1,4,100,1.282756305344,4,Typeb,Toyota,Food
2026-01-07 21:00:00,0.0,0.0,0.0,1,1,4,100,1.282756305344,4,Typeb,Toyota,Food
2026-01-07 22:00:00,0.0,0.0,0.0,1,1,4,100,1.282756305344,4,Typeb,Toyota,Food
2026-01-07 23:00:00,0.0,0.0,0.0,1,1,4,100,1.282756305344,4,Typeb,Toyota,Food
2026-01-08 00:00:00,0.0,0.0,0.0,1,1,4,100,1.282756305344,4,Typeb,Toyota,Food
2026-01-08 01:00:00,0.0,0.0,0.0,1,1,4,100,1.282756305344,4,Typeb,Toyota,Food
2026-01-08 02:00:00,0.0,0.0,0.0,1,1,4,100,1.282756305344,4,Typeb,Toyota,Food
2026-01-08 03:00:00,0.0,0.0,0.0,1,1,4,100,1.282756305344,4,Typeb,Toyota,Food
2026-01-08 04:00:00,0.0,0.0,0.0,1,1,4,100,1.282756305344,4,Typeb,Toyota,Food
2026-01-08 05:00:00,4.535168110748632,1.8179411710587785,0.4008541969481008,0,0,4,0,1.176585222144,4,Typeb,Toyota,Food
2026-01-08 06:00:00,4.535168110748632,2.401205300570504,0.5294633499648,0,0,4,0,1.176585222144,4,Typeb,Toyota,Food
2026-01-08 07:00:00,4.535168110748632,2.401205300570504,0.5294633499648,0,0,4,0,1.176585222144,4,Typeb,Toyota,Food
2026-01-08 08:00:00,4.535168110748632,2.401205300570504,0.5294633499648,0,0,4,0,1.176585222144,4,Typeb,Toyota,Food
2026-01-08 09:00:00,4.535168110748632,0.8177257707397294,0.1803077087267544,0,0,4,0,1.176585222144,4,Typeb,Toyota,Food
2026-01-08 10:00:00,4.535168110748632,0.5336011779045565,0.11765852221440001,0,0,4,0,1.176585222144,4,Typeb,Toyota,Food
2026-01-08 11:00:00,4.535168110748632,1.090183650764715,0.2403843968167159,0,0,4,0,1.176585222144,4,Typeb,Toyota,Food
2026-01-08 12:00:00,0.0,0.0,0.0,1,1,4,100,1.176585222144,4,Typeb,Toyota,Food
2026-01-08 13:00:00,0.0,0.0,0.0,1,1,4,100,1.176585222144,4,Typeb,Toyota,Food
2026-01-08 14:00:00,5.039075678609591,1.1377439483985525,0.22578425508236954,0,0,4,0,1.176585222144,4,Typeb,Toyota,Food
2026-01-08 15:00:00,5.039075678609591,1.2714509833666405,0.2523182949531463,0,0,4,0,1.176585222144,4,Typeb,Toyota,Food
2026-01-08 16:00:00,5.039075678609591,1.6634438482950547,0.33010892361792055,0,0,4,0,1.176585222144,4,Typeb,Toyota,Food
2026-01-08 17:00:00,5.039075678609591,2.0578127741976706,0.40837107942889106,0,0,4,0,1.176585222144,4,Typeb,Toyota,Food
2026-01-08 18:00:00,5.039075678609591,2.668005889522782,0.5294633499648,0,0,4,0,1.176585222144,4,Typeb,Toyota,Food
2026-01-08 19:00:00,5.039075678609591,1.7291605613692556,0.34315034574880104,0,0,4,0,1.176585222144,4,Typeb,Toyota,Food
2026-01-08 20:00:00,0.0,0.0,0.0,1,1,4,100,1.176585222144,4,Typeb,Toyota,Food
2026-01-08 21:00:00,0.0,0.0,0.0,1,1,4,100,1.176585222144,4,Typeb,Toyota,Food
2026-01-08 22:00:00,0.0,0.0,0.0,1,1,4,100,1.176585222144,4,Typeb,Toyota,Food
2026-01-08 23:00:00,0.0,0.0,0.0,1,1,4,100,1.176585222144,4,Typeb,Toyota,Food
2026-01-09 00:00:00,0.0,0.0,0.0,1,1,4,100,1.176585222144,4,Typeb,Toyota,Food
2026-01-09 01:00:00,0.0,0.0,0.0,1,1,4,100,1.176585222144,4,Typeb,Toyota,Food
2026-01-09 02:00:00,0.0,0.0,0.0,1,1,4,100,1.176585222144,4,Typeb,Toyota,Food
2026-01-09 03:00:00,0.0,0.0,0.0,1,1,4,100,1.176585222144,4,Typeb,Toyota,Food
2026-01-09 04:00:00,0.0,0.0,0.0,1,1,4,100,1.176585222144,4,Typeb,Toyota,Food
2026-01-09 05:00:00,0.0,0.0,0.0,1,1,4,100,1.176585222144,4,Typeb,Toyota,Food
2026-01-09 06:00:00,0.0,0.0,0.0,1,1,4,100,1.176585222144,4,Typeb,Toyota,Food
2026-01-09 07:00:00,6.160111084322605,0.8444075344450757,0.13707667327527273,0,0,4,0,1.137342385344,4,Typeb,Toyota,Food
2026-01-09 08:00:00,6.160111084322605,2.040337333133255,0.33121762013770895,0,0,4,0,1.137342385344,4,Typeb,Toyota,Food
2026-01-09 09:00:00,6.160111084322605,2.740398894013276,0.4448619280563873,0,0,4,0,1.137342385344,4,Typeb,Toyota,Food
2026-01-09 10:00:00,6.160111084322605,3.1527699455823686,0.5118040734047999,0,0,4,0,1.137342385344,4,Typeb,Toyota,Food
2026-01-09 11:00:00,6.160111084322605,2.6074014136945087,0.42327181734276004,0,0,4,0,1.137342385344,4,Typeb,Toyota,Food
2026-01-09 12:00:00,0.0,0.0,0.0,1,1,4,100,1.137342385344,4,Typeb,Toyota,Food
2026-01-09 13:00:00,0.0,0.0,0.0,1,1,4,100,1.137342385344,4,Typeb,Toyota,Food
2026-01-09 14:00:00,6.453449707385586,0.733978188389546,0.1137342385344,0,0,4,0,1.137342385344,4,Typeb,Toyota,Food
2026-01-09 15:00:00,6.453449707385586,1.1793056718819992,0.1827403521146767,0,0,4,0,1.137342385344,4,Typeb,Toyota,Food
2026-01-09 16:00:00,6.453449707385586,1.4549166226841805,0.22544789045448296,0,0,4,0,1.137342385344,4,Typeb,Toyota,Food
2026-01-09 17:00:00,6.453449707385586,2.821021559012712,0.43713388759878646,0,0,4,0,1.137342385344,4,Typeb,Toyota,Food
2026-01-09 18:00:00,6.453449707385586,2.551491159758156,0.3953685664952386,0,0,4,0,1.137342385344,4,Typeb,Toyota,Food
2026-01-09 19:00:00,0.0,0.0,0.0,1,1,4,100,1.137342385344,4,Typeb,Toyota,Food
2026-01-09 20:00:00,0.0,0.0,0.0,1,1,4,100,1.137342385344,4,Typeb,Toyota,Food
2026-01-09 21:00:00,0.0,0.0,0.0,1,1,4,100,1.137342385344,4,Typeb,Toyota,Food
2026-01-09 22:00:00,0.0,0.0,0.0,1,1,4,100,1.137342385344,4,Typeb,Toyota,Food
2026-01-09 23:00:00,0.0,0.0,0.0,1,1,4,100,1.137342385344,4,Typeb,Toyota,Food
2026-01-10 00:00:00,0.0,0.0,0.0,1,1,4,100,1.137342385344,4,Typeb,Toyota,Food
2026-01-10 01:00:00,0.0,0.0,0.0,1,1,4,100,1.137342385344,4,Typeb,Toyota,Food
2026-01-10 02:00:00,0.0,0.0,0.0,1,1,4,100,1.137342385344,4,Typeb,Toyota,Food
2026-01-10 03:00:00,0.0,0.0,0.0,1,1,4,100,1.137342385344,4,Typeb,Toyota,Food
2026-01-10 04:00:00,0.0,0.0,0.0,1,1,4,100,1.137342385344,4,Typeb,Toyota,Food
2026-01-10 05:00:00,0.0,0.0,0.0,1,1,4,100,1.137342385344,4,Typeb,Toyota,Food
2026-01-10 06:00:00,0.0,0.0,0.0,1,1,4,100,1.137342385344,4,Typeb,Toyota,Food
2026-01-10 07:00:00,0.0,0.0,0.0,1,1,4,100,1.137342385344,4,Typeb,Toyota,Food
2026-01-10 08:00:00,0.0,0.0,0.0,1,1,4,100,1.137342385344,4,Typeb,Toyota,Food
2026-01-10 09:00:00,0.0,0.0,0.0,1,1,4,100,1.137342385344,4,Typeb,Toyota,Food
2026-01-10 10:00:00,15.0,1.7844150600000002,0.11896100400000001,0,0,4,0,1.18961004,4,Typeb,Toyota,Food
2026-01-10 11:00:00,15.0,4.667014121078674,0.3111342747385783,0,0,4,0,1.18961004,4,Typeb,Toyota,Food
2026-01-10 12:00:00,0.0,0.0,0.0,1,1,4,100,1.18961004,4,Typeb,Toyota,Food
2026-01-10 13:00:00,4.615384615384615,0.5490507876923076,0.11896100400000001,0,0,4,0,1.18961004,4,Typeb,Toyota,Food
2026-01-10 14:00:00,4.615384615384615,0.5490507876923076,0.11896100400000001,0,0,4,0,1.18961004,4,Typeb,Toyota,Food
2026-01-10 15:00:00,4.615384615384615,2.2778851241174776,0.4935417768921202,0,0,4,0,1.18961004,4,Typeb,Toyota,Food
2026-01-10 16:00:00,4.615384615384615,1.0956586198905054,0.23739270097627618,0,0,4,0,1.18961004,4,Typeb,Toyota,Food
2026-01-10 17:00:00,4.615384615384615,1.4125552818681717,0.30605364440477056,0,0,4,0,1.18961004,4,Typeb,Toyota,Food
2026-01-10 18:00:00,4.615384615384615,1.4511593662935685,0.31441786269693983,0,0,4,0,1.18961004,4,Typeb,Toyota,Food
2026-01-10 19:00:00,4.615384615384615,1.714700609165429,0.37151846531917637,0,0,4,0,1.18961004,4,Typeb,Toyota,Food
2026-01-10 20:00:00,0.0,0.0,0.0,1,1,4,100,1.18961004,4,Typeb,Toyota,Food
2026-01-10 21:00:00,0.0,0.0,0.0,1,1,4,100,1.18961004,4,Typeb,Toyota,Food
2026-01-10 22:00:00,0.0,0.0,0.0,1,1,4,100,1.18961004,4,Typeb,Toyota,Food
2026-01-10 23:00:00,0.0,0.0,0.0,1,1,4,100,1.18961004,4,Typeb,Toyota,Food
2026-01-11 00:00:00,0.0,0.0,0.0,1,1,4,100,1.18961004,4,Typeb,Toyota,Food
2026-01-11 01:00:00,0.0,0.0,0.0,1,1,4,100,1.18961004,4,Typeb,Toyota,Food
2026-01-11 02:00:00,0.0,0.0,0.0,1,1,4,100,1.18961004,4,Typeb,Toyota,Food
2026-01-11 03:00:00,0.0,0.0,0.0,1,1,4,100,1.18961004,4,Typeb,Toyota,Food
2026-01-11 04:00:00,0.0,0.0,0.0,1,1,4,100,1.18961004,4,Typeb,Toyota,Food
2026-01-11 05:00:00,0.0,0.0,0.0,1,1,4,100,1.18961004,4,Typeb,Toyota,Food
2026-01-11 06:00:00,0.0,0.0,0.0,1,1,4,100,1.18961004,4,Typeb,Toyota,Food
2026-01-11 07:00:00,0.0,0.0,0.0,1,1,4,100,1.18961004,4,Typeb,Toyota,Food
2026-01-11 08:00:00,0.0,0.0,0.0,1,1,4,100,1.18961004,4,Typeb,Toyota,Food
2026-01-11 09:00:00,0.0,0.0,0.0,1,1,4,100,1.18961004,4,Typeb,Toyota,Food
2026-01-11 10:00:00,0.0,0.0,0.0,1,1,4,100,1.18961004,4,Typeb,Toyota,Food
2026-01-11 11:00:00,24.0,2.6929668313056,0.1122069513044,0,0,4,0,1.122069513044,4,Typeb,Toyota,Food
2026-01-11 12:00:00,0.0,0.0,0.0,1,1,4,100,1.122069513044,4,Typeb,Toyota,Food
2026-01-11 13:00:00,0.0,0.0,0.0,1,1,4,100,1.122069513044,4,Typeb,Toyota,Food
2026-01-11 14:00:00,6.315789473684211,1.7700814509315959,0.2802628963975027,0,0,4,0,1.122069513044,4,Typeb,Toyota,Food
2026-01-11 15:00:00,6.315789473684211,1.9408581627280248,0.3073025424319373,0,0,4,0,1.122069513044,4,Typeb,Toyota,Food
2026-01-11 16:00:00,6.315789473684211,2.7321081729191605,0.4325837940455337,0,0,4,0,1.122069513044,4,Typeb,Toyota,Food
2026-01-11 17:00:00,6.315789473684211,2.1801598171735357,0.34519197105247645,0,0,4,0,1.122069513044,4,Typeb,Toyota,Food
2026-01-11 18:00:00,0.0,0.0,0.0,1,1,4,100,1.122069513044,4,Typeb,Toyota,Food
2026-01-11 19:00:00,0.0,0.0,0.0,1,1,4,100,1.122069513044,4,Typeb,Toyota,Food
2026-01-11 20:00:00,0.0,0.0,0.0,1,1,4,100,1.122069513044,4,Typeb,Toyota,Food
2026-01-11 21:00:00,0.0,0.0,0.0,1,1,4,100,1.122069513044,4,Typeb,Toyota,Food
2026-01-11 22:00:00,0.0,0.0,0.0,1,1,4,100,1.122069513044,4,Typeb,Toyota,Food
2026-01-11 23:00:00,0.0,0.0,0.0,1,1,4,100,1.122069513044,4,Typeb,Toyota,Food
2026-01-12 00:00:00,0.0,0.0,0.0,1,1,4,100,1.122069513044,4,Typeb,Toyota,Food
2026-01-12 01:00:00,0.0,0.0,0.0,1,1,4,100,1.122069513044,4,Typeb,Toyota,Food
2026-01-12 02:00:00,0.0,0.0,0.0,1,1,4,100,1.122069513044,4,Typeb,Toyota,Food
2026-01-12 03:00:00,0.0,0.0,0.0,1,1,4,100,1.122069513044,4,Typeb,Toyota,Food
2026-01-12 04:00:00,0.0,0.0,0.0,1,1,4,100,1.122069513044,4,Typeb,Toyota,Food
2026-01-12 05:00:00,0.0,0.0,0.0,1,1,4,100,1.122069513044,4,Typeb,Toyota,Food
2026-01-12 06:00:00,4.615384615384615,1.4923388014100274,0.3233400736388393,0,0,4,0,1.119889326784,4,Typeb,Toyota,Food
2026-01-12 07:00:00,4.615384615384615,0.5168719969772307,0.1119889326784,0,0,4,0,1.119889326784,4,Typeb,Toyota,Food
2026-01-12 08:00:00,4.615384615384615,0.9536792009809738,0.20663049354587765,0,0,4,0,1.119889326784,4,Typeb,Toyota,Food
2026-01-12 09:00:00,4.615384615384615,1.4134876739427344,0.30625566268759247,0,0,4,0,1.119889326784,4,Typeb,Toyota,Food
2026-01-12 10:00:00,4.615384615384615,1.5229897654221725,0.3299811158414708,0,0,4,0,1.119889326784,4,Typeb,Toyota,Food
2026-01-12 11:00:00,4.615384615384615,1.289595157014563,0.279412284019822,0,0,4,0,1.119889326784,4,Typeb,Toyota,Food
2026-01-12 12:00:00,0.0,0.0,0.0,1,1,4,100,1.119889326784,4,Typeb,Toyota,Food
2026-01-12 13:00:00,3.6363636363636362,1.4880655323847127,0.40921802140579605,0,0,4,0,1.119889326784,4,Typeb,Toyota,Food
2026-01-12 14:00:00,3.6363636363636362,1.3506647820864586,0.3714328150737761,0,0,4,0,1.119889326784,4,Typeb,Toyota,Food
2026-01-12 15:00:00,3.6363636363636362,0.9196358960175397,0.2528998714048234,0,0,4,0,1.119889326784,4,Typeb,Toyota,Food
2026-01-12 16:00:00,3.6363636363636362,1.1124685216759937,0.3059288434608983,0,0,4,0,1.119889326784,4,Typeb,Toyota,Food
2026-01-12 17:00:00,3.6363636363636362,1.32589228211413,0.3646203775813857,0,0,4,0,1.119889326784,4,Typeb,Toyota,Food
2026-01-12 18:00:00,3.6363636363636362,1.0447742374320883,0.2873129152938243,0,0,4,0,1.119889326784,4,Typeb,Toyota,Food
2026-01-12 19:00:00,3.6363636363636362,0.7465364399694497,0.20529752099159868,0,0,4,0,1.119889326784,4,Typeb,Toyota,Food
2026-01-12 20:00:00,3.6363636363636362,0.830879878615625,0.22849196661929685,0,0,4,0,1.119889326784,4,Typeb,Toyota,Food
2026-01-12 21:00:00,0.0,0.0,0.0,1,1,4,100,1.119889326784,4,Typeb,Toyota,Food
2026-01-12 22:00:00,0.0,0.0,0.0,1,1,4,100,1.119889326784,4,Typeb,Toyota,Food
2026-01-12 23:00:00,0.0,0.0,0.0,1,1,4,100,1.119889326784,4,Typeb,Toyota,Food
2026-01-13 00:00:00,0.0,0.0,0.0,1,1,4,100,1.119889326784,4,Typeb,Toyota,Food
2026-01-13 01:00:00,0.0,0.0,0.0,1,1,4,100,1.119889326784,4,Typeb,Toyota,Food
2026-01-13 02:00:00,0.0,0.0,0.0,1,1,4,100,1.119889326784,4,Typeb,Toyota,Food
2026-01-13 03:00:00,0.0,0.0,0.0,1,1,4,100,1.119889326784,4,Typeb,Toyota,Food
2026-01-13 04:00:00,0.0,0.0,0.0,1,1,4,100,1.119889326784,4,Typeb,Toyota,Food
2026-01-13 05:00:00,0.0,0.0,0.0,1,1,4,100,1.119889326784,4,Typeb,Toyota,Food
2026-01-13 06:00:00,0.0,0.0,0.0,1,1,4,100,1.119889326784,4,Typeb,Toyota,Food
2026-01-13 07:00:00,5.0,0.8799557669811215,0.17599115339622431,0,0,4,0,1.12425024,4,Typeb,Toyota,Food
2026-01-13 08:00:00,5.0,1.1479095607763943,0.22958191215527884,0,0,4,0,1.12425024,4,Typeb,Toyota,Food
2026-01-13 09:00:00,5.0,0.6078258632040474,0.1215651726408095,0,0,4,0,1.12425024,4,Typeb,Toyota,Food
2026-01-13 10:00:00,5.0,1.759090639768866,0.3518181279537732,0,0,4,0,1.12425024,4,Typeb,Toyota,Food
2026-01-13 11:00:00,5.0,0.56212512,0.11242502400000001,0,0,4,0,1.12425024,4,Typeb,Toyota,Food
2026-01-13 12:00:00,5.0,1.578775987042958,0.31575519740859165,0,0,4,0,1.12425024,4,Typeb,Toyota,Food
2026-01-13 13:00:00,5.454545454545454,1.86367070030532,0.341672961722642,0,0,4,0,1.12425024,4,Typeb,Toyota,Food
2026-01-13 14:00:00,5.454545454545454,2.128429065726773,0.39021199538324175,0,0,4,0,1.12425024,4,Typeb,Toyota,Food
2026-01-13 15:00:00,5.454545454545454,1.9509020415816596,0.35766537428997097,0,0,4,0,1.12425024,4,Typeb,Toyota,Food
2026-01-13 16:00:00,5.454545454545454,2.087610139553924,0.3827285255848861,0,0,4,0,1.12425024,4,Typeb,Toyota,Food
2026-01-13 17:00:00,5.454545454545454,2.759523316363637,0.505912608,0,0,4,0,1.12425024,4,Typeb,Toyota,Food
2026-01-13 18:00:00,5.454545454545454,0.6132274036363636,0.11242502400000001,0,0,4,0,1.12425024,4,Typeb,Toyota,Food
2026-01-13 19:00:00,0.0,0.0,0.0,1,1,4,100,1.12425024,4,Typeb,Toyota,Food
2026-01-13 20:00:00,0.0,0.0,0.0,1,1,4,100,1.12425024,4,Typeb,Toyota,Food
2026-01-13 21:00:00,0.0,0.0,0.0,1,1,4,100,1.12425024,4,Typeb,Toyota,Food
2026-01-13 22:00:00,0.0,0.0,0.0,1,1,4,100,1.12425024,4,Typeb,Toyota,Food
2026-01-13 23:00:00,0.0,0.0,0.0,1,1,4,100,1.12425024,4,Typeb,Toyota,Food
2026-01-14 00:00:00,0.0,0.0,0.0,1,1,4,100,1.12425024,4,Typeb,Toyota,Food
2026-01-14 01:00:00,0.0,0.0,0.0,1,1,4,100,1.12425024,4,Typeb,Toyota,Food
2026-01-14 02:00:00,0.0,0.0,0.0,1,1,4,100,1.12425024,4,Typeb,Toyota,Food
2026-01-14 03:00:00,0.0,0.0,0.0,1,1,4,100,1.12425024,4,Typeb,Toyota,Food
2026-01-14 04:00:00,0.0,0.0,0.0,1,1,4,100,1.12425024,4,Typeb,Toyota,Food
2026-01-14 05:00:00,0.0,0.0,0.0,1,1,4,100,1.12425024,4,Typeb,Toyota,Food
2026-01-14 06:00:00,0.0,0.0,0.0,1,1,4,100,1.12425024,4,Typeb,Toyota,Food
2026-01-14 07:00:00,0.0,0.0,0.0,1,1,4,100,1.12425024,4,Typeb,Toyota,Food
2026-01-14 08:00:00,10.46254500588533,1.153469430536343,0.11024750000000001,0,0,4,0,1.102475,4,Typeb,Toyota,Food
2026-01-14 09:00:00,10.46254500588533,5.088486335971953,0.4863526353396431,0,0,4,0,1.102475,4,Typeb,Toyota,Food
2026-01-14 10:00:00,10.46254500588533,1.8697789236050253,0.17871167316874126,0,0,4,0,1.102475,4,Typeb,Toyota,Food
2026-01-14 11:00:00,10.46254500588533,3.4217813646532136,0.327050575431543,0,0,4,0,1.102475,4,Typeb,Toyota,Food
2026-01-14 12:00:00,0.0,0.0,0.0,1,1,4,100,1.102475,4,Typeb,Toyota,Food
2026-01-14 13:00:00,9.416290505296796,1.0381224874827086,0.11024750000000001,0,0,4,0,1.102475,4,Typeb,Toyota,Food
2026-01-14 14:00:00,9.416290505296796,2.426544330398622,0.2576964176109113,0,0,4,0,1.102475,4,Typeb,Toyota,Food
2026-01-14 15:00:00,9.416290505296796,2.687633555631863,0.28542381462424415,0,0,4,0,1.102475,4,Typeb,Toyota,Food
2026-01-14 16:00:00,9.416290505296796,4.671551193672189,0.4961137500000001,0,0,4,0,1.102475,4,Typeb,Toyota,Food
2026-01-14 17:00:00,9.416290505296796,4.671551193672189,0.4961137500000001,0,0,4,0,1.102475,4,Typeb,Toyota,Food
2026-01-14 18:00:00,0.0,0.0,0.0,1,1,4,100,1.102475,4,Typeb,Toyota,Food
2026-01-14 19:00:00,0.0,0.0,0.0,1,1,4,100,1.102475,4,Typeb,Toyota,Food
2026-01-14 20:00:00,0.0,0.0,0.0,1,1,4,100,1.102475,4,Typeb,Toyota,Food
2026-01-14 21:00:00,0.0,0.0,0.0,1,1,4,100,1.102475,4,Typeb,Toyota,Food
2026-01-14 22:00:00,0.0,0.0,0.0,1,1,4,100,1.102475,4,Typeb,Toyota,Food
2026-01-14 23:00:00,0.0,0.0,0.0,1,1,4,100,1.102475,4,Typeb,Toyota,Food
2026-01-01 00:00:00,0.0,0.0,0.0,1,1,5,100,1.0,5,Typeb,Toyota,Food
2026-01-01 01:00:00,0.0,0.0,0.0,1,1,5,100,1.0,5,Typeb,Toyota,Food
2026-01-01 02:00:00,0.0,0.0,0.0,1,1,5,100,1.0,5,Typeb,Toyota,Food
2026-01-01 03:00:00,0.0,0.0,0.0,1,1,5,100,1.0,5,Typeb,Toyota,Food
2026-01-01 04:00:00,0.0,0.0,0.0,1,1,5,100,1.0,5,Typeb,Toyota,Food
2026-01-01 05:00:00,0.0,0.0,0.0,1,1,5,100,1.0,5,Typeb,Toyota,Food
2026-01-01 06:00:00,0.0,0.0,0.0,1,1,5,100,1.0,5,Typeb,Toyota,Food
2026-01-01 07:00:00,5.0,1.8167840035014227,0.36335680070028453,0,0,5,0,1.1329772784640002,5,Typeb,Toyota,Food
2026-01-01 08:00:00,5.0,0.8370481947515321,0.16740963895030642,0,0,5,0,1.1329772784640002,5,Typeb,Toyota,Food
2026-01-01 09:00:00,5.0,1.0456208339652993,0.20912416679305984,0,0,5,0,1.1329772784640002,5,Typeb,Toyota,Food
2026-01-01 10:00:00,5.0,1.83730551905265,0.36746110381053,0,0,5,0,1.1329772784640002,5,Typeb,Toyota,Food
2026-01-01 11:00:00,5.0,2.26589053410678,0.45317810682135595,0,0,5,0,1.1329772784640002,5,Typeb,Toyota,Food
2026-01-01 12:00:00,5.0,2.10230886270122,0.420461772540244,0,0,5,0,1.1329772784640002,5,Typeb,Toyota,Food
2026-01-01 13:00:00,0.0,0.0,0.0,1,1,5,100,1.1329772784640002,5,Typeb,Toyota,Food
2026-01-01 14:00:00,4.137931034482759,1.6979668317526506,0.41034198434022384,0,0,5,0,1.1329772784640002,5,Typeb,Toyota,Food
2026-01-01 15:00:00,4.137931034482759,0.6847659925362678,0.16548511486293135,0,0,5,0,1.1329772784640002,5,Typeb,Toyota,Food
2026-01-01 16:00:00,4.137931034482759,1.1172155496441811,0.2699937578306771,0,0,5,0,1.1329772784640002,5,Typeb,Toyota,Food
2026-01-01 17:00:00,4.137931034482759,0.9455184724427014,0.22850029750698614,0,0,5,0,1.1329772784640002,5,Typeb,Toyota,Food
2026-01-01 18:00:00,4.137931034482759,1.840332911796276,0.44474712035076663,0,0,5,0,1.1329772784640002,5,Typeb,Toyota,Food
2026-01-01 19:00:00,4.137931034482759,0.7253621875465782,0.17529586199042305,0,0,5,0,1.1329772784640002,5,Typeb,Toyota,Food
2026-01-01 20:00:00,4.137931034482759,1.613479675997783,0.3899242550327975,0,0,5,0,1.1329772784640002,5,Typeb,Toyota,Food
2026-01-01 21:00:00,0.0,0.0,0.0,1,1,5,100,1.1329772784640002,5,Typeb,Toyota,Food
2026-01-01 22:00:00,0.0,0.0,0.0,1,1,5,100,1.1329772784640002,5,Typeb,Toyota,Food
2026-01-01 23:00:00,0.0,0.0,0.0,1,1,5,100,1.1329772784640002,5,Typeb,Toyota,Food
2026-01-02 00:00:00,0.0,0.0,0.0,1,1,5,100,1.1329772784640002,5,Typeb,Toyota,Food
2026-01-02 01:00:00,0.0,0.0,0.0,1,1,5,100,1.1329772784640002,5,Typeb,Toyota,Food
2026-01-02 02:00:00,0.0,0.0,0.0,1,1,5,100,1.1329772784640002,5,Typeb,Toyota,Food
2026-01-02 03:00:00,0.0,0.0,0.0,1,1,5,100,1.1329772784640002,5,Typeb,Toyota,Food
2026-01-02 04:00:00,0.0,0.0,0.0,1,1,5,100,1.1329772784640002,5,Typeb,Toyota,Food
2026-01-02 05:00:00,6.417904126570102,0.7910644704085208,0.123259004,0,0,5,0,1.23259004,5,Typeb,Toyota,Food
2026-01-02 06:00:00,6.417904126570102,1.8249726424831123,0.28435648250458145,0,0,5,0,1.23259004,5,Typeb,Toyota,Food
2026-01-02 07:00:00,6.417904126570102,1.328983349327941,0.2070743537327014,0,0,5,0,1.23259004,5,Typeb,Toyota,Food
2026-01-02 08:00:00,6.417904126570102,0.9280739641191702,0.14460701590678912,0,0,5,0,1.23259004,5,Typeb,Toyota,Food
2026-01-02 09:00:00,6.417904126570102,0.7910644704085208,0.123259004,0,0,5,0,1.23259004,5,Typeb,Toyota,Food
2026-01-02 10:00:00,6.417904126570102,2.4960939850354418,0.3889266551523606,0,0,5,0,1.23259004,5,Typeb,Toyota,Food
2026-01-02 11:00:00,6.417904126570102,1.583538164372047,0.2467375849097222,0,0,5,0,1.23259004,5,Typeb,Toyota,Food
2026-01-02 12:00:00,0.0,0.0,0.0,1,1,5,100,1.23259004,5,Typeb,Toyota,Food
2026-01-02 13:00:00,0.0,0.0,0.0,1,1,5,100,1.23259004,5,Typeb,Toyota,Food
2026-01-02 14:00:00,10.339956648362943,4.35985421991285,0.42165111210626954,0,0,5,0,1.23259004,5,Typeb,Toyota,Food
2026-01-02 15:00:00,10.339956648362943,4.2521505599856235,0.41123485374175517,0,0,5,0,1.23259004,5,Typeb,Toyota,Food
2026-01-02 16:00:00,10.339956648362943,4.819844214418769,0.46613775843846145,0,0,5,0,1.23259004,5,Typeb,Toyota,Food
2026-01-02 17:00:00,10.339956648362943,2.226995904820339,0.215377682958944,0,0,5,0,1.23259004,5,Typeb,Toyota,Food
2026-01-02 18:00:00,0.0,0.0,0.0,1,1,5,100,1.23259004,5,Typeb,Toyota,Food
2026-01-02 19:00:00,0.0,0.0,0.0,1,1,5,100,1.23259004,5,Typeb,Toyota,Food
2026-01-02 20:00:00,0.0,0.0,0.0,1,1,5,100,1.23259004,5,Typeb,Toyota,Food
2026-01-02 21:00:00,0.0,0.0,0.0,1,1,5,100,1.23259004,5,Typeb,Toyota,Food
2026-01-02 22:00:00,0.0,0.0,0.0,1,1,5,100,1.23259004,5,Typeb,Toyota,Food
2026-01-02 23:00:00,0.0,0.0,0.0,1,1,5,100,1.23259004,5,Typeb,Toyota,Food
2026-01-03 00:00:00,0.0,0.0,0.0,1,1,5,100,1.23259004,5,Typeb,Toyota,Food
2026-01-03 01:00:00,0.0,0.0,0.0,1,1,5,100,1.23259004,5,Typeb,Toyota,Food
2026-01-03 02:00:00,0.0,0.0,0.0,1,1,5,100,1.23259004,5,Typeb,Toyota,Food
2026-01-03 03:00:00,0.0,0.0,0.0,1,1,5,100,1.23259004,5,Typeb,Toyota,Food
2026-01-03 04:00:00,0.0,0.0,0.0,1,1,5,100,1.23259004,5,Typeb,Toyota,Food
2026-01-03 05:00:00,0.0,0.0,0.0,1,1,5,100,1.23259004,5,Typeb,Toyota,Food
2026-01-03 06:00:00,0.0,0.0,0.0,1,1,5,100,1.23259004,5,Typeb,Toyota,Food
2026-01-03 07:00:00,0.0,0.0,0.0,1,1,5,100,1.23259004,5,Typeb,Toyota,Food
2026-01-03 08:00:00,0.0,0.0,0.0,1,1,5,100,1.23259004,5,Typeb,Toyota,Food
2026-01-03 09:00:00,9.477201255250083,1.9214963817336277,0.20274934867181138,0,0,5,0,1.209049010004,5,Typeb,Toyota,Food
2026-01-03 10:00:00,9.477201255250083,3.9462796575109786,0.4163971568425709,0,0,5,0,1.209049010004,5,Typeb,Toyota,Food
2026-01-03 11:00:00,9.477201255250083,4.460670583189967,0.4706738269084336,0,0,5,0,1.209049010004,5,Typeb,Toyota,Food
2026-01-03 12:00:00,9.477201255250083,1.145840079526878,0.1209049010004,0,0,5,0,1.209049010004,5,Typeb,Toyota,Food
2026-01-03 13:00:00,5.768731198847877,1.9872689207113312,0.34448977638414247,0,0,5,0,1.209049010004,5,Typeb,Toyota,Food
2026-01-03 14:00:00,5.768731198847877,0.7433442728802669,0.1288574986868389,0,0,5,0,1.209049010004,5,Typeb,Toyota,Food
2026-01-03 15:00:00,5.768731198847877,1.4428314525809132,0.2501124429006284,0,0,5,0,1.209049010004,5,Typeb,Toyota,Food
2026-01-03 16:00:00,5.768731198847877,2.6907536182814504,0.46643768370050664,0,0,5,0,1.209049010004,5,Typeb,Toyota,Food
2026-01-03 17:00:00,5.768731198847877,0.6974678744946213,0.1209049010004,0,0,5,0,1.209049010004,5,Typeb,Toyota,Food
2026-01-03 18:00:00,5.768731198847877,2.5548758862496297,0.4428835038734143,0,0,5,0,1.209049010004,5,Typeb,Toyota,Food
2026-01-03 19:00:00,0.0,0.0,0.0,1,1,5,100,1.209049010004,5,Typeb,Toyota,Food
2026-01-03 20:00:00,0.0,0.0,0.0,1,1,5,100,1.209049010004,5,Typeb,Toyota,Food
2026-01-03 21:00:00,0.0,0.0,0.0,1,1,5,100,1.209049010004,5,Typeb,Toyota,Food
2026-01-03 22:00:00,0.0,0.0,0.0,1,1,5,100,1.209049010004,5,Typeb,Toyota,Food
2026-01-03 23:00:00,0.0,0.0,0.0,1,1,5,100,1.209049010004,5,Typeb,Toyota,Food
2026-01-04 00:00:00,0.0,0.0,0.0,1,1,5,100,1.209049010004,5,Typeb,Toyota,Food
2026-01-04 01:00:00,0.0,0.0,0.0,1,1,5,100,1.209049010004,5,Typeb,Toyota,Food
2026-01-04 02:00:00,0.0,0.0,0.0,1,1,5,100,1.209049010004,5,Typeb,Toyota,Food
2026-01-04 03:00:00,0.0,0.0,0.0,1,1,5,100,1.209049010004,5,Typeb,Toyota,Food
2026-01-04 04:00:00,0.0,0.0,0.0,1,1,5,100,1.209049010004,5,Typeb,Toyota,Food
2026-01-04 05:00:00,0.0,0.0,0.0,1,1,5,100,1.209049010004,5,Typeb,Toyota,Food
2026-01-04 06:00:00,0.0,0.0,0.0,1,1,5,100,1.209049010004,5,Typeb,Toyota,Food
2026-01-04 07:00:00,0.0,0.0,0.0,1,1,5,100,1.209049010004,5,Typeb,Toyota,Food
2026-01-04 08:00:00,0.0,0.0,0.0,1,1,5,100,1.209049010004,5,Typeb,Toyota,Food
2026-01-04 09:00:00,10.909090909090908,2.4004339946948545,0.22003978284702833,0,0,5,0,1.3050301525,5,Typeb,Toyota,Food
2026-01-04 10:00:00,10.909090909090908,2.3841544292651005,0.21854748934930088,0,0,5,0,1.3050301525,5,Typeb,Toyota,Food
2026-01-04 11:00:00,10.909090909090908,3.897525298544481,0.3572731523665774,0,0,5,0,1.3050301525,5,Typeb,Toyota,Food
2026-01-04 12:00:00,0.0,0.0,0.0,1,1,5,100,1.3050301525,5,Typeb,Toyota,Food
2026-01-04 13:00:00,5.0,2.8248407748099083,0.5649681549619816,0,0,5,0,1.3050301525,5,Typeb,Toyota,Food
2026-01-04 14:00:00,5.0,1.2777458859928261,0.2555491771985652,0,0,5,0,1.3050301525,5,Typeb,Toyota,Food
2026-01-04 15:00:00,5.0,0.65251507625,0.13050301525000002,0,0,5,0,1.3050301525,5,Typeb,Toyota,Food
2026-01-04 16:00:00,5.0,0.8896349883821555,0.17792699767643108,0,0,5,0,1.3050301525,5,Typeb,Toyota,Food
2026-01-04 17:00:00,5.0,2.087617458969921,0.4175234917939842,0,0,5,0,1.3050301525,5,Typeb,Toyota,Food
2026-01-04 18:00:00,5.0,2.337293718264018,0.46745874365280354,0,0,5,0,1.3050301525,5,Typeb,Toyota,Food
2026-01-04 19:00:00,0.0,0.0,0.0,1,1,5,100,1.3050301525,5,Typeb,Toyota,Food
2026-01-04 20:00:00,0.0,0.0,0.0,1,1,5,100,1.3050301525,5,Typeb,Toyota,Food
2026-01-04 21:00:00,0.0,0.0,0.0,1,1,5,100,1.3050301525,5,Typeb,Toyota,Food
2026-01-04 22:00:00,0.0,0.0,0.0,1,1,5,100,1.3050301525,5,Typeb,Toyota,Food
2026-01-04 23:00:00,0.0,0.0,0.0,1,1,5,100,1.3050301525,5,Typeb,Toyota,Food
2026-01-05 00:00:00,0.0,0.0,0.0,1,1,5,100,1.3050301525,5,Typeb,Toyota,Food
2026-01-05 01:00:00,0.0,0.0,0.0,1,1,5,100,1.3050301525,5,Typeb,Toyota,Food
2026-01-05 02:00:00,0.0,0.0,0.0,1,1,5,100,1.3050301525,5,Typeb,Toyota,Food
2026-01-05 03:00:00,0.0,0.0,0.0,1,1,5,100,1.3050301525,5,Typeb,Toyota,Food
2026-01-05 04:00:00,0.0,0.0,0.0,1,1,5,100,1.3050301525,5,Typeb,Toyota,Food
2026-01-05 05:00:00,7.998161971551309,4.413297082858637,0.5517889108218,0,0,5,0,1.226197579604,5,Typeb,Toyota,Food
2026-01-05 06:00:00,7.998161971551309,3.1215493225549387,0.39028333430330475,0,0,5,0,1.226197579604,5,Typeb,Toyota,Food
2026-01-05 07:00:00,7.998161971551309,2.819888341256388,0.35256704618966944,0,0,5,0,1.226197579604,5,Typeb,Toyota,Food
2026-01-05 08:00:00,7.998161971551309,2.173798691232733,0.27178728049828516,0,0,5,0,1.226197579604,5,Typeb,Toyota,Food
2026-01-05 09:00:00,7.998161971551309,2.7075877641299906,0.3385262481255843,0,0,5,0,1.226197579604,5,Typeb,Toyota,Food
2026-01-05 10:00:00,7.998161971551309,1.4438282798232882,0.18052001009217444,0,0,5,0,1.226197579604,5,Typeb,Toyota,Food
2026-01-05 11:00:00,7.998161971551309,3.0418214840293345,0.38031506424210965,0,0,5,0,1.226197579604,5,Typeb,Toyota,Food
2026-01-05 12:00:00,7.998161971551309,2.589917186759192,0.32381404577342615,0,0,5,0,1.226197579604,5,Typeb,Toyota,Food
2026-01-05 13:00:00,10.906584506660876,6.018132385716324,0.5517889108218,0,0,5,0,1.226197579604,5,Typeb,Toyota,Food
2026-01-05 14:00:00,10.906584506660876,3.3982108502758503,0.31157424656641985,0,0,5,0,1.226197579604,5,Typeb,Toyota,Food
2026-01-05 15:00:00,10.906584506660876,5.01203779349272,0.4595423792326338,0,0,5,0,1.226197579604,5,Typeb,Toyota,Food
2026-01-05 16:00:00,10.906584506660876,1.707429013388216,0.15655029421405517,0,0,5,0,1.226197579604,5,Typeb,Toyota,Food
2026-01-05 17:00:00,10.906584506660876,1.3373627523814056,0.12261975796040002,0,0,5,0,1.226197579604,5,Typeb,Toyota,Food
2026-01-05 18:00:00,10.906584506660876,4.955376118427398,0.4543471987404533,0,0,5,0,1.226197579604,5,Typeb,Toyota,Food
2026-01-05 19:00:00,0.0,0.0,0.0,1,1,5,100,1.226197579604,5,Typeb,Toyota,Food
2026-01-05 20:00:00,0.0,0.0,0.0,1,1,5,100,1.226197579604,5,Typeb,Toyota,Food
2026-01-05 21:00:00,0.0,0.0,0.0,1,1,5,100,1.226197579604,5,Typeb,Toyota,Food
2026-01-05 22:00:00,0.0,0.0,0.0,1,1,5,100,1.226197579604,5,Typeb,Toyota,Food
2026-01-05 23:00:00,0.0,0.0,0.0,1,1,5,100,1.226197579604,5,Typeb,Toyota,Food
2026-01-06 00:00:00,0.0,0.0,0.0,1,1,5,100,1.226197579604,5,Typeb,Toyota,Food
2026-01-06 01:00:00,0.0,0.0,0.0,1,1,5,100,1.226197579604,5,Typeb,Toyota,Food
2026-01-06 02:00:00,0.0,0.0,0.0,1,1,5,100,1.226197579604,5,Typeb,Toyota,Food
2026-01-06 03:00:00,0.0,0.0,0.0,1,1,5,100,1.226197579604,5,Typeb,Toyota,Food
2026-01-06 04:00:00,0.0,0.0,0.0,1,1,5,100,1.226197579604,5,Typeb,Toyota,Food
2026-01-06 05:00:00,0.0,0.0,0.0,1,1,5,100,1.226197579604,5,Typeb,Toyota,Food
2026-01-06 06:00:00,0.0,0.0,0.0,1,1,5,100,1.226197579604,5,Typeb,Toyota,Food
2026-01-06 07:00:00,6.0,2.4197581324346853,0.40329302207244755,0,0,5,0,1.3306301459840002,5,Typeb,Toyota,Food
2026-01-06 08:00:00,6.0,3.0347302818695545,0.5057883803115923,0,0,5,0,1.3306301459840002,5,Typeb,Toyota,Food
2026-01-06 09:00:00,6.0,1.9284934909471094,0.32141558182451824,0,0,5,0,1.3306301459840002,5,Typeb,Toyota,Food
2026-01-06 10:00:00,6.0,2.7784981525231514,0.4630830254205252,0,0,5,0,1.3306301459840002,5,Typeb,Toyota,Food
2026-01-06 11:00:00,6.0,0.7983780875904002,0.13306301459840003,0,0,5,0,1.3306301459840002,5,Typeb,Toyota,Food
2026-01-06 12:00:00,0.0,0.0,0.0,1,1,5,100,1.3306301459840002,5,Typeb,Toyota,Food
2026-01-06 13:00:00,0.0,0.0,0.0,1,1,5,100,1.3306301459840002,5,Typeb,Toyota,Food
2026-01-06 14:00:00,6.666666666666667,0.8870867639893336,0.13306301459840003,0,0,5,0,1.3306301459840002,5,Typeb,Toyota,Food
2026-01-06 15:00:00,6.666666666666667,3.9918904379520006,0.5987835656928001,0,0,5,0,1.3306301459840002,5,Typeb,Toyota,Food
2026-01-06 16:00:00,6.666666666666667,2.4751553330772507,0.3712732999615876,0,0,5,0,1.3306301459840002,5,Typeb,Toyota,Food
2026-01-06 17:00:00,6.666666666666667,2.189195681955307,0.32837935229329607,0,0,5,0,1.3306301459840002,5,Typeb,Toyota,Food
2026-01-06 18:00:00,0.0,0.0,0.0,1,1,5,100,1.3306301459840002,5,Typeb,Toyota,Food
2026-01-06 19:00:00,0.0,0.0,0.0,1,1,5,100,1.3306301459840002,5,Typeb,Toyota,Food
2026-01-06 20:00:00,0.0,0.0,0.0,1,1,5,100,1.3306301459840002,5,Typeb,Toyota,Food
2026-01-06 21:00:00,0.0,0.0,0.0,1,1,5,100,1.3306301459840002,5,Typeb,Toyota,Food
2026-01-06 22:00:00,0.0,0.0,0.0,1,1,5,100,1.3306301459840002,5,Typeb,Toyota,Food
2026-01-06 23:00:00,0.0,0.0,0.0,1,1,5,100,1.3306301459840002,5,Typeb,Toyota,Food
2026-01-07 00:00:00,0.0,0.0,0.0,1,1,5,100,1.3306301459840002,5,Typeb,Toyota,Food
2026-01-07 01:00:00,0.0,0.0,0.0,1,1,5,100,1.3306301459840002,5,Typeb,Toyota,Food
2026-01-07 02:00:00,0.0,0.0,0.0,1,1,5,100,1.3306301459840002,5,Typeb,Toyota,Food
2026-01-07 03:00:00,0.0,0.0,0.0,1,1,5,100,1.3306301459840002,5,Typeb,Toyota,Food
2026-01-07 04:00:00,0.0,0.0,0.0,1,1,5,100,1.3306301459840002,5,Typeb,Toyota,Food
2026-01-07 05:00:00,0.0,0.0,0.0,1,1,5,100,1.3306301459840002,5,Typeb,Toyota,Food
2026-01-07 06:00:00,8.30733620348979,3.71476335735018,0.44716660868855446,0,0,5,0,1.282756305344,5,Typeb,Toyota,Food
2026-01-07 07:00:00,8.30733620348979,3.658078771794765,0.4403431716484594,0,0,5,0,1.282756305344,5,Typeb,Toyota,Food
2026-01-07 08:00:00,8.30733620348979,3.3412507363671957,0.4022048289033475,0,0,5,0,1.282756305344,5,Typeb,Toyota,Food
2026-01-07 09:00:00,8.30733620348979,1.0656287895639016,0.12827563053440003,0,0,5,0,1.282756305344,5,Typeb,Toyota,Food
2026-01-07 10:00:00,8.30733620348979,1.832950076800318,0.22064233731509778,0,0,5,0,1.282756305344,5,Typeb,Toyota,Food
2026-01-07 11:00:00,8.30733620348979,1.0656287895639016,0.12827563053440003,0,0,5,0,1.282756305344,5,Typeb,Toyota,Food
2026-01-07 12:00:00,0.0,0.0,0.0,1,1,5,100,1.282756305344,5,Typeb,Toyota,Food
2026-01-07 13:00:00,0.0,0.0,0.0,1,1,5,100,1.282756305344,5,Typeb,Toyota,Food
2026-01-07 14:00:00,9.494098518274045,5.480376632042922,0.5772403374048001,0,0,5,0,1.282756305344,5,Typeb,Toyota,Food
2026-01-07 15:00:00,9.494098518274045,3.1766372838252113,0.33459072261688516,0,0,5,0,1.282756305344,5,Typeb,Toyota,Food
2026-01-07 16:00:00,9.494098518274045,1.7965925161134928,0.18923255458698354,0,0,5,0,1.282756305344,5,Typeb,Toyota,Food
2026-01-07 17:00:00,9.494098518274045,3.5209498029978747,0.3708566744089313,0,0,5,0,1.282756305344,5,Typeb,Toyota,Food
2026-01-07 18:00:00,9.494098518274045,1.9953409407988698,0.2101664457092244,0,0,5,0,1.282756305344,5,Typeb,Toyota,Food
2026-01-07 19:00:00,0.0,0.0,0.0,1,1,5,100,1.282756305344,5,Typeb,Toyota,Food
2026-01-07 20:00:00,0.0,0.0,0.0,1,1,5,100,1.282756305344,5,Typeb,Toyota,Food
2026-01-07 21:00:00,0.0,0.0,0.0,1,1,5,100,1.282756305344,5,Typeb,Toyota,Food
2026-01-07 22:00:00,0.0,0.0,0.0,1,1,5,100,1.282756305344,5,Typeb,Toyota,Food
2026-01-07 23:00:00,0.0,0.0,0.0,1,1,5,100,1.282756305344,5,Typeb,Toyota,Food
2026-01-08 00:00:00,0.0,0.0,0.0,1,1,5,100,1.282756305344,5,Typeb,Toyota,Food
2026-01-08 01:00:00,0.0,0.0,0.0,1,1,5,100,1.282756305344,5,Typeb,Toyota,Food
2026-01-08 02:00:00,0.0,0.0,0.0,1,1,5,100,1.282756305344,5,Typeb,Toyota,Food
2026-01-08 03:00:00,0.0,0.0,0.0,1,1,5,100,1.282756305344,5,Typeb,Toyota,Food
2026-01-08 04:00:00,0.0,0.0,0.0,1,1,5,100,1.282756305344,5,Typeb,Toyota,Food
2026-01-08 05:00:00,5.542508733073908,1.3130414284706207,0.23690380867336952,0,0,5,0,1.176585222144,5,Typeb,Toyota,Food
2026-01-08 06:00:00,5.542508733073908,2.9345552410224713,0.5294633499648,0,0,5,0,1.176585222144,5,Typeb,Toyota,Food
2026-01-08 07:00:00,5.542508733073908,2.2450037485883856,0.405051910011749,0,0,5,0,1.176585222144,5,Typeb,Toyota,Food
2026-01-08 08:00:00,5.542508733073908,0.6521233868938825,0.11765852221440001,0,0,5,0,1.176585222144,5,Typeb,Toyota,Food
2026-01-08 09:00:00,5.542508733073908,1.0200763818323841,0.18404596744165055,0,0,5,0,1.176585222144,5,Typeb,Toyota,Food
2026-01-08 10:00:00,5.542508733073908,0.6521233868938825,0.11765852221440001,0,0,5,0,1.176585222144,5,Typeb,Toyota,Food
2026-01-08 11:00:00,5.542508733073908,1.3017297747683958,0.23486291812235877,0,0,5,0,1.176585222144,5,Typeb,Toyota,Food
2026-01-08 12:00:00,0.0,0.0,0.0,1,1,5,100,1.176585222144,5,Typeb,Toyota,Food
2026-01-08 13:00:00,8.313763099610863,2.2131135120155117,0.26619877009955933,0,0,5,0,1.176585222144,5,Typeb,Toyota,Food
2026-01-08 14:00:00,8.313763099610863,2.0370736984621702,0.2450242656730883,0,0,5,0,1.176585222144,5,Typeb,Toyota,Food
2026-01-08 15:00:00,8.313763099610863,2.4059877311652587,0.2893981584918957,0,0,5,0,1.176585222144,5,Typeb,Toyota,Food
2026-01-08 16:00:00,8.313763099610863,4.401832861533707,0.5294633499648,0,0,5,0,1.176585222144,5,Typeb,Toyota,Food
2026-01-08 17:00:00,8.313763099610863,4.335817158543893,0.5215228178376693,0,0,5,0,1.176585222144,5,Typeb,Toyota,Food
2026-01-08 18:00:00,0.0,0.0,0.0,1,1,5,100,1.176585222144,5,Typeb,Toyota,Food
2026-01-08 19:00:00,0.0,0.0,0.0,1,1,5,100,1.176585222144,5,Typeb,Toyota,Food
2026-01-08 20:00:00,0.0,0.0,0.0,1,1,5,100,1.176585222144,5,Typeb,Toyota,Food
2026-01-08 21:00:00,0.0,0.0,0.0,1,1,5,100,1.176585222144,5,Typeb,Toyota,Food
2026-01-08 22:00:00,0.0,0.0,0.0,1,1,5,100,1.176585222144,5,Typeb,Toyota,Food
2026-01-08 23:00:00,0.0,0.0,0.0,1,1,5,100,1.176585222144,5,Typeb,Toyota,Food
2026-01-09 00:00:00,0.0,0.0,0.0,1,1,5,100,1.176585222144,5,Typeb,Toyota,Food
2026-01-09 01:00:00,0.0,0.0,0.0,1,1,5,100,1.176585222144,5,Typeb,Toyota,Food
2026-01-09 02:00:00,0.0,0.0,0.0,1,1,5,100,1.176585222144,5,Typeb,Toyota,Food
2026-01-09 03:00:00,0.0,0.0,0.0,1,1,5,100,1.176585222144,5,Typeb,Toyota,Food
2026-01-09 04:00:00,0.0,0.0,0.0,1,1,5,100,1.176585222144,5,Typeb,Toyota,Food
2026-01-09 05:00:00,0.0,0.0,0.0,1,1,5,100,1.176585222144,5,Typeb,Toyota,Food
2026-01-09 06:00:00,0.0,0.0,0.0,1,1,5,100,1.176585222144,5,Typeb,Toyota,Food
2026-01-09 07:00:00,0.0,0.0,0.0,1,1,5,100,1.176585222144,5,Typeb,Toyota,Food
2026-01-09 08:00:00,8.385893781161602,4.291934596338488,0.5118040734047999,0,0,5,0,1.137342385344,5,Typeb,Toyota,Food
2026-01-09 09:00:00,8.385893781161602,3.9118850520405717,0.46648397345890336,0,0,5,0,1.137342385344,5,Typeb,Toyota,Food
2026-01-09 10:00:00,8.385893781161602,2.896821889967132,0.345439850010343,0,0,5,0,1.137342385344,5,Typeb,Toyota,Food
2026-01-09 11:00:00,8.385893781161602,1.9283424125862612,0.22995073189671975,0,0,5,0,1.137342385344,5,Typeb,Toyota,Food
2026-01-09 12:00:00,8.385893781161602,1.9509827625234968,0.23265054547987005,0,0,5,0,1.137342385344,5,Typeb,Toyota,Food
2026-01-09 13:00:00,0.0,0.0,0.0,1,1,5,100,1.137342385344,5,Typeb,Toyota,Food
2026-01-09 14:00:00,5.78337502149076,1.692143994756844,0.29258763066010995,0,0,5,0,1.137342385344,5,Typeb,Toyota,Food
2026-01-09 15:00:00,5.78337502149076,0.6577677542281207,0.1137342385344,0,0,5,0,1.137342385344,5,Typeb,Toyota,Food
2026-01-09 16:00:00,5.78337502149076,1.4921058822865643,0.2579991573677941,0,0,5,0,1.137342385344,5,Typeb,Toyota,Food
2026-01-09 17:00:00,5.78337502149076,2.9507806916393804,0.5102177674237642,0,0,5,0,1.137342385344,5,Typeb,Toyota,Food
2026-01-09 18:00:00,5.78337502149076,1.766319001383887,0.3054131877701732,0,0,5,0,1.137342385344,5,Typeb,Toyota,Food
2026-01-09 19:00:00,5.78337502149076,2.808039392233823,0.4855364526421469,0,0,5,0,1.137342385344,5,Typeb,Toyota,Food
2026-01-09 20:00:00,5.78337502149076,1.6441980036970576,0.2842973173254877,0,0,5,0,1.137342385344,5,Typeb,Toyota,Food
2026-01-09 21:00:00,0.0,0.0,0.0,1,1,5,100,1.137342385344,5,Typeb,Toyota,Food
2026-01-09 22:00:00,0.0,0.0,0.0,1,1,5,100,1.137342385344,5,Typeb,Toyota,Food
2026-01-09 23:00:00,0.0,0.0,0.0,1,1,5,100,1.137342385344,5,Typeb,Toyota,Food
2026-01-10 00:00:00,0.0,0.0,0.0,1,1,5,100,1.137342385344,5,Typeb,Toyota,Food
2026-01-10 01:00:00,0.0,0.0,0.0,1,1,5,100,1.137342385344,5,Typeb,Toyota,Food
2026-01-10 02:00:00,0.0,0.0,0.0,1,1,5,100,1.137342385344,5,Typeb,Toyota,Food
2026-01-10 03:00:00,0.0,0.0,0.0,1,1,5,100,1.137342385344,5,Typeb,Toyota,Food
2026-01-10 04:00:00,0.0,0.0,0.0,1,1,5,100,1.137342385344,5,Typeb,Toyota,Food
2026-01-10 05:00:00,0.0,0.0,0.0,1,1,5,100,1.137342385344,5,Typeb,Toyota,Food
2026-01-10 06:00:00,0.0,0.0,0.0,1,1,5,100,1.137342385344,5,Typeb,Toyota,Food
2026-01-10 07:00:00,0.0,0.0,0.0,1,1,5,100,1.137342385344,5,Typeb,Toyota,Food
2026-01-10 08:00:00,0.0,0.0,0.0,1,1,5,100,1.137342385344,5,Typeb,Toyota,Food
2026-01-10 09:00:00,10.0,5.35324518,0.535324518,0,0,5,0,1.18961004,5,Typeb,Toyota,Food
2026-01-10 10:00:00,10.0,1.18961004,0.11896100400000001,0,0,5,0,1.18961004,5,Typeb,Toyota,Food
2026-01-10 11:00:00,10.0,5.35324518,0.535324518,0,0,5,0,1.18961004,5,Typeb,Toyota,Food
2026-01-10 12:00:00,0.0,0.0,0.0,1,1,5,100,1.18961004,5,Typeb,Toyota,Food
2026-01-10 13:00:00,4.137931034482759,1.444894943195835,0.3491829446056601,0,0,5,0,1.18961004,5,Typeb,Toyota,Food
2026-01-10 14:00:00,4.137931034482759,0.4922524303448277,0.11896100400000001,0,0,5,0,1.18961004,5,Typeb,Toyota,Food
2026-01-10 15:00:00,4.137931034482759,0.4922524303448277,0.11896100400000001,0,0,5,0,1.18961004,5,Typeb,Toyota,Food
2026-01-10 16:00:00,4.137931034482759,2.10065155945737,0.5076574602021977,0,0,5,0,1.18961004,5,Typeb,Toyota,Food
2026-01-10 17:00:00,4.137931034482759,0.4922524303448277,0.11896100400000001,0,0,5,0,1.18961004,5,Typeb,Toyota,Food
2026-01-10 18:00:00,4.137931034482759,1.8557027919743654,0.44846150806047164,0,0,5,0,1.18961004,5,Typeb,Toyota,Food
2026-01-10 19:00:00,4.137931034482759,1.9801804902637508,0.47854361848040644,0,0,5,0,1.18961004,5,Typeb,Toyota,Food
2026-01-10 20:00:00,0.0,0.0,0.0,1,1,5,100,1.18961004,5,Typeb,Toyota,Food
2026-01-10 21:00:00,0.0,0.0,0.0,1,1,5,100,1.18961004,5,Typeb,Toyota,Food
2026-01-10 22:00:00,0.0,0.0,0.0,1,1,5,100,1.18961004,5,Typeb,Toyota,Food
2026-01-10 23:00:00,0.0,0.0,0.0,1,1,5,100,1.18961004,5,Typeb,Toyota,Food
2026-01-11 00:00:00,0.0,0.0,0.0,1,1,5,100,1.18961004,5,Typeb,Toyota,Food
2026-01-11 01:00:00,0.0,0.0,0.0,1,1,5,100,1.18961004,5,Typeb,Toyota,Food
2026-01-11 02:00:00,0.0,0.0,0.0,1,1,5,100,1.18961004,5,Typeb,Toyota,Food
2026-01-11 03:00:00,0.0,0.0,0.0,1,1,5,100,1.18961004,5,Typeb,Toyota,Food
2026-01-11 04:00:00,0.0,0.0,0.0,1,1,5,100,1.18961004,5,Typeb,Toyota,Food
2026-01-11 05:00:00,0.0,0.0,0.0,1,1,5,100,1.18961004,5,Typeb,Toyota,Food
2026-01-11 06:00:00,0.0,0.0,0.0,1,1,5,100,1.18961004,5,Typeb,Toyota,Food
2026-01-11 07:00:00,0.0,0.0,0.0,1,1,5,100,1.18961004,5,Typeb,Toyota,Food
2026-01-11 08:00:00,0.0,0.0,0.0,1,1,5,100,1.18961004,5,Typeb,Toyota,Food
2026-01-11 09:00:00,9.23076923076923,1.4946071333688093,0.16191577278162103,0,0,5,0,1.122069513044,5,Typeb,Toyota,Food
2026-01-11 10:00:00,9.23076923076923,3.3100770636369377,0.35859168189400165,0,0,5,0,1.122069513044,5,Typeb,Toyota,Food
2026-01-11 11:00:00,9.23076923076923,2.6879663079625504,0.29119635002927635,0,0,5,0,1.122069513044,5,Typeb,Toyota,Food
2026-01-11 12:00:00,9.23076923076923,1.5638023129448189,0.16941191723568874,0,0,5,0,1.122069513044,5,Typeb,Toyota,Food
2026-01-11 13:00:00,5.217391304347826,2.210377303320587,0.42365564980311254,0,0,5,0,1.122069513044,5,Typeb,Toyota,Food
2026-01-11 14:00:00,5.217391304347826,0.7800345248969287,0.14950661727191134,0,0,5,0,1.122069513044,5,Typeb,Toyota,Food
2026-01-11 15:00:00,5.217391304347826,0.6709458709214201,0.1285979585932722,0,0,5,0,1.122069513044,5,Typeb,Toyota,Food
2026-01-11 16:00:00,5.217391304347826,0.8725255493529371,0.16723406362597962,0,0,5,0,1.122069513044,5,Typeb,Toyota,Food
2026-01-11 17:00:00,5.217391304347826,1.5694981940055808,0.30082048718440296,0,0,5,0,1.122069513044,5,Typeb,Toyota,Food
2026-01-11 18:00:00,5.217391304347826,2.6344240741033045,0.5049312808698,0,0,5,0,1.122069513044,5,Typeb,Toyota,Food
2026-01-11 19:00:00,0.0,0.0,0.0,1,1,5,100,1.122069513044,5,Typeb,Toyota,Food
2026-01-11 20:00:00,0.0,0.0,0.0,1,1,5,100,1.122069513044,5,Typeb,Toyota,Food
2026-01-11 21:00:00,0.0,0.0,0.0,1,1,5,100,1.122069513044,5,Typeb,Toyota,Food
2026-01-11 22:00:00,0.0,0.0,0.0,1,1,5,100,1.122069513044,5,Typeb,Toyota,Food
2026-01-11 23:00:00,0.0,0.0,0.0,1,1,5,100,1.122069513044,5,Typeb,Toyota,Food
2026-01-12 00:00:00,0.0,0.0,0.0,1,1,5,100,1.122069513044,5,Typeb,Toyota,Food
2026-01-12 01:00:00,0.0,0.0,0.0,1,1,5,100,1.122069513044,5,Typeb,Toyota,Food
2026-01-12 02:00:00,0.0,0.0,0.0,1,1,5,100,1.122069513044,5,Typeb,Toyota,Food
2026-01-12 03:00:00,0.0,0.0,0.0,1,1,5,100,1.122069513044,5,Typeb,Toyota,Food
2026-01-12 04:00:00,0.0,0.0,0.0,1,1,5,100,1.122069513044,5,Typeb,Toyota,Food
2026-01-12 05:00:00,0.0,0.0,0.0,1,1,5,100,1.122069513044,5,Typeb,Toyota,Food
2026-01-12 06:00:00,5.8593435206545275,0.8964843184867353,0.15300081234810278,0,0,5,0,1.119889326784,5,Typeb,Toyota,Food
2026-01-12 07:00:00,5.8593435206545275,0.6561816270741991,0.1119889326784,0,0,5,0,1.119889326784,5,Typeb,Toyota,Food
2026-01-12 08:00:00,5.8593435206545275,2.0956581058049966,0.3576609049149755,0,0,5,0,1.119889326784,5,Typeb,Toyota,Food
2026-01-12 09:00:00,5.8593435206545275,0.953123606684267,0.16266730280012612,0,0,5,0,1.119889326784,5,Typeb,Toyota,Food
2026-01-12 10:00:00,5.8593435206545275,2.4863354987679673,0.4243368715289503,0,0,5,0,1.119889326784,5,Typeb,Toyota,Food
2026-01-12 11:00:00,5.8593435206545275,2.2215269062050433,0.37914262892660777,0,0,5,0,1.119889326784,5,Typeb,Toyota,Food
2026-01-12 12:00:00,0.0,0.0,0.0,1,1,5,100,1.119889326784,5,Typeb,Toyota,Food
2026-01-12 13:00:00,4.8491118791623675,2.4437108870349484,0.5039501970528,0,0,5,0,1.119889326784,5,Typeb,Toyota,Food
2026-01-12 14:00:00,4.8491118791623675,0.5430468637855441,0.1119889326784,0,0,5,0,1.119889326784,5,Typeb,Toyota,Food
2026-01-12 15:00:00,4.8491118791623675,1.9171818177711648,0.39536761896744227,0,0,5,0,1.119889326784,5,Typeb,Toyota,Food
2026-01-12 16:00:00,4.8491118791623675,1.7351534359052323,0.357829119876888,0,0,5,0,1.119889326784,5,Typeb,Toyota,Food
2026-01-12 17:00:00,4.8491118791623675,1.648566255406554,0.33997282316598687,0,0,5,0,1.119889326784,5,Typeb,Toyota,Food
2026-01-12 18:00:00,4.8491118791623675,0.8008189281905167,0.16514754622012343,0,0,5,0,1.119889326784,5,Typeb,Toyota,Food
2026-01-12 19:00:00,4.8491118791623675,1.138940392944718,0.234876080677573,0,0,5,0,1.119889326784,5,Typeb,Toyota,Food
2026-01-12 20:00:00,0.0,0.0,0.0,1,1,5,100,1.119889326784,5,Typeb,Toyota,Food
2026-01-12 21:00:00,0.0,0.0,0.0,1,1,5,100,1.119889326784,5,Typeb,Toyota,Food
2026-01-12 22:00:00,0.0,0.0,0.0,1,1,5,100,1.119889326784,5,Typeb,Toyota,Food
2026-01-12 23:00:00,0.0,0.0,0.0,1,1,5,100,1.119889326784,5,Typeb,Toyota,Food
2026-01-13 00:00:00,0.0,0.0,0.0,1,1,5,100,1.119889326784,5,Typeb,Toyota,Food
2026-01-13 01:00:00,0.0,0.0,0.0,1,1,5,100,1.119889326784,5,Typeb,Toyota,Food
2026-01-13 02:00:00,0.0,0.0,0.0,1,1,5,100,1.119889326784,5,Typeb,Toyota,Food
2026-01-13 03:00:00,0.0,0.0,0.0,1,1,5,100,1.119889326784,5,Typeb,Toyota,Food
2026-01-13 04:00:00,0.0,0.0,0.0,1,1,5,100,1.119889326784,5,Typeb,Toyota,Food
2026-01-13 05:00:00,0.0,0.0,0.0,1,1,5,100,1.119889326784,5,Typeb,Toyota,Food
2026-01-13 06:00:00,4.615384615384615,1.2063370388512964,0.2613730250844476,0,0,5,0,1.12425024,5,Typeb,Toyota,Food
2026-01-13 07:00:00,4.615384615384615,2.3349812676923074,0.505912608,0,0,5,0,1.12425024,5,Typeb,Toyota,Food
2026-01-13 08:00:00,4.615384615384615,2.161136099457747,0.46824615488251187,0,0,5,0,1.12425024,5,Typeb,Toyota,Food
2026-01-13 09:00:00,4.615384615384615,1.5393592372279454,0.3335278347327215,0,0,5,0,1.12425024,5,Typeb,Toyota,Food
2026-01-13 10:00:00,4.615384615384615,2.3349812676923074,0.505912608,0,0,5,0,1.12425024,5,Typeb,Toyota,Food
2026-01-13 11:00:00,4.615384615384615,0.5188847261538462,0.11242502400000001,0,0,5,0,1.12425024,5,Typeb,Toyota,Food
2026-01-13 12:00:00,0.0,0.0,0.0,1,1,5,100,1.12425024,5,Typeb,Toyota,Food
2026-01-13 13:00:00,4.137931034482759,0.6178508701185068,0.14931396027863914,0,0,5,0,1.12425024,5,Typeb,Toyota,Food
2026-01-13 14:00:00,4.137931034482759,1.023534458154326,0.24735416072062877,0,0,5,0,1.12425024,5,Typeb,Toyota,Food
2026-01-13 15:00:00,4.137931034482759,1.513237524667131,0.36569906846122335,0,0,5,0,1.12425024,5,Typeb,Toyota,Food
2026-01-13 16:00:00,4.137931034482759,0.821704532687003,0.19857859539935907,0,0,5,0,1.12425024,5,Typeb,Toyota,Food
2026-01-13 17:00:00,4.137931034482759,0.9528124994334628,0.23026302069642016,0,0,5,0,1.12425024,5,Typeb,Toyota,Food
2026-01-13 18:00:00,4.137931034482759,1.3235601415381923,0.3198603675383965,0,0,5,0,1.12425024,5,Typeb,Toyota,Food
2026-01-13 19:00:00,4.137931034482759,1.8091688605712268,0.4372158079713798,0,0,5,0,1.12425024,5,Typeb,Toyota,Food
2026-01-13 20:00:00,0.0,0.0,0.0,1,1,5,100,1.12425024,5,Typeb,Toyota,Food
2026-01-13 21:00:00,0.0,0.0,0.0,1,1,5,100,1.12425024,5,Typeb,Toyota,Food
2026-01-13 22:00:00,0.0,0.0,0.0,1,1,5,100,1.12425024,5,Typeb,Toyota,Food
2026-01-13 23:00:00,0.0,0.0,0.0,1,1,5,100,1.12425024,5,Typeb,Toyota,Food
2026-01-14 00:00:00,0.0,0.0,0.0,1,1,5,100,1.12425024,5,Typeb,Toyota,Food
2026-01-14 01:00:00,0.0,0.0,0.0,1,1,5,100,1.12425024,5,Typeb,Toyota,Food
2026-01-14 02:00:00,0.0,0.0,0.0,1,1,5,100,1.12425024,5,Typeb,Toyota,Food
2026-01-14 03:00:00,0.0,0.0,0.0,1,1,5,100,1.12425024,5,Typeb,Toyota,Food
2026-01-14 04:00:00,0.0,0.0,0.0,1,1,5,100,1.12425024,5,Typeb,Toyota,Food
2026-01-14 05:00:00,0.0,0.0,0.0,1,1,5,100,1.12425024,5,Typeb,Toyota,Food
2026-01-14 06:00:00,7.283975071892782,3.613680187823248,0.4961137500000001,0,0,5,0,1.102475,5,Typeb,Toyota,Food
2026-01-14 07:00:00,7.283975071892782,3.491453656579749,0.4793335537421705,0,0,5,0,1.102475,5,Typeb,Toyota,Food
2026-01-14 08:00:00,7.283975071892782,3.613680187823248,0.4961137500000001,0,0,5,0,1.102475,5,Typeb,Toyota,Food
2026-01-14 09:00:00,7.283975071892782,3.2219268011112856,0.44233083849284094,0,0,5,0,1.102475,5,Typeb,Toyota,Food
2026-01-14 10:00:00,7.283975071892782,0.8030400417384996,0.11024750000000001,0,0,5,0,1.102475,5,Typeb,Toyota,Food
2026-01-14 11:00:00,7.283975071892782,2.810161483502569,0.3858005355271394,0,0,5,0,1.102475,5,Typeb,Toyota,Food
2026-01-14 12:00:00,7.283975071892782,0.8030400417384996,0.11024750000000001,0,0,5,0,1.102475,5,Typeb,Toyota,Food
2026-01-14 13:00:00,0.0,0.0,0.0,1,1,5,100,1.102475,5,Typeb,Toyota,Food
2026-01-14 14:00:00,7.283975071892782,1.2660718565640274,0.17381606115725373,0,0,5,0,1.102475,5,Typeb,Toyota,Food
2026-01-14 15:00:00,7.283975071892782,1.702467080324776,0.23372774666599455,0,0,5,0,1.102475,5,Typeb,Toyota,Food
2026-01-14 16:00:00,7.283975071892782,1.9112523085689572,0.26239138515781707,0,0,5,0,1.102475,5,Typeb,Toyota,Food
2026-01-14 17:00:00,7.283975071892782,3.559532082430342,0.4886798825226316,0,0,5,0,1.102475,5,Typeb,Toyota,Food
2026-01-14 18:00:00,7.283975071892782,0.8030400417384996,0.11024750000000001,0,0,5,0,1.102475,5,Typeb,Toyota,Food
2026-01-14 19:00:00,7.283975071892782,3.396182838935358,0.4662540447235277,0,0,5,0,1.102475,5,Typeb,Toyota,Food
2026-01-14 20:00:00,0.0,0.0,0.0,1,1,5,100,1.102475,5,Typeb,Toyota,Food
2026-01-14 21:00:00,0.0,0.0,0.0,1,1,5,100,1.102475,5,Typeb,Toyota,Food
2026-01-14 22:00:00,0.0,0.0,0.0,1,1,5,100,1.102475,5,Typeb,Toyota,Food
2026-01-14 23:00:00,0.0,0.0,0.0,1,1,5,100,1.102475,5,Typeb,Toyota,Food
2026-01-01 00:00:00,0.0,0.0,0.0,1,1,6,100,1.0,6,Typeb,Toyota,Food
2026-01-01 01:00:00,0.0,0.0,0.0,1,1,6,100,1.0,6,Typeb,Toyota,Food
2026-01-01 02:00:00,0.0,0.0,0.0,1,1,6,100,1.0,6,Typeb,Toyota,Food
2026-01-01 03:00:00,0.0,0.0,0.0,1,1,6,100,1.0,6,Typeb,Toyota,Food
2026-01-01 04:00:00,0.0,0.0,0.0,1,1,6,100,1.0,6,Typeb,Toyota,Food
2026-01-01 05:00:00,0.0,0.0,0.0,1,1,6,100,1.0,6,Typeb,Toyota,Food
2026-01-01 06:00:00,5.832514247060783,0.6608106118237435,0.11329772784640002,0,0,6,0,1.1329772784640002,6,Typeb,Toyota,Food
2026-01-01 07:00:00,5.832514247060783,2.283550473292939,0.39152077072828473,0,0,6,0,1.1329772784640002,6,Typeb,Toyota,Food
2026-01-01 08:00:00,5.832514247060783,2.837939992878039,0.486572320729123,0,0,6,0,1.1329772784640002,6,Typeb,Toyota,Food
2026-01-01 09:00:00,5.832514247060783,1.4681524237295476,0.25171861765608256,0,0,6,0,1.1329772784640002,6,Typeb,Toyota,Food
2026-01-01 10:00:00,5.832514247060783,0.6608106118237435,0.11329772784640002,0,0,6,0,1.1329772784640002,6,Typeb,Toyota,Food
2026-01-01 11:00:00,5.832514247060783,2.303193265861932,0.3948885794874132,0,0,6,0,1.1329772784640002,6,Typeb,Toyota,Food
2026-01-01 12:00:00,0.0,0.0,0.0,1,1,6,100,1.1329772784640002,6,Typeb,Toyota,Food
2026-01-01 13:00:00,5.3659131072959205,1.7550425000734389,0.3270724786219784,0,0,6,0,1.1329772784640002,6,Typeb,Toyota,Food
2026-01-01 14:00:00,5.3659131072959205,1.6881165655253376,0.31460005627561144,0,0,6,0,1.1329772784640002,6,Typeb,Toyota,Food
2026-01-01 15:00:00,5.3659131072959205,2.422863820957999,0.4515287095617857,0,0,6,0,1.1329772784640002,6,Typeb,Toyota,Food
2026-01-01 16:00:00,5.3659131072959205,2.7357559329502976,0.5098397753088001,0,0,6,0,1.1329772784640002,6,Typeb,Toyota,Food
2026-01-01 17:00:00,5.3659131072959205,0.6695640313676308,0.12478100520435907,0,0,6,0,1.1329772784640002,6,Typeb,Toyota,Food
2026-01-01 18:00:00,5.3659131072959205,0.6886738009476735,0.12834233189711888,0,0,6,0,1.1329772784640002,6,Typeb,Toyota,Food
2026-01-01 19:00:00,0.0,0.0,0.0,1,1,6,100,1.1329772784640002,6,Typeb,Toyota,Food
2026-01-01 20:00:00,0.0,0.0,0.0,1,1,6,100,1.1329772784640002,6,Typeb,Toyota,Food
2026-01-01 21:00:00,0.0,0.0,0.0,1,1,6,100,1.1329772784640002,6,Typeb,Toyota,Food
2026-01-01 22:00:00,0.0,0.0,0.0,1,1,6,100,1.1329772784640002,6,Typeb,Toyota,Food
2026-01-01 23:00:00,0.0,0.0,0.0,1,1,6,100,1.1329772784640002,6,Typeb,Toyota,Food
2026-01-02 00:00:00,0.0,0.0,0.0,1,1,6,100,1.1329772784640002,6,Typeb,Toyota,Food
2026-01-02 01:00:00,0.0,0.0,0.0,1,1,6,100,1.1329772784640002,6,Typeb,Toyota,Food
2026-01-02 02:00:00,0.0,0.0,0.0,1,1,6,100,1.1329772784640002,6,Typeb,Toyota,Food
2026-01-02 03:00:00,0.0,0.0,0.0,1,1,6,100,1.1329772784640002,6,Typeb,Toyota,Food
2026-01-02 04:00:00,0.0,0.0,0.0,1,1,6,100,1.1329772784640002,6,Typeb,Toyota,Food
2026-01-02 05:00:00,0.0,0.0,0.0,1,1,6,100,1.1329772784640002,6,Typeb,Toyota,Food
2026-01-02 06:00:00,0.0,0.0,0.0,1,1,6,100,1.1329772784640002,6,Typeb,Toyota,Food
2026-01-02 07:00:00,5.454545454545454,0.67232184,0.123259004,0,0,6,0,1.23259004,6,Typeb,Toyota,Food
2026-01-02 08:00:00,5.454545454545454,0.67232184,0.123259004,0,0,6,0,1.23259004,6,Typeb,Toyota,Food
2026-01-02 09:00:00,5.454545454545454,1.0830890493631096,0.1985663257165701,0,0,6,0,1.23259004,6,Typeb,Toyota,Food
2026-01-02 10:00:00,5.454545454545454,1.8303369586430744,0.3355617757512303,0,0,6,0,1.23259004,6,Typeb,Toyota,Food
2026-01-02 11:00:00,5.454545454545454,1.6799366994624596,0.30798839490145097,0,0,6,0,1.23259004,6,Typeb,Toyota,Food
2026-01-02 12:00:00,0.0,0.0,0.0,1,1,6,100,1.23259004,6,Typeb,Toyota,Food
2026-01-02 13:00:00,0.0,0.0,0.0,1,1,6,100,1.23259004,6,Typeb,Toyota,Food
2026-01-02 14:00:00,6.315789473684211,1.6537931997240534,0.26185058995630844,0,0,6,0,1.23259004,6,Typeb,Toyota,Food
2026-01-02 15:00:00,6.315789473684211,0.7784779200000002,0.123259004,0,0,6,0,1.23259004,6,Typeb,Toyota,Food
2026-01-02 16:00:00,6.315789473684211,3.3896410306020766,0.5366931631786621,0,0,6,0,1.23259004,6,Typeb,Toyota,Food
2026-01-02 17:00:00,6.315789473684211,0.7784779200000002,0.123259004,0,0,6,0,1.23259004,6,Typeb,Toyota,Food
2026-01-02 18:00:00,6.315789473684211,0.7784779200000002,0.123259004,0,0,6,0,1.23259004,6,Typeb,Toyota,Food
2026-01-02 19:00:00,0.0,0.0,0.0,1,1,6,100,1.23259004,6,Typeb,Toyota,Food
2026-01-02 20:00:00,0.0,0.0,0.0,1,1,6,100,1.23259004,6,Typeb,Toyota,Food
2026-01-02 21:00:00,0.0,0.0,0.0,1,1,6,100,1.23259004,6,Typeb,Toyota,Food
2026-01-02 22:00:00,0.0,0.0,0.0,1,1,6,100,1.23259004,6,Typeb,Toyota,Food
2026-01-02 23:00:00,0.0,0.0,0.0,1,1,6,100,1.23259004,6,Typeb,Toyota,Food
2026-01-03 00:00:00,0.0,0.0,0.0,1,1,6,100,1.23259004,6,Typeb,Toyota,Food
2026-01-03 01:00:00,0.0,0.0,0.0,1,1,6,100,1.23259004,6,Typeb,Toyota,Food
2026-01-03 02:00:00,0.0,0.0,0.0,1,1,6,100,1.23259004,6,Typeb,Toyota,Food
2026-01-03 03:00:00,0.0,0.0,0.0,1,1,6,100,1.23259004,6,Typeb,Toyota,Food
2026-01-03 04:00:00,0.0,0.0,0.0,1,1,6,100,1.23259004,6,Typeb,Toyota,Food
2026-01-03 05:00:00,0.0,0.0,0.0,1,1,6,100,1.23259004,6,Typeb,Toyota,Food
2026-01-03 06:00:00,0.0,0.0,0.0,1,1,6,100,1.23259004,6,Typeb,Toyota,Food
2026-01-03 07:00:00,0.0,0.0,0.0,1,1,6,100,1.23259004,6,Typeb,Toyota,Food
2026-01-03 08:00:00,0.0,0.0,0.0,1,1,6,100,1.23259004,6,Typeb,Toyota,Food
2026-01-03 09:00:00,9.23076923076923,3.148241182889354,0.34105946147968,0,0,6,0,1.209049010004,6,Typeb,Toyota,Food
2026-01-03 10:00:00,9.23076923076923,4.508309087798685,0.48840015117819097,0,0,6,0,1.209049010004,6,Typeb,Toyota,Food
2026-01-03 11:00:00,9.23076923076923,4.540885656249825,0.4919292794270645,0,0,6,0,1.209049010004,6,Typeb,Toyota,Food
2026-01-03 12:00:00,0.0,0.0,0.0,1,1,6,100,1.209049010004,6,Typeb,Toyota,Food
2026-01-03 13:00:00,4.615384615384615,2.4103604720141445,0.522244768936398,0,0,6,0,1.209049010004,6,Typeb,Toyota,Food
2026-01-03 14:00:00,4.615384615384615,0.6063769392576447,0.1313816701724897,0,0,6,0,1.209049010004,6,Typeb,Toyota,Food
2026-01-03 15:00:00,4.615384615384615,0.5580226200018461,0.1209049010004,0,0,6,0,1.209049010004,6,Typeb,Toyota,Food
2026-01-03 16:00:00,4.615384615384615,1.1600584754445997,0.25134600301299664,0,0,6,0,1.209049010004,6,Typeb,Toyota,Food
2026-01-03 17:00:00,4.615384615384615,1.9465759799114772,0.4217581289808201,0,0,6,0,1.209049010004,6,Typeb,Toyota,Food
2026-01-03 18:00:00,4.615384615384615,1.476859788660035,0.3199862875430076,0,0,6,0,1.209049010004,6,Typeb,Toyota,Food
2026-01-03 19:00:00,4.615384615384615,2.120158149545857,0.45936759906826913,0,0,6,0,1.209049010004,6,Typeb,Toyota,Food
2026-01-03 20:00:00,0.0,0.0,0.0,1,1,6,100,1.209049010004,6,Typeb,Toyota,Food
2026-01-03 21:00:00,0.0,0.0,0.0,1,1,6,100,1.209049010004,6,Typeb,Toyota,Food
2026-01-03 22:00:00,0.0,0.0,0.0,1,1,6,100,1.209049010004,6,Typeb,Toyota,Food
2026-01-03 23:00:00,0.0,0.0,0.0,1,1,6,100,1.209049010004,6,Typeb,Toyota,Food
2026-01-04 00:00:00,0.0,0.0,0.0,1,1,6,100,1.209049010004,6,Typeb,Toyota,Food
2026-01-04 01:00:00,0.0,0.0,0.0,1,1,6,100,1.209049010004,6,Typeb,Toyota,Food
2026-01-04 02:00:00,0.0,0.0,0.0,1,1,6,100,1.209049010004,6,Typeb,Toyota,Food
2026-01-04 03:00:00,0.0,0.0,0.0,1,1,6,100,1.209049010004,6,Typeb,Toyota,Food
2026-01-04 04:00:00,0.0,0.0,0.0,1,1,6,100,1.209049010004,6,Typeb,Toyota,Food
2026-01-04 05:00:00,0.0,0.0,0.0,1,1,6,100,1.209049010004,6,Typeb,Toyota,Food
2026-01-04 06:00:00,0.0,0.0,0.0,1,1,6,100,1.209049010004,6,Typeb,Toyota,Food
2026-01-04 07:00:00,0.0,0.0,0.0,1,1,6,100,1.209049010004,6,Typeb,Toyota,Food
2026-01-04 08:00:00,0.0,0.0,0.0,1,1,6,100,1.209049010004,6,Typeb,Toyota,Food
2026-01-04 09:00:00,0.0,0.0,0.0,1,1,6,100,1.209049010004,6,Typeb,Toyota,Food
2026-01-04 10:00:00,0.0,0.0,0.0,1,1,6,100,1.209049010004,6,Typeb,Toyota,Food
2026-01-04 11:00:00,30.0,11.403411421718216,0.3801137140572738,0,0,6,0,1.3050301525,6,Typeb,Toyota,Food
2026-01-04 12:00:00,0.0,0.0,0.0,1,1,6,100,1.3050301525,6,Typeb,Toyota,Food
2026-01-04 13:00:00,4.444444444444445,1.1420656576838575,0.25696477297886794,0,0,6,0,1.3050301525,6,Typeb,Toyota,Food
2026-01-04 14:00:00,4.444444444444445,2.2967996147842373,0.5167799133264533,0,0,6,0,1.3050301525,6,Typeb,Toyota,Food
2026-01-04 15:00:00,4.444444444444445,1.3180568954761256,0.2965628014821282,0,0,6,0,1.3050301525,6,Typeb,Toyota,Food
2026-01-04 16:00:00,4.444444444444445,0.5800134011111112,0.13050301525000002,0,0,6,0,1.3050301525,6,Typeb,Toyota,Food
2026-01-04 17:00:00,4.444444444444445,0.8559323654128683,0.19258478221789535,0,0,6,0,1.3050301525,6,Typeb,Toyota,Food
2026-01-04 18:00:00,4.444444444444445,2.610060305,0.5872635686250001,0,0,6,0,1.3050301525,6,Typeb,Toyota,Food
2026-01-04 19:00:00,4.444444444444445,2.610060305,0.5872635686250001,0,0,6,0,1.3050301525,6,Typeb,Toyota,Food
2026-01-04 20:00:00,0.0,0.0,0.0,1,1,6,100,1.3050301525,6,Typeb,Toyota,Food
2026-01-04 21:00:00,0.0,0.0,0.0,1,1,6,100,1.3050301525,6,Typeb,Toyota,Food
2026-01-04 22:00:00,0.0,0.0,0.0,1,1,6,100,1.3050301525,6,Typeb,Toyota,Food
2026-01-04 23:00:00,0.0,0.0,0.0,1,1,6,100,1.3050301525,6,Typeb,Toyota,Food
2026-01-05 00:00:00,0.0,0.0,0.0,1,1,6,100,1.3050301525,6,Typeb,Toyota,Food
2026-01-05 01:00:00,0.0,0.0,0.0,1,1,6,100,1.3050301525,6,Typeb,Toyota,Food
2026-01-05 02:00:00,0.0,0.0,0.0,1,1,6,100,1.3050301525,6,Typeb,Toyota,Food
2026-01-05 03:00:00,0.0,0.0,0.0,1,1,6,100,1.3050301525,6,Typeb,Toyota,Food
2026-01-05 04:00:00,0.0,0.0,0.0,1,1,6,100,1.3050301525,6,Typeb,Toyota,Food
2026-01-05 05:00:00,0.0,0.0,0.0,1,1,6,100,1.3050301525,6,Typeb,Toyota,Food
2026-01-05 06:00:00,0.0,0.0,0.0,1,1,6,100,1.3050301525,6,Typeb,Toyota,Food
2026-01-05 07:00:00,0.0,0.0,0.0,1,1,6,100,1.3050301525,6,Typeb,Toyota,Food
2026-01-05 08:00:00,10.306063787713375,2.9638458210509775,0.2875827165541512,0,0,6,0,1.226197579604,6,Typeb,Toyota,Food
2026-01-05 09:00:00,10.306063787713375,1.2637270471738575,0.12261975796040002,0,0,6,0,1.226197579604,6,Typeb,Toyota,Food
2026-01-05 10:00:00,10.306063787713375,2.284283001188528,0.22164456268083566,0,0,6,0,1.226197579604,6,Typeb,Toyota,Food
2026-01-05 11:00:00,10.306063787713375,5.686771712282359,0.5517889108218,0,0,6,0,1.226197579604,6,Typeb,Toyota,Food
2026-01-05 12:00:00,0.0,0.0,0.0,1,1,6,100,1.226197579604,6,Typeb,Toyota,Food
2026-01-05 13:00:00,9.790760598327706,4.821836622188479,0.4924884613164849,0,0,6,0,1.226197579604,6,Typeb,Toyota,Food
2026-01-05 14:00:00,9.790760598327706,3.8279504871565218,0.39097580302498136,0,0,6,0,1.226197579604,6,Typeb,Toyota,Food
2026-01-05 15:00:00,9.790760598327706,3.0465904058442974,0.3111699418291021,0,0,6,0,1.226197579604,6,Typeb,Toyota,Food
2026-01-05 16:00:00,9.790760598327706,5.119334942728483,0.5228740802428447,0,0,6,0,1.226197579604,6,Typeb,Toyota,Food
2026-01-05 17:00:00,9.790760598327706,4.296620286934568,0.4388443822912435,0,0,6,0,1.226197579604,6,Typeb,Toyota,Food
2026-01-05 18:00:00,0.0,0.0,0.0,1,1,6,100,1.226197579604,6,Typeb,Toyota,Food
2026-01-05 19:00:00,0.0,0.0,0.0,1,1,6,100,1.226197579604,6,Typeb,Toyota,Food
2026-01-05 20:00:00,0.0,0.0,0.0,1,1,6,100,1.226197579604,6,Typeb,Toyota,Food
2026-01-05 21:00:00,0.0,0.0,0.0,1,1,6,100,1.226197579604,6,Typeb,Toyota,Food
2026-01-05 22:00:00,0.0,0.0,0.0,1,1,6,100,1.226197579604,6,Typeb,Toyota,Food
2026-01-05 23:00:00,0.0,0.0,0.0,1,1,6,100,1.226197579604,6,Typeb,Toyota,Food
2026-01-06 00:00:00,0.0,0.0,0.0,1,1,6,100,1.226197579604,6,Typeb,Toyota,Food
2026-01-06 01:00:00,0.0,0.0,0.0,1,1,6,100,1.226197579604,6,Typeb,Toyota,Food
2026-01-06 02:00:00,0.0,0.0,0.0,1,1,6,100,1.226197579604,6,Typeb,Toyota,Food
2026-01-06 03:00:00,0.0,0.0,0.0,1,1,6,100,1.226197579604,6,Typeb,Toyota,Food
2026-01-06 04:00:00,0.0,0.0,0.0,1,1,6,100,1.226197579604,6,Typeb,Toyota,Food
2026-01-06 05:00:00,6.03308806861206,1.2662016418323,0.20987620724780762,0,0,6,0,1.3306301459840002,6,Typeb,Toyota,Food
2026-01-06 06:00:00,6.03308806861206,1.7878585749644387,0.29634219733439826,0,0,6,0,1.3306301459840002,6,Typeb,Toyota,Food
2026-01-06 07:00:00,6.03308806861206,2.529353408687299,0.4192468898053379,0,0,6,0,1.3306301459840002,6,Typeb,Toyota,Food
2026-01-06 08:00:00,6.03308806861206,2.6230826923894015,0.43478276175617864,0,0,6,0,1.3306301459840002,6,Typeb,Toyota,Food
2026-01-06 09:00:00,6.03308806861206,2.2356263428413574,0.37056086657718457,0,0,6,0,1.3306301459840002,6,Typeb,Toyota,Food
2026-01-06 10:00:00,6.03308806861206,2.026601855155186,0.33591451543677114,0,0,6,0,1.3306301459840002,6,Typeb,Toyota,Food
2026-01-06 11:00:00,6.03308806861206,2.486393792143152,0.4121262219059829,0,0,6,0,1.3306301459840002,6,Typeb,Toyota,Food
2026-01-06 12:00:00,0.0,0.0,0.0,1,1,6,100,1.3306301459840002,6,Typeb,Toyota,Food
2026-01-06 13:00:00,6.9983821595899895,2.4445872037614693,0.34930747535866047,0,0,6,0,1.3306301459840002,6,Typeb,Toyota,Food
2026-01-06 14:00:00,6.9983821595899895,3.2384759507617353,0.46274637150587755,0,0,6,0,1.3306301459840002,6,Typeb,Toyota,Food
2026-01-06 15:00:00,6.9983821595899895,0.931225827466705,0.13306301459840003,0,0,6,0,1.3306301459840002,6,Typeb,Toyota,Food
2026-01-06 16:00:00,6.9983821595899895,4.190516223600173,0.5987835656928001,0,0,6,0,1.3306301459840002,6,Typeb,Toyota,Food
2026-01-06 17:00:00,6.9983821595899895,1.40687251273451,0.20102824919422999,0,0,6,0,1.3306301459840002,6,Typeb,Toyota,Food
2026-01-06 18:00:00,6.9983821595899895,2.9015404440869035,0.4146016004728862,0,0,6,0,1.3306301459840002,6,Typeb,Toyota,Food
2026-01-06 19:00:00,0.0,0.0,0.0,1,1,6,100,1.3306301459840002,6,Typeb,Toyota,Food
2026-01-06 20:00:00,0.0,0.0,0.0,1,1,6,100,1.3306301459840002,6,Typeb,Toyota,Food
2026-01-06 21:00:00,0.0,0.0,0.0,1,1,6,100,1.3306301459840002,6,Typeb,Toyota,Food
2026-01-06 22:00:00,0.0,0.0,0.0,1,1,6,100,1.3306301459840002,6,Typeb,Toyota,Food
2026-01-06 23:00:00,0.0,0.0,0.0,1,1,6,100,1.3306301459840002,6,Typeb,Toyota,Food
2026-01-07 00:00:00,0.0,0.0,0.0,1,1,6,100,1.3306301459840002,6,Typeb,Toyota,Food
2026-01-07 01:00:00,0.0,0.0,0.0,1,1,6,100,1.3306301459840002,6,Typeb,Toyota,Food
2026-01-07 02:00:00,0.0,0.0,0.0,1,1,6,100,1.3306301459840002,6,Typeb,Toyota,Food
2026-01-07 03:00:00,0.0,0.0,0.0,1,1,6,100,1.3306301459840002,6,Typeb,Toyota,Food
2026-01-07 04:00:00,0.0,0.0,0.0,1,1,6,100,1.3306301459840002,6,Typeb,Toyota,Food
2026-01-07 05:00:00,7.39636412511667,1.8164312354712913,0.24558434451638614,0,0,6,0,1.282756305344,6,Typeb,Toyota,Food
2026-01-07 06:00:00,7.39636412511667,0.9487732718113567,0.12827563053440003,0,0,6,0,1.282756305344,6,Typeb,Toyota,Food
2026-01-07 07:00:00,7.39636412511667,1.3891017841765283,0.18780873422110173,0,0,6,0,1.282756305344,6,Typeb,Toyota,Food
2026-01-07 08:00:00,7.39636412511667,2.292529193876322,0.30995353326255554,0,0,6,0,1.282756305344,6,Typeb,Toyota,Food
2026-01-07 09:00:00,7.39636412511667,2.9093465279880624,0.39334820173447993,0,0,6,0,1.282756305344,6,Typeb,Toyota,Food
2026-01-07 10:00:00,7.39636412511667,4.269479723151106,0.5772403374048001,0,0,6,0,1.282756305344,6,Typeb,Toyota,Food
2026-01-07 11:00:00,7.39636412511667,1.717277187406447,0.23217856210930646,0,0,6,0,1.282756305344,6,Typeb,Toyota,Food
2026-01-07 12:00:00,7.39636412511667,1.3620268250672511,0.18414815739561316,0,0,6,0,1.282756305344,6,Typeb,Toyota,Food
2026-01-07 13:00:00,8.937273317849309,5.158954665474252,0.5772403374048001,0,0,6,0,1.282756305344,6,Typeb,Toyota,Food
2026-01-07 14:00:00,8.937273317849309,3.411566375555458,0.38172340200695876,0,0,6,0,1.282756305344,6,Typeb,Toyota,Food
2026-01-07 15:00:00,8.937273317849309,4.774799497942745,0.5342568508458423,0,0,6,0,1.282756305344,6,Typeb,Toyota,Food
2026-01-07 16:00:00,8.937273317849309,1.1464343701053894,0.12827563053440003,0,0,6,0,1.282756305344,6,Typeb,Toyota,Food
2026-01-07 17:00:00,8.937273317849309,3.9171610780742747,0.43829487347679236,0,0,6,0,1.282756305344,6,Typeb,Toyota,Food
2026-01-07 18:00:00,8.937273317849309,2.7011332191705644,0.30223236138207005,0,0,6,0,1.282756305344,6,Typeb,Toyota,Food
2026-01-07 19:00:00,0.0,0.0,0.0,1,1,6,100,1.282756305344,6,Typeb,Toyota,Food
2026-01-07 20:00:00,0.0,0.0,0.0,1,1,6,100,1.282756305344,6,Typeb,Toyota,Food
2026-01-07 21:00:00,0.0,0.0,0.0,1,1,6,100,1.282756305344,6,Typeb,Toyota,Food
2026-01-07 22:00:00,0.0,0.0,0.0,1,1,6,100,1.282756305344,6,Typeb,Toyota,Food
2026-01-07 23:00:00,0.0,0.0,0.0,1,1,6,100,1.282756305344,6,Typeb,Toyota,Food
2026-01-08 00:00:00,0.0,0.0,0.0,1,1,6,100,1.282756305344,6,Typeb,Toyota,Food
2026-01-08 01:00:00,0.0,0.0,0.0,1,1,6,100,1.282756305344,6,Typeb,Toyota,Food
2026-01-08 02:00:00,0.0,0.0,0.0,1,1,6,100,1.282756305344,6,Typeb,Toyota,Food
2026-01-08 03:00:00,0.0,0.0,0.0,1,1,6,100,1.282756305344,6,Typeb,Toyota,Food
2026-01-08 04:00:00,3.75,0.441219458304,0.11765852221440001,0,0,6,0,1.176585222144,6,Typeb,Toyota,Food
2026-01-08 05:00:00,3.75,0.441219458304,0.11765852221440001,0,0,6,0,1.176585222144,6,Typeb,Toyota,Food
2026-01-08 06:00:00,3.75,1.3143969210697164,0.35050584561859105,0,0,6,0,1.176585222144,6,Typeb,Toyota,Food
2026-01-08 07:00:00,3.75,1.2871965805292933,0.3432524214744782,0,0,6,0,1.176585222144,6,Typeb,Toyota,Food
2026-01-08 08:00:00,3.75,1.1205893770847428,0.29882383388926476,0,0,6,0,1.176585222144,6,Typeb,Toyota,Food
2026-01-08 09:00:00,3.75,0.6913875405037956,0.18437001080101215,0,0,6,0,1.176585222144,6,Typeb,Toyota,Food
2026-01-08 10:00:00,3.75,0.6593270016960305,0.17582053378560814,0,0,6,0,1.176585222144,6,Typeb,Toyota,Food
2026-01-08 11:00:00,3.75,0.9432119324588137,0.251523181989017,0,0,6,0,1.176585222144,6,Typeb,Toyota,Food
2026-01-08 12:00:00,0.0,0.0,0.0,1,1,6,100,1.176585222144,6,Typeb,Toyota,Food
2026-01-08 13:00:00,5.217391304347826,1.8586300933575919,0.3562374345602051,0,0,6,0,1.176585222144,6,Typeb,Toyota,Food
2026-01-08 14:00:00,5.217391304347826,1.891695034247708,0.362574881564144,0,0,6,0,1.176585222144,6,Typeb,Toyota,Food
2026-01-08 15:00:00,5.217391304347826,0.6138705506838261,0.11765852221440001,0,0,6,0,1.176585222144,6,Typeb,Toyota,Food
2026-01-08 16:00:00,5.217391304347826,1.773643655888327,0.3399483673785961,0,0,6,0,1.176585222144,6,Typeb,Toyota,Food
2026-01-08 17:00:00,5.217391304347826,0.6138705506838261,0.11765852221440001,0,0,6,0,1.176585222144,6,Typeb,Toyota,Food
2026-01-08 18:00:00,5.217391304347826,2.079721828346968,0.39861335043316887,0,0,6,0,1.176585222144,6,Typeb,Toyota,Food
2026-01-08 19:00:00,0.0,0.0,0.0,1,1,6,100,1.176585222144,6,Typeb,Toyota,Food
2026-01-08 20:00:00,0.0,0.0,0.0,1,1,6,100,1.176585222144,6,Typeb,Toyota,Food
2026-01-08 21:00:00,0.0,0.0,0.0,1,1,6,100,1.176585222144,6,Typeb,Toyota,Food
2026-01-08 22:00:00,0.0,0.0,0.0,1,1,6,100,1.176585222144,6,Typeb,Toyota,Food
2026-01-08 23:00:00,0.0,0.0,0.0,1,1,6,100,1.176585222144,6,Typeb,Toyota,Food
2026-01-09 00:00:00,0.0,0.0,0.0,1,1,6,100,1.176585222144,6,Typeb,Toyota,Food
2026-01-09 01:00:00,0.0,0.0,0.0,1,1,6,100,1.176585222144,6,Typeb,Toyota,Food
2026-01-09 02:00:00,0.0,0.0,0.0,1,1,6,100,1.176585222144,6,Typeb,Toyota,Food
2026-01-09 03:00:00,0.0,0.0,0.0,1,1,6,100,1.176585222144,6,Typeb,Toyota,Food
2026-01-09 04:00:00,0.0,0.0,0.0,1,1,6,100,1.176585222144,6,Typeb,Toyota,Food
2026-01-09 05:00:00,4.982340681979675,1.9961221200955113,0.4006394278326177,0,0,6,0,1.137342385344,6,Typeb,Toyota,Food
2026-01-09 06:00:00,4.982340681979675,1.971265740882502,0.3956505318900117,0,0,6,0,1.137342385344,6,Typeb,Toyota,Food
2026-01-09 07:00:00,4.982340681979675,2.3298819139249787,0.4676279810314431,0,0,6,0,1.137342385344,6,Typeb,Toyota,Food
2026-01-09 08:00:00,4.982340681979675,0.5666627235839216,0.1137342385344,0,0,6,0,1.137342385344,6,Typeb,Toyota,Food
2026-01-09 09:00:00,4.982340681979675,1.462130849352417,0.29346263988745475,0,0,6,0,1.137342385344,6,Typeb,Toyota,Food
2026-01-09 10:00:00,4.982340681979675,1.9772002254658168,0.3968416356225964,0,0,6,0,1.137342385344,6,Typeb,Toyota,Food
2026-01-09 11:00:00,4.982340681979675,1.7072168781154136,0.34265358133580515,0,0,6,0,1.137342385344,6,Typeb,Toyota,Food
2026-01-09 12:00:00,0.0,0.0,0.0,1,1,6,100,1.137342385344,6,Typeb,Toyota,Food
2026-01-09 13:00:00,5.154145533082422,2.4866814396214565,0.48246240306185206,0,0,6,0,1.137342385344,6,Typeb,Toyota,Food
2026-01-09 14:00:00,5.154145533082422,1.1645037029384133,0.22593535542679666,0,0,6,0,1.137342385344,6,Typeb,Toyota,Food
2026-01-09 15:00:00,5.154145533082422,1.84570143428479,0.3581003722999209,0,0,6,0,1.137342385344,6,Typeb,Toyota,Food
2026-01-09 16:00:00,5.154145533082422,1.6583105735393893,0.3217430635001184,0,0,6,0,1.137342385344,6,Typeb,Toyota,Food
2026-01-09 17:00:00,5.154145533082422,0.5862028175006084,0.1137342385344,0,0,6,0,1.137342385344,6,Typeb,Toyota,Food
2026-01-09 18:00:00,5.154145533082422,2.4327557817511765,0.47199982346953123,0,0,6,0,1.137342385344,6,Typeb,Toyota,Food
2026-01-09 19:00:00,5.154145533082422,1.8272743582268005,0.3545251771604525,0,0,6,0,1.137342385344,6,Typeb,Toyota,Food
2026-01-09 20:00:00,5.154145533082422,1.6790349911806166,0.32576398559248176,0,0,6,0,1.137342385344,6,Typeb,Toyota,Food
2026-01-09 21:00:00,0.0,0.0,0.0,1,1,6,100,1.137342385344,6,Typeb,Toyota,Food
2026-01-09 22:00:00,0.0,0.0,0.0,1,1,6,100,1.137342385344,6,Typeb,Toyota,Food
2026-01-09 23:00:00,0.0,0.0,0.0,1,1,6,100,1.137342385344,6,Typeb,Toyota,Food
2026-01-10 00:00:00,0.0,0.0,0.0,1,1,6,100,1.137342385344,6,Typeb,Toyota,Food
2026-01-10 01:00:00,0.0,0.0,0.0,1,1,6,100,1.137342385344,6,Typeb,Toyota,Food
2026-01-10 02:00:00,0.0,0.0,0.0,1,1,6,100,1.137342385344,6,Typeb,Toyota,Food
2026-01-10 03:00:00,0.0,0.0,0.0,1,1,6,100,1.137342385344,6,Typeb,Toyota,Food
2026-01-10 04:00:00,0.0,0.0,0.0,1,1,6,100,1.137342385344,6,Typeb,Toyota,Food
2026-01-10 05:00:00,0.0,0.0,0.0,1,1,6,100,1.137342385344,6,Typeb,Toyota,Food
2026-01-10 06:00:00,0.0,0.0,0.0,1,1,6,100,1.137342385344,6,Typeb,Toyota,Food
2026-01-10 07:00:00,0.0,0.0,0.0,1,1,6,100,1.137342385344,6,Typeb,Toyota,Food
2026-01-10 08:00:00,8.0,4.282596144,0.535324518,0,0,6,0,1.18961004,6,Typeb,Toyota,Food
2026-01-10 09:00:00,8.0,1.576002392548411,0.19700029906855138,0,0,6,0,1.18961004,6,Typeb,Toyota,Food
2026-01-10 10:00:00,8.0,0.9516880320000001,0.11896100400000001,0,0,6,0,1.18961004,6,Typeb,Toyota,Food
2026-01-10 11:00:00,8.0,3.1021739761593774,0.3877717470199222,0,0,6,0,1.18961004,6,Typeb,Toyota,Food
2026-01-10 12:00:00,0.0,0.0,0.0,1,1,6,100,1.18961004,6,Typeb,Toyota,Food
2026-01-10 13:00:00,4.615384615384615,0.7933569958747094,0.17189401577285374,0,0,6,0,1.18961004,6,Typeb,Toyota,Food
2026-01-10 14:00:00,4.615384615384615,1.3842812151242092,0.2999275966102454,0,0,6,0,1.18961004,6,Typeb,Toyota,Food
2026-01-10 15:00:00,4.615384615384615,1.9871863917468358,0.4305570515451478,0,0,6,0,1.18961004,6,Typeb,Toyota,Food
2026-01-10 16:00:00,4.615384615384615,1.9091516812413245,0.4136495309356204,0,0,6,0,1.18961004,6,Typeb,Toyota,Food
2026-01-10 17:00:00,4.615384615384615,0.8013120158958433,0.1736176034440994,0,0,6,0,1.18961004,6,Typeb,Toyota,Food
2026-01-10 18:00:00,4.615384615384615,2.13255058021849,0.46205262571400624,0,0,6,0,1.18961004,6,Typeb,Toyota,Food
2026-01-10 19:00:00,4.615384615384615,2.3846018217742144,0.5166637280510797,0,0,6,0,1.18961004,6,Typeb,Toyota,Food
2026-01-10 20:00:00,0.0,0.0,0.0,1,1,6,100,1.18961004,6,Typeb,Toyota,Food
2026-01-10 21:00:00,0.0,0.0,0.0,1,1,6,100,1.18961004,6,Typeb,Toyota,Food
2026-01-10 22:00:00,0.0,0.0,0.0,1,1,6,100,1.18961004,6,Typeb,Toyota,Food
2026-01-10 23:00:00,0.0,0.0,0.0,1,1,6,100,1.18961004,6,Typeb,Toyota,Food
2026-01-11 00:00:00,0.0,0.0,0.0,1,1,6,100,1.18961004,6,Typeb,Toyota,Food
2026-01-11 01:00:00,0.0,0.0,0.0,1,1,6,100,1.18961004,6,Typeb,Toyota,Food
2026-01-11 02:00:00,0.0,0.0,0.0,1,1,6,100,1.18961004,6,Typeb,Toyota,Food
2026-01-11 03:00:00,0.0,0.0,0.0,1,1,6,100,1.18961004,6,Typeb,Toyota,Food
2026-01-11 04:00:00,0.0,0.0,0.0,1,1,6,100,1.18961004,6,Typeb,Toyota,Food
2026-01-11 05:00:00,0.0,0.0,0.0,1,1,6,100,1.18961004,6,Typeb,Toyota,Food
2026-01-11 06:00:00,0.0,0.0,0.0,1,1,6,100,1.18961004,6,Typeb,Toyota,Food
2026-01-11 07:00:00,0.0,0.0,0.0,1,1,6,100,1.18961004,6,Typeb,Toyota,Food
2026-01-11 08:00:00,0.0,0.0,0.0,1,1,6,100,1.18961004,6,Typeb,Toyota,Food
2026-01-11 09:00:00,9.598270485303853,1.197671876079446,0.12477996717358934,0,0,6,0,1.122069513044,6,Typeb,Toyota,Food
2026-01-11 10:00:00,9.598270485303853,1.7459445573257215,0.1819019957813212,0,0,6,0,1.122069513044,6,Typeb,Toyota,Food
2026-01-11 11:00:00,9.598270485303853,3.644797215924269,0.3797347888356457,0,0,6,0,1.122069513044,6,Typeb,Toyota,Food
2026-01-11 12:00:00,0.0,0.0,0.0,1,1,6,100,1.122069513044,6,Typeb,Toyota,Food
2026-01-11 13:00:00,0.0,0.0,0.0,1,1,6,100,1.122069513044,6,Typeb,Toyota,Food
2026-01-11 14:00:00,5.671705286770458,0.8688281031598426,0.15318639795802305,0,0,6,0,1.122069513044,6,Typeb,Toyota,Food
2026-01-11 15:00:00,5.671705286770458,1.9625981480342147,0.3460331679454634,0,0,6,0,1.122069513044,6,Typeb,Toyota,Food
2026-01-11 16:00:00,5.671705286770458,2.4886889705711464,0.4387902482126743,0,0,6,0,1.122069513044,6,Typeb,Toyota,Food
2026-01-11 17:00:00,5.671705286770458,0.8155952331209896,0.14380070752678337,0,0,6,0,1.122069513044,6,Typeb,Toyota,Food
2026-01-11 18:00:00,5.671705286770458,1.2101554525792817,0.21336712529863477,0,0,6,0,1.122069513044,6,Typeb,Toyota,Food
2026-01-11 19:00:00,0.0,0.0,0.0,1,1,6,100,1.122069513044,6,Typeb,Toyota,Food
2026-01-11 20:00:00,0.0,0.0,0.0,1,1,6,100,1.122069513044,6,Typeb,Toyota,Food
2026-01-11 21:00:00,0.0,0.0,0.0,1,1,6,100,1.122069513044,6,Typeb,Toyota,Food
2026-01-11 22:00:00,0.0,0.0,0.0,1,1,6,100,1.122069513044,6,Typeb,Toyota,Food
2026-01-11 23:00:00,0.0,0.0,0.0,1,1,6,100,1.122069513044,6,Typeb,Toyota,Food
2026-01-12 00:00:00,0.0,0.0,0.0,1,1,6,100,1.122069513044,6,Typeb,Toyota,Food
2026-01-12 01:00:00,0.0,0.0,0.0,1,1,6,100,1.122069513044,6,Typeb,Toyota,Food
2026-01-12 02:00:00,0.0,0.0,0.0,1,1,6,100,1.122069513044,6,Typeb,Toyota,Food
2026-01-12 03:00:00,0.0,0.0,0.0,1,1,6,100,1.122069513044,6,Typeb,Toyota,Food
2026-01-12 04:00:00,0.0,0.0,0.0,1,1,6,100,1.122069513044,6,Typeb,Toyota,Food
2026-01-12 05:00:00,0.0,0.0,0.0,1,1,6,100,1.122069513044,6,Typeb,Toyota,Food
2026-01-12 06:00:00,6.990266726600046,3.158298670307116,0.45181375673246477,0,0,6,0,1.119889326784,6,Typeb,Toyota,Food
2026-01-12 07:00:00,6.990266726600046,3.5227462943217245,0.5039501970528,0,0,6,0,1.119889326784,6,Typeb,Toyota,Food
2026-01-12 08:00:00,6.990266726600046,0.7828325098492721,0.1119889326784,0,0,6,0,1.119889326784,6,Typeb,Toyota,Food
2026-01-12 09:00:00,6.990266726600046,1.0830093875968896,0.15493105341398725,0,0,6,0,1.119889326784,6,Typeb,Toyota,Food
2026-01-12 10:00:00,6.990266726600046,2.876726485802902,0.4115331500665205,0,0,6,0,1.119889326784,6,Typeb,Toyota,Food
2026-01-12 11:00:00,6.990266726600046,1.7163423441962726,0.24553316938037273,0,0,6,0,1.119889326784,6,Typeb,Toyota,Food
2026-01-12 12:00:00,0.0,0.0,0.0,1,1,6,100,1.119889326784,6,Typeb,Toyota,Food
2026-01-12 13:00:00,0.0,0.0,0.0,1,1,6,100,1.119889326784,6,Typeb,Toyota,Food
2026-01-12 14:00:00,7.65600641484767,2.537190220656331,0.3313986539687105,0,0,6,0,1.119889326784,6,Typeb,Toyota,Food
2026-01-12 15:00:00,7.65600641484767,2.886212187965164,0.37698664702889884,0,0,6,0,1.119889326784,6,Typeb,Toyota,Food
2026-01-12 16:00:00,7.65600641484767,3.0059829026511578,0.39263066666473884,0,0,6,0,1.119889326784,6,Typeb,Toyota,Food
2026-01-12 17:00:00,7.65600641484767,3.4822991086105546,0.4548453749799844,0,0,6,0,1.119889326784,6,Typeb,Toyota,Food
2026-01-12 18:00:00,7.65600641484767,2.2613527340683404,0.2953697543516666,0,0,6,0,1.119889326784,6,Typeb,Toyota,Food
2026-01-12 19:00:00,0.0,0.0,0.0,1,1,6,100,1.119889326784,6,Typeb,Toyota,Food
2026-01-12 20:00:00,0.0,0.0,0.0,1,1,6,100,1.119889326784,6,Typeb,Toyota,Food
2026-01-12 21:00:00,0.0,0.0,0.0,1,1,6,100,1.119889326784,6,Typeb,Toyota,Food
2026-01-12 22:00:00,0.0,0.0,0.0,1,1,6,100,1.119889326784,6,Typeb,Toyota,Food
2026-01-12 23:00:00,0.0,0.0,0.0,1,1,6,100,1.119889326784,6,Typeb,Toyota,Food
2026-01-13 00:00:00,0.0,0.0,0.0,1,1,6,100,1.119889326784,6,Typeb,Toyota,Food
2026-01-13 01:00:00,0.0,0.0,0.0,1,1,6,100,1.119889326784,6,Typeb,Toyota,Food
2026-01-13 02:00:00,0.0,0.0,0.0,1,1,6,100,1.119889326784,6,Typeb,Toyota,Food
2026-01-13 03:00:00,4.422454161424358,0.9728871708134982,0.21998807343209553,0,0,6,0,1.12425024,6,Typeb,Toyota,Food
2026-01-13 04:00:00,4.422454161424358,0.4971945152370334,0.11242502400000001,0,0,6,0,1.12425024,6,Typeb,Toyota,Food
2026-01-13 05:00:00,4.422454161424358,1.1255868504809297,0.2545163407908353,0,0,6,0,1.12425024,6,Typeb,Toyota,Food
2026-01-13 06:00:00,4.422454161424358,0.7127985917662713,0.16117715769307087,0,0,6,0,1.12425024,6,Typeb,Toyota,Food
2026-01-13 07:00:00,4.422454161424358,1.1682097677673124,0.2641541834299222,0,0,6,0,1.12425024,6,Typeb,Toyota,Food
2026-01-13 08:00:00,4.422454161424358,1.4683581259190162,0.332023368094356,0,0,6,0,1.12425024,6,Typeb,Toyota,Food
2026-01-13 09:00:00,4.422454161424358,2.2373753185666505,0.505912608,0,0,6,0,1.12425024,6,Typeb,Toyota,Food
2026-01-13 10:00:00,4.422454161424358,1.2853830071533359,0.29064925496917915,0,0,6,0,1.12425024,6,Typeb,Toyota,Food
2026-01-13 11:00:00,4.422454161424358,1.7182231855655798,0.3885225539595383,0,0,6,0,1.12425024,6,Typeb,Toyota,Food
2026-01-13 12:00:00,0.0,0.0,0.0,1,1,6,100,1.12425024,6,Typeb,Toyota,Food
2026-01-13 13:00:00,0.0,0.0,0.0,1,1,6,100,1.12425024,6,Typeb,Toyota,Food
2026-01-13 14:00:00,7.960417490563846,3.0531160322032975,0.38353717450402736,0,0,6,0,1.12425024,6,Typeb,Toyota,Food
2026-01-13 15:00:00,7.960417490563846,2.358527428160354,0.2962818760393051,0,0,6,0,1.12425024,6,Typeb,Toyota,Food
2026-01-13 16:00:00,7.960417490563846,3.5276700684976903,0.4431513890671356,0,0,6,0,1.12425024,6,Typeb,Toyota,Food
2026-01-13 17:00:00,7.960417490563846,4.0272755734199706,0.505912608,0,0,6,0,1.12425024,6,Typeb,Toyota,Food
2026-01-13 18:00:00,7.960417490563846,3.8354936651915885,0.48182066703638626,0,0,6,0,1.12425024,6,Typeb,Toyota,Food
2026-01-13 19:00:00,0.0,0.0,0.0,1,1,6,100,1.12425024,6,Typeb,Toyota,Food
2026-01-13 20:00:00,0.0,0.0,0.0,1,1,6,100,1.12425024,6,Typeb,Toyota,Food
2026-01-13 21:00:00,0.0,0.0,0.0,1,1,6,100,1.12425024,6,Typeb,Toyota,Food
2026-01-13 22:00:00,0.0,0.0,0.0,1,1,6,100,1.12425024,6,Typeb,Toyota,Food
2026-01-13 23:00:00,0.0,0.0,0.0,1,1,6,100,1.12425024,6,Typeb,Toyota,Food
2026-01-14 00:00:00,0.0,0.0,0.0,1,1,6,100,1.12425024,6,Typeb,Toyota,Food
2026-01-14 01:00:00,0.0,0.0,0.0,1,1,6,100,1.12425024,6,Typeb,Toyota,Food
2026-01-14 02:00:00,0.0,0.0,0.0,1,1,6,100,1.12425024,6,Typeb,Toyota,Food
2026-01-14 03:00:00,0.0,0.0,0.0,1,1,6,100,1.12425024,6,Typeb,Toyota,Food
2026-01-14 04:00:00,0.0,0.0,0.0,1,1,6,100,1.12425024,6,Typeb,Toyota,Food
2026-01-14 05:00:00,0.0,0.0,0.0,1,1,6,100,1.12425024,6,Typeb,Toyota,Food
2026-01-14 06:00:00,0.0,0.0,0.0,1,1,6,100,1.12425024,6,Typeb,Toyota,Food
2026-01-14 07:00:00,0.0,0.0,0.0,1,1,6,100,1.12425024,6,Typeb,Toyota,Food
2026-01-14 08:00:00,11.9204401290027,5.913894254050013,0.4961137500000001,0,0,6,0,1.102475,6,Typeb,Toyota,Food
2026-01-14 09:00:00,11.9204401290027,2.7402004621830676,0.22987410133591446,0,0,6,0,1.102475,6,Typeb,Toyota,Food
2026-01-14 10:00:00,11.9204401290027,3.535328795858403,0.2965770355455977,0,0,6,0,1.102475,6,Typeb,Toyota,Food
2026-01-14 11:00:00,11.9204401290027,3.944766821004004,0.33092459492383147,0,0,6,0,1.102475,6,Typeb,Toyota,Food
2026-01-14 12:00:00,11.9204401290027,3.235639337920078,0.2714362307854468,0,0,6,0,1.102475,6,Typeb,Toyota,Food
2026-01-14 13:00:00,9.437015102127136,2.6217030156777614,0.2778106199159118,0,0,6,0,1.102475,6,Typeb,Toyota,Food
2026-01-14 14:00:00,9.437015102127136,3.2360171759494487,0.3429068557090726,0,0,6,0,1.102475,6,Typeb,Toyota,Food
2026-01-14 15:00:00,9.437015102127136,1.7922711229328412,0.18991928099477737,0,0,6,0,1.102475,6,Typeb,Toyota,Food
2026-01-14 16:00:00,9.437015102127136,3.0648467914989235,0.32476866449096775,0,0,6,0,1.102475,6,Typeb,Toyota,Food
2026-01-14 17:00:00,9.437015102127136,2.7429524387207995,0.2906589010440948,0,0,6,0,1.102475,6,Typeb,Toyota,Food
2026-01-14 18:00:00,9.437015102127136,3.7765619626277234,0.40018606749675256,0,0,6,0,1.102475,6,Typeb,Toyota,Food
2026-01-14 19:00:00,0.0,0.0,0.0,1,1,6,100,1.102475,6,Typeb,Toyota,Food
2026-01-14 20:00:00,0.0,0.0,0.0,1,1,6,100,1.102475,6,Typeb,Toyota,Food
2026-01-14 21:00:00,0.0,0.0,0.0,1,1,6,100,1.102475,6,Typeb,Toyota,Food
2026-01-14 22:00:00,0.0,0.0,0.0,1,1,6,100,1.102475,6,Typeb,Toyota,Food
2026-01-14 23:00:00,0.0,0.0,0.0,1,1,6,100,1.102475,6,Typeb,Toyota,Food
